close,bid,ask,bid_volume,ask_volume,volume
4500.992761845492,4500.867761845492,4501.117761845492,862,883,873
4500.2481397660995,4499.9981397660995,4500.4981397660995,1034,1387,1211
4500.854336093838,4500.604336093838,4501.104336093838,2512,1295,1904
4500.837830912783,4500.712830912783,4500.962830912783,2606,1171,1889
4499.475657185731,4499.350657185731,4499.600657185731,834,847,841
4495.888641278364,4495.638641278364,4496.138641278364,708,1097,903
4494.050838614079,4493.925838614079,4494.175838614079,2152,799,1476
4491.425684941267,4491.300684941267,4491.550684941267,1080,2059,1570
4493.663402657316,4493.538402657316,4493.788402657316,496,1483,990
4495.264093353421,4495.139093353421,4495.389093353421,1460,505,983
4497.046585408967,4496.796585408967,4497.296585408967,1425,956,1191
4495.626481888368,4495.501481888368,4495.751481888368,601,1528,1065
4494.488724222207,4494.238724222207,4494.738724222207,729,1618,1174
4492.1720964404785,4491.7970964404785,4492.5470964404785,692,1571,1132
4494.718409938804,4494.593409938804,4494.843409938804,1668,2107,1888
4495.778561667959,4495.653561667959,4495.903561667959,2086,867,1477
4495.022514996291,4494.897514996291,4495.147514996291,940,1923,1432
4494.7963831203,4494.5463831203,4495.0463831203,1165,1528,1347
4496.485503038821,4496.360503038821,4496.610503038821,1298,1315,1307
4495.021239916629,4494.896239916629,4495.146239916629,2644,1047,1846
4498.834997395365,4498.709997395365,4498.959997395365,1104,2279,1692
4498.583720357829,4498.458720357829,4498.708720357829,919,1220,1070
4500.784590287885,4500.659590287885,4500.909590287885,1745,1508,1627
4502.27343186681,4502.14843186681,4502.39843186681,504,1315,910
4501.8055030712085,4501.5555030712085,4502.0555030712085,1217,2178,1698
4498.761875561782,4498.636875561782,4498.886875561782,2219,834,1527
4500.724808232092,4500.599808232092,4500.849808232092,1894,1113,1504
4500.269969083986,4499.894969083986,4500.644969083986,1560,679,1120
4502.073146072499,4501.823146072499,4502.323146072499,2076,1709,1893
4504.298287166779,4504.173287166779,4504.423287166779,1080,2627,1854
4502.584941489303,4502.459941489303,4502.709941489303,723,1342,1033
4500.983905067949,4500.858905067949,4501.108905067949,1426,1001,1214
4503.141961580683,4502.891961580683,4503.391961580683,574,1333,954
4501.278434950887,4501.153434950887,4501.403434950887,1799,938,1369
4502.102287071721,4501.727287071721,4502.477287071721,631,1252,942
4504.963035460662,4504.838035460662,4505.088035460662,2151,1322,1737
4505.367422278264,4504.992422278264,4505.742422278264,619,1714,1167
4506.214741769194,4506.089741769194,4506.339741769194,2426,1223,1825
4504.232762543882,4504.107762543882,4504.357762543882,1341,1088,1215
4505.748485874746,4505.498485874746,4505.998485874746,928,2121,1525
4507.93793805868,4507.68793805868,4508.18793805868,1144,489,817
4509.5056410240695,4509.2556410240695,4509.7556410240695,1794,1649,1722
4508.083952804381,4507.958952804381,4508.208952804381,1127,2570,1849
4507.171395182507,4507.046395182507,4507.296395182507,1487,1214,1351
4511.844465480191,4511.594465480191,4512.094465480191,1117,936,1027
4513.445714252851,4513.195714252851,4513.695714252851,858,925,892
4516.766061691215,4516.641061691215,4516.891061691215,1228,1847,1538
4521.64623075306,4521.39623075306,4521.89623075306,1266,1987,1627
4524.0212282112325,4523.7712282112325,4524.2712282112325,615,1306,961
4520.070436748523,4519.945436748523,4520.195436748523,1198,749,974
4525.117707439754,4524.992707439754,4525.242707439754,1237,666,952
4525.039191893372,4524.914191893372,4525.164191893372,1302,2521,1912
4525.515548325914,4525.265548325914,4525.765548325914,1953,690,1322
4526.299597855565,4526.049597855565,4526.549597855565,752,1547,1150
4525.727244024337,4525.477244024337,4525.977244024337,1667,2302,1985
4526.310756494306,4526.185756494306,4526.435756494306,1725,1738,1732
4527.09696981189,4526.84696981189,4527.34696981189,2605,1078,1842
4527.213739372144,4526.838739372144,4527.588739372144,925,2636,1781
4528.099309544468,4527.724309544468,4528.474309544468,574,1653,1114
4527.214757711006,4527.089757711006,4527.339757711006,2380,1047,1714
4524.961118582425,4524.836118582425,4525.086118582425,1053,2154,1604
4527.012938372219,4526.887938372219,4527.137938372219,1380,2617,1999
4528.285074999666,4528.160074999666,4528.410074999666,1100,1277,1189
4528.674507751196,4528.549507751196,4528.799507751196,2092,1527,1810
4524.3384205674365,4524.2134205674365,4524.4634205674365,841,1642,1242
4523.731995934799,4523.606995934799,4523.856995934799,1696,1205,1451
4520.968163261976,4520.843163261976,4521.093163261976,1106,1255,1181
4519.7579373499975,4519.5079373499975,4520.0079373499975,1538,2305,1922
4522.553156653088,4522.428156653088,4522.678156653088,490,1301,896
4523.247883111424,4522.997883111424,4523.497883111424,1067,2870,1969
4522.419781853058,4522.169781853058,4522.669781853058,1501,1716,1609
4522.226059070558,4521.851059070558,4522.601059070558,705,2080,1393
4526.598542151055,4526.473542151055,4526.723542151055,846,1981,1414
4523.066666990705,4522.941666990705,4523.191666990705,987,2768,1878
4522.216992159844,4522.091992159844,4522.341992159844,1731,1634,1683
4522.29532572168,4522.17032572168,4522.42032572168,741,1172,957
4522.224960853196,4522.099960853196,4522.349960853196,804,1959,1382
4523.316611240968,4523.191611240968,4523.441611240968,1297,814,1056
4525.187662569851,4525.062662569851,4525.312662569851,1070,561,816
4525.754411350899,4525.629411350899,4525.879411350899,1354,519,937
4527.731912460835,4527.606912460835,4527.856912460835,1226,737,982
4527.763908322183,4527.513908322183,4528.013908322183,1492,867,1180
4530.9253667579715,4530.6753667579715,4531.1753667579715,1309,2310,1810
4529.548918239865,4529.423918239865,4529.673918239865,1484,2129,1807
4525.93573842638,4525.68573842638,4526.18573842638,2438,1221,1830
4525.753202481084,4525.503202481084,4526.003202481084,1151,1186,1169
4522.356942862441,4522.231942862441,4522.481942862441,1770,2027,1899
4525.038122650289,4524.913122650289,4525.163122650289,1614,2071,1843
4530.188868151515,4530.063868151515,4530.313868151515,1522,803,1163
4530.801106105455,4530.551106105455,4531.051106105455,796,931,864
4531.237702139424,4530.862702139424,4531.612702139424,483,1420,952
4533.235660066261,4533.110660066261,4533.360660066261,733,1516,1125
4536.273986610433,4536.148986610433,4536.398986610433,926,1177,1052
4535.695424894973,4535.570424894973,4535.820424894973,1302,2423,1863
4534.842918781241,4534.592918781241,4535.092918781241,1733,622,1178
4532.1241828661905,4531.9991828661905,4532.2491828661905,1217,896,1057
4530.450147769242,4530.325147769242,4530.575147769242,926,2463,1695
4533.34110776654,4533.21610776654,4533.46610776654,2392,1175,1784
4531.771455140056,4531.646455140056,4531.896455140056,2537,1000,1769
4533.097718307468,4532.847718307468,4533.347718307468,776,1319,1048
4534.980874334176,4534.730874334176,4535.230874334176,1357,2574,1966
4534.3877356280445,4534.1377356280445,4534.6377356280445,1139,2096,1618
4532.010856839233,4531.760856839233,4532.260856839233,1257,1336,1297
4535.334983408786,4535.209983408786,4535.459983408786,1376,2313,1845
4538.187876028817,4538.062876028817,4538.312876028817,1597,1830,1714
4535.603627047774,4535.353627047774,4535.853627047774,836,1139,988
4535.1868063636475,4535.0618063636475,4535.3118063636475,2405,854,1630
4537.941337623173,4537.816337623173,4538.066337623173,1542,1197,1370
4536.473158227344,4536.348158227344,4536.598158227344,1082,2461,1772
4537.558976811523,4537.308976811523,4537.808976811523,1042,2845,1944
4536.240707961253,4535.990707961253,4536.490707961253,909,1534,1222
4535.000855748395,4534.875855748395,4535.125855748395,662,1577,1120
4537.928774655656,4537.803774655656,4538.053774655656,896,1477,1187
4536.267164167734,4536.017164167734,4536.517164167734,1613,920,1267
4539.985116712447,4539.860116712447,4540.110116712447,2132,1505,1819
4537.169997617646,4537.044997617646,4537.294997617646,1278,1889,1584
4540.47073622128,4540.34573622128,4540.59573622128,1445,1662,1554
4537.487955547881,4537.362955547881,4537.612955547881,978,1279,1129
4537.300785593265,4536.925785593265,4537.675785593265,1767,2116,1942
4541.144788664139,4541.019788664139,4541.269788664139,1995,848,1422
4544.19631565697,4544.07131565697,4544.32131565697,924,873,899
4544.790559241019,4544.540559241019,4545.040559241019,1099,974,1037
4541.974239081657,4541.849239081657,4542.099239081657,708,1435,1072
4539.394111034988,4539.019111034988,4539.769111034988,1810,1795,1803
4539.295459176264,4539.170459176264,4539.420459176264,2255,1194,1725
4540.0935926376505,4539.9685926376505,4540.2185926376505,775,1016,896
4538.11089348579,4537.86089348579,4538.36089348579,1135,1798,1467
4536.442046698621,4536.192046698621,4536.692046698621,2064,1885,1975
4540.873217612786,4540.623217612786,4541.123217612786,2681,1276,1979
4537.602350579028,4537.227350579028,4537.977350579028,1407,532,970
4537.5592476162365,4537.1842476162365,4537.9342476162365,2226,1759,1993
4539.636684254773,4539.386684254773,4539.886684254773,2086,777,1432
4537.182942957278,4537.057942957278,4537.307942957278,1583,1632,1608
4536.716038769384,4536.466038769384,4536.966038769384,2870,1067,1969
4536.347800070618,4536.222800070618,4536.472800070618,2185,1110,1648
4539.813374495054,4539.688374495054,4539.938374495054,1454,2361,1908
4537.482737582368,4537.232737582368,4537.732737582368,978,1591,1285
4538.520958424386,4538.395958424386,4538.645958424386,2732,989,1861
4538.647914430571,4538.397914430571,4538.897914430571,1934,785,1360
4538.805938228626,4538.555938228626,4539.055938228626,855,1968,1412
4539.233736441784,4539.108736441784,4539.358736441784,1079,2798,1939
4541.257768410476,4541.132768410476,4541.382768410476,1548,1805,1677
4538.329786621088,4538.079786621088,4538.579786621088,1810,1991,1901
4539.832900398176,4539.707900398176,4539.957900398176,1434,2221,1828
4537.274730293606,4537.024730293606,4537.524730293606,1178,555,867
4540.3687338407635,4540.2437338407635,4540.4937338407635,1805,662,1234
4541.023029359594,4540.898029359594,4541.148029359594,1911,762,1337
4539.226788135413,4538.976788135413,4539.476788135413,499,1448,974
4542.662570162217,4542.537570162217,4542.787570162217,884,2223,1554
4541.411251030358,4541.286251030358,4541.536251030358,936,1493,1215
4538.754159244919,4538.629159244919,4538.879159244919,919,2564,1742
4541.459451590234,4541.334451590234,4541.584451590234,1551,1312,1432
4540.915370218182,4540.790370218182,4541.040370218182,2332,1233,1783
4542.569269371937,4542.319269371937,4542.819269371937,1012,1775,1394
4544.606673931569,4544.231673931569,4544.981673931569,1114,1897,1506
4542.36119243913,4542.23619243913,4542.48619243913,1482,2469,1976
4540.01346329144,4539.88846329144,4540.13846329144,512,1401,957
4540.21311155368,4540.08811155368,4540.33811155368,1412,1923,1668
4539.62895490916,4539.37895490916,4539.87895490916,1658,1561,1610
4540.274107419542,4540.149107419542,4540.399107419542,1455,1628,1542
4539.796957240204,4539.671957240204,4539.921957240204,2105,1360,1733
4535.634487506412,4535.384487506412,4535.884487506412,1269,1802,1536
4536.5142930212305,4536.3892930212305,4536.6392930212305,1296,1633,1465
4536.265840198035,4536.140840198035,4536.390840198035,1393,1578,1486
4538.620560494195,4538.370560494195,4538.870560494195,1548,1933,1741
4539.405859547997,4539.155859547997,4539.655859547997,719,1996,1358
4538.010735079651,4537.635735079651,4538.385735079651,978,2633,1806
4539.092664314666,4538.967664314666,4539.217664314666,1180,2817,1999
4541.536404599618,4541.411404599618,4541.661404599618,979,1668,1324
4540.415044314457,4540.290044314457,4540.540044314457,1591,670,1131
4538.564325429307,4538.189325429307,4538.939325429307,708,1703,1206
4543.840883893382,4543.590883893382,4544.090883893382,1365,1142,1254
4542.650266475176,4542.525266475176,4542.775266475176,2847,976,1912
4545.359059658139,4545.234059658139,4545.484059658139,1797,1562,1680
4546.283148659958,4546.033148659958,4546.533148659958,996,731,864
4547.3022362562715,4547.1772362562715,4547.4272362562715,1506,539,1023
4549.464272467712,4549.339272467712,4549.589272467712,1862,1977,1920
4547.879967425244,4547.754967425244,4548.004967425244,1561,1090,1326
4551.3230430475005,4551.0730430475005,4551.5730430475005,1771,1192,1482
4550.373457695422,4550.248457695422,4550.498457695422,1575,1434,1505
4550.7139754938935,4550.5889754938935,4550.8389754938935,950,2501,1726
4550.284394668128,4550.159394668128,4550.409394668128,1129,1234,1182
4551.32722752282,4551.07722752282,4551.57722752282,1697,1346,1522
4548.7031428343325,4548.5781428343325,4548.8281428343325,1908,1851,1880
4550.570255439259,4550.320255439259,4550.820255439259,1126,1859,1493
4550.090672731079,4549.965672731079,4550.215672731079,1877,1332,1605
4546.841288877886,4546.716288877886,4546.966288877886,760,2275,1518
4548.5874248660975,4548.3374248660975,4548.8374248660975,1909,1190,1550
4547.799193405909,4547.424193405909,4548.174193405909,762,921,842
4546.5658611406025,4546.3158611406025,4546.8158611406025,1485,1468,1477
4545.002490890758,4544.877490890758,4545.127490890758,1731,1148,1440
4546.540528345242,4546.415528345242,4546.665528345242,478,1177,828
4548.154434683588,4548.029434683588,4548.279434683588,1906,1179,1543
4550.6948836501315,4550.5698836501315,4550.8198836501315,1377,2382,1880
4551.43606290657,4551.31106290657,4551.56106290657,1549,1342,1446
4547.529565947139,4547.404565947139,4547.654565947139,1288,1281,1285
4549.482912339838,4549.357912339838,4549.607912339838,1173,1982,1578
4548.737652276746,4548.487652276746,4548.987652276746,2498,1407,1953
4550.842261457518,4550.592261457518,4551.092261457518,2130,1717,1924
4545.395177955261,4545.145177955261,4545.645177955261,583,1150,867
4531.980041249946,4531.605041249946,4532.355041249946,1202,2439,1821
4536.5858577773,4536.4608577773,4536.7108577773,1672,1275,1474
4540.2678285146585,4540.1428285146585,4540.3928285146585,1204,1959,1582
4542.088039759718,4541.838039759718,4542.338039759718,1340,2113,1727
4542.904213974192,4542.654213974192,4543.154213974192,1599,1782,1691
4548.460973783606,4548.335973783606,4548.585973783606,1141,534,838
4545.739230516443,4545.489230516443,4545.989230516443,2203,1230,1717
4547.4138874306545,4547.1638874306545,4547.6638874306545,1663,860,1262
4551.774262729307,4551.524262729307,4552.024262729307,2389,1072,1731
4543.70569660535,4543.58069660535,4543.83069660535,1332,451,892
4542.759726818829,4542.509726818829,4543.009726818829,1339,992,1166
4543.074044645735,4542.949044645735,4543.199044645735,1824,1051,1438
4552.004728180558,4551.879728180558,4552.129728180558,841,948,895
4559.515466679012,4559.390466679012,4559.640466679012,1995,694,1345
4550.5281824871745,4550.4031824871745,4550.6531824871745,2567,976,1772
4555.061426372061,4554.936426372061,4555.186426372061,1698,1535,1617
4556.140074672005,4555.890074672005,4556.390074672005,1759,1122,1441
4558.553620509409,4558.303620509409,4558.803620509409,2204,1247,1726
4567.575307270334,4567.450307270334,4567.700307270334,1264,2537,1901
4564.204698696962,4564.079698696962,4564.329698696962,2377,1030,1704
4565.732926822469,4565.607926822469,4565.857926822469,1897,1824,1861
4556.478358703029,4556.353358703029,4556.603358703029,1708,1045,1377
4553.358982854757,4553.108982854757,4553.608982854757,889,830,860
4540.791775937878,4540.666775937878,4540.916775937878,1204,1011,1108
4540.796224555085,4540.671224555085,4540.921224555085,1544,1689,1617
4536.388274415952,4536.263274415952,4536.513274415952,566,1429,998
4542.580488583085,4542.455488583085,4542.705488583085,597,1770,1184
4544.182939149428,4544.057939149428,4544.307939149428,2167,1680,1924
4537.060238428216,4536.935238428216,4537.185238428216,574,1067,821
4537.854408995172,4537.604408995172,4538.104408995172,1278,1083,1181
4533.038814183431,4532.913814183431,4533.163814183431,587,1730,1159
4533.536528362651,4533.286528362651,4533.786528362651,2410,1271,1841
4530.21850903868,4530.09350903868,4530.34350903868,1645,990,1318
4529.222651992018,4528.972651992018,4529.472651992018,964,1789,1377
4528.822993039865,4528.572993039865,4529.072993039865,1596,779,1188
4523.228462815267,4522.978462815267,4523.478462815267,1687,1376,1532
4520.901496987104,4520.776496987104,4521.026496987104,1284,1455,1370
4505.793933071236,4505.668933071236,4505.918933071236,841,1234,1038
4509.307518429069,4509.057518429069,4509.557518429069,2212,1361,1787
4514.0327809784,4513.9077809784,4514.1577809784,1183,1104,1144
4518.046196217327,4517.921196217327,4518.171196217327,1963,1168,1566
4514.0152604125615,4513.8902604125615,4514.1402604125615,1068,2873,1971
4518.1434895168995,4518.0184895168995,4518.2684895168995,600,1395,998
4524.7643587874545,4524.6393587874545,4524.8893587874545,1191,2192,1692
4527.5928569736925,4527.4678569736925,4527.7178569736925,1210,923,1067
4526.633914281508,4526.383914281508,4526.883914281508,694,979,837
4521.205234632617,4520.955234632617,4521.455234632617,1274,661,968
4528.174028438843,4527.924028438843,4528.424028438843,802,965,884
4522.3804419249,4522.2554419249,4522.5054419249,1677,2254,1966
4519.879989392592,4519.754989392592,4520.004989392592,843,804,824
4519.4389010255345,4519.3139010255345,4519.5639010255345,1416,2125,1771
4514.307816222631,4514.182816222631,4514.432816222631,1238,441,840
4514.1852808042195,4513.9352808042195,4514.4352808042195,1151,1550,1351
4519.238615297786,4518.863615297786,4519.613615297786,838,1923,1381
4512.419184359885,4512.169184359885,4512.669184359885,1079,1862,1471
4510.479178102351,4510.229178102351,4510.729178102351,1468,1643,1556
4511.83301955684,4511.58301955684,4512.08301955684,1119,1168,1144
4513.33049491375,4513.20549491375,4513.45549491375,1660,1311,1486
4513.664500217521,4513.539500217521,4513.789500217521,1070,699,885
4509.830641012447,4509.705641012447,4509.955641012447,1362,903,1133
4511.526396979159,4511.401396979159,4511.651396979159,1908,923,1416
4522.076099780795,4521.826099780795,4522.326099780795,1990,703,1347
4518.316688280678,4518.066688280678,4518.566688280678,1626,701,1164
4526.563971973209,4526.188971973209,4526.938971973209,1219,982,1101
4529.687438164855,4529.437438164855,4529.937438164855,1121,2580,1851
4523.365067471843,4523.240067471843,4523.490067471843,1461,2342,1902
4524.894845931437,4524.769845931437,4525.019845931437,1515,1354,1435
4522.862635542899,4522.487635542899,4523.237635542899,808,1495,1152
4520.7047387248,4520.5797387248,4520.8297387248,1159,1382,1271
4519.869742733691,4519.619742733691,4520.119742733691,793,1282,1038
4522.173385884428,4522.048385884428,4522.298385884428,1398,509,954
4521.170873884112,4521.045873884112,4521.295873884112,1878,1639,1759
4520.399335908432,4520.274335908432,4520.524335908432,2233,856,1545
4524.270979414548,4524.145979414548,4524.395979414548,922,2705,1814
4524.787088606095,4524.662088606095,4524.912088606095,475,1238,857
4527.5804859078125,4527.3304859078125,4527.8304859078125,1328,1329,1329
4520.487907731589,4520.237907731589,4520.737907731589,781,1140,961
4521.35385260337,4521.10385260337,4521.60385260337,1354,775,1065
4527.231889825011,4527.106889825011,4527.356889825011,641,984,813
4528.556036701923,4528.431036701923,4528.681036701923,2548,1437,1993
4528.148872330732,4527.773872330732,4528.523872330732,2283,900,1592
4533.039723039955,4532.914723039955,4533.164723039955,1617,790,1204
4530.464201819407,4530.089201819407,4530.839201819407,1127,1394,1261
4525.603855940612,4525.228855940612,4525.978855940612,688,1017,853
4524.4462347777435,4524.3212347777435,4524.5712347777435,1445,1440,1443
4528.457011990233,4528.332011990233,4528.582011990233,629,1440,1035
4521.967363107478,4521.842363107478,4522.092363107478,1182,925,1054
4521.256021961543,4521.131021961543,4521.381021961543,1250,1077,1164
4519.5317742084535,4519.4067742084535,4519.6567742084535,941,896,919
4522.807988785366,4522.682988785366,4522.932988785366,1288,2433,1861
4526.297916888424,4526.172916888424,4526.422916888424,829,1014,922
4527.839164362111,4527.714164362111,4527.964164362111,1540,1515,1528
4530.923614759477,4530.798614759477,4531.048614759477,2538,1313,1926
4526.944440302702,4526.694440302702,4527.194440302702,2720,1187,1954
4522.732827913826,4522.607827913826,4522.857827913826,1274,701,988
4513.761226451396,4513.636226451396,4513.886226451396,1893,1790,1842
4507.190584162128,4507.065584162128,4507.315584162128,1433,826,1130
4504.027043625113,4503.902043625113,4504.152043625113,1756,1637,1697
4509.746527100168,4509.496527100168,4509.996527100168,1442,1595,1519
4514.934768355485,4514.809768355485,4515.059768355485,1882,1655,1769
4512.553048577771,4512.428048577771,4512.678048577771,923,1306,1115
4520.833777617668,4520.708777617668,4520.958777617668,1464,2295,1880
4523.847330640119,4523.597330640119,4524.097330640119,2466,897,1682
4525.018862106282,4524.643862106282,4525.393862106282,1232,2385,1809
4531.031556575343,4530.906556575343,4531.156556575343,1495,1678,1587
4534.8616138301595,4534.7366138301595,4534.9866138301595,896,935,916
4533.284442420063,4533.159442420063,4533.409442420063,1676,1949,1813
4529.5869119450435,4529.3369119450435,4529.8369119450435,1503,1448,1476
4522.948337012092,4522.698337012092,4523.198337012092,922,913,918
4522.091476283932,4521.966476283932,4522.216476283932,2085,1400,1743
4515.633985555672,4515.508985555672,4515.758985555672,1569,542,1056
4520.952237960072,4520.702237960072,4521.202237960072,1215,1560,1388
4507.505237009559,4507.380237009559,4507.630237009559,1777,926,1352
4504.128839724323,4503.878839724323,4504.378839724323,1110,573,842
4500.9403654384105,4500.5653654384105,4501.3153654384105,1357,1564,1461
4495.647228424234,4495.522228424234,4495.772228424234,2067,842,1455
4497.329955660176,4497.204955660176,4497.454955660176,2527,1434,1981
4508.025503465797,4507.900503465797,4508.150503465797,2549,1170,1860
4509.71255373395,4509.58755373395,4509.83755373395,1212,1953,1583
4499.5040379189095,4499.2540379189095,4499.7540379189095,933,1696,1315
4501.097430012603,4500.847430012603,4501.347430012603,2519,1168,1844
4501.271337427195,4501.021337427195,4501.521337427195,1135,826,981
4499.511569326489,4499.261569326489,4499.761569326489,975,2352,1664
4498.491733384825,4498.366733384825,4498.616733384825,1778,875,1327
4496.18406403407,4495.93406403407,4496.43406403407,2750,1127,1939
4486.98987101276,4486.86487101276,4487.11487101276,1622,1003,1313
4483.974018170313,4483.849018170313,4484.099018170313,1569,1422,1496
4482.025025404346,4481.900025404346,4482.150025404346,752,943,848
4484.211889005922,4484.086889005922,4484.336889005922,1419,1838,1629
4486.059659811128,4485.809659811128,4486.309659811128,2547,1096,1822
4486.245975599417,4486.120975599417,4486.370975599417,1189,1490,1340
4487.369576375906,4487.119576375906,4487.619576375906,2078,1369,1724
4483.7353161769615,4483.4853161769615,4483.9853161769615,1486,717,1102
4488.257048922914,4488.007048922914,4488.507048922914,1528,2095,1812
4483.498563698233,4483.248563698233,4483.748563698233,1562,603,1083
4470.311002806294,4470.061002806294,4470.561002806294,2174,1039,1607
4473.9129053743945,4473.5379053743945,4474.2879053743945,844,787,816
4478.120853505697,4477.745853505697,4478.495853505697,1975,1740,1858
4480.5756736493595,4480.4506736493595,4480.7006736493595,1585,1198,1392
4486.5553974757995,4486.4303974757995,4486.6803974757995,1624,631,1128
4487.142900883466,4486.892900883466,4487.392900883466,1996,959,1478
4497.654020329319,4497.529020329319,4497.779020329319,658,1961,1310
4503.419148235482,4503.044148235482,4503.794148235482,1028,1091,1060
4507.562620987496,4507.187620987496,4507.937620987496,1680,1165,1423
4511.291452111468,4511.166452111468,4511.416452111468,1122,1257,1190
4512.203536042838,4511.828536042838,4512.578536042838,2446,1067,1757
4503.904520145515,4503.779520145515,4504.029520145515,781,1336,1059
4503.741627440711,4503.366627440711,4504.116627440711,1236,933,1085
4509.229174917052,4509.104174917052,4509.354174917052,1149,626,888
4510.058797417527,4509.808797417527,4510.308797417527,1914,769,1342
4503.638341573793,4503.263341573793,4504.013341573793,1693,636,1165
4507.385747496196,4507.135747496196,4507.635747496196,1068,1885,1477
4505.462929418253,4505.212929418253,4505.712929418253,910,775,843
4508.430244472234,4508.180244472234,4508.680244472234,1453,660,1057
4511.966765383277,4511.716765383277,4512.216765383277,590,1767,1179
4518.16869592077,4517.91869592077,4518.41869592077,1028,1635,1332
4513.273636101905,4513.148636101905,4513.398636101905,1501,2196,1849
4517.49797715225,4517.24797715225,4517.74797715225,2203,1042,1623
4515.721150384355,4515.346150384355,4516.096150384355,1413,1156,1285
4513.6943650599305,4513.5693650599305,4513.8193650599305,1168,1907,1538
4514.663095482525,4514.538095482525,4514.788095482525,1531,934,1233
4518.127607927454,4518.002607927454,4518.252607927454,1020,1303,1162
4517.1346264127105,4517.0096264127105,4517.2596264127105,791,2074,1433
4516.44901481305,4516.32401481305,4516.57401481305,833,2098,1466
4520.212194672069,4519.962194672069,4520.462194672069,480,1303,892
4526.207140434507,4526.082140434507,4526.332140434507,1846,683,1265
4531.706609479114,4531.456609479114,4531.956609479114,658,1627,1143
4532.848682484448,4532.598682484448,4533.098682484448,1331,874,1103
4544.406374317465,4544.156374317465,4544.656374317465,763,2284,1524
4548.402425352089,4548.152425352089,4548.652425352089,1804,1273,1539
4553.026672744913,4552.776672744913,4553.276672744913,1871,2012,1942
4539.527532988504,4539.402532988504,4539.652532988504,550,1365,958
4534.318640583621,4534.193640583621,4534.443640583621,1295,452,874
4528.248531124132,4528.123531124132,4528.373531124132,899,1684,1292
4528.6008342060995,4528.4758342060995,4528.7258342060995,2213,796,1505
4531.9251848416825,4531.5501848416825,4532.3001848416825,1159,874,1017
4528.204467985746,4527.954467985746,4528.454467985746,912,2601,1757
4530.288606888888,4530.038606888888,4530.538606888888,1418,1093,1256
4538.527370079911,4538.402370079911,4538.652370079911,1753,1014,1384
4537.93002077175,4537.80502077175,4538.05502077175,714,1921,1318
4532.714689617782,4532.339689617782,4533.089689617782,846,1187,1017
4523.092615336201,4522.842615336201,4523.342615336201,1665,1250,1458
4530.468975334593,4530.093975334593,4530.843975334593,1129,558,844
4534.267829681003,4534.017829681003,4534.517829681003,1093,1898,1496
4536.654963941084,4536.404963941084,4536.904963941084,1074,2351,1713
4542.069427399717,4541.944427399717,4542.194427399717,1343,732,1038
4544.082843418179,4543.832843418179,4544.332843418179,776,1735,1256
4542.244771900979,4542.119771900979,4542.369771900979,1707,760,1234
4547.812980610147,4547.687980610147,4547.937980610147,990,2399,1695
4542.363382006788,4542.113382006788,4542.613382006788,1407,766,1087
4538.479064457707,4538.104064457707,4538.854064457707,1539,1922,1731
4535.308446845924,4535.183446845924,4535.433446845924,1038,687,863
4522.509457095509,4522.259457095509,4522.759457095509,1264,2717,1991
4525.584627812139,4525.459627812139,4525.709627812139,2082,1401,1742
4515.873165982178,4515.748165982178,4515.998165982178,1531,2242,1887
4515.222221168029,4515.097221168029,4515.347221168029,710,945,828
4517.463374230278,4517.338374230278,4517.588374230278,1910,1213,1562
4512.982872124219,4512.857872124219,4513.107872124219,2634,969,1802
4512.976400901796,4512.851400901796,4513.101400901796,419,1254,837
4511.861827507514,4511.736827507514,4511.986827507514,1136,2731,1934
4509.499122799822,4509.374122799822,4509.624122799822,1206,1483,1345
4501.107759726353,4500.982759726353,4501.232759726353,1337,2268,1803
4494.185190711742,4494.060190711742,4494.310190711742,912,1081,997
4497.846387716584,4497.721387716584,4497.971387716584,1232,1603,1418
4503.369301413479,4503.244301413479,4503.494301413479,1108,1603,1356
4507.5565933075095,4507.1815933075095,4507.9315933075095,699,1076,888
4513.268341000866,4513.018341000866,4513.518341000866,2026,1171,1599
4507.6951372512995,4507.5701372512995,4507.8201372512995,693,1912,1303
4508.807396282681,4508.682396282681,4508.932396282681,2276,1047,1662
4511.147447854223,4510.897447854223,4511.397447854223,1781,1888,1835
4505.892412502634,4505.767412502634,4506.017412502634,1660,1517,1589
4500.091492864232,4499.966492864232,4500.216492864232,1266,2395,1831
4499.2613533755475,4499.1363533755475,4499.3863533755475,1838,1999,1919
4505.002442673973,4504.877442673973,4505.127442673973,1996,1897,1947
4501.521354396996,4501.396354396996,4501.646354396996,836,1739,1288
4500.714088886696,4500.464088886696,4500.964088886696,2330,865,1598
4499.100979041409,4498.725979041409,4499.475979041409,1629,1834,1732
4501.71457552199,4501.58957552199,4501.83957552199,891,1286,1089
4503.665166522317,4503.415166522317,4503.915166522317,1767,636,1202
4508.633468830008,4508.508468830008,4508.758468830008,1135,1672,1404
4504.881569459064,4504.756569459064,4505.006569459064,751,944,848
4503.064222236552,4502.814222236552,4503.314222236552,1689,1476,1583
4512.040293907318,4511.790293907318,4512.290293907318,1183,1394,1289
4510.465636938801,4510.340636938801,4510.590636938801,1330,2549,1940
4502.715152155833,4502.590152155833,4502.840152155833,1127,2206,1667
4503.3473183452925,4503.0973183452925,4503.5973183452925,1787,1330,1559
4503.94203748018,4503.56703748018,4504.31703748018,928,905,917
4504.640440090692,4504.515440090692,4504.765440090692,1113,1174,1144
4505.057624423434,4504.932624423434,4505.182624423434,2839,990,1915
4510.965782751422,4510.715782751422,4511.215782751422,2251,962,1607
4516.416550713275,4516.291550713275,4516.541550713275,964,759,862
4514.0575823963945,4513.9325823963945,4514.1825823963945,1349,1282,1316
4514.739009839181,4514.489009839181,4514.989009839181,1604,761,1183
4516.904763104125,4516.654763104125,4517.154763104125,1680,1323,1502
4520.99205042904,4520.86705042904,4521.11705042904,1686,1899,1793
4522.2377870796545,4521.9877870796545,4522.4877870796545,1564,2017,1791
4522.376677297676,4522.126677297676,4522.626677297676,1676,745,1211
4524.956959985511,4524.831959985511,4525.081959985511,800,1687,1244
4528.101643523937,4527.851643523937,4528.351643523937,1349,452,901
4532.81458636421,4532.56458636421,4533.06458636421,913,1970,1442
4535.3157586453135,4535.1907586453135,4535.4407586453135,563,1620,1092
4533.635701925671,4533.510701925671,4533.760701925671,1359,2422,1891
4533.524045344186,4533.399045344186,4533.649045344186,1092,2255,1674
4530.669964955935,4530.419964955935,4530.919964955935,1321,1188,1255
4524.25658610974,4523.88158610974,4524.63158610974,684,1575,1130
4521.933892204045,4521.808892204045,4522.058892204045,772,1725,1249
4524.325952607924,4524.200952607924,4524.450952607924,903,700,802
4520.879391972334,4520.629391972334,4521.129391972334,879,1524,1202
4516.488798198568,4516.363798198568,4516.613798198568,1424,827,1126
4515.014187538591,4514.889187538591,4515.139187538591,1020,1587,1304
4510.047473208746,4509.922473208746,4510.172473208746,1538,1719,1629
4511.349173989567,4511.099173989567,4511.599173989567,2664,909,1787
4504.874697353252,4504.749697353252,4504.999697353252,1234,1889,1562
4513.948738971977,4513.698738971977,4514.198738971977,1302,1533,1418
4515.122833143511,4514.997833143511,4515.247833143511,852,1903,1378
4514.974406191348,4514.849406191348,4515.099406191348,1127,1000,1064
4511.878481689834,4511.753481689834,4512.003481689834,1121,1802,1462
4511.298856725607,4511.048856725607,4511.548856725607,1396,2493,1945
4513.039526673245,4512.914526673245,4513.164526673245,1046,2017,1532
4508.66926797877,4508.54426797877,4508.79426797877,1477,1388,1433
4508.289996890761,4508.164996890761,4508.414996890761,663,1522,1093
4515.08281903904,4514.95781903904,4515.20781903904,1659,914,1287
4518.373341888656,4517.998341888656,4518.748341888656,1046,1197,1122
4516.022394552645,4515.772394552645,4516.272394552645,1237,412,825
4519.563985069439,4519.188985069439,4519.938985069439,977,2524,1751
4525.280504444527,4525.155504444527,4525.405504444527,1235,830,1033
4528.266203599297,4528.141203599297,4528.391203599297,2417,1092,1755
4525.598133664362,4525.223133664362,4525.973133664362,1709,2046,1878
4519.102249307343,4518.977249307343,4519.227249307343,1345,618,982
4524.626044604372,4524.376044604372,4524.876044604372,674,1585,1130
4527.972844386572,4527.722844386572,4528.222844386572,1129,2422,1776
4528.674030311696,4528.549030311696,4528.799030311696,1066,979,1023
4525.7957993562695,4525.6707993562695,4525.9207993562695,1954,1445,1700
4524.139739707319,4523.889739707319,4524.389739707319,1734,1713,1724
4523.220539764267,4522.970539764267,4523.470539764267,1827,738,1283
4522.733692586793,4522.608692586793,4522.858692586793,870,2331,1601
4522.41599139066,4522.29099139066,4522.54099139066,1059,1080,1070
4520.1026638294215,4519.9776638294215,4520.2276638294215,1041,1814,1428
4522.551204044182,4522.426204044182,4522.676204044182,1385,1200,1293
4524.413621748218,4524.288621748218,4524.538621748218,603,1298,951
4523.164746675073,4523.039746675073,4523.289746675073,985,2728,1857
4524.23346000352,4523.85846000352,4524.60846000352,1358,2225,1792
4518.3914342006965,4518.2664342006965,4518.5164342006965,1101,1872,1487
4517.8833915310415,4517.7583915310415,4518.0083915310415,1025,2752,1889
4516.144039200668,4515.769039200668,4516.519039200668,513,1328,921
4513.606774388548,4513.356774388548,4513.856774388548,1934,1027,1481
4514.176917897105,4514.051917897105,4514.301917897105,1093,514,804
4513.304600366718,4513.054600366718,4513.554600366718,1399,1720,1560
4505.460677851744,4505.210677851744,4505.710677851744,736,1149,943
4506.768941287325,4506.518941287325,4507.018941287325,1879,1042,1461
4505.629308460823,4505.379308460823,4505.879308460823,1070,775,923
4509.860010650688,4509.735010650688,4509.985010650688,1017,996,1007
4512.746919186959,4512.496919186959,4512.996919186959,1046,2379,1713
4516.895891203757,4516.645891203757,4517.145891203757,1744,1467,1606
4514.912314517377,4514.787314517377,4515.037314517377,1277,1150,1214
4512.350249123647,4512.225249123647,4512.475249123647,1096,659,878
4516.515358858425,4516.265358858425,4516.765358858425,1783,1502,1643
4515.462624899372,4515.337624899372,4515.587624899372,1126,1295,1211
4522.648099579697,4522.273099579697,4523.023099579697,972,2117,1545
4526.32084239036,4526.07084239036,4526.57084239036,2889,1030,1960
4521.362541921262,4521.237541921262,4521.487541921262,2494,1427,1961
4517.390029654531,4517.265029654531,4517.515029654531,1359,2404,1882
4520.105291586322,4519.980291586322,4520.230291586322,2503,1452,1978
4520.870253999784,4520.745253999784,4520.995253999784,508,1231,870
4521.795587312618,4521.545587312618,4522.045587312618,1316,2165,1741
4526.2415996629525,4525.8665996629525,4526.6165996629525,1060,1809,1435
4522.735900604967,4522.610900604967,4522.860900604967,1193,716,955
4526.175653499976,4526.050653499976,4526.300653499976,1859,1930,1895
4529.134379729895,4528.884379729895,4529.384379729895,633,1232,933
4530.687116911439,4530.437116911439,4530.937116911439,2512,1277,1895
4528.8188301779,4528.5688301779,4529.0688301779,999,1316,1158
4523.5151577436,4523.2651577436,4523.7651577436,807,930,869
4529.585931763935,4529.335931763935,4529.835931763935,1160,681,921
4526.027233929161,4525.902233929161,4526.152233929161,1306,1199,1253
4524.751840327116,4524.501840327116,4525.001840327116,1059,2886,1973
4518.462732604257,4518.337732604257,4518.587732604257,1227,2136,1682
4522.067232265501,4521.942232265501,4522.192232265501,839,1630,1235
4516.7789641753525,4516.5289641753525,4517.0289641753525,1607,1704,1656
4508.925511991677,4508.675511991677,4509.175511991677,1560,601,1081
4506.215577404748,4505.965577404748,4506.465577404748,799,1490,1145
4510.146547440955,4510.021547440955,4510.271547440955,1562,1927,1745
4508.836258418068,4508.711258418068,4508.961258418068,791,2136,1464
4510.391164325873,4510.266164325873,4510.516164325873,2300,1433,1867
4506.928435278745,4506.803435278745,4507.053435278745,997,1232,1115
4504.729151035042,4504.479151035042,4504.979151035042,1183,738,961
4504.376122009714,4504.126122009714,4504.626122009714,839,1846,1343
4504.077451016906,4503.952451016906,4504.202451016906,1582,2013,1798
4502.560606032727,4502.435606032727,4502.685606032727,1821,638,1230
4500.307663747711,4500.057663747711,4500.557663747711,1880,971,1426
4505.19981297329,4505.07481297329,4505.32481297329,1001,1728,1365
4507.020741814713,4506.645741814713,4507.395741814713,1620,1289,1455
4503.990144557548,4503.615144557548,4504.365144557548,2253,1338,1796
4498.659963815141,4498.534963815141,4498.784963815141,1403,2138,1771
4493.670969140073,4493.545969140073,4493.795969140073,1617,720,1169
4488.572691907277,4488.447691907277,4488.697691907277,1394,791,1093
4490.453085098462,4490.328085098462,4490.578085098462,1572,1951,1762
4487.333134131068,4486.958134131068,4487.708134131068,1130,873,1002
4484.584977691529,4484.334977691529,4484.834977691529,1066,1279,1173
4487.63410903075,4487.50910903075,4487.75910903075,609,1538,1074
4485.742035667796,4485.492035667796,4485.992035667796,1910,1829,1870
4488.859636580522,4488.734636580522,4488.984636580522,697,974,836
4484.737196849484,4484.612196849484,4484.862196849484,1515,656,1086
4485.329675635026,4485.204675635026,4485.454675635026,1139,1066,1103
4486.996576271411,4486.746576271411,4487.246576271411,1381,800,1091
4491.116183133697,4490.866183133697,4491.366183133697,1489,1940,1715
4496.857732911516,4496.732732911516,4496.982732911516,1342,817,1080
4493.05871691357,4492.93371691357,4493.18371691357,1353,2550,1952
4496.078929848537,4495.953929848537,4496.203929848537,851,1418,1135
4503.098387824159,4502.973387824159,4503.223387824159,1081,1870,1476
4503.100770649933,4502.850770649933,4503.350770649933,969,1002,986
4503.270698256215,4503.145698256215,4503.395698256215,1780,1521,1651
4502.955619766493,4502.830619766493,4503.080619766493,941,1328,1135
4497.6792053784675,4497.3042053784675,4498.0542053784675,916,1499,1208
4501.074495643028,4500.949495643028,4501.199495643028,935,1110,1023
4503.2645128654285,4503.1395128654285,4503.3895128654285,887,2406,1647
4504.321138512697,4504.196138512697,4504.446138512697,1200,511,856
4495.907846129042,4495.657846129042,4496.157846129042,1293,706,1000
4500.517736926483,4500.267736926483,4500.767736926483,1209,2254,1732
4501.051414005101,4500.926414005101,4501.176414005101,1606,1337,1472
4500.581846655097,4500.331846655097,4500.831846655097,862,2395,1629
4500.415127835748,4500.290127835748,4500.540127835748,946,695,821
4496.502437952974,4496.377437952974,4496.627437952974,504,1403,954
4496.145575125756,4495.895575125756,4496.395575125756,1054,1957,1506
4498.875456031993,4498.625456031993,4499.125456031993,942,1511,1227
4497.347525178439,4497.222525178439,4497.472525178439,1965,1516,1741
4493.629234296967,4493.504234296967,4493.754234296967,2528,909,1719
4493.945992183018,4493.820992183018,4494.070992183018,1926,1739,1833
4486.918162453165,4486.543162453165,4487.293162453165,2488,987,1738
4482.72879249352,4482.47879249352,4482.97879249352,1653,1100,1377
4482.662758975229,4482.412758975229,4482.912758975229,2029,1088,1559
4480.124238241808,4479.999238241808,4480.249238241808,1625,1006,1316
4480.014257857773,4479.639257857773,4480.389257857773,1003,2724,1864
4484.351144137257,4484.226144137257,4484.476144137257,988,795,892
4485.835840808163,4485.585840808163,4486.085840808163,2031,1622,1827
4483.760118061897,4483.635118061897,4483.885118061897,1866,1269,1568
4482.693645800623,4482.318645800623,4483.068645800623,1272,2609,1941
4484.474522599594,4484.349522599594,4484.599522599594,1583,898,1241
4487.05644979181,4486.93144979181,4487.18144979181,1166,2469,1818
4487.718230302376,4487.593230302376,4487.843230302376,1877,672,1275
4495.663528454317,4495.538528454317,4495.788528454317,979,650,815
4490.40567806446,4490.03067806446,4490.78067806446,1414,1719,1567
4491.984740377441,4491.859740377441,4492.109740377441,584,1263,924
4488.993612719308,4488.743612719308,4489.243612719308,1539,1256,1398
4490.802744429607,4490.677744429607,4490.927744429607,2449,958,1704
4492.7206328967295,4492.4706328967295,4492.9706328967295,886,777,832
4490.197014872073,4489.947014872073,4490.447014872073,731,1310,1021
4489.851156613965,4489.726156613965,4489.976156613965,1009,838,924
4492.628567757044,4492.503567757044,4492.753567757044,950,1803,1377
4498.5844943362,4498.2094943362,4498.9594943362,909,1284,1097
4494.466993243191,4494.091993243191,4494.841993243191,1347,2044,1696
4493.411485322634,4493.036485322634,4493.786485322634,706,1987,1347
4495.91338050778,4495.78838050778,4496.03838050778,2612,969,1791
4494.987507712046,4494.862507712046,4495.112507712046,1087,1370,1229
4493.801333681971,4493.426333681971,4494.176333681971,1502,1609,1556
4488.791558545679,4488.541558545679,4489.041558545679,1093,606,850
4489.653802769709,4489.528802769709,4489.778802769709,1167,1274,1221
4490.981460515655,4490.856460515655,4491.106460515655,1195,1048,1122
4489.088180307627,4488.963180307627,4489.213180307627,500,1261,881
4490.180259029282,4489.805259029282,4490.555259029282,987,2276,1632
4494.9277407764475,4494.6777407764475,4495.1777407764475,1426,855,1141
4493.032703983654,4492.907703983654,4493.157703983654,2271,1330,1801
4482.1256395088185,4482.0006395088185,4482.2506395088185,1416,779,1098
4484.792768163684,4484.542768163684,4485.042768163684,960,979,970
4485.835016233002,4485.585016233002,4486.085016233002,845,1062,954
4488.307766677139,4488.182766677139,4488.432766677139,2180,939,1560
4491.115235698378,4490.865235698378,4491.365235698378,1842,1757,1800
4495.30337553335,4495.17837553335,4495.42837553335,1744,1713,1729
4493.016556155194,4492.891556155194,4493.141556155194,771,1292,1032
4488.4796271843925,4488.2296271843925,4488.7296271843925,1608,1737,1673
4489.614621255326,4489.364621255326,4489.864621255326,1025,896,961
4484.369900954623,4484.244900954623,4484.494900954623,1770,807,1289
4484.448711486375,4484.323711486375,4484.573711486375,1405,958,1182
4486.552399725585,4486.427399725585,4486.677399725585,546,1295,921
4480.937848892611,4480.812848892611,4481.062848892611,809,1868,1339
4475.640955354513,4475.390955354513,4475.890955354513,1016,2085,1551
4473.699759205869,4473.574759205869,4473.824759205869,2670,1151,1911
4476.476394405319,4476.226394405319,4476.726394405319,1986,1111,1549
4475.764213501506,4475.639213501506,4475.889213501506,1776,1009,1393
4476.368401029047,4476.243401029047,4476.493401029047,1585,2316,1951
4472.123179678869,4471.998179678869,4472.248179678869,2443,1056,1750
4468.5581797854675,4468.1831797854675,4468.9331797854675,2146,1097,1622
4467.193278033074,4467.068278033074,4467.318278033074,1466,557,1012
4469.2005010869225,4468.9505010869225,4469.4505010869225,748,1183,966
4469.502680573273,4469.252680573273,4469.752680573273,971,1616,1294
4472.635847515062,4472.510847515062,4472.760847515062,1134,663,899
4477.407070146514,4477.157070146514,4477.657070146514,2486,1095,1791
4477.6580722237995,4477.4080722237995,4477.9080722237995,2062,1011,1537
4470.557006283107,4470.432006283107,4470.682006283107,1370,1011,1191
4471.412391522349,4471.287391522349,4471.537391522349,1149,1590,1370
4466.634648070574,4466.384648070574,4466.884648070574,1309,1276,1293
4472.622259607692,4472.497259607692,4472.747259607692,1297,1064,1181
4472.073299456905,4471.823299456905,4472.323299456905,990,1823,1407
4474.287205798811,4474.037205798811,4474.537205798811,2147,1712,1930
4470.534212959636,4470.284212959636,4470.784212959636,888,1869,1379
4472.623886993752,4472.498886993752,4472.748886993752,1298,467,883
4471.386254601895,4471.136254601895,4471.636254601895,882,1749,1316
4470.428421646079,4470.178421646079,4470.678421646079,1156,1119,1138
4465.44079079008,4465.31579079008,4465.56579079008,1566,1347,1457
4464.959204083296,4464.584204083296,4465.334204083296,897,2532,1715
4467.149453586614,4467.024453586614,4467.274453586614,1358,2125,1742
4476.615296000882,4476.490296000882,4476.740296000882,1063,546,805
4476.568665303475,4476.443665303475,4476.693665303475,773,1450,1112
4476.219122231102,4476.094122231102,4476.344122231102,778,1487,1133
4480.956150173574,4480.706150173574,4481.206150173574,1819,1248,1534
4479.033394704456,4478.908394704456,4479.158394704456,832,1975,1404
4478.372512772552,4478.122512772552,4478.622512772552,2281,1052,1667
4471.305030262598,4471.055030262598,4471.555030262598,1462,1957,1710
4467.707569680949,4467.457569680949,4467.957569680949,1098,2875,1987
4470.579060701195,4470.454060701195,4470.704060701195,688,979,834
4463.514473149513,4463.389473149513,4463.639473149513,1655,2150,1903
4463.953676930832,4463.828676930832,4464.078676930832,1267,2294,1781
4472.094653581816,4471.969653581816,4472.219653581816,1095,2004,1550
4477.227939234688,4476.977939234688,4477.477939234688,992,921,957
4477.280794277099,4477.155794277099,4477.405794277099,1337,1266,1302
4477.706391502497,4477.456391502497,4477.956391502497,689,1950,1320
4476.032550616307,4475.782550616307,4476.282550616307,592,1275,934
4477.178659857462,4477.053659857462,4477.303659857462,770,947,859
4478.145111257974,4478.020111257974,4478.270111257974,2278,1629,1954
4474.506125987085,4474.381125987085,4474.631125987085,808,2217,1513
4471.217819309295,4471.092819309295,4471.342819309295,2105,922,1514
4473.847051420996,4473.722051420996,4473.972051420996,1467,2136,1802
4472.366754572136,4472.241754572136,4472.491754572136,1101,1422,1262
4475.055975195435,4474.930975195435,4475.180975195435,2782,1099,1941
4477.141216944135,4477.016216944135,4477.266216944135,981,2198,1590
4480.196709302834,4480.071709302834,4480.321709302834,1743,1346,1545
4476.665919792553,4476.540919792553,4476.790919792553,1464,1063,1264
4474.282911190661,4474.157911190661,4474.407911190661,663,1346,1005
4474.049505936213,4473.924505936213,4474.174505936213,1601,1178,1390
4469.767781688511,4469.642781688511,4469.892781688511,1717,1122,1420
4467.32289064042,4467.07289064042,4467.57289064042,1205,792,999
4465.717911879611,4465.592911879611,4465.842911879611,932,2603,1768
4469.606348956014,4469.481348956014,4469.731348956014,1432,2071,1752
4468.380823388394,4468.255823388394,4468.505823388394,1885,874,1380
4465.523191680275,4465.398191680275,4465.648191680275,1158,1453,1306
4457.689632983765,4457.564632983765,4457.814632983765,1319,2014,1667
4453.503555726615,4453.128555726615,4453.878555726615,2020,1925,1973
4459.784247225051,4459.659247225051,4459.909247225051,938,783,861
4461.766845990994,4461.641845990994,4461.891845990994,1384,1963,1674
4463.391042938751,4463.266042938751,4463.516042938751,1845,712,1279
4468.782123175726,4468.532123175726,4469.032123175726,889,1088,989
4470.56413419052,4470.31413419052,4470.81413419052,2066,1851,1959
4470.666023690877,4470.541023690877,4470.791023690877,1956,1049,1503
4464.543002801953,4464.418002801953,4464.668002801953,1703,686,1195
4466.681690178841,4466.431690178841,4466.931690178841,543,1502,1023
4465.569255107247,4465.319255107247,4465.819255107247,907,1314,1111
4464.884594758763,4464.634594758763,4465.134594758763,1348,719,1034
4465.681493439372,4465.556493439372,4465.806493439372,795,1296,1046
4458.844321394244,4458.594321394244,4459.094321394244,967,1094,1031
4458.927093626036,4458.677093626036,4459.177093626036,859,2012,1436
4463.163038442623,4463.038038442623,4463.288038442623,1007,1576,1292
4460.632201552359,4460.507201552359,4460.757201552359,1854,1971,1913
4460.778879139299,4460.528879139299,4461.028879139299,2279,1620,1950
4464.047784292734,4463.922784292734,4464.172784292734,2468,1325,1897
4462.502897837967,4462.252897837967,4462.752897837967,2470,1029,1750
4460.954349441759,4460.704349441759,4461.204349441759,1666,899,1283
4457.303695793757,4457.053695793757,4457.553695793757,1552,2033,1793
4459.871726070382,4459.746726070382,4459.996726070382,2160,1823,1992
4454.010399325006,4453.885399325006,4454.135399325006,2239,1102,1671
4459.269912756785,4459.144912756785,4459.394912756785,1505,934,1220
4464.686599692511,4464.436599692511,4464.936599692511,700,1147,924
4467.907454423787,4467.782454423787,4468.032454423787,669,1730,1200
4464.136937233628,4463.761937233628,4464.511937233628,748,1835,1292
4461.695274909481,4461.445274909481,4461.945274909481,720,1611,1166
4461.043147513359,4460.918147513359,4461.168147513359,975,748,862
4461.617808637538,4461.367808637538,4461.867808637538,1068,615,842
4453.568892929288,4453.443892929288,4453.693892929288,1148,1803,1476
4447.685756687771,4447.435756687771,4447.935756687771,1439,1628,1534
4449.93805720688,4449.68805720688,4450.18805720688,1504,981,1243
4445.0868748242165,4444.7118748242165,4445.4618748242165,873,1930,1402
4442.468339876483,4442.343339876483,4442.593339876483,2333,1608,1971
4443.656609517008,4443.531609517008,4443.781609517008,1702,1485,1594
4446.402221071497,4446.152221071497,4446.652221071497,1040,1161,1101
4446.547212839723,4446.297212839723,4446.797212839723,2006,1347,1677
4441.997790574232,4441.622790574232,4442.372790574232,1054,985,1020
4437.929393352178,4437.804393352178,4438.054393352178,1020,853,937
4436.447390649872,4436.322390649872,4436.572390649872,1208,1065,1137
4432.27914420264,4432.15414420264,4432.40414420264,647,1846,1247
4435.942083498866,4435.817083498866,4436.067083498866,1674,567,1121
4435.97434929952,4435.84934929952,4436.09934929952,2210,1377,1794
4432.689954581608,4432.564954581608,4432.814954581608,1105,2498,1802
4431.943296211914,4431.693296211914,4432.193296211914,1852,1323,1588
4434.091401633537,4433.716401633537,4434.466401633537,1740,1007,1374
4433.586787733951,4433.336787733951,4433.836787733951,1290,1089,1190
4444.71183813929,4444.58683813929,4444.83683813929,2093,1142,1618
4443.7189037845055,4443.5939037845055,4443.8439037845055,2170,1603,1887
4440.847460349858,4440.722460349858,4440.972460349858,2073,1702,1888
4445.04355721979,4444.79355721979,4445.29355721979,591,1170,881
4442.088614464939,4441.838614464939,4442.338614464939,1488,1173,1331
4446.372865112146,4446.247865112146,4446.497865112146,2630,1229,1930
4443.886851823705,4443.761851823705,4444.011851823705,2816,1175,1996
4449.748452649205,4449.623452649205,4449.873452649205,1627,1676,1652
4454.283850034396,4454.158850034396,4454.408850034396,1214,875,1045
4453.843731781295,4453.718731781295,4453.968731781295,2124,1489,1807
4447.844969625458,4447.719969625458,4447.969969625458,2144,1289,1717
4448.972699610725,4448.722699610725,4449.222699610725,1774,1935,1855
4447.707968748203,4447.582968748203,4447.832968748203,1255,2342,1799
4452.127645066817,4452.002645066817,4452.252645066817,1524,1847,1686
4454.115000080476,4453.990000080476,4454.240000080476,1358,1669,1514
4446.079623395016,4445.829623395016,4446.329623395016,1237,1970,1604
4442.884602365785,4442.759602365785,4443.009602365785,1331,1872,1602
4444.8831799238005,4444.6331799238005,4445.1331799238005,1724,753,1239
4451.942688325837,4451.817688325837,4452.067688325837,1865,1900,1883
4450.489628537976,4450.114628537976,4450.864628537976,1393,1446,1420
4448.425751811485,4448.050751811485,4448.800751811485,2086,981,1534
4450.3772147049185,4450.2522147049185,4450.5022147049185,940,1265,1103
4453.310881901545,4453.185881901545,4453.435881901545,1290,1493,1392
4451.606235383793,4451.231235383793,4451.981235383793,1053,1544,1299
4455.87589878837,4455.75089878837,4456.00089878837,1691,1678,1685
4450.138358331688,4450.013358331688,4450.263358331688,1024,1607,1316
4456.028316702722,4455.903316702722,4456.153316702722,1149,612,881
4459.940002206789,4459.815002206789,4460.065002206789,1764,1899,1832
4459.304341979728,4459.179341979728,4459.429341979728,2082,961,1522
4461.0658088576465,4460.9408088576465,4461.1908088576465,1674,1765,1720
4466.94151978255,4466.81651978255,4467.06651978255,1362,1013,1188
4471.529319436887,4471.404319436887,4471.654319436887,1596,2251,1924
4472.792859485604,4472.667859485604,4472.917859485604,1352,2069,1711
4472.735004306464,4472.610004306464,4472.860004306464,1126,821,974
4477.874743578387,4477.749743578387,4477.999743578387,730,1621,1176
4478.728725378223,4478.603725378223,4478.853725378223,2093,1032,1563
4470.000512323145,4469.750512323145,4470.250512323145,1732,1393,1563
4476.067811403293,4475.942811403293,4476.192811403293,1337,772,1055
4475.841034059046,4475.716034059046,4475.966034059046,2711,1126,1919
4477.156332726924,4477.031332726924,4477.281332726924,2283,976,1630
4478.287467334153,4478.162467334153,4478.412467334153,735,1134,935
4478.94588192926,4478.82088192926,4479.07088192926,1317,2586,1952
4479.748069054117,4479.623069054117,4479.873069054117,806,1685,1246
4486.137328528299,4486.012328528299,4486.262328528299,1360,839,1100
4483.154659886987,4483.029659886987,4483.279659886987,1469,1102,1286
4480.476519116846,4480.226519116846,4480.726519116846,1026,2957,1992
4481.6028830298455,4481.4778830298455,4481.7278830298455,2287,1198,1743
4484.012282736312,4483.762282736312,4484.262282736312,1012,1331,1172
4489.8614939869885,4489.7364939869885,4489.9864939869885,666,1133,900
4490.823162782236,4490.573162782236,4491.073162782236,1410,883,1147
4493.843412991095,4493.718412991095,4493.968412991095,971,1368,1170
4497.429051871461,4497.054051871461,4497.804051871461,1215,922,1069
4504.60872420464,4504.48372420464,4504.73372420464,1807,1618,1713
4502.208519949714,4502.083519949714,4502.333519949714,951,730,841
4505.505218007551,4505.255218007551,4505.755218007551,903,930,917
4507.568220059588,4507.443220059588,4507.693220059588,1863,1804,1834
4512.991566594484,4512.741566594484,4513.241566594484,2322,829,1576
4514.8491270333925,4514.7241270333925,4514.9741270333925,590,1743,1167
4517.230193917789,4517.105193917789,4517.355193917789,796,1067,932
4520.16417932578,4520.03917932578,4520.28917932578,1191,2136,1664
4522.542955696319,4522.292955696319,4522.792955696319,1302,671,987
4520.400414136415,4520.275414136415,4520.525414136415,498,1289,894
4520.13747146578,4520.01247146578,4520.26247146578,825,1488,1157
4516.440027600846,4516.315027600846,4516.565027600846,1598,941,1270
4518.217284807793,4518.092284807793,4518.342284807793,966,2793,1880
4513.292152388236,4513.167152388236,4513.417152388236,1280,2623,1952
4506.767041668161,4506.642041668161,4506.892041668161,1734,961,1348
4504.535359773557,4504.410359773557,4504.660359773557,1314,2297,1806
4507.67075854942,4507.54575854942,4507.79575854942,1125,1450,1288
4506.839976964998,4506.714976964998,4506.964976964998,2429,938,1684
4507.519433775253,4507.394433775253,4507.644433775253,1320,765,1043
4513.505216862078,4513.255216862078,4513.755216862078,1821,1108,1465
4511.309152086943,4511.184152086943,4511.434152086943,681,1148,915
4509.673960578518,4509.423960578518,4509.923960578518,1108,2667,1888
4516.508332650717,4516.383332650717,4516.633332650717,1236,793,1015
4514.994189410944,4514.744189410944,4515.244189410944,1264,1533,1399
4515.792400261703,4515.667400261703,4515.917400261703,1817,2172,1995
4519.649761239904,4519.399761239904,4519.899761239904,1035,2186,1611
4534.306387698137,4534.056387698137,4534.556387698137,1190,803,997
4523.056192592509,4522.931192592509,4523.181192592509,772,2069,1421
4528.847942301352,4528.722942301352,4528.972942301352,1855,2074,1965
4531.495980879538,4531.370980879538,4531.620980879538,1432,2017,1725
4528.521554921913,4528.271554921913,4528.771554921913,2187,1792,1990
4528.79601533902,4528.54601533902,4529.04601533902,1159,1102,1131
4527.477712588433,4527.352712588433,4527.602712588433,1414,775,1095
4526.80767183361,4526.55767183361,4527.05767183361,1999,1132,1566
4521.374326673202,4521.124326673202,4521.624326673202,669,1160,915
4530.6992806871995,4530.5742806871995,4530.8242806871995,1463,1722,1593
4531.372366407195,4531.122366407195,4531.622366407195,940,895,918
4525.596468213415,4525.471468213415,4525.721468213415,1314,2631,1973
4526.529246473782,4526.404246473782,4526.654246473782,1452,825,1139
4523.415093629565,4523.165093629565,4523.665093629565,1666,1393,1530
4529.4678502954375,4529.3428502954375,4529.5928502954375,791,1448,1120
4540.339434550009,4540.214434550009,4540.464434550009,2123,1114,1619
4543.774653490363,4543.649653490363,4543.899653490363,748,1385,1067
4533.95800656793,4533.70800656793,4534.20800656793,504,1113,809
4526.606917946269,4526.481917946269,4526.731917946269,2314,855,1585
4528.970630547769,4528.845630547769,4529.095630547769,2112,1699,1906
4528.62461738651,4528.24961738651,4528.99961738651,1670,967,1319
4525.3132703775545,4525.1882703775545,4525.4382703775545,1944,1381,1663
4517.885418307118,4517.760418307118,4518.010418307118,1218,605,912
4507.998426168281,4507.873426168281,4508.123426168281,668,1103,886
4510.537316433433,4510.412316433433,4510.662316433433,1617,1006,1312
4514.61600007017,4514.49100007017,4514.74100007017,812,1489,1151
4513.258977077307,4513.133977077307,4513.383977077307,1382,1555,1469
4511.133395033289,4511.008395033289,4511.258395033289,1267,1404,1336
4510.0125146684495,4509.8875146684495,4510.1375146684495,2528,1399,1964
4513.025976166116,4512.900976166116,4513.150976166116,1296,957,1127
4511.585745653363,4511.210745653363,4511.960745653363,1503,600,1052
4518.154753081747,4517.904753081747,4518.404753081747,1062,2185,1624
4517.155668315048,4516.780668315048,4517.530668315048,1734,2257,1996
4519.806106185686,4519.431106185686,4520.181106185686,773,2048,1411
4510.433322661738,4510.308322661738,4510.558322661738,1142,913,1028
4514.023642757486,4513.898642757486,4514.148642757486,695,930,813
4510.822613490121,4510.572613490121,4511.072613490121,1535,876,1206
4509.366612436192,4509.116612436192,4509.616612436192,1718,1753,1736
4510.447397482555,4510.322397482555,4510.572397482555,2341,1508,1925
4508.63247002464,4508.50747002464,4508.75747002464,636,1085,861
4514.21719974633,4514.09219974633,4514.34219974633,1131,1706,1419
4510.284061096877,4510.034061096877,4510.534061096877,2155,1274,1715
4509.807882146815,4509.682882146815,4509.932882146815,978,803,891
4515.877444641632,4515.752444641632,4516.002444641632,917,1710,1314
4517.718090440908,4517.468090440908,4517.968090440908,1947,1614,1781
4516.299010952016,4516.174010952016,4516.424010952016,2187,870,1529
4520.001094962114,4519.751094962114,4520.251094962114,2539,964,1752
4515.930802536094,4515.680802536094,4516.180802536094,613,1764,1189
4517.524500498555,4517.399500498555,4517.649500498555,1362,2111,1737
4519.373009710494,4519.248009710494,4519.498009710494,927,1306,1117
4518.059951332435,4517.934951332435,4518.184951332435,1129,2742,1936
4514.388372696859,4514.263372696859,4514.513372696859,2472,1511,1992
4518.425328059602,4518.050328059602,4518.800328059602,2320,805,1563
4513.734345327173,4513.609345327173,4513.859345327173,1288,619,954
4514.927079812464,4514.802079812464,4515.052079812464,1790,1469,1630
4508.189424413892,4508.064424413892,4508.314424413892,457,1254,856
4512.861889867276,4512.611889867276,4513.111889867276,761,1000,881
4514.888115870085,4514.763115870085,4515.013115870085,2753,1106,1930
4515.971211902107,4515.846211902107,4516.096211902107,1963,1484,1724
4514.234772333271,4514.109772333271,4514.359772333271,1332,1365,1349
4516.789099573074,4516.664099573074,4516.914099573074,1288,1173,1231
4520.598292706886,4520.348292706886,4520.848292706886,1314,677,996
4526.063864059958,4525.688864059958,4526.438864059958,1404,625,1015
4529.369808615054,4528.994808615054,4529.744808615054,975,2006,1491
4526.996343245602,4526.871343245602,4527.121343245602,835,984,910
4526.869481065543,4526.619481065543,4527.119481065543,1530,775,1153
4532.261453652896,4532.011453652896,4532.511453652896,637,1684,1161
4530.954860021512,4530.829860021512,4531.079860021512,578,1487,1033
4528.43701287095,4528.31201287095,4528.56201287095,581,1428,1005
4530.849271109348,4530.474271109348,4531.224271109348,542,1071,807
4534.360944307011,4534.235944307011,4534.485944307011,1331,1820,1576
4530.736759322232,4530.611759322232,4530.861759322232,1383,1708,1546
4529.80189262968,4529.67689262968,4529.92689262968,1594,695,1145
4530.109216677407,4529.984216677407,4530.234216677407,950,1121,1036
4525.399293046912,4525.274293046912,4525.524293046912,1055,734,895
4524.01387291816,4523.88887291816,4524.13887291816,960,2811,1886
4521.657922773843,4521.407922773843,4521.907922773843,975,2554,1765
4523.845325147387,4523.720325147387,4523.970325147387,1032,811,922
4526.208087189533,4525.958087189533,4526.458087189533,1912,1553,1733
4517.626453594827,4517.376453594827,4517.876453594827,1784,1021,1403
4519.821591453544,4519.571591453544,4520.071591453544,1605,1466,1536
4517.02211479981,4516.89711479981,4517.14711479981,2009,1444,1727
4517.827314545483,4517.577314545483,4518.077314545483,663,1546,1105
4528.325557590039,4528.200557590039,4528.450557590039,1841,898,1370
4525.246668868786,4524.996668868786,4525.496668868786,1078,651,865
4526.938819355931,4526.688819355931,4527.188819355931,675,1476,1076
4528.100834046128,4527.975834046128,4528.225834046128,2226,1571,1899
4526.9313374615995,4526.8063374615995,4527.0563374615995,2250,851,1551
4533.962748349617,4533.837748349617,4534.087748349617,1620,1741,1681
4534.104337092403,4533.979337092403,4534.229337092403,2062,813,1438
4526.68803294217,4526.56303294217,4526.81303294217,1013,1058,1036
4525.854835321146,4525.729835321146,4525.979835321146,865,2308,1587
4518.552797171006,4518.427797171006,4518.677797171006,1787,2026,1907
4520.27899371677,4520.15399371677,4520.40399371677,1465,1108,1287
4523.175249620946,4522.925249620946,4523.425249620946,994,857,926
4523.680856617192,4523.555856617192,4523.805856617192,1256,1169,1213
4523.668451701023,4523.418451701023,4523.918451701023,795,954,875
4531.577348522913,4531.327348522913,4531.827348522913,679,1182,931
4523.478149350746,4523.353149350746,4523.603149350746,903,2150,1527
4521.72133690366,4521.47133690366,4521.97133690366,1375,688,1032
4520.745143299105,4520.620143299105,4520.870143299105,1295,1490,1393
4512.001149460224,4511.751149460224,4512.251149460224,1549,2034,1792
4514.232942028283,4513.982942028283,4514.482942028283,1375,2042,1709
4523.9929514811,4523.7429514811,4524.2429514811,995,854,925
4521.634833037231,4521.384833037231,4521.884833037231,599,1430,1015
4530.862255116154,4530.612255116154,4531.112255116154,880,1945,1413
4535.75656913136,4535.38156913136,4536.13156913136,965,2862,1914
4540.968150557592,4540.718150557592,4541.218150557592,1230,1489,1360
4543.69256531423,4543.56756531423,4543.81756531423,903,1500,1202
4546.824926068303,4546.574926068303,4547.074926068303,1248,689,969
4539.593223492994,4539.468223492994,4539.718223492994,781,980,881
4541.891355126324,4541.766355126324,4542.016355126324,1346,1475,1411
4545.963144102238,4545.713144102238,4546.213144102238,1147,596,872
4550.045844926501,4549.920844926501,4550.170844926501,2488,855,1672
4550.974757702803,4550.849757702803,4551.099757702803,1279,2602,1941
4545.254035823644,4545.129035823644,4545.379035823644,1439,2150,1795
4550.094876566293,4549.969876566293,4550.219876566293,1595,1684,1640
4549.425778556567,4549.300778556567,4549.550778556567,915,1470,1193
4542.345320522953,4542.095320522953,4542.595320522953,727,1156,942
4545.358496889538,4545.233496889538,4545.483496889538,1578,603,1091
4551.098620025776,4550.973620025776,4551.223620025776,2562,929,1746
4545.150119908591,4545.025119908591,4545.275119908591,1131,492,812
4540.95250936558,4540.82750936558,4541.07750936558,893,962,928
4534.877549379432,4534.752549379432,4535.002549379432,604,1407,1006
4523.783213663484,4523.533213663484,4524.033213663484,738,1595,1167
4523.777113424677,4523.652113424677,4523.902113424677,1636,1229,1433
4526.542323890133,4526.417323890133,4526.667323890133,1387,528,958
4521.0913638234715,4520.9663638234715,4521.2163638234715,1808,1971,1890
4520.792380095853,4520.667380095853,4520.917380095853,2164,1563,1864
4525.043217109733,4524.793217109733,4525.293217109733,1519,2378,1949
4518.765892759765,4518.390892759765,4519.140892759765,749,1454,1102
4519.002982416951,4518.877982416951,4519.127982416951,1335,1722,1529
4513.407248469073,4513.282248469073,4513.532248469073,1368,1997,1683
4506.614567223937,4506.364567223937,4506.864567223937,828,1025,927
4500.300972127195,4499.925972127195,4500.675972127195,1349,1534,1442
4504.618721224722,4504.493721224722,4504.743721224722,1261,2366,1814
4504.1373344749445,4504.0123344749445,4504.2623344749445,1342,1047,1195
4506.388636105613,4506.138636105613,4506.638636105613,836,2449,1643
4499.353346345226,4499.228346345226,4499.478346345226,688,1267,978
4487.915551881513,4487.790551881513,4488.040551881513,1100,1295,1198
4484.86576709627,4484.49076709627,4485.24076709627,1794,969,1382
4485.670897747483,4485.420897747483,4485.920897747483,1181,914,1048
4476.572671729879,4476.447671729879,4476.697671729879,852,1277,1065
4480.770460507477,4480.645460507477,4480.895460507477,1663,1850,1757
4476.286865390851,4476.161865390851,4476.411865390851,2506,1093,1800
4467.8081872042685,4467.5581872042685,4468.0581872042685,1592,655,1124
4465.260096887818,4465.135096887818,4465.385096887818,499,1368,934
4459.728918578027,4459.603918578027,4459.853918578027,1298,1737,1518
4463.317048887676,4463.192048887676,4463.442048887676,1922,869,1396
4461.176486011483,4461.051486011483,4461.301486011483,1477,1286,1382
4454.235626413431,4453.860626413431,4454.610626413431,1834,1699,1767
4448.950463196404,4448.825463196404,4449.075463196404,967,1894,1431
4447.312379151225,4447.187379151225,4447.437379151225,1590,599,1095
4448.7757746151665,4448.6507746151665,4448.9007746151665,2510,921,1716
4438.649109932927,4438.524109932927,4438.774109932927,1468,2255,1862
4434.711396382424,4434.461396382424,4434.961396382424,2757,1112,1935
4433.708262736299,4433.583262736299,4433.833262736299,990,625,808
4435.084962724657,4434.959962724657,4435.209962724657,1327,882,1105
4429.233965478207,4428.983965478207,4429.483965478207,1111,516,814
4423.101576073553,4422.726576073553,4423.476576073553,1054,2131,1593
4416.2840194992805,4416.1590194992805,4416.4090194992805,1762,689,1226
4422.441830187008,4422.316830187008,4422.566830187008,1654,1333,1494
4431.788375767772,4431.663375767772,4431.913375767772,1330,963,1147
4424.803854939619,4424.678854939619,4424.928854939619,1110,2081,1596
4418.677556415604,4418.552556415604,4418.802556415604,1222,965,1094
4417.161936915051,4416.786936915051,4417.536936915051,1239,784,1012
4415.705523336268,4415.455523336268,4415.955523336268,1625,1886,1756
4416.2165707428085,4415.9665707428085,4416.4665707428085,994,807,901
4421.371528316353,4421.121528316353,4421.621528316353,718,1819,1269
4411.084953010858,4410.834953010858,4411.334953010858,1554,2221,1888
4407.849425744606,4407.599425744606,4408.099425744606,843,1268,1056
4411.050459414511,4410.925459414511,4411.175459414511,1633,1876,1755
4408.666036788319,4408.541036788319,4408.791036788319,956,763,860
4406.97245833319,4406.72245833319,4407.22245833319,1607,614,1111
4407.883863684349,4407.758863684349,4408.008863684349,1523,1992,1758
4405.460121017495,4405.085121017495,4405.835121017495,953,2450,1702
4401.388089784176,4401.263089784176,4401.513089784176,926,1433,1180
4403.211879130885,4402.961879130885,4403.461879130885,688,1435,1062
4402.823415293832,4402.698415293832,4402.948415293832,2729,1040,1885
4391.915500930026,4391.665500930026,4392.165500930026,866,1641,1254
4385.2824217558355,4385.1574217558355,4385.4074217558355,969,752,861
4382.498227339115,4382.373227339115,4382.623227339115,1234,2709,1972
4383.4759800667825,4383.3509800667825,4383.6009800667825,1280,1365,1323
4383.354544302575,4383.229544302575,4383.479544302575,1910,927,1419
4379.540600131261,4379.290600131261,4379.790600131261,1967,1612,1790
4387.620577964638,4387.495577964638,4387.745577964638,1620,1807,1714
4380.40521825986,4380.28021825986,4380.53021825986,1869,1012,1441
4382.746943680081,4382.621943680081,4382.871943680081,2095,838,1467
4382.321598299909,4382.196598299909,4382.446598299909,716,1285,1001
4391.769627096759,4391.644627096759,4391.894627096759,1365,650,1008
4389.046755267623,4388.796755267623,4389.296755267623,2384,935,1660
4386.665812138482,4386.540812138482,4386.790812138482,1435,2240,1838
4384.061988449734,4383.686988449734,4384.436988449734,1671,1352,1512
4379.1908301676,4379.0658301676,4379.3158301676,1566,899,1233
4377.3603846195365,4377.2353846195365,4377.4853846195365,978,2203,1591
4377.317675271716,4377.192675271716,4377.442675271716,1079,1822,1451
4376.532424395429,4376.407424395429,4376.657424395429,967,934,951
4389.352555238121,4388.977555238121,4389.727555238121,2377,1248,1813
4383.725066340202,4383.475066340202,4383.975066340202,1729,732,1231
4383.260709600239,4383.135709600239,4383.385709600239,1594,1523,1559
4384.578435634083,4384.453435634083,4384.703435634083,1605,2094,1850
4387.881658231548,4387.756658231548,4388.006658231548,923,1258,1091
4387.840463692642,4387.590463692642,4388.090463692642,1276,1293,1285
4393.620740190881,4393.245740190881,4393.995740190881,1666,2329,1998
4396.037342877587,4395.912342877587,4396.162342877587,1410,635,1023
4400.200883252083,4400.075883252083,4400.325883252083,880,973,927
4398.589272866904,4398.464272866904,4398.714272866904,2733,1076,1905
4401.933462426764,4401.808462426764,4402.058462426764,1449,1238,1344
4404.086221922268,4403.836221922268,4404.336221922268,1729,1448,1589
4404.586620765052,4404.211620765052,4404.961620765052,1190,701,946
4404.792787696973,4404.542787696973,4405.042787696973,1005,2102,1554
4409.745924627653,4409.495924627653,4409.995924627653,1407,1756,1582
4414.164355141483,4413.914355141483,4414.414355141483,2067,1738,1903
4410.934033932923,4410.684033932923,4411.184033932923,1832,921,1377
4409.412747724757,4409.162747724757,4409.662747724757,831,1354,1093
4409.672437228394,4409.547437228394,4409.797437228394,1169,450,810
4405.184420658184,4404.934420658184,4405.434420658184,846,1197,1022
4406.210301995335,4405.960301995335,4406.460301995335,2232,929,1581
4408.02980461246,4407.90480461246,4408.15480461246,1867,990,1429
4402.455584776824,4402.330584776824,4402.580584776824,1569,1826,1698
4401.388436690341,4401.263436690341,4401.513436690341,2490,1097,1794
4399.862104105399,4399.737104105399,4399.987104105399,1332,981,1157
4399.780743718943,4399.530743718943,4400.030743718943,1692,1731,1712
4401.963548082359,4401.838548082359,4402.088548082359,753,910,832
4405.241490486547,4405.116490486547,4405.366490486547,1204,1117,1161
4405.487516374362,4405.362516374362,4405.612516374362,1218,1363,1291
4410.674498127727,4410.549498127727,4410.799498127727,1834,977,1406
4411.451616410772,4411.326616410772,4411.576616410772,1603,1088,1346
4414.570379571173,4414.320379571173,4414.820379571173,2517,886,1702
4415.3239080375415,4415.1989080375415,4415.4489080375415,1126,839,983
4416.821042934309,4416.696042934309,4416.946042934309,752,1175,964
4411.018700099327,4410.893700099327,4411.143700099327,1157,1070,1114
4415.246943727054,4414.996943727054,4415.496943727054,1209,1086,1148
4415.418608158751,4415.293608158751,4415.543608158751,1606,1497,1552
4414.644808472704,4414.519808472704,4414.769808472704,1511,744,1128
4412.39798235014,4412.14798235014,4412.64798235014,1170,1563,1367
4413.691425686992,4413.566425686992,4413.816425686992,1431,1214,1323
4413.821478408899,4413.696478408899,4413.946478408899,1076,1331,1204
4413.1158670222385,4412.8658670222385,4413.3658670222385,426,1179,803
4408.154952117075,4407.904952117075,4408.404952117075,1265,1300,1283
4409.434003081115,4409.059003081115,4409.809003081115,1004,769,887
4414.170285147766,4414.045285147766,4414.295285147766,1360,1479,1420
4410.960769496861,4410.835769496861,4411.085769496861,2221,1632,1927
4408.510937463491,4408.385937463491,4408.635937463491,1026,1283,1155
4408.9378281538675,4408.6878281538675,4409.1878281538675,1659,662,1161
4406.601186662987,4406.351186662987,4406.851186662987,2285,816,1551
4406.835254732415,4406.585254732415,4407.085254732415,690,1061,876
4407.841565189881,4407.591565189881,4408.091565189881,1097,838,968
4400.923545500893,4400.798545500893,4401.048545500893,1543,1398,1471
4400.460769487886,4400.335769487886,4400.585769487886,1548,941,1245
4395.71171020873,4395.58671020873,4395.83671020873,1736,1831,1784
4400.411879213352,4400.286879213352,4400.536879213352,1149,2790,1970
4393.225030708939,4392.975030708939,4393.475030708939,1397,1042,1220
4394.594870439017,4394.469870439017,4394.719870439017,1792,925,1359
4395.540550464031,4395.415550464031,4395.665550464031,962,877,920
4396.189846872569,4395.939846872569,4396.439846872569,2297,1378,1838
4396.1402747288475,4396.0152747288475,4396.2652747288475,931,1730,1331
4401.777366691873,4401.527366691873,4402.027366691873,915,1708,1312
4402.447934276175,4402.072934276175,4402.822934276175,1160,827,994
4403.6777211125445,4403.4277211125445,4403.9277211125445,1299,1172,1236
4403.178039626812,4403.053039626812,4403.303039626812,1210,831,1021
4402.516945311318,4402.266945311318,4402.766945311318,1386,1473,1430
4401.8061918102185,4401.5561918102185,4402.0561918102185,1741,1752,1747
4402.460772705438,4402.210772705438,4402.710772705438,1707,1434,1571
4407.687869615526,4407.562869615526,4407.812869615526,1609,562,1086
4409.996293746267,4409.746293746267,4410.246293746267,2379,1274,1827
4412.125438635354,4412.000438635354,4412.250438635354,2140,1529,1835
4415.753627388692,4415.503627388692,4416.003627388692,1469,1836,1653
4412.3033687350035,4412.1783687350035,4412.4283687350035,1345,1636,1491
4405.057655091018,4404.807655091018,4405.307655091018,1553,760,1157
4400.07005480585,4399.94505480585,4400.19505480585,1909,1830,1870
4403.26066303779,4403.13566303779,4403.38566303779,1639,832,1236
4402.862937268981,4402.612937268981,4403.112937268981,1045,1138,1092
4408.262813962048,4408.137813962048,4408.387813962048,1883,2068,1976
4402.767878432598,4402.517878432598,4403.017878432598,1742,711,1227
4406.5603816010125,4406.3103816010125,4406.8103816010125,1577,712,1145
4408.122806004584,4407.997806004584,4408.247806004584,821,868,845
4410.132408304201,4410.007408304201,4410.257408304201,1598,727,1163
4408.296139679104,4407.921139679104,4408.671139679104,1014,997,1006
4412.450820896012,4412.200820896012,4412.700820896012,1290,1481,1386
4411.886536946678,4411.636536946678,4412.136536946678,2151,848,1500
4414.057768555686,4413.682768555686,4414.432768555686,1598,1251,1425
4418.441797685685,4418.316797685685,4418.566797685685,2283,1124,1704
4421.095208824884,4420.970208824884,4421.220208824884,514,1389,952
4420.728115884028,4420.603115884028,4420.853115884028,1449,1358,1404
4415.604454591375,4415.479454591375,4415.729454591375,1040,933,987
4413.880687146843,4413.630687146843,4414.130687146843,1057,1764,1411
4417.471342810725,4417.346342810725,4417.596342810725,1311,2430,1871
4414.252984396657,4414.127984396657,4414.377984396657,2044,1295,1670
4416.936635962027,4416.811635962027,4417.061635962027,2130,1769,1950
4415.438175022912,4415.188175022912,4415.688175022912,1194,1501,1348
4410.730062827767,4410.480062827767,4410.980062827767,737,1092,915
4415.7263662026135,4415.4763662026135,4415.9763662026135,988,2061,1525
4416.239760877105,4416.114760877105,4416.364760877105,1336,2131,1734
4419.039282188238,4418.914282188238,4419.164282188238,991,1428,1210
4417.260604377635,4417.135604377635,4417.385604377635,1202,2199,1701
4415.930661004133,4415.680661004133,4416.180661004133,823,1788,1306
4411.554404917063,4411.304404917063,4411.804404917063,2170,807,1489
4411.010225022783,4410.885225022783,4411.135225022783,1506,819,1163
4412.27159079011,4412.02159079011,4412.52159079011,1132,549,841
4415.654132697107,4415.529132697107,4415.779132697107,1470,1139,1305
4416.966891602896,4416.716891602896,4417.216891602896,1179,924,1052
4416.162868514772,4416.037868514772,4416.287868514772,1031,1060,1046
4418.097522053599,4417.972522053599,4418.222522053599,1239,1760,1500
4421.82467367998,4421.69967367998,4421.94967367998,1224,765,995
4416.353917793893,4416.103917793893,4416.603917793893,692,1679,1186
4414.481294543163,4414.356294543163,4414.606294543163,2403,1472,1938
4408.415115174991,4408.165115174991,4408.665115174991,693,1554,1124
4407.442663185079,4407.317663185079,4407.567663185079,696,1851,1274
4408.82205389994,4408.57205389994,4409.07205389994,733,876,805
4408.843135390722,4408.718135390722,4408.968135390722,772,1271,1022
4408.525941989706,4408.275941989706,4408.775941989706,578,1121,850
4400.045757402675,4399.795757402675,4400.295757402675,1050,2523,1787
4398.129744101984,4397.879744101984,4398.379744101984,929,2578,1754
4398.623349269109,4398.498349269109,4398.748349269109,2242,1625,1934
4399.849014184232,4399.724014184232,4399.974014184232,1951,1144,1548
4398.285585153741,4398.035585153741,4398.535585153741,594,1223,909
4401.652206183892,4401.527206183892,4401.777206183892,1384,1049,1217
4400.742017455196,4400.617017455196,4400.867017455196,1284,821,1053
4400.1735457664045,4400.0485457664045,4400.2985457664045,2103,918,1511
4398.935895580873,4398.685895580873,4399.185895580873,686,1493,1090
4406.129397506564,4406.004397506564,4406.254397506564,1448,2187,1818
4405.287399005762,4405.162399005762,4405.412399005762,2282,1177,1730
4406.515533575139,4406.265533575139,4406.765533575139,584,1181,883
4407.040384319901,4406.790384319901,4407.290384319901,1562,1681,1622
4412.803823415012,4412.678823415012,4412.928823415012,1274,2129,1702
4411.989986790174,4411.739986790174,4412.239986790174,1070,2313,1692
4409.038291424866,4408.913291424866,4409.163291424866,1158,469,814
4409.037377548856,4408.787377548856,4409.287377548856,1665,838,1252
4405.509735376277,4405.134735376277,4405.884735376277,793,1340,1067
4406.665271897543,4406.540271897543,4406.790271897543,647,1142,895
4409.459181784251,4409.334181784251,4409.584181784251,1294,1573,1434
4408.948357852666,4408.698357852666,4409.198357852666,2261,1346,1804
4416.7691814068585,4416.5191814068585,4417.0191814068585,1976,1543,1760
4413.950498544503,4413.825498544503,4414.075498544503,1760,1153,1457
4417.198734407605,4417.073734407605,4417.323734407605,739,2036,1388
4418.024036081435,4417.899036081435,4418.149036081435,1499,588,1044
4416.873434093483,4416.748434093483,4416.998434093483,931,980,956
4413.398400298246,4413.273400298246,4413.523400298246,999,1430,1215
4418.875207641033,4418.625207641033,4419.125207641033,1951,908,1430
4417.290558845123,4417.040558845123,4417.540558845123,979,1168,1074
4415.354529375633,4415.229529375633,4415.479529375633,1756,1807,1782
4414.839764335448,4414.714764335448,4414.964764335448,1149,900,1025
4418.566560222002,4418.316560222002,4418.816560222002,1716,1631,1674
4414.630317851465,4414.380317851465,4414.880317851465,1258,571,915
4408.141428843406,4408.016428843406,4408.266428843406,880,2295,1588
4408.606716292428,4408.481716292428,4408.731716292428,826,1297,1062
4408.228593572848,4408.103593572848,4408.353593572848,479,1410,945
4408.275098204177,4408.150098204177,4408.400098204177,1237,2202,1720
4409.108050544037,4408.983050544037,4409.233050544037,1968,855,1412
4404.870145531493,4404.745145531493,4404.995145531493,1988,1225,1607
4404.989920044829,4404.739920044829,4405.239920044829,1759,626,1193
4403.440833797679,4403.190833797679,4403.690833797679,1446,2465,1956
4395.584741294492,4395.334741294492,4395.834741294492,1368,1869,1619
4393.060261025511,4392.935261025511,4393.185261025511,1343,512,928
4396.724845274219,4396.474845274219,4396.974845274219,2300,851,1576
4400.585545400569,4400.460545400569,4400.710545400569,1370,749,1060
4403.320033048681,4402.945033048681,4403.695033048681,2155,908,1532
4401.57343905254,4401.44843905254,4401.69843905254,916,1955,1436
4402.912452801001,4402.537452801001,4403.287452801001,1105,1446,1276
4402.299420123378,4402.174420123378,4402.424420123378,1519,1938,1729
4405.057990286571,4404.932990286571,4405.182990286571,887,2598,1743
4401.618688834358,4401.243688834358,4401.993688834358,1517,2298,1908
4399.103142212768,4398.978142212768,4399.228142212768,1805,830,1318
4396.731561310183,4396.481561310183,4396.981561310183,1476,2169,1823
4398.6992126360665,4398.5742126360665,4398.8242126360665,1464,807,1136
4402.443071160776,4402.193071160776,4402.693071160776,1421,1650,1536
4398.334775603836,4398.209775603836,4398.459775603836,1959,1180,1570
4396.166347026091,4396.041347026091,4396.291347026091,791,2224,1508
4399.0658726118245,4398.8158726118245,4399.3158726118245,2487,978,1733
4401.557798218727,4401.432798218727,4401.682798218727,1778,1873,1826
4400.258745763996,4400.133745763996,4400.383745763996,2366,1005,1686
4392.958977524452,4392.833977524452,4393.083977524452,1212,1279,1246
4397.030354217194,4396.780354217194,4397.280354217194,656,1555,1106
4394.503347509854,4394.128347509854,4394.878347509854,1147,572,860
4393.10120712487,4392.85120712487,4393.35120712487,1644,1337,1491
4395.238245723331,4395.113245723331,4395.363245723331,2124,1509,1817
4394.411047495825,4394.286047495825,4394.536047495825,1555,888,1222
4388.944878922012,4388.819878922012,4389.069878922012,1312,1363,1338
4390.789357340447,4390.539357340447,4391.039357340447,710,1237,974
4389.362740165478,4389.112740165478,4389.612740165478,1084,1527,1306
4390.790271170111,4390.665271170111,4390.915271170111,696,965,831
4396.194424529714,4395.944424529714,4396.444424529714,595,1064,830
4397.485393865885,4397.360393865885,4397.610393865885,1089,848,969
4401.393044505012,4401.143044505012,4401.643044505012,2132,1373,1753
4404.047096118858,4403.797096118858,4404.297096118858,809,2122,1466
4398.3821337061345,4398.0071337061345,4398.7571337061345,1075,2324,1700
4396.770082368996,4396.645082368996,4396.895082368996,1340,1323,1332
4398.55663446777,4398.30663446777,4398.80663446777,878,2327,1603
4395.73969068256,4395.36469068256,4396.11469068256,1698,1205,1452
4397.760862526621,4397.635862526621,4397.885862526621,2169,1602,1886
4400.375906748324,4400.250906748324,4400.500906748324,1489,1062,1276
4398.978027083209,4398.853027083209,4399.103027083209,2490,1047,1769
4399.963655212234,4399.838655212234,4400.088655212234,2046,1105,1576
4394.315283880607,4394.190283880607,4394.440283880607,1737,834,1286
4394.4944600019735,4394.2444600019735,4394.7444600019735,1043,2128,1586
4400.5117350452665,4400.2617350452665,4400.7617350452665,1761,908,1335
4396.02881770122,4395.77881770122,4396.27881770122,1473,1060,1267
4398.015503017258,4397.890503017258,4398.140503017258,859,1460,1160
4409.282230419779,4409.157230419779,4409.407230419779,2074,1661,1868
4413.700752091626,4413.575752091626,4413.825752091626,781,1778,1280
4414.288260706035,4414.163260706035,4414.413260706035,1113,1204,1159
4417.742435449679,4417.617435449679,4417.867435449679,1010,1123,1067
4415.059076255001,4414.934076255001,4415.184076255001,1693,786,1240
4419.9152743577915,4419.7902743577915,4420.0402743577915,1554,649,1102
4424.489221052252,4424.364221052252,4424.614221052252,795,1408,1102
4424.1781943450715,4424.0531943450715,4424.3031943450715,986,1579,1283
4426.650122568766,4426.400122568766,4426.900122568766,2024,1049,1537
4426.291471122473,4426.166471122473,4426.416471122473,2148,999,1574
4424.27460400857,4424.02460400857,4424.52460400857,1547,860,1204
4418.367538636299,4418.242538636299,4418.492538636299,1060,2629,1845
4417.838588224299,4417.588588224299,4418.088588224299,874,749,812
4420.562550381452,4420.437550381452,4420.687550381452,1433,826,1130
4416.785937298797,4416.660937298797,4416.910937298797,937,2416,1677
4412.125710242363,4412.000710242363,4412.250710242363,964,965,965
4408.495777394201,4408.370777394201,4408.620777394201,937,682,810
4415.339460656577,4415.214460656577,4415.464460656577,2082,713,1398
4412.187223981548,4412.062223981548,4412.312223981548,2879,1106,1993
4411.028325867345,4410.903325867345,4411.153325867345,1784,1465,1625
4407.367423054614,4407.242423054614,4407.492423054614,1957,980,1469
4408.618369375839,4408.493369375839,4408.743369375839,1933,1302,1618
4409.497502200708,4409.247502200708,4409.747502200708,1960,1851,1906
4411.671008352477,4411.421008352477,4411.921008352477,2297,1344,1821
4415.390659208703,4415.265659208703,4415.515659208703,2134,1221,1678
4409.7966965603,4409.5466965603,4410.0466965603,637,1144,891
4408.990722747704,4408.740722747704,4409.240722747704,1029,1126,1078
4410.634695106384,4410.384695106384,4410.884695106384,1975,970,1473
4411.860923273467,4411.610923273467,4412.110923273467,1953,798,1376
4412.011520744084,4411.886520744084,4412.136520744084,1244,1857,1551
4417.1318581038695,4416.8818581038695,4417.3818581038695,1826,1341,1584
4418.515359070623,4418.390359070623,4418.640359070623,1459,1130,1295
4416.951122034438,4416.826122034438,4417.076122034438,1521,762,1142
4421.433371162386,4421.183371162386,4421.683371162386,1771,1976,1874
4424.208466785882,4424.083466785882,4424.333466785882,598,1257,928
4421.116975059636,4420.991975059636,4421.241975059636,743,1286,1015
4418.408946512953,4418.158946512953,4418.658946512953,1108,1251,1180
4424.417325432179,4424.167325432179,4424.667325432179,2473,860,1667
4423.038096402866,4422.913096402866,4423.163096402866,1299,1542,1421
4429.1526025497315,4428.9026025497315,4429.4026025497315,1713,832,1273
4430.867779631266,4430.742779631266,4430.992779631266,2651,1110,1881
4434.35786543643,4434.23286543643,4434.48286543643,561,1286,924
4430.0905021221115,4429.9655021221115,4430.2155021221115,730,1301,1016
4430.970422411665,4430.845422411665,4431.095422411665,687,1494,1091
4431.898734343405,4431.773734343405,4432.023734343405,2572,1085,1829
4436.467788732833,4436.342788732833,4436.592788732833,997,2012,1505
4437.582631702456,4437.457631702456,4437.707631702456,2549,938,1744
4435.732621290932,4435.607621290932,4435.857621290932,1219,1766,1493
4437.361861216581,4437.111861216581,4437.611861216581,1148,1957,1553
4443.8887363999065,4443.5137363999065,4444.2637363999065,2586,887,1737
4448.758679381089,4448.383679381089,4449.133679381089,1111,1632,1372
4448.1741132150655,4447.9241132150655,4448.4241132150655,1404,1895,1650
4450.718198509452,4450.468198509452,4450.968198509452,824,2251,1538
4444.078782736088,4443.828782736088,4444.328782736088,1555,1194,1375
4445.267194740698,4445.142194740698,4445.392194740698,1074,2199,1637
4446.678149920674,4446.553149920674,4446.803149920674,1014,2431,1723
4449.024778196679,4448.774778196679,4449.274778196679,1020,1911,1466
4449.065412747743,4448.940412747743,4449.190412747743,1120,599,860
4448.170038334176,4448.045038334176,4448.295038334176,1844,1607,1726
4449.091501072116,4448.841501072116,4449.341501072116,2016,931,1474
4450.939756054681,4450.689756054681,4451.189756054681,1329,680,1005
4448.484124308437,4448.234124308437,4448.734124308437,1717,1876,1797
4445.651459009311,4445.526459009311,4445.776459009311,2284,1547,1916
4446.025805098559,4445.775805098559,4446.275805098559,677,1744,1211
4443.900340256106,4443.775340256106,4444.025340256106,1093,2800,1947
4439.378158447961,4439.253158447961,4439.503158447961,1318,2291,1805
4434.485166706487,4434.360166706487,4434.610166706487,2739,1006,1873
4431.959033753517,4431.834033753517,4432.084033753517,1117,1056,1087
4430.72630105319,4430.60130105319,4430.85130105319,1037,2052,1545
4430.302935994176,4430.177935994176,4430.427935994176,1799,720,1260
4423.309709930497,4422.934709930497,4423.684709930497,717,1908,1313
4427.270590714923,4427.020590714923,4427.520590714923,1133,2152,1643
4426.75056269544,4426.50056269544,4427.00056269544,1089,2204,1647
4423.867260286456,4423.742260286456,4423.992260286456,1870,699,1285
4423.1568088456015,4423.0318088456015,4423.2818088456015,1941,1796,1869
4421.966900559507,4421.716900559507,4422.216900559507,981,1976,1479
4421.3901516007945,4421.2651516007945,4421.5151516007945,1933,812,1373
4421.806225526533,4421.556225526533,4422.056225526533,925,768,847
4427.737839172062,4427.612839172062,4427.862839172062,1647,812,1230
4426.605632577677,4426.355632577677,4426.855632577677,840,827,834
4431.949415326315,4431.699415326315,4432.199415326315,1090,1305,1198
4435.025080550122,4434.900080550122,4435.150080550122,1818,2021,1920
4428.263053598038,4428.138053598038,4428.388053598038,2370,1221,1796
4427.922490986359,4427.797490986359,4428.047490986359,2161,1654,1908
4424.454908128216,4424.329908128216,4424.579908128216,977,1090,1034
4426.741550549109,4426.491550549109,4426.991550549109,1663,896,1280
4427.6913437105795,4427.3163437105795,4428.0663437105795,1126,2151,1639
4426.2804073969055,4426.1554073969055,4426.4054073969055,944,2099,1522
4430.446162386271,4430.321162386271,4430.571162386271,1852,2031,1942
4430.151884502117,4430.026884502117,4430.276884502117,1229,1828,1529
4433.207037355386,4432.957037355386,4433.457037355386,1458,685,1072
4437.816714075126,4437.691714075126,4437.941714075126,1152,1693,1423
4436.631751796702,4436.256751796702,4437.006751796702,1336,2585,1961
4436.806248668117,4436.556248668117,4437.056248668117,1083,1254,1169
4441.389161729727,4441.264161729727,4441.514161729727,1016,1027,1022
4442.603893377472,4442.353893377472,4442.853893377472,1293,1586,1440
4440.08433326349,4439.95933326349,4440.20933326349,1597,1554,1576
4444.685784357835,4444.435784357835,4444.935784357835,1345,1790,1568
4442.681834414263,4442.556834414263,4442.806834414263,1678,1065,1372
4443.204846699959,4443.079846699959,4443.329846699959,1080,1703,1392
4443.517645790174,4443.267645790174,4443.767645790174,917,1598,1258
4449.924717255833,4449.799717255833,4450.049717255833,610,1383,997
4447.430266362071,4447.305266362071,4447.555266362071,1332,1457,1395
4446.129686581189,4445.754686581189,4446.504686581189,719,1014,867
4450.666283544815,4450.541283544815,4450.791283544815,1949,1246,1598
4449.555805646729,4449.430805646729,4449.680805646729,2237,1650,1944
4452.083633045098,4451.958633045098,4452.208633045098,784,837,811
4449.047150490168,4448.672150490168,4449.422150490168,2207,1622,1915
4451.463592077875,4451.338592077875,4451.588592077875,819,2426,1623
4456.607346996589,4456.232346996589,4456.982346996589,545,1400,973
4454.2661769721035,4454.1411769721035,4454.3911769721035,550,1297,924
4458.34171725761,4458.21671725761,4458.46671725761,924,2073,1499
4459.464637473845,4459.339637473845,4459.589637473845,1024,2589,1807
4464.896128540577,4464.646128540577,4465.146128540577,1520,1347,1434
4459.109612145276,4458.984612145276,4459.234612145276,1706,1917,1812
4455.843836510675,4455.468836510675,4456.218836510675,1913,1254,1584
4458.388153592641,4458.138153592641,4458.638153592641,2167,1078,1623
4454.884801561369,4454.759801561369,4455.009801561369,1560,585,1073
4459.664996052696,4459.539996052696,4459.789996052696,1014,853,934
4455.145483904445,4455.020483904445,4455.270483904445,1838,1019,1429
4452.451833454225,4452.326833454225,4452.576833454225,1360,2311,1836
4452.614818881958,4452.364818881958,4452.864818881958,1429,1386,1408
4448.618291129907,4448.493291129907,4448.743291129907,400,1199,800
4451.122820220559,4450.747820220559,4451.497820220559,924,1577,1251
4445.5740705024855,4445.3240705024855,4445.8240705024855,1462,1341,1402
4441.831913774864,4441.706913774864,4441.956913774864,859,1860,1360
4442.4519083258565,4442.3269083258565,4442.5769083258565,1948,1797,1873
4440.666511144984,4440.541511144984,4440.791511144984,1700,1081,1391
4438.685563131253,4438.560563131253,4438.810563131253,1516,1047,1282
4437.341881067276,4437.091881067276,4437.591881067276,1762,1257,1510
4438.979103271424,4438.729103271424,4439.229103271424,1264,1679,1472
4432.205518579809,4432.080518579809,4432.330518579809,1164,823,994
4426.190951609243,4426.065951609243,4426.315951609243,1226,1747,1487
4424.691639832868,4424.566639832868,4424.816639832868,1285,1666,1476
4423.3146324947775,4423.1896324947775,4423.4396324947775,1102,1597,1350
4422.048550183036,4421.923550183036,4422.173550183036,1008,1999,1504
4429.961089232555,4429.836089232555,4430.086089232555,830,1145,988
4429.921186443019,4429.546186443019,4430.296186443019,2574,1215,1895
4420.178892800557,4419.928892800557,4420.428892800557,882,1903,1393
4420.9649331527335,4420.7149331527335,4421.2149331527335,1673,1510,1592
4421.215472871747,4421.090472871747,4421.340472871747,1050,2683,1867
4416.6170631413115,4416.4920631413115,4416.7420631413115,892,1711,1302
4416.050426848353,4415.800426848353,4416.300426848353,956,1167,1062
4420.643142011845,4420.393142011845,4420.893142011845,854,2461,1658
4418.936597405527,4418.811597405527,4419.061597405527,1300,981,1141
4414.447026005306,4414.322026005306,4414.572026005306,1680,1099,1390
4418.608211870699,4418.358211870699,4418.858211870699,1768,657,1213
4418.1833637399095,4417.9333637399095,4418.4333637399095,1667,972,1320
4418.764340743089,4418.389340743089,4419.139340743089,2778,985,1882
4420.66040819633,4420.41040819633,4420.91040819633,1457,576,1017
4416.4609376132785,4416.2109376132785,4416.7109376132785,808,1589,1199
4418.92841305312,4418.67841305312,4419.17841305312,2234,1533,1884
4421.118515354405,4420.993515354405,4421.243515354405,1805,1726,1766
4425.207244335736,4424.957244335736,4425.457244335736,675,1290,983
4421.325412904618,4421.200412904618,4421.450412904618,742,1147,945
4414.540010465361,4414.290010465361,4414.790010465361,2392,809,1601
4416.599486708325,4416.474486708325,4416.724486708325,2303,1292,1798
4416.264175853062,4416.014175853062,4416.514175853062,670,1967,1319
4410.9071146866045,4410.7821146866045,4411.0321146866045,1263,602,933
4410.719189860579,4410.469189860579,4410.969189860579,1390,1925,1658
4410.746152330817,4410.371152330817,4411.121152330817,1201,684,943
4410.406840759952,4410.031840759952,4410.781840759952,1065,1882,1474
4411.650880558935,4411.400880558935,4411.900880558935,1756,921,1339
4414.130075957044,4414.005075957044,4414.255075957044,989,712,851
4414.4433907901985,4414.1933907901985,4414.6933907901985,1617,1030,1324
4421.112877435661,4420.987877435661,4421.237877435661,1065,2914,1990
4418.517171100105,4418.267171100105,4418.767171100105,2075,1262,1669
4422.677374162307,4422.552374162307,4422.802374162307,2110,1155,1633
4422.217780573767,4422.092780573767,4422.342780573767,1633,2278,1956
4423.765729094347,4423.515729094347,4424.015729094347,719,1518,1119
4416.626636420211,4416.376636420211,4416.876636420211,1689,1550,1620
4410.1581709008,4409.7831709008,4410.5331709008,791,1824,1308
4411.2804108009595,4411.1554108009595,4411.4054108009595,917,1666,1292
4410.678159610523,4410.553159610523,4410.803159610523,1381,2556,1969
4407.99599346708,4407.87099346708,4408.12099346708,598,1301,950
4406.175131286625,4406.050131286625,4406.300131286625,1158,1677,1418
4404.363572348567,4404.113572348567,4404.613572348567,1649,1160,1405
4397.9965604267745,4397.7465604267745,4398.2465604267745,1235,1392,1314
4392.127552349024,4391.877552349024,4392.377552349024,809,2234,1522
4393.420635699835,4393.295635699835,4393.545635699835,1314,801,1058
4388.593218854367,4388.468218854367,4388.718218854367,1704,1877,1791
4387.229484889593,4386.979484889593,4387.479484889593,1142,2651,1897
4382.584620895467,4382.459620895467,4382.709620895467,618,1447,1033
4381.5280668234755,4381.2780668234755,4381.7780668234755,1166,545,856
4378.107794412782,4377.982794412782,4378.232794412782,2121,1748,1935
4378.569766420283,4378.444766420283,4378.694766420283,1881,672,1277
4381.246217368757,4381.121217368757,4381.371217368757,2081,1108,1595
4378.485401554817,4378.235401554817,4378.735401554817,1878,1009,1444
4380.29444883844,4379.91944883844,4380.66944883844,888,1399,1144
4377.320342055547,4377.070342055547,4377.570342055547,2534,871,1703
4382.824840052908,4382.699840052908,4382.949840052908,2378,1057,1718
4384.529355978822,4384.404355978822,4384.654355978822,1097,2262,1680
4379.424756579253,4379.174756579253,4379.674756579253,1199,620,910
4376.34994547708,4376.22494547708,4376.47494547708,1155,1254,1205
4382.255253338943,4382.130253338943,4382.380253338943,1199,466,833
4382.092711601558,4381.842711601558,4382.342711601558,713,1878,1296
4380.811366325595,4380.686366325595,4380.936366325595,1675,1866,1771
4381.860343440474,4381.610343440474,4382.110343440474,2612,1257,1935
4382.200095050775,4382.075095050775,4382.325095050775,1236,2761,1999
4383.023599611836,4382.648599611836,4383.398599611836,1284,2381,1833
4372.440049528923,4372.315049528923,4372.565049528923,2360,1189,1775
4373.0783479310485,4372.7033479310485,4373.4533479310485,2123,1596,1860
4367.559653276936,4367.434653276936,4367.684653276936,871,1096,984
4370.768785894069,4370.643785894069,4370.893785894069,2927,1024,1976
4368.289989204282,4368.039989204282,4368.539989204282,678,1463,1071
4370.9439348735705,4370.8189348735705,4371.0689348735705,922,2577,1750
4367.013776883607,4366.763776883607,4367.263776883607,1332,1519,1426
4367.746033493772,4367.496033493772,4367.996033493772,564,1371,968
4367.471185271473,4367.221185271473,4367.721185271473,1355,2116,1736
4365.744179698018,4365.494179698018,4365.994179698018,430,1221,826
4367.519012493221,4367.394012493221,4367.644012493221,1585,1322,1454
4366.933545627268,4366.808545627268,4367.058545627268,1257,1136,1197
4361.580731736288,4361.455731736288,4361.705731736288,2084,1027,1556
4365.912827218023,4365.787827218023,4366.037827218023,1462,1399,1431
4368.845774798996,4368.720774798996,4368.970774798996,2493,876,1685
4370.221429892239,4370.096429892239,4370.346429892239,856,1387,1122
4373.746746235153,4373.621746235153,4373.871746235153,988,1449,1219
4374.1934329915275,4374.0684329915275,4374.3184329915275,1693,970,1332
4374.995159490839,4374.620159490839,4375.370159490839,814,875,845
4373.744086290868,4373.494086290868,4373.994086290868,1454,2233,1844
4375.460040270927,4375.335040270927,4375.585040270927,1816,2137,1977
4376.795409555892,4376.545409555892,4377.045409555892,1040,859,950
4373.804476061296,4373.554476061296,4374.054476061296,748,1481,1115
4371.864291493817,4371.739291493817,4371.989291493817,950,1201,1076
4371.490870925393,4371.365870925393,4371.615870925393,1616,1201,1409
4364.939890830336,4364.689890830336,4365.189890830336,1583,1918,1751
4365.873805946166,4365.748805946166,4365.998805946166,1183,650,917
4365.335829477385,4365.085829477385,4365.585829477385,2875,1114,1995
4362.916162053975,4362.666162053975,4363.166162053975,758,1521,1140
4362.822317779419,4362.572317779419,4363.072317779419,1650,1513,1582
4358.8726485369225,4358.7476485369225,4358.9976485369225,698,1359,1029
4348.291202877768,4348.166202877768,4348.416202877768,2226,795,1511
4345.860535437586,4345.735535437586,4345.985535437586,503,1230,867
4350.446974343617,4350.071974343617,4350.821974343617,1615,1750,1683
4348.237901835935,4347.862901835935,4348.612901835935,813,2140,1477
4348.152999840889,4347.902999840889,4348.402999840889,1077,1522,1300
4348.879506304162,4348.754506304162,4349.004506304162,1682,717,1200
4353.0942325982405,4352.9692325982405,4353.2192325982405,1773,1292,1533
4350.163910680131,4350.038910680131,4350.288910680131,1433,2030,1732
4349.627200154617,4349.377200154617,4349.877200154617,1529,832,1181
4342.73694998761,4342.61194998761,4342.86194998761,1724,1557,1641
4339.561210985153,4339.436210985153,4339.686210985153,2709,998,1854
4340.985633490939,4340.860633490939,4341.110633490939,1682,1157,1420
4342.6270139872295,4342.5020139872295,4342.7520139872295,1500,2313,1907
4337.658538427832,4337.408538427832,4337.908538427832,1476,1377,1427
4334.958952127644,4334.833952127644,4335.083952127644,1240,1755,1498
4337.166280199646,4336.916280199646,4337.416280199646,1306,1463,1385
4339.798814712443,4339.673814712443,4339.923814712443,1332,1021,1177
4340.315573393975,4340.190573393975,4340.440573393975,574,1375,975
4340.591643297405,4340.466643297405,4340.716643297405,1438,2427,1933
4341.385889294116,4341.260889294116,4341.510889294116,813,874,844
4339.9717672936495,4339.8467672936495,4340.0967672936495,1501,1528,1515
4342.421746256361,4342.296746256361,4342.546746256361,2060,865,1463
4347.985778197534,4347.860778197534,4348.110778197534,1255,2386,1821
4350.018679749372,4349.643679749372,4350.393679749372,1782,1291,1537
4355.540544911194,4355.415544911194,4355.665544911194,2505,1476,1991
4362.159141787589,4362.034141787589,4362.284141787589,1743,2098,1921
4363.915889485284,4363.790889485284,4364.040889485284,1212,2617,1915
4361.317606407687,4361.192606407687,4361.442606407687,1435,1174,1305
4354.559873394369,4354.434873394369,4354.684873394369,1420,671,1046
4353.118994936822,4352.993994936822,4353.243994936822,1007,2498,1753
4348.836232118317,4348.711232118317,4348.961232118317,1397,1698,1548
4344.729777791087,4344.604777791087,4344.854777791087,976,1877,1427
4350.101319172554,4349.976319172554,4350.226319172554,895,710,803
4345.173790262202,4345.048790262202,4345.298790262202,2609,1130,1870
4347.882273680797,4347.757273680797,4348.007273680797,785,2048,1417
4348.616417889699,4348.491417889699,4348.741417889699,1228,2269,1749
4351.645499806215,4351.520499806215,4351.770499806215,2227,1556,1892
4357.874841405363,4357.749841405363,4357.999841405363,1209,2478,1844
4350.327487460783,4350.202487460783,4350.452487460783,2548,999,1774
4345.253800415069,4345.128800415069,4345.378800415069,624,1041,833
4344.349347586391,4344.224347586391,4344.474347586391,1242,1601,1422
4341.606052009102,4341.481052009102,4341.731052009102,1175,1354,1265
4340.520933057795,4340.270933057795,4340.770933057795,1862,1503,1683
4341.737029602509,4341.487029602509,4341.987029602509,1737,852,1295
4343.045999981684,4342.795999981684,4343.295999981684,1104,1431,1268
4342.527948755791,4342.152948755791,4342.902948755791,1645,1308,1477
4339.8332724881275,4339.7082724881275,4339.9582724881275,2192,1029,1611
4334.142308610228,4334.017308610228,4334.267308610228,1464,1985,1725
4330.33812190642,4330.21312190642,4330.46312190642,775,1034,905
4328.939598839423,4328.564598839423,4329.314598839423,1701,1182,1442
4327.66886813607,4327.41886813607,4327.91886813607,1517,600,1059
4318.591789826843,4318.466789826843,4318.716789826843,1421,1866,1644
4323.334594063427,4323.209594063427,4323.459594063427,1030,1849,1440
4324.546745254714,4324.421745254714,4324.671745254714,1887,660,1274
4322.087954556847,4321.962954556847,4322.212954556847,1952,1773,1863
4326.495477201584,4326.245477201584,4326.745477201584,2370,1471,1921
4323.716803777745,4323.466803777745,4323.966803777745,857,1744,1301
4322.901235942852,4322.776235942852,4323.026235942852,1103,2156,1630
4325.277532106502,4325.152532106502,4325.402532106502,767,886,827
4322.115954872536,4321.990954872536,4322.240954872536,794,1531,1163
4317.687256405178,4317.437256405178,4317.937256405178,738,1263,1001
4314.273155228025,4314.148155228025,4314.398155228025,872,1987,1430
4313.812686821586,4313.687686821586,4313.937686821586,807,894,851
4319.561767281117,4319.436767281117,4319.686767281117,1798,1065,1432
4322.690993450769,4322.315993450769,4323.065993450769,1346,841,1094
4318.284691024917,4318.034691024917,4318.534691024917,1115,2702,1909
4323.344426287588,4323.094426287588,4323.594426287588,1809,986,1398
4321.057565901663,4320.932565901663,4321.182565901663,1203,974,1089
4312.791871580764,4312.666871580764,4312.916871580764,648,1505,1077
4308.669215401936,4308.294215401936,4309.044215401936,2103,1306,1705
4313.507296246017,4313.382296246017,4313.632296246017,674,1013,844
4308.609362166065,4308.484362166065,4308.734362166065,1753,1412,1583
4306.322233838483,4306.197233838483,4306.447233838483,1127,1412,1270
4310.688453918587,4310.563453918587,4310.813453918587,1200,1871,1536
4313.9090335044275,4313.7840335044275,4314.0340335044275,1632,947,1290
4320.098505790934,4319.723505790934,4320.473505790934,904,2065,1485
4314.680662508252,4314.555662508252,4314.805662508252,1222,1509,1366
4311.556183848246,4311.431183848246,4311.681183848246,640,1009,825
4306.822623635562,4306.697623635562,4306.947623635562,1507,1534,1521
4303.372808867519,4303.247808867519,4303.497808867519,1781,1112,1447
4301.715260098894,4301.465260098894,4301.965260098894,1179,1056,1118
4302.656736147911,4302.531736147911,4302.781736147911,2197,1050,1624
4302.001587770324,4301.626587770324,4302.376587770324,1746,1039,1393
4303.662370497858,4303.412370497858,4303.912370497858,593,1202,898
4296.93658657014,4296.81158657014,4297.06158657014,2332,903,1618
4297.881216246836,4297.756216246836,4298.006216246836,662,1137,900
4297.359005486069,4297.109005486069,4297.609005486069,1424,621,1023
4301.6195087632195,4301.4945087632195,4301.7445087632195,2233,982,1608
4299.266107562144,4299.016107562144,4299.516107562144,973,1168,1071
4300.411963578058,4300.286963578058,4300.536963578058,643,1896,1270
4299.428234720339,4299.178234720339,4299.678234720339,1428,1035,1232
4300.234577607867,4299.984577607867,4300.484577607867,2280,1125,1703
4298.7254491494205,4298.6004491494205,4298.8504491494205,668,1543,1106
4297.426918667797,4297.176918667797,4297.676918667797,1798,1565,1682
4292.186904501409,4292.061904501409,4292.311904501409,2002,707,1355
4291.789082171385,4291.414082171385,4292.164082171385,1195,1166,1181
4287.235600969957,4286.985600969957,4287.485600969957,2083,748,1416
4288.83895392989,4288.71395392989,4288.96395392989,1819,844,1332
4287.099287175877,4286.974287175877,4287.224287175877,803,1194,999
4288.665099586194,4288.290099586194,4289.040099586194,1165,520,843
4294.298561048555,4294.173561048555,4294.423561048555,832,1785,1309
4295.501828598906,4295.251828598906,4295.751828598906,947,964,956
4296.747706936228,4296.622706936228,4296.872706936228,1510,551,1031
4296.516184014336,4296.391184014336,4296.641184014336,2449,818,1634
4301.2743625074645,4301.1493625074645,4301.3993625074645,1971,1384,1678
4302.275990452893,4302.150990452893,4302.400990452893,1085,1076,1081
4307.1120151373425,4306.9870151373425,4307.2370151373425,1007,1834,1421
4309.751570460631,4309.626570460631,4309.876570460631,1971,736,1354
4311.300996702392,4311.050996702392,4311.550996702392,1068,775,922
4302.531428637393,4302.281428637393,4302.781428637393,1637,748,1193
4305.859540456544,4305.484540456544,4306.234540456544,749,1674,1212
4305.242375575774,4304.867375575774,4305.617375575774,1263,1934,1599
4300.843572018074,4300.718572018074,4300.968572018074,2009,818,1414
4301.92613927388,4301.80113927388,4302.05113927388,1973,1082,1528
4303.911171122715,4303.786171122715,4304.036171122715,1836,1515,1676
4305.150833516471,4305.025833516471,4305.275833516471,1564,1517,1541
4301.941953129975,4301.691953129975,4302.191953129975,1366,917,1142
4301.291014911854,4301.166014911854,4301.416014911854,2166,1721,1944
4305.459124275595,4305.334124275595,4305.584124275595,1010,909,960
4303.43524406528,4303.31024406528,4303.56024406528,692,1199,946
4300.128973425412,4300.003973425412,4300.253973425412,651,1270,961
4298.945703234063,4298.570703234063,4299.320703234063,679,1970,1325
4298.734921468684,4298.484921468684,4298.984921468684,886,2493,1690
4298.840403349012,4298.590403349012,4299.090403349012,1651,600,1126
4299.09571392226,4298.97071392226,4299.22071392226,2277,1246,1762
4296.813535243914,4296.438535243914,4297.188535243914,913,2410,1662
4292.943409560507,4292.818409560507,4293.068409560507,1700,917,1309
4289.353115496571,4289.228115496571,4289.478115496571,783,1258,1021
4289.782034815482,4289.657034815482,4289.907034815482,1249,1722,1486
4283.745338926247,4283.495338926247,4283.995338926247,1146,2213,1680
4285.9681071986815,4285.8431071986815,4286.0931071986815,857,1754,1306
4287.304075133408,4286.929075133408,4287.679075133408,1645,2132,1889
4289.550835758286,4289.425835758286,4289.675835758286,2291,1134,1713
4283.514927230047,4283.389927230047,4283.639927230047,1253,1386,1320
4282.223512357555,4281.973512357555,4282.473512357555,1221,1714,1468
4285.592919660907,4285.342919660907,4285.842919660907,1096,951,1024
4281.990595334845,4281.740595334845,4282.240595334845,2307,1134,1721
4283.95186535901,4283.82686535901,4284.07686535901,2029,1570,1800
4277.303887682164,4277.178887682164,4277.428887682164,1544,1527,1536
4275.628064617565,4275.503064617565,4275.753064617565,1190,1459,1325
4279.843544742946,4279.593544742946,4280.093544742946,1221,950,1086
4279.893220118209,4279.643220118209,4280.143220118209,1056,2627,1842
4282.084043472621,4281.709043472621,4282.459043472621,1672,1015,1344
4280.034120361505,4279.909120361505,4280.159120361505,2465,1200,1833
4279.9539681428805,4279.8289681428805,4280.0789681428805,792,1997,1395
4277.460777333379,4277.335777333379,4277.585777333379,1637,798,1218
4272.902215370579,4272.527215370579,4273.277215370579,1067,974,1021
4274.3182003467045,4274.0682003467045,4274.5682003467045,416,1225,821
4273.614964507421,4273.364964507421,4273.864964507421,760,881,821
4270.391926629592,4270.266926629592,4270.516926629592,1576,2179,1878
4268.088090616984,4267.838090616984,4268.338090616984,1331,716,1024
4267.830628978304,4267.580628978304,4268.080628978304,1398,1665,1532
4270.900794676991,4270.775794676991,4271.025794676991,797,830,814
4269.117777270292,4268.992777270292,4269.242777270292,1575,1400,1488
4269.298836595151,4269.173836595151,4269.423836595151,1400,2005,1703
4277.481255347518,4277.356255347518,4277.606255347518,1490,2191,1841
4274.307960280461,4274.057960280461,4274.557960280461,1849,1126,1488
4276.79774623439,4276.54774623439,4277.04774623439,556,1437,997
4275.028682070357,4274.778682070357,4275.278682070357,822,1585,1204
4274.827950501027,4274.702950501027,4274.952950501027,819,986,903
4278.068701850773,4277.818701850773,4278.318701850773,1342,901,1122
4282.583129935035,4282.208129935035,4282.958129935035,1957,958,1458
4277.700072176958,4277.575072176958,4277.825072176958,1155,820,988
4276.7283060867085,4276.6033060867085,4276.8533060867085,1566,2357,1962
4275.60139337271,4275.35139337271,4275.85139337271,1063,690,877
4281.182486822587,4281.057486822587,4281.307486822587,1035,2756,1896
4281.27577649405,4280.90077649405,4281.65077649405,1180,719,950
4278.741745180362,4278.491745180362,4278.991745180362,642,1353,998
4283.951389771002,4283.701389771002,4284.201389771002,1792,1143,1468
4284.036644530306,4283.911644530306,4284.161644530306,2671,904,1788
4285.984604033957,4285.859604033957,4286.109604033957,2205,1522,1864
4289.03595976197,4288.91095976197,4289.16095976197,2461,974,1718
4291.288410877064,4291.163410877064,4291.413410877064,1426,1301,1364
4289.425472042249,4289.050472042249,4289.800472042249,1246,2533,1890
4288.810477262698,4288.685477262698,4288.935477262698,1733,1780,1757
4287.599709893553,4287.474709893553,4287.724709893553,1543,1626,1585
4284.664126252056,4284.414126252056,4284.914126252056,1703,1200,1452
4282.859448259781,4282.734448259781,4282.984448259781,1912,645,1279
4283.205422253275,4282.955422253275,4283.455422253275,1045,1700,1373
4282.924020994879,4282.799020994879,4283.049020994879,1575,1870,1723
4282.983058108696,4282.733058108696,4283.233058108696,1189,922,1056
4279.677647771171,4279.427647771171,4279.927647771171,1036,583,810
4279.638801647029,4279.388801647029,4279.888801647029,1421,1532,1477
4277.300103150648,4277.050103150648,4277.550103150648,1172,551,862
4278.4705871973565,4278.0955871973565,4278.8455871973565,2477,1050,1764
4279.164704986427,4279.039704986427,4279.289704986427,618,1121,870
4275.457879600754,4275.332879600754,4275.582879600754,1085,870,978
4272.853468192189,4272.728468192189,4272.978468192189,968,1041,1005
4274.1082564784765,4273.7332564784765,4274.4832564784765,1728,1193,1461
4276.293700027577,4276.168700027577,4276.418700027577,1426,981,1204
4278.119334628709,4277.744334628709,4278.494334628709,928,1631,1280
4274.375586199,4274.000586199,4274.750586199,1993,1472,1733
4272.20403117634,4271.95403117634,4272.45403117634,1470,1037,1254
4272.520207694278,4272.395207694278,4272.645207694278,593,1382,988
4274.2294531333355,4274.1044531333355,4274.3544531333355,1068,581,825
4274.905187738395,4274.780187738395,4275.030187738395,2182,1395,1789
4275.635118304351,4275.385118304351,4275.885118304351,1459,1818,1639
4276.041523818247,4275.666523818247,4276.416523818247,1709,902,1306
4278.195423868956,4277.945423868956,4278.445423868956,1160,1181,1171
4277.174822132016,4276.924822132016,4277.424822132016,1025,816,921
4280.484122926119,4280.234122926119,4280.734122926119,1502,1277,1390
4276.7977648226515,4276.6727648226515,4276.9227648226515,949,1166,1058
4278.204060606608,4277.954060606608,4278.454060606608,1231,876,1054
4276.599196625552,4276.474196625552,4276.724196625552,752,1965,1359
4274.924017461827,4274.799017461827,4275.049017461827,1964,1447,1706
4273.111298427322,4272.736298427322,4273.486298427322,1103,526,815
4274.368723640738,4274.118723640738,4274.618723640738,1749,1120,1435
4275.366862233272,4275.241862233272,4275.491862233272,604,1695,1150
4275.818520949969,4275.443520949969,4276.193520949969,1870,1393,1632
4274.577893337448,4274.202893337448,4274.952893337448,1892,1785,1839
4275.264090127394,4275.139090127394,4275.389090127394,1341,1860,1601
4272.432351191047,4272.182351191047,4272.682351191047,2081,1042,1562
4274.260858276052,4274.010858276052,4274.510858276052,1195,786,991
4277.349034713283,4277.224034713283,4277.474034713283,1250,2089,1670
4278.8433236402125,4278.7183236402125,4278.9683236402125,1102,885,994
4278.685769115895,4278.560769115895,4278.810769115895,437,1310,874
4279.20530203088,4278.83030203088,4279.58030203088,2017,1640,1829
4279.988587448556,4279.863587448556,4280.113587448556,2343,1120,1732
4282.453253052617,4282.203253052617,4282.703253052617,846,1695,1271
4283.461067864902,4283.336067864902,4283.586067864902,937,1510,1224
4278.395269902126,4278.270269902126,4278.520269902126,971,2458,1715
4282.471229596754,4282.221229596754,4282.721229596754,1375,1774,1575
4279.654959384375,4279.529959384375,4279.779959384375,963,1886,1425
4280.081470358714,4279.831470358714,4280.331470358714,1530,1389,1460
4279.5469395898945,4279.2969395898945,4279.7969395898945,1670,1243,1457
4274.963982008186,4274.838982008186,4275.088982008186,932,903,918
4273.778270036342,4273.528270036342,4274.028270036342,1302,673,988
4276.321615697002,4276.071615697002,4276.571615697002,1856,1881,1869
4273.7950160984965,4273.6700160984965,4273.9200160984965,1217,1322,1270
4276.616054306418,4276.366054306418,4276.866054306418,1565,1046,1306
4276.655460483852,4276.530460483852,4276.780460483852,1074,1187,1131
4275.787873364605,4275.537873364605,4276.037873364605,1359,1450,1405
4277.442521207145,4277.317521207145,4277.567521207145,683,2044,1364
4277.29600144688,4277.04600144688,4277.54600144688,1294,1219,1257
4279.284991717335,4279.159991717335,4279.409991717335,1592,997,1295
4281.197515240085,4281.072515240085,4281.322515240085,815,1266,1041
4280.895501121712,4280.520501121712,4281.270501121712,1842,629,1236
4281.082396193484,4280.957396193484,4281.207396193484,1237,1314,1276
4281.891369240001,4281.641369240001,4282.141369240001,661,1658,1160
4279.5128547363565,4279.3878547363565,4279.6378547363565,2233,1584,1909
4279.371858580827,4279.246858580827,4279.496858580827,1275,908,1092
4277.413488749574,4277.163488749574,4277.663488749574,724,1577,1151
4280.743404327722,4280.493404327722,4280.993404327722,2047,952,1500
4279.017799806785,4278.767799806785,4279.267799806785,2187,1154,1671
4282.5738061094335,4282.1988061094335,4282.9488061094335,1514,1175,1345
4282.1421114378445,4282.0171114378445,4282.2671114378445,1315,1604,1460
4280.233261630901,4280.108261630901,4280.358261630901,1196,1093,1145
4279.5382694488935,4279.4132694488935,4279.6632694488935,1955,1218,1587
4278.651575965079,4278.526575965079,4278.776575965079,1079,580,830
4279.539940782108,4279.289940782108,4279.789940782108,1526,1677,1602
4276.183390559533,4275.933390559533,4276.433390559533,988,2715,1852
4280.0744673584395,4279.9494673584395,4280.1994673584395,1027,2666,1847
4279.930081648717,4279.805081648717,4280.055081648717,1438,759,1099
4277.261807158203,4277.011807158203,4277.511807158203,1376,1751,1564
4277.909034881135,4277.659034881135,4278.159034881135,1189,1908,1549
4276.181861460957,4275.806861460957,4276.556861460957,1129,1754,1442
4276.377204957472,4276.127204957472,4276.627204957472,613,1446,1030
4278.699863462383,4278.324863462383,4279.074863462383,1155,1714,1435
4282.291106229037,4281.916106229037,4282.666106229037,737,1584,1161
4286.574038099568,4286.449038099568,4286.699038099568,1543,2348,1946
4285.4081711594345,4285.2831711594345,4285.5331711594345,887,1550,1219
4282.402350374141,4282.152350374141,4282.652350374141,1093,512,803
4278.888488171586,4278.763488171586,4279.013488171586,1152,1735,1444
4282.060889957332,4281.935889957332,4282.185889957332,1764,601,1183
4282.269222777319,4282.144222777319,4282.394222777319,1059,1268,1164
4285.730111451127,4285.355111451127,4286.105111451127,715,1536,1126
4291.109413386779,4290.984413386779,4291.234413386779,660,1651,1156
4293.028460225388,4292.778460225388,4293.278460225388,1171,984,1078
4291.744331332962,4291.369331332962,4292.119331332962,582,1683,1133
4292.730283090896,4292.605283090896,4292.855283090896,1063,550,807
4292.301180705404,4292.176180705404,4292.426180705404,1399,1064,1232
4290.0617190120565,4289.9367190120565,4290.1867190120565,1813,1726,1770
4292.5564504839085,4292.3064504839085,4292.8064504839085,847,1382,1115
4291.175556435081,4290.800556435081,4291.550556435081,1414,1165,1290
4293.12952650796,4293.00452650796,4293.25452650796,1164,1217,1191
4295.119215994768,4294.994215994768,4295.244215994768,1342,967,1155
4291.9969475183225,4291.8719475183225,4292.1219475183225,1326,1813,1570
4292.280901682641,4292.155901682641,4292.405901682641,639,1352,996
4291.671186854938,4291.546186854938,4291.796186854938,795,2118,1457
4293.027049982301,4292.902049982301,4293.152049982301,613,1716,1165
4290.921776172405,4290.546776172405,4291.296776172405,1102,715,909
4289.854788979977,4289.479788979977,4290.229788979977,481,1292,887
4291.8303979881375,4291.7053979881375,4291.9553979881375,1174,2747,1961
4290.9604695169555,4290.5854695169555,4291.3354695169555,2210,1595,1903
4295.739905482333,4295.614905482333,4295.864905482333,706,1665,1186
4297.006043226611,4296.881043226611,4297.131043226611,974,1333,1154
4294.74849655573,4294.62349655573,4294.87349655573,1480,1461,1471
4293.563879625457,4293.313879625457,4293.813879625457,2416,1291,1854
4290.669362202641,4290.419362202641,4290.919362202641,2155,1174,1665
4293.625717375093,4293.500717375093,4293.750717375093,1072,851,962
4296.956949351994,4296.831949351994,4297.081949351994,838,1709,1274
4295.979569515769,4295.854569515769,4296.104569515769,943,1436,1190
4297.289102245149,4297.039102245149,4297.539102245149,904,1113,1009
4299.958339308009,4299.833339308009,4300.083339308009,1439,2008,1724
4299.957165117685,4299.832165117685,4300.082165117685,1116,867,992
4302.183398238363,4302.058398238363,4302.308398238363,467,1226,847
4297.277482155313,4297.152482155313,4297.402482155313,2286,1249,1768
4295.436262826935,4295.061262826935,4295.811262826935,1763,1006,1385
4294.636050025458,4294.386050025458,4294.886050025458,1079,2050,1565
4296.9928396255655,4296.7428396255655,4297.2428396255655,1716,1091,1404
4295.213933139661,4295.088933139661,4295.338933139661,1573,1730,1652
4298.387503214697,4298.262503214697,4298.512503214697,847,1782,1315
4294.957751873954,4294.832751873954,4295.082751873954,1917,794,1356
4294.6976784501,4294.5726784501,4294.8226784501,630,1427,1029
4295.823150885995,4295.448150885995,4296.198150885995,1457,1526,1492
4299.114796474694,4298.989796474694,4299.239796474694,1179,514,847
4296.990399335964,4296.740399335964,4297.240399335964,1051,2298,1675
4296.93872587512,4296.81372587512,4297.06372587512,724,1025,875
4297.334214460894,4297.209214460894,4297.459214460894,1312,1511,1412
4299.681142734159,4299.556142734159,4299.806142734159,631,1472,1052
4298.713460537201,4298.463460537201,4298.963460537201,918,809,864
4299.784661987658,4299.534661987658,4300.034661987658,1265,1292,1279
4303.5218097604,4303.1468097604,4303.8968097604,1001,2012,1507
4306.326914010553,4306.076914010553,4306.576914010553,1862,663,1263
4309.084772645303,4308.834772645303,4309.334772645303,1692,583,1138
4309.620437542932,4309.495437542932,4309.745437542932,1151,948,1050
4307.2942908697805,4307.1692908697805,4307.4192908697805,1102,1959,1531
4308.535045884652,4308.410045884652,4308.660045884652,1969,1382,1676
4307.051646668524,4306.801646668524,4307.301646668524,1987,1140,1564
4307.74368380466,4307.36868380466,4308.11868380466,751,1438,1095
4307.503634039024,4307.128634039024,4307.878634039024,536,1331,934
4307.955314140002,4307.580314140002,4308.330314140002,1116,2421,1769
4310.237085242226,4310.112085242226,4310.362085242226,2131,1716,1924
4309.4144542336735,4309.1644542336735,4309.6644542336735,974,1115,1045
4308.271917527236,4308.146917527236,4308.396917527236,621,1778,1200
4306.677743207918,4306.552743207918,4306.802743207918,2150,1477,1814
4304.18194908212,4304.05694908212,4304.30694908212,1628,1817,1723
4303.181459547712,4303.056459547712,4303.306459547712,1337,2008,1673
4306.2767692714215,4306.1517692714215,4306.4017692714215,926,2743,1835
4306.963150993299,4306.713150993299,4307.213150993299,827,778,803
4304.580133585702,4304.205133585702,4304.955133585702,832,1157,995
4299.921111597363,4299.796111597363,4300.046111597363,632,1565,1099
4295.065052298146,4294.940052298146,4295.190052298146,1108,1803,1456
4294.878569001637,4294.628569001637,4295.128569001637,604,1241,923
4294.37526871302,4294.25026871302,4294.50026871302,2210,1439,1825
4294.55525143069,4294.43025143069,4294.68025143069,1165,2498,1832
4297.052921691696,4296.802921691696,4297.302921691696,1147,1984,1566
4298.415568176673,4298.165568176673,4298.665568176673,1132,2551,1842
4301.396415332646,4301.271415332646,4301.521415332646,715,1644,1180
4302.878304363697,4302.753304363697,4303.003304363697,2451,972,1712
4299.398121123767,4299.273121123767,4299.523121123767,2443,1142,1793
4295.152306696732,4295.027306696732,4295.277306696732,1691,850,1271
4292.93902077099,4292.68902077099,4293.18902077099,2305,1358,1832
4294.57673400828,4294.45173400828,4294.70173400828,834,1383,1109
4292.406785465561,4292.281785465561,4292.531785465561,1834,1121,1478
4289.619049941288,4289.369049941288,4289.869049941288,1369,920,1145
4289.3163285968085,4289.1913285968085,4289.4413285968085,2086,1033,1560
4290.970099203712,4290.845099203712,4291.095099203712,2559,1062,1811
4291.637810743333,4291.262810743333,4292.012810743333,813,1662,1238
4292.143028291357,4292.018028291357,4292.268028291357,1932,1717,1825
4292.572693964131,4292.197693964131,4292.947693964131,1406,1909,1658
4291.101181151743,4290.976181151743,4291.226181151743,1333,1088,1211
4289.835862378101,4289.585862378101,4290.085862378101,1328,863,1096
4287.9360296811,4287.6860296811,4288.1860296811,1423,2268,1846
4287.569747686716,4287.444747686716,4287.694747686716,712,1923,1318
4287.215918231293,4286.965918231293,4287.465918231293,807,1624,1216
4285.90136540549,4285.77636540549,4286.02636540549,1021,862,942
4285.252163387222,4285.127163387222,4285.377163387222,1735,1360,1548
4285.650505435346,4285.525505435346,4285.775505435346,719,1480,1100
4289.033711378689,4288.908711378689,4289.158711378689,803,1722,1263
4289.098591394139,4288.973591394139,4289.223591394139,1932,1267,1600
4284.813334126513,4284.438334126513,4285.188334126513,915,1160,1038
4287.3896287809785,4287.2646287809785,4287.5146287809785,1780,895,1338
4289.488552291341,4289.238552291341,4289.738552291341,635,1756,1196
4287.790675149254,4287.665675149254,4287.915675149254,500,1385,943
4292.5679527458915,4292.3179527458915,4292.8179527458915,2128,1173,1651
4292.012541532658,4291.887541532658,4292.137541532658,1761,1166,1464
4288.7181036025395,4288.4681036025395,4288.9681036025395,1542,1581,1562
4293.567073056646,4293.317073056646,4293.817073056646,2445,1244,1845
4295.594026560651,4295.469026560651,4295.719026560651,2213,1046,1630
4288.937621564771,4288.812621564771,4289.062621564771,2804,1015,1910
4289.321611730297,4289.196611730297,4289.446611730297,1763,918,1341
4290.2164856640375,4290.0914856640375,4290.3414856640375,1082,627,855
4291.414863263996,4291.039863263996,4291.789863263996,1750,2227,1989
4293.869482042277,4293.744482042277,4293.994482042277,1226,2161,1694
4298.886333686829,4298.761333686829,4299.011333686829,1432,1235,1334
4301.433685362276,4301.183685362276,4301.683685362276,1452,559,1006
4297.684774435918,4297.559774435918,4297.809774435918,1065,1598,1332
4296.017428209754,4295.892428209754,4296.142428209754,1489,1042,1266
4291.728892579502,4291.603892579502,4291.853892579502,850,861,856
4293.529779251411,4293.154779251411,4293.904779251411,1006,2177,1592
4293.2359894204965,4292.8609894204965,4293.6109894204965,1252,2341,1797
4291.317962442335,4291.192962442335,4291.442962442335,2824,1051,1938
4284.7370825179,4284.6120825179,4284.8620825179,1707,982,1345
4284.171771394533,4283.921771394533,4284.421771394533,630,1263,947
4288.2714830613095,4288.1464830613095,4288.3964830613095,1355,1066,1211
4287.638300967419,4287.388300967419,4287.888300967419,1208,1729,1469
4284.008226577025,4283.758226577025,4284.258226577025,1094,797,946
4283.930863807791,4283.805863807791,4284.055863807791,580,1071,826
4280.398036527413,4280.273036527413,4280.523036527413,701,1366,1034
4278.935198993503,4278.685198993503,4279.185198993503,1723,608,1166
4278.354846277451,4278.229846277451,4278.479846277451,835,1580,1208
4277.166770377461,4277.041770377461,4277.291770377461,1023,1538,1281
4277.115839744645,4276.865839744645,4277.365839744645,1029,572,801
4277.794531788613,4277.669531788613,4277.919531788613,1734,1533,1634
4278.389861894365,4278.264861894365,4278.514861894365,670,991,831
4277.339700899509,4277.214700899509,4277.464700899509,1024,1371,1198
4282.822866512763,4282.572866512763,4283.072866512763,2189,1662,1926
4287.025399636452,4286.900399636452,4287.150399636452,1896,681,1289
4290.351277790138,4290.101277790138,4290.601277790138,1724,2073,1899
4296.900151182187,4296.650151182187,4297.150151182187,1591,686,1139
4296.2187406911935,4296.0937406911935,4296.3437406911935,1740,2201,1971
4289.807344034015,4289.682344034015,4289.932344034015,1236,527,882
4290.289327479142,4290.164327479142,4290.414327479142,1457,714,1086
4285.297793407574,4285.047793407574,4285.547793407574,1157,2122,1640
4284.146894443983,4283.896894443983,4284.396894443983,1287,1160,1224
4285.622532171407,4285.372532171407,4285.872532171407,1962,729,1346
4285.422262731291,4285.297262731291,4285.547262731291,1368,1533,1451
4283.584995851056,4283.459995851056,4283.709995851056,624,1523,1074
4285.510056651404,4285.260056651404,4285.760056651404,1549,1390,1470
4287.721997653893,4287.471997653893,4287.971997653893,2463,964,1714
4289.754164113145,4289.629164113145,4289.879164113145,1183,2536,1860
4294.419403711703,4294.294403711703,4294.544403711703,1433,1360,1397
4297.706093610956,4297.456093610956,4297.956093610956,1231,1332,1282
4296.86562750552,4296.74062750552,4296.99062750552,1168,867,1018
4296.121770899255,4295.996770899255,4296.246770899255,1119,876,998
4290.7075508603275,4290.5825508603275,4290.8325508603275,1067,1380,1224
4292.219972717811,4292.094972717811,4292.344972717811,1750,2153,1952
4291.822030182002,4291.697030182002,4291.947030182002,2028,1869,1949
4294.025944007568,4293.775944007568,4294.275944007568,1775,1482,1629
4293.00123904098,4292.87623904098,4293.12623904098,1235,602,919
4291.06683290005,4290.81683290005,4291.31683290005,2298,1225,1762
4293.57043109357,4293.19543109357,4293.94543109357,1431,956,1194
4294.038300646305,4293.913300646305,4294.163300646305,554,1379,967
4294.891488750152,4294.766488750152,4295.016488750152,1184,1001,1093
4300.9673543446115,4300.5923543446115,4301.3423543446115,1616,1437,1527
4297.651559232163,4297.526559232163,4297.776559232163,929,738,834
4292.952203829765,4292.827203829765,4293.077203829765,1189,588,889
4293.5607950460535,4293.4357950460535,4293.6857950460535,1782,805,1294
4297.469561899403,4297.344561899403,4297.594561899403,2639,1036,1838
4296.127550081193,4295.877550081193,4296.377550081193,2078,1889,1984
4294.630642931233,4294.505642931233,4294.755642931233,1622,1131,1377
4291.841545596309,4291.716545596309,4291.966545596309,1236,1305,1271
4285.517455124451,4285.267455124451,4285.767455124451,1360,2287,1824
4283.703617024965,4283.453617024965,4283.953617024965,785,1992,1389
4284.713537081809,4284.463537081809,4284.963537081809,1347,2334,1841
4286.818984198884,4286.443984198884,4287.193984198884,1608,1171,1390
4286.111088873161,4285.986088873161,4286.236088873161,1023,814,919
4289.8843816901135,4289.7593816901135,4290.0093816901135,2344,1371,1858
4288.046205791603,4287.921205791603,4288.171205791603,2535,864,1700
4293.0059038945155,4292.7559038945155,4293.2559038945155,810,1085,948
4288.991320743402,4288.866320743402,4289.116320743402,1593,910,1252
4291.144522638403,4290.894522638403,4291.394522638403,1930,1327,1629
4295.722990577072,4295.597990577072,4295.847990577072,709,1556,1133
4299.048676179749,4298.923676179749,4299.173676179749,977,1328,1153
4299.57837570721,4299.45337570721,4299.70337570721,1306,1077,1192
4295.92363980077,4295.79863980077,4296.04863980077,988,637,813
4295.974860283164,4295.724860283164,4296.224860283164,1927,1424,1676
4302.091799209079,4301.716799209079,4302.466799209079,2106,1215,1661
4301.894861746066,4301.519861746066,4302.269861746066,867,2376,1622
4301.390382184034,4301.140382184034,4301.640382184034,1586,787,1187
4299.844205499987,4299.469205499987,4300.219205499987,825,1758,1292
4298.603438267221,4298.478438267221,4298.728438267221,1992,1837,1915
4299.682304759892,4299.557304759892,4299.807304759892,809,2054,1432
4303.632202560625,4303.382202560625,4303.882202560625,573,1062,818
4308.122180828727,4307.997180828727,4308.247180828727,1368,1291,1330
4307.374817530069,4307.124817530069,4307.624817530069,1697,1322,1510
4306.9514471226175,4306.5764471226175,4307.3264471226175,934,1875,1405
4305.969244240631,4305.719244240631,4306.219244240631,1440,679,1060
4303.857932378828,4303.607932378828,4304.107932378828,2267,1262,1765
4300.764282649137,4300.514282649137,4301.014282649137,2333,1642,1988
4301.8976985285235,4301.6476985285235,4302.1476985285235,1289,2280,1785
4301.763649373024,4301.638649373024,4301.888649373024,1025,2662,1844
4304.512783619899,4304.387783619899,4304.637783619899,494,1433,964
4304.4542634886,4304.3292634886,4304.5792634886,847,1392,1120
4298.711685990008,4298.336685990008,4299.086685990008,992,901,947
4294.175763050068,4294.050763050068,4294.300763050068,703,1432,1068
4298.153499084742,4298.028499084742,4298.278499084742,1430,2229,1830
4295.6178832061605,4295.4928832061605,4295.7428832061605,1098,2241,1670
4298.233439574085,4297.983439574085,4298.483439574085,819,1224,1022
4304.765953011635,4304.640953011635,4304.890953011635,2213,1370,1792
4300.867135992612,4300.742135992612,4300.992135992612,946,1545,1246
4301.106676953871,4300.856676953871,4301.356676953871,527,1190,859
4302.048454935722,4301.798454935722,4302.298454935722,1727,628,1178
4296.7594226801775,4296.3844226801775,4297.1344226801775,1382,1493,1438
4296.607343442972,4296.482343442972,4296.732343442972,1135,2862,1999
4298.024339162537,4297.899339162537,4298.149339162537,1703,1494,1599
4294.070914520182,4293.945914520182,4294.195914520182,2709,934,1822
4287.664512621457,4287.539512621457,4287.789512621457,789,1256,1023
4290.543477409879,4290.418477409879,4290.668477409879,2448,1273,1861
4290.001258599209,4289.876258599209,4290.126258599209,1106,1097,1102
4290.968367727262,4290.718367727262,4291.218367727262,2040,929,1485
4286.2943637032395,4286.0443637032395,4286.5443637032395,917,2464,1691
4286.38254726858,4286.13254726858,4286.63254726858,831,1288,1060
4280.78229625129,4280.65729625129,4280.90729625129,1679,2292,1986
4279.9616129847755,4279.8366129847755,4280.0866129847755,841,946,894
4275.610461295143,4275.360461295143,4275.860461295143,1334,2125,1730
4276.682368286711,4276.557368286711,4276.807368286711,1501,518,1010
4272.847355755853,4272.722355755853,4272.972355755853,987,2442,1715
4276.714937986491,4276.589937986491,4276.839937986491,1282,1019,1151
4279.164388129235,4279.039388129235,4279.289388129235,1346,2279,1813
4279.905998534448,4279.780998534448,4280.030998534448,928,2145,1537
4276.251515232844,4276.126515232844,4276.376515232844,794,1007,901
4276.433271247209,4276.308271247209,4276.558271247209,439,1264,852
4276.025569839324,4275.900569839324,4276.150569839324,1027,1592,1310
4275.145431094843,4274.895431094843,4275.395431094843,633,1156,895
4273.009593623306,4272.884593623306,4273.134593623306,1499,2204,1852
4269.856802841768,4269.731802841768,4269.981802841768,1980,1553,1767
4268.94891613194,4268.57391613194,4269.32391613194,1683,2114,1899
4269.52467147593,4269.39967147593,4269.64967147593,636,1317,977
4270.793557682184,4270.543557682184,4271.043557682184,935,2332,1634
4275.195503690451,4275.070503690451,4275.320503690451,2076,911,1494
4273.3356612433845,4273.2106612433845,4273.4606612433845,648,1785,1217
4280.14565394969,4280.02065394969,4280.27065394969,1184,469,827
4277.532630362992,4277.282630362992,4277.782630362992,960,955,958
4287.662198252903,4287.412198252903,4287.912198252903,605,1060,833
4290.232749470903,4289.982749470903,4290.482749470903,2134,1547,1841
4297.5829212437775,4297.4579212437775,4297.7079212437775,1839,888,1364
4297.2421773451015,4297.1171773451015,4297.3671773451015,1046,721,884
4297.167536396263,4296.917536396263,4297.417536396263,1583,1066,1325
4302.642785871342,4302.517785871342,4302.767785871342,1487,1728,1608
4298.085239085136,4297.710239085136,4298.460239085136,1047,668,858
4296.299942447751,4296.174942447751,4296.424942447751,1528,591,1060
4299.307749652977,4299.182749652977,4299.432749652977,1608,2227,1918
4304.873976810674,4304.498976810674,4305.248976810674,1762,1313,1538
4300.574699168427,4300.449699168427,4300.699699168427,2686,1193,1940
4303.818329562617,4303.693329562617,4303.943329562617,944,2315,1630
4304.539309903119,4304.289309903119,4304.789309903119,2027,1294,1661
4303.272328102517,4303.022328102517,4303.522328102517,1010,2921,1966
4303.343715507868,4303.093715507868,4303.593715507868,1899,1620,1760
4299.508007016638,4299.383007016638,4299.633007016638,1096,1625,1361
4298.9248794186715,4298.7998794186715,4299.0498794186715,1814,1255,1535
4302.496196413515,4302.371196413515,4302.621196413515,1623,964,1294
4302.800292308845,4302.425292308845,4303.175292308845,1264,933,1099
4300.058582288353,4299.808582288353,4300.308582288353,2136,1173,1655
4301.71688513802,4301.46688513802,4301.96688513802,1353,2304,1829
4306.591872165746,4306.466872165746,4306.716872165746,1142,1835,1489
4307.055923023331,4306.930923023331,4307.180923023331,1711,1984,1848
4303.897974514069,4303.772974514069,4304.022974514069,738,1687,1213
4304.791516710253,4304.666516710253,4304.916516710253,1542,803,1173
4307.720943019698,4307.595943019698,4307.845943019698,1199,1510,1355
4306.355528243211,4306.230528243211,4306.480528243211,1015,1942,1479
4303.102891808562,4302.977891808562,4303.227891808562,850,2185,1518
4303.450462714801,4303.075462714801,4303.825462714801,1403,1810,1607
4303.7212870488465,4303.5962870488465,4303.8462870488465,1112,2221,1667
4306.556609418659,4306.431609418659,4306.681609418659,1037,1532,1285
4303.239565727251,4302.989565727251,4303.489565727251,1829,1794,1812
4306.73741510981,4306.48741510981,4306.98741510981,1247,1920,1584
4309.570898222079,4309.320898222079,4309.820898222079,932,913,923
4310.789387283249,4310.414387283249,4311.164387283249,862,1291,1077
4308.413113569683,4308.288113569683,4308.538113569683,1098,1333,1216
4304.827082398668,4304.577082398668,4305.077082398668,1867,1776,1822
4305.60158676608,4305.47658676608,4305.72658676608,2029,1312,1671
4308.587567115979,4308.337567115979,4308.837567115979,2348,1333,1841
4312.118989485844,4311.993989485844,4312.243989485844,1928,1055,1492
4313.595085704318,4313.470085704318,4313.720085704318,2372,815,1594
4315.273903119824,4314.898903119824,4315.648903119824,1669,1076,1373
4317.851469827891,4317.726469827891,4317.976469827891,1777,1034,1406
4316.697437443896,4316.447437443896,4316.947437443896,1449,2326,1888
4314.879749496187,4314.754749496187,4315.004749496187,784,1621,1203
4322.751470726478,4322.626470726478,4322.876470726478,1493,2484,1989
4317.772375252098,4317.522375252098,4318.022375252098,930,1459,1195
4316.299783553602,4315.924783553602,4316.674783553602,1112,1937,1525
4316.857971589121,4316.607971589121,4317.107971589121,1819,1464,1642
4321.334231161406,4321.084231161406,4321.584231161406,819,990,905
4318.84946494076,4318.72446494076,4318.97446494076,1022,943,983
4318.092803448892,4317.717803448892,4318.467803448892,1783,632,1208
4315.0526221607915,4314.9276221607915,4315.1776221607915,712,2085,1399
4314.353978179833,4314.228978179833,4314.478978179833,1461,864,1163
4311.159906157011,4310.909906157011,4311.409906157011,956,1003,980
4312.107166827523,4311.732166827523,4312.482166827523,1808,805,1307
4313.467764324061,4313.342764324061,4313.592764324061,866,1523,1195
4311.767473781471,4311.642473781471,4311.892473781471,709,2010,1360
4313.057176031867,4312.932176031867,4313.182176031867,1536,981,1259
4311.456894946552,4311.206894946552,4311.706894946552,1748,1823,1786
4318.584604004361,4318.459604004361,4318.709604004361,2275,1008,1642
4319.183904586384,4319.058904586384,4319.308904586384,2702,999,1851
4314.610791766063,4314.235791766063,4314.985791766063,1350,1345,1348
4314.455995512994,4314.205995512994,4314.705995512994,1373,1602,1488
4313.07892983162,4312.95392983162,4313.20392983162,1096,1559,1328
4311.960430627985,4311.835430627985,4312.085430627985,1543,638,1091
4311.796405120767,4311.546405120767,4312.046405120767,1053,2136,1595
4308.845349708965,4308.595349708965,4309.095349708965,1596,2241,1919
4307.9630927617,4307.8380927617,4308.0880927617,944,2175,1560
4304.742632857133,4304.617632857133,4304.867632857133,1038,2217,1628
4299.566942419876,4299.441942419876,4299.691942419876,1105,1700,1403
4305.392044757564,4305.142044757564,4305.642044757564,815,1598,1207
4303.748600560836,4303.623600560836,4303.873600560836,1553,770,1162
4303.234959675475,4303.109959675475,4303.359959675475,1258,2179,1719
4304.806352368798,4304.556352368798,4305.056352368798,1477,2202,1840
4302.605586091071,4302.480586091071,4302.730586091071,1291,974,1133
4302.4756600165,4302.2256600165,4302.7256600165,633,1092,863
4302.384958994442,4302.259958994442,4302.509958994442,2087,1260,1674
4304.169230559269,4304.044230559269,4304.294230559269,1444,1963,1704
4300.733308412968,4300.608308412968,4300.858308412968,638,1149,894
4302.448383741106,4302.323383741106,4302.573383741106,778,2023,1401
4297.0662031163765,4296.6912031163765,4297.4412031163765,1239,978,1109
4300.512244713874,4300.262244713874,4300.762244713874,2159,1468,1814
4302.299413528735,4302.174413528735,4302.424413528735,1377,968,1173
4304.231625075946,4304.106625075946,4304.356625075946,1013,816,915
4301.249326792236,4301.124326792236,4301.374326792236,935,1284,1110
4299.5411837106485,4299.4161837106485,4299.6661837106485,1237,862,1050
4302.975855589417,4302.850855589417,4303.100855589417,1162,493,828
4305.718363394256,4305.593363394256,4305.843363394256,2005,674,1340
4307.952102152583,4307.702102152583,4308.202102152583,1280,595,938
4305.327360185382,4305.202360185382,4305.452360185382,2125,1088,1607
4309.316189469644,4309.191189469644,4309.441189469644,1351,1658,1505
4304.2255943155715,4303.8505943155715,4304.6005943155715,834,875,855
4307.530119442889,4307.405119442889,4307.655119442889,2238,1131,1685
4315.059353614923,4314.934353614923,4315.184353614923,985,2546,1766
4320.3187525398835,4320.0687525398835,4320.5687525398835,1221,2636,1929
4316.947402767562,4316.697402767562,4317.197402767562,967,2722,1845
4321.006224411177,4320.881224411177,4321.131224411177,1210,815,1013
4321.142727181989,4321.017727181989,4321.267727181989,718,1293,1006
4324.747102887787,4324.622102887787,4324.872102887787,1797,2042,1920
4323.484541870069,4323.359541870069,4323.609541870069,1557,958,1258
4320.441879872374,4320.316879872374,4320.566879872374,1521,2352,1937
4319.310408674862,4319.060408674862,4319.560408674862,932,1195,1064
4317.812763713282,4317.562763713282,4318.062763713282,723,898,811
4315.752307806952,4315.627307806952,4315.877307806952,1118,2517,1818
4314.471740573545,4314.346740573545,4314.596740573545,1322,571,947
4314.12315737534,4313.99815737534,4314.24815737534,1335,700,1018
4311.944429371817,4311.819429371817,4312.069429371817,2838,1043,1941
4316.90267846516,4316.65267846516,4317.15267846516,897,2562,1730
4319.437270482104,4319.062270482104,4319.812270482104,920,991,956
4317.697701233833,4317.447701233833,4317.947701233833,1774,1337,1556
4316.829322749898,4316.454322749898,4317.204322749898,1201,402,802
4315.635575621557,4315.385575621557,4315.885575621557,976,1627,1302
4315.995646718203,4315.745646718203,4316.245646718203,2593,1260,1927
4312.045790830925,4311.920790830925,4312.170790830925,1762,719,1241
4314.699606417063,4314.449606417063,4314.949606417063,1774,1507,1641
4317.450318781849,4317.325318781849,4317.575318781849,662,1063,863
4315.439103853199,4315.189103853199,4315.689103853199,2626,1135,1881
4315.999728446199,4315.874728446199,4316.124728446199,1433,1536,1485
4315.553514229395,4315.303514229395,4315.803514229395,967,1226,1097
4314.4572088269,4314.2072088269,4314.7072088269,513,1530,1022
4315.827069033409,4315.702069033409,4315.952069033409,1658,1561,1610
4307.5775276789245,4307.2025276789245,4307.9525276789245,2775,1138,1957
4309.089496194089,4308.964496194089,4309.214496194089,1611,1820,1716
4311.172182792052,4311.047182792052,4311.297182792052,1131,1928,1530
4308.348543877541,4308.223543877541,4308.473543877541,1367,2326,1847
4305.187899751866,4304.937899751866,4305.437899751866,1832,795,1314
4304.68575347643,4304.43575347643,4304.93575347643,1386,1417,1402
4302.873224481687,4302.748224481687,4302.998224481687,2526,1401,1964
4303.0043592659895,4302.7543592659895,4303.2543592659895,1071,780,926
4307.395811956982,4307.270811956982,4307.520811956982,1953,1606,1780
4307.468630264084,4307.343630264084,4307.593630264084,1107,2608,1858
4303.628410016292,4303.503410016292,4303.753410016292,1537,1514,1526
4299.044837616118,4298.669837616118,4299.419837616118,672,1595,1134
4297.840871270058,4297.590871270058,4298.090871270058,722,1483,1103
4295.182184090793,4295.057184090793,4295.307184090793,2343,986,1665
4293.931195755254,4293.806195755254,4294.056195755254,1127,2490,1809
4296.49479845484,4296.24479845484,4296.74479845484,1078,1067,1073
4298.0323476307085,4297.9073476307085,4298.1573476307085,1356,669,1013
4294.405537641151,4294.280537641151,4294.530537641151,2421,1236,1829
4295.986964130826,4295.861964130826,4296.111964130826,1327,1832,1580
4294.24369953065,4294.11869953065,4294.36869953065,1344,1461,1403
4298.257804843633,4298.007804843633,4298.507804843633,2424,1331,1878
4296.349220129182,4296.099220129182,4296.599220129182,1044,1253,1149
4296.529168995495,4296.279168995495,4296.779168995495,1264,761,1013
4296.243819101803,4296.118819101803,4296.368819101803,1069,2380,1725
4300.27122253788,4300.14622253788,4300.39622253788,1349,1256,1303
4298.9776048297235,4298.7276048297235,4299.2276048297235,1655,622,1139
4302.027170419399,4301.902170419399,4302.152170419399,1136,1549,1343
4305.377604746015,4305.252604746015,4305.502604746015,1298,2075,1687
4304.048308082671,4303.923308082671,4304.173308082671,904,1611,1258
4299.77989453922,4299.65489453922,4299.90489453922,1379,1284,1332
4295.713065949343,4295.588065949343,4295.838065949343,1396,981,1189
4298.060869873897,4297.810869873897,4298.310869873897,848,1233,1041
4294.963459278452,4294.838459278452,4295.088459278452,1730,691,1211
4293.115831210627,4292.990831210627,4293.240831210627,768,1741,1255
4294.974234338884,4294.724234338884,4295.224234338884,1692,1531,1612
4294.501359556013,4294.251359556013,4294.751359556013,728,1659,1194
4292.450840869159,4292.200840869159,4292.700840869159,1517,554,1036
4294.46319691554,4294.33819691554,4294.58819691554,2167,1040,1604
4296.68851021626,4296.43851021626,4296.93851021626,2260,1407,1834
4294.475321500833,4294.225321500833,4294.725321500833,916,697,807
4294.617091374175,4294.492091374175,4294.742091374175,2203,1240,1722
4292.844191113443,4292.719191113443,4292.969191113443,1246,1155,1201
4291.140978340809,4291.015978340809,4291.265978340809,1069,1876,1473
4295.673448949979,4295.423448949979,4295.923448949979,1632,905,1269
4300.340097588691,4300.215097588691,4300.465097588691,883,1290,1087
4295.398342384913,4295.273342384913,4295.523342384913,1382,883,1133
4290.21120775746,4290.08620775746,4290.33620775746,1676,2031,1854
4279.279865206112,4279.154865206112,4279.404865206112,1337,1902,1620
4282.064663814765,4281.939663814765,4282.189663814765,1465,578,1022
4281.640504639048,4281.390504639048,4281.890504639048,832,877,855
4281.654630422809,4281.404630422809,4281.904630422809,1491,518,1005
4283.081464917506,4282.831464917506,4283.331464917506,767,1748,1258
4282.364261556875,4282.114261556875,4282.614261556875,1520,999,1260
4279.69845126278,4279.57345126278,4279.82345126278,2046,1227,1637
4278.594224465636,4278.469224465636,4278.719224465636,1997,896,1447
4278.338462662622,4278.213462662622,4278.463462662622,1216,775,996
4274.970961923112,4274.845961923112,4275.095961923112,970,1295,1133
4277.280662437468,4277.030662437468,4277.530662437468,947,730,839
4278.5842617560165,4278.4592617560165,4278.7092617560165,1892,1771,1832
4274.593168658791,4274.468168658791,4274.718168658791,1092,1811,1452
4274.935015830831,4274.685015830831,4275.185015830831,2040,1367,1704
4274.371479436793,4274.246479436793,4274.496479436793,857,1188,1023
4272.725531203561,4272.600531203561,4272.850531203561,1430,1931,1681
4278.112603509029,4277.987603509029,4278.237603509029,1744,595,1170
4279.074674261369,4278.949674261369,4279.199674261369,1745,1906,1826
4279.473162807595,4279.223162807595,4279.723162807595,1446,995,1221
4277.859552788956,4277.734552788956,4277.984552788956,885,746,816
4278.336448872341,4278.086448872341,4278.586448872341,846,925,886
4280.409499309538,4280.284499309538,4280.534499309538,754,1573,1164
4280.54971798316,4280.42471798316,4280.67471798316,1056,2113,1585
4279.803711814644,4279.678711814644,4279.928711814644,840,843,842
4285.054639061402,4284.929639061402,4285.179639061402,2463,980,1722
4288.50319428288,4288.37819428288,4288.62819428288,1144,905,1025
4283.636204347184,4283.261204347184,4284.011204347184,977,1104,1041
4286.007134791962,4285.882134791962,4286.132134791962,2044,959,1502
4283.403533419221,4283.278533419221,4283.528533419221,1623,1944,1784
4284.707359750907,4284.457359750907,4284.957359750907,1127,2852,1990
4283.018912954583,4282.893912954583,4283.143912954583,1463,968,1216
4282.1505883515,4282.0255883515,4282.2755883515,2578,1117,1848
4287.334600456127,4287.084600456127,4287.584600456127,2240,757,1499
4287.8116418391955,4287.5616418391955,4288.0616418391955,1213,2580,1897
4289.988930866754,4289.738930866754,4290.238930866754,830,2213,1522
4285.560762214504,4285.310762214504,4285.810762214504,1527,2302,1915
4285.820770895603,4285.695770895603,4285.945770895603,1739,1054,1397
4287.831610884454,4287.706610884454,4287.956610884454,2128,1123,1626
4288.079377565386,4287.829377565386,4288.329377565386,1006,2593,1800
4291.545045472649,4291.295045472649,4291.795045472649,1336,1501,1419
4294.076792090392,4293.826792090392,4294.326792090392,1481,942,1212
4286.643316145493,4286.393316145493,4286.893316145493,1186,2739,1963
4288.613856739257,4288.488856739257,4288.738856739257,812,2263,1538
4286.2670441927985,4286.0170441927985,4286.5170441927985,1037,966,1002
4289.081299900991,4288.831299900991,4289.331299900991,804,1115,960
4288.090139983496,4287.965139983496,4288.215139983496,1787,1298,1543
4285.2060805911915,4285.0810805911915,4285.3310805911915,1579,594,1087
4279.183821132848,4278.933821132848,4279.433821132848,921,1020,971
4279.175470131523,4279.050470131523,4279.300470131523,2133,1192,1663
4279.346915957455,4279.096915957455,4279.596915957455,1159,2202,1681
4280.530189448882,4280.405189448882,4280.655189448882,1303,1030,1167
4280.043442926983,4279.793442926983,4280.293442926983,1588,633,1111
4278.674083164902,4278.549083164902,4278.799083164902,718,1419,1069
4280.761764132917,4280.636764132917,4280.886764132917,785,1284,1035
4284.869716571701,4284.744716571701,4284.994716571701,2478,1027,1753
4282.894596526994,4282.769596526994,4283.019596526994,2112,1177,1645
4276.881190589027,4276.631190589027,4277.131190589027,1156,1591,1374
4278.583241911735,4278.333241911735,4278.833241911735,1127,2656,1892
4279.201335589301,4279.076335589301,4279.326335589301,560,1303,932
4278.166056341284,4278.041056341284,4278.291056341284,942,739,841
4282.657158350517,4282.532158350517,4282.782158350517,1565,1604,1585
4285.152862298362,4285.027862298362,4285.277862298362,1377,1082,1230
4294.168656696417,4293.918656696417,4294.418656696417,998,1193,1096
4291.296685109791,4291.171685109791,4291.421685109791,1733,1642,1688
4293.483117188115,4293.358117188115,4293.608117188115,774,863,819
4291.1307835009275,4290.8807835009275,4291.3807835009275,1741,1088,1415
4296.850354189943,4296.600354189943,4297.100354189943,2043,1900,1972
4295.925863762642,4295.550863762642,4296.300863762642,1536,1147,1342
4291.271984442705,4291.146984442705,4291.396984442705,618,1805,1212
4291.511356497958,4291.386356497958,4291.636356497958,690,1519,1105
4290.883421442614,4290.633421442614,4291.133421442614,1715,590,1153
4286.9646275378145,4286.8396275378145,4287.0896275378145,2398,995,1697
4282.059990499761,4281.684990499761,4282.434990499761,753,1460,1107
4279.248896285152,4278.998896285152,4279.498896285152,903,1048,976
4278.569511382151,4278.444511382151,4278.694511382151,1847,1216,1532
4274.82867468018,4274.70367468018,4274.95367468018,936,2265,1601
4272.652803598175,4272.402803598175,4272.902803598175,786,1957,1372
4267.879844354748,4267.754844354748,4268.004844354748,1529,826,1178
4266.885412146067,4266.635412146067,4267.135412146067,683,1940,1312
4260.797962349251,4260.547962349251,4261.047962349251,2034,765,1400
4259.232440204529,4259.107440204529,4259.357440204529,1155,1138,1147
4259.130989149335,4259.005989149335,4259.255989149335,1696,1037,1367
4259.738734729418,4259.488734729418,4259.988734729418,1113,2246,1680
4259.594592473721,4259.219592473721,4259.969592473721,1550,595,1073
4264.5692099719545,4264.4442099719545,4264.6942099719545,1022,1729,1376
4266.736425789127,4266.486425789127,4266.986425789127,2328,1599,1964
4263.089700666002,4262.714700666002,4263.464700666002,782,1919,1351
4264.319634233701,4264.069634233701,4264.569634233701,824,1507,1166
4260.513558659398,4260.263558659398,4260.763558659398,1217,670,944
4265.667429309459,4265.417429309459,4265.917429309459,877,894,886
4262.683275835738,4262.558275835738,4262.808275835738,2057,724,1391
4260.312829325598,4260.187829325598,4260.437829325598,1705,2174,1940
4260.08142170533,4259.83142170533,4260.33142170533,756,987,872
4254.794825795198,4254.669825795198,4254.919825795198,1111,2714,1913
4259.154008994358,4259.029008994358,4259.279008994358,1664,643,1154
4262.640025427656,4262.390025427656,4262.890025427656,996,1129,1063
4265.431323905681,4265.181323905681,4265.681323905681,2006,1483,1745
4266.7554129633145,4266.5054129633145,4267.0054129633145,1311,916,1114
4267.844444816212,4267.594444816212,4268.094444816212,594,1055,825
4270.227094599425,4270.102094599425,4270.352094599425,2629,1258,1944
4266.018655905191,4265.893655905191,4266.143655905191,584,1619,1102
4266.722605086793,4266.597605086793,4266.847605086793,1321,1540,1431
4263.31197938622,4263.06197938622,4263.56197938622,1723,2126,1925
4261.564204775572,4261.314204775572,4261.814204775572,2176,1011,1594
4260.599178374361,4260.349178374361,4260.849178374361,1136,1481,1309
4260.817417359962,4260.567417359962,4261.067417359962,1334,1195,1265
4262.1112497548875,4261.9862497548875,4262.2362497548875,882,1741,1312
4258.484642484024,4258.359642484024,4258.609642484024,1695,2124,1910
4262.189892017847,4261.939892017847,4262.439892017847,806,991,899
4263.8079509694735,4263.5579509694735,4264.0579509694735,670,1049,860
4262.947140904174,4262.822140904174,4263.072140904174,1330,899,1115
4262.040066900301,4261.790066900301,4262.290066900301,1203,2310,1757
4261.868054226648,4261.493054226648,4262.243054226648,1219,2258,1739
4259.093150439904,4258.968150439904,4259.218150439904,1500,1101,1301
4256.1624087012515,4256.0374087012515,4256.2874087012515,1791,2018,1905
4255.250400909277,4255.125400909277,4255.375400909277,1109,1700,1405
4252.253214314957,4252.128214314957,4252.378214314957,1920,749,1335
4253.96193183075,4253.83693183075,4254.08693183075,1274,2529,1902
4252.906666188361,4252.781666188361,4253.031666188361,1697,1230,1464
4251.127261675581,4250.877261675581,4251.377261675581,916,987,952
4254.327954412051,4254.202954412051,4254.452954412051,554,1573,1064
4257.8003794248825,4257.6753794248825,4257.9253794248825,1549,2034,1792
4255.42247460742,4255.17247460742,4255.67247460742,1368,2533,1951
4258.219505805636,4258.094505805636,4258.344505805636,792,1407,1100
4258.2870192665605,4258.0370192665605,4258.5370192665605,1440,925,1183
4259.526170431017,4259.401170431017,4259.651170431017,1263,508,886
4262.076335701235,4261.826335701235,4262.326335701235,1265,746,1006
4264.373064987524,4264.248064987524,4264.498064987524,1200,755,978
4261.927089334548,4261.802089334548,4262.052089334548,1057,1706,1382
4263.273085856682,4263.148085856682,4263.398085856682,926,1747,1337
4260.200755809832,4260.075755809832,4260.325755809832,1185,928,1057
4265.538729609369,4265.288729609369,4265.788729609369,594,1013,804
4268.971397780729,4268.846397780729,4269.096397780729,1501,582,1042
4270.580652859834,4270.455652859834,4270.705652859834,807,1336,1072
4269.309429374077,4269.059429374077,4269.559429374077,2090,1819,1955
4270.0899091027,4269.9649091027,4270.2149091027,1044,1727,1386
4274.869645160347,4274.744645160347,4274.994645160347,830,1249,1040
4274.05553211329,4273.93053211329,4274.18053211329,943,1186,1065
4275.42751290237,4275.17751290237,4275.67751290237,1892,749,1321
4270.631185133365,4270.256185133365,4271.006185133365,1132,2023,1578
4270.34838647745,4270.09838647745,4270.59838647745,2160,1001,1581
4269.995805178793,4269.745805178793,4270.245805178793,1675,1714,1695
4269.453414731512,4269.328414731512,4269.578414731512,1482,1877,1680
4273.76749881682,4273.64249881682,4273.89249881682,1837,1740,1789
4270.870008482021,4270.745008482021,4270.995008482021,882,1399,1141
4272.559969596504,4272.434969596504,4272.684969596504,1129,2454,1792
4273.059419984513,4272.684419984513,4273.434419984513,2723,1138,1931
4269.409814162994,4269.284814162994,4269.534814162994,1009,1056,1033
4269.069324119161,4268.944324119161,4269.194324119161,923,1432,1178
4270.281253227041,4270.156253227041,4270.406253227041,1814,1543,1679
4270.581338686996,4270.206338686996,4270.956338686996,1401,536,969
4272.862709643813,4272.612709643813,4273.112709643813,1290,2501,1896
4268.61547234213,4268.36547234213,4268.86547234213,1654,2087,1871
4265.756650318982,4265.506650318982,4266.006650318982,2252,931,1592
4261.895642530654,4261.645642530654,4262.145642530654,2232,913,1573
4263.828781694008,4263.453781694008,4264.203781694008,1595,648,1122
4267.027621178809,4266.777621178809,4267.277621178809,2554,1319,1937
4263.136646972508,4262.761646972508,4263.511646972508,867,1372,1120
4260.051073318101,4259.926073318101,4260.176073318101,1385,804,1095
4260.970114358098,4260.720114358098,4261.220114358098,1142,547,845
4261.165390393859,4260.915390393859,4261.415390393859,1944,1703,1824
4266.486926894155,4266.236926894155,4266.736926894155,763,2100,1432
4266.703143968515,4266.578143968515,4266.828143968515,926,2443,1685
4269.595679474602,4269.345679474602,4269.845679474602,973,1506,1240
4266.770706900014,4266.645706900014,4266.895706900014,941,918,930
4264.278233554897,4264.153233554897,4264.403233554897,1257,740,999
4270.904228713374,4270.529228713374,4271.279228713374,555,1076,816
4272.021807858578,4271.896807858578,4272.146807858578,613,1694,1154
4272.025766709039,4271.900766709039,4272.150766709039,2141,1714,1928
4272.105805199097,4271.855805199097,4272.355805199097,722,995,859
4274.354148990728,4274.104148990728,4274.604148990728,678,1899,1289
4276.06828993286,4275.94328993286,4276.19328993286,927,2508,1718
4276.204549123837,4275.954549123837,4276.454549123837,793,808,801
4280.403777669713,4280.153777669713,4280.653777669713,933,748,841
4283.663904624651,4283.538904624651,4283.788904624651,1187,718,953
4284.7663239191415,4284.5163239191415,4285.0163239191415,1713,1360,1537
4282.595915199215,4282.470915199215,4282.720915199215,505,1314,910
4283.694206256585,4283.444206256585,4283.944206256585,1754,947,1351
4281.262175040545,4281.012175040545,4281.512175040545,1683,974,1329
4280.927865646906,4280.552865646906,4281.302865646906,2458,1513,1986
4279.025492294252,4278.775492294252,4279.275492294252,1561,1826,1694
4283.8138856548285,4283.6888856548285,4283.9388856548285,2362,1445,1904
4283.461165006146,4283.086165006146,4283.836165006146,716,1617,1167
4285.973933253523,4285.848933253523,4286.098933253523,2021,1594,1808
4288.206617860843,4288.081617860843,4288.331617860843,1951,840,1396
4287.988179710248,4287.613179710248,4288.363179710248,1605,1462,1534
4289.279243110264,4289.154243110264,4289.404243110264,1147,956,1052
4287.677189251051,4287.302189251051,4288.052189251051,2200,1737,1969
4285.924105521682,4285.799105521682,4286.049105521682,2294,1249,1772
4282.590975375399,4282.465975375399,4282.715975375399,1268,1635,1452
4279.714494473495,4279.589494473495,4279.839494473495,1101,1642,1372
4277.41404301921,4277.16404301921,4277.66404301921,1344,1503,1424
4280.665327966802,4280.415327966802,4280.915327966802,1509,2188,1849
4282.611876266675,4282.486876266675,4282.736876266675,464,1315,890
4281.338211626506,4281.213211626506,4281.463211626506,874,1011,943
4280.058099063339,4279.683099063339,4280.433099063339,1007,804,906
4279.8350539868725,4279.4600539868725,4280.2100539868725,550,1141,846
4281.118693345608,4280.993693345608,4281.243693345608,1462,843,1153
4276.8396923710725,4276.5896923710725,4277.0896923710725,1198,1993,1596
4275.806023530988,4275.681023530988,4275.931023530988,2552,937,1745
4275.206578708124,4274.956578708124,4275.456578708124,776,2155,1466
4273.421904794835,4273.171904794835,4273.671904794835,1456,1607,1532
4273.21630574658,4273.09130574658,4273.34130574658,903,758,831
4275.770556744091,4275.645556744091,4275.895556744091,2148,1541,1845
4274.543461991051,4274.418461991051,4274.668461991051,1548,2245,1897
4275.19474490089,4275.06974490089,4275.31974490089,1617,1998,1808
4273.747071299356,4273.622071299356,4273.872071299356,2158,1357,1758
4272.969226076831,4272.844226076831,4273.094226076831,1358,2239,1799
4273.60924859327,4273.35924859327,4273.85924859327,850,1015,933
4273.012166626224,4272.762166626224,4273.262166626224,1567,812,1190
4268.074263041668,4267.949263041668,4268.199263041668,1153,2122,1638
4266.495668397848,4266.370668397848,4266.620668397848,1467,834,1151
4263.148457373198,4263.023457373198,4263.273457373198,1176,2429,1803
4257.685361644521,4257.560361644521,4257.810361644521,748,1907,1328
4258.222483210079,4258.097483210079,4258.347483210079,2329,1486,1908
4255.411140091513,4255.286140091513,4255.536140091513,852,1317,1085
4258.641942785306,4258.391942785306,4258.891942785306,1247,1944,1596
4264.439549759992,4264.314549759992,4264.564549759992,1624,1903,1764
4261.494628734807,4261.244628734807,4261.744628734807,1312,901,1107
4263.542106649231,4263.417106649231,4263.667106649231,1723,1834,1779
4264.255249201639,4264.005249201639,4264.505249201639,1513,1028,1271
4262.759602560891,4262.384602560891,4263.134602560891,796,1223,1010
4261.688155667436,4261.563155667436,4261.813155667436,616,1799,1208
4258.704779152575,4258.579779152575,4258.829779152575,1204,1545,1375
4257.286053311809,4257.036053311809,4257.536053311809,1593,596,1095
4256.126855533593,4255.876855533593,4256.376855533593,2123,904,1514
4253.565600872264,4253.440600872264,4253.690600872264,1574,1307,1441
4258.420468954758,4258.170468954758,4258.670468954758,2422,1255,1839
4259.0118122354215,4258.8868122354215,4259.1368122354215,1436,2187,1812
4256.197339736551,4255.947339736551,4256.447339736551,2975,998,1987
4253.922398694622,4253.797398694622,4254.047398694622,723,1540,1132
4253.747588980911,4253.622588980911,4253.872588980911,1095,1300,1198
4253.509696662492,4253.384696662492,4253.634696662492,1371,1552,1462
4252.283598935621,4252.158598935621,4252.408598935621,1468,835,1152
4254.387907091392,4254.012907091392,4254.762907091392,971,720,846
4254.027078425573,4253.777078425573,4254.277078425573,1229,1126,1178
4253.1491767525,4253.0241767525,4253.2741767525,1256,2465,1861
4253.631289648875,4253.381289648875,4253.881289648875,1494,1873,1684
4255.663455466082,4255.538455466082,4255.788455466082,1696,1199,1448
4260.105315435417,4259.855315435417,4260.355315435417,2051,780,1416
4263.222439443542,4263.097439443542,4263.347439443542,2074,1533,1804
4265.056618498939,4264.806618498939,4265.306618498939,1329,1472,1401
4264.007261416682,4263.757261416682,4264.257261416682,1412,2557,1985
4265.692532607141,4265.567532607141,4265.817532607141,1126,2753,1940
4268.384432297065,4268.259432297065,4268.509432297065,1199,1420,1310
4268.1794518296265,4268.0544518296265,4268.3044518296265,2395,1412,1904
4270.228685948138,4269.978685948138,4270.478685948138,877,1750,1314
4271.840860835769,4271.590860835769,4272.090860835769,747,1058,903
4274.150865178396,4274.025865178396,4274.275865178396,904,2589,1747
4279.045914903794,4278.795914903794,4279.295914903794,1513,1780,1647
4274.020652407477,4273.770652407477,4274.270652407477,2014,889,1452
4272.491387503635,4272.366387503635,4272.616387503635,1404,695,1050
4276.005673852221,4275.880673852221,4276.130673852221,1403,1108,1256
4273.166906285571,4273.041906285571,4273.291906285571,684,1749,1217
4273.166965077994,4272.916965077994,4273.416965077994,876,1735,1306
4275.008125712854,4274.633125712854,4275.383125712854,1046,653,850
4273.11152803475,4272.98652803475,4273.23652803475,1636,731,1184
4270.830408751376,4270.705408751376,4270.955408751376,750,1871,1311
4270.320800594676,4270.070800594676,4270.570800594676,2447,1116,1782
4265.693406941303,4265.568406941303,4265.818406941303,788,2115,1452
4268.253076657275,4267.878076657275,4268.628076657275,816,1001,909
4272.110955111308,4271.985955111308,4272.235955111308,1532,1279,1406
4272.151969221089,4271.901969221089,4272.401969221089,1119,2774,1947
4269.9899699464095,4269.8649699464095,4270.1149699464095,1571,1092,1332
4268.887085198543,4268.762085198543,4269.012085198543,2293,1098,1696
4270.940752052694,4270.815752052694,4271.065752052694,1051,920,986
4275.5021978904615,4275.3771978904615,4275.6271978904615,554,1343,949
4276.928964422135,4276.803964422135,4277.053964422135,1551,1236,1394
4274.707387210265,4274.457387210265,4274.957387210265,1759,1950,1855
4277.671272003938,4277.546272003938,4277.796272003938,1041,2156,1599
4274.627992767602,4274.377992767602,4274.877992767602,717,1074,896
4273.9865909138425,4273.8615909138425,4274.1115909138425,926,2593,1760
4271.478837872528,4271.228837872528,4271.728837872528,2276,959,1618
4271.768273313478,4271.518273313478,4272.018273313478,749,2208,1479
4271.09625250488,4270.97125250488,4271.22125250488,1242,2215,1729
4277.001680264628,4276.876680264628,4277.126680264628,1910,1491,1701
4273.014178412924,4272.889178412924,4273.139178412924,1309,990,1150
4273.835225713,4273.710225713,4273.960225713,1180,1147,1164
4270.948250626091,4270.698250626091,4271.198250626091,1187,612,900
4268.366446361273,4268.241446361273,4268.491446361273,893,1426,1160
4268.454564055634,4268.329564055634,4268.579564055634,1122,2535,1829
4270.549340528935,4270.424340528935,4270.674340528935,1843,838,1341
4272.8117702545505,4272.6867702545505,4272.9367702545505,673,1458,1066
4271.644027256939,4271.519027256939,4271.769027256939,1473,1658,1566
4277.792558754157,4277.542558754157,4278.042558754157,1456,557,1007
4273.8329328975515,4273.5829328975515,4274.0829328975515,2519,1054,1787
4276.0019191908095,4275.8769191908095,4276.1269191908095,2010,1857,1934
4273.076801374653,4272.826801374653,4273.326801374653,1002,2883,1943
4267.870613158924,4267.745613158924,4267.995613158924,1276,485,881
4271.323145413523,4271.073145413523,4271.573145413523,964,2029,1497
4271.681400662522,4271.556400662522,4271.806400662522,1360,885,1123
4271.6559044130345,4271.5309044130345,4271.7809044130345,1371,2012,1692
4273.39947737216,4273.27447737216,4273.52447737216,1668,2253,1961
4273.396911242129,4273.271911242129,4273.521911242129,2042,1065,1554
4274.94572917377,4274.82072917377,4275.07072917377,1103,542,823
4269.414197152758,4269.164197152758,4269.664197152758,2381,1270,1826
4270.470338836301,4270.345338836301,4270.595338836301,1740,1811,1776
4271.25803997235,4271.00803997235,4271.50803997235,1622,789,1206
4272.110831110025,4271.735831110025,4272.485831110025,1788,1311,1550
4276.343794456515,4275.968794456515,4276.718794456515,1501,2434,1968
4273.180735250454,4273.055735250454,4273.305735250454,1448,1275,1362
4273.265708387259,4273.140708387259,4273.390708387259,926,1129,1028
4273.441045015725,4273.316045015725,4273.566045015725,1127,1302,1215
4268.689858936262,4268.564858936262,4268.814858936262,1856,1139,1498
4269.840635314254,4269.590635314254,4270.090635314254,1107,752,930
4264.081012800172,4263.956012800172,4264.206012800172,1784,2207,1996
4265.2059688708405,4265.0809688708405,4265.3309688708405,2333,1122,1728
4260.753357721278,4260.503357721278,4261.003357721278,2146,763,1455
4259.851669553228,4259.726669553228,4259.976669553228,1013,752,883
4262.626112253396,4262.501112253396,4262.751112253396,1221,1934,1578
4264.54104153491,4264.29104153491,4264.79104153491,927,1000,964
4265.184204686613,4264.934204686613,4265.434204686613,883,1120,1002
4262.566084697869,4262.441084697869,4262.691084697869,692,1995,1344
4264.0084291492885,4263.7584291492885,4264.2584291492885,2700,1209,1955
4254.3305842403615,4254.2055842403615,4254.4555842403615,1634,1447,1541
4251.089701623952,4250.839701623952,4251.339701623952,1849,1282,1566
4252.699764679785,4252.449764679785,4252.949764679785,1291,746,1019
4255.771070479422,4255.521070479422,4256.021070479422,1422,843,1133
4256.753794732723,4256.378794732723,4257.128794732723,521,1200,861
4252.42782380194,4252.05282380194,4252.80282380194,810,873,842
4253.939937258028,4253.564937258028,4254.314937258028,1930,1977,1954
4254.395189057902,4254.020189057902,4254.770189057902,702,1053,878
4259.280319507761,4259.155319507761,4259.405319507761,902,1873,1388
4259.991413001229,4259.866413001229,4260.116413001229,1208,1351,1280
4261.0647130639945,4260.8147130639945,4261.3147130639945,1355,1160,1258
4263.299158707835,4263.174158707835,4263.424158707835,964,2309,1637
4255.695210343709,4255.570210343709,4255.820210343709,1562,787,1175
4251.821245257234,4251.571245257234,4252.071245257234,1863,1040,1452
4247.918305313551,4247.668305313551,4248.168305313551,1234,1953,1594
4248.12510757966,4248.00010757966,4248.25010757966,842,1833,1338
4249.165576098717,4249.040576098717,4249.290576098717,1340,905,1123
4250.736970759678,4250.611970759678,4250.861970759678,2171,1668,1920
4247.3381545908205,4247.0881545908205,4247.5881545908205,1367,814,1091
4241.620039969809,4241.495039969809,4241.745039969809,1257,2652,1955
4235.702846800723,4235.577846800723,4235.827846800723,2378,1299,1839
4239.582476758274,4239.457476758274,4239.707476758274,2038,851,1445
4239.896893020473,4239.771893020473,4240.021893020473,1287,2536,1912
4248.009794837692,4247.884794837692,4248.134794837692,539,1584,1062
4245.537307229537,4245.412307229537,4245.662307229537,1038,647,843
4243.67076946343,4243.54576946343,4243.79576946343,925,734,830
4243.630084421595,4243.505084421595,4243.755084421595,1424,2247,1836
4242.129597051603,4242.004597051603,4242.254597051603,985,620,803
4235.706790098802,4235.581790098802,4235.831790098802,1085,1068,1077
4228.815526058529,4228.565526058529,4229.065526058529,1705,1898,1802
4227.191149272011,4227.066149272011,4227.316149272011,1081,2170,1626
4227.911312571586,4227.786312571586,4228.036312571586,2631,938,1785
4227.808771912071,4227.683771912071,4227.933771912071,636,1681,1159
4225.389045307181,4225.264045307181,4225.514045307181,1138,2373,1756
4225.531080903257,4225.406080903257,4225.656080903257,1240,2285,1763
4227.994701163685,4227.869701163685,4228.119701163685,1347,2046,1697
4233.967681850818,4233.717681850818,4234.217681850818,2275,794,1535
4236.821403571157,4236.571403571157,4237.071403571157,1363,1158,1261
4236.253630903462,4236.128630903462,4236.378630903462,704,1043,874
4236.1359815050655,4235.8859815050655,4236.3859815050655,1884,1523,1704
4238.252148897792,4237.877148897792,4238.627148897792,1059,570,815
4236.434844543454,4236.184844543454,4236.684844543454,1084,739,912
4238.905798738302,4238.780798738302,4239.030798738302,2062,1223,1643
4235.8030544126,4235.5530544126,4236.0530544126,446,1153,800
4239.315137702739,4239.190137702739,4239.440137702739,1895,872,1384
4238.495111104109,4238.370111104109,4238.620111104109,1040,1497,1269
4234.247366032493,4234.122366032493,4234.372366032493,1053,1560,1307
4229.234163834604,4228.859163834604,4229.609163834604,680,1203,942
4227.893463318549,4227.768463318549,4228.018463318549,2747,1214,1981
4229.885498063749,4229.635498063749,4230.135498063749,2021,1406,1714
4227.837236939352,4227.712236939352,4227.962236939352,1636,811,1224
4230.263799434424,4230.138799434424,4230.388799434424,894,1253,1074
4230.356660828705,4230.106660828705,4230.606660828705,1233,1458,1346
4228.714615290352,4228.589615290352,4228.839615290352,738,899,819
4229.559766234971,4229.434766234971,4229.684766234971,1743,1428,1586
4226.370772219684,4226.120772219684,4226.620772219684,1957,690,1324
4230.981662176177,4230.606662176177,4231.356662176177,812,1837,1325
4232.732391246002,4232.607391246002,4232.857391246002,1175,2644,1910
4231.980416967079,4231.730416967079,4232.230416967079,1420,1635,1528
4229.420474484329,4229.170474484329,4229.670474484329,452,1283,868
4231.538737762209,4231.413737762209,4231.663737762209,2263,1130,1697
4234.753612036652,4234.503612036652,4235.003612036652,2188,1421,1805
4242.466421904973,4242.341421904973,4242.591421904973,1078,539,809
4244.357598614208,4244.107598614208,4244.607598614208,1150,2325,1738
4242.6478664105825,4242.3978664105825,4242.8978664105825,1139,732,936
4246.828917719532,4246.703917719532,4246.953917719532,1150,1097,1124
4248.656046592068,4248.281046592068,4249.031046592068,1073,2158,1616
4253.203417583561,4252.953417583561,4253.453417583561,1005,2894,1950
4253.36931606296,4253.24431606296,4253.49431606296,951,2210,1581
4253.205619667373,4252.955619667373,4253.455619667373,2194,783,1489
4257.2274541509205,4257.1024541509205,4257.3524541509205,1149,864,1007
4253.016018079477,4252.891018079477,4253.141018079477,1389,2202,1796
4242.767565607089,4242.517565607089,4243.017565607089,2279,1144,1712
4246.2809878730195,4246.0309878730195,4246.5309878730195,1127,1338,1233
4245.333656910716,4245.083656910716,4245.583656910716,846,1025,936
4252.785542071073,4252.535542071073,4253.035542071073,1321,726,1024
4254.161207759595,4253.911207759595,4254.411207759595,813,1720,1267
4252.363262495115,4252.113262495115,4252.613262495115,2198,735,1467
4254.665842458035,4254.540842458035,4254.790842458035,2627,1024,1826
4263.355122032198,4263.230122032198,4263.480122032198,1003,2752,1878
4258.86366726117,4258.48866726117,4259.23866726117,673,1344,1009
4260.171416919168,4260.046416919168,4260.296416919168,1272,1973,1623
4259.134899640068,4259.009899640068,4259.259899640068,558,1433,996
4255.2383188963295,4255.1133188963295,4255.3633188963295,2262,803,1533
4253.315919777073,4252.940919777073,4253.690919777073,1035,1094,1065
4251.486738033555,4251.236738033555,4251.736738033555,2493,1356,1925
4251.219455074489,4251.094455074489,4251.344455074489,893,2584,1739
4257.41224529925,4257.16224529925,4257.66224529925,1175,1240,1208
4258.317581221522,4258.192581221522,4258.442581221522,705,1590,1148
4260.831438474732,4260.706438474732,4260.956438474732,1298,1339,1319
4256.378126139478,4256.003126139478,4256.753126139478,2248,815,1532
4257.213309336656,4257.088309336656,4257.338309336656,990,2167,1579
4260.488568859811,4260.363568859811,4260.613568859811,1113,2624,1869
4261.310879627932,4261.060879627932,4261.560879627932,828,1931,1380
4262.253307997164,4261.878307997164,4262.628307997164,1725,2096,1911
4265.4281368780075,4265.3031368780075,4265.5531368780075,1331,1260,1296
4263.702706675645,4263.577706675645,4263.827706675645,1626,1265,1446
4267.95260793918,4267.70260793918,4268.20260793918,1270,877,1074
4272.748717955176,4272.498717955176,4272.998717955176,1771,976,1374
4276.42982851301,4276.17982851301,4276.67982851301,1663,1570,1617
4276.789092859484,4276.539092859484,4277.039092859484,953,1712,1333
4276.854172290202,4276.604172290202,4277.104172290202,1764,1815,1790
4281.344394008811,4281.094394008811,4281.594394008811,1853,732,1293
4285.565382811422,4285.440382811422,4285.690382811422,911,2462,1687
4285.951691647448,4285.826691647448,4286.076691647448,1049,1196,1123
4279.870857619748,4279.495857619748,4280.245857619748,1222,447,835
4280.224055844287,4280.099055844287,4280.349055844287,2035,1682,1859
4275.09780090352,4274.84780090352,4275.34780090352,942,1743,1343
4274.982759057996,4274.857759057996,4275.107759057996,764,1087,926
4277.740221686041,4277.490221686041,4277.990221686041,1099,1542,1321
4278.372145331316,4278.247145331316,4278.497145331316,1814,847,1331
4279.74284800265,4279.36784800265,4280.11784800265,2081,992,1537
4276.96230196307,4276.71230196307,4277.21230196307,1275,1152,1214
4278.00740007364,4277.88240007364,4278.13240007364,1450,1569,1510
4279.144679626917,4278.894679626917,4279.394679626917,977,858,918
4279.851987004837,4279.601987004837,4280.101987004837,1279,2536,1908
4277.337363664052,4277.087363664052,4277.587363664052,1685,662,1174
4280.004909109553,4279.754909109553,4280.254909109553,1459,1424,1442
4279.150022511462,4278.775022511462,4279.525022511462,573,1126,850
4283.4714619645,4283.0964619645,4283.8464619645,1324,2125,1725
4285.508985780091,4285.258985780091,4285.758985780091,1279,1034,1157
4286.308488738432,4286.058488738432,4286.558488738432,473,1344,909
4288.089387263873,4287.839387263873,4288.339387263873,588,1431,1010
4288.186681478869,4288.061681478869,4288.311681478869,1970,707,1339
4284.030428921529,4283.780428921529,4284.280428921529,1006,1083,1045
4281.887720248722,4281.762720248722,4282.012720248722,468,1315,892
4285.785526324812,4285.660526324812,4285.910526324812,1523,612,1068
4281.787401182203,4281.662401182203,4281.912401182203,1560,793,1177
4285.081652610185,4284.956652610185,4285.206652610185,1950,1195,1573
4284.264801084382,4284.139801084382,4284.389801084382,746,1495,1121
4287.57076585068,4287.44576585068,4287.69576585068,1516,817,1167
4286.0952522762145,4285.9702522762145,4286.2202522762145,1123,1228,1176
4294.052578401839,4293.802578401839,4294.302578401839,1254,2531,1893
4293.999764694739,4293.874764694739,4294.124764694739,2741,1072,1907
4290.550106716731,4290.175106716731,4290.925106716731,1396,1513,1455
4294.494748393435,4294.369748393435,4294.619748393435,966,767,867
4296.789941962628,4296.539941962628,4297.039941962628,1092,1703,1398
4305.420123338655,4305.170123338655,4305.670123338655,1100,1043,1072
4299.44010446065,4299.31510446065,4299.56510446065,1163,2282,1723
4296.464722560368,4296.339722560368,4296.589722560368,2221,1544,1883
4297.537836515248,4297.412836515248,4297.662836515248,512,1283,898
4292.692393139496,4292.567393139496,4292.817393139496,1317,1454,1386
4290.752732002636,4290.627732002636,4290.877732002636,1760,721,1241
4288.26619789589,4288.14119789589,4288.39119789589,514,1397,956
4288.148919279734,4287.898919279734,4288.398919279734,497,1246,872
4281.59121934411,4281.46621934411,4281.71621934411,717,1756,1237
4281.017710957498,4280.892710957498,4281.142710957498,656,1045,851
4277.382718086755,4277.257718086755,4277.507718086755,1181,2034,1608
4278.6052807830265,4278.3552807830265,4278.8552807830265,2756,1231,1994
4277.076561114453,4276.701561114453,4277.451561114453,1296,1067,1182
4270.271544805165,4270.146544805165,4270.396544805165,951,2628,1790
4270.204135442521,4270.079135442521,4270.329135442521,1426,1909,1668
4269.137645697023,4269.012645697023,4269.262645697023,922,1499,1211
4269.612323919727,4269.487323919727,4269.737323919727,1165,1318,1242
4266.770004760521,4266.645004760521,4266.895004760521,799,1670,1235
4266.352054692192,4266.102054692192,4266.602054692192,1715,980,1348
4263.603938095165,4263.478938095165,4263.728938095165,1367,630,999
4265.558937950415,4265.433937950415,4265.683937950415,1232,739,986
4264.127510052832,4264.002510052832,4264.252510052832,1411,1176,1294
4265.0176588729155,4264.8926588729155,4265.1426588729155,1506,2225,1866
4269.149914462654,4269.024914462654,4269.274914462654,485,1168,827
4271.3019803514435,4270.9269803514435,4271.6769803514435,2291,1112,1702
4270.850578885463,4270.725578885463,4270.975578885463,2529,1102,1816
4274.856867862766,4274.731867862766,4274.981867862766,1515,722,1119
4269.850027628176,4269.725027628176,4269.975027628176,516,1467,992
4269.830649004597,4269.580649004597,4270.080649004597,880,1755,1318
4268.034295048049,4267.909295048049,4268.159295048049,1068,1249,1159
4269.433542265092,4269.308542265092,4269.558542265092,1345,1954,1650
4272.778731548536,4272.528731548536,4273.028731548536,865,2422,1644
4274.60861242079,4274.23361242079,4274.98361242079,956,943,950
4283.176723712277,4283.051723712277,4283.301723712277,2706,1051,1879
4284.175791554487,4284.050791554487,4284.300791554487,2013,934,1474
4288.441545948336,4288.316545948336,4288.566545948336,1879,1230,1555
4283.063561387903,4282.938561387903,4283.188561387903,2545,1050,1798
4289.256598916806,4289.131598916806,4289.381598916806,1528,513,1021
4285.6968268847895,4285.3218268847895,4286.0718268847895,755,1082,919
4281.47012923217,4281.34512923217,4281.59512923217,1552,1889,1721
4278.839024566058,4278.714024566058,4278.964024566058,1366,581,974
4281.64520683558,4281.52020683558,4281.77020683558,2803,1126,1965
4283.767010635913,4283.642010635913,4283.892010635913,2412,981,1697
4287.512602462455,4287.387602462455,4287.637602462455,1169,1040,1105
4288.174099420736,4287.924099420736,4288.424099420736,1817,1622,1720
4285.127207630521,4285.002207630521,4285.252207630521,1266,1425,1346
4285.7250491860805,4285.6000491860805,4285.8500491860805,1661,1996,1829
4282.952499651105,4282.827499651105,4283.077499651105,2215,1494,1855
4280.78874261997,4280.53874261997,4281.03874261997,1059,984,1022
4282.820818445695,4282.695818445695,4282.945818445695,1255,942,1099
4285.93491535064,4285.80991535064,4286.05991535064,1452,2445,1949
4285.025976553424,4284.900976553424,4285.150976553424,2287,1404,1846
4283.0447810687265,4282.7947810687265,4283.2947810687265,781,1462,1122
4284.523608299543,4284.398608299543,4284.648608299543,759,1536,1148
4285.828396198598,4285.703396198598,4285.953396198598,1385,604,995
4290.897015855568,4290.772015855568,4291.022015855568,1343,1824,1584
4292.370864110687,4292.245864110687,4292.495864110687,1695,718,1207
4293.44897700465,4293.19897700465,4293.69897700465,1015,766,891
4289.781533535511,4289.656533535511,4289.906533535511,1415,2122,1769
4291.693307117701,4291.568307117701,4291.818307117701,1353,674,1014
4295.445882838466,4295.320882838466,4295.570882838466,2191,844,1518
4296.831410457149,4296.456410457149,4297.206410457149,935,1752,1344
4296.648969006964,4296.523969006964,4296.773969006964,1387,1540,1464
4295.217688715795,4295.092688715795,4295.342688715795,1010,1569,1290
4288.854799627924,4288.729799627924,4288.979799627924,901,2370,1636
4288.460205693581,4288.335205693581,4288.585205693581,1418,967,1193
4290.539517127996,4290.289517127996,4290.789517127996,2923,996,1960
4285.355247586313,4285.230247586313,4285.480247586313,1100,769,935
4282.367473298573,4282.117473298573,4282.617473298573,1349,1092,1221
4282.175598159984,4282.050598159984,4282.300598159984,1272,1879,1576
4278.080530339414,4277.955530339414,4278.205530339414,2223,1614,1919
4278.004920534732,4277.879920534732,4278.129920534732,1249,1458,1354
4281.634391612071,4281.509391612071,4281.759391612071,1351,1566,1459
4278.054809028073,4277.929809028073,4278.179809028073,968,1229,1099
4281.979171561147,4281.854171561147,4282.104171561147,1579,2386,1983
4283.947643525342,4283.697643525342,4284.197643525342,1738,1959,1849
4281.689746937132,4281.564746937132,4281.814746937132,2407,1460,1934
4278.316029975426,4278.191029975426,4278.441029975426,1150,1877,1514
4280.392473223248,4280.267473223248,4280.517473223248,2176,975,1576
4279.490044777964,4279.365044777964,4279.615044777964,1801,856,1329
4280.120925344778,4279.995925344778,4280.245925344778,1337,462,900
4280.911428047284,4280.786428047284,4281.036428047284,2762,1033,1898
4285.699611399136,4285.324611399136,4286.074611399136,2676,1155,1916
4283.256137701714,4283.131137701714,4283.381137701714,1492,1687,1590
4284.349955651533,4283.974955651533,4284.724955651533,2833,1136,1985
4286.6385249383,4286.5135249383,4286.7635249383,1115,1552,1334
4289.577086568462,4289.327086568462,4289.827086568462,1041,848,945
4287.421885268043,4287.046885268043,4287.796885268043,929,2476,1703
4289.629472256786,4289.504472256786,4289.754472256786,1631,2164,1898
4289.663876696328,4289.413876696328,4289.913876696328,2118,1109,1614
4287.223823864655,4287.098823864655,4287.348823864655,496,1449,973
4286.515281844672,4286.390281844672,4286.640281844672,2161,1244,1703
4285.2927163354525,4285.0427163354525,4285.5427163354525,958,2031,1495
4282.133722853896,4282.008722853896,4282.258722853896,906,743,825
4280.666361299698,4280.416361299698,4280.916361299698,2195,1780,1988
4282.311406206826,4282.061406206826,4282.561406206826,1081,2402,1742
4281.646154750553,4281.521154750553,4281.771154750553,939,1758,1349
4282.167049205153,4281.917049205153,4282.417049205153,1475,2076,1776
4279.395921047256,4279.270921047256,4279.520921047256,1069,2120,1595
4282.544237075287,4282.294237075287,4282.794237075287,1974,1059,1517
4285.167688294895,4285.042688294895,4285.292688294895,810,2057,1434
4284.543235567087,4284.418235567087,4284.668235567087,1184,1823,1504
4284.148448730228,4284.023448730228,4284.273448730228,1108,593,851
4284.022944932391,4283.897944932391,4284.147944932391,2062,689,1376
4284.522761582007,4284.397761582007,4284.647761582007,548,1051,800
4283.341701607907,4283.216701607907,4283.466701607907,1096,2301,1699
4289.032803526782,4288.657803526782,4289.407803526782,2880,969,1925
4289.307749017281,4289.182749017281,4289.432749017281,1577,2014,1796
4292.495578014179,4292.370578014179,4292.620578014179,2581,914,1748
4289.36634743578,4289.11634743578,4289.61634743578,1231,628,930
4291.307479886745,4291.182479886745,4291.432479886745,560,1061,811
4288.909651949325,4288.784651949325,4289.034651949325,988,1983,1486
4289.449414205345,4289.324414205345,4289.574414205345,948,1621,1285
4287.329054598271,4287.204054598271,4287.454054598271,1697,788,1243
4287.6981459672315,4287.4481459672315,4287.9481459672315,1907,1004,1456
4286.125136069625,4286.000136069625,4286.250136069625,831,2298,1565
4283.264794785879,4283.014794785879,4283.514794785879,1245,2188,1717
4287.9700687768645,4287.8450687768645,4288.0950687768645,2065,740,1403
4288.984745164721,4288.859745164721,4289.109745164721,699,1428,1064
4289.858935217491,4289.608935217491,4290.108935217491,1261,822,1042
4287.214877381192,4286.964877381192,4287.464877381192,618,1421,1020
4285.28589175546,4285.03589175546,4285.53589175546,1128,1235,1182
4286.414683177151,4286.289683177151,4286.539683177151,2349,828,1589
4288.5239118001955,4288.3989118001955,4288.6489118001955,931,1632,1282
4286.153590471865,4286.028590471865,4286.278590471865,1196,655,926
4286.028003333398,4285.778003333398,4286.278003333398,750,1667,1209
4289.059429744903,4288.809429744903,4289.309429744903,1086,1435,1261
4286.800541549553,4286.675541549553,4286.925541549553,1742,1153,1448
4284.753059292356,4284.628059292356,4284.878059292356,981,2210,1596
4282.30364372493,4282.17864372493,4282.42864372493,964,1093,1029
4286.7146963084,4286.5896963084,4286.8396963084,1548,675,1112
4288.700500290952,4288.575500290952,4288.825500290952,1161,878,1020
4288.587139838562,4288.337139838562,4288.837139838562,1054,1391,1223
4287.658430515658,4287.533430515658,4287.783430515658,2046,1019,1533
4288.94431035322,4288.81931035322,4289.06931035322,879,2194,1537
4290.333463375998,4290.083463375998,4290.583463375998,1560,1091,1326
4291.029323401388,4290.904323401388,4291.154323401388,1368,1275,1322
4290.203763021874,4290.078763021874,4290.328763021874,688,1897,1293
4292.358103352534,4292.108103352534,4292.608103352534,633,1386,1010
4289.305153373243,4289.180153373243,4289.430153373243,961,2684,1823
4292.929443837045,4292.679443837045,4293.179443837045,1420,1125,1273
4290.94609418697,4290.82109418697,4291.07109418697,1090,2337,1714
4292.176271646057,4292.051271646057,4292.301271646057,667,1454,1061
4296.494463664697,4296.369463664697,4296.619463664697,804,1089,947
4295.248441150804,4294.998441150804,4295.498441150804,1188,2061,1625
4296.546639297299,4296.296639297299,4296.796639297299,810,1333,1072
4297.076803893259,4296.951803893259,4297.201803893259,666,1137,902
4298.3872724651665,4298.1372724651665,4298.6372724651665,620,979,800
4296.811721722786,4296.561721722786,4297.061721722786,1711,1550,1631
4298.60693868483,4298.48193868483,4298.73193868483,964,2165,1565
4296.435440390957,4296.185440390957,4296.685440390957,533,1268,901
4296.126969012295,4296.001969012295,4296.251969012295,649,1626,1138
4300.46038529461,4300.33538529461,4300.58538529461,736,1939,1338
4305.038432615406,4304.913432615406,4305.163432615406,1006,793,900
4308.304395519919,4308.179395519919,4308.429395519919,1783,712,1248
4309.256125766056,4309.131125766056,4309.381125766056,2291,898,1595
4310.702033280126,4310.577033280126,4310.827033280126,2126,897,1512
4309.744504332765,4309.619504332765,4309.869504332765,827,1722,1275
4309.9066949109,4309.7816949109,4310.0316949109,1900,919,1410
4310.655294683604,4310.530294683604,4310.780294683604,1867,848,1358
4309.796540553063,4309.671540553063,4309.921540553063,1802,1159,1481
4311.093434818073,4310.843434818073,4311.343434818073,2612,1241,1927
4315.6709283298,4315.5459283298,4315.7959283298,878,1309,1094
4317.61835672859,4317.49335672859,4317.74335672859,1602,1453,1528
4320.608296207995,4320.483296207995,4320.733296207995,1257,764,1011
4320.17725800928,4320.05225800928,4320.30225800928,850,1677,1264
4319.830971082272,4319.455971082272,4320.205971082272,615,1434,1025
4320.635488867367,4320.510488867367,4320.760488867367,1283,2292,1788
4321.237023544725,4320.987023544725,4321.487023544725,952,2251,1602
4317.111296238098,4316.986296238098,4317.236296238098,1014,1281,1148
4319.773116005144,4319.648116005144,4319.898116005144,664,1913,1289
4316.046763653247,4315.671763653247,4316.421763653247,874,779,827
4316.533485405141,4316.408485405141,4316.658485405141,1689,1800,1745
4317.407882313437,4317.157882313437,4317.657882313437,963,1142,1053
4315.1098222775245,4314.8598222775245,4315.3598222775245,2679,1134,1907
4316.089017314995,4315.839017314995,4316.339017314995,1714,1119,1417
4312.407439555438,4312.282439555438,4312.532439555438,720,1559,1140
4312.299849600115,4312.174849600115,4312.424849600115,1175,1704,1440
4310.321038839635,4310.196038839635,4310.446038839635,2451,1448,1950
4312.467214410272,4312.342214410272,4312.592214410272,1684,1991,1838
4312.790345914558,4312.665345914558,4312.915345914558,811,930,871
4314.200794476344,4313.950794476344,4314.450794476344,1204,1823,1514
4314.379425172628,4314.254425172628,4314.504425172628,1692,771,1232
4313.582399316043,4313.457399316043,4313.707399316043,1894,953,1424
4317.070434692591,4316.945434692591,4317.195434692591,1059,828,944
4320.466614499304,4320.341614499304,4320.591614499304,2254,1217,1736
4316.583871676325,4316.333871676325,4316.833871676325,1952,1255,1604
4319.490955510292,4319.365955510292,4319.615955510292,1488,1129,1309
4318.623642400225,4318.498642400225,4318.748642400225,1231,516,874
4319.131363507361,4319.006363507361,4319.256363507361,809,1934,1372
4316.729509924116,4316.479509924116,4316.979509924116,1683,978,1331
4318.441398938608,4318.066398938608,4318.816398938608,859,1616,1238
4320.3298113186565,4320.0798113186565,4320.5798113186565,1234,1425,1330
4320.37522679269,4320.25022679269,4320.50022679269,2452,955,1704
4316.46566806411,4316.34066806411,4316.59066806411,1148,2719,1934
4321.002684035196,4320.752684035196,4321.252684035196,2304,971,1638
4319.155117244104,4319.030117244104,4319.280117244104,2133,1806,1970
4317.372611495105,4317.247611495105,4317.497611495105,1016,2071,1544
4318.274401303591,4318.149401303591,4318.399401303591,2164,1359,1762
4320.401114675355,4320.276114675355,4320.526114675355,1494,2205,1850
4320.273742768068,4320.148742768068,4320.398742768068,1441,1302,1372
4318.256551337556,4317.881551337556,4318.631551337556,1216,1877,1547
4314.987965559661,4314.862965559661,4315.112965559661,810,2041,1426
4314.643752068164,4314.518752068164,4314.768752068164,1840,2097,1969
4317.274146605667,4317.149146605667,4317.399146605667,442,1317,880
4322.669850483904,4322.544850483904,4322.794850483904,1581,1000,1291
4318.908903539136,4318.783903539136,4319.033903539136,799,944,872
4320.292432164053,4320.167432164053,4320.417432164053,510,1469,990
4319.019746532789,4318.769746532789,4319.269746532789,2121,774,1448
4321.972150245584,4321.847150245584,4322.097150245584,1293,862,1078
4318.137817031798,4317.887817031798,4318.387817031798,951,1908,1430
4319.078346271411,4318.953346271411,4319.203346271411,2221,846,1534
4319.274216563498,4319.149216563498,4319.399216563498,1863,874,1369
4321.3402800797585,4321.2152800797585,4321.4652800797585,2354,1361,1858
4327.76362948957,4327.51362948957,4328.01362948957,1486,1997,1742
4327.928071562408,4327.803071562408,4328.053071562408,1799,1866,1833
4327.575358998212,4327.450358998212,4327.700358998212,1071,1154,1113
4328.418815865722,4328.293815865722,4328.543815865722,1616,1103,1360
4328.374279595088,4328.124279595088,4328.624279595088,1138,1875,1507
4325.233042108416,4324.983042108416,4325.483042108416,2428,1091,1760
4326.903014957997,4326.778014957997,4327.028014957997,916,1643,1280
4324.0090302814515,4323.8840302814515,4324.1340302814515,897,1894,1396
4326.328677790908,4326.078677790908,4326.578677790908,1475,2354,1915
4329.847450996368,4329.722450996368,4329.972450996368,1936,893,1415
4331.6553507149965,4331.5303507149965,4331.7803507149965,1238,2341,1790
4335.871426359498,4335.621426359498,4336.121426359498,2181,1112,1647
4333.966373853682,4333.716373853682,4334.216373853682,721,996,859
4335.931337270634,4335.556337270634,4336.306337270634,1971,1354,1663
4337.799965596145,4337.674965596145,4337.924965596145,2117,1442,1780
4336.346574965042,4336.096574965042,4336.596574965042,2857,972,1915
4335.6619985130465,4335.4119985130465,4335.9119985130465,1387,1650,1519
4337.0745140002045,4336.9495140002045,4337.1995140002045,1025,2352,1689
4336.9922215588085,4336.7422215588085,4337.2422215588085,1473,1934,1704
4335.020200103857,4334.895200103857,4335.145200103857,1338,777,1058
4338.909793789106,4338.784793789106,4339.034793789106,1515,2152,1834
4340.014153361633,4339.889153361633,4340.139153361633,1544,557,1051
4334.574934114747,4334.449934114747,4334.699934114747,1224,1001,1113
4332.766596384708,4332.641596384708,4332.891596384708,1247,2686,1967
4334.534906755421,4334.284906755421,4334.784906755421,2485,1496,1991
4329.852407367025,4329.602407367025,4330.102407367025,559,1504,1032
4327.533957021258,4327.408957021258,4327.658957021258,1266,1405,1336
4331.845095227031,4331.720095227031,4331.970095227031,1227,2008,1618
4332.996486007042,4332.871486007042,4333.121486007042,537,1418,978
4331.280688497568,4331.155688497568,4331.405688497568,2529,1264,1897
4334.051515700212,4333.926515700212,4334.176515700212,2689,1050,1870
4339.799643704724,4339.549643704724,4340.049643704724,2527,1370,1949
4331.885042676213,4331.760042676213,4332.010042676213,1287,1550,1419
4325.890307954397,4325.765307954397,4326.015307954397,2089,1550,1820
4323.060637677728,4322.810637677728,4323.310637677728,2528,1445,1987
4322.480216939498,4322.230216939498,4322.730216939498,702,1205,954
4332.27839494382,4332.15339494382,4332.40339494382,858,2523,1691
4325.8626838107775,4325.7376838107775,4325.9876838107775,906,1111,1009
4324.960906379014,4324.710906379014,4325.210906379014,1778,2113,1946
4329.108345512136,4328.858345512136,4329.358345512136,1739,876,1308
4326.4669050936845,4326.3419050936845,4326.5919050936845,2703,970,1837
4324.3541272358925,4324.2291272358925,4324.4791272358925,1934,941,1438
4329.826668665002,4329.576668665002,4330.076668665002,1402,1299,1351
4331.812983349985,4331.437983349985,4332.187983349985,2096,1415,1756
4328.301227155784,4328.051227155784,4328.551227155784,2232,1203,1718
4325.034114299663,4324.909114299663,4325.159114299663,954,1283,1119
4318.860583980146,4318.610583980146,4319.110583980146,1437,2386,1912
4318.617625315002,4318.492625315002,4318.742625315002,1709,1648,1679
4319.474085708638,4319.349085708638,4319.599085708638,2187,1288,1738
4326.037575884137,4325.912575884137,4326.162575884137,722,1469,1096
4333.459202500701,4333.209202500701,4333.709202500701,2809,1132,1971
4332.329634566552,4332.079634566552,4332.579634566552,1393,2010,1702
4331.221753655707,4331.096753655707,4331.346753655707,1531,776,1154
4334.110620215054,4333.985620215054,4334.235620215054,1257,2512,1885
4336.313096206831,4336.063096206831,4336.563096206831,2060,849,1455
4338.2300530806215,4337.8550530806215,4338.6050530806215,1037,806,922
4331.689426298883,4331.564426298883,4331.814426298883,1610,1429,1520
4332.260190740412,4332.135190740412,4332.385190740412,1371,620,996
4335.5045239688725,4335.2545239688725,4335.7545239688725,1291,1970,1631
4333.450961751681,4333.325961751681,4333.575961751681,1084,1903,1494
4329.130034308962,4329.005034308962,4329.255034308962,1030,2939,1985
4327.636002218915,4327.511002218915,4327.761002218915,1236,1271,1254
4320.59262439489,4320.46762439489,4320.71762439489,935,952,944
4312.843504645611,4312.718504645611,4312.968504645611,2228,1297,1763
4315.61054408225,4315.23554408225,4315.98554408225,1011,1610,1311
4315.936116298293,4315.561116298293,4316.311116298293,1263,938,1101
4310.6311245365,4310.5061245365,4310.7561245365,492,1199,846
4312.606826214836,4312.356826214836,4312.856826214836,1727,722,1225
4311.413155961107,4311.038155961107,4311.788155961107,1730,1209,1470
4306.602258230827,4306.477258230827,4306.727258230827,728,1409,1069
4303.776358860905,4303.651358860905,4303.901358860905,1412,2285,1849
4302.447464622216,4302.197464622216,4302.697464622216,498,1175,837
4296.840159879695,4296.715159879695,4296.965159879695,1888,1605,1747
4289.558871939649,4289.433871939649,4289.683871939649,1103,1682,1393
4290.276458114627,4290.151458114627,4290.401458114627,813,1828,1321
4290.145291811702,4290.020291811702,4290.270291811702,1799,1068,1434
4286.2734601383945,4286.0234601383945,4286.5234601383945,1450,2149,1800
4289.017317276398,4288.892317276398,4289.142317276398,1228,411,820
4287.3457457970735,4287.2207457970735,4287.4707457970735,1204,673,939
4283.3033188281825,4283.1783188281825,4283.4283188281825,2074,1901,1988
4283.237370641285,4283.112370641285,4283.362370641285,1569,1734,1652
4276.6053561688805,4276.4803561688805,4276.7303561688805,1055,2726,1891
4275.005992222391,4274.880992222391,4275.130992222391,2247,874,1561
4271.454333522266,4271.079333522266,4271.829333522266,929,1010,970
4272.057331762035,4271.932331762035,4272.182331762035,1157,2230,1694
4266.109523032839,4265.984523032839,4266.234523032839,511,1128,820
4268.961151290796,4268.586151290796,4269.336151290796,2741,1060,1901
4269.453440837724,4269.328440837724,4269.578440837724,2346,1093,1720
4269.820894415712,4269.695894415712,4269.945894415712,1970,1405,1688
4269.050171163372,4268.800171163372,4269.300171163372,2169,742,1456
4269.973566634274,4269.598566634274,4270.348566634274,1767,1066,1417
4265.321836536844,4264.946836536844,4265.696836536844,1028,2753,1891
4263.548896437833,4263.423896437833,4263.673896437833,1291,2658,1975
4257.789075859898,4257.539075859898,4258.039075859898,1528,1335,1432
4256.756402767228,4256.506402767228,4257.006402767228,1858,639,1249
4261.222284573961,4261.097284573961,4261.347284573961,1038,853,946
4266.402633018847,4266.277633018847,4266.527633018847,660,1605,1133
4270.799914807237,4270.549914807237,4271.049914807237,1358,2519,1939
4260.651272791714,4260.526272791714,4260.776272791714,1534,1977,1756
4261.933840747462,4261.808840747462,4262.058840747462,1587,738,1163
4263.3056591160175,4263.1806591160175,4263.4306591160175,1517,1266,1392
4260.463810690568,4260.338810690568,4260.588810690568,2285,1638,1962
4258.116415822201,4257.866415822201,4258.366415822201,652,1011,832
4266.425564538415,4266.050564538415,4266.800564538415,785,1482,1134
4265.887452663473,4265.762452663473,4266.012452663473,2007,1026,1517
4257.7905374839875,4257.6655374839875,4257.9155374839875,563,1294,929
4253.792181920644,4253.667181920644,4253.917181920644,1074,2663,1869
4255.658646290236,4255.408646290236,4255.908646290236,1936,1179,1558
4263.366395286614,4263.116395286614,4263.616395286614,1588,1963,1776
4259.33395422381,4258.95895422381,4259.70895422381,2752,1175,1964
4253.844687048409,4253.594687048409,4254.094687048409,712,1483,1098
4246.944487301212,4246.569487301212,4247.319487301212,1065,2566,1816
4245.312030049441,4245.062030049441,4245.562030049441,2083,908,1496
4244.914881553933,4244.789881553933,4245.039881553933,1625,1264,1445
4250.630218014077,4250.505218014077,4250.755218014077,1353,1600,1477
4254.340110194983,4254.090110194983,4254.590110194983,887,1350,1119
4259.0533956825375,4258.8033956825375,4259.3033956825375,2407,1254,1831
4258.723832724141,4258.598832724141,4258.848832724141,1750,789,1270
4250.504300234122,4250.254300234122,4250.754300234122,2030,1283,1657
4248.328976520534,4248.078976520534,4248.578976520534,936,787,862
4247.690859154931,4247.565859154931,4247.815859154931,1509,1808,1659
4240.051122627282,4239.676122627282,4240.426122627282,1640,987,1314
4246.54529528641,4246.29529528641,4246.79529528641,798,1381,1090
4250.378244098235,4250.128244098235,4250.628244098235,1131,1176,1154
4248.948554314751,4248.823554314751,4249.073554314751,1559,2004,1782
4248.256959310383,4248.131959310383,4248.381959310383,1453,910,1182
4248.61229591951,4248.23729591951,4248.98729591951,1679,1884,1782
4249.992303219581,4249.867303219581,4250.117303219581,659,1172,916
4246.775256332948,4246.650256332948,4246.900256332948,887,844,866
4254.9258628963,4254.8008628963,4255.0508628963,1698,1621,1660
4254.302441771415,4254.177441771415,4254.427441771415,2422,1363,1893
4251.275696407636,4251.150696407636,4251.400696407636,1120,1633,1377
4252.541618772951,4252.416618772951,4252.666618772951,2558,1111,1835
4250.675299267256,4250.550299267256,4250.800299267256,1679,868,1274
4249.311469424583,4249.061469424583,4249.561469424583,919,788,854
4246.70412947025,4246.32912947025,4247.07912947025,1613,1950,1782
4246.0572943902525,4245.9322943902525,4246.1822943902525,1944,1503,1724
4248.4898463942745,4248.2398463942745,4248.7398463942745,482,1147,815
4238.821728656494,4238.446728656494,4239.196728656494,2581,860,1721
4232.620757072006,4232.495757072006,4232.745757072006,2026,1261,1644
4234.797976607957,4234.422976607957,4235.172976607957,1163,864,1014
4234.583778293319,4234.333778293319,4234.833778293319,1834,881,1358
4230.931460105365,4230.681460105365,4231.181460105365,994,2255,1625
4233.849490513938,4233.599490513938,4234.099490513938,626,1485,1056
4242.292090281841,4242.042090281841,4242.542090281841,1697,2098,1898
4236.584824595139,4236.334824595139,4236.834824595139,1162,715,939
4240.842961753712,4240.717961753712,4240.967961753712,1093,1268,1181
4245.973438022633,4245.848438022633,4246.098438022633,1684,2215,1950
4250.759440799729,4250.634440799729,4250.884440799729,689,1226,958
4237.8472841133325,4237.7222841133325,4237.9722841133325,1615,1072,1344
4246.978161869788,4246.728161869788,4247.228161869788,1878,1543,1711
4242.511141815904,4242.261141815904,4242.761141815904,1277,1894,1586
4244.9821582778395,4244.7321582778395,4245.2321582778395,1459,1928,1694
4251.354986785184,4251.229986785184,4251.479986785184,828,845,837
4248.289069654943,4248.164069654943,4248.414069654943,1629,1640,1635
4236.0884391358695,4235.7134391358695,4236.4634391358695,927,756,842
4239.500356779032,4239.250356779032,4239.750356779032,2062,751,1407
4242.78375005708,4242.53375005708,4243.03375005708,1211,538,875
4239.637875824863,4239.387875824863,4239.887875824863,1311,1144,1228
4233.377737811955,4233.252737811955,4233.502737811955,1537,2068,1803
4233.137855320434,4233.012855320434,4233.262855320434,1417,1124,1271
4239.366849126763,4239.241849126763,4239.491849126763,459,1352,906
4235.922327440878,4235.797327440878,4236.047327440878,1330,1421,1376
4233.012894598635,4232.887894598635,4233.137894598635,806,2011,1409
4237.021259572273,4236.646259572273,4237.396259572273,1768,1045,1407
4241.025424000471,4240.900424000471,4241.150424000471,2113,1520,1817
4237.013945892734,4236.888945892734,4237.138945892734,729,1660,1195
4223.761431124189,4223.636431124189,4223.886431124189,2246,1481,1864
4231.209311385064,4230.959311385064,4231.459311385064,930,837,884
4234.396975356615,4234.271975356615,4234.521975356615,1248,991,1120
4236.321367306932,4236.196367306932,4236.446367306932,1816,643,1230
4233.264921068922,4233.139921068922,4233.389921068922,2113,1300,1707
4238.680920289487,4238.555920289487,4238.805920289487,2593,1116,1855
4233.4469613119645,4233.3219613119645,4233.5719613119645,1986,1823,1905
4237.822821263827,4237.447821263827,4238.197821263827,1423,2002,1713
4245.738730689141,4245.613730689141,4245.863730689141,1432,2245,1839
4254.471894287482,4254.221894287482,4254.721894287482,1963,1550,1757
4247.1472109771985,4247.0222109771985,4247.2722109771985,1071,1138,1105
4246.204297700892,4246.079297700892,4246.329297700892,1506,681,1094
4244.076879866701,4243.826879866701,4244.326879866701,1605,1070,1338
4242.823063915745,4242.573063915745,4243.073063915745,1928,1335,1632
4235.660012447211,4235.535012447211,4235.785012447211,1501,2282,1892
4233.680258139502,4233.555258139502,4233.805258139502,1258,1123,1191
4236.07546644951,4235.95046644951,4236.20046644951,681,1304,993
4230.784286056367,4230.659286056367,4230.909286056367,2163,1114,1639
4233.468450850909,4233.343450850909,4233.593450850909,1665,1432,1549
4233.909235926687,4233.659235926687,4234.159235926687,1034,2111,1573
4240.464875600028,4240.214875600028,4240.714875600028,1183,1756,1470
4243.039533074599,4242.914533074599,4243.164533074599,1705,1176,1441
4244.360116627624,4244.110116627624,4244.610116627624,1464,1695,1580
4243.095171258713,4242.970171258713,4243.220171258713,1233,2104,1669
4244.49098487193,4244.24098487193,4244.74098487193,1037,648,843
4246.663631189499,4246.413631189499,4246.913631189499,1719,1748,1734
4252.395656761219,4252.145656761219,4252.645656761219,1371,2550,1961
4249.681882494319,4249.556882494319,4249.806882494319,909,724,817
4255.4470958463435,4255.3220958463435,4255.5720958463435,1808,869,1339
4256.459398136371,4256.334398136371,4256.584398136371,900,1915,1408
4267.729619084719,4267.604619084719,4267.854619084719,2008,1885,1947
4275.884795666433,4275.759795666433,4276.009795666433,1867,1244,1556
4271.622443622536,4271.497443622536,4271.747443622536,824,2237,1531
4273.068053954093,4272.818053954093,4273.318053954093,1761,1426,1594
4270.35618176709,4270.10618176709,4270.60618176709,1959,844,1402
4271.314968093838,4271.189968093838,4271.439968093838,999,820,910
4268.393924192366,4268.143924192366,4268.643924192366,1916,1081,1499
4263.560068651373,4263.435068651373,4263.685068651373,2035,1446,1741
4261.032757412973,4260.782757412973,4261.282757412973,1632,2129,1881
4260.714235137927,4260.339235137927,4261.089235137927,1877,866,1372
4251.843483487858,4251.593483487858,4252.093483487858,1044,2263,1654
4251.0544200532695,4250.9294200532695,4251.1794200532695,1269,568,919
4245.515854860374,4245.390854860374,4245.640854860374,1293,2384,1839
4244.867631405463,4244.742631405463,4244.992631405463,1675,1366,1521
4250.284867875174,4249.909867875174,4250.659867875174,1789,766,1278
4255.769172593068,4255.644172593068,4255.894172593068,1265,1968,1617
4253.558456879782,4253.433456879782,4253.683456879782,2091,1232,1662
4254.905941872274,4254.780941872274,4255.030941872274,1199,588,894
4250.608949963256,4250.483949963256,4250.733949963256,854,837,846
4253.4323327769935,4253.1823327769935,4253.6823327769935,963,1242,1103
4255.651726209493,4255.526726209493,4255.776726209493,1641,716,1179
4248.909900408848,4248.659900408848,4249.159900408848,2421,944,1683
4241.137959621653,4241.012959621653,4241.262959621653,883,1502,1193
4241.1640200900365,4241.0390200900365,4241.2890200900365,913,2488,1701
4230.147729535754,4230.022729535754,4230.272729535754,2591,1332,1962
4225.013217999238,4224.888217999238,4225.138217999238,1309,542,926
4224.215026874107,4224.090026874107,4224.340026874107,1177,2460,1819
4225.124529559312,4224.874529559312,4225.374529559312,479,1232,856
4224.023299692398,4223.898299692398,4224.148299692398,2373,1300,1837
4220.555295453449,4220.430295453449,4220.680295453449,1185,950,1068
4225.789669556012,4225.539669556012,4226.039669556012,2128,1805,1967
4228.717117166623,4228.592117166623,4228.842117166623,1183,1124,1154
4229.333130083995,4229.208130083995,4229.458130083995,578,1309,944
