close,bid,ask,bid_volume,ask_volume,volume
4503.753153664492,4503.628153664492,4503.878153664492,1661,1606,1634
4505.8380802012625,4505.7130802012625,4505.9630802012625,752,1503,1128
4503.479952308515,4503.354952308515,4503.604952308515,1842,635,1239
4500.3634660993675,4500.2384660993675,4500.4884660993675,1194,2509,1852
4500.658651753865,4500.533651753865,4500.783651753865,1117,2472,1795
4502.974247966685,4502.849247966685,4503.099247966685,858,1147,1003
4504.423442058266,4504.048442058266,4504.798442058266,901,776,839
4503.1453204561985,4502.7703204561985,4503.5203204561985,1291,1674,1483
4503.0119649757735,4502.8869649757735,4503.1369649757735,1135,2226,1681
4500.365333306336,4500.240333306336,4500.490333306336,936,865,901
4499.355367869008,4499.230367869008,4499.480367869008,1532,1573,1553
4502.8615409927015,4502.4865409927015,4503.2365409927015,1157,1620,1389
4498.6232138142705,4498.4982138142705,4498.7482138142705,1247,796,1022
4499.715585810638,4499.340585810638,4500.090585810638,843,1924,1384
4504.618374910905,4504.493374910905,4504.743374910905,1454,1215,1335
4507.689012987336,4507.564012987336,4507.814012987336,1914,667,1291
4511.213492818967,4511.088492818967,4511.338492818967,1167,1504,1336
4509.588970625675,4509.463970625675,4509.713970625675,1530,2079,1805
4504.0940975213525,4503.9690975213525,4504.2190975213525,920,1209,1065
4503.482338263755,4503.357338263755,4503.607338263755,2478,1015,1747
4504.175297872983,4504.050297872983,4504.300297872983,1209,696,953
4504.4245526255245,4504.2995526255245,4504.5495526255245,1164,1315,1240
4504.0251629394925,4503.9001629394925,4504.1501629394925,582,1631,1107
4502.154128227748,4501.779128227748,4502.529128227748,1422,2045,1734
4503.925410208896,4503.800410208896,4504.050410208896,1879,1524,1702
4505.193279028733,4505.068279028733,4505.318279028733,1186,825,1006
4500.397076613339,4500.272076613339,4500.522076613339,1902,1927,1915
4501.966518734853,4501.716518734853,4502.216518734853,2086,1471,1779
4502.594413740756,4502.344413740756,4502.844413740756,1934,1441,1688
4502.449457603856,4502.074457603856,4502.824457603856,1128,1649,1389
4503.67757888175,4503.55257888175,4503.80257888175,2243,836,1540
4501.147286766811,4501.022286766811,4501.272286766811,2684,1303,1994
4497.57539094838,4497.32539094838,4497.82539094838,1842,1313,1578
4497.578031254892,4497.453031254892,4497.703031254892,2025,1580,1803
4496.3118054315155,4496.1868054315155,4496.4368054315155,2375,1512,1944
4498.296489229023,4498.046489229023,4498.546489229023,1161,2512,1837
4500.486718785232,4500.361718785232,4500.611718785232,1731,874,1303
4496.7712522381225,4496.5212522381225,4497.0212522381225,1110,2095,1603
4497.682877254051,4497.557877254051,4497.807877254051,1591,1752,1672
4495.113210892686,4494.988210892686,4495.238210892686,1786,1651,1719
4495.117294998474,4494.992294998474,4495.242294998474,2331,1444,1888
4487.757744735755,4487.632744735755,4487.882744735755,2353,1038,1696
4487.4479635443995,4487.3229635443995,4487.5729635443995,1079,1008,1044
4492.04583020761,4491.67083020761,4492.42083020761,1833,1170,1502
4491.234435900707,4491.109435900707,4491.359435900707,1775,944,1360
4492.304487864724,4492.179487864724,4492.429487864724,716,935,826
4489.363638351487,4489.238638351487,4489.488638351487,1553,916,1235
4492.316199180551,4492.191199180551,4492.441199180551,1498,1175,1337
4494.614537173791,4494.239537173791,4494.989537173791,1191,542,867
4491.973324691479,4491.848324691479,4492.098324691479,1987,866,1427
4485.047859751462,4484.922859751462,4485.172859751462,1309,724,1017
4485.712903975767,4485.462903975767,4485.962903975767,1342,619,981
4488.655713867578,4488.405713867578,4488.905713867578,1557,1504,1531
4487.200289903677,4487.075289903677,4487.325289903677,1360,1391,1376
4489.202783683883,4489.077783683883,4489.327783683883,1260,1855,1558
4490.315971650353,4490.065971650353,4490.565971650353,1560,1429,1495
4495.376829994593,4495.126829994593,4495.626829994593,926,2323,1625
4493.508328291373,4493.258328291373,4493.758328291373,1367,1342,1355
4494.2368211573785,4493.8618211573785,4494.6118211573785,616,1161,889
4493.882315384678,4493.757315384678,4494.007315384678,1693,1946,1820
4495.484691168582,4495.359691168582,4495.609691168582,2504,1473,1989
4495.324166931959,4495.199166931959,4495.449166931959,876,1271,1074
4492.228394837358,4491.978394837358,4492.478394837358,1305,698,1002
4490.954245014788,4490.829245014788,4491.079245014788,1632,1825,1729
4488.837575968822,4488.712575968822,4488.962575968822,1265,1354,1310
4489.822894022936,4489.697894022936,4489.947894022936,1126,2369,1748
4491.73949838947,4491.61449838947,4491.86449838947,2155,1288,1722
4486.0928742015585,4485.9678742015585,4486.2178742015585,1018,1475,1247
4486.766315534433,4486.641315534433,4486.891315534433,941,908,925
4484.321681199276,4484.196681199276,4484.446681199276,933,1406,1170
4481.762470000298,4481.512470000298,4482.012470000298,1514,859,1187
4484.606795399521,4484.356795399521,4484.856795399521,2207,1152,1680
4481.266684509126,4480.891684509126,4481.641684509126,767,1348,1058
4481.483040017792,4481.358040017792,4481.608040017792,1302,2415,1859
4481.020463229033,4480.895463229033,4481.145463229033,2629,1268,1949
4478.202967156638,4478.077967156638,4478.327967156638,1122,579,851
4479.576667318888,4479.451667318888,4479.701667318888,1697,590,1144
4480.592106696838,4480.342106696838,4480.842106696838,1123,1822,1473
4475.505156836529,4475.130156836529,4475.880156836529,1757,1928,1843
4474.631258760956,4474.256258760956,4475.006258760956,815,1298,1057
4477.746218971057,4477.621218971057,4477.871218971057,846,1875,1361
4479.129504445702,4479.004504445702,4479.254504445702,2504,907,1706
4478.495958958145,4478.370958958145,4478.620958958145,1869,838,1354
4479.15196171832,4479.02696171832,4479.27696171832,1980,931,1456
4476.9813988539645,4476.6063988539645,4477.3563988539645,1434,1887,1661
4478.015802978526,4477.765802978526,4478.265802978526,2640,987,1814
4477.52109031703,4477.27109031703,4477.77109031703,2147,846,1497
4479.129665977264,4478.879665977264,4479.379665977264,924,1061,993
4477.957020050944,4477.707020050944,4478.207020050944,2211,1026,1619
4478.696075714741,4478.571075714741,4478.821075714741,1825,1196,1511
4477.786677530311,4477.661677530311,4477.911677530311,916,1007,962
4479.302096409642,4479.177096409642,4479.427096409642,1328,1149,1239
4480.075639782515,4479.825639782515,4480.325639782515,1131,1050,1091
4482.20656983358,4481.95656983358,4482.45656983358,1506,1933,1720
4483.808683234185,4483.433683234185,4484.183683234185,931,1320,1126
4477.729250787905,4477.604250787905,4477.854250787905,1751,1190,1471
4476.385945680131,4476.135945680131,4476.635945680131,1623,1210,1417
4478.021663962471,4477.771663962471,4478.271663962471,2043,866,1455
4477.157006977504,4477.032006977504,4477.282006977504,2730,1183,1957
4476.775290768013,4476.525290768013,4477.025290768013,1422,1751,1587
4479.984642376728,4479.734642376728,4480.234642376728,1133,612,873
4481.569219180663,4481.444219180663,4481.694219180663,1517,998,1258
4480.942112538986,4480.817112538986,4481.067112538986,1749,1832,1791
4482.6430139387485,4482.5180139387485,4482.7680139387485,1255,758,1007
4483.901310609975,4483.651310609975,4484.151310609975,1529,856,1193
4485.766549714492,4485.516549714492,4486.016549714492,1497,944,1221
4482.098732565747,4481.973732565747,4482.223732565747,995,608,802
4479.88033037005,4479.63033037005,4480.13033037005,1256,1441,1349
4477.7957524619715,4477.6707524619715,4477.9207524619715,1846,649,1248
4479.515689711011,4479.390689711011,4479.640689711011,2709,1252,1981
4477.919006062021,4477.669006062021,4478.169006062021,904,733,819
4481.671902587182,4481.546902587182,4481.796902587182,1873,1198,1536
4481.705147392309,4481.580147392309,4481.830147392309,2682,1073,1878
4481.556264395397,4481.431264395397,4481.681264395397,1619,1154,1387
4483.603618892639,4483.478618892639,4483.728618892639,498,1373,936
4484.03603991033,4483.78603991033,4484.28603991033,923,802,863
4488.831285899912,4488.706285899912,4488.956285899912,1030,1201,1116
4487.953577947431,4487.703577947431,4488.203577947431,1362,1669,1516
4488.023540839366,4487.773540839366,4488.273540839366,1276,729,1003
4489.7102814322725,4489.5852814322725,4489.8352814322725,1182,2019,1601
4490.107781828549,4489.732781828549,4490.482781828549,1359,1712,1536
4490.225724894578,4490.100724894578,4490.350724894578,1745,1578,1662
4488.646580515392,4488.521580515392,4488.771580515392,1062,1867,1465
4483.768119669384,4483.393119669384,4484.143119669384,921,2094,1508
4483.63768347918,4483.38768347918,4483.88768347918,2118,1793,1956
4484.386605469662,4484.261605469662,4484.511605469662,1213,2672,1943
4480.492020008832,4480.117020008832,4480.867020008832,2387,1512,1950
4480.100924596627,4479.975924596627,4480.225924596627,793,1422,1108
4479.4398177149515,4479.3148177149515,4479.5648177149515,2626,1347,1987
4479.387436456067,4479.012436456067,4479.762436456067,1054,611,833
4477.121641070385,4476.746641070385,4477.496641070385,753,1666,1210
4472.610431999204,4472.360431999204,4472.860431999204,495,1406,951
4469.959697898129,4469.584697898129,4470.334697898129,973,1000,987
4470.319261727238,4470.194261727238,4470.444261727238,2338,1151,1745
4470.552264462502,4470.427264462502,4470.677264462502,1624,1269,1447
4471.885343633411,4471.760343633411,4472.010343633411,1375,1224,1300
4468.568370706632,4468.318370706632,4468.818370706632,1530,1297,1414
4468.764677790706,4468.389677790706,4469.139677790706,1158,563,861
4469.596501558937,4469.471501558937,4469.721501558937,682,1303,993
4472.500841361319,4472.375841361319,4472.625841361319,975,2242,1609
4471.346889974831,4471.096889974831,4471.596889974831,1240,419,830
4470.984902707348,4470.859902707348,4471.109902707348,1872,1521,1697
4473.746017279566,4473.621017279566,4473.871017279566,754,1199,977
4474.095049389481,4473.845049389481,4474.345049389481,633,1270,952
4474.411530830004,4474.161530830004,4474.661530830004,837,1208,1023
4475.447981829832,4475.322981829832,4475.572981829832,954,2321,1638
4473.25784968312,4473.00784968312,4473.50784968312,2157,866,1512
4471.001086903722,4470.751086903722,4471.251086903722,1113,2434,1774
4472.994584264253,4472.869584264253,4473.119584264253,2038,1227,1633
4473.156098981625,4472.781098981625,4473.531098981625,1443,2094,1769
4474.797832269954,4474.672832269954,4474.922832269954,532,1471,1002
4474.2712559064485,4474.1462559064485,4474.3962559064485,582,1707,1145
4472.1891979115735,4472.0641979115735,4472.3141979115735,1419,574,997
4470.580891313384,4470.330891313384,4470.830891313384,2349,1372,1861
4469.571117036861,4469.446117036861,4469.696117036861,1148,2307,1728
4468.618235921144,4468.368235921144,4468.868235921144,2160,891,1526
4470.534753217798,4470.409753217798,4470.659753217798,964,1297,1131
4469.038732075049,4468.913732075049,4469.163732075049,774,1437,1106
4465.11451019917,4464.98951019917,4465.23951019917,1608,1379,1494
4468.199171313677,4467.949171313677,4468.449171313677,2378,925,1652
4467.736457755611,4467.486457755611,4467.986457755611,1651,786,1219
4466.414946017182,4466.289946017182,4466.539946017182,2699,1030,1865
4465.872105216875,4465.747105216875,4465.997105216875,1436,1487,1462
4464.5174681485005,4464.3924681485005,4464.6424681485005,1057,1730,1394
4462.373749588113,4462.248749588113,4462.498749588113,1387,722,1055
4459.39557968981,4459.14557968981,4459.64557968981,946,929,938
4463.863455060344,4463.613455060344,4464.113455060344,934,1001,968
4464.673740796205,4464.423740796205,4464.923740796205,638,989,814
4459.161458400575,4459.036458400575,4459.286458400575,2041,1334,1688
4459.946099431028,4459.696099431028,4460.196099431028,1730,1111,1421
4456.646892750202,4456.521892750202,4456.771892750202,1479,2394,1937
4452.390955701979,4452.140955701979,4452.640955701979,750,1813,1282
4451.4186918566675,4451.2936918566675,4451.5436918566675,1710,1169,1440
4448.575741838378,4448.325741838378,4448.825741838378,1411,2208,1810
4451.66904548282,4451.54404548282,4451.79404548282,984,2913,1949
4449.078857862574,4448.953857862574,4449.203857862574,926,1099,1013
4448.535334223269,4448.410334223269,4448.660334223269,886,767,827
4447.180637227014,4447.055637227014,4447.305637227014,698,2067,1383
4444.952818150454,4444.827818150454,4445.077818150454,1912,1035,1474
4447.665961909138,4447.540961909138,4447.790961909138,2333,1336,1835
4448.464943051322,4448.339943051322,4448.589943051322,2384,1323,1854
4445.828211453078,4445.703211453078,4445.953211453078,652,1697,1175
4446.3219993689345,4446.1969993689345,4446.4469993689345,1514,2275,1895
4443.855269400182,4443.730269400182,4443.980269400182,766,1339,1053
4441.546923794856,4441.421923794856,4441.671923794856,2125,1510,1818
4443.2340493822785,4442.8590493822785,4443.6090493822785,1148,2593,1871
4444.169644158757,4444.044644158757,4444.294644158757,1413,1886,1650
4445.97003066775,4445.84503066775,4446.09503066775,504,1449,977
4447.621534602144,4447.496534602144,4447.746534602144,1456,2025,1741
4446.024102830308,4445.899102830308,4446.149102830308,722,1031,877
4443.547182259568,4443.422182259568,4443.672182259568,1686,1137,1412
4446.399675539262,4446.274675539262,4446.524675539262,1816,2157,1987
4444.862882298651,4444.737882298651,4444.987882298651,1693,1198,1446
4444.213124920826,4443.963124920826,4444.463124920826,612,1485,1049
4446.038545338741,4445.663545338741,4446.413545338741,1808,1313,1561
4448.135828550724,4447.885828550724,4448.385828550724,1147,1144,1146
4450.80963055975,4450.68463055975,4450.93463055975,1791,660,1226
4449.314840828216,4448.939840828216,4449.689840828216,1235,506,871
4450.299697688522,4449.924697688522,4450.674697688522,907,2578,1743
4454.201587174996,4453.951587174996,4454.451587174996,1043,1820,1432
4455.5116977837015,4455.2616977837015,4455.7616977837015,768,1071,920
4452.612408692365,4452.487408692365,4452.737408692365,1638,745,1192
4457.95917328427,4457.83417328427,4458.08417328427,629,1278,954
4456.6905488395705,4456.5655488395705,4456.8155488395705,2163,994,1579
4453.679348482835,4453.304348482835,4454.054348482835,1545,1296,1421
4452.628200158243,4452.503200158243,4452.753200158243,2114,1495,1805
4453.041802098528,4452.791802098528,4453.291802098528,1018,1513,1266
4453.92780510345,4453.80280510345,4454.05280510345,1120,2569,1845
4459.025291462221,4458.775291462221,4459.275291462221,1997,680,1339
4458.1419687881225,4457.8919687881225,4458.3919687881225,743,1778,1261
4457.450852658158,4457.200852658158,4457.700852658158,1114,1569,1342
4460.130459706378,4460.005459706378,4460.255459706378,2640,1155,1898
4458.69020063099,4458.31520063099,4459.06520063099,849,1078,964
4459.106572140898,4458.981572140898,4459.231572140898,541,1466,1004
4461.0242835937115,4460.7742835937115,4461.2742835937115,1070,635,853
4456.430936336248,4456.180936336248,4456.680936336248,887,1108,998
4455.0753877040615,4454.8253877040615,4455.3253877040615,826,841,834
4458.7740400580615,4458.6490400580615,4458.8990400580615,1249,722,986
4459.51259739574,4459.38759739574,4459.63759739574,1970,1903,1937
4461.54342228477,4461.41842228477,4461.66842228477,1883,1068,1476
4457.803684635225,4457.678684635225,4457.928684635225,2559,1102,1831
4462.235973308595,4462.110973308595,4462.360973308595,1032,1139,1086
4466.026279606989,4465.901279606989,4466.151279606989,964,811,888
4466.549561743112,4466.424561743112,4466.674561743112,1193,2204,1699
4468.925681617114,4468.800681617114,4469.050681617114,823,826,825
4471.388784257378,4471.263784257378,4471.513784257378,956,2867,1912
4473.431984535771,4473.181984535771,4473.681984535771,2016,1103,1560
4478.6081264358445,4478.2331264358445,4478.9831264358445,2144,1257,1701
4475.586469892846,4475.336469892846,4475.836469892846,2221,1674,1948
4482.607870507649,4482.482870507649,4482.732870507649,997,2338,1668
4481.7658689314485,4481.6408689314485,4481.8908689314485,1641,1038,1340
4483.247791510135,4483.122791510135,4483.372791510135,1343,2406,1875
4485.435660692809,4485.185660692809,4485.685660692809,2348,893,1621
4488.818526658665,4488.693526658665,4488.943526658665,1249,1720,1485
4486.71441863235,4486.58941863235,4486.83941863235,2304,815,1560
4486.663456988135,4486.538456988135,4486.788456988135,614,1421,1018
4488.768242320307,4488.643242320307,4488.893242320307,2059,1570,1815
4492.493906321111,4492.368906321111,4492.618906321111,1324,1983,1654
4492.958895321574,4492.833895321574,4493.083895321574,1033,1310,1172
4499.221004519997,4498.971004519997,4499.471004519997,1890,2069,1980
4494.991785960195,4494.866785960195,4495.116785960195,2787,1146,1967
4493.778090268698,4493.528090268698,4494.028090268698,1115,1036,1076
4495.218036012455,4494.968036012455,4495.468036012455,923,736,830
4492.417891150571,4492.167891150571,4492.667891150571,612,1609,1111
4492.1712155502,4492.0462155502,4492.2962155502,2094,1231,1663
4493.48268513831,4493.35768513831,4493.60768513831,1153,1862,1508
4495.58089284067,4495.45589284067,4495.70589284067,1624,1903,1764
4491.472857434277,4491.222857434277,4491.722857434277,2572,1275,1924
4490.2191476574435,4490.0941476574435,4490.3441476574435,1019,1660,1340
4488.7766467927995,4488.5266467927995,4489.0266467927995,1768,1295,1532
4489.436494692616,4489.186494692616,4489.686494692616,1082,2613,1848
4487.440919196605,4487.315919196605,4487.565919196605,1514,1053,1284
4486.379257543663,4486.254257543663,4486.504257543663,1784,1731,1758
4485.400271994177,4485.275271994177,4485.525271994177,1313,498,906
4491.088070271256,4490.963070271256,4491.213070271256,1245,1616,1431
4490.546639388659,4490.421639388659,4490.671639388659,1117,2102,1610
4490.595573486349,4490.345573486349,4490.845573486349,2272,985,1629
4494.146897152593,4493.896897152593,4494.396897152593,1067,2708,1888
4491.857925015847,4491.607925015847,4492.107925015847,910,1431,1171
4487.162485950284,4486.787485950284,4487.537485950284,1872,1683,1778
4485.28140539429,4485.03140539429,4485.53140539429,2155,1700,1928
4484.101724703366,4483.851724703366,4484.351724703366,1439,1076,1258
4484.952395639388,4484.827395639388,4485.077395639388,1200,1925,1563
4488.029729709547,4487.779729709547,4488.279729709547,1756,1847,1802
4478.530758281086,4478.280758281086,4478.780758281086,661,1060,861
4477.720234785204,4477.595234785204,4477.845234785204,1592,1867,1730
4477.298768188401,4477.048768188401,4477.548768188401,1648,1301,1475
4475.391114241377,4475.266114241377,4475.516114241377,1154,2759,1957
4478.6718413982935,4478.4218413982935,4478.9218413982935,1742,1543,1643
4480.08793017871,4479.83793017871,4480.33793017871,1000,2389,1695
4483.023980041561,4482.773980041561,4483.273980041561,1900,1471,1686
4481.77339571844,4481.52339571844,4482.02339571844,1605,1508,1557
4484.370719903643,4484.120719903643,4484.620719903643,628,1419,1024
4482.930253467571,4482.680253467571,4483.180253467571,1562,1219,1391
4481.893433700954,4481.768433700954,4482.018433700954,1470,839,1155
4483.69225114381,4483.31725114381,4484.06725114381,1759,1074,1417
4491.236028648882,4491.111028648882,4491.361028648882,2169,866,1518
4491.929312589326,4491.554312589326,4492.304312589326,1436,1499,1468
4494.280927296682,4494.155927296682,4494.405927296682,1110,1001,1056
4493.88613435743,4493.76113435743,4494.01113435743,2313,1434,1874
4492.894415508596,4492.644415508596,4493.144415508596,897,1068,983
4494.156953004957,4493.906953004957,4494.406953004957,1553,1570,1562
4495.239889315269,4494.989889315269,4495.489889315269,1866,1435,1651
4491.22240351007,4490.97240351007,4491.47240351007,1481,2476,1979
4487.654734434035,4487.404734434035,4487.904734434035,1300,873,1087
4484.5074745573565,4484.3824745573565,4484.6324745573565,1228,1615,1422
4487.083247456073,4486.833247456073,4487.333247456073,1003,732,868
4485.510180548733,4485.385180548733,4485.635180548733,2075,1470,1773
4483.457855802625,4483.207855802625,4483.707855802625,1784,1175,1480
4485.775226417783,4485.400226417783,4486.150226417783,1881,908,1395
4488.533364743166,4488.408364743166,4488.658364743166,653,950,802
4488.262079025574,4488.012079025574,4488.512079025574,698,2057,1378
4488.543583295821,4488.418583295821,4488.668583295821,1133,2576,1855
4488.494900052237,4488.369900052237,4488.619900052237,2154,1685,1920
4485.969938609262,4485.844938609262,4486.094938609262,2250,1569,1910
4485.707268463699,4485.582268463699,4485.832268463699,916,1367,1142
4490.149731218902,4490.024731218902,4490.274731218902,986,1253,1120
4486.880673405119,4486.755673405119,4487.005673405119,1306,523,915
4482.852995943229,4482.727995943229,4482.977995943229,962,837,900
4487.69176139946,4487.56676139946,4487.81676139946,706,1767,1237
4484.264748773169,4484.139748773169,4484.389748773169,2244,1235,1740
4481.216312857565,4481.091312857565,4481.341312857565,1374,2295,1835
4478.404153092806,4478.154153092806,4478.654153092806,888,1081,985
4475.993696873363,4475.868696873363,4476.118696873363,1704,2125,1915
4469.659584029671,4469.284584029671,4470.034584029671,1449,1840,1645
4471.765725909908,4471.515725909908,4472.015725909908,488,1139,814
4470.66523618665,4470.41523618665,4470.91523618665,965,1636,1301
4471.489013227384,4471.364013227384,4471.614013227384,2740,925,1833
4471.363660103481,4471.238660103481,4471.488660103481,1111,2124,1618
4469.017620967425,4468.892620967425,4469.142620967425,664,1641,1153
4468.509005195933,4468.259005195933,4468.759005195933,976,2513,1745
4471.219432384317,4471.094432384317,4471.344432384317,810,1275,1043
4474.236258779752,4473.986258779752,4474.486258779752,1203,458,831
4472.968434316238,4472.843434316238,4473.093434316238,1659,1094,1377
4474.820120095545,4474.695120095545,4474.945120095545,1632,1225,1429
4472.904593759997,4472.779593759997,4473.029593759997,724,969,847
4474.8478886727835,4474.7228886727835,4474.9728886727835,680,923,802
4475.746189584485,4475.621189584485,4475.871189584485,2767,1006,1887
4476.251386034073,4476.126386034073,4476.376386034073,1349,1858,1604
4476.067116940544,4475.942116940544,4476.192116940544,1692,1723,1708
4473.478535862579,4473.103535862579,4473.853535862579,818,1579,1199
4476.085964757966,4475.835964757966,4476.335964757966,1067,1012,1040
4475.613255373086,4475.488255373086,4475.738255373086,918,2557,1738
4479.297871715822,4479.172871715822,4479.422871715822,2268,1129,1699
4475.896306734675,4475.646306734675,4476.146306734675,2339,894,1617
4476.720626810757,4476.595626810757,4476.845626810757,1263,1690,1477
4479.929322548436,4479.804322548436,4480.054322548436,2276,1279,1778
4479.44043946973,4479.31543946973,4479.56543946973,1923,1712,1818
4481.480559455164,4481.355559455164,4481.605559455164,1047,2020,1534
4475.290080857813,4475.165080857813,4475.415080857813,1037,1358,1198
4476.590228689026,4476.340228689026,4476.840228689026,818,1027,923
4476.297570504384,4476.047570504384,4476.547570504384,926,2769,1848
4477.780811478375,4477.530811478375,4478.030811478375,759,2054,1407
4474.058619265361,4473.683619265361,4474.433619265361,1103,532,818
4470.868952687544,4470.618952687544,4471.118952687544,1448,855,1152
4465.547870715373,4465.172870715373,4465.922870715373,2008,887,1448
4468.309732923452,4467.934732923452,4468.684732923452,2391,838,1615
4466.911159031044,4466.786159031044,4467.036159031044,689,1592,1141
4465.7938173758685,4465.6688173758685,4465.9188173758685,2315,1428,1872
4467.531571821797,4467.406571821797,4467.656571821797,609,1490,1050
4466.564091840139,4466.439091840139,4466.689091840139,1538,1341,1440
4470.391887750113,4470.266887750113,4470.516887750113,2090,983,1537
4470.375881054414,4470.250881054414,4470.500881054414,1866,629,1248
4473.4842176994025,4473.3592176994025,4473.6092176994025,2266,873,1570
4475.82489002387,4475.57489002387,4476.07489002387,1288,1907,1598
4475.529454105598,4475.404454105598,4475.654454105598,2124,1143,1634
4478.474349614126,4478.349349614126,4478.599349614126,2433,1212,1823
4476.210309371451,4475.835309371451,4476.585309371451,1494,1439,1467
4473.418390041489,4473.168390041489,4473.668390041489,1348,541,945
4473.346937552689,4473.221937552689,4473.471937552689,1981,1120,1551
4470.366332222467,4470.241332222467,4470.491332222467,1478,969,1224
4472.9995094148035,4472.7495094148035,4473.2495094148035,906,1877,1392
4472.928306003385,4472.803306003385,4473.053306003385,689,982,836
4472.405466312967,4472.280466312967,4472.530466312967,1224,1819,1522
4472.72703384705,4472.60203384705,4472.85203384705,983,1462,1223
4474.250654158967,4474.000654158967,4474.500654158967,1781,1260,1521
4473.305364114474,4473.180364114474,4473.430364114474,1636,1255,1446
4473.024447441494,4472.774447441494,4473.274447441494,1113,1308,1211
4472.316176846562,4472.066176846562,4472.566176846562,1078,743,911
4469.711306583299,4469.586306583299,4469.836306583299,639,1502,1071
4467.572950284709,4467.447950284709,4467.697950284709,891,816,854
4462.092518923173,4461.967518923173,4462.217518923173,1737,714,1226
4459.398751173819,4459.273751173819,4459.523751173819,996,655,826
4457.118633357145,4456.993633357145,4457.243633357145,864,2551,1708
4461.060512014349,4460.685512014349,4461.435512014349,676,1589,1133
4454.466469507249,4454.216469507249,4454.716469507249,2595,952,1774
4455.090298045525,4454.840298045525,4455.340298045525,1213,1586,1400
4458.750815916382,4458.625815916382,4458.875815916382,1970,1449,1710
4456.455643245456,4456.205643245456,4456.705643245456,1052,653,853
4454.798813962921,4454.673813962921,4454.923813962921,757,1594,1176
4452.292666668117,4452.167666668117,4452.417666668117,920,1373,1147
4447.321833316014,4447.071833316014,4447.571833316014,1700,1259,1480
4450.317998390776,4449.942998390776,4450.692998390776,1508,963,1236
4452.765460747659,4452.640460747659,4452.890460747659,2872,1009,1941
4455.75664129643,4455.63164129643,4455.88164129643,2687,904,1796
4450.166383714455,4450.041383714455,4450.291383714455,526,1177,852
4448.7688323629,4448.6438323629,4448.8938323629,734,1483,1109
4451.657037360909,4451.532037360909,4451.782037360909,1675,2082,1879
4451.324015711286,4450.949015711286,4451.699015711286,1470,557,1014
4453.928114358362,4453.803114358362,4454.053114358362,1989,752,1371
4451.563182968141,4451.438182968141,4451.688182968141,549,1272,911
4449.748866409074,4449.623866409074,4449.873866409074,1399,1224,1312
4445.272570132096,4445.147570132096,4445.397570132096,1475,1366,1421
4449.7527865168395,4449.3777865168395,4450.1277865168395,1935,674,1305
4448.589621697018,4448.214621697018,4448.964621697018,1717,1632,1675
4446.039234436287,4445.914234436287,4446.164234436287,648,969,809
4448.324797265032,4448.199797265032,4448.449797265032,1715,1612,1664
4444.801182847956,4444.551182847956,4445.051182847956,910,1947,1429
4447.632424902205,4447.382424902205,4447.882424902205,857,2382,1620
4447.1246728975475,4446.9996728975475,4447.2496728975475,1318,1635,1477
4450.80006134717,4450.67506134717,4450.92506134717,830,1235,1033
4448.748345738626,4448.623345738626,4448.873345738626,2728,947,1838
4450.334814948071,4450.084814948071,4450.584814948071,484,1255,870
4449.870787781116,4449.620787781116,4450.120787781116,1944,1535,1740
4450.187705743821,4449.812705743821,4450.562705743821,771,1500,1136
4451.625977771757,4451.375977771757,4451.875977771757,1246,2103,1675
4457.279114077738,4457.029114077738,4457.529114077738,2366,1297,1832
4458.545033971738,4458.420033971738,4458.670033971738,1137,1758,1448
4458.45332645914,4458.20332645914,4458.70332645914,2494,1155,1825
4460.600584595296,4460.475584595296,4460.725584595296,681,1766,1224
4465.502168845678,4465.377168845678,4465.627168845678,1350,777,1064
4468.714171236396,4468.589171236396,4468.839171236396,813,1346,1080
4463.751069097114,4463.626069097114,4463.876069097114,1133,1888,1511
4464.437413262495,4464.187413262495,4464.687413262495,922,1219,1071
4469.246054111318,4469.121054111318,4469.371054111318,1472,1615,1544
4462.190529373967,4462.065529373967,4462.315529373967,1184,2457,1821
4466.026506577194,4465.901506577194,4466.151506577194,1978,747,1363
4461.142433185834,4460.767433185834,4461.517433185834,594,1033,814
4464.937349801622,4464.812349801622,4465.062349801622,2144,1033,1589
4479.69904864475,4479.44904864475,4479.94904864475,1396,691,1044
4484.208399164569,4484.083399164569,4484.333399164569,1164,615,890
4480.542734664535,4480.167734664535,4480.917734664535,2164,1575,1870
4479.1734627001915,4479.0484627001915,4479.2984627001915,743,2194,1469
4469.823343474901,4469.698343474901,4469.948343474901,2006,1321,1664
4473.16411463069,4473.03911463069,4473.28911463069,496,1105,801
4466.192648883638,4466.067648883638,4466.317648883638,1631,1780,1706
4467.780533862255,4467.655533862255,4467.905533862255,1629,2200,1915
4471.587973538454,4471.462973538454,4471.712973538454,1263,1276,1270
4472.192936304582,4472.067936304582,4472.317936304582,539,1608,1074
4479.086410592752,4478.961410592752,4479.211410592752,1315,2570,1943
4479.863448847889,4479.738448847889,4479.988448847889,973,2552,1763
4480.791155587886,4480.416155587886,4481.166155587886,2595,1074,1835
4482.265185479097,4482.140185479097,4482.390185479097,1017,2644,1831
4476.329142601358,4476.204142601358,4476.454142601358,1506,1487,1497
4479.808113904459,4479.683113904459,4479.933113904459,1533,650,1092
4480.287903527238,4480.037903527238,4480.537903527238,1450,1925,1688
4479.861910803846,4479.611910803846,4480.111910803846,1679,1872,1776
4473.0238205763535,4472.8988205763535,4473.1488205763535,1810,733,1272
4474.803502967988,4474.678502967988,4474.928502967988,1044,1391,1218
4473.098680901172,4472.848680901172,4473.348680901172,1164,515,840
4475.221222142407,4475.096222142407,4475.346222142407,1756,1515,1636
4472.349568595753,4472.224568595753,4472.474568595753,1042,2545,1794
4471.006785867434,4470.756785867434,4471.256785867434,537,1258,898
4479.3465195227855,4479.2215195227855,4479.4715195227855,2026,939,1483
4478.385794826486,4478.260794826486,4478.510794826486,2091,1768,1930
4475.50707786458,4475.13207786458,4475.88207786458,711,1956,1334
4475.116318046741,4474.991318046741,4475.241318046741,1307,1584,1446
4480.997346214881,4480.872346214881,4481.122346214881,1765,1636,1701
4487.683382994587,4487.558382994587,4487.808382994587,2356,859,1608
4484.10129957422,4483.72629957422,4484.47629957422,1714,1789,1752
4479.3981329719845,4479.2731329719845,4479.5231329719845,2148,1407,1778
4476.759215122654,4476.509215122654,4477.009215122654,791,1478,1135
4475.84600666969,4475.72100666969,4475.97100666969,1071,718,895
4473.5965798246425,4473.3465798246425,4473.8465798246425,1417,594,1006
4479.788375814788,4479.538375814788,4480.038375814788,2228,955,1592
4486.446241593546,4486.321241593546,4486.571241593546,2562,1157,1860
4480.99095098311,4480.74095098311,4481.24095098311,2378,1387,1883
4479.697722122641,4479.447722122641,4479.947722122641,1097,884,991
4476.689845634689,4476.564845634689,4476.814845634689,1090,1033,1062
4477.565322545799,4477.440322545799,4477.690322545799,1500,829,1165
4482.31010306156,4482.06010306156,4482.56010306156,1616,1971,1794
4482.872148591742,4482.622148591742,4483.122148591742,1276,2401,1839
4486.486740893309,4486.361740893309,4486.611740893309,1984,1831,1908
4484.518634548572,4484.393634548572,4484.643634548572,1663,812,1238
4482.810430367757,4482.685430367757,4482.935430367757,1073,1616,1345
4483.247907152878,4483.122907152878,4483.372907152878,2020,1817,1919
4481.680942106751,4481.555942106751,4481.805942106751,2415,1316,1866
4482.238242932163,4482.113242932163,4482.363242932163,1985,1112,1549
4481.619865503293,4481.369865503293,4481.869865503293,900,2401,1651
4481.649555539383,4481.524555539383,4481.774555539383,1867,1414,1641
4489.575568518679,4489.450568518679,4489.700568518679,2527,1436,1982
4493.852138953304,4493.727138953304,4493.977138953304,2410,921,1666
4491.710742598932,4491.585742598932,4491.835742598932,1598,697,1148
4489.340643062938,4488.965643062938,4489.715643062938,1491,1450,1471
4493.349160591189,4493.224160591189,4493.474160591189,859,1054,957
4497.213418391532,4496.963418391532,4497.463418391532,909,2190,1550
4495.543814313573,4495.293814313573,4495.793814313573,1605,570,1088
4493.68355128464,4493.43355128464,4493.93355128464,2030,1305,1668
4494.395651822487,4494.145651822487,4494.645651822487,1819,1782,1801
4491.2265130114665,4491.1015130114665,4491.3515130114665,2180,1061,1621
4494.750478184891,4494.375478184891,4495.125478184891,2020,1565,1793
4490.588930979251,4490.463930979251,4490.713930979251,707,932,820
4485.592414709459,4485.467414709459,4485.717414709459,1213,1376,1295
4487.641566429614,4487.516566429614,4487.766566429614,1037,578,808
4484.131464800905,4484.006464800905,4484.256464800905,1697,2114,1906
4477.000002664434,4476.750002664434,4477.250002664434,1554,1239,1397
4479.891199135911,4479.766199135911,4480.016199135911,1410,879,1145
4473.589928883999,4473.464928883999,4473.714928883999,2099,1700,1900
4472.198717979668,4471.948717979668,4472.448717979668,1424,1541,1483
4470.0376119241755,4469.7876119241755,4470.2876119241755,1196,1275,1236
4459.72170464202,4459.59670464202,4459.84670464202,2193,1652,1923
4461.150015717752,4461.025015717752,4461.275015717752,572,1483,1028
4464.113799245677,4463.988799245677,4464.238799245677,1740,1837,1789
4474.029867399169,4473.904867399169,4474.154867399169,2182,985,1584
4473.2543872299275,4473.0043872299275,4473.5043872299275,1327,472,900
4482.185345613962,4481.935345613962,4482.435345613962,1795,1034,1415
4477.526864519529,4477.401864519529,4477.651864519529,1850,1849,1850
4479.868161429462,4479.743161429462,4479.993161429462,1241,1382,1312
4483.3669554126645,4483.1169554126645,4483.6169554126645,1431,1374,1403
4486.181969317211,4486.056969317211,4486.306969317211,1827,694,1261
4485.627205177373,4485.502205177373,4485.752205177373,564,1507,1036
4485.571833921314,4485.321833921314,4485.821833921314,1577,1700,1639
4478.111408783224,4477.736408783224,4478.486408783224,2181,1016,1599
4481.33540845366,4481.08540845366,4481.58540845366,1701,1242,1472
4486.319554463947,4486.069554463947,4486.569554463947,1270,511,891
4490.351934464686,4489.976934464686,4490.726934464686,1460,879,1170
4491.56949688183,4491.19449688183,4491.94449688183,1604,1433,1519
4504.506867278301,4504.381867278301,4504.631867278301,1212,445,829
4495.312063486983,4495.062063486983,4495.562063486983,1750,1565,1658
4490.995413090377,4490.870413090377,4491.120413090377,1068,1833,1451
4483.563153629828,4483.313153629828,4483.813153629828,521,1530,1026
4482.978091641025,4482.728091641025,4483.228091641025,507,1190,849
4488.9537755993115,4488.8287755993115,4489.0787755993115,2037,1736,1887
4491.0523566449365,4490.9273566449365,4491.1773566449365,978,727,853
4486.087620227935,4485.962620227935,4486.212620227935,1008,2219,1614
4484.519781984483,4484.394781984483,4484.644781984483,657,1334,996
4483.126575464202,4482.876575464202,4483.376575464202,1877,1392,1635
4476.20262126425,4475.95262126425,4476.45262126425,1520,1205,1363
4484.356830636211,4483.981830636211,4484.731830636211,2518,1449,1984
4476.172162798829,4476.047162798829,4476.297162798829,1205,714,960
4471.1110842771695,4470.9860842771695,4471.2360842771695,586,1569,1078
4464.289552739559,4464.164552739559,4464.414552739559,1593,1382,1488
4462.829927472808,4462.704927472808,4462.954927472808,1082,561,822
4472.939529393128,4472.814529393128,4473.064529393128,2038,887,1463
4479.892484237853,4479.642484237853,4480.142484237853,1236,1413,1325
4473.604304312772,4473.479304312772,4473.729304312772,1181,1156,1169
4469.304320135721,4469.179320135721,4469.429320135721,2121,1664,1893
4464.470486408697,4464.345486408697,4464.595486408697,2496,975,1736
4451.810226799772,4451.560226799772,4452.060226799772,1557,550,1054
4450.151739164163,4450.026739164163,4450.276739164163,552,1587,1070
4442.591719514229,4442.466719514229,4442.716719514229,1467,1524,1496
4445.885531462988,4445.760531462988,4446.010531462988,538,1547,1043
4430.735782122793,4430.485782122793,4430.985782122793,1670,627,1149
4435.261497534135,4435.136497534135,4435.386497534135,1184,859,1022
4431.173205919296,4430.923205919296,4431.423205919296,1708,737,1223
4431.807131293528,4431.682131293528,4431.932131293528,2779,1104,1942
4428.71138669776,4428.58638669776,4428.83638669776,1930,2017,1974
4430.327965469417,4430.077965469417,4430.577965469417,937,2274,1606
4421.108884596379,4420.983884596379,4421.233884596379,574,1165,870
4428.681753892969,4428.431753892969,4428.931753892969,1765,1636,1701
4424.139806495987,4423.889806495987,4424.389806495987,2268,977,1623
4425.065125980122,4424.940125980122,4425.190125980122,1317,1034,1176
4419.801308947562,4419.676308947562,4419.926308947562,1304,983,1144
4422.186871031684,4422.061871031684,4422.311871031684,1458,551,1005
4425.5532067556105,4425.4282067556105,4425.6782067556105,2534,1249,1892
4425.686883326252,4425.561883326252,4425.811883326252,1393,1184,1289
4424.0773125346495,4423.9523125346495,4424.2023125346495,1994,1195,1595
4427.737584589683,4427.362584589683,4428.112584589683,1497,1674,1586
4419.846324468295,4419.721324468295,4419.971324468295,1883,628,1256
4414.352628428481,4414.227628428481,4414.477628428481,1988,1347,1668
4411.735146422891,4411.610146422891,4411.860146422891,1848,1645,1747
4414.781751573447,4414.656751573447,4414.906751573447,790,2185,1488
4415.796838809009,4415.546838809009,4416.046838809009,712,1245,979
4423.366904879543,4423.116904879543,4423.616904879543,906,2585,1746
4420.316585793906,4419.941585793906,4420.691585793906,633,1010,822
4420.492125575625,4420.242125575625,4420.742125575625,1214,1287,1251
4418.822878851138,4418.572878851138,4419.072878851138,1142,1029,1086
4421.100198696622,4420.975198696622,4421.225198696622,440,1285,863
4430.878152563069,4430.503152563069,4431.253152563069,2326,823,1575
4424.2936528063165,4423.9186528063165,4424.6686528063165,680,1179,930
4424.845542438553,4424.595542438553,4425.095542438553,2322,1273,1798
4425.362455469453,4424.987455469453,4425.737455469453,966,1763,1365
4424.514001542287,4424.389001542287,4424.639001542287,1482,783,1133
4421.333994563505,4420.958994563505,4421.708994563505,1288,905,1097
4420.791125096415,4420.666125096415,4420.916125096415,1021,2500,1761
4411.953352428933,4411.703352428933,4412.203352428933,1573,1116,1345
4413.191444421808,4412.941444421808,4413.441444421808,1447,518,983
4422.971062704287,4422.846062704287,4423.096062704287,1152,1903,1528
4418.900002948559,4418.775002948559,4419.025002948559,741,1432,1087
4414.691932716153,4414.316932716153,4415.066932716153,840,977,909
4424.02237569333,4423.89737569333,4424.14737569333,1634,1937,1786
4421.346522374669,4421.096522374669,4421.596522374669,1887,680,1284
4422.482537481137,4422.357537481137,4422.607537481137,1814,1767,1791
4427.927513836777,4427.802513836777,4428.052513836777,1597,1424,1511
4434.178170514392,4433.928170514392,4434.428170514392,2561,1288,1925
4428.496114549679,4428.371114549679,4428.621114549679,716,1061,889
4427.990272490984,4427.615272490984,4428.365272490984,2815,1074,1945
4423.280116485611,4423.155116485611,4423.405116485611,1273,978,1126
4418.080860617513,4417.830860617513,4418.330860617513,1694,1907,1801
4413.2146174677055,4413.0896174677055,4413.3396174677055,976,1959,1468
4417.220604104329,4416.970604104329,4417.470604104329,1759,1454,1607
4416.104965060344,4415.979965060344,4416.229965060344,1308,789,1049
4409.497307330898,4409.122307330898,4409.872307330898,1609,2236,1923
4402.284233659897,4402.159233659897,4402.409233659897,1738,1455,1597
4398.491346463042,4398.366346463042,4398.616346463042,1679,1576,1628
4395.805138293643,4395.555138293643,4396.055138293643,984,2327,1656
4401.687638599663,4401.562638599663,4401.812638599663,783,1692,1238
4407.627031802148,4407.502031802148,4407.752031802148,1838,879,1359
4399.359886461497,4399.109886461497,4399.609886461497,1753,822,1288
4399.128412821164,4399.003412821164,4399.253412821164,1279,2310,1795
4400.304914164389,4400.179914164389,4400.429914164389,1660,1407,1534
4397.098273230091,4396.848273230091,4397.348273230091,1780,1369,1575
4395.163693580974,4395.038693580974,4395.288693580974,999,1980,1490
4403.545851146218,4403.170851146218,4403.920851146218,1800,1671,1736
4404.152921238632,4403.902921238632,4404.402921238632,1875,1316,1596
4406.7410127627945,4406.6160127627945,4406.8660127627945,2063,1334,1699
4409.330402387487,4409.080402387487,4409.580402387487,1180,933,1057
4412.760612862398,4412.635612862398,4412.885612862398,1538,2385,1962
4408.554840621428,4408.429840621428,4408.679840621428,1277,730,1004
4403.253150077689,4403.003150077689,4403.503150077689,1409,1406,1408
4397.334152363278,4397.084152363278,4397.584152363278,1176,563,870
4401.458276434365,4401.333276434365,4401.583276434365,1038,1969,1504
4406.465495674763,4406.215495674763,4406.715495674763,1173,2302,1738
4414.614252805581,4414.364252805581,4414.864252805581,1550,1931,1741
4411.286742107411,4411.036742107411,4411.536742107411,2090,711,1401
4405.88099067126,4405.63099067126,4406.13099067126,1153,1352,1253
4401.924914165723,4401.799914165723,4402.049914165723,2233,1496,1865
4403.9495909378775,4403.8245909378775,4404.0745909378775,1495,540,1018
4402.794635734833,4402.544635734833,4403.044635734833,826,2337,1582
4406.932202027228,4406.807202027228,4407.057202027228,993,630,812
4410.624247119735,4410.499247119735,4410.749247119735,1641,570,1106
4414.177514500399,4414.052514500399,4414.302514500399,2531,1060,1796
4415.581411513684,4415.456411513684,4415.706411513684,2152,1171,1662
4421.370922775895,4421.120922775895,4421.620922775895,694,1921,1308
4421.579406037485,4421.454406037485,4421.704406037485,1390,1027,1209
4419.337119096495,4419.212119096495,4419.462119096495,1217,1046,1132
4425.4274501745695,4425.1774501745695,4425.6774501745695,851,2162,1507
4425.746648339457,4425.621648339457,4425.871648339457,1739,982,1361
4436.2837215503005,4436.1587215503005,4436.4087215503005,1470,515,993
4441.141999447717,4441.016999447717,4441.266999447717,2358,1265,1812
4445.612219602067,4445.237219602067,4445.987219602067,2461,894,1678
4456.837905165358,4456.587905165358,4457.087905165358,1045,668,857
4449.1405124313915,4448.8905124313915,4449.3905124313915,1027,2046,1537
4445.141607040932,4445.016607040932,4445.266607040932,1613,1080,1347
4446.622050366043,4446.247050366043,4446.997050366043,2097,1212,1655
4448.24765690817,4448.12265690817,4448.37265690817,2383,1434,1909
4449.383661620608,4449.258661620608,4449.508661620608,679,1212,946
4453.581223552206,4453.331223552206,4453.831223552206,1637,1510,1574
4453.344878183766,4453.219878183766,4453.469878183766,1039,964,1002
4454.293905797639,4454.168905797639,4454.418905797639,1378,2159,1769
4451.728719672769,4451.603719672769,4451.853719672769,874,875,875
4442.829389175395,4442.704389175395,4442.954389175395,1240,725,983
4436.612358425265,4436.487358425265,4436.737358425265,1319,1596,1458
4437.399038421347,4437.149038421347,4437.649038421347,1142,1439,1291
4446.558281555208,4446.433281555208,4446.683281555208,730,1809,1270
4444.935125516477,4444.685125516477,4445.185125516477,1436,2027,1732
4441.114014953963,4440.864014953963,4441.364014953963,1673,1746,1710
4437.160851888473,4436.910851888473,4437.410851888473,1199,426,813
4442.715098427801,4442.465098427801,4442.965098427801,1580,1855,1718
4439.672658274547,4439.297658274547,4440.047658274547,1811,1528,1670
4445.190696776007,4445.065696776007,4445.315696776007,890,1967,1429
4445.7880906588925,4445.6630906588925,4445.9130906588925,863,2344,1604
4457.348215989526,4457.223215989526,4457.473215989526,663,1522,1093
4463.608206502072,4463.483206502072,4463.733206502072,1275,1496,1386
4462.081261305623,4461.956261305623,4462.206261305623,2188,1029,1609
4455.592871293423,4455.342871293423,4455.842871293423,1932,1445,1689
4453.084501760864,4452.709501760864,4453.459501760864,2684,1259,1972
4454.0285785215865,4453.9035785215865,4454.1535785215865,1302,1913,1608
4448.115208313755,4447.865208313755,4448.365208313755,820,1337,1079
4449.507324154979,4449.257324154979,4449.757324154979,2155,1532,1844
4456.46436916806,4456.33936916806,4456.58936916806,2244,1619,1932
4462.0871637436685,4461.9621637436685,4462.2121637436685,549,1400,975
4457.128775076388,4457.003775076388,4457.253775076388,1176,1931,1554
4448.59633131637,4448.47133131637,4448.72133131637,2446,1263,1855
4446.567440188289,4446.317440188289,4446.817440188289,1096,1037,1067
4444.566028642796,4444.316028642796,4444.816028642796,579,1166,873
4443.317852728444,4443.067852728444,4443.567852728444,2095,1844,1970
4450.389470322192,4450.264470322192,4450.514470322192,1503,1698,1601
4453.05299804957,4452.92799804957,4453.17799804957,1571,978,1275
4452.403218063027,4452.278218063027,4452.528218063027,1946,1501,1724
4453.5198213617105,4453.2698213617105,4453.7698213617105,1093,1458,1276
4462.609961740646,4462.359961740646,4462.859961740646,1571,1332,1452
4457.175512514535,4457.050512514535,4457.300512514535,1338,1407,1373
4448.665594858011,4448.290594858011,4449.040594858011,950,871,911
4450.060322735974,4449.810322735974,4450.310322735974,1550,741,1146
4449.667306358129,4449.542306358129,4449.792306358129,976,2065,1521
4446.187635456164,4446.062635456164,4446.312635456164,1891,1266,1579
4441.808490606578,4441.683490606578,4441.933490606578,1526,1633,1580
4445.900072013443,4445.775072013443,4446.025072013443,1507,1700,1604
4440.431373102805,4440.306373102805,4440.556373102805,582,1383,983
4453.527163506262,4453.402163506262,4453.652163506262,594,1009,802
4461.936011264782,4461.811011264782,4462.061011264782,1595,1494,1545
4469.414879274923,4469.164879274923,4469.664879274923,2450,1165,1808
4465.603896577212,4465.478896577212,4465.728896577212,2798,953,1876
4454.161903673296,4453.911903673296,4454.411903673296,1675,1012,1344
4447.464255055314,4447.339255055314,4447.589255055314,2723,980,1852
4450.675111741566,4450.425111741566,4450.925111741566,1924,1255,1590
4446.0071823181215,4445.7571823181215,4446.2571823181215,865,1456,1161
4443.829602393309,4443.704602393309,4443.954602393309,1175,706,941
4437.980051096388,4437.855051096388,4438.105051096388,2877,1114,1996
4433.8565348405555,4433.4815348405555,4434.2315348405555,1838,629,1234
4437.135563410631,4437.010563410631,4437.260563410631,2965,1026,1996
4430.139008850102,4429.889008850102,4430.389008850102,1515,536,1026
4434.125208242495,4433.875208242495,4434.375208242495,1774,1129,1452
4433.070979074602,4432.820979074602,4433.320979074602,1899,788,1344
4430.229969461689,4430.104969461689,4430.354969461689,1216,1743,1480
4433.776849612442,4433.526849612442,4434.026849612442,609,1430,1020
4443.8090852618025,4443.6840852618025,4443.9340852618025,815,1736,1276
4430.112834251806,4429.737834251806,4430.487834251806,1260,1825,1543
4427.492384803916,4427.367384803916,4427.617384803916,2075,1774,1925
4431.153626789815,4431.028626789815,4431.278626789815,1448,1771,1610
4429.517690141352,4429.267690141352,4429.767690141352,851,2126,1489
4435.749723347637,4435.624723347637,4435.874723347637,2053,892,1473
4427.752482913602,4427.627482913602,4427.877482913602,1262,493,878
4421.007521804253,4420.882521804253,4421.132521804253,1466,861,1164
4428.475635961969,4428.350635961969,4428.600635961969,1654,1141,1398
4431.835829354374,4431.710829354374,4431.960829354374,1933,1318,1626
4419.114364767207,4418.864364767207,4419.364364767207,2357,1090,1724
4411.770397569043,4411.645397569043,4411.895397569043,935,1342,1139
4414.77354213331,4414.64854213331,4414.89854213331,1700,1989,1845
4417.80123568724,4417.55123568724,4418.05123568724,2324,1431,1878
4418.662926165347,4418.537926165347,4418.787926165347,605,1456,1031
4419.180286796863,4419.055286796863,4419.305286796863,1809,1508,1659
4422.884826644062,4422.634826644062,4423.134826644062,823,1092,958
4414.014932709552,4413.889932709552,4414.139932709552,2827,1088,1958
4415.572638885762,4415.447638885762,4415.697638885762,2707,914,1811
4420.567500076912,4420.442500076912,4420.692500076912,1225,558,892
4426.981324349509,4426.731324349509,4427.231324349509,1158,1179,1169
4422.440974172207,4422.315974172207,4422.565974172207,1867,1758,1813
4426.777969526539,4426.402969526539,4427.152969526539,2535,1440,1988
4426.507923141466,4426.257923141466,4426.757923141466,1312,1703,1508
4420.787541264006,4420.662541264006,4420.912541264006,2480,897,1689
4431.544035914063,4431.419035914063,4431.669035914063,1935,1672,1804
4439.645149958994,4439.395149958994,4439.895149958994,780,993,887
4439.328913139988,4438.953913139988,4439.703913139988,1752,765,1259
4434.575427866198,4434.325427866198,4434.825427866198,984,1445,1215
4433.492191294412,4433.367191294412,4433.617191294412,845,756,801
4429.581860930282,4429.456860930282,4429.706860930282,1275,792,1034
4422.473700674438,4422.348700674438,4422.598700674438,1254,1179,1217
4423.772812557347,4423.647812557347,4423.897812557347,1144,1361,1253
4432.209580776031,4432.084580776031,4432.334580776031,1463,808,1136
4436.825218920581,4436.700218920581,4436.950218920581,1400,1059,1230
4426.786121488861,4426.661121488861,4426.911121488861,2868,1069,1969
4426.554283226109,4426.429283226109,4426.679283226109,1713,628,1171
4437.664382949606,4437.539382949606,4437.789382949606,1414,715,1065
4433.541503380111,4433.416503380111,4433.666503380111,918,1697,1308
4441.08432680374,4440.95932680374,4441.20932680374,1187,2392,1790
4443.351039040572,4443.101039040572,4443.601039040572,1017,2282,1650
4434.160902355988,4433.785902355988,4434.535902355988,1413,2316,1865
4426.92958490475,4426.80458490475,4427.05458490475,1249,1648,1449
4431.32041843653,4431.19541843653,4431.44541843653,1471,510,991
4431.729204001731,4431.354204001731,4432.104204001731,2567,958,1763
4440.420064138811,4440.045064138811,4440.795064138811,1014,1065,1040
4431.808760724936,4431.558760724936,4432.058760724936,1708,829,1269
4437.267063518701,4436.892063518701,4437.642063518701,717,1512,1115
4441.24175663945,4440.99175663945,4441.49175663945,1600,2265,1933
4439.088892884428,4438.963892884428,4439.213892884428,1826,737,1282
4443.358329247123,4443.233329247123,4443.483329247123,1419,1044,1232
4452.551711687863,4452.176711687863,4452.926711687863,1330,1137,1234
4456.677836461776,4456.302836461776,4457.052836461776,2522,1051,1787
4455.722342493816,4455.472342493816,4455.972342493816,1894,1201,1548
4452.301586836665,4451.926586836665,4452.676586836665,1582,867,1225
4448.229314616275,4448.104314616275,4448.354314616275,628,1807,1218
4451.643615046581,4451.518615046581,4451.768615046581,1016,1153,1085
4455.877320610716,4455.502320610716,4456.252320610716,578,1583,1081
4455.893289224325,4455.643289224325,4456.143289224325,1429,842,1136
4449.130067890318,4448.880067890318,4449.380067890318,664,1069,867
4456.310985412235,4456.185985412235,4456.435985412235,807,2294,1551
4450.501886412629,4450.376886412629,4450.626886412629,1906,1349,1628
4447.499832984438,4447.249832984438,4447.749832984438,1311,2378,1845
4437.37594306039,4437.25094306039,4437.50094306039,1036,587,812
4439.683846765054,4439.558846765054,4439.808846765054,1081,2294,1688
4437.615869776224,4437.490869776224,4437.740869776224,2163,1144,1654
4447.688992609432,4447.563992609432,4447.813992609432,1129,678,904
4454.759317877171,4454.384317877171,4455.134317877171,1373,1644,1509
4450.706777191093,4450.581777191093,4450.831777191093,2248,857,1553
4452.67897099802,4452.55397099802,4452.80397099802,2008,1145,1577
4453.1260749212015,4453.0010749212015,4453.2510749212015,660,1613,1137
4450.571903132245,4450.321903132245,4450.821903132245,1942,811,1377
4454.790739266213,4454.540739266213,4455.040739266213,1447,730,1089
4449.711224667703,4449.586224667703,4449.836224667703,1139,1890,1515
4444.104807894025,4443.729807894025,4444.479807894025,1210,1605,1408
4432.467324599873,4432.092324599873,4432.842324599873,1606,717,1162
4442.633362794309,4442.383362794309,4442.883362794309,1261,2268,1765
4437.657271829763,4437.282271829763,4438.032271829763,1325,2620,1973
4439.965620715761,4439.840620715761,4440.090620715761,1161,1498,1330
4437.967347139368,4437.842347139368,4438.092347139368,1255,2538,1897
4435.204117186093,4435.079117186093,4435.329117186093,2109,1114,1612
4435.632399930603,4435.507399930603,4435.757399930603,1043,1180,1112
4432.7074730226395,4432.5824730226395,4432.8324730226395,1877,1556,1717
4431.290098700875,4431.040098700875,4431.540098700875,2526,1413,1970
4434.4720021070925,4434.3470021070925,4434.5970021070925,1219,1424,1322
4439.135214343207,4438.885214343207,4439.385214343207,1603,1024,1314
4438.186469584081,4438.061469584081,4438.311469584081,861,1308,1085
4437.89221216968,4437.76721216968,4438.01721216968,1518,1283,1401
4438.966862112764,4438.716862112764,4439.216862112764,745,2102,1424
4439.943490718173,4439.818490718173,4440.068490718173,1295,1758,1527
4444.239524984458,4444.114524984458,4444.364524984458,1000,1099,1050
4437.600285210597,4437.475285210597,4437.725285210597,1611,1792,1702
4440.051830388697,4439.801830388697,4440.301830388697,1431,2566,1999
4435.090817417358,4434.965817417358,4435.215817417358,1021,1970,1496
4434.5071764023205,4434.2571764023205,4434.7571764023205,1499,2034,1767
4433.922782325258,4433.672782325258,4434.172782325258,616,1151,884
4437.955074671231,4437.705074671231,4438.205074671231,778,847,813
4439.82815790318,4439.57815790318,4440.07815790318,1419,718,1069
4445.495452487516,4445.245452487516,4445.745452487516,2055,1712,1884
4452.100822443953,4451.975822443953,4452.225822443953,798,883,841
4448.0511005635935,4447.9261005635935,4448.1761005635935,1799,1144,1472
4443.946308767085,4443.696308767085,4444.196308767085,959,862,911
4438.298592196409,4438.173592196409,4438.423592196409,1105,2642,1874
4442.6956261440555,4442.5706261440555,4442.8206261440555,1255,998,1127
4442.584040861226,4442.459040861226,4442.709040861226,1211,1534,1373
4447.563941454936,4447.438941454936,4447.688941454936,906,1041,974
4448.1174626046895,4447.9924626046895,4448.2424626046895,1676,1665,1671
4449.485567318946,4449.360567318946,4449.610567318946,2116,757,1437
4449.998739333982,4449.873739333982,4450.123739333982,1795,1102,1449
4450.327975653954,4450.202975653954,4450.452975653954,1098,649,874
4450.856178650904,4450.731178650904,4450.981178650904,823,1076,950
4453.576316405435,4453.451316405435,4453.701316405435,1150,479,815
4460.781056577636,4460.531056577636,4461.031056577636,1256,2051,1654
4451.761727524317,4451.636727524317,4451.886727524317,1046,1919,1483
4450.788555995514,4450.538555995514,4451.038555995514,1078,831,955
4458.016268653413,4457.766268653413,4458.266268653413,584,1237,911
4452.968387565039,4452.843387565039,4453.093387565039,2075,1050,1563
4452.116502543693,4451.866502543693,4452.366502543693,1081,2732,1907
4441.274171139354,4441.149171139354,4441.399171139354,1980,1655,1818
4444.365732468631,4444.115732468631,4444.615732468631,1770,1389,1580
4446.822771138857,4446.697771138857,4446.947771138857,1133,974,1054
4449.179683430454,4448.929683430454,4449.429683430454,558,1067,813
4442.416612884658,4442.291612884658,4442.541612884658,1131,1598,1365
4444.446287646753,4444.321287646753,4444.571287646753,519,1520,1020
4443.939663564101,4443.814663564101,4444.064663564101,848,851,850
4443.566651180315,4443.441651180315,4443.691651180315,901,934,918
4445.244573302271,4445.119573302271,4445.369573302271,2046,1881,1964
4445.608281439055,4445.483281439055,4445.733281439055,1160,1409,1285
4443.872187308415,4443.622187308415,4444.122187308415,998,905,952
4443.1664359657225,4443.0414359657225,4443.2914359657225,2254,1073,1664
4439.768119117252,4439.518119117252,4440.018119117252,1293,1074,1184
4438.902233650241,4438.652233650241,4439.152233650241,1686,2051,1869
4440.4882179636925,4440.2382179636925,4440.7382179636925,2316,1067,1692
4440.857075844887,4440.732075844887,4440.982075844887,1341,1976,1659
4438.547276461564,4438.422276461564,4438.672276461564,685,1366,1026
4437.234367591628,4436.859367591628,4437.609367591628,1184,473,829
4437.053869404866,4436.803869404866,4437.303869404866,2208,891,1550
4439.341932188028,4438.966932188028,4439.716932188028,1715,1672,1694
4439.917765666804,4439.792765666804,4440.042765666804,1158,1311,1235
4438.453219694681,4438.328219694681,4438.578219694681,1200,1269,1235
4437.913822680302,4437.788822680302,4438.038822680302,2560,891,1726
4438.924897633193,4438.799897633193,4439.049897633193,1350,1001,1176
4437.2586579307645,4437.0086579307645,4437.5086579307645,1401,486,944
4436.770948536682,4436.645948536682,4436.895948536682,2400,853,1627
4432.934373320965,4432.684373320965,4433.184373320965,1748,1427,1588
4432.43902053243,4432.31402053243,4432.56402053243,2787,1180,1984
4433.842980605241,4433.592980605241,4434.092980605241,1113,620,867
4433.113047305337,4432.988047305337,4433.238047305337,1149,2320,1735
4432.834130918842,4432.709130918842,4432.959130918842,1007,956,982
4430.992197390148,4430.742197390148,4431.242197390148,1396,935,1166
4433.070899110262,4432.945899110262,4433.195899110262,1926,717,1322
4436.229355399177,4436.104355399177,4436.354355399177,2256,1155,1706
4437.472254234609,4437.347254234609,4437.597254234609,1723,2120,1922
4435.275619226984,4435.150619226984,4435.400619226984,1238,1541,1390
4435.172534250281,4435.047534250281,4435.297534250281,710,1335,1023
4433.9414745643835,4433.8164745643835,4434.0664745643835,1036,1699,1368
4433.011512013175,4432.886512013175,4433.136512013175,1903,1564,1734
4434.108901081087,4433.858901081087,4434.358901081087,1305,904,1105
4435.325377789665,4435.200377789665,4435.450377789665,1930,1125,1528
4435.059723227492,4434.934723227492,4435.184723227492,2762,1075,1919
4436.562389058299,4436.437389058299,4436.687389058299,1257,1064,1161
4434.23761407449,4433.98761407449,4434.48761407449,1128,955,1042
4434.969203570364,4434.719203570364,4435.219203570364,2462,1079,1771
4433.87482923448,4433.74982923448,4433.99982923448,1759,652,1206
4434.2114627198325,4434.0864627198325,4434.3364627198325,1104,2177,1641
4435.83684913069,4435.71184913069,4435.96184913069,1048,1509,1279
4437.222753367216,4437.097753367216,4437.347753367216,1692,827,1260
4435.95514215958,4435.83014215958,4436.08014215958,832,835,834
4438.414742088325,4438.164742088325,4438.664742088325,1946,1957,1952
4438.480262574571,4438.105262574571,4438.855262574571,1595,896,1246
4438.952730951247,4438.827730951247,4439.077730951247,726,923,825
4436.119417755547,4435.869417755547,4436.369417755547,2104,1507,1806
4435.084745036824,4434.959745036824,4435.209745036824,2423,1000,1712
4436.364911670852,4436.114911670852,4436.614911670852,627,996,812
4436.638782852314,4436.513782852314,4436.763782852314,2573,870,1722
4437.983909100728,4437.733909100728,4438.233909100728,1180,2683,1932
4435.641366519392,4435.391366519392,4435.891366519392,1217,2142,1680
4435.036096366636,4434.786096366636,4435.286096366636,859,1326,1093
4434.693531566159,4434.568531566159,4434.818531566159,1167,614,891
4435.554705069241,4435.429705069241,4435.679705069241,1634,1141,1388
4433.873274823009,4433.623274823009,4434.123274823009,1303,1476,1390
4433.068461065592,4432.818461065592,4433.318461065592,1498,1167,1333
4434.859150616369,4434.609150616369,4435.109150616369,1946,1677,1812
4434.9883595605415,4434.7383595605415,4435.2383595605415,1318,749,1034
4435.139356776755,4435.014356776755,4435.264356776755,1840,1423,1632
4433.060032386524,4432.810032386524,4433.310032386524,721,1652,1187
4433.6593538944435,4433.5343538944435,4433.7843538944435,2076,1543,1810
4432.055711788514,4431.930711788514,4432.180711788514,1661,682,1172
4428.75692547593,4428.50692547593,4429.00692547593,2135,762,1449
4429.085936591433,4428.960936591433,4429.210936591433,1829,1770,1800
4428.043084613611,4427.793084613611,4428.293084613611,2335,1588,1962
4427.9390424171215,4427.8140424171215,4428.0640424171215,1046,1391,1219
4430.252603571143,4430.127603571143,4430.377603571143,766,1381,1074
4432.5521791109695,4432.4271791109695,4432.6771791109695,2209,1240,1725
4427.386310468074,4427.136310468074,4427.636310468074,1543,1418,1481
4428.8948303377265,4428.6448303377265,4429.1448303377265,2099,1878,1989
4430.071170162381,4429.696170162381,4430.446170162381,1594,863,1229
4429.852399035868,4429.727399035868,4429.977399035868,2185,790,1488
4425.180402986558,4425.055402986558,4425.305402986558,2075,964,1520
4426.23475746744,4425.98475746744,4426.48475746744,1449,1916,1683
4424.995713917672,4424.870713917672,4425.120713917672,658,1071,865
4425.205491868816,4425.080491868816,4425.330491868816,1040,1095,1068
4426.676124067293,4426.551124067293,4426.801124067293,881,898,890
4429.465284867188,4429.215284867188,4429.715284867188,1411,606,1009
4430.0743572451975,4429.9493572451975,4430.1993572451975,1466,735,1101
4428.396945574281,4428.271945574281,4428.521945574281,1361,1276,1319
4430.376991601239,4430.001991601239,4430.751991601239,1060,1883,1472
4428.174064030757,4428.049064030757,4428.299064030757,1142,1019,1081
4423.892576155976,4423.767576155976,4424.017576155976,1152,2017,1585
4424.733788708909,4424.608788708909,4424.858788708909,1085,2388,1737
4426.131898951638,4426.006898951638,4426.256898951638,1003,928,966
4427.385771548048,4427.010771548048,4427.760771548048,976,971,974
4429.3777178337305,4429.2527178337305,4429.5027178337305,1825,1840,1833
4429.24500832475,4429.12000832475,4429.37000832475,1644,793,1219
4428.350807218692,4428.100807218692,4428.600807218692,622,1747,1185
4425.516035293424,4425.391035293424,4425.641035293424,556,1161,859
4423.68731998886,4423.56231998886,4423.81231998886,762,911,837
4421.336859167431,4421.086859167431,4421.586859167431,1120,719,920
4418.600031001188,4418.225031001188,4418.975031001188,1193,1034,1114
4416.103250746685,4415.853250746685,4416.353250746685,597,1210,904
4414.236187033939,4413.986187033939,4414.486187033939,1256,1745,1501
4414.282859825678,4414.157859825678,4414.407859825678,2201,1416,1809
4415.841869312188,4415.591869312188,4416.091869312188,2439,1162,1801
4413.3286791570235,4413.2036791570235,4413.4536791570235,1084,535,810
4411.782348243592,4411.657348243592,4411.907348243592,1616,1189,1403
4412.891394354587,4412.641394354587,4413.141394354587,1319,1264,1292
4410.559544336383,4410.309544336383,4410.809544336383,2465,846,1656
4409.169600958674,4409.044600958674,4409.294600958674,1725,1580,1653
4412.207639136257,4412.082639136257,4412.332639136257,1264,971,1118
4413.362579296169,4413.237579296169,4413.487579296169,1502,1105,1304
4413.451821027505,4413.201821027505,4413.701821027505,1272,949,1111
4411.434785018582,4411.309785018582,4411.559785018582,1112,1219,1166
4410.636807563917,4410.511807563917,4410.761807563917,811,2080,1446
4411.758889826815,4411.508889826815,4412.008889826815,1253,1022,1138
4412.308825955966,4412.183825955966,4412.433825955966,1744,1091,1418
4410.240917645492,4409.990917645492,4410.490917645492,1132,1579,1356
4409.828156719259,4409.703156719259,4409.953156719259,2013,1320,1667
4408.452830633155,4408.202830633155,4408.702830633155,1612,1265,1439
4407.169971628408,4407.044971628408,4407.294971628408,2631,1054,1843
4405.422253344755,4405.297253344755,4405.547253344755,2032,961,1497
4405.187343252787,4405.062343252787,4405.312343252787,1380,1937,1659
4404.3126175946345,4404.1876175946345,4404.4376175946345,637,1614,1126
4407.697660356273,4407.572660356273,4407.822660356273,952,1069,1011
4407.846313295738,4407.596313295738,4408.096313295738,532,1157,845
4408.804339556229,4408.554339556229,4409.054339556229,2066,853,1460
4407.787116566845,4407.662116566845,4407.912116566845,1633,1748,1691
4407.199832498918,4407.074832498918,4407.324832498918,831,1310,1071
4405.078071487994,4404.703071487994,4405.453071487994,2307,1218,1763
4405.945642559407,4405.820642559407,4406.070642559407,1077,630,854
4405.328919199893,4405.203919199893,4405.453919199893,1344,1561,1453
4405.29661975088,4404.92161975088,4405.67161975088,1204,947,1076
4406.509468389307,4406.259468389307,4406.759468389307,2525,894,1710
4404.974510068785,4404.849510068785,4405.099510068785,1942,789,1366
4404.889992533349,4404.639992533349,4405.139992533349,2191,1788,1990
4405.474147240112,4405.099147240112,4405.849147240112,1007,2762,1885
4408.258583344169,4408.008583344169,4408.508583344169,1505,598,1052
4402.672178397453,4402.547178397453,4402.797178397453,850,969,910
4407.063343440231,4406.938343440231,4407.188343440231,2165,1042,1604
4406.965886490502,4406.840886490502,4407.090886490502,921,2062,1492
4408.716299572194,4408.591299572194,4408.841299572194,2067,1104,1586
4408.6016331537285,4408.4766331537285,4408.7266331537285,1836,1137,1487
4408.317918917242,4408.067918917242,4408.567918917242,1227,676,952
4408.112550780272,4407.862550780272,4408.362550780272,1517,1338,1428
4407.654093673513,4407.529093673513,4407.779093673513,997,2964,1981
4409.059087282457,4408.934087282457,4409.184087282457,1548,1833,1691
4407.422081685075,4407.172081685075,4407.672081685075,1652,1875,1764
4407.660101589782,4407.410101589782,4407.910101589782,1052,2469,1761
4408.840920788827,4408.590920788827,4409.090920788827,1357,2640,1999
4408.506020662487,4408.381020662487,4408.631020662487,1829,672,1251
4408.816189044571,4408.691189044571,4408.941189044571,1959,1440,1700
4406.12177977752,4405.99677977752,4406.24677977752,2879,1070,1975
4404.304248541543,4404.179248541543,4404.429248541543,1424,1665,1545
4404.507331118052,4404.382331118052,4404.632331118052,1304,1651,1478
4401.962944837494,4401.837944837494,4402.087944837494,2374,1165,1770
4402.457414119076,4402.332414119076,4402.582414119076,1833,1030,1432
4403.082753244032,4402.957753244032,4403.207753244032,1435,1428,1432
4401.60495790087,4401.47995790087,4401.72995790087,548,1235,892
4399.855293373796,4399.730293373796,4399.980293373796,1139,896,1018
4399.020952895338,4398.770952895338,4399.270952895338,977,1392,1185
4399.651800190162,4399.526800190162,4399.776800190162,560,1513,1037
4399.766101786766,4399.516101786766,4400.016101786766,1654,2087,1871
4401.392790211892,4401.267790211892,4401.517790211892,1329,2120,1725
4401.852745223291,4401.727745223291,4401.977745223291,1609,1364,1487
4401.940451983551,4401.690451983551,4402.190451983551,2110,1167,1639
4402.485410349574,4402.360410349574,4402.610410349574,2336,1491,1914
4401.7223268932,4401.5973268932,4401.8473268932,1036,1563,1300
4399.693182078415,4399.568182078415,4399.818182078415,1877,1862,1870
4400.014478719445,4399.889478719445,4400.139478719445,504,1439,972
4400.232579648071,4400.107579648071,4400.357579648071,957,674,816
4399.807276740262,4399.432276740262,4400.182276740262,1263,534,899
4399.850484702782,4399.600484702782,4400.100484702782,2438,1423,1931
4401.993301437306,4401.868301437306,4402.118301437306,910,1635,1273
4400.592012810155,4400.467012810155,4400.717012810155,970,1305,1138
4399.871036986052,4399.746036986052,4399.996036986052,2098,1111,1605
4399.670648543586,4399.545648543586,4399.795648543586,779,1072,926
4400.133776251144,4400.008776251144,4400.258776251144,1219,1462,1341
4401.514607197007,4401.389607197007,4401.639607197007,2878,1077,1978
4402.539988777868,4402.414988777868,4402.664988777868,827,1396,1112
4404.042836765707,4403.792836765707,4404.292836765707,899,824,862
4402.544060986684,4402.294060986684,4402.794060986684,1998,1095,1547
4402.046985350363,4401.921985350363,4402.171985350363,2940,1041,1991
4402.946774103792,4402.821774103792,4403.071774103792,1466,1585,1526
4405.768430854399,4405.518430854399,4406.018430854399,1108,1025,1067
4406.086891515432,4405.961891515432,4406.211891515432,2164,1285,1725
4407.526924079803,4407.151924079803,4407.901924079803,1112,2113,1613
4406.949444256633,4406.824444256633,4407.074444256633,920,921,921
4409.020758160867,4408.895758160867,4409.145758160867,666,1383,1025
4407.045696437592,4406.920696437592,4407.170696437592,1030,1571,1301
4405.422160725198,4405.297160725198,4405.547160725198,1483,1358,1421
4407.752802207205,4407.502802207205,4408.002802207205,1766,2169,1968
4407.130079450754,4406.880079450754,4407.380079450754,2268,911,1590
4407.011107072157,4406.886107072157,4407.136107072157,1501,698,1100
4405.760537198225,4405.510537198225,4406.010537198225,1455,2066,1761
4405.475727951968,4405.350727951968,4405.600727951968,1046,809,928
4405.259232228008,4405.009232228008,4405.509232228008,2072,1331,1702
4404.8563397843345,4404.7313397843345,4404.9813397843345,1108,1287,1198
4404.872715764746,4404.747715764746,4404.997715764746,1238,1719,1479
4407.34484064586,4407.09484064586,4407.59484064586,1503,1802,1653
4407.496339995347,4407.246339995347,4407.746339995347,981,1224,1103
4407.536085319253,4407.286085319253,4407.786085319253,2246,1585,1916
4404.772948933421,4404.647948933421,4404.897948933421,1252,2571,1912
4406.321866162536,4406.071866162536,4406.571866162536,2087,1842,1965
4403.299477855456,4403.049477855456,4403.549477855456,1933,852,1393
4404.569446001132,4404.319446001132,4404.819446001132,467,1344,906
4406.37449780441,4406.24949780441,4406.49949780441,771,1296,1034
4404.577309455168,4404.327309455168,4404.827309455168,1237,1924,1581
4406.02156049071,4405.89656049071,4406.14656049071,1404,889,1147
4408.852100486833,4408.727100486833,4408.977100486833,1905,1806,1856
4406.341594374166,4406.216594374166,4406.466594374166,1061,1132,1097
4404.811838274554,4404.561838274554,4405.061838274554,1118,2261,1690
4405.832351246013,4405.707351246013,4405.957351246013,1011,944,978
4404.343320109046,4404.093320109046,4404.593320109046,1424,2043,1734
4402.788138384134,4402.538138384134,4403.038138384134,1127,590,859
4402.726026727832,4402.601026727832,4402.851026727832,1073,1732,1403
4403.048079269348,4402.798079269348,4403.298079269348,922,1251,1087
4401.794499504394,4401.669499504394,4401.919499504394,1343,1542,1443
4401.375574083261,4401.125574083261,4401.625574083261,1668,2041,1855
4399.227180347865,4399.102180347865,4399.352180347865,2006,1597,1802
4396.942606613907,4396.567606613907,4397.317606613907,1225,688,957
4391.1992921289875,4391.0742921289875,4391.3242921289875,1031,1342,1187
4393.666502441037,4393.416502441037,4393.916502441037,1415,2072,1744
4400.567437110407,4400.442437110407,4400.692437110407,1692,2217,1955
4402.024594437588,4401.649594437588,4402.399594437588,1553,2420,1987
4407.981321856902,4407.856321856902,4408.106321856902,2128,749,1439
4405.290497643191,4405.040497643191,4405.540497643191,1509,2340,1925
4400.4059265962205,4400.2809265962205,4400.5309265962205,2199,1310,1755
4396.857681993576,4396.732681993576,4396.982681993576,1824,977,1401
4398.231201393237,4398.106201393237,4398.356201393237,1128,1841,1485
4402.892294999731,4402.642294999731,4403.142294999731,1311,770,1041
4400.076670735434,4399.826670735434,4400.326670735434,1662,715,1189
4396.689444086085,4396.564444086085,4396.814444086085,763,1284,1024
4398.298705766978,4398.173705766978,4398.423705766978,959,1908,1434
4395.431707690505,4395.306707690505,4395.556707690505,1569,1610,1590
4397.4730635457445,4397.3480635457445,4397.5980635457445,2378,1019,1699
4399.015268094932,4398.890268094932,4399.140268094932,2373,814,1594
4404.443741304226,4404.193741304226,4404.693741304226,1210,543,877
4415.5938044484965,4415.4688044484965,4415.7188044484965,1650,629,1140
4416.966053125001,4416.841053125001,4417.091053125001,2006,1507,1757
4412.203022596285,4411.828022596285,4412.578022596285,1522,1497,1510
4408.5726997343245,4408.4476997343245,4408.6976997343245,2347,1308,1828
4411.414253831091,4411.289253831091,4411.539253831091,809,2178,1494
4410.59243031571,4410.34243031571,4410.84243031571,1125,2244,1685
4407.732226054694,4407.482226054694,4407.982226054694,649,1318,984
4403.024819057854,4402.899819057854,4403.149819057854,1231,1030,1131
4400.3765450448645,4400.1265450448645,4400.6265450448645,988,1253,1121
4402.566836971664,4402.316836971664,4402.816836971664,2019,890,1455
4399.376743718174,4399.251743718174,4399.501743718174,1243,914,1079
4399.240350816617,4399.115350816617,4399.365350816617,1321,1058,1190
4402.721363073064,4402.471363073064,4402.971363073064,516,1261,889
4400.313469417845,4400.063469417845,4400.563469417845,1795,1684,1740
4402.947106212603,4402.822106212603,4403.072106212603,915,760,838
4402.475771160473,4402.225771160473,4402.725771160473,1263,902,1083
4400.978070201435,4400.853070201435,4401.103070201435,2887,974,1931
4397.072472357007,4396.947472357007,4397.197472357007,935,1964,1450
4402.2567446671255,4401.8817446671255,4402.6317446671255,998,1929,1464
4405.29917765093,4405.17417765093,4405.42417765093,580,1601,1091
4407.249328931533,4407.124328931533,4407.374328931533,801,2282,1542
4409.51422934102,4409.38922934102,4409.63922934102,1035,748,892
4408.345618626586,4408.095618626586,4408.595618626586,1713,1690,1702
4410.336808704713,4410.211808704713,4410.461808704713,2343,922,1633
4410.754342210653,4410.629342210653,4410.879342210653,2057,1150,1604
4408.26163469308,4408.13663469308,4408.38663469308,849,1158,1004
4410.388619669344,4410.263619669344,4410.513619669344,1063,1308,1186
4417.8450091754485,4417.5950091754485,4418.0950091754485,1059,2108,1584
4418.313952028407,4418.063952028407,4418.563952028407,877,2088,1483
4415.75586114787,4415.63086114787,4415.88086114787,834,909,872
4411.436506351801,4411.186506351801,4411.686506351801,1496,993,1245
4418.005706051639,4417.755706051639,4418.255706051639,1365,2116,1741
4415.834964047773,4415.709964047773,4415.959964047773,666,1793,1230
4417.608896614664,4417.483896614664,4417.733896614664,1375,768,1072
4417.83801156699,4417.71301156699,4417.96301156699,1021,1900,1461
4415.199979652647,4415.074979652647,4415.324979652647,2013,982,1498
4419.593347474328,4419.468347474328,4419.718347474328,1050,1793,1422
4415.39959257359,4415.27459257359,4415.52459257359,1006,1803,1405
4417.100924964586,4416.975924964586,4417.225924964586,1331,634,983
4420.7560960284845,4420.6310960284845,4420.8810960284845,1553,822,1188
4419.024733007869,4418.899733007869,4419.149733007869,1645,1530,1588
4417.910472948223,4417.660472948223,4418.160472948223,1166,737,952
4416.459953818144,4416.334953818144,4416.584953818144,1463,794,1129
4419.293006668687,4419.168006668687,4419.418006668687,1580,2225,1903
4420.380939530956,4420.130939530956,4420.630939530956,698,1619,1159
4421.559383902939,4421.309383902939,4421.809383902939,1555,2338,1947
4421.014094906994,4420.639094906994,4421.389094906994,2568,1227,1898
4421.568644703531,4421.443644703531,4421.693644703531,2250,923,1587
4423.588704191551,4423.463704191551,4423.713704191551,563,1626,1095
4424.780710759119,4424.405710759119,4425.155710759119,1486,613,1050
4424.56036922303,4424.43536922303,4424.68536922303,1470,1199,1335
4423.321030441497,4423.196030441497,4423.446030441497,952,1127,1040
4415.552022620922,4415.427022620922,4415.677022620922,867,1656,1262
4411.484624909088,4411.359624909088,4411.609624909088,840,1937,1389
4416.08565957129,4415.96065957129,4416.21065957129,1935,666,1301
4415.66610719073,4415.29110719073,4416.04110719073,1252,1879,1566
4417.6193064589315,4417.4943064589315,4417.7443064589315,850,1197,1024
4415.906090373909,4415.781090373909,4416.031090373909,1914,955,1435
4418.915376368486,4418.790376368486,4419.040376368486,1379,1842,1611
4419.506294489102,4419.131294489102,4419.881294489102,789,1808,1299
4416.795725290265,4416.545725290265,4417.045725290265,1561,678,1120
4410.40896401839,4410.28396401839,4410.53396401839,1946,1085,1516
4409.8579171219835,4409.7329171219835,4409.9829171219835,996,1091,1044
4405.834809107097,4405.459809107097,4406.209809107097,741,1146,944
4402.347669481367,4402.222669481367,4402.472669481367,903,1192,1048
4404.122722293873,4403.997722293873,4404.247722293873,1455,2352,1904
4403.350778411133,4403.100778411133,4403.600778411133,1275,1450,1363
4404.139447879418,4404.014447879418,4404.264447879418,1043,2398,1721
4404.527062547589,4404.277062547589,4404.777062547589,1030,1423,1227
4409.247942127217,4409.122942127217,4409.372942127217,935,1226,1081
4410.515939594535,4410.140939594535,4410.890939594535,1174,1903,1539
4407.988491245267,4407.738491245267,4408.238491245267,1306,1433,1370
4411.048125024628,4410.798125024628,4411.298125024628,1053,1454,1254
4407.76794011875,4407.64294011875,4407.89294011875,483,1246,865
4410.381518484458,4410.256518484458,4410.506518484458,1354,2445,1900
4416.966797001421,4416.716797001421,4417.216797001421,1623,2206,1915
4409.635734061043,4409.510734061043,4409.760734061043,1533,1544,1539
4411.223856554673,4410.973856554673,4411.473856554673,2376,821,1599
4412.094973229412,4411.969973229412,4412.219973229412,1895,1792,1844
4414.164821768735,4413.914821768735,4414.414821768735,1389,2374,1882
4415.001010496508,4414.876010496508,4415.126010496508,887,904,896
4417.47534741629,4417.35034741629,4417.60034741629,1500,1189,1345
4415.367915830682,4415.242915830682,4415.492915830682,612,1089,851
4420.057948275803,4419.932948275803,4420.182948275803,946,1905,1426
4417.005641646339,4416.880641646339,4417.130641646339,1183,1466,1325
4423.180775757967,4423.055775757967,4423.305775757967,1854,2115,1985
4423.128656111193,4423.003656111193,4423.253656111193,482,1355,919
4427.454299576063,4427.329299576063,4427.579299576063,1670,1277,1474
4433.948268215834,4433.823268215834,4434.073268215834,1081,576,829
4432.745947381562,4432.495947381562,4432.995947381562,2061,1908,1985
4431.9315330197705,4431.6815330197705,4432.1815330197705,1408,2435,1922
4432.814947208805,4432.689947208805,4432.939947208805,773,950,862
4432.086139194347,4431.961139194347,4432.211139194347,2320,1625,1973
4432.7362292555445,4432.6112292555445,4432.8612292555445,972,1873,1423
4432.976218942711,4432.851218942711,4433.101218942711,1527,1208,1368
4437.636625434997,4437.511625434997,4437.761625434997,2447,1324,1886
4439.464861938907,4439.339861938907,4439.589861938907,2761,1088,1925
4436.148573734938,4436.023573734938,4436.273573734938,652,1333,993
4430.3714562928935,4430.1214562928935,4430.6214562928935,600,1731,1166
4429.3538005894425,4429.2288005894425,4429.4788005894425,2361,1536,1949
4427.637209374637,4427.512209374637,4427.762209374637,1243,526,885
4421.411135670234,4421.161135670234,4421.661135670234,1492,601,1047
4421.606672191609,4421.481672191609,4421.731672191609,1462,1299,1381
4416.417651145453,4416.292651145453,4416.542651145453,989,732,861
4409.972424851223,4409.847424851223,4410.097424851223,1274,813,1044
4411.97900733655,4411.85400733655,4412.10400733655,871,1824,1348
4419.859583472497,4419.609583472497,4420.109583472497,1568,1659,1614
4420.248398280266,4420.123398280266,4420.373398280266,1238,1435,1337
4423.539263131363,4423.414263131363,4423.664263131363,1415,1252,1334
4424.430428463477,4424.180428463477,4424.680428463477,1189,1684,1437
4416.4386661412955,4416.0636661412955,4416.8136661412955,1254,2423,1839
4411.224262042847,4411.099262042847,4411.349262042847,1222,461,842
4408.713329515657,4408.338329515657,4409.088329515657,1134,2841,1988
4405.8895143378895,4405.6395143378895,4406.1395143378895,1258,1539,1399
4401.048898262062,4400.673898262062,4401.423898262062,2524,1147,1836
4401.987982064252,4401.612982064252,4402.362982064252,2788,1201,1995
4402.0449745421465,4401.9199745421465,4402.1699745421465,2051,710,1381
4404.617673975489,4404.492673975489,4404.742673975489,858,1177,1018
4403.975433666253,4403.850433666253,4404.100433666253,885,894,890
4402.670834556745,4402.545834556745,4402.795834556745,2091,814,1453
4402.106914288295,4401.981914288295,4402.231914288295,1652,1859,1756
4408.047782094491,4407.922782094491,4408.172782094491,1539,2238,1889
4410.254559424719,4410.129559424719,4410.379559424719,1291,2038,1665
4412.910730956364,4412.785730956364,4413.035730956364,799,1356,1078
4412.550048248505,4412.300048248505,4412.800048248505,1024,1615,1320
4416.319491337924,4416.069491337924,4416.569491337924,1386,1133,1260
4413.4552730219675,4413.3302730219675,4413.5802730219675,811,1330,1071
4411.284564900926,4411.034564900926,4411.534564900926,1652,1975,1814
4408.653420876641,4408.528420876641,4408.778420876641,783,1626,1205
4404.493994428453,4404.368994428453,4404.618994428453,1201,700,951
4407.238723498608,4406.988723498608,4407.488723498608,1144,1863,1504
4408.378452078132,4408.253452078132,4408.503452078132,659,1368,1014
4407.152331662577,4407.027331662577,4407.277331662577,2718,1135,1927
4402.23454309622,4402.10954309622,4402.35954309622,1405,1786,1596
4406.273150445596,4406.148150445596,4406.398150445596,1305,1518,1412
4405.154994135203,4404.904994135203,4405.404994135203,1741,1226,1484
4404.4437747100355,4404.3187747100355,4404.5687747100355,1580,913,1247
4404.090429934661,4403.840429934661,4404.340429934661,2536,963,1750
4399.85999609642,4399.73499609642,4399.98499609642,1318,1853,1586
4398.465477207835,4398.090477207835,4398.840477207835,699,920,810
4398.591253763263,4398.466253763263,4398.716253763263,1294,2195,1745
4393.67911829974,4393.55411829974,4393.80411829974,1485,756,1121
4394.232418794908,4394.107418794908,4394.357418794908,1043,2300,1672
4392.871563578715,4392.746563578715,4392.996563578715,1142,1239,1191
4391.065800562242,4390.940800562242,4391.190800562242,851,2364,1608
4388.303154185049,4388.178154185049,4388.428154185049,952,2421,1687
4388.7679430428625,4388.6429430428625,4388.8929430428625,636,1045,841
4380.862892515013,4380.487892515013,4381.237892515013,2290,1617,1954
4382.070120234921,4381.945120234921,4382.195120234921,1993,688,1341
4382.573683854235,4382.448683854235,4382.698683854235,452,1353,903
4381.269193570502,4380.894193570502,4381.644193570502,869,1258,1064
4380.564832599479,4380.189832599479,4380.939832599479,1309,2568,1939
4386.956387277804,4386.831387277804,4387.081387277804,1381,594,988
4384.11894662965,4383.86894662965,4384.36894662965,937,894,916
4383.8217161624725,4383.6967161624725,4383.9467161624725,1977,944,1461
4379.616653610902,4379.491653610902,4379.741653610902,685,1276,981
4373.613286751779,4373.488286751779,4373.738286751779,2763,1008,1886
4375.902509647307,4375.652509647307,4376.152509647307,722,913,818
4378.8315077300595,4378.7065077300595,4378.9565077300595,1298,2439,1869
4380.399857089507,4380.149857089507,4380.649857089507,1022,1383,1203
4380.039371800498,4379.914371800498,4380.164371800498,925,946,936
4379.16015523298,4379.03515523298,4379.28515523298,2325,1014,1670
4376.8904257505965,4376.7654257505965,4377.0154257505965,1046,2203,1625
4373.8672788423255,4373.7422788423255,4373.9922788423255,2628,1331,1980
4378.019302353252,4377.894302353252,4378.144302353252,800,1705,1253
4379.11609768737,4378.99109768737,4379.24109768737,2459,842,1651
4375.141193321358,4374.891193321358,4375.391193321358,1509,2488,1999
4367.682044689295,4367.557044689295,4367.807044689295,2128,1195,1662
4370.643229666759,4370.518229666759,4370.768229666759,813,940,877
4368.22724765159,4368.10224765159,4368.35224765159,1003,696,850
4372.797363362798,4372.547363362798,4373.047363362798,739,1388,1064
4376.019313141779,4375.894313141779,4376.144313141779,820,2353,1587
4383.36550705898,4382.99050705898,4383.74050705898,853,812,833
4383.987731318994,4383.862731318994,4384.112731318994,1307,1490,1399
4385.812677758702,4385.562677758702,4386.062677758702,2615,1216,1916
4383.720742035472,4383.595742035472,4383.845742035472,1266,567,917
4378.210036445735,4378.085036445735,4378.335036445735,2351,858,1605
4388.3281097105855,4388.0781097105855,4388.5781097105855,1723,1460,1592
4394.560967549932,4394.435967549932,4394.685967549932,1430,1097,1264
4389.7445488054345,4389.4945488054345,4389.9945488054345,1532,2179,1856
4393.243682677288,4393.118682677288,4393.368682677288,1025,1502,1264
4397.895100019728,4397.645100019728,4398.145100019728,1281,864,1073
4398.183693249325,4397.933693249325,4398.433693249325,768,1407,1088
4399.2514046295755,4399.0014046295755,4399.5014046295755,2196,1747,1972
4398.074297079632,4397.699297079632,4398.449297079632,1115,1370,1243
4396.8587006935795,4396.7337006935795,4396.9837006935795,742,1583,1163
4393.35253514083,4393.22753514083,4393.47753514083,1326,501,914
4395.255953747482,4394.880953747482,4395.630953747482,965,1116,1041
4394.760373280341,4394.635373280341,4394.885373280341,638,1169,904
4392.5008724389845,4392.2508724389845,4392.7508724389845,1084,1059,1072
4393.134090870742,4392.884090870742,4393.384090870742,1412,2305,1859
4390.438167930626,4390.313167930626,4390.563167930626,1017,1406,1212
4388.717743753668,4388.592743753668,4388.842743753668,613,1150,882
4389.654522976204,4389.529522976204,4389.779522976204,1066,1097,1082
4393.897371727189,4393.647371727189,4394.147371727189,1538,1429,1484
4392.538126870926,4392.413126870926,4392.663126870926,1113,1854,1484
4392.776390608794,4392.526390608794,4393.026390608794,1833,794,1314
4386.490901670124,4386.365901670124,4386.615901670124,1096,2257,1677
4386.1473219745385,4386.0223219745385,4386.2723219745385,1323,1370,1347
4388.616134830607,4388.366134830607,4388.866134830607,1578,2371,1975
4390.577091195823,4390.452091195823,4390.702091195823,770,1865,1318
4391.44433864854,4391.31933864854,4391.56933864854,1444,795,1120
4389.226179839063,4389.101179839063,4389.351179839063,744,1131,938
4399.588147728091,4399.338147728091,4399.838147728091,1326,593,960
4397.354892081082,4396.979892081082,4397.729892081082,781,2136,1459
4402.18199025665,4402.05699025665,4402.30699025665,912,1001,957
4398.277086152991,4398.152086152991,4398.402086152991,2577,1110,1844
4404.078604605745,4403.828604605745,4404.328604605745,1499,986,1243
4405.784588515315,4405.409588515315,4406.159588515315,1834,1429,1632
4409.732787494616,4409.482787494616,4409.982787494616,2066,1681,1874
4413.814827213648,4413.689827213648,4413.939827213648,1093,2772,1933
4408.182671640605,4408.057671640605,4408.307671640605,2273,1220,1747
4407.364142061759,4407.239142061759,4407.489142061759,1265,2550,1908
4408.407315256374,4408.282315256374,4408.532315256374,1157,442,800
4408.400276111527,4408.275276111527,4408.525276111527,619,1530,1075
4404.764234709938,4404.514234709938,4405.014234709938,843,920,882
4410.324345680888,4409.949345680888,4410.699345680888,1271,1258,1265
4412.379014641643,4412.254014641643,4412.504014641643,972,991,982
4415.125923609053,4414.875923609053,4415.375923609053,738,1431,1085
4412.98359828673,4412.60859828673,4413.35859828673,2078,1823,1951
4418.710205495516,4418.585205495516,4418.835205495516,1817,1578,1698
4418.405096349198,4418.280096349198,4418.530096349198,613,1312,963
4418.277558603958,4418.027558603958,4418.527558603958,879,938,909
4421.564141149667,4421.314141149667,4421.814141149667,1584,773,1179
4419.390241109468,4419.140241109468,4419.640241109468,1532,1545,1539
4423.324348927193,4423.199348927193,4423.449348927193,1448,1133,1291
4427.72295193511,4427.34795193511,4428.09795193511,616,1615,1116
4427.561583652891,4427.311583652891,4427.811583652891,899,1050,975
4423.697493535617,4423.447493535617,4423.947493535617,990,661,826
4420.063655376987,4419.938655376987,4420.188655376987,1255,968,1112
4417.164773010602,4416.914773010602,4417.414773010602,2728,1153,1941
4411.467532294913,4411.342532294913,4411.592532294913,1756,1769,1763
4406.619286439638,4406.244286439638,4406.994286439638,1246,2413,1830
4412.3298563480785,4411.9548563480785,4412.7048563480785,888,729,809
4410.589065853679,4410.214065853679,4410.964065853679,1517,1080,1299
4409.809284675706,4409.559284675706,4410.059284675706,994,2631,1813
4412.90592104194,4412.78092104194,4413.03092104194,753,1312,1033
4419.142903421473,4418.767903421473,4419.517903421473,936,1901,1419
4421.987824761606,4421.737824761606,4422.237824761606,614,1841,1228
4421.245687975171,4421.120687975171,4421.370687975171,1746,837,1292
4421.699533589742,4421.574533589742,4421.824533589742,1554,1297,1426
4421.893223278508,4421.518223278508,4422.268223278508,2331,1482,1907
4419.982228193469,4419.857228193469,4420.107228193469,863,1458,1161
4416.864063499521,4416.739063499521,4416.989063499521,808,1039,924
4413.524333091479,4413.399333091479,4413.649333091479,1432,2009,1721
4408.374430467104,4408.249430467104,4408.499430467104,1232,1319,1276
4407.094081213735,4406.719081213735,4407.469081213735,2065,1428,1747
4397.5426179466585,4397.2926179466585,4397.7926179466585,1186,1763,1475
4398.184945738903,4398.059945738903,4398.309945738903,2796,1047,1922
4396.981670784331,4396.856670784331,4397.106670784331,2359,1492,1926
4389.645653603322,4389.520653603322,4389.770653603322,833,1074,954
4393.637641372947,4393.512641372947,4393.762641372947,1596,1999,1798
4394.810261873677,4394.685261873677,4394.935261873677,1742,1695,1719
4392.55935434178,4392.43435434178,4392.68435434178,1160,1513,1337
4394.694031678774,4394.444031678774,4394.944031678774,732,1363,1048
4399.565493504396,4399.440493504396,4399.690493504396,1469,2462,1966
4401.683487476041,4401.558487476041,4401.808487476041,1273,806,1040
4403.287582566131,4403.037582566131,4403.537582566131,1221,2270,1746
4399.688093832381,4399.438093832381,4399.938093832381,1224,1747,1486
4396.029197315443,4395.904197315443,4396.154197315443,1296,2651,1974
4395.589562517269,4395.464562517269,4395.714562517269,1551,1580,1566
4395.984175768942,4395.859175768942,4396.109175768942,2693,1054,1874
4396.531301128728,4396.281301128728,4396.781301128728,1647,1906,1777
4402.458186153421,4402.333186153421,4402.583186153421,1527,1104,1316
4405.831789760059,4405.581789760059,4406.081789760059,1515,976,1246
4398.511046306422,4398.261046306422,4398.761046306422,2637,1002,1820
4395.398280268151,4395.273280268151,4395.523280268151,711,1574,1143
4390.990621467397,4390.865621467397,4391.115621467397,1367,850,1109
4389.047920709172,4388.672920709172,4389.422920709172,717,1566,1142
4395.477930230093,4395.227930230093,4395.727930230093,1298,1837,1568
4395.6107618135275,4395.4857618135275,4395.7357618135275,2582,1075,1829
4390.288964470435,4390.163964470435,4390.413964470435,834,1665,1250
4393.941808576869,4393.691808576869,4394.191808576869,768,1461,1115
4399.727366539964,4399.352366539964,4400.102366539964,834,1195,1015
4400.469027823346,4400.219027823346,4400.719027823346,1358,1361,1360
4406.270934355633,4406.020934355633,4406.520934355633,2045,1482,1764
4403.906681323282,4403.781681323282,4404.031681323282,1757,1284,1521
4406.207532457223,4405.957532457223,4406.457532457223,1893,1370,1632
4411.992495673607,4411.742495673607,4412.242495673607,491,1174,833
4411.337845798198,4411.212845798198,4411.462845798198,1947,1652,1800
4409.156104046979,4409.031104046979,4409.281104046979,1516,711,1114
4406.575709890207,4406.450709890207,4406.700709890207,733,1490,1112
4408.727544429443,4408.602544429443,4408.852544429443,1280,1213,1247
4412.001267558391,4411.876267558391,4412.126267558391,1277,854,1066
4408.255677885722,4408.005677885722,4408.505677885722,1693,2040,1867
4402.170739107602,4401.920739107602,4402.420739107602,1476,2343,1910
4404.764253591161,4404.389253591161,4405.139253591161,1112,1545,1329
4405.457807848527,4405.332807848527,4405.582807848527,2560,1269,1915
4410.344357560325,4410.094357560325,4410.594357560325,1007,1092,1050
4419.305129668154,4418.930129668154,4419.680129668154,1807,1440,1624
4415.937629022591,4415.812629022591,4416.062629022591,1773,680,1227
4412.097082547309,4411.847082547309,4412.347082547309,2541,1276,1909
4413.573159555173,4413.323159555173,4413.823159555173,867,1754,1311
4411.42251963914,4411.17251963914,4411.67251963914,1352,1905,1629
4412.499959140671,4412.374959140671,4412.624959140671,2489,914,1702
4419.003197092982,4418.753197092982,4419.253197092982,1976,1575,1776
4426.48702532815,4426.36202532815,4426.61202532815,891,1240,1066
4428.145478269248,4427.895478269248,4428.395478269248,859,2304,1582
4425.862241448887,4425.737241448887,4425.987241448887,1744,1519,1632
4425.732044296187,4425.482044296187,4425.982044296187,1732,1957,1845
4420.374584917677,4420.249584917677,4420.499584917677,682,1121,902
4421.992860071224,4421.867860071224,4422.117860071224,983,2678,1831
4425.47476330532,4425.22476330532,4425.72476330532,745,2034,1390
4420.276074632392,4420.151074632392,4420.401074632392,1032,727,880
4421.700012120738,4421.325012120738,4422.075012120738,1538,1305,1422
4415.5631638789255,4415.4381638789255,4415.6881638789255,1753,838,1296
4412.812752721909,4412.687752721909,4412.937752721909,609,1348,979
4415.697168923155,4415.322168923155,4416.072168923155,732,2121,1427
4416.630552483172,4416.380552483172,4416.880552483172,2273,1296,1785
4409.583992292981,4409.458992292981,4409.708992292981,879,2144,1512
4404.453445600899,4404.203445600899,4404.703445600899,1192,2639,1916
4401.800251593561,4401.550251593561,4402.050251593561,1601,1988,1795
4406.49122917259,4406.36622917259,4406.61622917259,1715,1942,1829
4406.133296418651,4405.758296418651,4406.508296418651,1830,829,1330
4408.453485497809,4408.328485497809,4408.578485497809,848,1181,1015
4410.201213383324,4410.076213383324,4410.326213383324,1370,543,957
4410.587561398021,4410.462561398021,4410.712561398021,2044,1181,1613
4404.927150378019,4404.802150378019,4405.052150378019,2485,1104,1795
4407.005506563889,4406.755506563889,4407.255506563889,1022,857,940
4405.4417537290765,4405.1917537290765,4405.6917537290765,1007,1190,1099
4404.349518902786,4403.974518902786,4404.724518902786,2200,1435,1818
4398.499954852299,4398.249954852299,4398.749954852299,906,733,820
4395.465944190202,4395.340944190202,4395.590944190202,2948,1007,1978
4394.5536967951775,4394.4286967951775,4394.6786967951775,2104,813,1459
4400.437721949216,4400.062721949216,4400.812721949216,1257,2034,1646
4401.447376327937,4401.322376327937,4401.572376327937,729,1640,1185
4401.050366511402,4400.925366511402,4401.175366511402,1202,2361,1782
4408.347185442836,4408.097185442836,4408.597185442836,1470,1571,1521
4402.70766394057,4402.33266394057,4403.08266394057,1094,851,973
4400.069422990212,4399.944422990212,4400.194422990212,783,1006,895
4397.127559170112,4396.877559170112,4397.377559170112,639,1702,1171
4394.021662890918,4393.896662890918,4394.146662890918,1109,1206,1158
4392.166564679631,4392.041564679631,4392.291564679631,627,1774,1201
4389.51779266032,4389.39279266032,4389.64279266032,1595,590,1093
4394.9216850983685,4394.7966850983685,4395.0466850983685,653,1332,993
4392.92342682658,4392.79842682658,4393.04842682658,2767,1006,1887
4390.828625919159,4390.703625919159,4390.953625919159,1032,1027,1030
4392.494671979422,4392.244671979422,4392.744671979422,1371,536,954
4394.849927733618,4394.474927733618,4395.224927733618,981,712,847
4395.775120607608,4395.525120607608,4396.025120607608,1267,2260,1764
4400.13234007265,4400.00734007265,4400.25734007265,1476,861,1169
4398.0780817466775,4397.9530817466775,4398.2030817466775,1403,1426,1415
4398.060893972752,4397.810893972752,4398.310893972752,1251,1706,1479
4393.583064961273,4393.333064961273,4393.833064961273,855,1532,1194
4396.456486659722,4396.331486659722,4396.581486659722,2620,1285,1953
4401.3485780010915,4401.0985780010915,4401.5985780010915,1304,2533,1919
4397.31827412555,4397.19327412555,4397.44327412555,1583,2238,1911
4397.099964554569,4396.849964554569,4397.349964554569,578,1315,947
4395.431642203952,4395.306642203952,4395.556642203952,2412,1151,1782
4389.788618235163,4389.663618235163,4389.913618235163,1069,1846,1458
4392.544236174607,4392.419236174607,4392.669236174607,887,820,854
4386.130341805433,4386.005341805433,4386.255341805433,984,1373,1179
4387.652810098915,4387.527810098915,4387.777810098915,1058,2515,1787
4385.901907035594,4385.776907035594,4386.026907035594,812,1499,1156
4384.072089373125,4383.822089373125,4384.322089373125,864,1355,1110
4383.952887702732,4383.827887702732,4384.077887702732,1702,2153,1928
4380.743423054412,4380.618423054412,4380.868423054412,511,1174,843
4378.722883081182,4378.597883081182,4378.847883081182,2099,1458,1779
4373.302046809258,4373.177046809258,4373.427046809258,2077,1854,1966
4376.11071395921,4375.73571395921,4376.48571395921,1438,855,1147
4383.758560224531,4383.633560224531,4383.883560224531,1502,597,1050
4383.534822886692,4383.409822886692,4383.659822886692,1097,1866,1482
4383.891152416711,4383.766152416711,4384.016152416711,2297,1252,1775
4385.373663313318,4385.123663313318,4385.623663313318,1685,1522,1604
4383.381177591357,4383.256177591357,4383.506177591357,2280,1117,1699
4385.436664501599,4385.311664501599,4385.561664501599,1038,817,928
4379.875979920169,4379.625979920169,4380.125979920169,799,1748,1274
4374.800240420823,4374.425240420823,4375.175240420823,963,972,968
4383.004846850357,4382.754846850357,4383.254846850357,2683,1080,1882
4383.403490656202,4383.278490656202,4383.528490656202,1022,2943,1983
4384.115581814037,4383.740581814037,4384.490581814037,1028,1941,1485
4387.946544408757,4387.696544408757,4388.196544408757,874,1165,1020
4386.860228683071,4386.610228683071,4387.110228683071,2163,1308,1736
4385.336406665573,4385.086406665573,4385.586406665573,2404,1081,1743
4377.030934396774,4376.905934396774,4377.155934396774,1616,1395,1506
4377.977867389927,4377.852867389927,4378.102867389927,1297,488,893
4369.675263120838,4369.550263120838,4369.800263120838,1011,1310,1161
4364.123980999393,4363.998980999393,4364.248980999393,1186,1101,1144
4363.42769076403,4363.17769076403,4363.67769076403,1995,1948,1972
4367.717265177148,4367.592265177148,4367.842265177148,1554,2169,1862
4368.273168475301,4368.148168475301,4368.398168475301,1238,1571,1405
4372.203561415769,4372.078561415769,4372.328561415769,1084,601,843
4369.007974570231,4368.882974570231,4369.132974570231,1455,892,1174
4361.803429145402,4361.428429145402,4362.178429145402,1037,572,805
4362.829758292006,4362.704758292006,4362.954758292006,1154,2113,1634
4363.086010940466,4362.961010940466,4363.211010940466,1189,1468,1329
4358.980223266203,4358.605223266203,4359.355223266203,1924,973,1449
4361.476939235381,4361.351939235381,4361.601939235381,1753,838,1296
4375.670119197996,4375.420119197996,4375.920119197996,2307,1174,1741
4378.40749638632,4378.15749638632,4378.65749638632,441,1320,881
4379.545874624626,4379.420874624626,4379.670874624626,1522,2153,1838
4381.360401454826,4380.985401454826,4381.735401454826,1839,822,1331
4373.544833401077,4373.169833401077,4373.919833401077,1182,2503,1843
4369.4340203851625,4369.1840203851625,4369.6840203851625,1229,436,833
4367.862552264409,4367.612552264409,4368.112552264409,943,814,879
4371.243532802782,4371.118532802782,4371.368532802782,1170,1429,1300
4381.386553847266,4381.136553847266,4381.636553847266,1616,2293,1955
4382.426990220664,4382.301990220664,4382.551990220664,1102,809,956
4380.284959605158,4380.159959605158,4380.409959605158,1212,855,1034
4380.543565178099,4380.293565178099,4380.793565178099,2303,1636,1970
4368.594945171861,4368.469945171861,4368.719945171861,1070,1343,1207
4371.992917482202,4371.867917482202,4372.117917482202,1259,2256,1758
4376.849447313631,4376.724447313631,4376.974447313631,1413,2156,1785
4369.929020047493,4369.804020047493,4370.054020047493,2113,1674,1894
4363.3013631638205,4363.1763631638205,4363.4263631638205,1076,1991,1534
4361.881874491379,4361.756874491379,4362.006874491379,2440,1279,1860
4365.750237976699,4365.625237976699,4365.875237976699,1387,2018,1703
4364.436023801409,4364.311023801409,4364.561023801409,1153,2188,1671
4368.9390581804955,4368.6890581804955,4369.1890581804955,756,989,873
4365.693487384581,4365.568487384581,4365.818487384581,1374,881,1128
4374.90119197662,4374.65119197662,4375.15119197662,975,1694,1335
4373.113850909541,4372.988850909541,4373.238850909541,914,1231,1073
4368.668546747114,4368.543546747114,4368.793546747114,1034,1391,1213
4379.988567513941,4379.613567513941,4380.363567513941,2257,1040,1649
4384.432159561368,4384.182159561368,4384.682159561368,1936,1295,1616
4379.306102170273,4379.181102170273,4379.431102170273,1068,1163,1116
4375.782589820531,4375.407589820531,4376.157589820531,1255,1918,1587
4369.7744997976315,4369.6494997976315,4369.8994997976315,2020,1759,1890
4370.288049386962,4370.163049386962,4370.413049386962,1768,2217,1993
4371.863768589731,4371.613768589731,4372.113768589731,1247,760,1004
4374.319457792286,4374.194457792286,4374.444457792286,866,1763,1315
4371.543934194366,4371.418934194366,4371.668934194366,1720,2089,1905
4363.548402184684,4363.298402184684,4363.798402184684,2655,1082,1869
4368.087964694974,4367.962964694974,4368.212964694974,638,1409,1024
4365.114379117437,4364.739379117437,4365.489379117437,432,1201,817
4364.736082831115,4364.361082831115,4365.111082831115,1032,591,812
4373.509968942711,4373.134968942711,4373.884968942711,842,1649,1246
4370.91027014078,4370.78527014078,4371.03527014078,1912,1923,1918
4372.232500297487,4371.982500297487,4372.482500297487,1338,633,986
4371.3132109272465,4371.1882109272465,4371.4382109272465,1912,1709,1811
4372.407305677717,4372.282305677717,4372.532305677717,1342,1319,1331
4376.32267332034,4376.19767332034,4376.44767332034,949,2218,1584
4371.035442518533,4370.910442518533,4371.160442518533,1410,1259,1335
4368.051936097651,4367.926936097651,4368.176936097651,826,2073,1450
4362.04615083412,4361.92115083412,4362.17115083412,1153,646,900
4364.136597418095,4363.761597418095,4364.511597418095,1762,589,1176
4363.853927753671,4363.603927753671,4364.103927753671,2028,1069,1549
4360.0462315631075,4359.9212315631075,4360.1712315631075,1286,1143,1215
4357.650175507038,4357.400175507038,4357.900175507038,977,836,907
4356.515349210436,4356.390349210436,4356.640349210436,1185,908,1047
4358.923253244795,4358.798253244795,4359.048253244795,1020,2183,1602
4359.563295555309,4359.438295555309,4359.688295555309,2145,1072,1609
4357.46485051114,4357.33985051114,4357.58985051114,1872,1313,1593
4355.165829758581,4354.915829758581,4355.415829758581,1847,1268,1558
4357.973682992984,4357.848682992984,4358.098682992984,1690,2219,1955
4361.478000851834,4361.228000851834,4361.728000851834,994,1389,1192
4368.6787042304695,4368.4287042304695,4368.9287042304695,1385,1454,1420
4369.392787852733,4369.142787852733,4369.642787852733,2614,1163,1889
4375.911256807447,4375.661256807447,4376.161256807447,1701,1512,1607
4381.325262889667,4381.200262889667,4381.450262889667,942,745,844
4378.1432945942615,4377.8932945942615,4378.3932945942615,1507,1032,1270
4378.003482601739,4377.878482601739,4378.128482601739,1141,544,843
4387.412848000993,4387.287848000993,4387.537848000993,1487,1280,1384
4389.263402110854,4389.138402110854,4389.388402110854,726,941,834
4393.798176969377,4393.673176969377,4393.923176969377,1411,1174,1293
4396.655054866733,4396.405054866733,4396.905054866733,2540,1001,1771
4394.7938935336215,4394.6688935336215,4394.9188935336215,1505,2060,1783
4397.420587009802,4397.295587009802,4397.545587009802,674,1209,942
4396.976488679355,4396.851488679355,4397.101488679355,931,748,840
4401.001135430121,4400.626135430121,4401.376135430121,1015,612,814
4404.185729320278,4404.060729320278,4404.310729320278,2712,1095,1904
4410.350980472939,4410.100980472939,4410.600980472939,1148,475,812
4411.192473643635,4411.067473643635,4411.317473643635,2381,1436,1909
4398.515412504982,4398.390412504982,4398.640412504982,629,1834,1232
4401.632872562726,4401.507872562726,4401.757872562726,1457,1314,1386
4403.721580973055,4403.596580973055,4403.846580973055,1895,712,1304
4398.0649380809455,4397.9399380809455,4398.1899380809455,800,1743,1272
4401.57233929474,4401.44733929474,4401.69733929474,1416,1539,1478
4403.2742334137065,4403.0242334137065,4403.5242334137065,1707,1412,1560
4404.120199852173,4403.995199852173,4404.245199852173,1366,1731,1549
4412.528820142846,4412.278820142846,4412.778820142846,1329,730,1030
4411.702205888395,4411.577205888395,4411.827205888395,2640,969,1805
4406.167441941379,4406.042441941379,4406.292441941379,1214,1029,1122
4405.946791005502,4405.571791005502,4406.321791005502,1171,1606,1389
4404.973704188779,4404.848704188779,4405.098704188779,1635,1006,1321
4403.212320580533,4402.962320580533,4403.462320580533,1705,788,1247
4402.337621890245,4402.087621890245,4402.587621890245,1164,653,909
4399.344249262461,4399.219249262461,4399.469249262461,669,1048,859
4397.95878295867,4397.83378295867,4398.08378295867,473,1136,805
4402.652905701525,4402.527905701525,4402.777905701525,1344,757,1051
4404.821082263483,4404.571082263483,4405.071082263483,1575,716,1146
4407.95961654292,4407.58461654292,4408.33461654292,1010,655,833
4413.136222882573,4413.011222882573,4413.261222882573,1640,933,1287
4410.165057193726,4410.040057193726,4410.290057193726,1361,1946,1654
4406.213109124635,4405.838109124635,4406.588109124635,883,982,933
4407.023310383624,4406.773310383624,4407.273310383624,2422,1455,1939
4410.237744443186,4410.112744443186,4410.362744443186,2487,1256,1872
4411.180229760323,4411.055229760323,4411.305229760323,1025,2794,1910
4409.596308285071,4409.471308285071,4409.721308285071,1001,1798,1400
4414.017058103899,4413.892058103899,4414.142058103899,1810,1785,1798
4422.252399141645,4422.127399141645,4422.377399141645,1687,2198,1943
4418.020717935581,4417.895717935581,4418.145717935581,1154,897,1026
4411.028581412843,4410.903581412843,4411.153581412843,2192,1623,1908
4406.234042491752,4406.109042491752,4406.359042491752,1344,2247,1796
4410.732921018379,4410.607921018379,4410.857921018379,727,1098,913
4417.621019805582,4417.496019805582,4417.746019805582,1078,931,1005
4424.451243946793,4424.326243946793,4424.576243946793,1691,1554,1623
4431.811761108811,4431.686761108811,4431.936761108811,1017,1320,1169
4433.280601395965,4433.155601395965,4433.405601395965,2046,881,1464
4430.132366013936,4429.757366013936,4430.507366013936,1942,819,1381
4421.401781213413,4421.276781213413,4421.526781213413,952,2143,1548
4424.511336219337,4424.261336219337,4424.761336219337,1084,903,994
4421.45770391206,4421.20770391206,4421.70770391206,1851,1050,1451
4422.965278309958,4422.715278309958,4423.215278309958,1685,914,1300
4420.72535418031,4420.60035418031,4420.85035418031,1608,1205,1407
4423.44589049022,4423.07089049022,4423.82089049022,1720,871,1296
4427.16094572398,4427.03594572398,4427.28594572398,1733,1472,1603
4434.570553966297,4434.320553966297,4434.820553966297,1587,1086,1337
4442.644947866361,4442.519947866361,4442.769947866361,1176,1955,1566
4448.2017578426485,4447.9517578426485,4448.4517578426485,1701,1828,1765
4445.76645763893,4445.64145763893,4445.89145763893,1774,1547,1661
4445.869705760717,4445.744705760717,4445.994705760717,1189,842,1016
4445.58501579264,4445.33501579264,4445.83501579264,1066,669,868
4443.917751634361,4443.792751634361,4444.042751634361,2412,1513,1963
4440.806444021444,4440.556444021444,4441.056444021444,1230,2515,1873
4441.814557711176,4441.689557711176,4441.939557711176,1130,1241,1186
4442.562429280653,4442.312429280653,4442.812429280653,1711,920,1316
4446.870565713423,4446.620565713423,4447.120565713423,1487,2498,1993
4451.189359903953,4450.939359903953,4451.439359903953,2057,854,1456
4450.484092532367,4450.359092532367,4450.609092532367,1462,2275,1869
4451.300201036168,4451.175201036168,4451.425201036168,1773,738,1256
4460.4704503259145,4460.2204503259145,4460.7204503259145,950,2355,1653
4446.765536389477,4446.515536389477,4447.015536389477,2132,743,1438
4452.793656361484,4452.668656361484,4452.918656361484,2405,1094,1750
4448.0252283334175,4447.9002283334175,4448.1502283334175,1276,2203,1740
4456.605158061324,4456.230158061324,4456.980158061324,1017,1818,1418
4460.678861122158,4460.553861122158,4460.803861122158,2595,1122,1859
4468.109308000428,4467.859308000428,4468.359308000428,511,1352,932
4468.855150008113,4468.730150008113,4468.980150008113,1133,1202,1168
4466.79431159532,4466.66931159532,4466.91931159532,1760,1955,1858
4467.668779556662,4467.418779556662,4467.918779556662,1154,2699,1927
4465.649609090591,4465.399609090591,4465.899609090591,1171,2694,1933
4466.232512359416,4466.107512359416,4466.357512359416,947,1094,1021
4468.022295222212,4467.897295222212,4468.147295222212,1391,790,1091
4461.314964843583,4461.189964843583,4461.439964843583,1592,759,1176
4458.762235885449,4458.637235885449,4458.887235885449,2007,686,1347
4457.447931975489,4457.322931975489,4457.572931975489,1295,2300,1798
4459.827298223058,4459.702298223058,4459.952298223058,1536,2317,1927
4462.598319019434,4462.348319019434,4462.848319019434,1179,772,976
4462.566847855473,4462.441847855473,4462.691847855473,2284,1409,1847
4465.518094524105,4465.393094524105,4465.643094524105,1290,1027,1159
4458.099319088059,4457.849319088059,4458.349319088059,1054,2931,1993
4457.0965323967675,4456.8465323967675,4457.3465323967675,1244,1241,1243
4450.433361617783,4450.308361617783,4450.558361617783,1079,1492,1286
4458.060358028702,4457.685358028702,4458.435358028702,1796,1173,1485
4447.612626774554,4447.487626774554,4447.737626774554,1911,790,1351
4446.205060343953,4446.080060343953,4446.330060343953,1347,630,989
4448.419974472254,4448.294974472254,4448.544974472254,993,970,982
4447.850350945705,4447.475350945705,4448.225350945705,1481,2196,1839
4451.7660565911965,4451.5160565911965,4452.0160565911965,930,2573,1752
4456.731977726631,4456.606977726631,4456.856977726631,2778,1141,1960
4445.2548244493755,4445.0048244493755,4445.5048244493755,1980,1385,1683
4436.434596357984,4436.309596357984,4436.559596357984,1825,1312,1569
4440.1768228029205,4440.0518228029205,4440.3018228029205,777,1066,922
4439.72783433536,4439.47783433536,4439.97783433536,1798,1415,1607
4434.998859291117,4434.748859291117,4435.248859291117,1165,1994,1580
4431.4579695524335,4431.3329695524335,4431.5829695524335,2194,985,1590
4428.217766510056,4428.092766510056,4428.342766510056,1219,2348,1784
4428.280354012643,4428.155354012643,4428.405354012643,1940,1373,1657
4432.329908971324,4432.204908971324,4432.454908971324,769,1356,1063
4432.096811064827,4431.846811064827,4432.346811064827,1932,815,1374
4420.095405768211,4419.845405768211,4420.345405768211,2420,1539,1980
4412.539452223078,4412.289452223078,4412.789452223078,1178,2489,1834
4417.801483689677,4417.676483689677,4417.926483689677,1776,829,1303
4420.810057249401,4420.685057249401,4420.935057249401,1917,1068,1493
4424.612262957406,4424.487262957406,4424.737262957406,1263,608,936
4426.82314188637,4426.69814188637,4426.94814188637,1292,2643,1968
4427.074488625313,4426.824488625313,4427.324488625313,631,1826,1229
4424.257185280468,4424.007185280468,4424.507185280468,1162,2215,1689
4426.724084338633,4426.474084338633,4426.974084338633,1450,1087,1269
4428.644973396186,4428.519973396186,4428.769973396186,1405,1340,1373
4425.360240101216,4425.235240101216,4425.485240101216,1073,1018,1046
4427.193288769797,4426.818288769797,4427.568288769797,1053,1478,1266
4427.692212671613,4427.317212671613,4428.067212671613,1269,1102,1186
4427.2766659301415,4427.1516659301415,4427.4016659301415,1587,1516,1552
4428.941627915701,4428.566627915701,4429.316627915701,1958,1713,1836
4431.041416842384,4430.916416842384,4431.166416842384,1299,1472,1386
4428.963949731951,4428.838949731951,4429.088949731951,1950,1051,1501
4430.821492267381,4430.571492267381,4431.071492267381,1171,2536,1854
4431.540039909305,4431.415039909305,4431.665039909305,941,1006,974
4435.5482902216745,4435.4232902216745,4435.6732902216745,1288,1647,1468
4433.1182475778905,4432.9932475778905,4433.2432475778905,1323,598,961
4434.141575232585,4434.016575232585,4434.266575232585,2520,1081,1801
4434.095126758666,4433.845126758666,4434.345126758666,1218,1465,1342
4436.566215140589,4436.441215140589,4436.691215140589,1852,711,1282
4440.9073247858,4440.5323247858,4441.2823247858,1742,947,1345
4438.462014536344,4438.212014536344,4438.712014536344,1407,1474,1441
4439.221977140504,4439.096977140504,4439.346977140504,927,778,853
4438.343890111221,4438.218890111221,4438.468890111221,2007,1104,1556
4439.5291256479,4439.4041256479,4439.6541256479,796,1925,1361
4441.444122836783,4441.069122836783,4441.819122836783,2088,1243,1666
4439.474583838115,4439.099583838115,4439.849583838115,1875,1838,1857
4440.443843525253,4440.318843525253,4440.568843525253,1057,562,810
4436.940023759718,4436.690023759718,4437.190023759718,1529,910,1220
4438.969554542494,4438.844554542494,4439.094554542494,1757,1468,1613
4441.322471803011,4441.197471803011,4441.447471803011,1653,1232,1443
4443.6029338165945,4443.4779338165945,4443.7279338165945,2404,1545,1975
4443.009529473686,4442.634529473686,4443.384529473686,961,886,924
4444.430300630597,4444.305300630597,4444.555300630597,1347,912,1130
4447.976664054508,4447.851664054508,4448.101664054508,1424,1171,1298
4451.876613836666,4451.626613836666,4452.126613836666,1341,614,978
4447.887605668745,4447.512605668745,4448.262605668745,1297,642,970
4445.462246799121,4445.212246799121,4445.712246799121,1920,1223,1572
4439.776941435302,4439.526941435302,4440.026941435302,1372,733,1053
4439.493465299556,4439.243465299556,4439.743465299556,681,964,823
4437.816013354416,4437.566013354416,4438.066013354416,2179,1172,1676
4435.928724021126,4435.803724021126,4436.053724021126,1667,2004,1836
4435.089666321672,4434.839666321672,4435.339666321672,698,1769,1234
4436.290907506245,4436.165907506245,4436.415907506245,910,1081,996
4434.223597143852,4433.848597143852,4434.598597143852,2590,1255,1923
4432.5543794650785,4432.4293794650785,4432.6793794650785,2107,1280,1694
4435.051382788935,4434.676382788935,4435.426382788935,893,1204,1049
4432.987906158688,4432.862906158688,4433.112906158688,749,1002,876
4438.310248039978,4438.060248039978,4438.560248039978,642,1633,1138
4437.9475245613285,4437.8225245613285,4438.0725245613285,1462,2267,1865
4441.607563946651,4441.357563946651,4441.857563946651,2107,1478,1793
4447.671821614607,4447.546821614607,4447.796821614607,1444,1247,1346
4452.730452155989,4452.480452155989,4452.980452155989,1888,767,1328
4457.213822305442,4456.963822305442,4457.463822305442,881,1134,1008
4457.457427225902,4457.332427225902,4457.582427225902,684,1079,882
4457.306973907848,4457.056973907848,4457.556973907848,1283,1192,1238
4458.920229242047,4458.795229242047,4459.045229242047,1521,842,1182
4460.879540866092,4460.754540866092,4461.004540866092,1236,431,834
4464.786274367934,4464.661274367934,4464.911274367934,1224,1803,1514
4467.788039259184,4467.413039259184,4468.163039259184,1587,1092,1340
4464.932525573019,4464.682525573019,4465.182525573019,1178,897,1038
4463.461218836286,4463.211218836286,4463.711218836286,1288,1535,1412
4464.291554480818,4464.166554480818,4464.416554480818,1983,1422,1703
4465.142530488654,4465.017530488654,4465.267530488654,1205,714,960
4462.166729626436,4461.916729626436,4462.416729626436,2119,1256,1688
4462.329372109416,4462.079372109416,4462.579372109416,2291,1090,1691
4458.8146257716935,4458.5646257716935,4459.0646257716935,633,1554,1094
4458.986590804818,4458.861590804818,4459.111590804818,1006,2937,1972
4460.216736667815,4459.966736667815,4460.466736667815,2063,864,1464
4459.670900937407,4459.420900937407,4459.920900937407,770,1327,1049
4459.325633695537,4459.200633695537,4459.450633695537,1288,2187,1738
4463.761047104947,4463.386047104947,4464.136047104947,1292,1293,1293
4464.697441308476,4464.572441308476,4464.822441308476,679,1456,1068
4466.307599601598,4466.182599601598,4466.432599601598,1265,1012,1139
4463.63034769403,4463.50534769403,4463.75534769403,1872,1057,1465
4467.866490038819,4467.616490038819,4468.116490038819,1128,831,980
4465.589621078571,4465.339621078571,4465.839621078571,2527,1012,1770
4463.752866966674,4463.627866966674,4463.877866966674,1322,2595,1959
4459.012510230561,4458.887510230561,4459.137510230561,1097,2120,1609
4457.020749696199,4456.770749696199,4457.270749696199,1767,1336,1552
4454.040914290871,4453.915914290871,4454.165914290871,1056,1613,1335
4457.36744831584,4456.99244831584,4457.74244831584,2455,996,1726
4459.5966876748,4459.4716876748,4459.7216876748,854,1319,1087
4460.087088791077,4459.962088791077,4460.212088791077,1422,967,1195
4463.367944212805,4463.242944212805,4463.492944212805,556,1347,952
4465.591748811471,4465.341748811471,4465.841748811471,1715,1236,1476
4467.74865789773,4467.37365789773,4468.12365789773,851,1260,1056
4463.817087286017,4463.692087286017,4463.942087286017,1798,1009,1404
4460.413971393951,4460.038971393951,4460.788971393951,1007,1752,1380
4463.450155713888,4463.200155713888,4463.700155713888,2499,1218,1859
4464.781616474604,4464.531616474604,4465.031616474604,2018,933,1476
4458.287539029236,4458.162539029236,4458.412539029236,1277,2216,1747
4453.477013583027,4453.352013583027,4453.602013583027,1859,2044,1952
4453.732704386043,4453.607704386043,4453.857704386043,1181,1132,1157
4453.580203555869,4453.330203555869,4453.830203555869,1190,1563,1377
4456.71239290966,4456.58739290966,4456.83739290966,2047,1240,1644
4459.311637542439,4459.061637542439,4459.561637542439,1753,1732,1743
4459.713170215161,4459.463170215161,4459.963170215161,1239,1854,1547
4462.010834462278,4461.885834462278,4462.135834462278,1259,1008,1134
4462.5068767099865,4462.2568767099865,4462.7568767099865,1288,453,871
4464.762424741918,4464.637424741918,4464.887424741918,1654,1485,1570
4462.562777270147,4462.187777270147,4462.937777270147,1137,2140,1639
4458.618335803911,4458.368335803911,4458.868335803911,787,1238,1013
4451.945255365354,4451.570255365354,4452.320255365354,1542,557,1050
4456.043161528655,4455.918161528655,4456.168161528655,2459,844,1652
4454.699921005629,4454.449921005629,4454.949921005629,2117,1532,1825
4454.680896856431,4454.430896856431,4454.930896856431,1544,1731,1638
4452.873464412707,4452.748464412707,4452.998464412707,2395,1420,1908
4455.422197251108,4455.297197251108,4455.547197251108,1168,1039,1104
4451.306386890798,4451.181386890798,4451.431386890798,671,1144,908
4452.953377624316,4452.828377624316,4453.078377624316,1668,1207,1438
4452.150734219804,4452.025734219804,4452.275734219804,1187,2474,1831
4453.237308676005,4452.862308676005,4453.612308676005,2628,1131,1880
4453.923582088933,4453.798582088933,4454.048582088933,567,1618,1093
4455.111955608404,4454.861955608404,4455.361955608404,1638,1169,1404
4453.251861854918,4453.126861854918,4453.376861854918,709,966,838
4456.264492549136,4456.139492549136,4456.389492549136,2612,1211,1912
4459.748962539397,4459.373962539397,4460.123962539397,1489,1768,1629
4457.055109372937,4456.805109372937,4457.305109372937,1557,1900,1729
4455.218676132399,4455.093676132399,4455.343676132399,691,1430,1061
4453.99047834274,4453.74047834274,4454.24047834274,1180,429,805
4453.639039083274,4453.514039083274,4453.764039083274,994,1701,1348
4455.153573419931,4454.903573419931,4455.403573419931,1823,1804,1814
4461.150621670066,4460.900621670066,4461.400621670066,1482,2001,1742
4459.518473464844,4459.268473464844,4459.768473464844,2336,1191,1764
4460.719245960849,4460.469245960849,4460.969245960849,1187,1062,1125
4458.2263151633315,4458.1013151633315,4458.3513151633315,2113,1706,1910
4458.405716220829,4458.280716220829,4458.530716220829,768,1485,1127
4463.272905186788,4463.147905186788,4463.397905186788,1166,519,843
4458.638029344063,4458.513029344063,4458.763029344063,978,1189,1084
4461.150044274743,4461.025044274743,4461.275044274743,1447,2456,1952
4464.070732381209,4463.945732381209,4464.195732381209,1478,787,1133
4464.134343763688,4464.009343763688,4464.259343763688,763,2158,1461
4464.856273524851,4464.731273524851,4464.981273524851,1139,1334,1237
4468.855931735754,4468.730931735754,4468.980931735754,1840,755,1298
4466.188940110439,4465.813940110439,4466.563940110439,1288,2323,1806
4470.011289888885,4469.886289888885,4470.136289888885,1332,571,952
4465.065749815027,4464.940749815027,4465.190749815027,2264,1385,1825
4464.512195492803,4464.262195492803,4464.762195492803,1354,2429,1892
4463.502496944082,4463.377496944082,4463.627496944082,1234,1839,1537
4458.323139511135,4458.198139511135,4458.448139511135,1702,2243,1973
4459.170607671895,4458.795607671895,4459.545607671895,905,1598,1252
4455.232836078962,4455.107836078962,4455.357836078962,851,1046,949
4457.200946795636,4456.825946795636,4457.575946795636,1696,1047,1372
4459.493195603809,4459.243195603809,4459.743195603809,2204,1587,1896
4454.997526558988,4454.872526558988,4455.122526558988,649,1458,1054
4453.103129645277,4452.978129645277,4453.228129645277,1267,778,1023
4458.377585556057,4458.252585556057,4458.502585556057,1518,753,1136
4459.498571961719,4459.373571961719,4459.623571961719,2015,1300,1658
4461.437900042908,4461.312900042908,4461.562900042908,943,2448,1696
4463.043390765745,4462.668390765745,4463.418390765745,1215,1420,1318
4464.572593903338,4464.447593903338,4464.697593903338,2056,767,1412
4461.293597074511,4461.168597074511,4461.418597074511,829,1682,1256
4460.086010112634,4459.711010112634,4460.461010112634,1098,1401,1250
4461.503108586087,4461.378108586087,4461.628108586087,2225,1184,1705
4460.3674650602015,4460.2424650602015,4460.4924650602015,2192,785,1489
4463.042463082569,4462.792463082569,4463.292463082569,2201,1762,1982
4467.394913977609,4467.144913977609,4467.644913977609,1062,1267,1165
4468.271988878769,4468.146988878769,4468.396988878769,917,1266,1092
4467.908931903315,4467.783931903315,4468.033931903315,579,1182,881
4467.670443203231,4467.545443203231,4467.795443203231,1729,1642,1686
4473.654764030419,4473.279764030419,4474.029764030419,1065,1910,1488
4474.959236202487,4474.834236202487,4475.084236202487,1643,1156,1400
4474.45826055612,4474.33326055612,4474.58326055612,851,1208,1030
4474.204802255474,4473.829802255474,4474.579802255474,1370,2365,1868
4473.998469340866,4473.873469340866,4474.123469340866,829,1236,1033
4473.175638303711,4472.925638303711,4473.425638303711,1447,2284,1866
4472.530248725505,4472.280248725505,4472.780248725505,1277,918,1098
4472.501690552843,4472.376690552843,4472.626690552843,2180,923,1552
4472.657294578421,4472.532294578421,4472.782294578421,1559,2282,1921
4473.948495616317,4473.698495616317,4474.198495616317,1595,2200,1898
4473.605335116614,4473.480335116614,4473.730335116614,597,1202,900
4476.772831095896,4476.647831095896,4476.897831095896,2118,1323,1721
4479.921502721052,4479.671502721052,4480.171502721052,1918,1969,1944
4480.064120171365,4479.939120171365,4480.189120171365,820,1127,974
4478.997186582762,4478.747186582762,4479.247186582762,1762,1261,1512
4476.998732920704,4476.873732920704,4477.123732920704,2020,1687,1854
4476.289605224797,4475.914605224797,4476.664605224797,2029,980,1505
4475.243874412251,4475.118874412251,4475.368874412251,2223,1484,1854
4474.049166053209,4473.799166053209,4474.299166053209,701,1090,896
4474.913073037934,4474.788073037934,4475.038073037934,1109,870,990
4472.035709855912,4471.785709855912,4472.285709855912,1337,1280,1309
4472.398050818991,4472.273050818991,4472.523050818991,1441,604,1023
4475.348361896182,4474.973361896182,4475.723361896182,1181,1242,1212
4476.560734267503,4476.435734267503,4476.685734267503,1385,1042,1214
4475.846299762526,4475.721299762526,4475.971299762526,538,1369,954
4477.08234608804,4476.83234608804,4477.33234608804,1004,2415,1710
4479.607142412231,4479.482142412231,4479.732142412231,2751,1150,1951
4478.62220248821,4478.49720248821,4478.74720248821,1743,1418,1581
4480.43441093513,4480.05941093513,4480.80941093513,954,1393,1174
4481.221483092849,4480.971483092849,4481.471483092849,987,758,873
4475.412831801323,4475.287831801323,4475.537831801323,2202,885,1544
4479.934597039752,4479.809597039752,4480.059597039752,2072,1401,1737
4475.884873624086,4475.759873624086,4476.009873624086,1116,1745,1431
4476.674829307088,4476.549829307088,4476.799829307088,1084,1505,1295
4477.00187514541,4476.87687514541,4477.12687514541,2269,1166,1718
4479.095073119096,4478.970073119096,4479.220073119096,1291,598,945
4480.176621115904,4480.051621115904,4480.301621115904,1051,1356,1204
4482.18452883704,4482.05952883704,4482.30952883704,830,1655,1243
4482.796597555779,4482.546597555779,4483.046597555779,2088,1581,1835
4482.877338145857,4482.752338145857,4483.002338145857,730,1229,980
4484.507712148384,4484.382712148384,4484.632712148384,2359,1176,1768
4486.152974688858,4486.027974688858,4486.277974688858,1449,1788,1619
4490.964884375869,4490.714884375869,4491.214884375869,1032,2381,1707
4495.580970815222,4495.455970815222,4495.705970815222,1479,1758,1619
4496.273972436256,4496.148972436256,4496.398972436256,2724,923,1824
4493.748300629097,4493.623300629097,4493.873300629097,1467,1136,1302
4493.184760860054,4492.934760860054,4493.434760860054,2399,1120,1760
4494.289293695304,4493.914293695304,4494.664293695304,2343,1238,1791
4494.498991643907,4494.373991643907,4494.623991643907,1763,1488,1626
4498.4986070490995,4498.2486070490995,4498.7486070490995,2741,1074,1908
4500.821230961034,4500.571230961034,4501.071230961034,1079,1608,1344
4505.446525048012,4505.196525048012,4505.696525048012,1162,491,827
4512.789752499916,4512.539752499916,4513.039752499916,959,1240,1100
4522.103218357198,4521.853218357198,4522.353218357198,2138,1219,1679
4517.338066516173,4517.213066516173,4517.463066516173,2288,1389,1839
4523.824063866358,4523.699063866358,4523.949063866358,545,1456,1001
4522.663447041792,4522.413447041792,4522.913447041792,753,1982,1368
4516.683378924303,4516.308378924303,4517.058378924303,1242,1043,1143
4514.718705606451,4514.468705606451,4514.968705606451,611,1052,832
4517.911365381465,4517.536365381465,4518.286365381465,1425,1718,1572
4520.294065893909,4520.169065893909,4520.419065893909,1361,2158,1760
4526.169181238599,4526.044181238599,4526.294181238599,1552,775,1164
4533.153088255217,4533.028088255217,4533.278088255217,1879,1254,1567
4530.654657888436,4530.529657888436,4530.779657888436,622,1111,867
4530.501384815285,4530.251384815285,4530.751384815285,1614,1631,1623
4526.474191399595,4526.224191399595,4526.724191399595,2617,1168,1893
4522.660077837113,4522.535077837113,4522.785077837113,2110,1461,1786
4517.224341335612,4517.099341335612,4517.349341335612,1362,799,1081
4515.218538685673,4515.093538685673,4515.343538685673,2355,958,1657
4516.558578210686,4516.183578210686,4516.933578210686,1522,763,1143
4519.401996873078,4519.276996873078,4519.526996873078,694,1751,1223
4516.15887720493,4515.78387720493,4516.53387720493,639,1332,986
4512.844567397064,4512.719567397064,4512.969567397064,968,2033,1501
4515.7228154550085,4515.5978154550085,4515.8478154550085,1638,1957,1798
4513.927114806548,4513.677114806548,4514.177114806548,2058,1011,1535
4511.57124212291,4511.44624212291,4511.69624212291,2003,1786,1895
4519.003476007838,4518.753476007838,4519.253476007838,1348,1965,1657
4513.439587829559,4513.064587829559,4513.814587829559,1769,1554,1662
4508.777365933996,4508.527365933996,4509.027365933996,1155,1908,1532
4516.313603839759,4516.063603839759,4516.563603839759,1028,1903,1466
4513.358181531392,4513.108181531392,4513.608181531392,933,2010,1472
4508.003269782947,4507.628269782947,4508.378269782947,2544,1357,1951
4509.5174046301045,4509.3924046301045,4509.6424046301045,766,1523,1145
4506.922409734959,4506.672409734959,4507.172409734959,1402,2553,1978
4510.267778593875,4510.142778593875,4510.392778593875,968,2451,1710
4501.6652878087225,4501.4152878087225,4501.9152878087225,1035,714,875
4500.799992832976,4500.674992832976,4500.924992832976,1398,2397,1898
4498.976880676749,4498.851880676749,4499.101880676749,2418,1201,1810
4500.95038475643,4500.82538475643,4501.07538475643,1142,1883,1513
4501.936422955166,4501.811422955166,4502.061422955166,2133,1780,1957
4509.303984344684,4509.178984344684,4509.428984344684,984,1731,1358
4506.291612424197,4506.166612424197,4506.416612424197,1218,2175,1697
4508.710702288265,4508.585702288265,4508.835702288265,1454,1765,1610
4514.044097264938,4513.919097264938,4514.169097264938,993,768,881
4514.459656503804,4514.209656503804,4514.709656503804,1531,1386,1459
4521.1184912606095,4520.9934912606095,4521.2434912606095,786,959,873
4518.919302500466,4518.794302500466,4519.044302500466,1208,1113,1161
4527.6562319505565,4527.5312319505565,4527.7812319505565,1606,623,1115
4534.097865077073,4533.847865077073,4534.347865077073,1028,1945,1487
4532.225400092441,4531.975400092441,4532.475400092441,2080,971,1526
4523.229214535629,4522.979214535629,4523.479214535629,2104,925,1515
4528.477420143303,4528.352420143303,4528.602420143303,608,1271,940
4532.625434033938,4532.500434033938,4532.750434033938,1749,1998,1874
4538.317919257287,4538.192919257287,4538.442919257287,1469,1562,1516
4536.5353717396565,4536.4103717396565,4536.6603717396565,2245,1496,1871
4532.131598962629,4531.756598962629,4532.506598962629,824,1149,987
4531.8105821240115,4531.4355821240115,4532.1855821240115,1653,926,1290
4527.615893889518,4527.490893889518,4527.740893889518,1189,450,820
4522.830173563421,4522.580173563421,4523.080173563421,1333,1250,1292
4523.935741730275,4523.685741730275,4524.185741730275,1515,928,1222
4529.878288612644,4529.753288612644,4530.003288612644,812,1613,1213
4530.993742159438,4530.743742159438,4531.243742159438,786,827,807
4528.494319719753,4528.369319719753,4528.619319719753,1266,551,909
4524.874346632226,4524.624346632226,4525.124346632226,952,1985,1469
4525.402141308555,4525.277141308555,4525.527141308555,461,1190,826
4529.588711040134,4529.213711040134,4529.963711040134,785,1636,1211
4532.247429651208,4532.122429651208,4532.372429651208,1551,1708,1630
4534.457456143917,4534.082456143917,4534.832456143917,596,1463,1030
4529.709687638026,4529.584687638026,4529.834687638026,1909,970,1440
4535.822283677917,4535.697283677917,4535.947283677917,2632,1197,1915
4537.968901722898,4537.843901722898,4538.093901722898,1428,1003,1216
4540.591734623123,4540.466734623123,4540.716734623123,1643,1764,1704
4540.332555524733,4540.207555524733,4540.457555524733,2061,1236,1649
4541.052047359239,4540.927047359239,4541.177047359239,1153,742,948
4542.567177543036,4542.442177543036,4542.692177543036,2625,938,1782
4532.786903359353,4532.661903359353,4532.911903359353,1172,1939,1556
4526.756313841378,4526.631313841378,4526.881313841378,755,1374,1065
4524.281680037637,4524.156680037637,4524.406680037637,1882,1995,1939
4526.533677955404,4526.408677955404,4526.658677955404,2042,1611,1827
4521.79793188569,4521.67293188569,4521.92293188569,1348,961,1155
4518.232998928521,4517.857998928521,4518.607998928521,1185,1748,1467
4513.668724928859,4513.543724928859,4513.793724928859,2407,888,1648
4505.877586684187,4505.752586684187,4506.002586684187,1109,990,1050
4513.745393969264,4513.620393969264,4513.870393969264,1446,1107,1277
4511.277993620234,4511.152993620234,4511.402993620234,1906,765,1336
4509.031387424362,4508.656387424362,4509.406387424362,1282,1661,1472
4514.013977480085,4513.763977480085,4514.263977480085,1617,1904,1761
4507.535216775249,4507.285216775249,4507.785216775249,1059,1088,1074
4509.525667621392,4509.400667621392,4509.650667621392,2054,927,1491
4509.451392396882,4509.076392396882,4509.826392396882,1390,2593,1992
4510.421905539781,4510.046905539781,4510.796905539781,1332,955,1144
4509.925438437986,4509.675438437986,4510.175438437986,2884,1081,1983
4522.10437001514,4521.85437001514,4522.35437001514,1310,689,1000
4523.938770333881,4523.688770333881,4524.188770333881,1106,2579,1843
4530.239008214351,4530.114008214351,4530.364008214351,558,1561,1060
4528.219752444684,4527.969752444684,4528.469752444684,873,1302,1088
4534.70637215822,4534.45637215822,4534.95637215822,981,2122,1552
4537.780688161563,4537.655688161563,4537.905688161563,1587,1168,1378
4533.560155610334,4533.310155610334,4533.810155610334,1110,1113,1112
4526.718425930997,4526.593425930997,4526.843425930997,1139,1334,1237
4522.417358480844,4522.292358480844,4522.542358480844,2395,1456,1926
4515.632611981691,4515.382611981691,4515.882611981691,505,1316,911
4513.876535449152,4513.626535449152,4514.126535449152,1103,1960,1532
4514.549231494372,4514.424231494372,4514.674231494372,928,817,873
4511.569428843807,4511.444428843807,4511.694428843807,1619,904,1262
4513.823305561083,4513.573305561083,4514.073305561083,1495,608,1052
4514.563750529536,4514.438750529536,4514.688750529536,793,1198,996
4521.272982125459,4521.022982125459,4521.522982125459,1526,1833,1680
4519.89634324616,4519.77134324616,4520.02134324616,1267,1458,1363
4526.541476808538,4526.416476808538,4526.666476808538,2479,1206,1843
4527.625811971608,4527.500811971608,4527.750811971608,998,629,814
4525.842145456129,4525.717145456129,4525.967145456129,1393,1694,1544
4526.369037740117,4526.244037740117,4526.494037740117,773,1086,930
4533.657645089643,4533.407645089643,4533.907645089643,988,2709,1849
4541.829716223057,4541.704716223057,4541.954716223057,1063,2828,1946
4548.847184370806,4548.722184370806,4548.972184370806,947,2100,1524
4546.345354371023,4546.220354371023,4546.470354371023,1430,2069,1750
4533.22063210392,4533.09563210392,4533.34563210392,1037,900,969
4534.463673953501,4534.338673953501,4534.588673953501,1523,606,1065
4527.2744143415475,4527.0244143415475,4527.5244143415475,1640,663,1152
4524.039385147521,4523.914385147521,4524.164385147521,2035,746,1391
4523.780643545401,4523.655643545401,4523.905643545401,1516,535,1026
4527.023491402482,4526.898491402482,4527.148491402482,1027,2178,1603
4530.405398934658,4530.280398934658,4530.530398934658,2136,1245,1691
4528.2705769098875,4528.0205769098875,4528.5205769098875,457,1338,898
4523.990783314651,4523.865783314651,4524.115783314651,2086,715,1401
4524.78688999413,4524.53688999413,4525.03688999413,727,1894,1311
4521.235074589817,4521.110074589817,4521.360074589817,1823,2152,1988
4519.831806073065,4519.456806073065,4520.206806073065,811,840,826
4522.796840144775,4522.546840144775,4523.046840144775,1345,1726,1536
4523.717913937451,4523.592913937451,4523.842913937451,1007,1548,1278
4526.528287929977,4526.278287929977,4526.778287929977,1023,2880,1952
4524.76548996574,4524.64048996574,4524.89048996574,1889,894,1392
4526.075204503029,4525.950204503029,4526.200204503029,1491,1800,1646
4522.917897399027,4522.792897399027,4523.042897399027,851,1440,1146
4527.008774088253,4526.883774088253,4527.133774088253,2745,1138,1942
4528.240144202572,4528.115144202572,4528.365144202572,1013,946,980
4539.295167949947,4539.045167949947,4539.545167949947,1054,1339,1197
4538.0244423184595,4537.7744423184595,4538.2744423184595,1347,1598,1473
4542.981302073828,4542.856302073828,4543.106302073828,753,1136,945
4545.883025959569,4545.633025959569,4546.133025959569,1351,904,1128
4543.934665692816,4543.684665692816,4544.184665692816,2599,1094,1847
4539.834969237708,4539.584969237708,4540.084969237708,1607,1848,1728
4541.407452083089,4541.157452083089,4541.657452083089,791,1692,1242
4544.225827824524,4543.850827824524,4544.600827824524,1003,2182,1593
4542.559863094637,4542.434863094637,4542.684863094637,1658,1053,1356
4542.097540105982,4541.972540105982,4542.222540105982,798,1541,1170
4535.955354190999,4535.830354190999,4536.080354190999,1327,2558,1943
4537.259147855293,4537.009147855293,4537.509147855293,1792,1807,1800
4542.709535695264,4542.584535695264,4542.834535695264,1214,1139,1177
4537.959100951337,4537.834100951337,4538.084100951337,1703,1718,1711
4540.845362817871,4540.595362817871,4541.095362817871,1235,436,836
4534.567384098468,4534.442384098468,4534.692384098468,1650,885,1268
4534.895723818369,4534.645723818369,4535.145723818369,1260,971,1116
4529.125561570633,4528.750561570633,4529.500561570633,2701,1038,1870
4537.871120670597,4537.746120670597,4537.996120670597,2214,1637,1926
4535.555266943385,4535.305266943385,4535.805266943385,2015,1508,1762
4536.450000834629,4536.325000834629,4536.575000834629,1401,1012,1207
4539.965377194455,4539.590377194455,4540.340377194455,1287,2436,1862
4549.458980857488,4549.333980857488,4549.583980857488,1905,1570,1738
4555.842436445391,4555.717436445391,4555.967436445391,2115,1076,1596
4547.198877203818,4547.073877203818,4547.323877203818,625,1774,1200
4549.120006487125,4548.870006487125,4549.370006487125,1744,1837,1791
4545.670694018146,4545.545694018146,4545.795694018146,1112,851,982
4546.346801255907,4546.221801255907,4546.471801255907,2755,990,1873
4542.355604110637,4542.105604110637,4542.605604110637,1522,1471,1497
4542.962083357364,4542.837083357364,4543.087083357364,2124,943,1534
4540.158486119384,4540.033486119384,4540.283486119384,1711,1204,1458
4538.03436629534,4537.90936629534,4538.15936629534,2207,1344,1776
4541.088508115284,4540.963508115284,4541.213508115284,1277,702,990
4541.718271763982,4541.468271763982,4541.968271763982,1521,1782,1652
4535.614027811244,4535.489027811244,4535.739027811244,1787,1238,1513
4536.769587370313,4536.644587370313,4536.894587370313,2013,1812,1913
4530.937634800026,4530.687634800026,4531.187634800026,644,1823,1234
4527.674418295107,4527.549418295107,4527.799418295107,831,2398,1615
4521.791109834709,4521.666109834709,4521.916109834709,2094,1615,1855
4523.125676495597,4523.000676495597,4523.250676495597,854,2245,1550
4524.791340508226,4524.666340508226,4524.916340508226,1731,964,1348
4523.490126285754,4523.240126285754,4523.740126285754,1855,620,1238
4527.58289236387,4527.45789236387,4527.70789236387,1262,425,844
4529.6675022050495,4529.4175022050495,4529.9175022050495,1110,2717,1914
4532.969480067347,4532.719480067347,4533.219480067347,1899,2054,1977
4533.631053042957,4533.506053042957,4533.756053042957,1258,911,1085
4530.718017294519,4530.593017294519,4530.843017294519,1068,1419,1244
4535.558513310548,4535.308513310548,4535.808513310548,600,1667,1134
4532.898395473501,4532.773395473501,4533.023395473501,1241,508,875
4528.0969228501845,4527.9719228501845,4528.2219228501845,1406,657,1032
4526.019671363008,4525.894671363008,4526.144671363008,1310,1089,1200
4532.148513906301,4532.023513906301,4532.273513906301,1191,1136,1164
4529.963243765363,4529.838243765363,4530.088243765363,1184,2507,1846
4519.379709586687,4519.129709586687,4519.629709586687,2278,1581,1930
4519.215650630505,4519.090650630505,4519.340650630505,1318,941,1130
4516.138017051314,4515.763017051314,4516.513017051314,1310,1969,1640
4517.831308954215,4517.581308954215,4518.081308954215,1047,1372,1210
4508.668141372339,4508.418141372339,4508.918141372339,627,1114,871
4502.779534200226,4502.654534200226,4502.904534200226,2212,1333,1773
4499.75799880663,4499.50799880663,4500.00799880663,2245,1478,1862
4501.773089132471,4501.648089132471,4501.898089132471,2772,949,1861
4498.7579374548895,4498.5079374548895,4499.0079374548895,1701,1800,1751
4505.2077613083975,4505.0827613083975,4505.3327613083975,538,1079,809
4505.085880037984,4504.960880037984,4505.210880037984,1765,712,1239
4505.550379212131,4505.425379212131,4505.675379212131,1188,1433,1311
4509.463004823415,4509.338004823415,4509.588004823415,2249,1536,1893
4509.839156233716,4509.714156233716,4509.964156233716,1056,1033,1045
4507.147331425622,4506.772331425622,4507.522331425622,847,2320,1584
4504.5423564899975,4504.2923564899975,4504.7923564899975,1152,1203,1178
4504.844177227156,4504.469177227156,4505.219177227156,1012,1941,1477
4508.903480615052,4508.778480615052,4509.028480615052,1532,2365,1949
4511.529251384939,4511.404251384939,4511.654251384939,1303,450,877
4498.5207746388205,4498.3957746388205,4498.6457746388205,1908,807,1358
4496.478540802408,4496.228540802408,4496.728540802408,1332,625,979
4497.774470405878,4497.649470405878,4497.899470405878,2613,1044,1829
4491.525672406384,4491.150672406384,4491.900672406384,1075,1330,1203
4493.645003721594,4493.395003721594,4493.895003721594,1805,1162,1484
4496.7774152254815,4496.6524152254815,4496.9024152254815,1269,1510,1390
4495.438295100067,4495.313295100067,4495.563295100067,635,1816,1226
4493.150255416362,4492.775255416362,4493.525255416362,1612,1961,1787
4494.588221357875,4494.463221357875,4494.713221357875,1113,548,831
4502.4233802467015,4502.2983802467015,4502.5483802467015,1223,864,1044
4497.6375341395515,4497.3875341395515,4497.8875341395515,1516,1315,1416
4496.651050839989,4496.276050839989,4497.026050839989,993,1082,1038
4501.232113513341,4501.107113513341,4501.357113513341,1353,2556,1955
4503.252234661315,4503.127234661315,4503.377234661315,2400,843,1622
4507.031480082287,4506.906480082287,4507.156480082287,1125,2036,1581
4505.433613078438,4505.308613078438,4505.558613078438,1169,544,857
4502.150901745604,4501.900901745604,4502.400901745604,1169,1262,1216
4502.874194682829,4502.499194682829,4503.249194682829,2061,1288,1675
4502.456877343227,4502.331877343227,4502.581877343227,1124,789,957
4506.24543205171,4506.12043205171,4506.37043205171,940,1157,1049
4511.541853901118,4511.416853901118,4511.666853901118,499,1446,973
4511.211406980882,4511.086406980882,4511.336406980882,1418,1607,1513
4517.051787513901,4516.801787513901,4517.301787513901,2811,938,1875
4516.233838430698,4515.983838430698,4516.483838430698,1634,1851,1743
4517.379283966278,4517.254283966278,4517.504283966278,1393,680,1037
4524.724452140641,4524.599452140641,4524.849452140641,2111,998,1555
4521.470078281852,4521.220078281852,4521.720078281852,898,1851,1375
4520.095575357039,4519.845575357039,4520.345575357039,1224,1769,1497
4521.909393799905,4521.784393799905,4522.034393799905,2461,1032,1747
4519.682436903704,4519.557436903704,4519.807436903704,1805,1772,1789
4516.224217476314,4516.099217476314,4516.349217476314,1444,1467,1456
4517.194798517229,4517.069798517229,4517.319798517229,1312,459,886
4521.057420987028,4520.807420987028,4521.307420987028,2578,1121,1850
4524.810184830615,4524.685184830615,4524.935184830615,905,966,936
4522.9488707525015,4522.8238707525015,4523.0738707525015,1034,1781,1408
4521.6596066960665,4521.4096066960665,4521.9096066960665,1951,780,1366
4516.033463514904,4515.908463514904,4516.158463514904,898,2065,1482
4518.333719256023,4518.083719256023,4518.583719256023,1054,1577,1316
4516.213620304161,4516.088620304161,4516.338620304161,2606,901,1754
4514.167533310198,4513.792533310198,4514.542533310198,1760,717,1239
4515.283632164916,4515.158632164916,4515.408632164916,1113,752,933
4518.290584529636,4518.165584529636,4518.415584529636,1284,2039,1662
4522.563279474432,4522.438279474432,4522.688279474432,1349,660,1005
4524.456725773208,4524.206725773208,4524.706725773208,1697,590,1144
4519.203418601612,4519.078418601612,4519.328418601612,1290,2081,1686
4519.81371868956,4519.56371868956,4520.06371868956,1313,2522,1918
4520.041500137084,4519.916500137084,4520.166500137084,636,1877,1257
4524.673154039357,4524.548154039357,4524.798154039357,2107,1762,1935
4527.810767163761,4527.685767163761,4527.935767163761,1386,2435,1911
4528.242392924856,4528.117392924856,4528.367392924856,2693,974,1834
4519.780385029154,4519.655385029154,4519.905385029154,1398,1967,1683
4518.471822893174,4518.221822893174,4518.721822893174,1992,723,1358
4519.650414190674,4519.400414190674,4519.900414190674,1254,1147,1201
4517.121238754406,4516.996238754406,4517.246238754406,1703,574,1139
4501.160209079039,4500.910209079039,4501.410209079039,1275,540,908
4500.117534428404,4499.992534428404,4500.242534428404,766,2017,1392
4493.228503107518,4493.103503107518,4493.353503107518,2123,1552,1838
4498.868836370182,4498.743836370182,4498.993836370182,677,1384,1031
4500.687663212671,4500.562663212671,4500.812663212671,1145,1890,1518
4489.224770328623,4489.099770328623,4489.349770328623,2072,985,1529
4491.803281154616,4491.553281154616,4492.053281154616,1220,2543,1882
4493.960684492267,4493.585684492267,4494.335684492267,1555,1388,1472
4495.270811828965,4495.145811828965,4495.395811828965,1726,1603,1665
4494.031322053525,4493.906322053525,4494.156322053525,1868,1665,1767
4498.610265540195,4498.485265540195,4498.735265540195,491,1244,868
4494.117719929135,4493.992719929135,4494.242719929135,1371,2100,1736
4502.775766580809,4502.525766580809,4503.025766580809,1066,1803,1435
4500.237584996262,4499.987584996262,4500.487584996262,1286,1901,1594
4504.3419290915745,4503.9669290915745,4504.7169290915745,771,1428,1100
4500.417445439396,4500.292445439396,4500.542445439396,1386,1229,1308
4499.100050784402,4498.850050784402,4499.350050784402,486,1219,853
4501.943356616893,4501.818356616893,4502.068356616893,1662,2015,1839
4496.7275505935,4496.6025505935,4496.8525505935,1011,1142,1077
4495.025406396726,4494.900406396726,4495.150406396726,990,2549,1770
4492.132978604154,4492.007978604154,4492.257978604154,1808,1403,1606
4496.122935534033,4495.997935534033,4496.247935534033,2730,1237,1984
4495.649696679507,4495.399696679507,4495.899696679507,2023,1726,1875
4497.2963594531275,4497.0463594531275,4497.5463594531275,1290,1637,1464
4496.964705823781,4496.589705823781,4497.339705823781,911,2040,1476
4493.0534111345705,4492.9284111345705,4493.1784111345705,1868,675,1272
4494.343898650188,4494.218898650188,4494.468898650188,919,1798,1359
4492.793544748154,4492.543544748154,4493.043544748154,1669,1878,1774
4492.879960134961,4492.629960134961,4493.129960134961,569,1074,822
4493.820798793136,4493.695798793136,4493.945798793136,1516,2271,1894
4493.653952366697,4493.403952366697,4493.903952366697,2210,839,1525
4485.261294460596,4485.136294460596,4485.386294460596,1824,1679,1752
4485.587030049202,4485.337030049202,4485.837030049202,1250,1037,1144
4484.450381794736,4484.325381794736,4484.575381794736,832,1047,940
4481.219370899918,4481.094370899918,4481.344370899918,1086,685,886
4483.889990722213,4483.764990722213,4484.014990722213,984,1625,1305
4481.956714159993,4481.706714159993,4482.206714159993,1204,843,1024
4491.030625047829,4490.905625047829,4491.155625047829,656,1183,920
4490.488313551484,4490.363313551484,4490.613313551484,735,1066,901
4489.827254779404,4489.577254779404,4490.077254779404,1459,2106,1783
4490.81328267765,4490.68828267765,4490.93828267765,1591,1082,1337
4490.830501303066,4490.580501303066,4491.080501303066,1715,948,1332
4491.411244259615,4491.286244259615,4491.536244259615,630,1821,1226
4498.59433949588,4498.46933949588,4498.71933949588,1336,2605,1971
4494.928598967943,4494.803598967943,4495.053598967943,1328,1231,1280
4501.224780371075,4500.974780371075,4501.474780371075,929,2230,1580
4494.253243197236,4493.878243197236,4494.628243197236,2119,820,1470
4493.144999370409,4493.019999370409,4493.269999370409,1956,955,1456
4488.108804714314,4487.983804714314,4488.233804714314,814,2259,1537
4488.759980599711,4488.634980599711,4488.884980599711,1155,2184,1670
4486.984601277556,4486.859601277556,4487.109601277556,1607,924,1266
4487.234981710786,4486.984981710786,4487.484981710786,2081,754,1418
4491.3493731159315,4491.0993731159315,4491.5993731159315,1617,1482,1550
4500.884740445669,4500.634740445669,4501.134740445669,708,1921,1315
4502.82829977444,4502.70329977444,4502.95329977444,1630,1333,1482
4504.711614270126,4504.461614270126,4504.961614270126,942,2513,1728
4495.6618081861425,4495.5368081861425,4495.7868081861425,977,1250,1114
4487.143855139055,4487.018855139055,4487.268855139055,1798,1103,1451
4484.185106915012,4484.060106915012,4484.310106915012,1142,1311,1227
4485.261898700131,4485.136898700131,4485.386898700131,1515,2348,1932
4486.592937195682,4486.342937195682,4486.842937195682,1902,679,1291
4492.502266505374,4492.377266505374,4492.627266505374,2011,1898,1955
4494.690375127741,4494.440375127741,4494.940375127741,1126,2373,1750
4497.729795347585,4497.354795347585,4498.104795347585,1645,1762,1704
4500.293456761599,4500.168456761599,4500.418456761599,1229,2700,1965
4496.08655823553,4495.83655823553,4496.33655823553,987,1394,1191
4496.650356649102,4496.525356649102,4496.775356649102,1877,1188,1533
4491.805708526128,4491.680708526128,4491.930708526128,1607,876,1242
4489.680202092122,4489.555202092122,4489.805202092122,2142,1521,1832
4490.483812876055,4490.358812876055,4490.608812876055,1197,2624,1911
4484.33618205206,4484.21118205206,4484.46118205206,1082,1591,1337
4492.582896005773,4492.332896005773,4492.832896005773,1811,1260,1536
4493.8139814237165,4493.6889814237165,4493.9389814237165,1565,1076,1321
4494.690362311034,4494.565362311034,4494.815362311034,873,1886,1380
4487.660509526488,4487.410509526488,4487.910509526488,1226,915,1071
4487.034404683646,4486.909404683646,4487.159404683646,1478,827,1153
4487.5837720354775,4487.2087720354775,4487.9587720354775,1013,1814,1414
4486.71085764998,4486.58585764998,4486.83585764998,1266,2491,1879
4488.208763330902,4488.083763330902,4488.333763330902,1296,2597,1947
4494.352250552256,4494.227250552256,4494.477250552256,963,736,850
4495.434324386648,4495.309324386648,4495.559324386648,1579,1776,1678
4503.3066966137685,4502.9316966137685,4503.6816966137685,1860,1829,1845
4502.06639372171,4501.69139372171,4502.44139372171,1334,491,913
4506.027505555999,4505.777505555999,4506.277505555999,561,1636,1099
4506.185055142851,4505.935055142851,4506.435055142851,1680,2109,1895
4503.813136963417,4503.688136963417,4503.938136963417,1206,965,1086
4501.083632093309,4500.958632093309,4501.208632093309,2889,1028,1959
4495.349218330005,4495.224218330005,4495.474218330005,1658,1747,1703
4496.573641789868,4496.323641789868,4496.823641789868,1810,967,1389
4488.932872665372,4488.807872665372,4489.057872665372,1121,830,976
4487.419345346042,4487.294345346042,4487.544345346042,1511,2298,1905
4486.235904455426,4485.985904455426,4486.485904455426,1252,497,875
4483.1844668119575,4482.9344668119575,4483.4344668119575,819,860,840
4483.519215416945,4483.269215416945,4483.769215416945,696,1571,1134
4491.174198927358,4490.799198927358,4491.549198927358,1781,1362,1572
4497.057985395808,4496.932985395808,4497.182985395808,1026,1871,1449
4500.141137862535,4500.016137862535,4500.266137862535,827,838,833
4501.047698447687,4500.922698447687,4501.172698447687,1253,1732,1493
4498.212564848673,4498.087564848673,4498.337564848673,1210,1483,1347
4494.988470237822,4494.863470237822,4495.113470237822,2091,830,1461
4504.581708056008,4504.456708056008,4504.706708056008,1407,2014,1711
4503.796535237572,4503.546535237572,4504.046535237572,1364,1141,1253
4508.066965686921,4507.941965686921,4508.191965686921,736,1521,1129
4511.639380665078,4511.389380665078,4511.889380665078,2000,1587,1794
4511.685088889854,4511.560088889854,4511.810088889854,1549,802,1176
4508.626703092416,4508.376703092416,4508.876703092416,1011,1922,1467
4509.236236657415,4508.861236657415,4509.611236657415,1266,551,909
4507.268263475475,4507.018263475475,4507.518263475475,1036,977,1007
4506.2388948426205,4505.8638948426205,4506.6138948426205,2350,1573,1962
4506.705019999167,4506.455019999167,4506.955019999167,1321,1528,1425
4497.920765888726,4497.795765888726,4498.045765888726,871,750,811
4490.999885607912,4490.874885607912,4491.124885607912,1129,2494,1812
4488.2396565002855,4488.1146565002855,4488.3646565002855,755,1026,891
4484.48429571261,4484.23429571261,4484.73429571261,1641,964,1303
4483.706426075691,4483.581426075691,4483.831426075691,1352,1361,1357
4482.157094923493,4482.032094923493,4482.282094923493,1449,1438,1444
4480.087515741193,4479.837515741193,4480.337515741193,2024,1117,1571
4475.591247571177,4475.466247571177,4475.716247571177,1651,1114,1383
4474.163266099595,4473.913266099595,4474.413266099595,847,980,914
4477.164706436593,4476.789706436593,4477.539706436593,750,2035,1393
4472.974472947455,4472.724472947455,4473.224472947455,2319,1594,1957
4471.644831250796,4471.519831250796,4471.769831250796,2264,777,1521
4474.989744814968,4474.614744814968,4475.364744814968,2202,1485,1844
4468.337068200566,4468.212068200566,4468.462068200566,2532,1173,1853
4468.403220471116,4468.278220471116,4468.528220471116,589,1394,992
4466.314745065468,4466.189745065468,4466.439745065468,2420,1491,1956
4467.310623412475,4467.185623412475,4467.435623412475,773,1384,1079
4468.002315052546,4467.752315052546,4468.252315052546,1581,1716,1649
4473.238169182342,4473.113169182342,4473.363169182342,1792,1339,1566
4480.275825144124,4480.150825144124,4480.400825144124,2659,1050,1855
4479.430312764618,4479.180312764618,4479.680312764618,1115,540,828
4479.3928432997545,4479.2678432997545,4479.5178432997545,853,1374,1114
4473.117161124549,4472.867161124549,4473.367161124549,1253,542,898
4474.346997320668,4474.221997320668,4474.471997320668,960,1853,1407
4464.798937735755,4464.423937735755,4465.173937735755,1397,1664,1531
4472.135264990354,4472.010264990354,4472.260264990354,1412,1955,1684
4469.44132573807,4469.31632573807,4469.56632573807,1083,836,960
4471.286040468887,4471.161040468887,4471.411040468887,578,1471,1025
4465.8335177293275,4465.5835177293275,4466.0835177293275,1474,621,1048
4473.738044785518,4473.363044785518,4474.113044785518,1196,1191,1194
4472.121655935605,4471.996655935605,4472.246655935605,2403,848,1626
4461.782814405966,4461.532814405966,4462.032814405966,1153,1530,1342
4468.188084469533,4468.063084469533,4468.313084469533,841,1780,1311
4466.692193402954,4466.567193402954,4466.817193402954,904,1219,1062
4470.990987454762,4470.740987454762,4471.240987454762,1008,799,904
4469.559465740358,4469.309465740358,4469.809465740358,1982,1055,1519
4471.421462549075,4471.296462549075,4471.546462549075,849,2082,1466
4468.842404701788,4468.717404701788,4468.967404701788,948,1269,1109
4471.131126363759,4471.006126363759,4471.256126363759,1175,2058,1617
4476.543421119275,4476.418421119275,4476.668421119275,1559,920,1240
4467.634471089854,4467.509471089854,4467.759471089854,828,1989,1409
4465.148291742691,4465.023291742691,4465.273291742691,2078,1279,1679
4471.614019641557,4471.489019641557,4471.739019641557,1295,816,1056
4478.618462908027,4478.493462908027,4478.743462908027,1489,1752,1621
4469.940925455782,4469.815925455782,4470.065925455782,881,1674,1278
4478.07371882229,4477.94871882229,4478.19871882229,462,1235,849
4479.0261704785,4478.9011704785,4479.1511704785,1326,2653,1990
4484.022825874705,4483.772825874705,4484.272825874705,1803,1788,1796
4492.0268093215445,4491.9018093215445,4492.1518093215445,2318,1605,1962
4497.459153952148,4497.334153952148,4497.584153952148,1211,2182,1697
4501.50956720777,4501.25956720777,4501.75956720777,1222,2235,1729
4506.812572560585,4506.687572560585,4506.937572560585,1153,608,881
4500.642861671729,4500.517861671729,4500.767861671729,2273,1132,1703
4491.702906324838,4491.577906324838,4491.827906324838,1187,1384,1286
4486.9001175326175,4486.6501175326175,4487.1501175326175,1631,1002,1317
4492.543978014073,4492.418978014073,4492.668978014073,1534,2239,1887
4501.51636328096,4501.39136328096,4501.64136328096,1834,711,1273
4499.09637605419,4498.97137605419,4499.22137605419,1179,780,980
4499.199912614752,4499.074912614752,4499.324912614752,748,2209,1479
4502.915208016285,4502.790208016285,4503.040208016285,1436,1365,1401
4500.405162369781,4500.280162369781,4500.530162369781,809,2234,1522
4506.975131942976,4506.850131942976,4507.100131942976,1897,1446,1672
4503.853475057844,4503.603475057844,4504.103475057844,1795,1288,1542
4508.658695534357,4508.533695534357,4508.783695534357,874,1247,1061
4506.3617853806745,4506.2367853806745,4506.4867853806745,981,2238,1610
4512.204684493595,4512.079684493595,4512.329684493595,731,1074,903
4514.22773035279,4513.97773035279,4514.47773035279,1014,865,940
4516.504966598711,4516.379966598711,4516.629966598711,609,1462,1036
4517.407792333086,4517.157792333086,4517.657792333086,1404,1251,1328
4516.732013563047,4516.482013563047,4516.982013563047,2226,1375,1801
4513.593075782266,4513.218075782266,4513.968075782266,1050,1835,1443
4515.812258282949,4515.562258282949,4516.062258282949,1541,1306,1424
4526.796321487264,4526.546321487264,4527.046321487264,1336,2393,1865
4527.10414226428,4526.97914226428,4527.22914226428,1143,1386,1265
4520.006803964708,4519.881803964708,4520.131803964708,995,1618,1307
4521.482454440177,4521.357454440177,4521.607454440177,1365,782,1074
4528.629960595236,4528.504960595236,4528.754960595236,1288,1419,1354
4523.595834676918,4523.220834676918,4523.970834676918,858,1139,999
4518.844714826145,4518.719714826145,4518.969714826145,1039,784,912
4519.7279343318605,4519.6029343318605,4519.8529343318605,2607,1100,1854
4510.727641388273,4510.602641388273,4510.852641388273,2304,1555,1930
4505.454288326806,4505.329288326806,4505.579288326806,1494,691,1093
4511.365191307394,4511.240191307394,4511.490191307394,1737,794,1266
4509.3330139588525,4509.2080139588525,4509.4580139588525,1140,2847,1994
4512.523061760417,4512.398061760417,4512.648061760417,1941,804,1373
4506.657378789611,4506.532378789611,4506.782378789611,872,2563,1718
4506.794342990952,4506.544342990952,4507.044342990952,924,837,881
4507.058515576157,4506.933515576157,4507.183515576157,1946,777,1362
4503.755329978695,4503.630329978695,4503.880329978695,1606,1673,1640
4504.356895782138,4504.231895782138,4504.481895782138,1693,610,1152
4497.840663534637,4497.715663534637,4497.965663534637,987,1088,1038
4498.762792114065,4498.387792114065,4499.137792114065,1618,703,1161
4503.411944530785,4503.286944530785,4503.536944530785,1138,761,950
4494.07941171062,4493.95441171062,4494.20441171062,2089,1794,1942
4489.479371127372,4489.354371127372,4489.604371127372,1908,2067,1988
4494.291934716908,4493.916934716908,4494.666934716908,1402,553,978
4497.814729236287,4497.564729236287,4498.064729236287,1209,2364,1787
4502.013009541281,4501.763009541281,4502.263009541281,702,1767,1235
4513.838125221868,4513.713125221868,4513.963125221868,1904,735,1320
4511.306602246011,4511.056602246011,4511.556602246011,864,1145,1005
4506.701992644212,4506.451992644212,4506.951992644212,1205,1928,1567
4507.950913104916,4507.825913104916,4508.075913104916,1894,1863,1879
4503.20282023192,4502.95282023192,4503.45282023192,2130,751,1441
4500.977781078623,4500.852781078623,4501.102781078623,1210,921,1066
4499.471676030272,4499.221676030272,4499.721676030272,1302,1465,1384
4497.359453705038,4497.234453705038,4497.484453705038,2150,729,1440
4491.64820682943,4491.52320682943,4491.77320682943,1828,1839,1834
4494.911951451191,4494.786951451191,4495.036951451191,814,2153,1484
4494.601585762366,4494.476585762366,4494.726585762366,1230,1523,1377
4505.70646444557,4505.45646444557,4505.95646444557,451,1164,808
4507.226221559724,4506.976221559724,4507.476221559724,1094,1863,1479
4512.222425534043,4511.972425534043,4512.472425534043,1406,477,942
4508.114114700464,4507.864114700464,4508.364114700464,1421,1554,1488
4500.806119046335,4500.681119046335,4500.931119046335,1441,732,1087
4504.059647834524,4503.684647834524,4504.434647834524,599,1008,804
4499.283458970913,4499.033458970913,4499.533458970913,2611,1370,1991
4496.812559633891,4496.687559633891,4496.937559633891,950,1865,1408
4493.76312541995,4493.38812541995,4494.13812541995,997,1216,1107
4489.44655871554,4489.19655871554,4489.69655871554,613,1222,918
4484.589628947668,4484.339628947668,4484.839628947668,1455,500,978
4484.1640696293225,4484.0390696293225,4484.2890696293225,2433,1172,1803
4481.382243805906,4481.132243805906,4481.632243805906,1496,2453,1975
4491.298838421397,4491.048838421397,4491.548838421397,1273,940,1107
4484.797779053513,4484.672779053513,4484.922779053513,1050,1619,1335
4491.683299921948,4491.433299921948,4491.933299921948,851,894,873
4490.723328327086,4490.598328327086,4490.848328327086,1982,1579,1781
4494.324778793358,4494.199778793358,4494.449778793358,847,1662,1255
4493.643140993413,4493.268140993413,4494.018140993413,798,837,818
4487.741400938032,4487.491400938032,4487.991400938032,1066,553,810
4491.538370829924,4491.288370829924,4491.788370829924,1471,1686,1579
4499.2520647931315,4499.1270647931315,4499.3770647931315,2292,1679,1986
4498.986822588798,4498.861822588798,4499.111822588798,522,1417,970
4494.7344456753835,4494.6094456753835,4494.8594456753835,1945,780,1363
4499.314917943297,4499.189917943297,4499.439917943297,2020,1741,1881
4502.804288466735,4502.679288466735,4502.929288466735,2108,1367,1738
4494.423642183549,4494.298642183549,4494.548642183549,1193,2010,1602
4496.226716274962,4496.101716274962,4496.351716274962,858,1621,1240
4498.628811747972,4498.378811747972,4498.878811747972,969,2072,1521
4496.884237745272,4496.759237745272,4497.009237745272,1860,677,1269
4516.15837315789,4516.03337315789,4516.28337315789,1330,647,989
4514.186443125563,4513.936443125563,4514.436443125563,1710,1225,1468
4513.06875585365,4512.69375585365,4513.44375585365,1351,1310,1331
4519.335019790465,4519.210019790465,4519.460019790465,2270,1491,1881
4519.917326858702,4519.667326858702,4520.167326858702,1493,2010,1752
4515.320990264529,4515.070990264529,4515.570990264529,995,2018,1507
4522.377786464759,4522.002786464759,4522.752786464759,1106,599,853
4521.996219829317,4521.621219829317,4522.371219829317,1674,833,1254
4517.384301253356,4517.134301253356,4517.634301253356,1065,820,943
4513.024955494089,4512.899955494089,4513.149955494089,918,2561,1740
4506.865615823866,4506.740615823866,4506.990615823866,2016,1885,1951
4508.662776506631,4508.537776506631,4508.787776506631,1105,914,1010
4507.509058975575,4507.259058975575,4507.759058975575,918,1293,1106
4515.671121675999,4515.546121675999,4515.796121675999,788,1385,1087
4521.820421514743,4521.695421514743,4521.945421514743,884,2487,1686
4521.573411029033,4521.323411029033,4521.823411029033,2035,1174,1605
4521.4176924086,4521.2926924086,4521.5426924086,762,1263,1013
4519.652722857479,4519.402722857479,4519.902722857479,2300,909,1605
4521.373357034983,4521.248357034983,4521.498357034983,1492,531,1012
4515.157414496345,4514.907414496345,4515.407414496345,1498,1179,1339
4517.683302203904,4517.308302203904,4518.058302203904,2517,1218,1868
4511.247279624993,4511.122279624993,4511.372279624993,1200,1529,1365
4515.418852239682,4515.168852239682,4515.668852239682,1165,1874,1520
4508.647005423524,4508.272005423524,4509.022005423524,1111,1892,1502
4508.75405856038,4508.62905856038,4508.87905856038,1568,651,1110
4507.044705366378,4506.794705366378,4507.294705366378,900,1951,1426
4502.307007022488,4502.057007022488,4502.557007022488,2479,1074,1777
4505.2132963444255,4505.0882963444255,4505.3382963444255,1368,1397,1383
4506.903196058215,4506.653196058215,4507.153196058215,1386,625,1006
4504.235109853638,4503.985109853638,4504.485109853638,816,1891,1354
4499.982050104588,4499.732050104588,4500.232050104588,552,1481,1017
4505.809006910712,4505.434006910712,4506.184006910712,1136,1079,1108
4505.0948440605325,4504.8448440605325,4505.3448440605325,1252,689,971
4500.75750927413,4500.63250927413,4500.88250927413,1059,2866,1963
4504.783166831701,4504.658166831701,4504.908166831701,1041,1132,1087
4498.078440740653,4497.828440740653,4498.328440740653,1831,1932,1882
4497.352313515902,4497.227313515902,4497.477313515902,1887,1278,1583
4494.905034069262,4494.780034069262,4495.030034069262,739,1800,1270
4489.292024508868,4489.042024508868,4489.542024508868,1566,1669,1618
4481.595463546,4481.470463546,4481.720463546,721,992,857
4488.815863317539,4488.690863317539,4488.940863317539,1029,1550,1290
4484.88376211941,4484.75876211941,4485.00876211941,1318,2155,1737
4480.683962360921,4480.558962360921,4480.808962360921,959,1038,999
4483.130939514266,4483.005939514266,4483.255939514266,1457,2004,1731
4487.909692952748,4487.784692952748,4488.034692952748,1082,2423,1753
4483.976365438509,4483.851365438509,4484.101365438509,876,1735,1306
4482.895129754533,4482.770129754533,4483.020129754533,2113,1030,1572
4481.318845138594,4481.068845138594,4481.568845138594,1083,2448,1766
4484.7777531673055,4484.6527531673055,4484.9027531673055,1837,1922,1880
4490.018678337214,4489.893678337214,4490.143678337214,426,1275,851
4497.329068916781,4497.079068916781,4497.579068916781,2174,985,1580
4496.099559822119,4495.974559822119,4496.224559822119,2307,1496,1902
4500.550356625547,4500.300356625547,4500.800356625547,1068,783,926
4500.499773727329,4500.374773727329,4500.624773727329,1165,452,809
4495.1518274113205,4495.0268274113205,4495.2768274113205,1703,724,1214
4492.334692484392,4492.084692484392,4492.584692484392,839,1612,1226
4495.989213699366,4495.739213699366,4496.239213699366,2166,859,1513
4496.701679026809,4496.576679026809,4496.826679026809,1167,646,907
4492.975955340008,4492.725955340008,4493.225955340008,1225,1580,1403
4484.420156093258,4484.295156093258,4484.545156093258,992,2491,1742
4483.32052978706,4483.07052978706,4483.57052978706,1631,2148,1890
4491.806455511078,4491.556455511078,4492.056455511078,934,1149,1042
4486.699631875474,4486.574631875474,4486.824631875474,1605,2000,1803
4483.815443486722,4483.690443486722,4483.940443486722,1511,1974,1743
4482.160809482868,4482.035809482868,4482.285809482868,1142,1309,1226
4471.419663528617,4471.169663528617,4471.669663528617,1099,834,967
4463.8839548239985,4463.7589548239985,4464.0089548239985,1147,696,922
4465.674427840063,4465.549427840063,4465.799427840063,918,1679,1299
4473.412105968506,4473.287105968506,4473.537105968506,1480,1311,1396
4472.647114812512,4472.522114812512,4472.772114812512,1549,826,1188
4465.952601990728,4465.702601990728,4466.202601990728,1329,2074,1702
4467.617471623226,4467.492471623226,4467.742471623226,1910,1247,1579
4464.517636210629,4464.392636210629,4464.642636210629,1487,1546,1517
4473.681350936853,4473.556350936853,4473.806350936853,1200,1393,1297
4469.428033847292,4469.178033847292,4469.678033847292,810,2417,1614
4469.2297799613625,4469.1047799613625,4469.3547799613625,1410,2173,1792
4472.149850345069,4472.024850345069,4472.274850345069,2152,1033,1593
4478.884423611039,4478.759423611039,4479.009423611039,1901,780,1341
4484.648298891563,4484.523298891563,4484.773298891563,2119,1024,1572
4485.749871618915,4485.624871618915,4485.874871618915,2274,1053,1664
4484.367392338716,4484.117392338716,4484.617392338716,2565,1132,1849
4487.325884131404,4487.200884131404,4487.450884131404,2874,1021,1948
4489.013418306365,4488.888418306365,4489.138418306365,1981,1102,1542
4495.154507000213,4495.029507000213,4495.279507000213,1135,590,863
4499.837252289048,4499.712252289048,4499.962252289048,1582,2307,1945
4500.070454951489,4499.820454951489,4500.320454951489,610,1263,937
4494.40361793217,4494.27861793217,4494.52861793217,975,1072,1024
4491.892868066601,4491.517868066601,4492.267868066601,1391,2516,1954
4495.987800384411,4495.737800384411,4496.237800384411,812,1761,1287
4496.406394224251,4496.281394224251,4496.531394224251,543,1204,874
4501.2964680059895,4501.0464680059895,4501.5464680059895,677,1954,1316
4499.678413448762,4499.428413448762,4499.928413448762,2138,975,1557
4500.8431623996175,4500.7181623996175,4500.9681623996175,644,1083,864
4501.9382520046,4501.8132520046,4502.0632520046,1092,707,900
4499.394792438492,4499.144792438492,4499.644792438492,1339,1564,1452
4497.1846226219495,4497.0596226219495,4497.3096226219495,815,1238,1027
4499.103435982145,4498.853435982145,4499.353435982145,1497,792,1145
4500.882952530169,4500.757952530169,4501.007952530169,966,2109,1538
4506.690921673067,4506.565921673067,4506.815921673067,1170,2383,1777
4505.620465360962,4505.370465360962,4505.870465360962,1138,1449,1294
4510.406289680306,4510.281289680306,4510.531289680306,2531,1350,1941
4512.369866438091,4512.244866438091,4512.494866438091,1123,2874,1999
4501.853289007616,4501.478289007616,4502.228289007616,1870,747,1309
4502.833315947799,4502.708315947799,4502.958315947799,812,1197,1005
4504.535247014758,4504.285247014758,4504.785247014758,1030,1225,1128
4500.309662394655,4500.184662394655,4500.434662394655,882,2237,1560
4506.4609185913005,4506.2109185913005,4506.7109185913005,2621,1250,1936
4512.564740293386,4512.439740293386,4512.689740293386,1671,714,1193
4510.9367970046,4510.8117970046,4511.0617970046,1600,1999,1800
4517.703148308758,4517.578148308758,4517.828148308758,1534,743,1139
4511.635342884301,4511.510342884301,4511.760342884301,1134,979,1057
4510.763826409304,4510.513826409304,4511.013826409304,2638,971,1805
4507.881840646998,4507.756840646998,4508.006840646998,1949,838,1394
4505.750970439252,4505.500970439252,4506.000970439252,1095,1264,1180
4511.7732244131485,4511.6482244131485,4511.8982244131485,1096,665,881
4509.815101334884,4509.690101334884,4509.940101334884,1425,982,1204
4502.494217091706,4502.369217091706,4502.619217091706,1954,1249,1602
4508.445491271101,4508.320491271101,4508.570491271101,2057,800,1429
4510.276572931067,4510.151572931067,4510.401572931067,850,875,863
4508.738636309138,4508.613636309138,4508.863636309138,656,1219,938
4510.107511173266,4509.732511173266,4510.482511173266,831,998,915
4506.621959266725,4506.371959266725,4506.871959266725,1784,1385,1585
4507.761862546114,4507.636862546114,4507.886862546114,955,976,966
4506.47892687037,4506.35392687037,4506.60392687037,2055,1088,1572
4509.687187180355,4509.562187180355,4509.812187180355,1319,1286,1303
4519.071910375604,4518.946910375604,4519.196910375604,1089,696,893
4516.449437749653,4516.199437749653,4516.699437749653,1353,1844,1599
4509.580791336262,4509.330791336262,4509.830791336262,638,1801,1220
4513.166994443254,4513.041994443254,4513.291994443254,1007,692,850
4515.618594241658,4515.493594241658,4515.743594241658,1423,2212,1818
4518.8729368285085,4518.7479368285085,4518.9979368285085,876,2355,1616
4512.978327387604,4512.853327387604,4513.103327387604,1029,660,845
4511.835511307583,4511.710511307583,4511.960511307583,1389,782,1086
4513.792378250103,4513.667378250103,4513.917378250103,934,1089,1012
4515.577435383714,4515.452435383714,4515.702435383714,1149,576,863
4520.277024120162,4520.027024120162,4520.527024120162,2705,1016,1861
4518.672029299731,4518.547029299731,4518.797029299731,1929,1992,1961
4519.277875615704,4519.027875615704,4519.527875615704,2060,1797,1929
4522.755821912301,4522.505821912301,4523.005821912301,1452,1923,1688
4515.310912071283,4515.060912071283,4515.560912071283,1277,448,863
4520.399346294928,4520.274346294928,4520.524346294928,1941,1360,1651
4526.161749867452,4525.786749867452,4526.536749867452,1622,1809,1716
4520.5535370945745,4520.4285370945745,4520.6785370945745,1632,1211,1422
4524.861450134236,4524.611450134236,4525.111450134236,1053,546,800
4527.093915001879,4526.968915001879,4527.218915001879,1174,1785,1480
4524.284868518037,4524.159868518037,4524.409868518037,1321,1326,1324
4519.9172585766355,4519.7922585766355,4520.0422585766355,1067,1232,1150
4523.944238166626,4523.819238166626,4524.069238166626,1437,1878,1658
4512.171977038065,4511.921977038065,4512.421977038065,1415,810,1113
4515.813005015634,4515.688005015634,4515.938005015634,768,979,874
4514.939659469545,4514.689659469545,4515.189659469545,953,2682,1818
4513.0903968071225,4512.8403968071225,4513.3403968071225,1751,1268,1510
4509.071592067172,4508.821592067172,4509.321592067172,1364,1031,1198
4497.800483193302,4497.675483193302,4497.925483193302,1261,1100,1181
4501.883529936173,4501.633529936173,4502.133529936173,1304,2519,1912
4504.192647643097,4504.067647643097,4504.317647643097,1339,1364,1352
4505.276075350351,4505.026075350351,4505.526075350351,2308,801,1555
4507.080083517076,4506.955083517076,4507.205083517076,1532,993,1263
4503.293443614645,4503.043443614645,4503.543443614645,1953,1434,1694
4502.967921133864,4502.842921133864,4503.092921133864,1531,1038,1285
4499.039802756917,4498.914802756917,4499.164802756917,459,1224,842
4499.67549772026,4499.55049772026,4499.80049772026,1119,2758,1939
4493.939218604742,4493.689218604742,4494.189218604742,838,2261,1550
4497.71162086752,4497.46162086752,4497.96162086752,1603,1592,1598
4501.719175852807,4501.594175852807,4501.844175852807,2408,1217,1813
4498.136590999537,4498.011590999537,4498.261590999537,1535,1742,1639
4498.248309111687,4497.998309111687,4498.498309111687,1765,1748,1757
4504.256544191977,4504.131544191977,4504.381544191977,2962,1019,1991
4501.717274765729,4501.592274765729,4501.842274765729,1556,2137,1847
4506.004791744634,4505.879791744634,4506.129791744634,1552,977,1265
4511.7357833876,4511.4857833876,4511.9857833876,1658,2099,1879
4510.612647483008,4510.487647483008,4510.737647483008,908,1819,1364
4512.899772732037,4512.774772732037,4513.024772732037,792,2087,1440
4515.460397387465,4515.335397387465,4515.585397387465,1065,1302,1184
4520.111738807713,4519.986738807713,4520.236738807713,687,1038,863
4516.521078289811,4516.271078289811,4516.771078289811,2370,1487,1929
4511.981899431628,4511.731899431628,4512.231899431628,1024,611,818
4503.7523747955875,4503.6273747955875,4503.8773747955875,1704,1127,1416
4504.954222106675,4504.829222106675,4505.079222106675,2566,947,1757
4509.4926560103,4509.3676560103,4509.6176560103,2126,1781,1954
4513.2933471242,4513.1683471242,4513.4183471242,867,1366,1117
4507.541287059833,4507.416287059833,4507.666287059833,1472,947,1210
4507.125630499795,4507.000630499795,4507.250630499795,1793,2192,1993
4513.267597386499,4513.142597386499,4513.392597386499,1671,1526,1599
4511.58789160437,4511.46289160437,4511.71289160437,1754,1235,1495
4513.711619712619,4513.586619712619,4513.836619712619,1776,2053,1915
4510.363785230235,4510.113785230235,4510.613785230235,1543,1250,1397
4515.030922545738,4514.655922545738,4515.405922545738,653,1262,958
4515.666371631625,4515.291371631625,4516.041371631625,1093,1304,1199
4514.96677339344,4514.84177339344,4515.09177339344,975,2516,1746
4518.20666283058,4518.08166283058,4518.33166283058,1476,1745,1611
4525.142828361784,4525.017828361784,4525.267828361784,1373,2282,1828
4525.576693074692,4525.451693074692,4525.701693074692,890,2589,1740
4523.426532881534,4523.176532881534,4523.676532881534,1279,1588,1434
4523.390350410132,4523.140350410132,4523.640350410132,1154,527,841
4522.717314246801,4522.467314246801,4522.967314246801,1641,1594,1618
4522.483280648649,4522.358280648649,4522.608280648649,1854,1977,1916
4530.498597377935,4530.373597377935,4530.623597377935,752,1003,878
4536.700973173128,4536.325973173128,4537.075973173128,2684,1287,1986
4542.1351384524305,4542.0101384524305,4542.2601384524305,939,928,934
4540.067050923322,4539.817050923322,4540.317050923322,1746,1085,1416
4542.915885494718,4542.790885494718,4543.040885494718,1069,2640,1855
4540.562504550001,4540.437504550001,4540.687504550001,630,1585,1108
4544.206338140368,4543.956338140368,4544.456338140368,1166,759,963
4547.694275954587,4547.319275954587,4548.069275954587,753,2168,1461
4555.847772617708,4555.472772617708,4556.222772617708,1301,1270,1286
4561.697993712979,4561.572993712979,4561.822993712979,1514,1533,1524
4552.469105526822,4552.094105526822,4552.844105526822,2147,718,1433
4559.367471907276,4559.242471907276,4559.492471907276,2690,983,1837
4562.59608270054,4562.47108270054,4562.72108270054,696,965,831
4569.133714089981,4568.883714089981,4569.383714089981,1283,2570,1927
4567.837313564226,4567.712313564226,4567.962313564226,2536,1401,1969
4562.927118585014,4562.802118585014,4563.052118585014,1279,2590,1935
4551.7344348762645,4551.6094348762645,4551.8594348762645,874,1269,1072
4551.55108260428,4551.42608260428,4551.67608260428,1075,2120,1598
4546.704227974116,4546.579227974116,4546.829227974116,1091,2808,1950
4553.54272594908,4553.41772594908,4553.66772594908,1222,461,842
4555.748669867393,4555.623669867393,4555.873669867393,741,1914,1328
4558.4306069831155,4558.3056069831155,4558.5556069831155,1725,1876,1801
4555.510691264113,4555.385691264113,4555.635691264113,1226,1175,1201
4548.03812992037,4547.91312992037,4548.16312992037,1120,2375,1748
4542.7419687579,4542.4919687579,4542.9919687579,911,1800,1356
4538.375413398022,4538.250413398022,4538.500413398022,661,1808,1235
4540.814618487665,4540.564618487665,4541.064618487665,1813,1400,1607
4546.827809879079,4546.702809879079,4546.952809879079,1139,2588,1864
4549.292807537626,4548.917807537626,4549.667807537626,1681,1086,1384
4547.237825028454,4547.112825028454,4547.362825028454,571,1480,1026
4545.954399707198,4545.704399707198,4546.204399707198,2333,1482,1908
4547.167049276336,4546.792049276336,4547.542049276336,928,1733,1331
4547.350417421591,4547.225417421591,4547.475417421591,505,1388,947
4549.381406021121,4549.256406021121,4549.506406021121,2133,908,1521
4548.362923892102,4548.112923892102,4548.612923892102,1930,1685,1808
4542.302531660773,4542.052531660773,4542.552531660773,1543,1808,1676
4537.836343567254,4537.711343567254,4537.961343567254,1254,965,1110
4538.871900810319,4538.621900810319,4539.121900810319,484,1407,946
4537.810746558712,4537.435746558712,4538.185746558712,686,947,817
4538.350641429673,4538.100641429673,4538.600641429673,972,2639,1806
4536.570223781657,4536.445223781657,4536.695223781657,2192,1745,1969
4536.351062471693,4536.226062471693,4536.476062471693,1268,913,1091
4530.997703407954,4530.747703407954,4531.247703407954,1551,860,1206
4532.245462140298,4532.120462140298,4532.370462140298,2704,1123,1914
4519.601413433978,4519.476413433978,4519.726413433978,1960,1297,1629
4515.664985212638,4515.414985212638,4515.914985212638,1406,2307,1857
4513.791817166786,4513.416817166786,4514.166817166786,877,1724,1301
4507.663900599223,4507.538900599223,4507.788900599223,513,1392,953
4510.996555997169,4510.621555997169,4511.371555997169,1370,1171,1271
4511.220746049451,4511.095746049451,4511.345746049451,1139,764,952
4508.591319602366,4508.341319602366,4508.841319602366,1641,1756,1699
4505.06540813719,4504.94040813719,4505.19040813719,1255,630,943
4507.46490481271,4507.21490481271,4507.71490481271,908,1853,1381
4513.053654859464,4512.928654859464,4513.178654859464,2835,1010,1923
4511.261034142502,4511.011034142502,4511.511034142502,1051,1398,1225
4508.610505817818,4508.485505817818,4508.735505817818,2015,1394,1705
4507.7369414464565,4507.3619414464565,4508.1119414464565,825,872,849
4510.468310430184,4510.218310430184,4510.718310430184,1946,953,1450
4505.175674418445,4505.050674418445,4505.300674418445,1378,1331,1355
4514.431590721855,4514.181590721855,4514.681590721855,828,895,862
4511.3453609980725,4511.0953609980725,4511.5953609980725,2276,1613,1945
4506.349583771355,4506.224583771355,4506.474583771355,1110,1057,1084
4501.956760638774,4501.831760638774,4502.081760638774,915,1336,1126
4501.800490688893,4501.675490688893,4501.925490688893,1676,2249,1963
4494.4524885423625,4494.3274885423625,4494.5774885423625,1343,2006,1675
4490.875457497311,4490.750457497311,4491.000457497311,1566,605,1086
4491.831968923995,4491.706968923995,4491.956968923995,962,1613,1288
4489.544366711902,4489.294366711902,4489.794366711902,1252,1503,1378
4491.932840165147,4491.807840165147,4492.057840165147,1083,2898,1991
4491.418228735584,4491.168228735584,4491.668228735584,1071,1898,1485
4498.061790595085,4497.936790595085,4498.186790595085,752,1217,985
4491.9926150388155,4491.8676150388155,4492.1176150388155,1485,1444,1465
4495.676855897815,4495.551855897815,4495.801855897815,1185,1688,1437
4499.185538980885,4498.935538980885,4499.435538980885,1174,459,817
4502.726293629981,4502.601293629981,4502.851293629981,1652,1157,1405
4506.115439440236,4505.990439440236,4506.240439440236,1439,1476,1458
4512.496775800955,4512.371775800955,4512.621775800955,1047,948,998
4505.7485044907025,4505.4985044907025,4505.9985044907025,892,2169,1531
4510.27980752137,4510.02980752137,4510.52980752137,1745,2208,1977
4510.4332047569005,4510.3082047569005,4510.5582047569005,1024,883,954
4513.442116132554,4513.317116132554,4513.567116132554,1723,1338,1531
4508.783777573558,4508.533777573558,4509.033777573558,1147,1022,1085
4506.256737713453,4505.881737713453,4506.631737713453,1030,1731,1381
4507.485909346799,4507.360909346799,4507.610909346799,2475,872,1674
4508.587233424589,4508.462233424589,4508.712233424589,936,1825,1381
4509.303294925766,4509.053294925766,4509.553294925766,1490,1143,1317
4511.460062631372,4511.335062631372,4511.585062631372,578,1575,1077
4510.945242058991,4510.695242058991,4511.195242058991,870,1629,1250
4510.029371786371,4509.904371786371,4510.154371786371,1230,1331,1281
4510.350323026263,4510.225323026263,4510.475323026263,1590,627,1109
4508.789906786262,4508.414906786262,4509.164906786262,1446,1179,1313
4510.965838018953,4510.840838018953,4511.090838018953,608,1503,1056
4509.626855376437,4509.376855376437,4509.876855376437,2410,1281,1846
4510.3026738420485,4510.0526738420485,4510.5526738420485,1117,734,926
4510.894269750609,4510.519269750609,4511.269269750609,1326,1159,1243
4511.226569003834,4510.976569003834,4511.476569003834,977,1494,1236
4509.282788443398,4509.157788443398,4509.407788443398,714,1125,920
4510.315355223803,4510.190355223803,4510.440355223803,1876,1147,1512
4509.975704044458,4509.850704044458,4510.100704044458,2104,1129,1617
4509.320485235904,4509.070485235904,4509.570485235904,778,875,827
4508.833003454748,4508.583003454748,4509.083003454748,1298,1833,1566
4509.072865375061,4508.947865375061,4509.197865375061,1601,744,1173
4507.279805079477,4507.154805079477,4507.404805079477,806,1003,905
4507.029633144115,4506.904633144115,4507.154633144115,1492,641,1067
4505.256270398692,4505.131270398692,4505.381270398692,1881,1860,1871
4505.00370906745,4504.87870906745,4505.12870906745,2757,938,1848
4506.593737889431,4506.343737889431,4506.843737889431,2051,1662,1857
4504.244340930314,4504.119340930314,4504.369340930314,2329,1246,1788
4505.113309815622,4504.988309815622,4505.238309815622,1387,508,948
4503.087887096956,4502.962887096956,4503.212887096956,1742,591,1167
4503.091238906719,4502.966238906719,4503.216238906719,1075,2504,1790
4505.534288548905,4505.284288548905,4505.784288548905,1009,948,979
4506.448083476774,4506.198083476774,4506.698083476774,1403,1446,1425
4504.804276737819,4504.554276737819,4505.054276737819,1238,1751,1495
4502.8310728390525,4502.7060728390525,4502.9560728390525,1217,618,918
4503.2131555514725,4502.8381555514725,4503.5881555514725,1565,1360,1463
4503.685224433056,4503.435224433056,4503.935224433056,1824,683,1254
4501.209504938119,4500.959504938119,4501.459504938119,1509,850,1180
4500.767475399118,4500.642475399118,4500.892475399118,467,1330,899
4501.676177247743,4501.551177247743,4501.801177247743,1924,907,1416
4500.335337937897,4500.085337937897,4500.585337937897,1457,1238,1348
4498.169334183652,4498.044334183652,4498.294334183652,788,1291,1040
4496.61714830852,4496.49214830852,4496.74214830852,1371,2312,1842
4494.226849972362,4493.976849972362,4494.476849972362,1066,2629,1848
4492.903260128184,4492.653260128184,4493.153260128184,2222,1121,1672
4493.110601120475,4492.985601120475,4493.235601120475,1770,1859,1815
4494.0662741968845,4493.6912741968845,4494.4412741968845,1164,1803,1484
4492.764181685524,4492.514181685524,4493.014181685524,977,2384,1681
4492.789900558259,4492.539900558259,4493.039900558259,840,1331,1086
4492.120026367072,4491.995026367072,4492.245026367072,1299,524,912
4492.979982952627,4492.854982952627,4493.104982952627,787,878,833
4492.709663793817,4492.584663793817,4492.834663793817,916,1993,1455
4493.333213124031,4493.208213124031,4493.458213124031,1337,1390,1364
4493.232053115937,4493.107053115937,4493.357053115937,692,1125,909
4491.561877300702,4491.436877300702,4491.686877300702,1207,2388,1798
4490.0747535477785,4489.9497535477785,4490.1997535477785,2290,833,1562
4492.036060454932,4491.786060454932,4492.286060454932,1401,506,954
4492.541580088973,4492.416580088973,4492.666580088973,1508,581,1045
4493.521311642711,4493.271311642711,4493.771311642711,1176,831,1004
4494.6157194811085,4494.4907194811085,4494.7407194811085,1964,993,1479
4495.414161774864,4495.164161774864,4495.664161774864,606,1245,926
4496.359431743555,4496.234431743555,4496.484431743555,1510,1111,1311
4494.7380025253715,4494.6130025253715,4494.8630025253715,1054,1567,1311
4494.9706002068015,4494.7206002068015,4495.2206002068015,809,1828,1319
4494.422618031795,4494.047618031795,4494.797618031795,2240,1003,1622
4495.050403154784,4494.925403154784,4495.175403154784,1095,2386,1741
4496.639427424562,4496.514427424562,4496.764427424562,1903,1798,1851
4497.698048807454,4497.448048807454,4497.948048807454,1280,2477,1879
4496.585509058836,4496.460509058836,4496.710509058836,847,1532,1190
4495.0814776627985,4494.8314776627985,4495.3314776627985,1651,1056,1354
4497.080360792576,4496.830360792576,4497.330360792576,1077,1476,1277
4499.490120291173,4499.365120291173,4499.615120291173,2404,1475,1940
4497.8916774198,4497.7666774198,4498.0166774198,2696,931,1814
4499.071832189862,4498.946832189862,4499.196832189862,1913,1804,1859
4496.148845957123,4495.773845957123,4496.523845957123,2433,1050,1742
4498.635233473734,4498.510233473734,4498.760233473734,2401,1534,1968
4500.992976209543,4500.867976209543,4501.117976209543,2660,1149,1905
4501.401686473177,4501.276686473177,4501.526686473177,949,974,962
4502.831157235805,4502.706157235805,4502.956157235805,1719,1662,1691
4502.7934854253435,4502.6684854253435,4502.9184854253435,1557,850,1204
4504.004323838569,4503.879323838569,4504.129323838569,809,1054,932
4502.657292505144,4502.407292505144,4502.907292505144,1104,2131,1618
4507.982981414294,4507.732981414294,4508.232981414294,894,1741,1318
4505.46345142492,4505.33845142492,4505.58845142492,1603,1240,1422
4505.122536757103,4504.997536757103,4505.247536757103,922,2279,1601
4503.0589131771885,4502.8089131771885,4503.3089131771885,1697,2084,1891
4503.976186327413,4503.726186327413,4504.226186327413,680,1825,1253
4503.116085544274,4502.991085544274,4503.241085544274,1026,1013,1020
4502.987122965396,4502.862122965396,4503.112122965396,2540,1127,1834
4503.927730511925,4503.552730511925,4504.302730511925,531,1424,978
4504.3189785731865,4503.9439785731865,4504.6939785731865,1203,948,1076
4502.632976602821,4502.382976602821,4502.882976602821,1200,1003,1102
4502.569927490476,4502.444927490476,4502.694927490476,1949,812,1381
4501.301295097785,4501.051295097785,4501.551295097785,1102,1221,1162
4502.193593176382,4501.943593176382,4502.443593176382,556,1127,842
4500.3960927760545,4500.0210927760545,4500.7710927760545,1852,1827,1840
4499.239989214718,4499.114989214718,4499.364989214718,1382,1989,1686
4501.348429950021,4501.098429950021,4501.598429950021,619,1240,930
4502.340915781954,4502.215915781954,4502.465915781954,2351,1302,1827
4500.671077086214,4500.546077086214,4500.796077086214,1733,1458,1596
4500.128565624057,4500.003565624057,4500.253565624057,1506,1089,1298
4501.0552291647855,4500.9302291647855,4501.1802291647855,1936,999,1468
4500.951363822232,4500.826363822232,4501.076363822232,1832,813,1323
4499.841166618534,4499.466166618534,4500.216166618534,1165,1988,1577
4498.723804569639,4498.598804569639,4498.848804569639,700,1101,901
4497.411958285831,4497.036958285831,4497.786958285831,501,1126,814
4498.3096338587775,4498.1846338587775,4498.4346338587775,618,1631,1125
4497.56909876901,4497.44409876901,4497.69409876901,638,1255,947
4497.269680654307,4496.894680654307,4497.644680654307,575,1184,880
4497.204469566734,4497.079469566734,4497.329469566734,933,1626,1280
4497.30447700408,4497.17947700408,4497.42947700408,1248,2587,1918
4495.446973388162,4495.321973388162,4495.571973388162,927,776,852
4496.6064368191055,4496.4814368191055,4496.7314368191055,1550,1807,1679
4499.051893355268,4498.801893355268,4499.301893355268,1169,666,918
4500.317338867315,4500.067338867315,4500.567338867315,1065,1450,1258
4498.728230124865,4498.603230124865,4498.853230124865,1630,1121,1376
4500.618001893315,4500.368001893315,4500.868001893315,1189,828,1009
4499.13424424168,4498.88424424168,4499.38424424168,1185,480,833
4500.01210229257,4499.76210229257,4500.26210229257,1724,1447,1586
4499.940981228052,4499.690981228052,4500.190981228052,592,1141,867
4499.616502691366,4499.491502691366,4499.741502691366,1257,1776,1517
4500.786975336844,4500.536975336844,4501.036975336844,986,1447,1217
4499.219342362199,4499.094342362199,4499.344342362199,1063,1592,1328
4502.332567163414,4502.082567163414,4502.582567163414,1109,554,832
4503.060728843316,4502.685728843316,4503.435728843316,2157,772,1465
4502.32798048448,4502.07798048448,4502.57798048448,1314,1481,1398
4500.453763532878,4500.328763532878,4500.578763532878,1375,1474,1425
4503.326923542474,4503.076923542474,4503.576923542474,666,1737,1202
4502.289654096375,4502.164654096375,4502.414654096375,1028,1523,1276
4502.709658436816,4502.584658436816,4502.834658436816,940,2171,1556
4501.416559868549,4501.291559868549,4501.541559868549,1901,1040,1471
4499.8566383497055,4499.7316383497055,4499.9816383497055,2433,1100,1767
4499.645171664337,4499.395171664337,4499.895171664337,1866,1565,1716
4500.471093303598,4500.346093303598,4500.596093303598,926,919,923
4501.874143763552,4501.749143763552,4501.999143763552,2022,1561,1792
4499.674752352475,4499.424752352475,4499.924752352475,1695,1438,1567
4501.274138454985,4501.149138454985,4501.399138454985,1618,863,1241
4502.717947166379,4502.467947166379,4502.967947166379,2394,1407,1901
4501.297340211345,4501.172340211345,4501.422340211345,2270,1115,1693
4501.3135307009015,4501.1885307009015,4501.4385307009015,1524,919,1222
4502.945749638648,4502.820749638648,4503.070749638648,872,2329,1601
4502.678809563857,4502.553809563857,4502.803809563857,1467,680,1074
4500.443790720092,4500.318790720092,4500.568790720092,1582,1357,1470
4500.676376382824,4500.551376382824,4500.801376382824,1564,2159,1862
4502.1804772071455,4501.9304772071455,4502.4304772071455,1502,1865,1684
4501.367403304189,4501.242403304189,4501.492403304189,1553,2342,1948
4502.773590999769,4502.648590999769,4502.898590999769,2049,1444,1747
4504.778084571512,4504.528084571512,4505.028084571512,798,1759,1279
4503.9021263172945,4503.7771263172945,4504.0271263172945,2142,1335,1739
4502.564160732474,4502.189160732474,4502.939160732474,2360,1611,1986
4504.448155858676,4504.323155858676,4504.573155858676,932,1799,1366
4502.729116708142,4502.604116708142,4502.854116708142,1287,1778,1533
4503.692785553356,4503.442785553356,4503.942785553356,1804,1675,1740
4501.754197919333,4501.629197919333,4501.879197919333,1297,458,878
4500.675109661835,4500.300109661835,4501.050109661835,1229,700,965
4498.332729592852,4498.207729592852,4498.457729592852,1357,704,1031
4495.7249385007135,4495.4749385007135,4495.9749385007135,1379,2108,1744
4495.78669575446,4495.66169575446,4495.91169575446,1322,1201,1262
4493.647699378037,4493.272699378037,4494.022699378037,1389,526,958
4497.667950768882,4497.417950768882,4497.917950768882,1364,505,935
4497.574426770897,4497.199426770897,4497.949426770897,1569,1088,1329
4500.383455397879,4500.258455397879,4500.508455397879,1318,1673,1496
4501.263104208043,4501.013104208043,4501.513104208043,2424,1491,1958
4500.900641377479,4500.775641377479,4501.025641377479,1599,1276,1438
4499.545996785946,4499.295996785946,4499.795996785946,980,987,984
4500.391199070107,4500.141199070107,4500.641199070107,2075,1408,1742
4499.256741558008,4499.131741558008,4499.381741558008,2314,1057,1686
4498.4464465720175,4498.3214465720175,4498.5714465720175,1440,593,1017
4500.680705283932,4500.430705283932,4500.930705283932,1669,984,1327
4499.5347197423025,4499.4097197423025,4499.6597197423025,1259,1402,1331
4503.408667077813,4503.158667077813,4503.658667077813,776,2005,1391
4505.509888109061,4505.259888109061,4505.759888109061,1998,1273,1636
4504.838811137672,4504.713811137672,4504.963811137672,771,1190,981
4505.302018771759,4505.177018771759,4505.427018771759,2333,1426,1880
4506.488739801324,4506.363739801324,4506.613739801324,1005,1342,1174
4502.516148188862,4502.391148188862,4502.641148188862,1208,1829,1519
4503.570726660806,4503.445726660806,4503.695726660806,892,1713,1303
4502.614490475205,4502.489490475205,4502.739490475205,2284,1231,1758
4502.196959084341,4502.071959084341,4502.321959084341,1435,838,1137
4502.448523970823,4502.323523970823,4502.573523970823,1315,1228,1272
4501.417361260126,4501.292361260126,4501.542361260126,845,1510,1178
4501.930334896866,4501.805334896866,4502.055334896866,1549,564,1057
4502.4901000970685,4502.1151000970685,4502.8651000970685,976,2433,1705
4501.545825298734,4501.420825298734,4501.670825298734,1451,964,1208
4500.605373335027,4500.355373335027,4500.855373335027,2443,1258,1851
4499.4258592642755,4499.1758592642755,4499.6758592642755,1190,485,838
4498.773417593687,4498.648417593687,4498.898417593687,1427,1902,1665
4496.579808826807,4496.204808826807,4496.954808826807,1302,2519,1911
4497.28288610571,4497.15788610571,4497.40788610571,894,1567,1231
4500.417813023667,4500.292813023667,4500.542813023667,1399,756,1078
4499.023726419685,4498.773726419685,4499.273726419685,847,1986,1417
4500.8608785361985,4500.7358785361985,4500.9858785361985,1743,1084,1414
4499.2161136464765,4499.0911136464765,4499.3411136464765,594,1187,891
4499.721073160622,4499.596073160622,4499.846073160622,2759,948,1854
4499.141194826347,4499.016194826347,4499.266194826347,2559,1414,1987
4500.123578283745,4499.873578283745,4500.373578283745,2524,977,1751
4500.387984416642,4500.262984416642,4500.512984416642,862,1001,932
4500.075927738841,4499.950927738841,4500.200927738841,1776,1329,1553
4501.921837563391,4501.796837563391,4502.046837563391,752,855,804
4502.767110455093,4502.517110455093,4503.017110455093,2150,1819,1985
4501.9200372245,4501.7950372245,4502.0450372245,1471,1266,1369
4499.395210040323,4499.145210040323,4499.645210040323,1116,553,835
4496.800555313707,4496.675555313707,4496.925555313707,1464,1447,1456
4496.814316587654,4496.689316587654,4496.939316587654,1364,825,1095
4494.4429981583335,4494.3179981583335,4494.5679981583335,1073,2752,1913
4487.606183090122,4487.481183090122,4487.731183090122,2063,966,1515
4486.463964078633,4486.213964078633,4486.713964078633,770,1553,1162
4488.073633850874,4487.823633850874,4488.323633850874,718,1203,961
4494.284637246138,4494.159637246138,4494.409637246138,823,802,813
4498.171558080454,4497.796558080454,4498.546558080454,1419,706,1063
4497.833817909467,4497.708817909467,4497.958817909467,1016,2207,1612
4496.61292979261,4496.48792979261,4496.73792979261,1130,475,803
4500.106397202992,4499.981397202992,4500.231397202992,1872,1021,1447
4487.811492306395,4487.561492306395,4488.061492306395,2248,1617,1933
4486.890028241413,4486.640028241413,4487.140028241413,875,892,884
4488.898406968857,4488.773406968857,4489.023406968857,2634,939,1787
4495.657527466048,4495.532527466048,4495.782527466048,1445,2322,1884
4490.5376891198675,4490.2876891198675,4490.7876891198675,1142,1769,1456
4491.999817808464,4491.874817808464,4492.124817808464,684,1989,1337
4490.864582133774,4490.614582133774,4491.114582133774,912,1157,1035
4488.33440829235,4488.20940829235,4488.45940829235,2212,905,1559
4488.1372778366995,4488.0122778366995,4488.2622778366995,1369,1340,1355
4491.66198368346,4491.53698368346,4491.78698368346,1011,1734,1373
4489.464218309319,4489.339218309319,4489.589218309319,1722,1085,1404
4485.551504952767,4485.176504952767,4485.926504952767,1159,570,865
4483.965104746278,4483.840104746278,4484.090104746278,447,1234,841
4485.036979226352,4484.911979226352,4485.161979226352,1642,1551,1597
4489.760987167943,4489.385987167943,4490.135987167943,2649,1102,1876
4484.080075820941,4483.955075820941,4484.205075820941,1434,1525,1480
4486.586673862254,4486.336673862254,4486.836673862254,1907,1604,1756
4483.786116526951,4483.661116526951,4483.911116526951,2432,1045,1739
4487.442077574954,4487.317077574954,4487.567077574954,1930,1235,1583
4493.256352509723,4493.006352509723,4493.506352509723,1448,1959,1704
4490.569535333446,4490.444535333446,4490.694535333446,1535,1296,1416
4490.089457439649,4489.839457439649,4490.339457439649,2216,1201,1709
4496.989463247918,4496.864463247918,4497.114463247918,1742,1149,1446
4500.753513950048,4500.628513950048,4500.878513950048,979,2220,1600
4502.924053394245,4502.799053394245,4503.049053394245,796,2185,1491
4503.117234111172,4502.992234111172,4503.242234111172,1048,2325,1687
4500.710874532771,4500.585874532771,4500.835874532771,1687,1710,1699
4503.072098995767,4502.822098995767,4503.322098995767,1497,1496,1497
4495.89794905358,4495.77294905358,4496.02294905358,646,1515,1081
4493.895288882164,4493.770288882164,4494.020288882164,1046,2803,1925
4495.485255073093,4495.110255073093,4495.860255073093,1567,1926,1747
4496.5856359642985,4496.4606359642985,4496.7106359642985,2028,1363,1696
4504.6194679292785,4504.4944679292785,4504.7444679292785,2083,1442,1763
4503.7798926307605,4503.6548926307605,4503.9048926307605,1817,1466,1642
4501.433260229008,4501.308260229008,4501.558260229008,1471,2288,1880
4499.808069725534,4499.433069725534,4500.183069725534,2015,1862,1939
4494.016298410434,4493.766298410434,4494.266298410434,1814,1963,1889
4491.901611129075,4491.776611129075,4492.026611129075,1617,618,1118
4490.495753798585,4490.245753798585,4490.745753798585,1848,1599,1724
4489.211602628757,4489.086602628757,4489.336602628757,1767,1680,1724
4489.787437410584,4489.662437410584,4489.912437410584,693,1100,897
4484.975291727748,4484.600291727748,4485.350291727748,2091,760,1426
4487.972406265535,4487.847406265535,4488.097406265535,2045,1026,1536
4478.376896151861,4478.251896151861,4478.501896151861,1167,1052,1110
4477.81976162339,4477.56976162339,4478.06976162339,622,1251,937
4471.423870144194,4471.173870144194,4471.673870144194,1870,1909,1890
4469.777148183243,4469.652148183243,4469.902148183243,1237,540,889
4467.030662036833,4466.905662036833,4467.155662036833,1069,2696,1883
4467.569390107281,4467.444390107281,4467.694390107281,1952,1097,1525
4473.100168260944,4472.975168260944,4473.225168260944,811,856,834
4467.6873429413345,4467.4373429413345,4467.9373429413345,573,1538,1056
4459.097293953837,4458.847293953837,4459.347293953837,1331,1672,1502
4457.7186712162775,4457.5936712162775,4457.8436712162775,1409,1092,1251
4454.52869773032,4454.40369773032,4454.65369773032,787,2254,1521
4456.173825146108,4456.048825146108,4456.298825146108,1099,2086,1593
4451.170110946679,4451.045110946679,4451.295110946679,1179,1392,1286
4450.10050907917,4449.97550907917,4450.22550907917,613,1162,888
4451.2982525277075,4451.0482525277075,4451.5482525277075,1559,2382,1971
4455.493033143156,4455.368033143156,4455.618033143156,1188,671,930
4458.087611477677,4457.712611477677,4458.462611477677,895,1084,990
4454.548120512447,4454.423120512447,4454.673120512447,1143,502,823
4445.806689559502,4445.681689559502,4445.931689559502,1202,1293,1248
4443.657490452268,4443.407490452268,4443.907490452268,1133,580,857
4439.326046507503,4439.201046507503,4439.451046507503,947,2452,1700
4437.312889356329,4437.187889356329,4437.437889356329,1315,546,931
4440.5877232215835,4440.3377232215835,4440.8377232215835,728,1053,891
4442.48204081118,4442.35704081118,4442.60704081118,1174,853,1014
4443.643375025842,4443.518375025842,4443.768375025842,1450,1231,1341
4450.443550684911,4450.318550684911,4450.568550684911,2061,1406,1734
4448.469304869096,4448.344304869096,4448.594304869096,2385,1160,1773
4444.026402334793,4443.901402334793,4444.151402334793,1393,2564,1979
4449.876054836962,4449.751054836962,4450.001054836962,1733,1494,1614
4445.072209685935,4444.822209685935,4445.322209685935,1659,1392,1526
4449.862847189193,4449.737847189193,4449.987847189193,957,1534,1246
4449.038766699782,4448.913766699782,4449.163766699782,1090,1597,1344
4441.527514427076,4441.402514427076,4441.652514427076,1051,1408,1230
4447.656699638967,4447.531699638967,4447.781699638967,1788,1529,1659
4450.274071007863,4450.149071007863,4450.399071007863,1439,1722,1581
4446.374026218987,4446.249026218987,4446.499026218987,1384,1607,1496
4440.484454122844,4440.359454122844,4440.609454122844,2271,1634,1953
4444.123935573874,4443.873935573874,4444.373935573874,1342,2553,1948
4440.010259331987,4439.760259331987,4440.260259331987,2298,1313,1806
4438.300719232905,4438.175719232905,4438.425719232905,1895,1546,1721
4440.240201632974,4439.990201632974,4440.490201632974,763,1374,1069
4437.735902764552,4437.360902764552,4438.110902764552,605,1140,873
4443.088933915302,4442.838933915302,4443.338933915302,1694,1463,1579
4445.128898699537,4445.003898699537,4445.253898699537,836,1199,1018
4450.761441129205,4450.636441129205,4450.886441129205,2620,1187,1904
4445.238167928791,4444.988167928791,4445.488167928791,1886,1335,1611
4448.152144154658,4448.027144154658,4448.277144154658,2183,1336,1760
4447.514729473297,4447.389729473297,4447.639729473297,1064,1329,1197
4445.004275341408,4444.754275341408,4445.254275341408,1572,1519,1546
4436.356038550458,4436.106038550458,4436.606038550458,1895,1092,1494
4436.499598774103,4436.249598774103,4436.749598774103,2034,1107,1571
4431.043940076582,4430.918940076582,4431.168940076582,1177,2072,1625
4431.573134226061,4431.448134226061,4431.698134226061,1556,2073,1815
4431.208169633077,4430.833169633077,4431.583169633077,1879,1720,1800
4430.0121469332835,4429.8871469332835,4430.1371469332835,2182,1023,1603
4430.821338251869,4430.696338251869,4430.946338251869,1225,2264,1745
4430.8052194908705,4430.6802194908705,4430.9302194908705,2665,1148,1907
4426.454432095542,4426.079432095542,4426.829432095542,1100,2199,1650
4427.746605306544,4427.621605306544,4427.871605306544,561,1378,970
4431.464964293682,4431.214964293682,4431.714964293682,1344,667,1006
4424.257239211795,4424.132239211795,4424.382239211795,1287,542,915
4424.907712842259,4424.532712842259,4425.282712842259,2316,1657,1987
4429.703446314427,4429.453446314427,4429.953446314427,1056,1447,1252
4431.309925334133,4431.184925334133,4431.434925334133,2087,1652,1870
4430.776264148932,4430.401264148932,4431.151264148932,869,968,919
4425.606164099387,4425.481164099387,4425.731164099387,1174,791,983
4421.152062313988,4421.027062313988,4421.277062313988,1003,1584,1294
4422.263893297468,4422.138893297468,4422.388893297468,1954,1253,1604
4417.656479782743,4417.531479782743,4417.781479782743,1900,1713,1807
4421.902122995644,4421.527122995644,4422.277122995644,870,2451,1661
4424.930769367072,4424.680769367072,4425.180769367072,2159,1124,1642
4421.088909115665,4420.838909115665,4421.338909115665,1413,1032,1223
4422.763050295595,4422.638050295595,4422.888050295595,1408,1473,1441
4420.163966002396,4420.038966002396,4420.288966002396,2144,1247,1696
4421.963115618974,4421.838115618974,4422.088115618974,718,1569,1144
4414.578510101266,4414.203510101266,4414.953510101266,1937,1604,1771
4413.33456019015,4413.20956019015,4413.45956019015,1240,1967,1604
4409.966348410096,4409.841348410096,4410.091348410096,925,756,841
4405.027530167613,4404.902530167613,4405.152530167613,1498,2253,1876
4407.16438256696,4406.91438256696,4407.41438256696,1003,2840,1922
4411.260962998532,4411.010962998532,4411.510962998532,489,1144,817
4414.37063503723,4414.24563503723,4414.49563503723,1551,2408,1980
4411.222727494073,4410.972727494073,4411.472727494073,1008,1401,1205
4410.897242449179,4410.772242449179,4411.022242449179,621,1498,1060
4406.381307675905,4406.256307675905,4406.506307675905,1058,1217,1138
4402.0274620450655,4401.9024620450655,4402.1524620450655,1284,2195,1740
4401.81494836349,4401.68994836349,4401.93994836349,1223,1432,1328
4396.720641230185,4396.595641230185,4396.845641230185,1509,1686,1598
4396.595334067962,4396.345334067962,4396.845334067962,2007,1226,1617
4395.969167490976,4395.844167490976,4396.094167490976,1804,1085,1445
4390.268373751197,4390.018373751197,4390.518373751197,1231,776,1004
4386.371651328657,4386.246651328657,4386.496651328657,1706,605,1156
4388.575683369604,4388.450683369604,4388.700683369604,754,1363,1059
4389.859456819163,4389.734456819163,4389.984456819163,1934,959,1447
4393.971982590939,4393.846982590939,4394.096982590939,1237,1406,1322
4396.550363707743,4396.300363707743,4396.800363707743,1809,1384,1597
4399.1051260325185,4398.9801260325185,4399.2301260325185,1780,1645,1713
4400.92045537401,4400.79545537401,4401.04545537401,1565,1134,1350
4400.272891201353,4400.147891201353,4400.397891201353,720,1131,926
4401.452988305712,4401.202988305712,4401.702988305712,826,1111,969
4402.436780684682,4402.186780684682,4402.686780684682,1695,1330,1513
4404.804542001497,4404.679542001497,4404.929542001497,1607,1550,1579
4405.395339256061,4405.270339256061,4405.520339256061,1365,538,952
4403.3099685158195,4403.1849685158195,4403.4349685158195,953,1704,1329
4403.648106730321,4403.523106730321,4403.773106730321,1118,765,942
4408.2577869315255,4408.0077869315255,4408.5077869315255,871,1926,1399
4408.750935874767,4408.500935874767,4409.000935874767,839,1992,1416
4405.623291157816,4405.498291157816,4405.748291157816,1222,1503,1363
4405.755612717975,4405.380612717975,4406.130612717975,971,2646,1809
4407.318444255467,4407.193444255467,4407.443444255467,1062,2567,1815
4415.306353459743,4415.056353459743,4415.556353459743,774,1839,1307
4422.520273276611,4422.395273276611,4422.645273276611,1303,892,1098
4423.692218049301,4423.442218049301,4423.942218049301,2497,1196,1847
4418.751541866708,4418.626541866708,4418.876541866708,1218,1031,1125
4420.176625491277,4420.051625491277,4420.301625491277,1960,1943,1952
4423.47906484867,4423.22906484867,4423.72906484867,1094,587,841
4419.910849876251,4419.660849876251,4420.160849876251,2441,996,1719
4425.150670758695,4424.775670758695,4425.525670758695,1301,694,998
4427.9890658152235,4427.6140658152235,4428.3640658152235,2492,1409,1951
4426.915957628114,4426.665957628114,4427.165957628114,806,1035,921
4429.627279503638,4429.377279503638,4429.877279503638,1010,1131,1071
4431.102150237106,4430.977150237106,4431.227150237106,1727,1668,1698
4433.1495148799295,4432.8995148799295,4433.3995148799295,1311,2402,1857
4428.675422046635,4428.425422046635,4428.925422046635,2274,1063,1669
4423.6218706375075,4423.4968706375075,4423.7468706375075,663,1286,975
4419.6878071706815,4419.5628071706815,4419.8128071706815,1624,1199,1412
4420.220773727019,4420.095773727019,4420.345773727019,1153,926,1040
4410.300406453254,4410.050406453254,4410.550406453254,2372,1387,1880
4417.127107961892,4417.002107961892,4417.252107961892,1722,623,1173
4421.752466118715,4421.502466118715,4422.002466118715,872,1215,1044
4423.883007989788,4423.758007989788,4424.008007989788,1903,754,1329
4417.3788761108235,4417.1288761108235,4417.6288761108235,732,951,842
4419.491431610894,4419.241431610894,4419.741431610894,1031,1432,1232
4422.632514577432,4422.382514577432,4422.882514577432,2371,1058,1715
4426.507657695888,4426.257657695888,4426.757657695888,835,1276,1056
4426.196941377076,4426.071941377076,4426.321941377076,1064,2247,1656
4432.707041102169,4432.457041102169,4432.957041102169,2233,1402,1818
4428.851730633623,4428.726730633623,4428.976730633623,1301,562,932
4431.841900707737,4431.591900707737,4432.091900707737,932,727,830
4429.277305516707,4429.027305516707,4429.527305516707,1302,1515,1409
4428.3596906153325,4428.2346906153325,4428.4846906153325,1277,1530,1404
4430.426552661675,4430.301552661675,4430.551552661675,902,741,822
4432.795031500583,4432.670031500583,4432.920031500583,803,1744,1274
4433.6168709460835,4433.3668709460835,4433.8668709460835,1414,1103,1259
4444.607139155478,4444.482139155478,4444.732139155478,2256,1255,1756
4443.474105536085,4443.349105536085,4443.599105536085,675,1972,1324
