close,bid,ask,bid_volume,ask_volume,volume
4497.1891237116015,4497.0641237116015,4497.3141237116015,1558,1619,1589
4496.603743910585,4496.478743910585,4496.728743910585,1831,816,1324
4500.006990511662,4499.881990511662,4500.131990511662,1719,1200,1460
4497.7351210902825,4497.4851210902825,4497.9851210902825,1348,995,1172
4497.299916942881,4496.924916942881,4497.674916942881,1966,887,1427
4498.160701760271,4497.910701760271,4498.410701760271,2668,991,1830
4500.912073992227,4500.787073992227,4501.037073992227,824,2221,1523
4499.6429808655375,4499.5179808655375,4499.7679808655375,1134,1957,1546
4499.653390116912,4499.528390116912,4499.778390116912,674,1125,900
4499.547544621012,4499.297544621012,4499.797544621012,1535,1376,1456
4499.290586239427,4499.040586239427,4499.540586239427,694,975,835
4499.9558133542905,4499.7058133542905,4500.2058133542905,1425,1286,1356
4500.416237266957,4500.291237266957,4500.541237266957,1559,758,1159
4499.592588677012,4499.467588677012,4499.717588677012,1222,1133,1178
4496.321496909481,4496.196496909481,4496.446496909481,1293,2488,1891
4497.008706538281,4496.883706538281,4497.133706538281,1027,2108,1568
4494.666062470408,4494.541062470408,4494.791062470408,954,1481,1218
4499.037461117517,4498.912461117517,4499.162461117517,1286,2047,1667
4500.476745789346,4500.101745789346,4500.851745789346,439,1186,813
4501.6197211788285,4501.4947211788285,4501.7447211788285,575,1696,1136
4499.851446475522,4499.601446475522,4500.101446475522,1397,1380,1389
4496.170487077414,4495.920487077414,4496.420487077414,1444,1111,1278
4495.6719611878325,4495.5469611878325,4495.7969611878325,1229,606,918
4493.569590780121,4493.444590780121,4493.694590780121,953,1174,1064
4495.534247174009,4495.409247174009,4495.659247174009,782,2063,1423
4496.2607056142815,4496.0107056142815,4496.5107056142815,758,1787,1273
4496.444303346124,4496.069303346124,4496.819303346124,1823,1922,1873
4498.772447313093,4498.647447313093,4498.897447313093,2645,1056,1851
4494.966435606531,4494.841435606531,4495.091435606531,1264,1481,1373
4496.448841657944,4496.323841657944,4496.573841657944,2041,816,1429
4496.992145459599,4496.742145459599,4497.242145459599,1231,1040,1136
4500.576714474395,4500.326714474395,4500.826714474395,1119,1896,1508
4499.18077300472,4498.93077300472,4499.43077300472,1408,1543,1476
4500.281155222248,4500.156155222248,4500.406155222248,927,1470,1199
4506.140513415907,4505.890513415907,4506.390513415907,1153,1928,1541
4504.136730476211,4503.886730476211,4504.386730476211,1620,867,1244
4503.638751918427,4503.513751918427,4503.763751918427,901,936,919
4500.160540539587,4499.910540539587,4500.410540539587,990,867,929
4497.528424871886,4497.403424871886,4497.653424871886,1587,974,1281
4497.011835312732,4496.886835312732,4497.136835312732,1163,848,1006
4495.122009703319,4494.997009703319,4495.247009703319,1240,2365,1803
4496.488261183978,4496.363261183978,4496.613261183978,1242,1573,1408
4499.945776232634,4499.820776232634,4500.070776232634,1482,2461,1972
4501.238051558449,4501.113051558449,4501.363051558449,1484,727,1106
4505.5472564466145,4505.4222564466145,4505.6722564466145,1315,954,1135
4509.3852407333525,4509.2602407333525,4509.5102407333525,1566,1215,1391
4509.822721338198,4509.697721338198,4509.947721338198,1136,663,900
4507.996627600474,4507.621627600474,4508.371627600474,1008,633,821
4510.237286182559,4510.112286182559,4510.362286182559,995,830,913
4507.361143796757,4507.111143796757,4507.611143796757,2382,1035,1709
4512.835132194445,4512.710132194445,4512.960132194445,1989,1700,1845
4510.604891549692,4510.229891549692,4510.979891549692,2302,1579,1941
4511.622808271372,4511.497808271372,4511.747808271372,1091,2026,1559
4511.9492032524395,4511.6992032524395,4512.1992032524395,586,1123,855
4509.297637398167,4509.172637398167,4509.422637398167,1108,1625,1367
4510.902590070379,4510.652590070379,4511.152590070379,1113,1016,1065
4515.246523039901,4514.996523039901,4515.496523039901,1326,1767,1547
4514.699891637102,4514.574891637102,4514.824891637102,1989,866,1428
4514.300113521704,4514.175113521704,4514.425113521704,1465,2144,1805
4514.31709579301,4514.19209579301,4514.44209579301,1711,1992,1852
4513.351294386571,4513.226294386571,4513.476294386571,1328,1621,1475
4514.032450342948,4513.907450342948,4514.157450342948,1860,1819,1840
4517.158788357799,4517.033788357799,4517.283788357799,1236,1535,1386
4516.137143983548,4515.762143983548,4516.512143983548,762,1303,1033
4515.840440522662,4515.465440522662,4516.215440522662,1411,1636,1524
4518.790877861538,4518.665877861538,4518.915877861538,1659,1430,1545
4516.674903307868,4516.549903307868,4516.799903307868,997,2880,1939
4520.4209558043185,4520.2959558043185,4520.5459558043185,964,1049,1007
4523.940138397426,4523.565138397426,4524.315138397426,824,1315,1070
4528.429338805401,4528.179338805401,4528.679338805401,2082,1815,1949
4531.446507807731,4531.321507807731,4531.571507807731,1057,1450,1254
4533.923542013078,4533.798542013078,4534.048542013078,593,1532,1063
4535.0476845222065,4534.9226845222065,4535.1726845222065,1267,2296,1782
4535.312074305028,4535.187074305028,4535.437074305028,928,1241,1085
4533.367732911583,4533.117732911583,4533.617732911583,816,963,890
4533.081616165343,4532.831616165343,4533.331616165343,1278,657,968
4531.214982246959,4531.089982246959,4531.339982246959,1572,1437,1505
4530.3081983709435,4530.1831983709435,4530.4331983709435,1741,686,1214
4532.498531207409,4532.248531207409,4532.748531207409,910,2417,1664
4530.076350149986,4529.951350149986,4530.201350149986,1666,761,1214
4530.921542984458,4530.671542984458,4531.171542984458,563,1158,861
4532.037647825092,4531.912647825092,4532.162647825092,977,1224,1101
4533.038103018105,4532.913103018105,4533.163103018105,1412,2475,1944
4527.970682705891,4527.720682705891,4528.220682705891,1427,1264,1346
4528.263804432589,4528.138804432589,4528.388804432589,2811,1134,1973
4529.923924198878,4529.798924198878,4530.048924198878,2049,786,1418
4531.619573004697,4531.244573004697,4531.994573004697,2001,1580,1791
4523.843189584882,4523.718189584882,4523.968189584882,476,1379,928
4526.162232657155,4525.787232657155,4526.537232657155,2171,1418,1795
4527.129623951133,4527.004623951133,4527.254623951133,669,1124,897
4527.16830402565,4527.04330402565,4527.29330402565,898,2449,1674
4526.819257463326,4526.569257463326,4527.069257463326,2382,1537,1960
4529.783172967575,4529.658172967575,4529.908172967575,1845,662,1254
4533.705410704779,4533.580410704779,4533.830410704779,1643,584,1114
4536.979194646791,4536.729194646791,4537.229194646791,1349,472,911
4535.648172793514,4535.398172793514,4535.898172793514,2460,1507,1984
4536.188409530862,4536.063409530862,4536.313409530862,1025,1088,1057
4538.147402652663,4538.022402652663,4538.272402652663,1225,1522,1374
4539.681178881734,4539.431178881734,4539.931178881734,927,746,837
4541.010256626112,4540.635256626112,4541.385256626112,736,1241,989
4539.51623113552,4539.39123113552,4539.64123113552,1469,2150,1810
4539.168284827944,4538.918284827944,4539.418284827944,954,1097,1026
4539.462426095974,4539.337426095974,4539.587426095974,1123,974,1049
4539.63973352089,4539.51473352089,4539.76473352089,2481,1132,1807
4541.048151277693,4540.923151277693,4541.173151277693,1156,1517,1337
4541.254544924022,4541.129544924022,4541.379544924022,2557,1316,1937
4537.7188189618655,4537.4688189618655,4537.9688189618655,1061,2092,1577
4538.85114375035,4538.72614375035,4538.97614375035,1325,1558,1442
4539.550567128305,4539.425567128305,4539.675567128305,834,1669,1252
4542.407320528058,4542.032320528058,4542.782320528058,1460,1857,1659
4541.432837696239,4541.307837696239,4541.557837696239,2464,1501,1983
4539.892801149986,4539.642801149986,4540.142801149986,1489,1846,1668
4544.805681795536,4544.680681795536,4544.930681795536,1539,972,1256
4541.845306626266,4541.595306626266,4542.095306626266,1689,1526,1608
4547.332244962542,4547.082244962542,4547.582244962542,1127,1234,1181
4544.782766782821,4544.532766782821,4545.032766782821,1054,2247,1651
4545.090350972523,4544.840350972523,4545.340350972523,2103,1544,1824
4543.600899644163,4543.475899644163,4543.725899644163,1108,1869,1489
4543.090591099433,4542.965591099433,4543.215591099433,2586,1367,1977
4541.183965869113,4540.933965869113,4541.433965869113,671,1996,1334
4542.344051114451,4541.969051114451,4542.719051114451,1705,1742,1724
4542.7497310848275,4542.6247310848275,4542.8747310848275,1902,1517,1710
4542.371608137315,4542.121608137315,4542.621608137315,1982,1805,1894
4541.519474463912,4541.394474463912,4541.644474463912,1846,639,1243
4545.04026270853,4544.91526270853,4545.16526270853,1631,1660,1646
4542.071483717429,4541.821483717429,4542.321483717429,1042,2649,1846
4542.85715558066,4542.73215558066,4542.98215558066,1621,2302,1962
4542.237104252652,4542.112104252652,4542.362104252652,1686,805,1246
4543.483454106092,4543.233454106092,4543.733454106092,2283,876,1580
4543.049634478938,4542.799634478938,4543.299634478938,820,1227,1024
4545.062422960257,4544.812422960257,4545.312422960257,790,1783,1287
4543.160329304117,4542.785329304117,4543.535329304117,1207,1500,1354
4547.497835343383,4547.372835343383,4547.622835343383,2305,1526,1916
4544.142815633631,4543.892815633631,4544.392815633631,2590,1029,1810
4546.911888630459,4546.786888630459,4547.036888630459,1043,884,964
4546.200035730062,4546.075035730062,4546.325035730062,808,941,875
4547.866136973551,4547.741136973551,4547.991136973551,2208,1743,1976
4545.169015579888,4544.919015579888,4545.419015579888,1136,1115,1126
4542.620341066764,4542.370341066764,4542.870341066764,1253,972,1113
4543.72937146667,4543.47937146667,4543.97937146667,1223,2600,1912
4542.945904528258,4542.820904528258,4543.070904528258,622,1573,1098
4542.8567938888555,4542.7317938888555,4542.9817938888555,833,1132,983
4544.406289621035,4544.281289621035,4544.531289621035,1130,779,955
4545.751490668873,4545.501490668873,4546.001490668873,1219,2162,1691
4545.524267241371,4545.399267241371,4545.649267241371,948,2285,1617
4543.235399626535,4542.860399626535,4543.610399626535,1000,869,935
4545.618372374465,4545.368372374465,4545.868372374465,1777,1490,1634
4546.66121946595,4546.53621946595,4546.78621946595,960,2345,1653
4547.055275538566,4546.930275538566,4547.180275538566,814,1087,951
4550.591741983164,4550.466741983164,4550.716741983164,1117,2184,1651
4548.5138591414725,4548.2638591414725,4548.7638591414725,1883,1592,1738
4549.3688254794415,4549.1188254794415,4549.6188254794415,1515,1222,1369
4545.300706998353,4545.175706998353,4545.425706998353,1202,1567,1385
4548.491508952601,4548.241508952601,4548.741508952601,1632,969,1301
4548.461742370279,4548.211742370279,4548.711742370279,1064,1317,1191
4548.3371398242525,4548.2121398242525,4548.4621398242525,1347,2360,1854
4548.26528482923,4548.14028482923,4548.39028482923,1819,896,1358
4547.923939298978,4547.798939298978,4548.048939298978,1435,1790,1613
4553.341439098885,4553.216439098885,4553.466439098885,630,1303,967
4551.620653362624,4551.370653362624,4551.870653362624,935,1718,1327
4554.308450798328,4554.183450798328,4554.433450798328,1729,2238,1984
4556.699398319372,4556.574398319372,4556.824398319372,2393,850,1622
4556.005459464877,4555.880459464877,4556.130459464877,1149,808,979
4554.816693834919,4554.691693834919,4554.941693834919,2036,895,1466
4552.9718212475345,4552.7218212475345,4553.2218212475345,797,2184,1491
4551.208616893227,4550.958616893227,4551.458616893227,527,1444,986
4554.3652407959,4554.2402407959,4554.4902407959,1812,945,1379
4552.105485190283,4551.980485190283,4552.230485190283,770,2105,1438
4557.995343181235,4557.745343181235,4558.245343181235,1219,1774,1497
4556.434689000435,4556.309689000435,4556.559689000435,881,1158,1020
4554.994500118178,4554.619500118178,4555.369500118178,2305,1394,1850
4553.826061944517,4553.701061944517,4553.951061944517,1510,2015,1763
4556.3509129923395,4556.2259129923395,4556.4759129923395,1380,1625,1503
4559.685277111333,4559.560277111333,4559.810277111333,1547,852,1200
4558.145215589383,4557.895215589383,4558.395215589383,2244,1141,1693
4557.484874856526,4557.359874856526,4557.609874856526,1543,952,1248
4561.417970678544,4561.292970678544,4561.542970678544,1263,2336,1800
4558.0688503774045,4557.9438503774045,4558.1938503774045,1724,2127,1926
4559.489706515834,4559.239706515834,4559.739706515834,1552,525,1039
4562.06813517003,4561.94313517003,4562.19313517003,868,1429,1149
4563.2947735497,4562.9197735497,4563.6697735497,784,1017,901
4564.2875567120445,4564.0375567120445,4564.5375567120445,893,1658,1276
4565.17580998513,4565.05080998513,4565.30080998513,1530,2387,1959
4564.986344561007,4564.611344561007,4565.361344561007,1033,964,999
4564.557793204819,4564.307793204819,4564.807793204819,1213,1562,1388
4566.263916470113,4566.013916470113,4566.513916470113,2147,1450,1799
4564.365757590286,4564.115757590286,4564.615757590286,1099,576,838
4566.678862041289,4566.428862041289,4566.928862041289,679,1670,1175
4567.680145598873,4567.555145598873,4567.805145598873,1572,1573,1573
4569.462687323062,4569.212687323062,4569.712687323062,673,976,825
4569.321738072697,4569.196738072697,4569.446738072697,790,1603,1197
4568.828874782555,4568.703874782555,4568.953874782555,986,1619,1303
4569.3435174791275,4569.2185174791275,4569.4685174791275,1064,2665,1865
4568.135500554607,4568.010500554607,4568.260500554607,1326,1163,1245
4567.366994114121,4567.116994114121,4567.616994114121,1577,1506,1542
4566.3426760288285,4566.0926760288285,4566.5926760288285,1134,775,955
4565.538763484997,4565.413763484997,4565.663763484997,1183,2462,1823
4563.699883091187,4563.324883091187,4564.074883091187,730,1039,885
4559.668198533485,4559.293198533485,4560.043198533485,2258,1423,1841
4561.076714553314,4560.951714553314,4561.201714553314,2050,917,1484
4564.372764477409,4564.247764477409,4564.497764477409,908,829,869
4568.708854255622,4568.583854255622,4568.833854255622,1064,1109,1087
4562.559030340056,4562.434030340056,4562.684030340056,2406,967,1687
4561.3865938770105,4561.0115938770105,4561.7615938770105,2322,1327,1825
4567.537949892113,4567.162949892113,4567.912949892113,1446,2521,1984
4567.991184711326,4567.741184711326,4568.241184711326,1402,1163,1283
4567.909598676612,4567.659598676612,4568.159598676612,1680,1043,1362
4563.799294326796,4563.674294326796,4563.924294326796,636,1451,1044
4569.360322285359,4568.985322285359,4569.735322285359,1439,1448,1444
4569.999688608359,4569.874688608359,4570.124688608359,1397,1820,1609
4567.917356385388,4567.542356385388,4568.292356385388,1293,2328,1811
4566.841325778636,4566.716325778636,4566.966325778636,1959,772,1366
4566.9689860776325,4566.7189860776325,4567.2189860776325,1565,1706,1636
4563.252705046605,4563.127705046605,4563.377705046605,1436,2369,1903
4562.601929835383,4562.226929835383,4562.976929835383,1505,1580,1543
4564.572115649725,4564.322115649725,4564.822115649725,687,912,800
4561.877331268803,4561.627331268803,4562.127331268803,1199,956,1078
4565.624788720588,4565.249788720588,4565.999788720588,1138,1177,1158
4565.421349785012,4565.296349785012,4565.546349785012,1023,2864,1944
4567.642805039555,4567.517805039555,4567.767805039555,1008,851,930
4568.358683211779,4568.108683211779,4568.608683211779,2108,1279,1694
4573.345190297584,4573.220190297584,4573.470190297584,1008,1567,1288
4571.830651649733,4571.455651649733,4572.205651649733,892,2509,1701
4568.279210618251,4567.904210618251,4568.654210618251,1030,1783,1407
4562.626172058042,4562.376172058042,4562.876172058042,1455,2424,1940
4559.122107496625,4558.997107496625,4559.247107496625,1456,2409,1933
4565.785346662216,4565.660346662216,4565.910346662216,1189,802,996
4562.950626588309,4562.825626588309,4563.075626588309,2444,1283,1864
4562.150110019889,4561.775110019889,4562.525110019889,1695,616,1156
4556.966930748168,4556.591930748168,4557.341930748168,766,931,849
4555.238441360054,4555.113441360054,4555.363441360054,1551,716,1134
4554.784948104427,4554.659948104427,4554.909948104427,873,1160,1017
4558.863696516637,4558.738696516637,4558.988696516637,990,663,827
4560.935859890503,4560.810859890503,4561.060859890503,1276,1231,1254
4560.971895952306,4560.846895952306,4561.096895952306,969,858,914
4564.790681590366,4564.665681590366,4564.915681590366,1686,669,1178
4564.936887916491,4564.811887916491,4565.061887916491,1795,1054,1425
4564.071658194154,4563.696658194154,4564.446658194154,750,1579,1165
4559.369111439479,4559.119111439479,4559.619111439479,1189,422,806
4556.107907565735,4555.982907565735,4556.232907565735,722,2155,1439
4558.6637598833095,4558.5387598833095,4558.7887598833095,2349,1166,1758
4555.488849849213,4555.363849849213,4555.613849849213,891,894,893
4547.830979528069,4547.580979528069,4548.080979528069,764,1581,1173
4549.268080210134,4549.143080210134,4549.393080210134,1467,1040,1254
4552.956268017768,4552.831268017768,4553.081268017768,1306,1565,1436
4552.769239522637,4552.519239522637,4553.019239522637,1649,2072,1861
4555.068275106075,4554.943275106075,4555.193275106075,1479,600,1040
4556.794877492917,4556.669877492917,4556.919877492917,696,1475,1086
4550.013219740254,4549.763219740254,4550.263219740254,566,1143,855
4542.8639620747035,4542.7389620747035,4542.9889620747035,938,1495,1217
4543.389238195923,4543.264238195923,4543.514238195923,1520,1075,1298
4547.629971298407,4547.504971298407,4547.754971298407,1176,1337,1257
4549.148125673435,4548.898125673435,4549.398125673435,636,1435,1036
4554.972197109896,4554.847197109896,4555.097197109896,1047,1046,1047
4550.153054197767,4549.903054197767,4550.403054197767,1497,1886,1692
4552.381396410695,4552.256396410695,4552.506396410695,2289,1194,1742
4549.20814572127,4549.08314572127,4549.33314572127,1095,1370,1233
4545.164006649584,4544.914006649584,4545.414006649584,1273,1044,1159
4545.4477727639205,4545.3227727639205,4545.5727727639205,959,2248,1604
4546.418930097693,4546.168930097693,4546.668930097693,1883,1326,1605
4542.15227925565,4541.90227925565,4542.40227925565,1349,648,999
4540.734576557299,4540.484576557299,4540.984576557299,993,2154,1574
4538.387366143812,4538.137366143812,4538.637366143812,1200,1787,1494
4535.631808454465,4535.381808454465,4535.881808454465,1680,1889,1785
4535.798159212002,4535.673159212002,4535.923159212002,1675,714,1195
4531.7592807073515,4531.6342807073515,4531.8842807073515,558,1377,968
4530.681122590455,4530.556122590455,4530.806122590455,1633,1864,1749
4529.350555142262,4529.225555142262,4529.475555142262,823,2116,1470
4531.475662204341,4531.350662204341,4531.600662204341,1741,984,1363
4531.077672638129,4530.952672638129,4531.202672638129,693,1960,1327
4523.605848639597,4523.230848639597,4523.980848639597,1073,1348,1211
4522.615248418307,4522.365248418307,4522.865248418307,1288,1137,1213
4521.812614873767,4521.687614873767,4521.937614873767,1458,2401,1930
4523.325395113168,4522.950395113168,4523.700395113168,1549,1222,1386
4524.400697942619,4524.275697942619,4524.525697942619,2842,1037,1940
4525.033087484755,4524.908087484755,4525.158087484755,2375,978,1677
4520.760708569876,4520.635708569876,4520.885708569876,1319,984,1152
4517.87371428436,4517.74871428436,4517.99871428436,1999,984,1492
4515.470358666022,4515.345358666022,4515.595358666022,1239,2094,1667
4513.267821984752,4513.017821984752,4513.517821984752,2517,1462,1990
4506.3749599498815,4506.2499599498815,4506.4999599498815,934,2597,1766
4502.8047767954695,4502.5547767954695,4503.0547767954695,1969,1210,1590
4498.386769300069,4498.136769300069,4498.636769300069,845,2152,1499
4497.471405399293,4497.221405399293,4497.721405399293,1174,1433,1304
4501.233474663086,4500.983474663086,4501.483474663086,717,1452,1085
4502.385705854115,4502.260705854115,4502.510705854115,1390,619,1005
4496.997646647744,4496.747646647744,4497.247646647744,536,1089,813
4498.737106253679,4498.612106253679,4498.862106253679,1318,1901,1610
4500.790314913283,4500.665314913283,4500.915314913283,1886,1897,1892
4502.030676159444,4501.780676159444,4502.280676159444,1682,789,1236
4499.422525811922,4499.297525811922,4499.547525811922,549,1236,893
4496.1124594460725,4495.9874594460725,4496.2374594460725,961,1708,1335
4496.70864381147,4496.45864381147,4496.95864381147,1738,2071,1905
4497.618695861083,4497.493695861083,4497.743695861083,506,1393,950
4500.823963401792,4500.698963401792,4500.948963401792,1903,1140,1522
4502.05635197169,4501.93135197169,4502.18135197169,1057,1614,1336
4503.421228338056,4503.296228338056,4503.546228338056,2454,1177,1816
4510.804669687257,4510.679669687257,4510.929669687257,1177,1926,1552
4513.309106617065,4513.059106617065,4513.559106617065,1112,1941,1527
4516.100590586678,4515.975590586678,4516.225590586678,1918,1443,1681
4516.05229213713,4515.80229213713,4516.30229213713,2403,1204,1804
4504.839487162674,4504.714487162674,4504.964487162674,1283,2264,1774
4508.399337628786,4508.149337628786,4508.649337628786,1866,1073,1470
4512.947445683988,4512.572445683988,4513.322445683988,1512,623,1068
4510.115312780311,4509.990312780311,4510.240312780311,1393,950,1172
4514.868971499595,4514.743971499595,4514.993971499595,1460,1415,1438
4513.716238966433,4513.591238966433,4513.841238966433,1071,990,1031
4519.1605070891255,4519.0355070891255,4519.2855070891255,1884,1521,1703
4519.17818764759,4518.92818764759,4519.42818764759,2577,1156,1867
4517.448960305285,4517.323960305285,4517.573960305285,2354,1397,1876
4523.248125327434,4523.123125327434,4523.373125327434,1171,1514,1343
4524.193239359694,4523.943239359694,4524.443239359694,1226,2549,1888
4520.013964118959,4519.888964118959,4520.138964118959,1074,1681,1378
4520.449161283821,4520.324161283821,4520.574161283821,1674,1189,1432
4522.466929128469,4522.216929128469,4522.716929128469,2148,767,1458
4521.688534067507,4521.563534067507,4521.813534067507,2755,1238,1997
4519.310324182686,4519.060324182686,4519.560324182686,1516,1337,1427
4517.492867305955,4517.367867305955,4517.617867305955,2285,1400,1843
4522.975958955029,4522.850958955029,4523.100958955029,2316,889,1603
4527.608539527674,4527.483539527674,4527.733539527674,1029,2262,1646
4528.559956826804,4528.434956826804,4528.684956826804,1469,896,1183
4533.947066198989,4533.697066198989,4534.197066198989,2021,1806,1914
4534.248548038236,4533.873548038236,4534.623548038236,1042,649,846
4538.287823022944,4538.162823022944,4538.412823022944,2248,1089,1669
4536.171113519041,4536.046113519041,4536.296113519041,1017,726,872
4534.167234139238,4533.792234139238,4534.542234139238,1116,1175,1146
4535.061265933069,4534.686265933069,4535.436265933069,923,1472,1198
4539.192536057976,4539.067536057976,4539.317536057976,674,1597,1136
4543.696418074549,4543.571418074549,4543.821418074549,779,2104,1442
4539.506995697184,4539.256995697184,4539.756995697184,904,837,871
4533.227799417391,4533.102799417391,4533.352799417391,2830,1061,1946
4529.545355152481,4529.420355152481,4529.670355152481,1103,1530,1317
4535.197041422617,4535.072041422617,4535.322041422617,985,1294,1140
4534.470443440294,4534.345443440294,4534.595443440294,956,2299,1628
4539.53554706843,4539.28554706843,4539.78554706843,1353,1126,1240
4546.061165626355,4545.686165626355,4546.436165626355,1258,1513,1386
4549.296951701873,4549.046951701873,4549.546951701873,1200,2161,1681
4545.3606799802465,4545.1106799802465,4545.6106799802465,2644,1159,1902
4542.156018903361,4542.031018903361,4542.281018903361,1166,1711,1439
4549.777084423159,4549.527084423159,4550.027084423159,1149,1712,1431
4546.115874633263,4545.990874633263,4546.240874633263,1172,1825,1499
4549.916775032015,4549.791775032015,4550.041775032015,2525,1180,1853
4548.182154562772,4548.057154562772,4548.307154562772,1081,1398,1240
4553.238863613807,4553.113863613807,4553.363863613807,829,912,871
4553.156536002006,4552.906536002006,4553.406536002006,2020,1007,1514
4551.528928717686,4551.403928717686,4551.653928717686,1553,712,1133
4552.357464370638,4552.107464370638,4552.607464370638,1717,768,1243
4552.900896921746,4552.775896921746,4553.025896921746,2346,913,1630
4552.878102439992,4552.628102439992,4553.128102439992,1846,1053,1450
4555.811684904867,4555.561684904867,4556.061684904867,1675,2246,1961
4553.196843284355,4553.071843284355,4553.321843284355,2330,967,1649
4554.906432879356,4554.781432879356,4555.031432879356,606,1295,951
4561.580417625881,4561.455417625881,4561.705417625881,987,1212,1100
4552.177122317478,4552.052122317478,4552.302122317478,2279,778,1529
4548.591377222529,4548.216377222529,4548.966377222529,803,1282,1043
4541.769816941965,4541.644816941965,4541.894816941965,1852,1249,1551
4544.455905742227,4544.205905742227,4544.705905742227,2444,859,1652
4543.068429703833,4542.943429703833,4543.193429703833,1042,1807,1425
4543.2221006611635,4542.9721006611635,4543.4721006611635,595,1012,804
4541.615210183718,4541.365210183718,4541.865210183718,1104,751,928
4536.9288996803725,4536.8038996803725,4537.0538996803725,2010,721,1366
4537.108486313913,4536.983486313913,4537.233486313913,1341,2634,1988
4544.252951282944,4544.002951282944,4544.502951282944,812,1973,1393
4539.221432644087,4539.096432644087,4539.346432644087,1582,835,1209
4535.522518536072,4535.272518536072,4535.772518536072,1272,2699,1986
4541.855775587798,4541.605775587798,4542.105775587798,958,691,825
4542.268743818326,4542.143743818326,4542.393743818326,1153,996,1075
4540.199687818925,4539.824687818925,4540.574687818925,905,1500,1203
4537.970189902113,4537.720189902113,4538.220189902113,1683,2016,1850
4538.482657190996,4538.357657190996,4538.607657190996,1650,1819,1735
4538.201176017884,4538.076176017884,4538.326176017884,1107,2090,1599
4539.00868964173,4538.88368964173,4539.13368964173,1668,2117,1893
4537.550296214198,4537.300296214198,4537.800296214198,1537,902,1220
4535.39045334758,4535.01545334758,4535.76545334758,1967,1000,1484
4534.583639753551,4534.333639753551,4534.833639753551,1108,1133,1121
4541.533749663477,4541.408749663477,4541.658749663477,1100,1997,1549
4538.170077916406,4538.045077916406,4538.295077916406,1195,1174,1185
4536.637036323442,4536.512036323442,4536.762036323442,1924,997,1461
4538.37654822475,4538.25154822475,4538.50154822475,1329,2078,1704
4541.766320892515,4541.391320892515,4542.141320892515,1156,1791,1474
4541.613007847485,4541.363007847485,4541.863007847485,1139,862,1001
4548.671401208469,4548.421401208469,4548.921401208469,972,2315,1644
4544.6856500609165,4544.5606500609165,4544.8106500609165,1224,1637,1431
4547.155783991701,4547.030783991701,4547.280783991701,1203,2612,1908
4550.771142835388,4550.646142835388,4550.896142835388,1757,662,1210
4556.334514586064,4556.209514586064,4556.459514586064,788,1821,1305
4552.865663458038,4552.490663458038,4553.240663458038,1151,754,953
4557.4801323915,4557.2301323915,4557.7301323915,1757,790,1274
4555.3136285319715,4555.1886285319715,4555.4386285319715,1900,1739,1820
4558.287742244089,4558.037742244089,4558.537742244089,1347,1824,1586
4558.01650493157,4557.76650493157,4558.26650493157,1067,1588,1328
4550.798749425296,4550.548749425296,4551.048749425296,980,1169,1075
4547.301245228191,4547.051245228191,4547.551245228191,1531,1418,1475
4547.881749667978,4547.756749667978,4548.006749667978,1021,2708,1865
4539.473293822437,4539.348293822437,4539.598293822437,824,1303,1064
4536.132226427564,4536.007226427564,4536.257226427564,658,1551,1105
4539.332487209269,4539.082487209269,4539.582487209269,1118,1859,1489
4541.973776788051,4541.848776788051,4542.098776788051,703,1126,915
4539.117576925962,4538.867576925962,4539.367576925962,992,733,863
4541.401342137591,4541.151342137591,4541.651342137591,669,1736,1203
4550.675093211676,4550.550093211676,4550.800093211676,915,2196,1556
4552.473521001402,4552.223521001402,4552.723521001402,1266,1329,1298
4549.174300561456,4549.049300561456,4549.299300561456,702,1297,1000
4549.81714321799,4549.69214321799,4549.94214321799,2363,1156,1760
4551.674039492294,4551.549039492294,4551.799039492294,773,1522,1148
4548.176361044538,4548.051361044538,4548.301361044538,965,2856,1911
4550.928381275688,4550.678381275688,4551.178381275688,1858,1029,1444
4547.698447962225,4547.573447962225,4547.823447962225,2555,1288,1922
4548.077434189247,4547.952434189247,4548.202434189247,2337,1398,1868
4553.598840631696,4553.348840631696,4553.848840631696,582,1217,900
4554.588768942879,4554.338768942879,4554.838768942879,1169,2206,1688
4554.24439822425,4553.99439822425,4554.49439822425,1134,1207,1171
4556.207096661629,4556.082096661629,4556.332096661629,1252,709,981
4557.338571797866,4557.213571797866,4557.463571797866,632,1283,958
4558.51467155217,4558.26467155217,4558.76467155217,842,1469,1156
4562.917954506871,4562.792954506871,4563.042954506871,1919,1436,1678
4561.122321621316,4560.872321621316,4561.372321621316,920,1051,986
4555.6223680657,4555.3723680657,4555.8723680657,1125,1002,1064
4550.512077577659,4550.387077577659,4550.637077577659,2043,1406,1725
4549.889794519015,4549.764794519015,4550.014794519015,931,1184,1058
4550.8348685377605,4550.7098685377605,4550.9598685377605,605,1024,815
4547.609140056879,4547.359140056879,4547.859140056879,2211,1542,1877
4551.264727817541,4551.014727817541,4551.514727817541,623,1468,1046
4554.577621346589,4554.202621346589,4554.952621346589,1486,715,1101
4553.001106592343,4552.751106592343,4553.251106592343,1345,512,929
4551.730748067311,4551.605748067311,4551.855748067311,1506,905,1206
4555.365299794533,4555.240299794533,4555.490299794533,553,1640,1097
4560.090977192621,4559.840977192621,4560.340977192621,1203,2388,1796
4559.185013818009,4559.060013818009,4559.310013818009,2090,1049,1570
4552.964261993817,4552.839261993817,4553.089261993817,1767,1060,1414
4562.064440841137,4561.939440841137,4562.189440841137,776,2221,1499
4556.37142761913,4556.12142761913,4556.62142761913,929,716,823
4560.31233955077,4560.18733955077,4560.43733955077,747,1100,924
4572.193832967122,4572.068832967122,4572.318832967122,1979,1682,1831
4575.128868748823,4575.003868748823,4575.253868748823,1515,540,1028
4576.0954631818795,4575.9704631818795,4576.2204631818795,1009,1204,1107
4576.054301728586,4575.679301728586,4576.429301728586,929,1016,973
4581.1091212573965,4580.9841212573965,4581.2341212573965,596,1135,866
4585.309088970952,4585.184088970952,4585.434088970952,1170,1877,1524
4582.352210032409,4582.102210032409,4582.602210032409,587,1296,942
4583.6885787091705,4583.3135787091705,4584.0635787091705,1906,2059,1983
4584.264786707634,4584.139786707634,4584.389786707634,1163,658,911
4586.410209147626,4586.035209147626,4586.785209147626,1663,2284,1974
4582.406939737661,4582.281939737661,4582.531939737661,1608,1177,1393
4573.841121602075,4573.466121602075,4574.216121602075,1419,874,1147
4577.3412370287615,4577.2162370287615,4577.4662370287615,947,1206,1077
4576.499124123653,4576.374124123653,4576.624124123653,1067,2348,1708
4573.940110484496,4573.690110484496,4574.190110484496,1224,2173,1699
4580.061334725452,4579.936334725452,4580.186334725452,2641,920,1781
4579.508739529966,4579.133739529966,4579.883739529966,1533,2104,1819
4581.833932365296,4581.458932365296,4582.208932365296,1438,921,1180
4588.134702321918,4587.884702321918,4588.384702321918,2195,1556,1876
4586.457769806091,4586.332769806091,4586.582769806091,1098,1201,1150
4588.087046305355,4587.962046305355,4588.212046305355,1190,2683,1937
4587.352766280005,4587.227766280005,4587.477766280005,1733,1630,1682
4585.530783946914,4585.405783946914,4585.655783946914,2715,1266,1991
4593.409707486281,4593.284707486281,4593.534707486281,1217,1112,1165
4593.411426330675,4593.161426330675,4593.661426330675,1889,1514,1702
4593.460901064159,4593.335901064159,4593.585901064159,1735,648,1192
4599.413348601116,4599.288348601116,4599.538348601116,1275,2006,1641
4602.946649425568,4602.696649425568,4603.196649425568,664,1833,1249
4599.860531982287,4599.735531982287,4599.985531982287,1090,2357,1724
4596.64844390042,4596.52344390042,4596.77344390042,2051,1428,1740
4599.11270301337,4598.98770301337,4599.23770301337,1034,2733,1884
4604.744800662233,4604.619800662233,4604.869800662233,1928,2069,1999
4610.508715806753,4610.383715806753,4610.633715806753,1770,989,1380
4611.66297091046,4611.53797091046,4611.78797091046,753,900,827
4611.404788140158,4611.154788140158,4611.654788140158,1394,1173,1284
4617.472138640723,4617.097138640723,4617.847138640723,1754,1585,1670
4615.297186212479,4615.172186212479,4615.422186212479,969,1142,1056
4616.655202451373,4616.280202451373,4617.030202451373,1148,1551,1350
4620.463281261183,4620.088281261183,4620.838281261183,658,1485,1072
4615.0252144353335,4614.7752144353335,4615.2752144353335,1105,1144,1125
4611.535521127768,4611.285521127768,4611.785521127768,2269,1370,1820
4620.990570100539,4620.865570100539,4621.115570100539,758,971,865
4624.5143845975535,4624.3893845975535,4624.6393845975535,1028,1079,1054
4615.68906339523,4615.56406339523,4615.81406339523,2869,1032,1951
4613.284240357269,4613.159240357269,4613.409240357269,1145,614,880
4610.24025441156,4610.11525441156,4610.36525441156,765,1014,890
4603.658530399463,4603.408530399463,4603.908530399463,1382,2561,1972
4604.242895425404,4604.117895425404,4604.367895425404,1421,2232,1827
4597.814887365602,4597.564887365602,4598.064887365602,1360,1355,1358
4601.2307164092845,4601.1057164092845,4601.3557164092845,1825,1230,1528
4602.060915558178,4601.685915558178,4602.435915558178,803,1222,1013
4601.965847125413,4601.840847125413,4602.090847125413,2613,1220,1917
4601.313049980552,4601.188049980552,4601.438049980552,1228,511,870
4599.31566561306,4599.19066561306,4599.44066561306,1700,1931,1816
4596.105581193295,4595.980581193295,4596.230581193295,1681,802,1242
4600.908417516432,4600.783417516432,4601.033417516432,1165,534,850
4602.229268459376,4601.854268459376,4602.604268459376,507,1472,990
4599.3563512017245,4598.9813512017245,4599.7313512017245,1182,1177,1180
4598.683505979257,4598.433505979257,4598.933505979257,1780,1115,1448
4598.136890339604,4597.886890339604,4598.386890339604,913,1136,1025
4597.332339381098,4597.207339381098,4597.457339381098,943,2784,1864
4596.487737479899,4596.237737479899,4596.737737479899,987,2046,1517
4596.21338252683,4596.08838252683,4596.33838252683,1423,1338,1381
4592.624453632858,4592.374453632858,4592.874453632858,987,2088,1538
4591.118244691877,4590.993244691877,4591.243244691877,1346,1637,1492
4593.557455490777,4593.432455490777,4593.682455490777,1379,2578,1979
4590.465752054755,4590.340752054755,4590.590752054755,1332,827,1080
4601.602137923042,4601.352137923042,4601.852137923042,2289,1200,1745
4595.9145338122935,4595.7895338122935,4596.0395338122935,2641,1054,1848
4593.580167096417,4593.455167096417,4593.705167096417,1033,1656,1345
4596.704502807985,4596.579502807985,4596.829502807985,1627,1074,1351
4605.493227750384,4605.368227750384,4605.618227750384,1702,741,1222
4610.244060531624,4610.119060531624,4610.369060531624,2044,1003,1524
4603.9429283981635,4603.6929283981635,4604.1929283981635,843,876,860
4604.2282912060155,4604.1032912060155,4604.3532912060155,733,1556,1145
4599.833871589369,4599.708871589369,4599.958871589369,1211,2688,1950
4599.41714019054,4599.16714019054,4599.66714019054,2121,1756,1939
4601.719108977708,4601.469108977708,4601.969108977708,2006,1791,1899
4599.733537458416,4599.608537458416,4599.858537458416,1752,1099,1426
4603.769605621005,4603.644605621005,4603.894605621005,1696,1299,1498
4612.773462270706,4612.523462270706,4613.023462270706,694,1245,970
4620.642762547623,4620.517762547623,4620.767762547623,1372,1581,1477
4617.1072148452695,4616.9822148452695,4617.2322148452695,1319,568,944
4620.021466497964,4619.771466497964,4620.271466497964,1600,2367,1984
4622.37375213597,4622.24875213597,4622.49875213597,1475,1682,1579
4621.888818256514,4621.513818256514,4622.263818256514,1837,996,1417
4623.159823776126,4622.909823776126,4623.409823776126,1104,2745,1925
4623.164558438908,4623.039558438908,4623.289558438908,1640,2107,1874
4628.900094135231,4628.650094135231,4629.150094135231,807,914,861
4626.723666503386,4626.598666503386,4626.848666503386,1305,702,1004
4624.462569242555,4624.212569242555,4624.712569242555,1554,1167,1361
4628.693418865866,4628.443418865866,4628.943418865866,1496,1731,1614
4633.8051774690175,4633.6801774690175,4633.9301774690175,1223,582,903
4632.485271552483,4632.360271552483,4632.610271552483,792,1933,1363
4632.7416355860205,4632.4916355860205,4632.9916355860205,2558,865,1712
4624.278610313833,4624.028610313833,4624.528610313833,842,1583,1213
4632.199355298048,4631.949355298048,4632.449355298048,1649,2122,1886
4638.887010570193,4638.762010570193,4639.012010570193,2035,1586,1811
4637.033269487868,4636.783269487868,4637.283269487868,629,1246,938
4637.253777596097,4637.003777596097,4637.503777596097,901,2016,1459
4644.878244990532,4644.753244990532,4645.003244990532,1415,1542,1479
4648.0182349201405,4647.7682349201405,4648.2682349201405,711,1090,901
4646.31098954257,4646.18598954257,4646.43598954257,969,2340,1655
4647.251546666154,4647.126546666154,4647.376546666154,1697,764,1231
4641.745780472898,4641.620780472898,4641.870780472898,1188,1705,1447
4644.307095715792,4644.057095715792,4644.557095715792,1221,958,1090
4644.7481317512475,4644.6231317512475,4644.8731317512475,890,1633,1262
4641.885724515477,4641.760724515477,4642.010724515477,1281,548,915
4645.722006262609,4645.597006262609,4645.847006262609,1071,2300,1686
4644.708582589517,4644.583582589517,4644.833582589517,2593,920,1757
4643.103936465876,4642.978936465876,4643.228936465876,1803,1292,1548
4644.884482291907,4644.759482291907,4645.009482291907,714,1073,894
4640.239921452311,4640.114921452311,4640.364921452311,684,1193,939
4636.069295985611,4635.819295985611,4636.319295985611,2151,876,1514
4637.011885412586,4636.761885412586,4637.261885412586,1264,983,1124
4632.275135636885,4632.025135636885,4632.525135636885,2124,811,1468
4628.652190288049,4628.402190288049,4628.902190288049,1194,639,917
4635.635613394364,4635.510613394364,4635.760613394364,1626,1211,1419
4639.139635223991,4639.014635223991,4639.264635223991,1041,726,884
4643.4466684280505,4643.3216684280505,4643.5716684280505,2107,836,1472
4635.805419811012,4635.430419811012,4636.180419811012,652,1457,1055
4635.889688488136,4635.764688488136,4636.014688488136,1959,1282,1621
4639.714584864888,4639.339584864888,4640.089584864888,1494,2115,1805
4634.73539439481,4634.48539439481,4634.98539439481,1024,805,915
4634.085014652684,4633.835014652684,4634.335014652684,1464,1033,1249
4632.065238964353,4631.940238964353,4632.190238964353,611,1122,867
4638.405200554785,4638.155200554785,4638.655200554785,1214,2207,1711
4629.369500978808,4629.244500978808,4629.494500978808,2217,1430,1824
4624.351754912199,4624.226754912199,4624.476754912199,1020,1245,1133
4621.226792646815,4621.101792646815,4621.351792646815,1725,1124,1425
4621.752724557255,4621.627724557255,4621.877724557255,2367,802,1585
4622.634696591838,4622.384696591838,4622.884696591838,747,1420,1084
4622.104900676209,4621.854900676209,4622.354900676209,1639,806,1223
4623.085536805083,4622.835536805083,4623.335536805083,675,1008,842
4622.577925996063,4622.452925996063,4622.702925996063,2548,1395,1972
4624.495041321228,4624.370041321228,4624.620041321228,1523,1212,1368
4619.146555353859,4619.021555353859,4619.271555353859,1548,1563,1556
4619.94126662051,4619.81626662051,4620.06626662051,1609,2318,1964
4621.088518080736,4620.713518080736,4621.463518080736,1677,902,1290
4621.644304813797,4621.394304813797,4621.894304813797,1368,1085,1227
4626.170400425274,4626.045400425274,4626.295400425274,1688,703,1196
4623.7667479750435,4623.6417479750435,4623.8917479750435,1266,1305,1286
4622.919617431988,4622.794617431988,4623.044617431988,1688,1731,1710
4621.702106547936,4621.452106547936,4621.952106547936,603,1402,1003
4617.062334544906,4616.937334544906,4617.187334544906,700,2061,1381
4614.881908513492,4614.756908513492,4615.006908513492,928,1701,1315
4612.0407884939605,4611.9157884939605,4612.1657884939605,815,1082,949
4617.925039537596,4617.675039537596,4618.175039537596,2316,871,1594
4619.721379184212,4619.471379184212,4619.971379184212,1185,2340,1763
4619.241177229101,4619.116177229101,4619.366177229101,1068,1031,1050
4623.048729805457,4622.673729805457,4623.423729805457,1158,2071,1615
4620.6118500994035,4620.3618500994035,4620.8618500994035,1275,570,923
4616.037586043696,4615.662586043696,4616.412586043696,1207,2434,1821
4616.677272102323,4616.552272102323,4616.802272102323,1682,805,1244
4614.333484446172,4614.208484446172,4614.458484446172,1033,2020,1527
4617.546367313977,4617.421367313977,4617.671367313977,1774,1785,1780
4620.997579933874,4620.622579933874,4621.372579933874,661,1016,839
4626.7907699401085,4626.6657699401085,4626.9157699401085,1087,1366,1227
4622.180220020984,4621.805220020984,4622.555220020984,1262,1001,1132
4626.153629267933,4625.778629267933,4626.528629267933,630,1743,1187
4630.8018427586485,4630.5518427586485,4631.0518427586485,1697,946,1322
4629.2390970502165,4629.1140970502165,4629.3640970502165,793,1138,966
4629.218062916213,4628.968062916213,4629.468062916213,1586,1915,1751
4625.138499900039,4625.013499900039,4625.263499900039,1365,2628,1997
4620.657316577223,4620.532316577223,4620.782316577223,1445,1826,1636
4617.6558592129495,4617.2808592129495,4618.0308592129495,1318,2527,1923
4616.694452778504,4616.569452778504,4616.819452778504,1435,1332,1384
4615.03345557778,4614.90845557778,4615.15845557778,2412,1253,1833
4615.482873543257,4615.232873543257,4615.732873543257,1811,2068,1940
4613.773788105651,4613.648788105651,4613.898788105651,2560,1431,1996
4615.392905459645,4615.267905459645,4615.517905459645,967,1646,1307
4616.127891586075,4616.002891586075,4616.252891586075,2289,1072,1681
4612.309895244765,4612.184895244765,4612.434895244765,1600,1939,1770
4608.038739898743,4607.788739898743,4608.288739898743,1641,1420,1531
4608.643186890505,4608.393186890505,4608.893186890505,2395,968,1682
4609.888490242226,4609.763490242226,4610.013490242226,1775,1266,1521
4608.963085966398,4608.838085966398,4609.088085966398,907,1998,1453
4611.659965952842,4611.534965952842,4611.784965952842,756,1279,1018
4608.110012557712,4607.985012557712,4608.235012557712,1018,2239,1629
4608.393684105914,4608.268684105914,4608.518684105914,1036,2419,1728
4608.152441165348,4607.777441165348,4608.527441165348,1319,2640,1980
4610.152171589188,4610.027171589188,4610.277171589188,1042,2691,1867
4609.603251334678,4609.228251334678,4609.978251334678,1105,504,805
4606.758858793805,4606.633858793805,4606.883858793805,1660,845,1253
4605.032831313633,4604.907831313633,4605.157831313633,1385,1144,1265
4603.632942143678,4603.382942143678,4603.882942143678,1452,1019,1236
4604.194598544328,4604.069598544328,4604.319598544328,1237,2700,1969
4603.727554811529,4603.477554811529,4603.977554811529,1291,2034,1663
4607.211161261751,4606.961161261751,4607.461161261751,1354,1069,1212
4607.551592726159,4607.301592726159,4607.801592726159,797,1344,1071
4610.172685942092,4609.922685942092,4610.422685942092,1190,873,1032
4611.081385599318,4610.956385599318,4611.206385599318,2447,1510,1979
4605.979742413299,4605.854742413299,4606.104742413299,1176,1241,1209
4601.406281652759,4601.281281652759,4601.531281652759,681,928,805
4597.498668462801,4597.373668462801,4597.623668462801,1441,2104,1773
4596.59772984959,4596.47272984959,4596.72272984959,1840,939,1390
4593.49659299593,4593.24659299593,4593.74659299593,2668,1249,1959
4593.214969848235,4592.964969848235,4593.464969848235,1168,515,842
4595.2694098803695,4594.8944098803695,4595.6444098803695,487,1362,925
4594.089869526122,4593.839869526122,4594.339869526122,2326,971,1649
4598.145205200432,4598.020205200432,4598.270205200432,1179,1130,1155
4599.7047399817,4599.5797399817,4599.8297399817,1034,1575,1305
4602.794896584914,4602.669896584914,4602.919896584914,1042,2951,1997
4601.261085451685,4601.136085451685,4601.386085451685,1599,1916,1758
4599.427680810168,4599.177680810168,4599.677680810168,1039,834,937
4598.696082695288,4598.571082695288,4598.821082695288,956,1615,1286
4599.482834696322,4599.232834696322,4599.732834696322,1241,638,940
4597.3131833343,4597.1881833343,4597.4381833343,587,1686,1137
4596.599223137448,4596.349223137448,4596.849223137448,1654,861,1258
4596.185664359588,4596.060664359588,4596.310664359588,1035,2088,1562
4594.5886673367,4594.4636673367,4594.7136673367,2181,826,1504
4594.442371929738,4594.317371929738,4594.567371929738,761,1480,1121
4595.484620209973,4595.359620209973,4595.609620209973,1344,537,941
4594.50826825192,4594.25826825192,4594.75826825192,1812,1123,1468
4593.449428843284,4593.324428843284,4593.574428843284,1526,543,1035
4590.931898109822,4590.806898109822,4591.056898109822,538,1325,932
4591.302757605272,4590.927757605272,4591.677757605272,615,1104,860
4592.951808639195,4592.826808639195,4593.076808639195,806,1913,1360
4593.998570823303,4593.873570823303,4594.123570823303,2044,1871,1958
4595.225926278576,4595.100926278576,4595.350926278576,925,1262,1094
4598.926080391531,4598.676080391531,4599.176080391531,1608,1543,1576
4597.7738583936425,4597.6488583936425,4597.8988583936425,1681,950,1316
4599.3767938332985,4599.2517938332985,4599.5017938332985,735,1148,942
4605.208927753475,4605.083927753475,4605.333927753475,2404,1153,1779
4605.545200635133,4605.295200635133,4605.795200635133,2168,903,1536
4605.660168149806,4605.535168149806,4605.785168149806,2304,1011,1658
4606.469655907191,4606.344655907191,4606.594655907191,651,1100,876
4608.56595979483,4608.44095979483,4608.69095979483,836,1423,1130
4610.976591593262,4610.851591593262,4611.101591593262,983,1820,1402
4614.100286741695,4613.725286741695,4614.475286741695,834,2379,1607
4619.332246004471,4619.207246004471,4619.457246004471,1239,2276,1758
4619.136673019018,4619.011673019018,4619.261673019018,963,1316,1140
4624.486464358948,4624.111464358948,4624.861464358948,989,1370,1180
4620.929700034857,4620.554700034857,4621.304700034857,1303,1632,1468
4619.257694473458,4619.007694473458,4619.507694473458,2439,1168,1804
4616.008805822126,4615.883805822126,4616.133805822126,1391,2336,1864
4613.763993117268,4613.513993117268,4614.013993117268,1345,1062,1204
4616.011003628066,4615.886003628066,4616.136003628066,982,713,848
4619.818877178468,4619.693877178468,4619.943877178468,1934,835,1385
4620.670856179024,4620.545856179024,4620.795856179024,1127,2350,1739
4621.940480658282,4621.815480658282,4622.065480658282,1669,1224,1447
4619.914198433825,4619.789198433825,4620.039198433825,2459,850,1655
4615.609581683049,4615.484581683049,4615.734581683049,1881,1930,1906
4615.961248908522,4615.711248908522,4616.211248908522,1754,2065,1910
4620.86825419146,4620.74325419146,4620.99325419146,1867,1650,1759
4620.561306828157,4620.436306828157,4620.686306828157,760,1095,928
4620.09579554562,4619.97079554562,4620.22079554562,866,1739,1303
4619.6323559136235,4619.3823559136235,4619.8823559136235,710,1795,1253
4621.608676392809,4621.483676392809,4621.733676392809,1874,671,1273
4623.269479163758,4623.019479163758,4623.519479163758,1130,489,810
4626.791579500528,4626.541579500528,4627.041579500528,1093,1568,1331
4623.717014642042,4623.592014642042,4623.842014642042,2000,1375,1688
4623.286608754632,4623.161608754632,4623.411608754632,1540,2219,1880
4623.145814933264,4622.770814933264,4623.520814933264,1704,787,1246
4626.516465371103,4626.391465371103,4626.641465371103,1065,920,993
4626.082325153495,4625.707325153495,4626.457325153495,1268,2337,1803
4626.738527155673,4626.613527155673,4626.863527155673,1843,1164,1504
4627.83840794322,4627.71340794322,4627.96340794322,1336,1927,1632
4627.406403329142,4627.156403329142,4627.656403329142,894,1773,1334
4629.122493483759,4628.997493483759,4629.247493483759,1536,2363,1950
4630.8474599647825,4630.5974599647825,4631.0974599647825,1491,1558,1525
4629.780743718628,4629.530743718628,4630.030743718628,1497,1344,1421
4631.681931585018,4631.556931585018,4631.806931585018,957,874,916
4630.80059861324,4630.67559861324,4630.92559861324,1769,1098,1434
4628.774652990643,4628.524652990643,4629.024652990643,1046,745,896
4625.970267128509,4625.720267128509,4626.220267128509,1720,831,1276
4626.295526210458,4626.045526210458,4626.545526210458,2435,840,1638
4622.5124677704525,4622.2624677704525,4622.7624677704525,1135,2638,1887
4624.866207180067,4624.741207180067,4624.991207180067,1938,1447,1693
4620.532482326325,4620.407482326325,4620.657482326325,1380,2471,1926
4621.500975867924,4621.375975867924,4621.625975867924,713,2126,1420
4622.349397584997,4622.099397584997,4622.599397584997,2138,1053,1596
4620.985336580833,4620.735336580833,4621.235336580833,1532,1763,1648
4618.452143637344,4618.202143637344,4618.702143637344,2457,862,1660
4618.6038138098465,4618.4788138098465,4618.7288138098465,2198,1337,1768
4617.947171228731,4617.697171228731,4618.197171228731,1104,2343,1724
4615.999738520703,4615.874738520703,4616.124738520703,1483,540,1012
4614.947871160988,4614.822871160988,4615.072871160988,901,2092,1497
4611.542869951247,4611.417869951247,4611.667869951247,1279,436,858
4608.622789001615,4608.372789001615,4608.872789001615,875,834,855
4608.231705164631,4608.106705164631,4608.356705164631,2008,1731,1870
4608.082310141632,4607.707310141632,4608.457310141632,1229,2174,1702
4610.002210522322,4609.877210522322,4610.127210522322,982,2547,1765
4612.9551286622245,4612.8301286622245,4613.0801286622245,1398,757,1078
4612.745767155433,4612.620767155433,4612.870767155433,874,1749,1312
4616.295921184705,4616.045921184705,4616.545921184705,1480,1091,1286
4616.067047516474,4615.817047516474,4616.317047516474,821,1052,937
4613.043815482891,4612.668815482891,4613.418815482891,1134,1231,1183
4616.56534331274,4616.31534331274,4616.81534331274,1369,1080,1225
4616.231705128975,4616.106705128975,4616.356705128975,1992,911,1452
4622.162053261329,4622.037053261329,4622.287053261329,1466,1069,1268
4624.571434130228,4624.446434130228,4624.696434130228,667,1522,1095
4627.086498673726,4626.836498673726,4627.336498673726,674,1699,1187
4627.007455669352,4626.882455669352,4627.132455669352,874,811,843
4626.443549364858,4626.318549364858,4626.568549364858,1561,1088,1325
4624.879677731783,4624.754677731783,4625.004677731783,2124,921,1523
4621.365835031003,4621.240835031003,4621.490835031003,896,1869,1383
4621.195751436477,4621.070751436477,4621.320751436477,1321,2250,1786
4619.477689401819,4619.102689401819,4619.852689401819,820,1641,1231
4619.559004276323,4619.309004276323,4619.809004276323,1868,1689,1779
4618.45661175274,4618.20661175274,4618.70661175274,1553,718,1136
4618.331023744024,4618.206023744024,4618.456023744024,1910,897,1404
4617.720066696405,4617.595066696405,4617.845066696405,2131,1228,1680
4621.415210591584,4621.165210591584,4621.665210591584,1037,816,927
4620.43001824439,4620.30501824439,4620.55501824439,537,1538,1038
4620.625490131283,4620.375490131283,4620.875490131283,1548,2193,1871
4618.451437005996,4618.326437005996,4618.576437005996,1366,2531,1949
4620.311533157366,4620.061533157366,4620.561533157366,705,1280,993
4619.747759553592,4619.497759553592,4619.997759553592,2151,774,1463
4615.742174901894,4615.617174901894,4615.867174901894,1219,2770,1995
4617.312842644761,4617.187842644761,4617.437842644761,877,2378,1628
4617.641244622235,4617.391244622235,4617.891244622235,1128,2487,1808
4619.968440238308,4619.718440238308,4620.218440238308,2384,975,1680
4619.945853546337,4619.820853546337,4620.070853546337,972,843,908
4620.883915882402,4620.758915882402,4621.008915882402,2035,1724,1880
4618.634647764205,4618.509647764205,4618.759647764205,1661,806,1234
4617.581217218089,4617.456217218089,4617.706217218089,1229,2732,1981
4617.291837794757,4617.041837794757,4617.541837794757,1541,1666,1604
4618.227890914696,4618.102890914696,4618.352890914696,642,1609,1126
4618.902161117905,4618.777161117905,4619.027161117905,2243,1162,1703
4624.724719103516,4624.599719103516,4624.849719103516,1777,778,1278
4623.5055554673245,4623.1305554673245,4623.8805554673245,1757,2096,1927
4625.082214392456,4624.957214392456,4625.207214392456,1397,654,1026
4624.874159257605,4624.499159257605,4625.249159257605,1716,849,1283
4625.755914765729,4625.505914765729,4626.005914765729,2837,1100,1969
4622.737355906805,4622.487355906805,4622.987355906805,1003,1092,1048
4624.043802739593,4623.918802739593,4624.168802739593,1046,2263,1655
4621.334433455524,4620.959433455524,4621.709433455524,1232,573,903
4627.021556314808,4626.771556314808,4627.271556314808,1142,2141,1642
4628.628467285695,4628.503467285695,4628.753467285695,682,1827,1255
4625.239692773092,4624.989692773092,4625.489692773092,1170,1823,1497
4624.2440785220315,4623.9940785220315,4624.4940785220315,2072,1679,1876
4623.050475660527,4622.800475660527,4623.300475660527,1464,1711,1588
4621.472127451366,4621.347127451366,4621.597127451366,1146,561,854
4618.968140645167,4618.843140645167,4619.093140645167,1575,1794,1685
4617.5077496130325,4617.3827496130325,4617.6327496130325,2223,1438,1831
4609.168818310403,4608.918818310403,4609.418818310403,1174,673,924
4608.958606880835,4608.833606880835,4609.083606880835,1315,514,915
4609.877256469239,4609.502256469239,4610.252256469239,1058,709,884
4609.274910283133,4609.149910283133,4609.399910283133,915,1854,1385
4608.150656173593,4607.900656173593,4608.400656173593,818,1801,1310
4609.949154240627,4609.824154240627,4610.074154240627,1171,1504,1338
4610.442009454292,4610.317009454292,4610.567009454292,973,958,966
4610.840499617535,4610.590499617535,4611.090499617535,949,704,827
4610.097050704269,4609.972050704269,4610.222050704269,840,1501,1171
4613.31933785864,4613.06933785864,4613.56933785864,866,2001,1434
4611.977309135154,4611.852309135154,4612.102309135154,1292,1289,1291
4613.720658935673,4613.595658935673,4613.845658935673,1825,1832,1829
4612.201965395932,4612.076965395932,4612.326965395932,746,1279,1013
4608.681466413987,4608.556466413987,4608.806466413987,1658,895,1277
4603.101194347446,4602.726194347446,4603.476194347446,2871,990,1931
4602.433163844573,4602.308163844573,4602.558163844573,2052,757,1405
4601.612440185536,4601.487440185536,4601.737440185536,1652,561,1107
4600.156895763851,4600.031895763851,4600.281895763851,1457,1074,1266
4596.601792958548,4596.476792958548,4596.726792958548,969,1454,1212
4594.892799264479,4594.642799264479,4595.142799264479,894,909,902
4594.217472509243,4593.967472509243,4594.467472509243,1682,1445,1564
4590.407841289349,4590.282841289349,4590.532841289349,1489,734,1112
4593.253153893959,4592.878153893959,4593.628153893959,1411,1032,1222
4594.493840905299,4594.243840905299,4594.743840905299,1882,1381,1632
4592.936513900086,4592.811513900086,4593.061513900086,1028,2203,1616
4593.7234023503115,4593.4734023503115,4593.9734023503115,611,1222,917
4595.1275120592745,4594.8775120592745,4595.3775120592745,1199,1046,1123
4590.662570645236,4590.537570645236,4590.787570645236,1242,1263,1253
4590.532153466197,4590.407153466197,4590.657153466197,908,2535,1722
4588.539912532561,4588.414912532561,4588.664912532561,826,773,800
4590.574518077661,4590.449518077661,4590.699518077661,768,2009,1389
4590.601567401654,4590.226567401654,4590.976567401654,798,1397,1098
4589.124201873029,4588.999201873029,4589.249201873029,1486,967,1227
4587.6693071849195,4587.4193071849195,4587.9193071849195,1188,1595,1392
4585.295491777726,4585.170491777726,4585.420491777726,1022,1299,1161
4583.355927789942,4583.230927789942,4583.480927789942,2131,820,1476
4588.564844200161,4588.439844200161,4588.689844200161,1828,967,1398
4587.702296389854,4587.327296389854,4588.077296389854,1207,1194,1201
4585.447977491449,4585.072977491449,4585.822977491449,2778,1043,1911
4583.095127561695,4582.845127561695,4583.345127561695,1271,2228,1750
4581.664081327006,4581.539081327006,4581.789081327006,505,1198,852
4585.215580326646,4585.090580326646,4585.340580326646,1484,1831,1658
4584.625574472038,4584.500574472038,4584.750574472038,1902,1907,1905
4583.192884408483,4583.067884408483,4583.317884408483,1663,1374,1519
4583.394157660422,4583.144157660422,4583.644157660422,1501,1406,1454
4585.712760953871,4585.587760953871,4585.837760953871,1323,1704,1514
4582.7838808469505,4582.5338808469505,4583.0338808469505,2042,1385,1714
4587.387131021423,4587.262131021423,4587.512131021423,2229,1682,1956
4588.832820117766,4588.707820117766,4588.957820117766,2069,1280,1675
4592.750436284476,4592.500436284476,4593.000436284476,1567,1758,1663
4591.039198188668,4590.914198188668,4591.164198188668,1650,1035,1343
4585.365002828762,4584.990002828762,4585.740002828762,1311,572,942
4583.054502083491,4582.804502083491,4583.304502083491,673,1428,1051
4575.327987156875,4575.202987156875,4575.452987156875,1026,865,946
4568.924985465431,4568.799985465431,4569.049985465431,2233,1054,1644
4570.671602277087,4570.421602277087,4570.921602277087,764,1443,1104
4568.882623456056,4568.757623456056,4569.007623456056,927,1436,1182
4571.090623843638,4570.965623843638,4571.215623843638,984,2371,1678
4569.972619626222,4569.847619626222,4570.097619626222,952,2403,1678
4577.4716609530515,4577.0966609530515,4577.8466609530515,1464,1013,1239
4575.221592531686,4574.971592531686,4575.471592531686,1050,1057,1054
4573.086170871718,4572.711170871718,4573.461170871718,1289,848,1069
4573.111212094213,4572.736212094213,4573.486212094213,1826,963,1395
4579.573979398587,4579.448979398587,4579.698979398587,1330,1989,1660
4578.721826348203,4578.596826348203,4578.846826348203,2864,1019,1942
4577.253764379787,4577.003764379787,4577.503764379787,1452,763,1108
4577.110048781533,4576.985048781533,4577.235048781533,1259,2380,1820
4581.037383294051,4580.662383294051,4581.412383294051,1733,994,1364
4585.7521585368595,4585.3771585368595,4586.1271585368595,1121,2146,1634
4582.52488732183,4582.27488732183,4582.77488732183,897,1420,1159
4584.657578353288,4584.532578353288,4584.782578353288,2253,1578,1916
4583.420086242935,4583.295086242935,4583.545086242935,918,1417,1168
4586.172977403789,4585.797977403789,4586.547977403789,2291,1142,1717
4582.590866150963,4582.465866150963,4582.715866150963,1805,696,1251
4584.56516220257,4584.31516220257,4584.81516220257,2016,713,1365
4580.550304949334,4580.425304949334,4580.675304949334,1174,1475,1325
4579.893286579588,4579.643286579588,4580.143286579588,1951,1750,1851
4581.749744623055,4581.374744623055,4582.124744623055,892,1215,1054
4585.832690835482,4585.707690835482,4585.957690835482,1722,1235,1479
4586.186834071401,4586.061834071401,4586.311834071401,1005,2060,1533
4583.877297858585,4583.627297858585,4584.127297858585,1219,1836,1528
4580.221518250886,4580.096518250886,4580.346518250886,1807,1248,1528
4583.618254335635,4583.368254335635,4583.868254335635,1931,1998,1965
4588.161119287808,4588.036119287808,4588.286119287808,819,1016,918
4580.4136013186735,4580.2886013186735,4580.5386013186735,1632,649,1141
4581.993047293316,4581.868047293316,4582.118047293316,1431,2512,1972
4577.390220395915,4577.265220395915,4577.515220395915,697,1510,1104
4576.495391619592,4576.245391619592,4576.745391619592,1988,1733,1861
4574.666521697995,4574.541521697995,4574.791521697995,1765,658,1212
4572.653285662628,4572.528285662628,4572.778285662628,539,1516,1028
4573.515517211123,4573.265517211123,4573.765517211123,1316,1513,1415
4583.244993866297,4582.994993866297,4583.494993866297,1434,927,1181
4584.315308403352,4584.190308403352,4584.440308403352,2454,1145,1800
4584.78232983356,4584.65732983356,4584.90732983356,1843,656,1250
4586.734665839803,4586.609665839803,4586.859665839803,1101,2704,1903
4588.536913997417,4588.286913997417,4588.786913997417,1251,1818,1535
4597.697968606163,4597.447968606163,4597.947968606163,1415,820,1118
4602.222884457677,4602.097884457677,4602.347884457677,2414,1111,1763
4608.353799140134,4608.228799140134,4608.478799140134,1263,2064,1664
4604.852805912776,4604.727805912776,4604.977805912776,1327,2518,1923
4608.283835223585,4608.158835223585,4608.408835223585,1971,710,1341
4605.697161663749,4605.572161663749,4605.822161663749,2257,1542,1900
4610.729528683908,4610.479528683908,4610.979528683908,792,1137,965
4610.644731371458,4610.519731371458,4610.769731371458,710,2079,1395
4614.880220178806,4614.630220178806,4615.130220178806,1653,744,1199
4622.448748143905,4622.198748143905,4622.698748143905,2520,1097,1809
4624.509939194051,4624.384939194051,4624.634939194051,1038,1135,1087
4626.988344251492,4626.863344251492,4627.113344251492,1063,576,820
4627.3828528205,4627.2578528205,4627.5078528205,1257,898,1078
4622.10188672376,4621.97688672376,4622.22688672376,1298,1101,1200
4620.458716622236,4620.333716622236,4620.583716622236,2016,699,1358
4621.15532930502,4621.03032930502,4621.28032930502,1188,1579,1384
4620.842821144413,4620.592821144413,4621.092821144413,1666,2081,1874
4621.880012647001,4621.630012647001,4622.130012647001,1430,2179,1805
4627.541093613117,4627.416093613117,4627.666093613117,787,1260,1024
4626.4901666799815,4626.2401666799815,4626.7401666799815,971,2684,1828
4629.636564806258,4629.386564806258,4629.886564806258,2029,1324,1677
4625.081562372382,4624.956562372382,4625.206562372382,683,1844,1264
4621.6350096832,4621.3850096832,4621.8850096832,1392,509,951
4624.246888439982,4624.121888439982,4624.371888439982,1940,1383,1662
4627.487451948271,4627.237451948271,4627.737451948271,761,1642,1202
4627.592364438819,4627.342364438819,4627.842364438819,1788,1527,1658
4622.228582920343,4622.103582920343,4622.353582920343,2318,1081,1700
4618.228027771596,4618.103027771596,4618.353027771596,722,1739,1231
4618.454711172114,4618.204711172114,4618.704711172114,1340,2273,1807
4617.586812756896,4617.336812756896,4617.836812756896,535,1402,969
4613.07287940756,4612.94787940756,4613.19787940756,980,1883,1432
4615.36321919235,4615.11321919235,4615.61321919235,1942,677,1310
4614.051868049243,4613.801868049243,4614.301868049243,595,1070,833
4613.72647438813,4613.60147438813,4613.85147438813,2005,1288,1647
4610.839215415255,4610.464215415255,4611.214215415255,679,1038,859
4612.63533343576,4612.38533343576,4612.88533343576,875,1834,1355
4610.260876638627,4610.135876638627,4610.385876638627,2039,786,1413
4608.5561798182935,4608.1811798182935,4608.9311798182935,1557,1474,1516
4612.449852695567,4612.199852695567,4612.699852695567,1991,996,1494
4606.310490030544,4606.185490030544,4606.435490030544,1057,1630,1344
4606.2973198263935,4606.1723198263935,4606.4223198263935,909,1122,1016
4599.687325541016,4599.562325541016,4599.812325541016,1277,1254,1266
4591.792840618175,4591.667840618175,4591.917840618175,972,1883,1428
4588.160716580878,4588.035716580878,4588.285716580878,737,1480,1109
4583.656929988908,4583.406929988908,4583.906929988908,1150,635,893
4588.349775071033,4588.099775071033,4588.599775071033,2525,1172,1849
4583.134474857699,4583.009474857699,4583.259474857699,897,918,908
4585.235880529164,4585.110880529164,4585.360880529164,1166,681,924
4588.782350991409,4588.532350991409,4589.032350991409,785,1870,1328
4586.423511943748,4586.173511943748,4586.673511943748,2461,854,1658
4595.310666811191,4595.060666811191,4595.560666811191,2278,763,1521
4596.563406406408,4596.438406406408,4596.688406406408,1960,1817,1889
4599.787170950205,4599.662170950205,4599.912170950205,2319,1086,1703
4588.556412406449,4588.431412406449,4588.681412406449,1280,1307,1294
4590.375534753863,4590.125534753863,4590.625534753863,1019,1942,1481
4587.503735646195,4587.378735646195,4587.628735646195,1965,998,1482
4592.427423119229,4592.177423119229,4592.677423119229,1185,708,947
4594.378631928939,4594.253631928939,4594.503631928939,1163,1720,1442
4589.4525442125205,4589.3275442125205,4589.5775442125205,994,1151,1073
4591.404466582294,4591.029466582294,4591.779466582294,1506,719,1113
4592.47136346537,4592.34636346537,4592.59636346537,1084,1363,1224
4590.099044289813,4589.849044289813,4590.349044289813,873,2402,1638
4586.119556866841,4585.869556866841,4586.369556866841,1007,1088,1048
4588.349421232871,4588.224421232871,4588.474421232871,1407,788,1098
4588.917159706519,4588.792159706519,4589.042159706519,770,1419,1095
4584.366479546178,4584.241479546178,4584.491479546178,1182,2167,1675
4584.248229080276,4584.123229080276,4584.373229080276,1431,1664,1548
4576.890582510033,4576.765582510033,4577.015582510033,1104,1221,1163
4572.42881118734,4572.30381118734,4572.55381118734,1729,936,1333
4570.755334836631,4570.630334836631,4570.880334836631,1154,1145,1150
4567.647816477937,4567.522816477937,4567.772816477937,1371,1116,1244
4566.637580916017,4566.387580916017,4566.887580916017,1300,1831,1566
4567.418800119481,4567.293800119481,4567.543800119481,1594,1507,1551
4568.905900730892,4568.655900730892,4569.155900730892,1526,1983,1755
4575.688543644039,4575.438543644039,4575.938543644039,968,2597,1783
4584.219683222195,4584.094683222195,4584.344683222195,1358,1217,1288
4585.858981421812,4585.733981421812,4585.983981421812,2114,1493,1804
4582.007727207983,4581.882727207983,4582.132727207983,965,2348,1657
4583.458205078351,4583.333205078351,4583.583205078351,2684,1029,1857
4581.4919216546705,4581.3669216546705,4581.6169216546705,1039,1386,1213
4574.76343503352,4574.63843503352,4574.88843503352,942,2087,1515
4575.156520101124,4574.906520101124,4575.406520101124,1516,2083,1800
4574.56719475195,4574.31719475195,4574.81719475195,689,1120,905
4582.715388979432,4582.590388979432,4582.840388979432,1337,1072,1205
4586.723009898056,4586.598009898056,4586.848009898056,749,1878,1314
4583.980900476632,4583.605900476632,4584.355900476632,1341,728,1035
4584.110438832378,4583.860438832378,4584.360438832378,2355,1054,1705
4587.344877303827,4587.219877303827,4587.469877303827,2667,1098,1883
4584.739026234595,4584.489026234595,4584.989026234595,1703,1470,1587
4593.407228840078,4593.282228840078,4593.532228840078,2507,1208,1858
4593.633513032752,4593.383513032752,4593.883513032752,1072,959,1016
4593.775734189895,4593.525734189895,4594.025734189895,1906,1343,1625
4598.458309644877,4598.333309644877,4598.583309644877,1161,878,1020
4590.956976452917,4590.706976452917,4591.206976452917,1160,639,900
4592.908052330985,4592.783052330985,4593.033052330985,1633,1474,1554
4593.224078780717,4593.099078780717,4593.349078780717,832,2441,1637
4594.397221274756,4594.272221274756,4594.522221274756,2683,1048,1866
4593.098972731479,4592.973972731479,4593.223972731479,888,2183,1536
4598.290479560938,4598.165479560938,4598.415479560938,1572,1197,1385
4595.793335242422,4595.543335242422,4596.043335242422,645,1844,1245
4598.121672773095,4597.996672773095,4598.246672773095,684,1689,1187
4595.676874402998,4595.426874402998,4595.926874402998,2493,1400,1947
4599.468144688972,4599.093144688972,4599.843144688972,1050,2427,1739
4602.554610161022,4602.179610161022,4602.929610161022,1710,1195,1453
4599.554972735966,4599.429972735966,4599.679972735966,1473,972,1223
4596.891963852214,4596.766963852214,4597.016963852214,1385,1438,1412
4597.203159951753,4597.078159951753,4597.328159951753,1001,638,820
4596.32679670233,4596.20179670233,4596.45179670233,959,2690,1825
4592.094686454409,4591.969686454409,4592.219686454409,1041,1514,1278
4593.6074160955295,4593.4824160955295,4593.7324160955295,1304,573,939
4592.477455262232,4592.352455262232,4592.602455262232,956,1955,1456
4590.183668928014,4590.058668928014,4590.308668928014,1888,1149,1519
4595.2957705347335,4595.1707705347335,4595.4207705347335,2375,982,1679
4593.501333071396,4593.251333071396,4593.751333071396,1879,820,1350
4589.381320416155,4589.256320416155,4589.506320416155,789,1140,965
4585.406478242475,4585.281478242475,4585.531478242475,1210,1395,1303
4587.682550265903,4587.557550265903,4587.807550265903,1494,1157,1326
4588.041839627009,4587.791839627009,4588.291839627009,2293,1684,1989
4593.310201005385,4593.060201005385,4593.560201005385,1559,532,1046
4591.015964766576,4590.765964766576,4591.265964766576,974,2777,1876
4590.066277969748,4589.941277969748,4590.191277969748,710,937,824
4588.523133200236,4588.273133200236,4588.773133200236,1312,1769,1541
4591.413049204216,4591.288049204216,4591.538049204216,1084,539,812
4592.709669146726,4592.584669146726,4592.834669146726,2010,789,1400
4598.302312631942,4598.177312631942,4598.427312631942,2031,1466,1749
4591.96675359318,4591.59175359318,4592.34175359318,528,1289,909
4590.171270724417,4589.921270724417,4590.421270724417,1959,1352,1656
4581.280470792279,4581.155470792279,4581.405470792279,1903,1146,1525
4580.37708285947,4580.12708285947,4580.62708285947,2916,995,1956
4582.996950324397,4582.871950324397,4583.121950324397,1012,735,874
4585.012873059356,4584.637873059356,4585.387873059356,1877,1390,1634
4585.58104518824,4585.33104518824,4585.83104518824,1210,555,883
4584.638038182644,4584.388038182644,4584.888038182644,1503,1314,1409
4589.565457303459,4589.190457303459,4589.940457303459,895,2560,1728
4587.032525129216,4586.907525129216,4587.157525129216,1284,2237,1761
4587.9569424281835,4587.7069424281835,4588.2069424281835,1736,1497,1617
4585.552812591523,4585.427812591523,4585.677812591523,2070,1275,1673
4586.613400354519,4586.488400354519,4586.738400354519,941,2360,1651
4585.956467473998,4585.706467473998,4586.206467473998,630,1471,1051
4586.575602989969,4586.325602989969,4586.825602989969,861,2208,1535
4586.3340944929305,4586.0840944929305,4586.5840944929305,1236,623,930
4588.346581947663,4588.221581947663,4588.471581947663,950,2063,1507
4587.5799942148815,4587.4549942148815,4587.7049942148815,1117,756,937
4586.512384299655,4586.262384299655,4586.762384299655,1058,2327,1693
4582.755134835814,4582.630134835814,4582.880134835814,1681,2294,1988
4586.04955604142,4585.92455604142,4586.17455604142,1593,1490,1542
4591.552928623881,4591.302928623881,4591.802928623881,1088,1305,1197
4590.067245988018,4589.942245988018,4590.192245988018,567,1660,1114
4587.592764817092,4587.467764817092,4587.717764817092,1065,2454,1760
4586.556522638337,4586.431522638337,4586.681522638337,1297,1540,1419
4585.986273701195,4585.861273701195,4586.111273701195,2076,973,1525
4583.574729762306,4583.449729762306,4583.699729762306,2383,872,1628
4585.46570884506,4585.21570884506,4585.71570884506,2194,1469,1832
4588.64996144556,4588.52496144556,4588.77496144556,1787,1124,1456
4588.9712797042075,4588.8462797042075,4589.0962797042075,1134,2565,1850
4590.846968554896,4590.596968554896,4591.096968554896,1426,1049,1238
4587.03250970432,4586.65750970432,4587.40750970432,1167,2750,1959
4588.156683947635,4587.781683947635,4588.531683947635,1513,1028,1271
4582.492616553894,4582.367616553894,4582.617616553894,737,1626,1182
4576.763338370996,4576.638338370996,4576.888338370996,1800,665,1233
4574.6374749257275,4574.5124749257275,4574.7624749257275,1570,581,1076
4574.451132102933,4574.326132102933,4574.576132102933,2947,1046,1997
4577.875335678188,4577.750335678188,4578.000335678188,974,2439,1707
4578.327032575944,4578.077032575944,4578.577032575944,1708,575,1142
4578.642124871135,4578.517124871135,4578.767124871135,1718,1201,1460
4573.8721430347305,4573.6221430347305,4574.1221430347305,761,1496,1129
4575.149569942762,4575.024569942762,4575.274569942762,754,2015,1385
4568.881662664992,4568.506662664992,4569.256662664992,1568,1895,1732
4571.397112023143,4571.272112023143,4571.522112023143,992,1843,1418
4571.534727256644,4571.159727256644,4571.909727256644,1730,1691,1711
4566.843321300566,4566.468321300566,4567.218321300566,683,1330,1007
4569.619823679243,4569.369823679243,4569.869823679243,1270,607,939
4572.357767921575,4572.232767921575,4572.482767921575,1710,1919,1815
4571.914117675304,4571.664117675304,4572.164117675304,2314,1269,1792
4573.024136986586,4572.774136986586,4573.274136986586,605,1378,992
4579.884900130726,4579.759900130726,4580.009900130726,653,1056,855
4577.549270817463,4577.424270817463,4577.674270817463,1785,1960,1873
4576.287283252679,4576.037283252679,4576.537283252679,987,1388,1188
4579.391000456174,4579.141000456174,4579.641000456174,1119,2278,1699
4582.980632062682,4582.855632062682,4583.105632062682,1583,784,1184
4585.8925805406225,4585.5175805406225,4586.2675805406225,755,1568,1162
4582.662724501483,4582.412724501483,4582.912724501483,1571,1898,1735
4583.9341398281995,4583.8091398281995,4584.0591398281995,1690,1265,1478
4586.615981632536,4586.490981632536,4586.740981632536,1370,1261,1316
4589.642629168963,4589.517629168963,4589.767629168963,1136,489,813
4589.453204339716,4589.203204339716,4589.703204339716,963,1014,989
4588.582649253409,4588.457649253409,4588.707649253409,2074,827,1451
4589.498462066833,4589.373462066833,4589.623462066833,712,2031,1372
4589.714505004427,4589.589505004427,4589.839505004427,1413,1680,1547
4592.686683347404,4592.561683347404,4592.811683347404,867,1084,976
4593.811529579409,4593.686529579409,4593.936529579409,1995,1628,1812
4594.738308114859,4594.613308114859,4594.863308114859,1625,2204,1915
4596.293105044315,4596.043105044315,4596.543105044315,894,2677,1786
4595.9379639749,4595.8129639749,4596.0629639749,961,2880,1921
4594.708072030835,4594.583072030835,4594.833072030835,1726,1787,1757
4589.150858511205,4589.025858511205,4589.275858511205,1520,1529,1525
4585.127883648385,4585.002883648385,4585.252883648385,949,838,894
4587.177686130155,4586.927686130155,4587.427686130155,1121,840,981
4589.8731649222855,4589.7481649222855,4589.9981649222855,1617,966,1292
4589.360017388566,4589.235017388566,4589.485017388566,584,1107,846
4588.111370272093,4587.986370272093,4588.236370272093,620,1285,953
4592.369168182978,4592.244168182978,4592.494168182978,1355,1500,1428
4588.945236782826,4588.820236782826,4589.070236782826,2243,990,1617
4592.278403387663,4592.153403387663,4592.403403387663,2185,1772,1979
4587.340175446833,4587.215175446833,4587.465175446833,980,987,984
4585.181651508744,4585.056651508744,4585.306651508744,1218,1171,1195
4584.35742427507,4584.23242427507,4584.48242427507,2594,1263,1929
4583.838034213067,4583.588034213067,4584.088034213067,633,1028,831
4586.838902664898,4586.588902664898,4587.088902664898,1023,2280,1652
4590.3510851880055,4590.2260851880055,4590.4760851880055,852,1707,1280
4593.185713764737,4592.935713764737,4593.435713764737,1536,889,1213
4593.301174067157,4593.176174067157,4593.426174067157,1066,1665,1366
4598.124874335781,4597.999874335781,4598.249874335781,1696,1967,1832
4600.039825025216,4599.664825025216,4600.414825025216,946,1539,1243
4601.252285048261,4601.002285048261,4601.502285048261,1657,806,1232
4603.122867749124,4602.872867749124,4603.372867749124,1451,706,1079
4602.925616487482,4602.800616487482,4603.050616487482,576,1109,843
4601.457834800535,4601.332834800535,4601.582834800535,1925,1254,1590
4605.050838351805,4604.925838351805,4605.175838351805,944,1001,973
4598.266519828003,4598.141519828003,4598.391519828003,970,1603,1287
4594.782775071227,4594.657775071227,4594.907775071227,1317,2430,1874
4591.12803263584,4590.87803263584,4591.37803263584,869,2186,1528
4592.2026169851915,4592.0776169851915,4592.3276169851915,1052,1301,1177
4589.396350123851,4589.271350123851,4589.521350123851,956,965,961
4584.690669590076,4584.565669590076,4584.815669590076,2202,1329,1766
4580.42075422377,4580.17075422377,4580.67075422377,1638,1931,1785
4583.520637908596,4583.145637908596,4583.895637908596,1531,1814,1673
4573.770560467525,4573.520560467525,4574.020560467525,1843,1146,1495
4569.334719149044,4569.084719149044,4569.584719149044,793,2046,1420
4565.31933308501,4564.94433308501,4565.69433308501,951,2454,1703
4571.587259848031,4571.337259848031,4571.837259848031,796,937,867
4572.219843527079,4571.969843527079,4572.469843527079,1667,1022,1345
4572.981730115183,4572.856730115183,4573.106730115183,2226,1543,1885
4571.848742633814,4571.598742633814,4572.098742633814,2290,1463,1877
4576.720263568702,4576.595263568702,4576.845263568702,2120,771,1446
4571.88138116346,4571.63138116346,4572.13138116346,658,1677,1168
4575.44990620827,4575.32490620827,4575.57490620827,1617,1054,1336
4577.02436062866,4576.89936062866,4577.14936062866,1269,1328,1299
4581.144013357672,4581.019013357672,4581.269013357672,2090,1015,1553
4580.151439858198,4579.776439858198,4580.526439858198,861,1146,1004
4579.0339447916,4578.9089447916,4579.1589447916,1650,1217,1434
4579.6925616454355,4579.4425616454355,4579.9425616454355,1211,770,991
4579.168287683793,4578.918287683793,4579.418287683793,1357,654,1006
4581.2018464351295,4581.0768464351295,4581.3268464351295,1452,1453,1453
4588.710959338529,4588.585959338529,4588.835959338529,1095,822,959
4595.039431728667,4594.789431728667,4595.289431728667,1369,2328,1849
4593.0895861237295,4592.9645861237295,4593.2145861237295,640,1225,933
4593.103187957131,4592.853187957131,4593.353187957131,1063,2930,1997
4593.124738699517,4592.874738699517,4593.374738699517,1680,861,1271
4591.807325345707,4591.557325345707,4592.057325345707,984,969,977
4587.528241885688,4587.403241885688,4587.653241885688,1349,2484,1917
4588.659831882094,4588.534831882094,4588.784831882094,2331,1232,1782
4592.892581130037,4592.767581130037,4593.017581130037,774,1001,888
4595.126854848429,4595.001854848429,4595.251854848429,1332,1215,1274
4595.738285730579,4595.613285730579,4595.863285730579,1460,625,1043
4596.984620304722,4596.734620304722,4597.234620304722,833,1272,1053
4596.858977078244,4596.733977078244,4596.983977078244,968,633,801
4595.491672037893,4595.241672037893,4595.741672037893,2466,1117,1792
4592.235276860877,4592.110276860877,4592.360276860877,790,1539,1165
4589.566441799796,4589.316441799796,4589.816441799796,1226,2283,1755
4585.078627367875,4584.828627367875,4585.328627367875,630,1067,849
4585.585934802304,4585.460934802304,4585.710934802304,716,1951,1334
4582.582632444563,4582.457632444563,4582.707632444563,1318,2501,1910
4580.564086914256,4580.314086914256,4580.814086914256,1079,1026,1053
4577.580133424274,4577.455133424274,4577.705133424274,914,1355,1135
4576.986464498835,4576.861464498835,4577.111464498835,981,1602,1292
4582.206854427558,4582.081854427558,4582.331854427558,1610,2301,1956
4581.187320833528,4581.062320833528,4581.312320833528,1520,2155,1838
4580.976591492828,4580.851591492828,4581.101591492828,741,998,870
4583.1565937016385,4583.0315937016385,4583.2815937016385,934,2703,1819
4578.816209405194,4578.691209405194,4578.941209405194,1038,2715,1877
4575.521360137556,4575.396360137556,4575.646360137556,884,1263,1074
4578.088383784896,4577.838383784896,4578.338383784896,1127,1048,1088
4581.952797703124,4581.702797703124,4582.202797703124,2428,959,1694
4582.185359385196,4581.935359385196,4582.435359385196,1091,1618,1355
4580.7456872410285,4580.4956872410285,4580.9956872410285,1192,609,901
4585.068689640058,4584.943689640058,4585.193689640058,1079,666,873
4577.246839003085,4576.996839003085,4577.496839003085,921,692,807
4575.535214805158,4575.410214805158,4575.660214805158,2596,1187,1892
4574.0477255317755,4573.9227255317755,4574.1727255317755,1333,2026,1680
4578.498962104923,4578.373962104923,4578.623962104923,1941,1506,1724
4583.747934246643,4583.622934246643,4583.872934246643,1327,1066,1197
4588.792611406115,4588.667611406115,4588.917611406115,1073,1572,1323
4591.15420142237,4591.02920142237,4591.27920142237,2634,947,1791
4596.2646616056445,4596.1396616056445,4596.3896616056445,1532,1511,1522
4594.469929758689,4594.344929758689,4594.594929758689,856,885,871
4596.032486211079,4595.782486211079,4596.282486211079,772,2015,1394
4595.9833587973535,4595.8583587973535,4596.1083587973535,1893,1074,1484
4596.241378377912,4596.116378377912,4596.366378377912,1152,479,816
4595.187018619463,4595.062018619463,4595.312018619463,2370,1441,1906
4592.22157813236,4592.09657813236,4592.34657813236,1366,1211,1289
4590.107287039058,4589.982287039058,4590.232287039058,644,1507,1076
4591.098110937851,4590.973110937851,4591.223110937851,1244,1123,1184
4591.883629209057,4591.758629209057,4592.008629209057,1492,2409,1951
4587.338612774026,4586.963612774026,4587.713612774026,1641,1260,1451
4589.673631260126,4589.548631260126,4589.798631260126,1689,630,1160
4589.637856673469,4589.512856673469,4589.762856673469,1629,1660,1645
4589.444104866777,4589.194104866777,4589.694104866777,564,1581,1073
4586.977313982567,4586.727313982567,4587.227313982567,1198,493,846
4586.347910631995,4586.222910631995,4586.472910631995,1927,1276,1602
4584.11173586642,4583.98673586642,4584.23673586642,1760,1493,1627
4586.021292336699,4585.896292336699,4586.146292336699,2154,1313,1734
4582.528330832188,4582.278330832188,4582.778330832188,1287,488,888
4583.632181570797,4583.507181570797,4583.757181570797,731,1864,1298
4587.4402641076595,4587.0652641076595,4587.8152641076595,2457,960,1709
4584.328612018332,4584.203612018332,4584.453612018332,522,1239,881
4583.113903585732,4582.988903585732,4583.238903585732,1107,832,970
4586.907225295545,4586.657225295545,4587.157225295545,722,2057,1390
4586.423012801361,4586.173012801361,4586.673012801361,447,1302,875
4587.445270684901,4587.320270684901,4587.570270684901,2039,742,1391
4587.508158327229,4587.383158327229,4587.633158327229,1123,2650,1887
4591.95684388032,4591.83184388032,4592.08184388032,1285,1084,1185
4592.958255448531,4592.833255448531,4593.083255448531,874,2277,1576
4592.244615020903,4592.119615020903,4592.369615020903,1619,1740,1680
4591.454100778475,4591.204100778475,4591.704100778475,1296,1265,1281
4591.64966613169,4591.52466613169,4591.77466613169,1239,478,859
4587.426416726384,4587.301416726384,4587.551416726384,2336,1639,1988
4587.9058746864175,4587.7808746864175,4588.0308746864175,1944,1557,1751
4585.578330793602,4585.453330793602,4585.703330793602,1049,1312,1181
4583.453799758782,4583.328799758782,4583.578799758782,510,1487,999
4583.979589653862,4583.604589653862,4584.354589653862,732,1843,1288
4587.107444057146,4586.857444057146,4587.357444057146,1676,2253,1965
4587.999340139005,4587.874340139005,4588.124340139005,1870,1053,1462
4584.838895320822,4584.713895320822,4584.963895320822,1085,1812,1449
4582.346868615525,4582.096868615525,4582.596868615525,2169,1016,1593
4584.748740681351,4584.623740681351,4584.873740681351,1261,1580,1421
4587.319550322076,4587.194550322076,4587.444550322076,1324,1865,1595
4581.89969754936,4581.64969754936,4582.14969754936,1420,2457,1939
4584.422800188753,4584.297800188753,4584.547800188753,2303,1390,1847
4575.6851318964045,4575.5601318964045,4575.8101318964045,857,1878,1368
4574.350495489753,4574.225495489753,4574.475495489753,1240,2531,1886
4576.494968560527,4576.369968560527,4576.619968560527,1009,952,981
4573.66109960532,4573.53609960532,4573.78609960532,1052,2093,1573
4570.509919962628,4570.384919962628,4570.634919962628,990,793,892
4572.5360286648865,4572.2860286648865,4572.7860286648865,1254,801,1028
4573.278736204079,4573.028736204079,4573.528736204079,1140,1889,1515
4580.408787806343,4580.283787806343,4580.533787806343,2012,1885,1949
4578.598480717152,4578.473480717152,4578.723480717152,1574,2207,1891
4579.326956538045,4579.076956538045,4579.576956538045,1031,2922,1977
4572.254605673723,4572.129605673723,4572.379605673723,1588,2015,1802
4579.998253865034,4579.748253865034,4580.248253865034,2465,1062,1764
4569.417372166648,4569.292372166648,4569.542372166648,1955,1016,1486
4562.657829141315,4562.407829141315,4562.907829141315,925,886,906
4559.091468329429,4558.966468329429,4559.216468329429,1685,1214,1450
4555.627795982884,4555.377795982884,4555.877795982884,1277,1860,1569
4551.584592946677,4551.334592946677,4551.834592946677,1770,793,1282
4554.013518243985,4553.763518243985,4554.263518243985,2160,1303,1732
4560.03534165295,4559.78534165295,4560.28534165295,2142,1049,1596
4562.109388390336,4561.734388390336,4562.484388390336,1042,937,990
4562.26844589891,4562.01844589891,4562.51844589891,710,2081,1396
4564.108229578458,4563.983229578458,4564.233229578458,2067,712,1390
4565.758427080128,4565.633427080128,4565.883427080128,2349,1408,1879
4570.431532252741,4570.306532252741,4570.556532252741,1947,1302,1625
4566.552294448665,4566.427294448665,4566.677294448665,1432,2513,1973
4569.362193888144,4568.987193888144,4569.737193888144,1015,2852,1934
4566.503153063915,4566.378153063915,4566.628153063915,1215,810,1013
4565.371137465634,4565.246137465634,4565.496137465634,1093,1106,1100
4563.998528663302,4563.873528663302,4564.123528663302,852,1997,1425
4559.7848849193315,4559.6598849193315,4559.9098849193315,1448,1603,1526
4562.233797294856,4562.108797294856,4562.358797294856,2423,1496,1960
4555.232801672445,4555.107801672445,4555.357801672445,1940,1131,1536
4560.883509138736,4560.758509138736,4561.008509138736,1046,939,993
4557.47267153297,4557.34767153297,4557.59767153297,1790,2121,1956
4554.2825442790345,4554.1575442790345,4554.4075442790345,852,1949,1401
4550.093375036697,4549.718375036697,4550.468375036697,1264,2131,1698
4550.015157605832,4549.640157605832,4550.390157605832,754,2003,1379
4550.977788965304,4550.727788965304,4551.227788965304,831,1638,1235
4551.9541443259395,4551.8291443259395,4552.0791443259395,1264,913,1089
4555.543562019055,4555.418562019055,4555.668562019055,1901,1796,1849
4557.763899567277,4557.513899567277,4558.013899567277,977,794,886
4553.157699305273,4552.907699305273,4553.407699305273,1062,1521,1292
4552.426882296294,4552.176882296294,4552.676882296294,1457,490,974
4546.315270556499,4546.190270556499,4546.440270556499,862,1103,983
4544.822545777399,4544.697545777399,4544.947545777399,1264,1645,1455
4538.718665599857,4538.593665599857,4538.843665599857,1522,1555,1539
4533.376727854206,4533.251727854206,4533.501727854206,1576,1573,1575
4526.665331365504,4526.415331365504,4526.915331365504,2065,830,1448
4522.127143676294,4522.002143676294,4522.252143676294,1433,2386,1910
4517.789768901321,4517.414768901321,4518.164768901321,911,802,857
4517.342390009185,4517.092390009185,4517.592390009185,1472,1017,1245
4515.68134734415,4515.43134734415,4515.93134734415,719,900,810
4518.101451982632,4517.976451982632,4518.226451982632,849,786,818
4518.773495340974,4518.523495340974,4519.023495340974,2365,1340,1853
4510.94115740675,4510.81615740675,4511.06615740675,1492,2131,1812
4514.802483632324,4514.677483632324,4514.927483632324,1602,1275,1439
4510.659898310812,4510.284898310812,4511.034898310812,1745,2112,1929
4506.9815457140985,4506.8565457140985,4507.1065457140985,1019,832,926
4504.848314288128,4504.598314288128,4505.098314288128,646,1083,865
4503.565848599726,4503.315848599726,4503.815848599726,1354,2607,1981
4507.150645510846,4506.900645510846,4507.400645510846,647,1284,966
4513.08794289222,4512.96294289222,4513.21294289222,2082,1609,1846
4512.665380607036,4512.540380607036,4512.790380607036,971,2590,1781
4511.513239943147,4511.388239943147,4511.638239943147,1094,1419,1257
4505.513769111815,4505.263769111815,4505.763769111815,1260,607,934
4507.631125506812,4507.256125506812,4508.006125506812,1261,852,1057
4512.008621726408,4511.758621726408,4512.258621726408,1130,2073,1602
4520.577675016068,4520.327675016068,4520.827675016068,1107,2748,1928
4515.7859602030885,4515.6609602030885,4515.9109602030885,677,1694,1186
4513.708925395218,4513.333925395218,4514.083925395218,1896,639,1268
4513.246590837697,4513.121590837697,4513.371590837697,997,702,850
4513.55200462561,4513.42700462561,4513.67700462561,2243,1034,1639
4518.728158322658,4518.478158322658,4518.978158322658,1612,1039,1326
4517.990458065975,4517.865458065975,4518.115458065975,799,1390,1095
4506.865642901417,4506.740642901417,4506.990642901417,1110,1457,1284
4510.11114463579,4509.98614463579,4510.23614463579,1552,949,1251
4509.496012556603,4509.371012556603,4509.621012556603,642,1761,1202
4512.169587352894,4512.044587352894,4512.294587352894,846,1289,1068
4513.427960092942,4513.302960092942,4513.552960092942,1276,2629,1953
4511.797112185391,4511.547112185391,4512.047112185391,887,1262,1075
4523.090137939601,4522.965137939601,4523.215137939601,1599,1578,1589
4523.169409558202,4522.919409558202,4523.419409558202,820,1065,943
4527.038799504244,4526.913799504244,4527.163799504244,885,1952,1419
4531.02203062156,4530.77203062156,4531.27203062156,2061,714,1388
4537.389514379352,4537.264514379352,4537.514514379352,2167,1064,1616
4536.082287500326,4535.832287500326,4536.332287500326,1810,1271,1541
4531.0261609298595,4530.9011609298595,4531.1511609298595,1543,1852,1698
4533.305430293709,4533.055430293709,4533.555430293709,1246,2395,1821
4539.134245460801,4538.759245460801,4539.509245460801,698,1537,1118
4544.245010579431,4543.995010579431,4544.495010579431,552,1301,927
4537.414827400144,4537.289827400144,4537.539827400144,802,1551,1177
4539.961590853184,4539.836590853184,4540.086590853184,1454,1601,1528
4539.004227968148,4538.879227968148,4539.129227968148,1204,1909,1557
4535.37838713716,4535.25338713716,4535.50338713716,1974,1831,1903
4532.19365358023,4532.06865358023,4532.31865358023,1640,2107,1874
4530.934977909478,4530.809977909478,4531.059977909478,669,1052,861
4532.018347328313,4531.768347328313,4532.268347328313,431,1276,854
4530.497296481745,4530.247296481745,4530.747296481745,766,1877,1322
4531.461853710295,4531.336853710295,4531.586853710295,1729,730,1230
4534.11027119978,4533.98527119978,4534.23527119978,2927,1054,1991
4537.150212642827,4537.025212642827,4537.275212642827,1511,810,1161
4542.3349843032,4542.2099843032,4542.4599843032,1845,1948,1897
4534.881335344541,4534.631335344541,4535.131335344541,1072,1485,1279
4526.108176525117,4525.983176525117,4526.233176525117,564,1159,862
4526.187250955623,4526.062250955623,4526.312250955623,783,2238,1511
4525.759475702921,4525.634475702921,4525.884475702921,1190,1791,1491
4525.258545433345,4524.883545433345,4525.633545433345,873,1674,1274
4529.925422749501,4529.675422749501,4530.175422749501,1182,1015,1099
4537.8912903469245,4537.6412903469245,4538.1412903469245,1057,556,807
4536.629821667365,4536.379821667365,4536.879821667365,1537,2122,1830
4533.905849808649,4533.780849808649,4534.030849808649,1201,2434,1818
4538.9051666386695,4538.7801666386695,4539.0301666386695,2300,1461,1881
4538.922739695601,4538.672739695601,4539.172739695601,786,1135,961
4537.618846694179,4537.493846694179,4537.743846694179,982,2321,1652
4541.507010478422,4541.382010478422,4541.632010478422,1159,1168,1164
4538.29447548317,4538.16947548317,4538.41947548317,1636,2085,1861
4543.812987429966,4543.687987429966,4543.937987429966,1616,2185,1901
4539.236098218506,4538.986098218506,4539.486098218506,844,1861,1353
4540.383223038251,4540.258223038251,4540.508223038251,1783,796,1290
4548.089752068741,4547.964752068741,4548.214752068741,1619,1400,1510
4547.47500960263,4547.35000960263,4547.60000960263,1709,1718,1714
4549.163761269285,4549.038761269285,4549.288761269285,2281,1072,1677
4550.709131302377,4550.584131302377,4550.834131302377,1191,2630,1911
4551.149045768544,4551.024045768544,4551.274045768544,1661,1126,1394
4553.485027678441,4553.360027678441,4553.610027678441,1323,1414,1369
4556.7790662660245,4556.6540662660245,4556.9040662660245,1993,1360,1677
4553.85584127117,4553.73084127117,4553.98084127117,731,872,802
4554.051636128963,4553.926636128963,4554.176636128963,1939,1482,1711
4546.503886131258,4546.378886131258,4546.628886131258,1348,2379,1864
4548.072089008704,4547.947089008704,4548.197089008704,890,849,870
4545.67156160452,4545.29656160452,4546.04656160452,1163,2208,1686
4545.201656377873,4545.076656377873,4545.326656377873,1277,1456,1367
4550.02756133708,4549.65256133708,4550.40256133708,2273,1530,1902
4543.93854862627,4543.68854862627,4544.18854862627,1372,1819,1596
4539.76529888677,4539.39029888677,4540.14029888677,830,2181,1506
4535.936806052578,4535.561806052578,4536.311806052578,731,936,834
4535.817888298602,4535.692888298602,4535.942888298602,1072,2855,1964
4542.464729249566,4542.214729249566,4542.714729249566,2304,1189,1747
4542.018218787023,4541.893218787023,4542.143218787023,541,1604,1073
4538.502643167486,4538.252643167486,4538.752643167486,2202,1319,1761
4541.218599427634,4541.093599427634,4541.343599427634,1439,678,1059
4544.058084911393,4543.933084911393,4544.183084911393,858,825,842
4545.187500723688,4545.062500723688,4545.312500723688,2627,964,1796
4539.242503175997,4539.117503175997,4539.367503175997,1156,1377,1267
4538.797871097186,4538.672871097186,4538.922871097186,1581,1534,1558
4539.425080074698,4539.175080074698,4539.675080074698,1949,1592,1771
4538.76775319396,4538.64275319396,4538.89275319396,1442,781,1112
4540.980053786343,4540.730053786343,4541.230053786343,1092,2071,1582
4539.6520819427315,4539.5270819427315,4539.7770819427315,1092,1205,1149
4545.797502867503,4545.547502867503,4546.047502867503,628,1721,1175
4541.758151663963,4541.633151663963,4541.883151663963,852,1231,1042
4544.123383100752,4543.998383100752,4544.248383100752,1330,2531,1931
4545.168378371901,4544.918378371901,4545.418378371901,2767,960,1864
4536.542113483762,4536.417113483762,4536.667113483762,918,2471,1695
4538.545400251489,4538.170400251489,4538.920400251489,1793,890,1342
4533.841187088401,4533.466187088401,4534.216187088401,1082,571,827
4540.264426964075,4539.889426964075,4540.639426964075,1837,1236,1537
4538.142140947353,4538.017140947353,4538.267140947353,1415,598,1007
4540.3484840769825,4540.0984840769825,4540.5984840769825,1107,672,890
4545.376059023632,4545.251059023632,4545.501059023632,860,1467,1164
4546.04907261697,4545.92407261697,4546.17407261697,823,1134,979
4547.687790602709,4547.562790602709,4547.812790602709,733,894,814
4547.724142536529,4547.474142536529,4547.974142536529,1291,2220,1756
4550.42343983982,4550.29843983982,4550.54843983982,1236,2393,1815
4550.639782216079,4550.389782216079,4550.889782216079,853,2298,1576
4550.83869325342,4550.46369325342,4551.21369325342,943,1886,1415
4549.891847518612,4549.766847518612,4550.016847518612,750,855,803
4542.941889687707,4542.691889687707,4543.191889687707,1193,1272,1233
4541.786347311141,4541.661347311141,4541.911347311141,1113,860,987
4540.42040946925,4540.04540946925,4540.79540946925,1858,999,1429
4539.706161641803,4539.581161641803,4539.831161641803,1348,1481,1415
4533.953742703876,4533.828742703876,4534.078742703876,1617,2106,1862
4525.6610470772775,4525.4110470772775,4525.9110470772775,1053,1920,1487
4521.703987934051,4521.328987934051,4522.078987934051,1462,1151,1307
4523.102920710497,4522.852920710497,4523.352920710497,1188,1345,1267
4529.310544323023,4529.185544323023,4529.435544323023,1177,2504,1841
4530.681746884023,4530.431746884023,4530.931746884023,1556,835,1196
4533.111544517835,4532.986544517835,4533.236544517835,2153,1100,1627
4535.3568271789845,4535.2318271789845,4535.4818271789845,2350,1169,1760
4536.93219746669,4536.80719746669,4537.05719746669,1161,1388,1275
4537.362189167375,4537.112189167375,4537.612189167375,1194,1355,1275
4531.169617785934,4531.044617785934,4531.294617785934,660,1947,1304
4530.3932955321725,4530.2682955321725,4530.5182955321725,1614,579,1097
4529.113990366491,4528.988990366491,4529.238990366491,1612,1901,1757
4517.78290166327,4517.53290166327,4518.03290166327,2277,1344,1811
4519.302460458121,4519.052460458121,4519.552460458121,1021,966,994
4524.753408826881,4524.378408826881,4525.128408826881,2125,1268,1697
4520.266791383848,4519.891791383848,4520.641791383848,1253,2314,1784
4524.584846402795,4524.209846402795,4524.959846402795,1254,1429,1342
4530.0825524634265,4529.9575524634265,4530.2075524634265,1997,1870,1934
4526.897618062966,4526.647618062966,4527.147618062966,1254,1801,1528
4523.74469814458,4523.61969814458,4523.86969814458,1424,1179,1302
4524.133918856733,4523.883918856733,4524.383918856733,1446,645,1046
4527.621807396588,4527.246807396588,4527.996807396588,1391,678,1035
4535.102954428351,4534.977954428351,4535.227954428351,1629,936,1283
4536.350123691177,4536.100123691177,4536.600123691177,937,2222,1580
4528.464251531357,4528.214251531357,4528.714251531357,542,1593,1068
4539.295222051793,4539.170222051793,4539.420222051793,586,1199,893
4537.384714253686,4537.134714253686,4537.634714253686,1053,818,936
4531.294775142558,4531.169775142558,4531.419775142558,1824,633,1229
4529.730895880028,4529.605895880028,4529.855895880028,1526,1449,1488
4525.624126480242,4525.374126480242,4525.874126480242,1959,666,1313
4525.801360481774,4525.676360481774,4525.926360481774,1307,2606,1957
4525.498732919041,4525.373732919041,4525.623732919041,2071,1708,1890
4535.77469805579,4535.64969805579,4535.89969805579,802,823,813
4541.5865877270435,4541.4615877270435,4541.7115877270435,1270,2295,1783
4536.559083127569,4536.309083127569,4536.809083127569,1687,708,1198
4538.512224220135,4538.387224220135,4538.637224220135,1140,2475,1808
4539.227906232655,4539.102906232655,4539.352906232655,2042,1213,1628
4533.777471751748,4533.652471751748,4533.902471751748,1271,616,944
4534.311211608988,4534.186211608988,4534.436211608988,1425,1932,1679
4531.226363477638,4531.101363477638,4531.351363477638,1740,2085,1913
4533.915568436694,4533.540568436694,4534.290568436694,1833,1874,1854
4538.658247578498,4538.408247578498,4538.908247578498,535,1440,988
4542.13146832582,4542.00646832582,4542.25646832582,1390,1325,1358
4534.378478225959,4534.253478225959,4534.503478225959,1309,2294,1802
4531.8979823404115,4531.7729823404115,4532.0229823404115,936,2481,1709
4532.148160666755,4531.898160666755,4532.398160666755,2330,1663,1997
4528.449818460872,4528.324818460872,4528.574818460872,1121,1324,1223
4538.631884959231,4538.506884959231,4538.756884959231,1332,2137,1735
4539.0428746905145,4538.9178746905145,4539.1678746905145,845,1878,1362
4541.469198450966,4541.219198450966,4541.719198450966,1869,940,1405
4543.80195318573,4543.67695318573,4543.92695318573,1937,662,1300
4543.926329543804,4543.801329543804,4544.051329543804,1157,2732,1945
4540.895725457444,4540.645725457444,4541.145725457444,507,1380,944
4543.213319768677,4542.963319768677,4543.463319768677,625,1648,1137
4544.699591735755,4544.574591735755,4544.824591735755,623,1068,846
4547.031712953663,4546.906712953663,4547.156712953663,876,917,897
4539.375829341375,4539.250829341375,4539.500829341375,502,1467,985
4546.171777806762,4545.796777806762,4546.546777806762,2555,1012,1784
4537.84819894354,4537.72319894354,4537.97319894354,1248,2323,1786
4533.494012969753,4533.244012969753,4533.744012969753,1065,696,881
4531.563813081276,4531.438813081276,4531.688813081276,1820,1689,1755
4530.35053948708,4530.22553948708,4530.47553948708,1538,2205,1872
4531.353948703661,4531.103948703661,4531.603948703661,1434,861,1148
4534.956644787012,4534.706644787012,4535.206644787012,854,1285,1070
4532.552832471794,4532.427832471794,4532.677832471794,1648,1225,1437
4527.389070524804,4527.264070524804,4527.514070524804,947,1024,986
4526.194583126699,4526.069583126699,4526.319583126699,2318,1171,1745
4520.6789748650435,4520.5539748650435,4520.8039748650435,2255,770,1513
4515.483775955446,4515.233775955446,4515.733775955446,1166,1771,1469
4513.680280293785,4513.555280293785,4513.805280293785,1038,747,893
4511.730261662601,4511.480261662601,4511.980261662601,622,1761,1192
4513.557453136829,4513.182453136829,4513.932453136829,2859,1008,1934
4510.780170204462,4510.655170204462,4510.905170204462,1083,922,1003
4511.861523627428,4511.736523627428,4511.986523627428,705,1226,966
4512.130131979366,4511.880131979366,4512.380131979366,1657,992,1325
4510.35313781921,4509.97813781921,4510.72813781921,1166,629,898
4508.139334163641,4507.889334163641,4508.389334163641,2142,987,1565
4511.357899077856,4511.107899077856,4511.607899077856,869,1060,965
4519.206331746626,4518.956331746626,4519.456331746626,2407,1430,1919
4526.152254316356,4525.902254316356,4526.402254316356,703,992,848
4519.787651401567,4519.412651401567,4520.162651401567,1065,1340,1203
4514.827099506312,4514.452099506312,4515.202099506312,2294,1359,1827
4514.769052580424,4514.519052580424,4515.019052580424,1672,1331,1502
4514.544393671496,4514.419393671496,4514.669393671496,1058,2647,1853
4517.8268298594985,4517.7018298594985,4517.9518298594985,920,2291,1606
4516.582231338854,4516.332231338854,4516.832231338854,1030,2309,1670
4511.007511917735,4510.757511917735,4511.257511917735,933,1346,1140
4511.443180594495,4511.193180594495,4511.693180594495,1137,770,954
4505.7991890713165,4505.5491890713165,4506.0491890713165,2124,1677,1901
4501.595240725073,4501.470240725073,4501.720240725073,1060,673,867
4501.6316252049455,4501.3816252049455,4501.8816252049455,1335,1156,1246
4500.54432223895,4500.29432223895,4500.79432223895,1362,2139,1751
4496.300282204348,4496.175282204348,4496.425282204348,1645,780,1213
4496.717539444584,4496.592539444584,4496.842539444584,1661,1294,1478
4495.854252781162,4495.604252781162,4496.104252781162,1241,498,870
4490.691995727865,4490.566995727865,4490.816995727865,808,2365,1587
4494.921090899973,4494.796090899973,4495.046090899973,1284,1135,1210
4495.531866480697,4495.281866480697,4495.781866480697,1605,1310,1458
4495.973595577455,4495.848595577455,4496.098595577455,826,2171,1499
4495.659445315734,4495.409445315734,4495.909445315734,1652,2177,1915
4500.971435107086,4500.846435107086,4501.096435107086,510,1237,874
4504.5495572765685,4504.4245572765685,4504.6745572765685,1669,634,1152
4503.506853100883,4503.256853100883,4503.756853100883,611,1124,868
4502.18316456825,4501.93316456825,4502.43316456825,2335,1616,1976
4508.582996121834,4508.332996121834,4508.832996121834,1285,2312,1799
4500.66465859854,4500.41465859854,4500.91465859854,2165,942,1554
4499.023394252813,4498.773394252813,4499.273394252813,486,1123,805
4499.884423478955,4499.759423478955,4500.009423478955,2133,1862,1998
4506.393767820921,4506.018767820921,4506.768767820921,1047,934,991
4511.063067780245,4510.813067780245,4511.313067780245,1669,1702,1686
4511.228847314527,4511.103847314527,4511.353847314527,723,1764,1244
4511.4949396205675,4511.3699396205675,4511.6199396205675,901,1400,1151
4507.291185324297,4507.166185324297,4507.416185324297,852,1101,977
4507.159823284439,4507.034823284439,4507.284823284439,891,1206,1049
4505.274996302339,4505.149996302339,4505.399996302339,1413,1748,1581
4506.174208901402,4506.049208901402,4506.299208901402,1810,1491,1651
4508.440142206463,4508.190142206463,4508.690142206463,1404,2353,1879
4509.247977259863,4509.122977259863,4509.372977259863,1448,565,1007
4510.689691595357,4510.564691595357,4510.814691595357,1412,2461,1937
4517.483049690964,4517.358049690964,4517.608049690964,1166,461,814
4515.154641008807,4515.029641008807,4515.279641008807,1716,1593,1655
4519.583861345182,4519.458861345182,4519.708861345182,1881,1206,1544
4527.849696178254,4527.724696178254,4527.974696178254,2221,970,1596
4530.185264017998,4530.060264017998,4530.310264017998,1471,2356,1914
4532.357160728294,4532.232160728294,4532.482160728294,1064,585,825
4536.071875197778,4535.821875197778,4536.321875197778,1284,2079,1682
4533.173760052299,4533.048760052299,4533.298760052299,739,1118,929
4528.267944190953,4528.142944190953,4528.392944190953,1861,944,1403
4525.017094803035,4524.892094803035,4525.142094803035,403,1200,802
4523.656181515854,4523.531181515854,4523.781181515854,2176,1135,1656
4521.359672480787,4521.109672480787,4521.609672480787,647,1002,825
4519.886263623856,4519.761263623856,4520.011263623856,1430,545,988
4517.448573901223,4517.323573901223,4517.573573901223,1179,1568,1374
4520.783966029574,4520.658966029574,4520.908966029574,1572,773,1173
4522.29278658551,4521.91778658551,4522.66778658551,1322,1243,1283
4524.9223465366085,4524.6723465366085,4525.1723465366085,1630,1891,1761
4518.33950173066,4517.96450173066,4518.71450173066,1939,1604,1772
4514.89274314734,4514.64274314734,4515.14274314734,1909,1104,1507
4514.2621022682415,4514.1371022682415,4514.3871022682415,1441,802,1122
4514.149223498791,4513.899223498791,4514.399223498791,1335,786,1061
4516.789124842051,4516.539124842051,4517.039124842051,612,1441,1027
4519.318692545487,4519.193692545487,4519.443692545487,1102,2207,1655
4517.186921070628,4516.936921070628,4517.436921070628,1418,1441,1430
4517.7430079592905,4517.6180079592905,4517.8680079592905,968,1337,1153
4524.8576054892355,4524.6076054892355,4525.1076054892355,1336,1317,1327
4522.4723997388,4522.2223997388,4522.7223997388,1801,1898,1850
4524.801307814027,4524.676307814027,4524.926307814027,1643,2182,1913
4525.310729172977,4525.185729172977,4525.435729172977,1758,1227,1493
4522.4846301129,4522.3596301129,4522.6096301129,1291,470,881
4529.633757793173,4529.508757793173,4529.758757793173,1788,689,1239
4534.755369204704,4534.630369204704,4534.880369204704,1659,2024,1842
4537.25072443093,4536.87572443093,4537.62572443093,891,1640,1266
4538.679852357134,4538.429852357134,4538.929852357134,469,1152,811
4538.124356711346,4537.999356711346,4538.249356711346,1942,1421,1682
4536.8593895251615,4536.4843895251615,4537.2343895251615,525,1316,921
4532.420911825878,4532.295911825878,4532.545911825878,1300,1517,1409
4538.499350052695,4538.374350052695,4538.624350052695,1560,1217,1389
4537.26034961531,4537.13534961531,4537.38534961531,1116,771,944
4537.463086623433,4537.088086623433,4537.838086623433,1031,1410,1221
4536.595700981491,4536.470700981491,4536.720700981491,1203,632,918
4540.251618230175,4540.126618230175,4540.376618230175,651,1460,1056
4548.33823407256,4548.21323407256,4548.46323407256,1377,502,940
4549.901947843127,4549.776947843127,4550.026947843127,1199,742,971
4545.905840560752,4545.780840560752,4546.030840560752,1685,1622,1654
4547.967018330134,4547.842018330134,4548.092018330134,1245,1148,1197
4548.678475119283,4548.428475119283,4548.928475119283,994,667,831
4547.667391130149,4547.542391130149,4547.792391130149,1016,793,905
4547.972937260789,4547.722937260789,4548.222937260789,618,989,804
4549.6016182197445,4549.4766182197445,4549.7266182197445,888,2019,1454
4556.4834462965355,4556.2334462965355,4556.7334462965355,1295,1112,1204
4554.75154385903,4554.50154385903,4555.00154385903,1324,1093,1209
4557.611950716154,4557.486950716154,4557.736950716154,1722,1493,1608
4558.322539558044,4558.197539558044,4558.447539558044,1537,566,1052
4558.3899997550725,4558.2649997550725,4558.5149997550725,1783,910,1347
4555.9827035820745,4555.7327035820745,4556.2327035820745,624,1649,1137
4556.429529907806,4556.304529907806,4556.554529907806,697,1586,1142
4555.759822204837,4555.634822204837,4555.884822204837,688,1571,1130
4557.488568059285,4557.113568059285,4557.863568059285,772,1097,935
4555.898761597467,4555.773761597467,4556.023761597467,2210,1219,1715
4551.7928714638665,4551.6678714638665,4551.9178714638665,1557,986,1272
4546.245773375401,4546.120773375401,4546.370773375401,721,1358,1040
4545.9930789254095,4545.8680789254095,4546.1180789254095,1272,909,1091
4551.962375913068,4551.837375913068,4552.087375913068,2289,1146,1718
4552.938590907604,4552.813590907604,4553.063590907604,878,1747,1313
4553.733376109048,4553.608376109048,4553.858376109048,1698,1377,1538
4551.23166244947,4551.10666244947,4551.35666244947,1154,1579,1367
4547.062727907002,4546.937727907002,4547.187727907002,943,1910,1427
4551.8265527241865,4551.5765527241865,4552.0765527241865,2420,1271,1846
4560.910596988948,4560.785596988948,4561.035596988948,1236,1771,1504
4553.856631637859,4553.731631637859,4553.981631637859,1018,1225,1122
4558.059703486366,4557.809703486366,4558.309703486366,1127,1678,1403
4558.313118097391,4558.063118097391,4558.563118097391,454,1281,868
4553.780674338763,4553.655674338763,4553.905674338763,1234,725,980
4551.164829906007,4551.039829906007,4551.289829906007,972,1477,1225
4554.906635156698,4554.656635156698,4555.156635156698,1051,996,1024
4553.088779715325,4552.963779715325,4553.213779715325,1526,861,1194
4556.0206733217265,4555.6456733217265,4556.3956733217265,1880,989,1435
4555.869218834665,4555.744218834665,4555.994218834665,1246,2303,1775
4553.395262173269,4553.270262173269,4553.520262173269,1448,1385,1417
4557.50458117173,4557.37958117173,4557.62958117173,2930,1047,1989
4554.748121055529,4554.623121055529,4554.873121055529,1454,1047,1251
4553.059873228025,4552.934873228025,4553.184873228025,1518,1419,1469
4551.578957509386,4551.328957509386,4551.828957509386,1608,999,1304
4557.3726499624245,4557.2476499624245,4557.4976499624245,962,1199,1081
4561.612899766225,4561.237899766225,4561.987899766225,1753,1880,1817
4563.30699409443,4563.18199409443,4563.43199409443,1398,1249,1324
4562.509838663379,4562.259838663379,4562.759838663379,2209,1592,1901
4558.553481295322,4558.428481295322,4558.678481295322,547,1260,904
4556.384305088273,4556.259305088273,4556.509305088273,1050,2305,1678
4558.824596956194,4558.699596956194,4558.949596956194,1090,839,965
4564.295766103719,4564.170766103719,4564.420766103719,2060,1101,1581
4564.674880222452,4564.549880222452,4564.799880222452,852,2095,1474
4567.953825943926,4567.578825943926,4568.328825943926,1617,2316,1967
4564.222449182909,4563.847449182909,4564.597449182909,1080,1387,1234
4567.210192602269,4567.085192602269,4567.335192602269,2190,1649,1920
4567.010459968139,4566.885459968139,4567.135459968139,1039,2920,1980
4569.253910009615,4568.878910009615,4569.628910009615,1536,521,1029
4564.774933273179,4564.399933273179,4565.149933273179,983,2276,1630
4561.240642225972,4560.865642225972,4561.615642225972,1397,2162,1780
4559.825213828272,4559.700213828272,4559.950213828272,713,1168,941
4559.760088059275,4559.635088059275,4559.885088059275,1231,896,1064
4557.833091212453,4557.708091212453,4557.958091212453,811,2076,1444
4558.933286520491,4558.808286520491,4559.058286520491,497,1464,981
4556.810243020246,4556.685243020246,4556.935243020246,1616,1793,1705
4558.0783927116045,4557.9533927116045,4558.2033927116045,1677,638,1158
4560.872116305004,4560.747116305004,4560.997116305004,1630,1027,1329
4560.874535883614,4560.749535883614,4560.999535883614,684,1197,941
4561.197199512655,4561.072199512655,4561.322199512655,2730,1259,1995
4555.647169918768,4555.522169918768,4555.772169918768,1934,1269,1602
4558.260810849185,4558.010810849185,4558.510810849185,1217,778,998
4558.297579317514,4558.172579317514,4558.422579317514,1953,1768,1861
4557.976446123197,4557.851446123197,4558.101446123197,1875,1096,1486
4558.542822988235,4558.167822988235,4558.917822988235,1238,2267,1753
4559.296862290489,4559.171862290489,4559.421862290489,1524,849,1187
4553.4705699679125,4553.2205699679125,4553.7205699679125,1166,1603,1385
4549.070520286551,4548.820520286551,4549.320520286551,2365,954,1660
4555.801222826598,4555.676222826598,4555.926222826598,1786,1085,1436
4549.618159693619,4549.243159693619,4549.993159693619,1559,1250,1405
4548.589542473498,4548.339542473498,4548.839542473498,1285,2324,1805
4547.359177336054,4547.109177336054,4547.609177336054,978,1225,1102
4545.59081886594,4545.46581886594,4545.71581886594,1869,1936,1903
4546.57835966151,4546.45335966151,4546.70335966151,1379,1060,1220
4550.984157477713,4550.859157477713,4551.109157477713,1136,1407,1272
4553.024755426137,4552.899755426137,4553.149755426137,1981,1444,1713
4553.795251026932,4553.670251026932,4553.920251026932,1341,1418,1380
4546.382892387634,4546.257892387634,4546.507892387634,873,1838,1356
4540.890027039765,4540.640027039765,4541.140027039765,2193,884,1539
4545.523195305034,4545.273195305034,4545.773195305034,792,1713,1253
4550.920821193701,4550.670821193701,4551.170821193701,810,2349,1580
4550.854077373312,4550.604077373312,4551.104077373312,1359,502,931
4546.406825462565,4546.156825462565,4546.656825462565,1962,1005,1484
4550.066934110576,4549.941934110576,4550.191934110576,2438,1323,1881
4557.051908951356,4556.801908951356,4557.301908951356,1378,2083,1731
4559.697310607623,4559.322310607623,4560.072310607623,1135,1868,1502
4562.22727007218,4561.97727007218,4562.47727007218,1297,1018,1158
4559.973707051573,4559.848707051573,4560.098707051573,1219,554,887
4571.788249798418,4571.663249798418,4571.913249798418,2256,1641,1949
4571.18553474735,4570.93553474735,4571.43553474735,1326,2191,1759
4564.478570603948,4564.103570603948,4564.853570603948,1090,921,1006
4566.281377127225,4566.031377127225,4566.531377127225,998,1627,1313
4569.248303058789,4569.123303058789,4569.373303058789,2183,1212,1698
4562.089755220389,4561.839755220389,4562.339755220389,1310,1409,1360
4563.954408732654,4563.829408732654,4564.079408732654,1733,1238,1486
4564.942454644641,4564.817454644641,4565.067454644641,1899,1460,1680
4560.204195062843,4559.829195062843,4560.579195062843,2071,1206,1639
4564.3961782230945,4564.1461782230945,4564.6461782230945,1158,1333,1246
4569.401823807354,4569.151823807354,4569.651823807354,1469,1710,1590
4568.196615277997,4567.946615277997,4568.446615277997,1165,1764,1465
4564.865497719707,4564.615497719707,4565.115497719707,1355,886,1121
4564.640534177937,4564.265534177937,4565.015534177937,1704,719,1212
4568.772506809668,4568.397506809668,4569.147506809668,1107,1482,1295
4569.802124345303,4569.677124345303,4569.927124345303,2912,1037,1975
4575.1685511506475,4574.9185511506475,4575.4185511506475,2069,1274,1672
4576.2230957215925,4576.0980957215925,4576.3480957215925,1869,2098,1984
4574.4164377865245,4574.2914377865245,4574.5414377865245,1252,547,900
4580.527533923009,4580.402533923009,4580.652533923009,1019,2500,1760
4579.253323558001,4579.128323558001,4579.378323558001,1294,1051,1173
4578.223923058792,4578.098923058792,4578.348923058792,2497,946,1722
4576.958991082236,4576.833991082236,4577.083991082236,1567,1502,1535
4580.129428351351,4580.004428351351,4580.254428351351,2368,1317,1843
4577.538091089067,4577.413091089067,4577.663091089067,667,1490,1079
4575.499059923283,4575.374059923283,4575.624059923283,953,2820,1887
4570.489860866494,4570.114860866494,4570.864860866494,1249,1658,1454
4571.739576986462,4571.614576986462,4571.864576986462,1719,752,1236
4574.406820692798,4574.281820692798,4574.531820692798,1095,1910,1503
4577.178889561737,4576.803889561737,4577.553889561737,1266,2633,1950
4583.235870166351,4583.110870166351,4583.360870166351,1805,1520,1663
4573.09780070298,4572.72280070298,4573.47280070298,1431,1100,1266
4573.787065078631,4573.412065078631,4574.162065078631,1528,747,1138
4569.897160606072,4569.647160606072,4570.147160606072,1312,587,950
4573.1123765579305,4572.8623765579305,4573.3623765579305,463,1174,819
4570.524479538827,4570.274479538827,4570.774479538827,1229,764,997
4572.488188676406,4572.238188676406,4572.738188676406,672,1099,886
4573.637147467932,4573.512147467932,4573.762147467932,728,1417,1073
4568.720542625278,4568.595542625278,4568.845542625278,598,1239,919
4566.062256621278,4565.687256621278,4566.437256621278,1061,606,834
4568.529781192379,4568.154781192379,4568.904781192379,1417,474,946
4568.649957684418,4568.524957684418,4568.774957684418,1159,754,957
4560.05308227506,4559.92808227506,4560.17808227506,881,1256,1069
4557.039212459104,4556.914212459104,4557.164212459104,1967,882,1425
4557.198964301702,4556.948964301702,4557.448964301702,1307,2626,1967
4551.977788775387,4551.852788775387,4552.102788775387,2635,1008,1822
4550.414186886459,4550.289186886459,4550.539186886459,808,2263,1536
4560.082065993946,4559.957065993946,4560.207065993946,924,1647,1286
4556.579551104445,4556.454551104445,4556.704551104445,1111,2264,1688
4551.998506249622,4551.873506249622,4552.123506249622,1826,653,1240
4552.840540874422,4552.465540874422,4553.215540874422,2032,793,1413
4547.606341879859,4547.356341879859,4547.856341879859,743,2022,1383
4551.147099490182,4551.022099490182,4551.272099490182,474,1335,905
4550.014855316069,4549.889855316069,4550.139855316069,1977,1880,1929
4541.831434448072,4541.581434448072,4542.081434448072,714,2037,1376
4544.45339590675,4544.20339590675,4544.70339590675,1668,1343,1506
4545.144828739772,4544.769828739772,4545.519828739772,1745,832,1289
4545.572815863416,4545.447815863416,4545.697815863416,872,2617,1745
4549.771436744326,4549.646436744326,4549.896436744326,2228,901,1565
4547.7911522782715,4547.6661522782715,4547.9161522782715,1293,1710,1502
4539.196428476185,4538.821428476185,4539.571428476185,2707,1110,1909
4536.66349114072,4536.53849114072,4536.78849114072,947,2082,1515
4538.473044556383,4538.348044556383,4538.598044556383,702,1921,1312
4533.115798547976,4532.990798547976,4533.240798547976,1013,1340,1177
4540.222082352426,4539.972082352426,4540.472082352426,1204,2389,1797
4540.164419751714,4540.039419751714,4540.289419751714,1956,1449,1703
4547.802464841777,4547.552464841777,4548.052464841777,1473,1844,1659
4546.173580826642,4545.923580826642,4546.423580826642,1636,1561,1599
4547.540952813519,4547.290952813519,4547.790952813519,1363,2254,1809
4549.728058831143,4549.353058831143,4550.103058831143,799,1552,1176
4555.559318126473,4555.309318126473,4555.809318126473,1213,2496,1855
4553.231017922625,4553.106017922625,4553.356017922625,817,1958,1388
4555.081604612102,4554.706604612102,4555.456604612102,921,1988,1455
4552.235886749977,4552.110886749977,4552.360886749977,590,1415,1003
4559.303519154042,4558.928519154042,4559.678519154042,1269,1032,1151
4548.941946168973,4548.816946168973,4549.066946168973,968,1073,1021
4546.5197004438,4546.1447004438,4546.8947004438,1663,2306,1985
4548.758894782859,4548.633894782859,4548.883894782859,2763,968,1866
4542.5158637925315,4542.3908637925315,4542.6408637925315,1080,1831,1456
4544.376112856878,4544.001112856878,4544.751112856878,988,631,810
4548.397871064679,4548.272871064679,4548.522871064679,2882,1083,1983
4548.368128913677,4548.118128913677,4548.618128913677,1315,2492,1904
4555.915610990943,4555.790610990943,4556.040610990943,1590,1961,1776
4551.800678988611,4551.550678988611,4552.050678988611,626,1175,901
4559.785650509458,4559.660650509458,4559.910650509458,509,1244,877
4559.7069945853855,4559.5819945853855,4559.8319945853855,1596,1323,1460
4555.21524537569,4555.09024537569,4555.34024537569,999,998,999
4552.825807241877,4552.700807241877,4552.950807241877,1359,1050,1205
4551.487709181249,4551.237709181249,4551.737709181249,1221,1208,1215
4551.456824708779,4551.206824708779,4551.706824708779,896,2329,1613
4551.03977137071,4550.91477137071,4551.16477137071,1775,1110,1443
4551.309834427331,4551.184834427331,4551.434834427331,1276,1483,1380
4558.777577369447,4558.527577369447,4559.027577369447,2588,1233,1911
4553.879425674861,4553.629425674861,4554.129425674861,843,760,802
4551.41159145871,4551.28659145871,4551.53659145871,1604,1367,1486
4549.690568738056,4549.565568738056,4549.815568738056,1545,2222,1884
4546.541462676884,4546.416462676884,4546.666462676884,1181,1556,1369
4548.279308644369,4548.154308644369,4548.404308644369,456,1293,875
4552.872009286576,4552.747009286576,4552.997009286576,1945,1556,1751
4555.467189168879,4555.217189168879,4555.717189168879,430,1169,800
4553.0601663340185,4552.8101663340185,4553.3101663340185,1613,2336,1975
4548.743096001216,4548.618096001216,4548.868096001216,2017,1264,1641
4545.277151031141,4545.027151031141,4545.527151031141,788,1599,1194
4548.98025586102,4548.73025586102,4549.23025586102,1160,1541,1351
4549.882043486118,4549.757043486118,4550.007043486118,619,1436,1028
4553.606607533343,4553.481607533343,4553.731607533343,1397,920,1159
4555.283460517804,4555.158460517804,4555.408460517804,886,1161,1024
4555.762590674978,4555.637590674978,4555.887590674978,1918,1375,1647
4553.691080038374,4553.566080038374,4553.816080038374,1155,1402,1279
4562.323435744,4562.198435744,4562.448435744,661,1610,1136
4552.573074103626,4552.323074103626,4552.823074103626,828,2077,1453
4559.019364234279,4558.894364234279,4559.144364234279,1140,2511,1826
4560.795705396062,4560.545705396062,4561.045705396062,1071,2050,1561
4555.1518555618295,4554.7768555618295,4555.5268555618295,1405,2442,1924
4553.6805395891115,4553.5555395891115,4553.8055395891115,2357,1310,1834
4552.814264963377,4552.689264963377,4552.939264963377,1328,2361,1845
4552.413635707119,4552.288635707119,4552.538635707119,1175,1034,1105
4557.954174884878,4557.704174884878,4558.204174884878,1576,805,1191
4556.85878398383,4556.48378398383,4557.23378398383,2223,1026,1625
4560.95727958343,4560.83227958343,4561.08227958343,1309,1188,1249
4561.751752982716,4561.376752982716,4562.126752982716,1982,1149,1566
4562.751812955941,4562.626812955941,4562.876812955941,2456,889,1673
4563.254726243265,4563.004726243265,4563.504726243265,1156,1605,1381
4558.129012239346,4558.004012239346,4558.254012239346,1067,1042,1055
4559.586330476509,4559.336330476509,4559.836330476509,499,1124,812
4553.549274696994,4553.174274696994,4553.924274696994,807,2262,1535
4553.199088407557,4553.074088407557,4553.324088407557,779,926,853
4550.645894885811,4550.520894885811,4550.770894885811,2189,1798,1994
4548.232210816561,4548.107210816561,4548.357210816561,963,864,914
4553.010513858868,4552.885513858868,4553.135513858868,1753,1684,1719
4554.0058755691825,4553.8808755691825,4554.1308755691825,1940,901,1421
4556.6930974645675,4556.4430974645675,4556.9430974645675,1951,1648,1800
4556.352375797392,4556.102375797392,4556.602375797392,1126,485,806
4561.159604798017,4561.034604798017,4561.284604798017,742,1017,880
4562.216237784842,4562.091237784842,4562.341237784842,1657,1308,1483
4563.968302257327,4563.843302257327,4564.093302257327,906,1357,1132
4567.516260012269,4567.391260012269,4567.641260012269,1176,1689,1433
4562.766632580201,4562.641632580201,4562.891632580201,1390,587,989
4562.031684822703,4561.906684822703,4562.156684822703,919,1070,995
4562.417211149062,4562.292211149062,4562.542211149062,767,1148,958
4558.638988843135,4558.513988843135,4558.763988843135,1183,650,917
4560.898224945095,4560.773224945095,4561.023224945095,1356,1721,1539
4562.745218263271,4562.620218263271,4562.870218263271,1132,2243,1688
4560.415206400058,4560.290206400058,4560.540206400058,1023,2498,1761
4561.129294657612,4560.879294657612,4561.379294657612,2229,1168,1699
4560.016881991553,4559.891881991553,4560.141881991553,1381,786,1084
4567.382936677423,4567.257936677423,4567.507936677423,1392,1665,1529
4569.747885303053,4569.622885303053,4569.872885303053,970,1503,1237
4566.071452977482,4565.821452977482,4566.321452977482,1461,540,1001
4561.420491194677,4561.295491194677,4561.545491194677,1009,794,902
4557.316454784027,4557.191454784027,4557.441454784027,923,2646,1785
4547.840698288955,4547.715698288955,4547.965698288955,869,2344,1607
4547.460832280224,4547.335832280224,4547.585832280224,2767,1004,1886
4551.672004925946,4551.422004925946,4551.922004925946,1489,1900,1695
4545.220701333704,4545.095701333704,4545.345701333704,1025,1052,1039
4546.63758876337,4546.38758876337,4546.88758876337,1043,618,831
4552.7867128264525,4552.5367128264525,4553.0367128264525,948,813,881
4548.812415775089,4548.437415775089,4549.187415775089,1569,622,1096
4550.311194539058,4550.186194539058,4550.436194539058,1952,785,1369
4555.6509237632945,4555.2759237632945,4556.0259237632945,1296,741,1019
4560.319444931257,4560.194444931257,4560.444444931257,1312,2615,1964
4565.651376249124,4565.401376249124,4565.901376249124,2354,819,1587
4565.735834195239,4565.610834195239,4565.860834195239,626,1801,1214
4555.237931784152,4555.112931784152,4555.362931784152,2070,1809,1940
4551.044930651028,4550.919930651028,4551.169930651028,2096,1445,1771
4551.801688078381,4551.676688078381,4551.926688078381,1256,2591,1924
4550.422188272397,4550.172188272397,4550.672188272397,1196,497,847
4554.751874862077,4554.626874862077,4554.876874862077,673,1944,1309
4559.508877607192,4559.258877607192,4559.758877607192,1805,1534,1670
4555.740833647628,4555.490833647628,4555.990833647628,1641,2058,1850
4556.391952272328,4556.141952272328,4556.641952272328,1767,1192,1480
4558.085395934588,4557.960395934588,4558.210395934588,827,1840,1334
4561.964120944245,4561.714120944245,4562.214120944245,1349,2226,1788
4563.93307004267,4563.80807004267,4564.05807004267,909,2476,1693
4565.532573091366,4565.407573091366,4565.657573091366,1027,1618,1323
4562.663311232442,4562.413311232442,4562.913311232442,1457,728,1093
4558.242113760364,4558.117113760364,4558.367113760364,1234,547,891
4565.750970147763,4565.625970147763,4565.875970147763,1365,2506,1936
4562.890988805251,4562.765988805251,4563.015988805251,1804,1293,1549
4564.596680546696,4564.221680546696,4564.971680546696,1206,2739,1973
4562.886475620748,4562.636475620748,4563.136475620748,1465,934,1200
4555.2297407498245,4554.9797407498245,4555.4797407498245,2611,1038,1825
4556.516126446977,4556.266126446977,4556.766126446977,415,1208,812
4561.688416985821,4561.438416985821,4561.938416985821,2511,1088,1800
4561.122280719028,4560.997280719028,4561.247280719028,2354,797,1576
4559.162670042564,4558.912670042564,4559.412670042564,896,2649,1773
4561.2443109612495,4560.9943109612495,4561.4943109612495,1173,2286,1730
4557.873665312707,4557.748665312707,4557.998665312707,2328,901,1615
4564.778585922796,4564.653585922796,4564.903585922796,1158,1301,1230
4565.183609425441,4565.058609425441,4565.308609425441,1451,1360,1406
4560.028737629965,4559.778737629965,4560.278737629965,2518,861,1690
4563.492554715969,4563.367554715969,4563.617554715969,1723,1160,1442
4561.994231829168,4561.869231829168,4562.119231829168,1065,1356,1211
4561.217815610477,4561.092815610477,4561.342815610477,1178,1839,1509
4565.703222881996,4565.578222881996,4565.828222881996,1059,1096,1078
4561.589280780372,4561.464280780372,4561.714280780372,880,1635,1258
4564.495364713566,4564.370364713566,4564.620364713566,1807,730,1269
4557.622427531564,4557.497427531564,4557.747427531564,1873,1716,1795
4565.459214229156,4565.334214229156,4565.584214229156,1094,2695,1895
4571.94134404653,4571.69134404653,4572.19134404653,1250,2655,1953
4572.597210585822,4572.472210585822,4572.722210585822,1882,1009,1446
4576.268178287814,4576.018178287814,4576.518178287814,1689,1290,1490
4570.573104506553,4570.323104506553,4570.823104506553,696,1109,903
4567.904487258466,4567.779487258466,4568.029487258466,1056,797,927
4572.334927130631,4572.209927130631,4572.459927130631,1698,1331,1515
4571.123011720448,4570.998011720448,4571.248011720448,1263,938,1101
4564.6682483708555,4564.5432483708555,4564.7932483708555,2167,1524,1846
4561.987692211666,4561.862692211666,4562.112692211666,2250,1705,1978
4562.155932947712,4561.905932947712,4562.405932947712,1153,1808,1481
4559.172707047451,4558.922707047451,4559.422707047451,2306,795,1551
4564.803511142862,4564.678511142862,4564.928511142862,660,1085,873
4566.891650736682,4566.766650736682,4567.016650736682,1935,694,1315
4574.157574870917,4573.907574870917,4574.407574870917,1262,1949,1606
4574.262684916839,4574.012684916839,4574.512684916839,2194,1293,1744
4576.78628368463,4576.66128368463,4576.91128368463,2234,1291,1763
4576.036815152385,4575.911815152385,4576.161815152385,1265,2006,1636
4576.166085089508,4575.916085089508,4576.416085089508,1176,2001,1589
4582.02651370102,4581.77651370102,4582.27651370102,2504,845,1675
4577.0037970507865,4576.7537970507865,4577.2537970507865,2242,763,1503
4575.410909895079,4575.285909895079,4575.535909895079,800,1149,975
4578.248225088067,4578.123225088067,4578.373225088067,1740,1949,1845
4582.316340758975,4582.191340758975,4582.441340758975,1870,2115,1993
4585.805244594482,4585.555244594482,4586.055244594482,1120,1579,1350
4588.339479341459,4588.089479341459,4588.589479341459,1266,1555,1411
4588.673348371145,4588.298348371145,4589.048348371145,918,1437,1178
4587.336242078788,4587.086242078788,4587.586242078788,1452,2393,1923
4587.643873378682,4587.393873378682,4587.893873378682,711,1910,1311
4585.855066671926,4585.605066671926,4586.105066671926,1394,1073,1234
4585.2968662150015,4585.1718662150015,4585.4218662150015,1039,2412,1726
4586.811798008441,4586.686798008441,4586.936798008441,2674,1005,1840
4586.633230576708,4586.258230576708,4587.008230576708,2725,944,1835
4586.136542398055,4585.886542398055,4586.386542398055,1429,1684,1557
4583.172525404752,4582.797525404752,4583.547525404752,834,1031,933
4588.3974849366805,4588.1474849366805,4588.6474849366805,1138,1893,1516
4590.62992371795,4590.37992371795,4590.87992371795,2018,1245,1632
4594.242310559183,4594.117310559183,4594.367310559183,1092,661,877
4591.194579684075,4591.069579684075,4591.319579684075,1605,776,1191
4595.393661679672,4595.268661679672,4595.518661679672,1499,1210,1355
4596.446880499624,4596.196880499624,4596.696880499624,1110,773,942
4592.532412919225,4592.407412919225,4592.657412919225,1291,1562,1427
4588.8892343033895,4588.6392343033895,4589.1392343033895,854,2051,1453
4591.550118587329,4591.425118587329,4591.675118587329,626,1853,1240
4590.918398930486,4590.793398930486,4591.043398930486,1395,724,1060
4585.597653000203,4585.472653000203,4585.722653000203,2112,1439,1776
4582.954989029952,4582.829989029952,4583.079989029952,1648,1241,1445
4586.802225178597,4586.552225178597,4587.052225178597,807,946,877
4580.775137802205,4580.650137802205,4580.900137802205,709,1540,1125
4582.01223955354,4581.76223955354,4582.26223955354,1739,1226,1483
4584.374409697945,4584.124409697945,4584.624409697945,1613,1404,1509
4595.275219022356,4595.150219022356,4595.400219022356,1886,1483,1685
4598.391101724428,4598.266101724428,4598.516101724428,2754,1079,1917
4601.510162638464,4601.135162638464,4601.885162638464,2088,1773,1931
4600.316209041906,4600.191209041906,4600.441209041906,1736,659,1198
4601.418861713013,4601.293861713013,4601.543861713013,1497,822,1160
4597.382907283635,4597.257907283635,4597.507907283635,1802,1103,1453
4599.305046397264,4599.055046397264,4599.555046397264,1527,2354,1941
4598.236732707383,4598.111732707383,4598.361732707383,2572,1305,1939
4583.381611941915,4583.256611941915,4583.506611941915,1920,1035,1478
4583.306650005451,4583.056650005451,4583.556650005451,1179,826,1003
4582.704416086603,4582.329416086603,4583.079416086603,1069,2842,1956
4579.270019026956,4579.145019026956,4579.395019026956,1829,1076,1453
4579.662630403912,4579.412630403912,4579.912630403912,1272,2693,1983
4583.435916710344,4583.060916710344,4583.810916710344,2480,1517,1999
4586.534994683336,4586.409994683336,4586.659994683336,2462,887,1675
4594.678929500827,4594.428929500827,4594.928929500827,1330,1009,1170
4590.403771044609,4590.153771044609,4590.653771044609,2153,1320,1737
4596.4269531006075,4596.1769531006075,4596.6769531006075,1618,1143,1381
4595.571663649933,4595.446663649933,4595.696663649933,898,1693,1296
4597.558217343105,4597.433217343105,4597.683217343105,934,739,837
4595.963587322449,4595.838587322449,4596.088587322449,1194,869,1032
4589.453263078314,4589.328263078314,4589.578263078314,1363,780,1072
4592.968074822819,4592.843074822819,4593.093074822819,2081,892,1487
4599.83973544534,4599.71473544534,4599.96473544534,1480,1191,1336
4601.331833984,4601.206833984,4601.456833984,1121,716,919
4604.437005976774,4604.187005976774,4604.687005976774,953,2272,1613
4602.4676548025345,4602.3426548025345,4602.5926548025345,1682,895,1289
4607.619007266211,4607.494007266211,4607.744007266211,1232,773,1003
4601.957564460034,4601.832564460034,4602.082564460034,671,1020,846
4607.236940293731,4607.111940293731,4607.361940293731,2821,1104,1963
4608.696627173877,4608.571627173877,4608.821627173877,792,919,856
4603.914814825614,4603.789814825614,4604.039814825614,2000,917,1459
4609.473401331905,4609.223401331905,4609.723401331905,498,1177,838
4608.501928110558,4608.251928110558,4608.751928110558,1016,759,888
4610.083638307502,4609.833638307502,4610.333638307502,1754,1539,1647
4614.786598683984,4614.661598683984,4614.911598683984,1421,1162,1292
4614.382897888891,4614.257897888891,4614.507897888891,1141,1986,1564
4617.913541784562,4617.788541784562,4618.038541784562,1747,1290,1519
4618.100010319028,4617.975010319028,4618.225010319028,1145,886,1016
4615.898261919879,4615.773261919879,4616.023261919879,1216,2107,1662
4613.323506790454,4613.198506790454,4613.448506790454,1161,1050,1106
4608.769086618261,4608.644086618261,4608.894086618261,1282,1041,1162
4607.206464034924,4607.081464034924,4607.331464034924,1857,754,1306
4603.9817204217725,4603.6067204217725,4604.3567204217725,1157,2692,1925
4607.259412978059,4607.134412978059,4607.384412978059,1301,738,1020
4610.085570111946,4609.835570111946,4610.335570111946,1567,2182,1875
4611.234238203271,4610.984238203271,4611.484238203271,1991,1440,1716
4606.618630086131,4606.368630086131,4606.868630086131,1380,723,1052
4596.89988230931,4596.52488230931,4597.27488230931,839,1254,1047
4593.35644260011,4593.10644260011,4593.60644260011,890,889,890
4597.187099349327,4596.937099349327,4597.437099349327,1991,1636,1814
4596.487111817949,4596.362111817949,4596.612111817949,1453,2018,1736
4596.610839648107,4596.485839648107,4596.735839648107,1199,1538,1369
4591.351094452218,4591.226094452218,4591.476094452218,1243,910,1077
4593.141001301763,4593.016001301763,4593.266001301763,1197,1602,1400
4590.102450003336,4589.977450003336,4590.227450003336,1171,2012,1592
4599.300505604993,4599.175505604993,4599.425505604993,1231,678,955
4600.697653393872,4600.447653393872,4600.947653393872,1177,934,1056
4596.908196010719,4596.783196010719,4597.033196010719,1198,2359,1779
4599.733635959408,4599.483635959408,4599.983635959408,1585,1188,1387
4597.128665022366,4597.003665022366,4597.253665022366,783,1062,923
4597.6820122956315,4597.4320122956315,4597.9320122956315,1051,2466,1759
4593.627814886749,4593.502814886749,4593.752814886749,966,889,928
4599.496490043728,4599.371490043728,4599.621490043728,1494,2333,1914
4599.284446210065,4599.159446210065,4599.409446210065,1000,777,889
4598.258206945513,4597.883206945513,4598.633206945513,1496,1071,1284
4591.868909217,4591.743909217,4591.993909217,1149,832,991
4583.276748720264,4583.151748720264,4583.401748720264,789,1326,1058
4572.896627096759,4572.646627096759,4573.146627096759,889,1114,1002
4575.3107828366155,4575.0607828366155,4575.5607828366155,1445,1496,1471
4577.890378015695,4577.765378015695,4578.015378015695,912,2005,1459
4582.629622483322,4582.504622483322,4582.754622483322,1144,1455,1300
4590.367349045751,4590.242349045751,4590.492349045751,1633,2022,1828
4583.44398572766,4583.19398572766,4583.69398572766,1136,2685,1911
4588.684372187442,4588.434372187442,4588.934372187442,456,1187,822
4591.369002793687,4591.244002793687,4591.494002793687,812,1571,1192
4588.827013261311,4588.702013261311,4588.952013261311,1276,1507,1392
4584.378911996621,4584.003911996621,4584.753911996621,2187,742,1465
4588.399104043789,4588.024104043789,4588.774104043789,1356,983,1170
4588.516804842361,4588.391804842361,4588.641804842361,2256,775,1516
4591.0642827441425,4590.9392827441425,4591.1892827441425,899,2426,1663
4593.833915077493,4593.708915077493,4593.958915077493,859,1252,1056
4593.346420271432,4593.221420271432,4593.471420271432,2109,894,1502
4599.04628073096,4598.92128073096,4599.17128073096,1419,1752,1586
4598.482035260512,4598.232035260512,4598.732035260512,1666,943,1305
4595.814054805056,4595.439054805056,4596.189054805056,739,1998,1369
4596.387364174144,4596.012364174144,4596.762364174144,1155,1048,1102
4596.432699379934,4596.182699379934,4596.682699379934,2182,1555,1869
4600.301237546356,4600.051237546356,4600.551237546356,960,1049,1005
4591.218266252665,4591.093266252665,4591.343266252665,1151,1908,1530
4579.951436103527,4579.701436103527,4580.201436103527,1085,604,845
4580.829329787784,4580.704329787784,4580.954329787784,1185,1196,1191
4584.863740871002,4584.738740871002,4584.988740871002,1420,2329,1875
4579.670430653324,4579.545430653324,4579.795430653324,914,1053,984
4572.0493291351595,4571.7993291351595,4572.2993291351595,2428,1191,1810
4572.217916169317,4572.092916169317,4572.342916169317,1313,606,960
4567.438405422336,4567.313405422336,4567.563405422336,1919,1004,1462
4561.408390870629,4561.158390870629,4561.658390870629,1030,1517,1274
4563.824138976724,4563.449138976724,4564.199138976724,1754,1005,1380
4555.4862433293765,4555.3612433293765,4555.6112433293765,1092,1749,1421
4553.376297722111,4553.251297722111,4553.501297722111,1200,403,802
4553.37073158133,4552.99573158133,4553.74573158133,1247,1064,1156
4551.322267603928,4551.072267603928,4551.572267603928,2117,1822,1970
4555.112309224839,4554.987309224839,4555.237309224839,1052,2505,1779
4552.885296473639,4552.635296473639,4553.135296473639,1979,832,1406
4548.102534291417,4547.977534291417,4548.227534291417,1057,2742,1900
4542.152864373455,4542.027864373455,4542.277864373455,2027,880,1454
4548.52395889446,4548.39895889446,4548.64895889446,1061,1144,1103
4546.562255845225,4546.312255845225,4546.812255845225,1740,863,1302
4545.761227442619,4545.511227442619,4546.011227442619,1398,1671,1535
4544.861600380142,4544.736600380142,4544.986600380142,2178,897,1538
4547.536759813245,4547.286759813245,4547.786759813245,1015,1206,1111
4548.378623318263,4548.253623318263,4548.503623318263,986,2897,1942
4554.977675319258,4554.602675319258,4555.352675319258,702,1169,936
4560.011272009343,4559.886272009343,4560.136272009343,2107,1772,1940
4559.582716302557,4559.457716302557,4559.707716302557,1209,878,1044
4562.146807711048,4561.771807711048,4562.521807711048,2591,1328,1960
4565.341048427408,4565.216048427408,4565.466048427408,936,1413,1175
4569.226713789301,4568.851713789301,4569.601713789301,1371,2502,1937
4573.689041862962,4573.439041862962,4573.939041862962,2246,1391,1819
4571.844517090452,4571.594517090452,4572.094517090452,2035,1896,1966
4571.519132770205,4571.394132770205,4571.644132770205,1056,1533,1295
4573.123650151389,4572.873650151389,4573.373650151389,1095,1888,1492
4572.926847039824,4572.801847039824,4573.051847039824,803,2232,1518
4574.194813684267,4574.069813684267,4574.319813684267,621,1250,936
4571.8630773876175,4571.7380773876175,4571.9880773876175,1124,1091,1108
4575.120543718482,4574.995543718482,4575.245543718482,2640,959,1800
4574.779561936867,4574.529561936867,4575.029561936867,1560,1557,1559
4573.646269312493,4573.521269312493,4573.771269312493,2221,1514,1868
4570.448487450276,4570.323487450276,4570.573487450276,1407,2160,1784
4567.707922324118,4567.582922324118,4567.832922324118,1077,1570,1324
4568.756853416757,4568.631853416757,4568.881853416757,1217,1098,1158
4565.621410925242,4565.496410925242,4565.746410925242,984,2739,1862
4568.7333594667825,4568.6083594667825,4568.8583594667825,941,2438,1690
4569.197154832301,4568.947154832301,4569.447154832301,955,1094,1025
4576.013269013869,4575.888269013869,4576.138269013869,2835,982,1909
4577.913460420077,4577.788460420077,4578.038460420077,1690,1715,1703
4574.235792631782,4574.110792631782,4574.360792631782,1206,1597,1402
4575.8167676389885,4575.6917676389885,4575.9417676389885,1256,783,1020
4573.936838206222,4573.686838206222,4574.186838206222,1966,1123,1545
4572.7044672193215,4572.3294672193215,4573.0794672193215,2271,1054,1663
4576.801971769606,4576.551971769606,4577.051971769606,2016,1265,1641
4574.474114336083,4574.224114336083,4574.724114336083,1161,2286,1724
4574.023472389246,4573.773472389246,4574.273472389246,1847,954,1401
4576.331159904801,4576.081159904801,4576.581159904801,2054,1639,1847
4572.938128694205,4572.813128694205,4573.063128694205,880,1027,954
4575.371528863915,4575.121528863915,4575.621528863915,1185,890,1038
4575.421808408671,4575.171808408671,4575.671808408671,1945,1426,1686
4579.445638642299,4579.320638642299,4579.570638642299,2042,1801,1922
4579.394894928482,4579.269894928482,4579.519894928482,769,1712,1241
4571.506823862043,4571.381823862043,4571.631823862043,1269,1090,1180
4572.4398457443685,4572.3148457443685,4572.5648457443685,2687,1246,1967
4570.366602912471,4570.116602912471,4570.616602912471,1105,1034,1070
4566.317687603801,4566.192687603801,4566.442687603801,2082,1721,1902
4566.006434440914,4565.881434440914,4566.131434440914,1593,1532,1563
4565.298178430593,4565.173178430593,4565.423178430593,1279,1600,1440
4565.094501873196,4564.969501873196,4565.219501873196,1283,1084,1184
4569.117986055523,4568.992986055523,4569.242986055523,2403,1226,1815
4568.595968255472,4568.345968255472,4568.845968255472,2227,1468,1848
4568.447785466856,4568.322785466856,4568.572785466856,1172,1257,1215
4562.068315255139,4561.818315255139,4562.318315255139,1941,1908,1925
4566.167958558343,4565.917958558343,4566.417958558343,1297,564,931
4563.942254852178,4563.817254852178,4564.067254852178,2255,1404,1830
4564.621013696706,4564.496013696706,4564.746013696706,1336,1809,1573
4567.628253190457,4567.378253190457,4567.878253190457,1184,735,960
4568.205957987164,4567.955957987164,4568.455957987164,1643,1038,1341
4571.28888589408,4571.03888589408,4571.53888589408,1770,671,1221
4566.677867711309,4566.427867711309,4566.927867711309,703,954,829
4564.756099086228,4564.506099086228,4565.006099086228,1511,876,1194
4561.426590339172,4561.176590339172,4561.676590339172,1834,821,1328
4559.758524015743,4559.508524015743,4560.008524015743,1181,614,898
4555.825457234026,4555.700457234026,4555.950457234026,2264,809,1537
4554.256488235408,4554.131488235408,4554.381488235408,803,1800,1302
4560.494745150471,4560.369745150471,4560.619745150471,1063,1214,1139
4560.1017010305495,4559.9767010305495,4560.2267010305495,631,1336,984
4561.829404622934,4561.579404622934,4562.079404622934,1398,629,1014
4557.616775982461,4557.491775982461,4557.741775982461,1949,1978,1964
4557.527760284348,4557.402760284348,4557.652760284348,532,1231,882
4561.000478282794,4560.750478282794,4561.250478282794,878,2631,1755
4551.879364824814,4551.629364824814,4552.129364824814,1781,1794,1788
4552.390246120695,4552.140246120695,4552.640246120695,2244,851,1548
4550.741668007255,4550.616668007255,4550.866668007255,1622,2015,1819
4548.628719397553,4548.503719397553,4548.753719397553,968,2325,1647
4551.513666824596,4551.263666824596,4551.763666824596,1621,1108,1365
4555.185930458429,4555.060930458429,4555.310930458429,1678,2091,1885
4549.784949584618,4549.534949584618,4550.034949584618,1331,944,1138
4549.933740114184,4549.808740114184,4550.058740114184,954,2489,1722
4546.658415904501,4546.408415904501,4546.908415904501,608,1045,827
4553.393674321485,4553.143674321485,4553.643674321485,1245,998,1122
4556.73744732317,4556.61244732317,4556.86244732317,954,1501,1228
4562.030333909232,4561.905333909232,4562.155333909232,2492,1339,1916
4558.112194741753,4557.862194741753,4558.362194741753,1287,2338,1813
4556.760794351472,4556.510794351472,4557.010794351472,1240,665,953
4560.024717595328,4559.899717595328,4560.149717595328,1130,2287,1709
4557.356870471168,4557.231870471168,4557.481870471168,2033,1574,1804
4557.934543239279,4557.684543239279,4558.184543239279,1253,1902,1578
4555.436575167995,4555.186575167995,4555.686575167995,639,1366,1003
4549.274298128114,4549.149298128114,4549.399298128114,2106,1633,1870
4554.572914048713,4554.447914048713,4554.697914048713,1195,1030,1113
4556.302968734346,4556.177968734346,4556.427968734346,926,1449,1188
4553.304126158447,4553.179126158447,4553.429126158447,1681,2100,1891
4553.1702032047,4552.9202032047,4553.4202032047,1617,1402,1510
4558.6315409670015,4558.5065409670015,4558.7565409670015,609,1286,948
4555.733394254965,4555.608394254965,4555.858394254965,1502,1595,1549
4564.091248209293,4563.841248209293,4564.341248209293,840,2281,1561
4564.049408114446,4563.799408114446,4564.299408114446,1245,1562,1404
4573.34768996118,4573.22268996118,4573.47268996118,740,1773,1257
4574.142254099645,4573.892254099645,4574.392254099645,830,785,808
4576.1376548465105,4576.0126548465105,4576.2626548465105,1235,1308,1272
4585.872414213024,4585.747414213024,4585.997414213024,1725,1596,1661
4585.372600941051,4585.122600941051,4585.622600941051,2235,1448,1842
4586.112261367695,4585.987261367695,4586.237261367695,971,1042,1007
4586.027810808522,4585.777810808522,4586.277810808522,1631,1968,1800
4581.421284467077,4581.171284467077,4581.671284467077,1159,2298,1729
4577.951993478097,4577.701993478097,4578.201993478097,904,2037,1471
4575.550641882153,4575.300641882153,4575.800641882153,555,1334,945
4574.938131374652,4574.813131374652,4575.063131374652,1123,690,907
4576.199796111704,4575.949796111704,4576.449796111704,614,1075,845
4575.277000712432,4575.152000712432,4575.402000712432,2225,890,1558
4576.22008654215,4576.09508654215,4576.34508654215,1250,465,858
4585.7188468195845,4585.5938468195845,4585.8438468195845,1181,2652,1917
4589.387188604297,4589.262188604297,4589.512188604297,1118,1965,1542
4577.615355436015,4577.490355436015,4577.740355436015,768,1607,1188
4578.2679672657705,4578.1429672657705,4578.3929672657705,1006,2583,1795
4572.372799384728,4571.997799384728,4572.747799384728,1086,1607,1347
4577.282124169255,4576.907124169255,4577.657124169255,1249,2620,1935
4577.891980323698,4577.641980323698,4578.141980323698,1514,2215,1865
4576.081425921202,4575.956425921202,4576.206425921202,847,1070,959
4575.12030937275,4574.87030937275,4575.37030937275,1678,1443,1561
4577.098286229529,4576.973286229529,4577.223286229529,2685,936,1811
4578.445117204092,4578.320117204092,4578.570117204092,1102,697,900
4572.245182480995,4572.120182480995,4572.370182480995,881,1338,1110
4575.336058613873,4575.086058613873,4575.586058613873,1030,587,809
4574.222185843381,4574.097185843381,4574.347185843381,817,1240,1029
4572.152637578899,4572.027637578899,4572.277637578899,1047,1414,1231
4566.808971335845,4566.683971335845,4566.933971335845,1731,1832,1782
4564.590649431933,4564.465649431933,4564.715649431933,863,2224,1544
4569.414220930707,4569.164220930707,4569.664220930707,1505,1174,1340
4565.926862191839,4565.676862191839,4566.176862191839,2606,1169,1888
4563.464258484019,4563.214258484019,4563.714258484019,1142,1839,1491
4569.026444804399,4568.901444804399,4569.151444804399,1270,1837,1554
4568.56428781359,4568.31428781359,4568.81428781359,1842,1905,1874
4565.102873779346,4564.977873779346,4565.227873779346,845,1712,1279
4562.81292647041,4562.68792647041,4562.93792647041,1265,656,961
4560.157942045888,4559.907942045888,4560.407942045888,2236,1605,1921
4559.117636149006,4558.992636149006,4559.242636149006,523,1464,994
4561.573414807983,4561.448414807983,4561.698414807983,1642,2299,1971
4554.9040185387685,4554.7790185387685,4555.0290185387685,944,853,899
4552.853591541953,4552.728591541953,4552.978591541953,930,2219,1575
4551.48601612694,4551.36101612694,4551.61101612694,1007,1554,1281
4554.4693737892385,4554.3443737892385,4554.5943737892385,1271,1202,1237
4545.967129905642,4545.842129905642,4546.092129905642,1556,1653,1605
4545.116496425307,4544.991496425307,4545.241496425307,977,2818,1898
4547.135683184333,4546.760683184333,4547.510683184333,745,1266,1006
4543.568589337087,4543.443589337087,4543.693589337087,2050,1633,1842
4547.605998113866,4547.480998113866,4547.730998113866,833,2084,1459
4549.445811988608,4549.320811988608,4549.570811988608,2550,1271,1911
4549.144523193929,4549.019523193929,4549.269523193929,653,1640,1147
4553.265531760183,4552.890531760183,4553.640531760183,1220,1717,1469
4555.23213589641,4555.10713589641,4555.35713589641,1294,1327,1311
4555.177171020413,4555.052171020413,4555.302171020413,840,765,803
4552.712186701716,4552.462186701716,4552.962186701716,1464,903,1184
4549.768923210665,4549.643923210665,4549.893923210665,703,1250,977
4550.601694747897,4550.351694747897,4550.851694747897,1348,1709,1529
4555.939592800276,4555.564592800276,4556.314592800276,1831,616,1224
4555.240359991148,4555.115359991148,4555.365359991148,1548,1021,1285
4557.413744840257,4557.038744840257,4557.788744840257,2131,1242,1687
4557.260390656167,4557.135390656167,4557.385390656167,1200,769,985
4560.502173963441,4560.377173963441,4560.627173963441,781,2108,1445
4563.1196904682565,4562.9946904682565,4563.2446904682565,829,1306,1068
4567.072965154081,4566.947965154081,4567.197965154081,2036,841,1439
4569.08383432896,4568.95883432896,4569.20883432896,2278,1159,1719
4572.061404696701,4571.811404696701,4572.311404696701,1046,635,841
4573.047486302313,4572.672486302313,4573.422486302313,2801,1124,1963
4574.370178595201,4574.245178595201,4574.495178595201,1334,627,981
4570.851997812556,4570.726997812556,4570.976997812556,963,2430,1697
4567.554844187417,4567.304844187417,4567.804844187417,1471,1570,1521
4568.472153174428,4568.347153174428,4568.597153174428,931,1448,1190
4568.672298555523,4568.547298555523,4568.797298555523,2223,1140,1682
4573.880723328251,4573.755723328251,4574.005723328251,958,1571,1265
4570.947241943849,4570.572241943849,4571.322241943849,2216,981,1599
4572.158784589124,4571.908784589124,4572.408784589124,989,660,825
4572.961944931328,4572.836944931328,4573.086944931328,501,1212,857
4570.569369718055,4570.444369718055,4570.694369718055,1360,1269,1315
4564.318641920532,4564.193641920532,4564.443641920532,2246,825,1536
4563.451731837361,4563.201731837361,4563.701731837361,854,901,878
4568.518407630694,4568.393407630694,4568.643407630694,1058,2411,1735
4576.611234573631,4576.236234573631,4576.986234573631,2054,1145,1600
4579.05624137022,4578.93124137022,4579.18124137022,1495,746,1121
4577.189085734812,4577.064085734812,4577.314085734812,889,2478,1684
4579.353305031951,4579.228305031951,4579.478305031951,931,1348,1140
4577.812400247076,4577.562400247076,4578.062400247076,1602,2339,1971
4574.048455192112,4573.923455192112,4574.173455192112,1136,465,801
4575.918656172989,4575.793656172989,4576.043656172989,1587,1334,1461
4577.678664108142,4577.553664108142,4577.803664108142,1827,652,1240
4571.718387775009,4571.593387775009,4571.843387775009,1605,1486,1546
4575.793700309262,4575.668700309262,4575.918700309262,1700,873,1287
4571.427421273361,4571.177421273361,4571.677421273361,2137,1254,1696
4575.221130231503,4574.846130231503,4575.596130231503,631,1058,845
4580.534622103364,4580.159622103364,4580.909622103364,518,1299,909
4580.801337553332,4580.676337553332,4580.926337553332,1947,1548,1748
4579.83638363722,4579.58638363722,4580.08638363722,798,1203,1001
4580.983958397365,4580.733958397365,4581.233958397365,1485,1080,1283
4580.98777514172,4580.86277514172,4581.11277514172,564,1477,1021
4581.743749332015,4581.368749332015,4582.118749332015,1819,2118,1969
4586.060940545972,4585.935940545972,4586.185940545972,1804,617,1211
4587.214025461545,4586.964025461545,4587.464025461545,1191,2030,1611
4586.376098447471,4586.251098447471,4586.501098447471,972,1353,1163
4582.067466637471,4581.942466637471,4582.192466637471,1356,1095,1226
4584.165724323948,4583.915724323948,4584.415724323948,2092,753,1423
4581.445787292522,4581.320787292522,4581.570787292522,1407,708,1058
4584.285960516408,4584.035960516408,4584.535960516408,1453,1686,1570
4587.733223080742,4587.483223080742,4587.983223080742,1328,533,931
4598.686848289349,4598.561848289349,4598.811848289349,961,2152,1557
4595.467084222328,4595.342084222328,4595.592084222328,927,2066,1497
4599.496827349119,4599.371827349119,4599.621827349119,546,1427,987
4595.940617200635,4595.815617200635,4596.065617200635,1336,1025,1181
4598.392270575046,4598.142270575046,4598.642270575046,1521,2002,1762
4596.925880649328,4596.800880649328,4597.050880649328,1622,1759,1691
4595.594922578334,4595.469922578334,4595.719922578334,1187,420,804
4601.954533896213,4601.829533896213,4602.079533896213,2267,1718,1993
4594.983732841423,4594.858732841423,4595.108732841423,1015,1374,1195
4589.13832624463,4589.01332624463,4589.26332624463,2119,1706,1913
4590.665419543432,4590.540419543432,4590.790419543432,2350,1411,1881
4584.274610870624,4584.024610870624,4584.524610870624,1422,831,1127
4585.441974081768,4585.066974081768,4585.816974081768,1601,900,1251
4591.188697579988,4590.938697579988,4591.438697579988,1796,1551,1674
4589.565787754196,4589.440787754196,4589.690787754196,1293,694,994
4590.551869582589,4590.426869582589,4590.676869582589,886,2057,1472
4593.097463782801,4592.722463782801,4593.472463782801,619,1262,941
4592.6908675375,4592.5658675375,4592.8158675375,1057,2086,1572
4592.1124138836,4591.9874138836,4592.2374138836,1997,1118,1558
4593.3945780870345,4593.2695780870345,4593.5195780870345,1081,1726,1404
4593.579554657562,4593.454554657562,4593.704554657562,1423,788,1106
4594.464104742681,4594.214104742681,4594.714104742681,644,1249,947
4592.290936147678,4592.040936147678,4592.540936147678,2622,1193,1908
4592.8582375902715,4592.7332375902715,4592.9832375902715,661,1312,987
4592.025471570834,4591.650471570834,4592.400471570834,1591,772,1182
4591.916852476001,4591.791852476001,4592.041852476001,1678,1743,1711
4593.686069560216,4593.311069560216,4594.061069560216,1076,581,829
4592.069180020139,4591.819180020139,4592.319180020139,951,2458,1705
4591.307488776682,4590.932488776682,4591.682488776682,852,1417,1135
4589.451602783535,4589.326602783535,4589.576602783535,1230,579,905
4588.045245481826,4587.920245481826,4588.170245481826,2181,1518,1850
4588.101426811124,4587.976426811124,4588.226426811124,2040,1809,1925
4589.946455827757,4589.696455827757,4590.196455827757,2586,1153,1870
4589.977624537544,4589.852624537544,4590.102624537544,1478,729,1104
4589.290518478959,4589.165518478959,4589.415518478959,1029,2036,1533
4590.664183615198,4590.539183615198,4590.789183615198,1143,2324,1734
4591.826846003402,4591.701846003402,4591.951846003402,1122,831,977
4592.4603604541635,4592.3353604541635,4592.5853604541635,949,712,831
4591.726814807782,4591.601814807782,4591.851814807782,1490,1625,1558
4590.070138941437,4589.695138941437,4590.445138941437,581,1204,893
4590.628691551138,4590.503691551138,4590.753691551138,1460,2363,1912
4589.255864696224,4589.130864696224,4589.380864696224,1970,869,1420
4588.737080863494,4588.362080863494,4589.112080863494,1063,2254,1659
4591.172535633231,4590.797535633231,4591.547535633231,1851,1308,1580
4590.33937219006,4590.21437219006,4590.46437219006,2096,1701,1899
4590.46599632075,4590.21599632075,4590.71599632075,1697,872,1285
4590.0860049217345,4589.8360049217345,4590.3360049217345,1412,1563,1488
4592.156457596235,4592.031457596235,4592.281457596235,1833,1546,1690
4592.5392454696475,4592.2892454696475,4592.7892454696475,2013,1726,1870
4593.605135721768,4593.355135721768,4593.855135721768,1633,1616,1625
4595.335722017965,4594.960722017965,4595.710722017965,1020,2809,1915
4595.230819731784,4595.105819731784,4595.355819731784,1339,2274,1807
4594.964045244325,4594.839045244325,4595.089045244325,2064,1339,1702
4592.837982585791,4592.712982585791,4592.962982585791,1104,567,836
4593.839152261984,4593.714152261984,4593.964152261984,1179,1242,1211
4593.195396753564,4592.945396753564,4593.445396753564,671,1128,900
4593.235419696089,4593.110419696089,4593.360419696089,797,1322,1060
4593.708469790104,4593.583469790104,4593.833469790104,1982,873,1428
4594.1910263448235,4594.0660263448235,4594.3160263448235,1102,1663,1383
4593.887256453954,4593.512256453954,4594.262256453954,1830,1563,1697
4597.2559995390875,4597.0059995390875,4597.5059995390875,585,1256,921
4597.141183681477,4597.016183681477,4597.266183681477,1485,1840,1663
4597.486035895344,4597.111035895344,4597.861035895344,524,1245,885
4597.868998094446,4597.743998094446,4597.993998094446,1650,1773,1712
4598.324517742201,4598.074517742201,4598.574517742201,1785,836,1311
4600.666427956079,4600.541427956079,4600.791427956079,849,1282,1066
4602.413830751068,4602.163830751068,4602.663830751068,1425,1364,1395
4601.584107340977,4601.459107340977,4601.709107340977,482,1239,861
4604.185283199876,4603.810283199876,4604.560283199876,930,2771,1851
4601.6320559295045,4601.5070559295045,4601.7570559295045,1153,2208,1681
4602.888792291103,4602.513792291103,4603.263792291103,2436,1269,1853
4602.791821017522,4602.666821017522,4602.916821017522,852,1631,1242
4602.049977316798,4601.924977316798,4602.174977316798,836,2173,1505
4600.164948625635,4599.789948625635,4600.539948625635,1494,1325,1410
4600.837650723491,4600.712650723491,4600.962650723491,1114,2667,1891
4602.899898489999,4602.524898489999,4603.274898489999,2083,966,1525
4603.2073605371415,4603.0823605371415,4603.3323605371415,1337,542,940
4604.151918676817,4603.776918676817,4604.526918676817,2003,1092,1548
4604.639492394239,4604.514492394239,4604.764492394239,928,673,801
4604.943658206233,4604.818658206233,4605.068658206233,522,1317,920
4606.7839894296185,4606.5339894296185,4607.0339894296185,840,1075,958
4606.801124306725,4606.676124306725,4606.926124306725,1253,800,1027
4609.082574307324,4608.832574307324,4609.332574307324,1982,2015,1999
4607.509794238184,4607.384794238184,4607.634794238184,1621,2072,1847
4606.006079023022,4605.881079023022,4606.131079023022,1552,957,1255
4606.851381490027,4606.601381490027,4607.101381490027,1686,1457,1572
4608.738025491512,4608.613025491512,4608.863025491512,857,2032,1445
4609.884307168047,4609.509307168047,4610.259307168047,1317,1350,1334
4611.555858455455,4611.430858455455,4611.680858455455,1750,2121,1936
4613.07017519333,4612.82017519333,4613.32017519333,1030,1047,1039
4614.073450051916,4613.823450051916,4614.323450051916,2377,1020,1699
4613.314268439403,4613.189268439403,4613.439268439403,887,1014,951
4613.89630509645,4613.77130509645,4614.02130509645,1155,1798,1477
4612.6641133893645,4612.5391133893645,4612.7891133893645,926,999,963
4615.448786686441,4615.323786686441,4615.573786686441,1295,940,1118
4612.899577304011,4612.774577304011,4613.024577304011,769,1062,916
4612.793083130467,4612.418083130467,4613.168083130467,2497,1194,1846
4611.957346951101,4611.832346951101,4612.082346951101,850,2093,1472
4609.047990898118,4608.922990898118,4609.172990898118,823,1866,1345
4609.732575839123,4609.357575839123,4610.107575839123,1031,1594,1313
4608.9179537145465,4608.7929537145465,4609.0429537145465,1380,589,985
4612.520505649601,4612.395505649601,4612.645505649601,923,2282,1603
4613.080865331169,4612.955865331169,4613.205865331169,1121,1970,1546
4611.687702360245,4611.562702360245,4611.812702360245,1260,497,879
4613.691423982147,4613.566423982147,4613.816423982147,1462,2307,1885
4613.533896609117,4613.408896609117,4613.658896609117,1914,725,1320
4614.704407336267,4614.329407336267,4615.079407336267,1558,721,1140
4615.541247543723,4615.291247543723,4615.791247543723,966,799,883
4616.74752003148,4616.62252003148,4616.87252003148,999,1030,1015
4614.245983963819,4613.995983963819,4614.495983963819,1998,1379,1689
4611.8674077171,4611.7424077171,4611.9924077171,1628,1703,1666
4611.44853517629,4611.32353517629,4611.57353517629,1494,2475,1985
4607.51909942461,4607.26909942461,4607.76909942461,1492,1207,1350
4606.573880834882,4606.448880834882,4606.698880834882,2176,1707,1942
4603.819193962778,4603.694193962778,4603.944193962778,800,903,852
4603.429803688367,4603.304803688367,4603.554803688367,1494,605,1050
4601.83519497671,4601.71019497671,4601.96019497671,2213,1462,1838
4602.516094402668,4602.266094402668,4602.766094402668,1389,518,954
4601.13362715238,4601.00862715238,4601.25862715238,1109,2576,1843
4601.728460011833,4601.603460011833,4601.853460011833,986,991,989
4602.415928696312,4602.290928696312,4602.540928696312,694,1497,1096
4602.891981052356,4602.766981052356,4603.016981052356,1078,1017,1048
4603.281259014631,4603.156259014631,4603.406259014631,1209,692,951
4602.494751063972,4602.369751063972,4602.619751063972,1935,776,1356
4601.899873956478,4601.649873956478,4602.149873956478,1607,1386,1497
4600.8951355434565,4600.5201355434565,4601.2701355434565,1536,921,1229
4601.28827403799,4601.03827403799,4601.53827403799,2260,843,1552
4602.499322024504,4602.374322024504,4602.624322024504,1594,1975,1785
4602.384594786972,4602.259594786972,4602.509594786972,1426,1249,1338
4603.027404750364,4602.902404750364,4603.152404750364,635,1732,1184
4601.05295583683,4600.92795583683,4601.17795583683,1955,1834,1895
4602.250736594267,4602.125736594267,4602.375736594267,1003,776,890
4604.244237652349,4604.119237652349,4604.369237652349,903,2132,1518
4604.31699798783,4604.19199798783,4604.44199798783,1447,656,1052
4603.5501578447775,4603.4251578447775,4603.6751578447775,1607,1562,1585
4603.100246980352,4602.850246980352,4603.350246980352,1911,674,1293
4603.99370072354,4603.61870072354,4604.36870072354,1264,2257,1761
4606.663806639203,4606.413806639203,4606.913806639203,788,1383,1086
4608.51278685526,4608.38778685526,4608.63778685526,790,1091,941
4608.022853037855,4607.897853037855,4608.147853037855,1321,1658,1490
4606.659594388543,4606.534594388543,4606.784594388543,1852,1663,1758
4608.484773522196,4608.359773522196,4608.609773522196,697,1650,1174
4609.475245865303,4609.350245865303,4609.600245865303,870,1369,1120
4609.319383567964,4609.194383567964,4609.444383567964,2121,988,1555
4610.197603119386,4609.947603119386,4610.447603119386,2118,1141,1630
4612.930315604064,4612.805315604064,4613.055315604064,1843,736,1290
4614.572981495961,4614.447981495961,4614.697981495961,1893,1858,1876
4612.188901204266,4611.938901204266,4612.438901204266,768,2051,1410
4611.386860032195,4611.261860032195,4611.511860032195,1296,877,1087
4612.53006451,4612.40506451,4612.65506451,1404,887,1146
4613.588816209287,4613.213816209287,4613.963816209287,2058,1855,1957
4612.516101521447,4612.391101521447,4612.641101521447,2239,1234,1737
4612.759504888708,4612.509504888708,4613.009504888708,1041,2834,1938
4612.932251694985,4612.682251694985,4613.182251694985,1625,564,1095
4614.399222737104,4614.024222737104,4614.774222737104,1190,2439,1815
4612.542696840172,4612.417696840172,4612.667696840172,985,2152,1569
4612.196440267614,4612.071440267614,4612.321440267614,1712,1857,1785
4611.6043676429845,4611.4793676429845,4611.7293676429845,1899,658,1279
4612.503053520053,4612.378053520053,4612.628053520053,771,1174,973
4611.200390574748,4611.075390574748,4611.325390574748,713,1514,1114
4613.37835747753,4613.25335747753,4613.50335747753,998,673,836
4613.639226734483,4613.514226734483,4613.764226734483,413,1210,812
4613.6894571615985,4613.4394571615985,4613.9394571615985,468,1263,866
4614.886294505808,4614.761294505808,4615.011294505808,1903,844,1374
4615.6348962471,4615.3848962471,4615.8848962471,861,2222,1542
4616.2867204224785,4616.0367204224785,4616.5367204224785,1887,1288,1588
4614.1914987371365,4613.8164987371365,4614.5664987371365,928,2007,1468
4613.316143033394,4613.191143033394,4613.441143033394,1158,1635,1397
4612.152757085008,4611.902757085008,4612.402757085008,1004,767,886
4609.891774314655,4609.766774314655,4610.016774314655,1413,2012,1713
4613.52156557158,4613.27156557158,4613.77156557158,1412,1457,1435
4613.260567723069,4613.010567723069,4613.510567723069,2067,962,1515
4612.469407605233,4612.344407605233,4612.594407605233,917,2350,1634
4611.564354588926,4611.439354588926,4611.689354588926,765,982,874
4610.881667976953,4610.756667976953,4611.006667976953,1071,718,895
4611.80325568379,4611.55325568379,4612.05325568379,1172,1313,1243
4611.38398660991,4611.13398660991,4611.63398660991,643,1584,1114
4610.304998465003,4610.054998465003,4610.554998465003,1968,751,1360
4612.7684626659475,4612.5184626659475,4613.0184626659475,598,1187,893
4614.663651804149,4614.538651804149,4614.788651804149,2202,899,1551
4616.115375145268,4615.990375145268,4616.240375145268,1510,1065,1288
4613.9127395038095,4613.6627395038095,4614.1627395038095,1805,844,1325
4611.532792963489,4611.157792963489,4611.907792963489,1972,741,1357
4612.56848927791,4612.31848927791,4612.81848927791,1354,987,1171
4614.545121857023,4614.295121857023,4614.795121857023,2363,1278,1821
4614.908721619254,4614.783721619254,4615.033721619254,2030,739,1385
4617.124105400303,4616.999105400303,4617.249105400303,1687,710,1199
4616.780460002236,4616.405460002236,4617.155460002236,2036,713,1375
4616.587643549068,4616.337643549068,4616.837643549068,1013,1476,1245
4616.916897812104,4616.791897812104,4617.041897812104,1799,1926,1863
4616.397243570305,4616.147243570305,4616.647243570305,1551,648,1100
4616.963430860597,4616.838430860597,4617.088430860597,1866,921,1394
4618.286108394742,4618.036108394742,4618.536108394742,1144,893,1019
4617.6759147984985,4617.4259147984985,4617.9259147984985,872,901,887
4617.558223913934,4617.308223913934,4617.808223913934,1836,1117,1477
4618.7238610189825,4618.4738610189825,4618.9738610189825,2799,934,1867
4618.9365290766855,4618.8115290766855,4619.0615290766855,2737,1162,1950
4618.945396028118,4618.820396028118,4619.070396028118,619,1126,873
4618.825500622822,4618.575500622822,4619.075500622822,1168,1763,1466
4616.454757893352,4616.329757893352,4616.579757893352,1187,2596,1892
4615.6943382955415,4615.5693382955415,4615.8193382955415,820,1845,1333
4614.0640228218745,4613.9390228218745,4614.1890228218745,1002,2125,1564
4613.133721144942,4612.883721144942,4613.383721144942,1176,443,810
4611.907772091219,4611.782772091219,4612.032772091219,1536,619,1078
4612.411496785344,4612.286496785344,4612.536496785344,523,1144,834
4612.017264185748,4611.767264185748,4612.267264185748,694,1193,944
4611.706150021602,4611.581150021602,4611.831150021602,2126,1585,1856
4612.442042618209,4612.317042618209,4612.567042618209,511,1096,804
4612.896945223594,4612.646945223594,4613.146945223594,1430,2033,1732
4613.982101037225,4613.857101037225,4614.107101037225,445,1178,812
4614.556111186905,4614.431111186905,4614.681111186905,1050,1777,1414
4615.532518619733,4615.282518619733,4615.782518619733,1135,1226,1181
4613.92535774938,4613.67535774938,4614.17535774938,879,2162,1521
4612.663011298946,4612.413011298946,4612.913011298946,917,690,804
4613.124937891736,4612.999937891736,4613.249937891736,1886,789,1338
4614.240673306108,4614.115673306108,4614.365673306108,1226,2297,1762
4607.760616619098,4607.635616619098,4607.885616619098,839,2232,1536
4605.713235737411,4605.588235737411,4605.838235737411,446,1199,823
4609.0464756635165,4608.9214756635165,4609.1714756635165,1789,1746,1768
4616.1759971894335,4615.8009971894335,4616.5509971894335,1013,886,950
4618.758591386125,4618.633591386125,4618.883591386125,1206,1753,1480
4616.790614736504,4616.665614736504,4616.915614736504,999,2056,1528
4617.311997178617,4617.186997178617,4617.436997178617,1383,1506,1445
4626.230637840179,4625.855637840179,4626.605637840179,1125,1450,1288
4621.466432684754,4621.091432684754,4621.841432684754,2487,1446,1967
4614.204694164987,4613.954694164987,4614.454694164987,894,1179,1037
4605.406723087045,4605.281723087045,4605.531723087045,1261,2288,1775
4603.171145334424,4602.796145334424,4603.546145334424,857,2514,1686
4606.2471185425175,4606.1221185425175,4606.3721185425175,922,1247,1085
4609.04040241118,4608.91540241118,4609.16540241118,1051,1156,1104
4612.1061858473795,4611.8561858473795,4612.3561858473795,792,1251,1022
4611.656847581041,4611.406847581041,4611.906847581041,1297,1440,1369
4613.470339806207,4613.220339806207,4613.720339806207,1311,764,1038
4610.4616924813745,4610.3366924813745,4610.5866924813745,1110,1471,1291
4613.796496935318,4613.546496935318,4614.046496935318,1232,2265,1749
4614.208808784327,4613.958808784327,4614.458808784327,1341,2042,1692
4613.5313226131175,4613.4063226131175,4613.6563226131175,1788,611,1200
4609.887584323225,4609.762584323225,4610.012584323225,1329,1106,1218
4609.478174590045,4609.228174590045,4609.728174590045,1398,1711,1555
4614.103016001779,4613.853016001779,4614.353016001779,842,1561,1202
4615.191008336051,4615.066008336051,4615.316008336051,905,2592,1749
4616.908982416878,4616.658982416878,4617.158982416878,1675,1580,1628
4614.006781082352,4613.881781082352,4614.131781082352,1914,1329,1622
4612.630622113025,4612.505622113025,4612.755622113025,1365,754,1060
4618.159142111194,4617.909142111194,4618.409142111194,1337,600,969
4620.878194370722,4620.628194370722,4621.128194370722,1213,990,1102
4620.552694198336,4620.427694198336,4620.677694198336,1975,1970,1973
4623.029011085064,4622.779011085064,4623.279011085064,1450,593,1022
4628.60639741817,4628.48139741817,4628.73139741817,1748,1547,1648
4631.617758582808,4631.492758582808,4631.742758582808,2056,1257,1657
4630.246427577721,4630.121427577721,4630.371427577721,1790,635,1213
4628.119094228534,4627.744094228534,4628.494094228534,787,1366,1077
4627.974219519918,4627.849219519918,4628.099219519918,798,999,899
4630.010158880572,4629.635158880572,4630.385158880572,1445,724,1085
4632.5528609666535,4632.4278609666535,4632.6778609666535,1869,1814,1842
4628.565641254712,4628.440641254712,4628.690641254712,841,1754,1298
4624.720843717129,4624.345843717129,4625.095843717129,1312,1915,1614
4629.680090437261,4629.555090437261,4629.805090437261,2195,1702,1949
4626.533016149677,4626.408016149677,4626.658016149677,1468,559,1014
4625.133584279404,4624.883584279404,4625.383584279404,1960,1615,1788
4624.2710159994,4624.0210159994,4624.5210159994,1498,611,1055
4628.117308457805,4627.867308457805,4628.367308457805,1097,538,818
4631.296403125212,4631.171403125212,4631.421403125212,2040,1499,1770
4631.814689095313,4631.564689095313,4632.064689095313,1416,1751,1584
4637.422372452369,4637.297372452369,4637.547372452369,865,1736,1301
4634.558006660534,4634.308006660534,4634.808006660534,1176,457,817
4633.827966735395,4633.577966735395,4634.077966735395,1034,977,1006
4634.651318367945,4634.276318367945,4635.026318367945,1263,1742,1503
4632.8769658351,4632.7519658351,4633.0019658351,1648,791,1220
4634.506871651613,4634.381871651613,4634.631871651613,1824,1037,1431
4633.418652120452,4633.293652120452,4633.543652120452,2014,1699,1857
4641.957188272738,4641.832188272738,4642.082188272738,1597,1466,1532
4641.505413664619,4641.380413664619,4641.630413664619,1343,884,1114
4646.241494986555,4646.116494986555,4646.366494986555,1213,1202,1208
4646.939492525564,4646.814492525564,4647.064492525564,1477,2484,1981
4649.695542894793,4649.445542894793,4649.945542894793,1433,2412,1923
4650.6808359345305,4650.4308359345305,4650.9308359345305,1319,1160,1240
4654.952431265483,4654.577431265483,4655.327431265483,1357,960,1159
4651.851362555598,4651.726362555598,4651.976362555598,1232,1509,1371
4652.514132045358,4652.389132045358,4652.639132045358,1551,1776,1664
4658.566927504564,4658.441927504564,4658.691927504564,1481,1904,1693
4655.4840088059755,4655.3590088059755,4655.6090088059755,636,1135,886
4651.876740725359,4651.626740725359,4652.126740725359,980,2637,1809
4644.70522204831,4644.58022204831,4644.83022204831,1606,1925,1766
4641.639176704774,4641.514176704774,4641.764176704774,1517,546,1032
4645.905769972374,4645.655769972374,4646.155769972374,1479,2054,1767
4644.704007323405,4644.454007323405,4644.954007323405,724,1633,1179
4648.2686180165665,4648.0186180165665,4648.5186180165665,1458,719,1089
4640.392949669831,4640.267949669831,4640.517949669831,1779,1618,1699
4633.926902592679,4633.801902592679,4634.051902592679,815,992,904
4635.0388690631635,4634.9138690631635,4635.1638690631635,603,1286,945
4630.935698632963,4630.685698632963,4631.185698632963,2041,694,1368
4635.1254980859185,4635.0004980859185,4635.2504980859185,588,1357,973
4634.499203434007,4634.374203434007,4634.624203434007,1402,1491,1447
4631.021492677428,4630.896492677428,4631.146492677428,837,1694,1266
4630.039200022292,4629.914200022292,4630.164200022292,1502,1429,1466
4628.861096896684,4628.736096896684,4628.986096896684,1735,1040,1388
4632.715957344301,4632.590957344301,4632.840957344301,2072,1603,1838
4632.505189559615,4632.380189559615,4632.630189559615,1771,810,1291
4640.462437011375,4640.337437011375,4640.587437011375,1230,1065,1148
4639.201550302009,4639.076550302009,4639.326550302009,1478,1573,1526
4639.025970647942,4638.775970647942,4639.275970647942,1223,738,981
4640.729625401553,4640.604625401553,4640.854625401553,1886,867,1377
4637.906133496012,4637.656133496012,4638.156133496012,1485,1880,1683
4645.126519372159,4644.876519372159,4645.376519372159,919,1590,1255
4645.030221211744,4644.780221211744,4645.280221211744,1644,887,1266
4641.535356328654,4641.285356328654,4641.785356328654,1249,1496,1373
4641.103985824133,4640.978985824133,4641.228985824133,1473,894,1184
4638.620248485552,4638.245248485552,4638.995248485552,1423,2280,1852
4639.335545148018,4639.210545148018,4639.460545148018,1548,1283,1416
4636.41182847332,4636.16182847332,4636.66182847332,811,1792,1302
4632.206569674153,4631.956569674153,4632.456569674153,1298,1855,1577
4629.2324735980665,4629.1074735980665,4629.3574735980665,1760,1699,1730
4634.733115293544,4634.483115293544,4634.983115293544,1342,627,985
4632.109370300857,4631.734370300857,4632.484370300857,758,1155,957
4631.078603731393,4630.828603731393,4631.328603731393,1472,1409,1441
4633.444581411882,4633.319581411882,4633.569581411882,867,1004,936
4637.493719876015,4637.368719876015,4637.618719876015,1128,777,953
4637.515898051786,4637.265898051786,4637.765898051786,1553,1860,1707
4633.691690303734,4633.441690303734,4633.941690303734,1900,1777,1839
4632.316447850317,4632.191447850317,4632.441447850317,926,2143,1535
4630.680498257983,4630.555498257983,4630.805498257983,563,1236,900
4620.675158074541,4620.550158074541,4620.800158074541,889,1822,1356
4617.044884144972,4616.794884144972,4617.294884144972,966,2251,1609
4616.824194381535,4616.574194381535,4617.074194381535,673,1150,912
4612.484610740828,4612.359610740828,4612.609610740828,1203,1350,1277
4611.11196041831,4610.73696041831,4611.48696041831,975,1986,1481
4607.397516651302,4607.272516651302,4607.522516651302,1071,2576,1824
4604.985842273143,4604.610842273143,4605.360842273143,871,2008,1440
4597.6216400367475,4597.2466400367475,4597.9966400367475,960,1833,1397
4601.50462925614,4601.37962925614,4601.62962925614,968,2203,1586
4594.377133194062,4594.252133194062,4594.502133194062,2255,924,1590
4596.8621817984595,4596.7371817984595,4596.9871817984595,1344,1623,1484
4596.30285218451,4596.17785218451,4596.42785218451,1538,925,1232
4590.034992319068,4589.784992319068,4590.284992319068,714,1561,1138
4584.908201620602,4584.783201620602,4585.033201620602,715,1830,1273
4583.657572427105,4583.532572427105,4583.782572427105,795,1844,1320
4578.1764899955615,4577.9264899955615,4578.4264899955615,1718,625,1172
4576.024267937452,4575.899267937452,4576.149267937452,1157,756,957
4574.113068257654,4573.988068257654,4574.238068257654,813,968,891
4576.922521580906,4576.797521580906,4577.047521580906,2150,1577,1864
4579.494292224301,4579.369292224301,4579.619292224301,1078,859,969
4570.463320335381,4570.213320335381,4570.713320335381,1250,2323,1787
4564.463338901019,4564.338338901019,4564.588338901019,905,934,920
4564.318638579189,4564.193638579189,4564.443638579189,761,1176,969
4561.008193443803,4560.883193443803,4561.133193443803,2601,1346,1974
4560.9555168495335,4560.8305168495335,4561.0805168495335,832,1549,1191
4557.574159927655,4557.199159927655,4557.949159927655,1703,1456,1580
4560.396348405489,4560.271348405489,4560.521348405489,1503,1940,1722
4559.788991160217,4559.663991160217,4559.913991160217,1358,1043,1201
4559.873343607718,4559.748343607718,4559.998343607718,654,1101,878
4561.511644791313,4561.386644791313,4561.636644791313,1504,1037,1271
4557.826895058365,4557.576895058365,4558.076895058365,1765,1352,1559
4558.423580602659,4558.298580602659,4558.548580602659,1013,2554,1784
4557.250350998009,4557.125350998009,4557.375350998009,1309,1116,1213
4558.287308550022,4558.162308550022,4558.412308550022,2111,1736,1924
4558.0253233349395,4557.9003233349395,4558.1503233349395,1547,652,1100
4561.453732004666,4561.328732004666,4561.578732004666,673,1144,909
4560.093557330188,4559.968557330188,4560.218557330188,923,2006,1465
4561.3139355546,4561.1889355546,4561.4389355546,1187,1316,1252
4559.82613875831,4559.70113875831,4559.95113875831,1805,654,1230
4561.414990691479,4561.164990691479,4561.664990691479,1526,2291,1909
4560.58234779138,4560.33234779138,4560.83234779138,1427,2494,1961
4562.306952587936,4562.181952587936,4562.431952587936,2670,1253,1962
4563.596873568877,4563.221873568877,4563.971873568877,1287,2524,1906
4568.176321131966,4568.051321131966,4568.301321131966,531,1318,925
4567.849029939811,4567.724029939811,4567.974029939811,1449,998,1224
4568.743856940751,4568.618856940751,4568.868856940751,1911,1836,1874
4577.419748194279,4577.294748194279,4577.544748194279,2121,1484,1803
4576.957203975449,4576.707203975449,4577.207203975449,2140,889,1515
4568.507690914405,4568.382690914405,4568.632690914405,1256,1063,1160
4558.853923760155,4558.728923760155,4558.978923760155,2414,1021,1718
4566.392370678073,4566.142370678073,4566.642370678073,2376,1367,1872
4566.913158892919,4566.788158892919,4567.038158892919,1861,1800,1831
4566.959649956677,4566.584649956677,4567.334649956677,1128,1005,1067
4562.169628736497,4561.919628736497,4562.419628736497,911,2360,1636
4568.37242897623,4568.24742897623,4568.49742897623,1492,683,1088
4564.202081815582,4564.077081815582,4564.327081815582,1319,718,1019
4563.902926982319,4563.652926982319,4564.152926982319,1931,1770,1851
4561.758563101781,4561.633563101781,4561.883563101781,1160,2617,1889
4557.475587320235,4557.350587320235,4557.600587320235,2843,1152,1998
4552.015309038396,4551.890309038396,4552.140309038396,1536,1641,1589
4550.700226571123,4550.575226571123,4550.825226571123,748,1335,1042
4553.725775967141,4553.600775967141,4553.850775967141,2492,1143,1818
4546.55569120847,4546.43069120847,4546.68069120847,845,2076,1461
4551.122963339614,4550.997963339614,4551.247963339614,2761,988,1875
4548.019468526164,4547.894468526164,4548.144468526164,1819,728,1274
4544.3934274481735,4544.2684274481735,4544.5184274481735,2045,1950,1998
4548.898199872993,4548.773199872993,4549.023199872993,1988,1103,1546
4549.516976509979,4549.391976509979,4549.641976509979,1498,1541,1520
4544.119312648205,4543.869312648205,4544.369312648205,1304,2437,1871
4544.562333896466,4544.437333896466,4544.687333896466,1416,2333,1875
4542.078905871471,4541.953905871471,4542.203905871471,1409,730,1070
4543.223502933147,4542.848502933147,4543.598502933147,2460,947,1704
4543.4297391043165,4543.1797391043165,4543.6797391043165,1188,2249,1719
4545.378864925978,4545.253864925978,4545.503864925978,738,1213,976
4551.333175371688,4551.208175371688,4551.458175371688,2342,1445,1894
4562.183392194683,4561.933392194683,4562.433392194683,1311,1138,1225
4556.113560259025,4555.988560259025,4556.238560259025,1540,1749,1645
4556.477466138414,4556.352466138414,4556.602466138414,1561,2398,1980
4555.138485410836,4555.013485410836,4555.263485410836,1078,1001,1040
4553.664923942539,4553.539923942539,4553.789923942539,1693,2100,1897
4552.671275481926,4552.546275481926,4552.796275481926,1258,1817,1538
4557.06932231615,4556.81932231615,4557.31932231615,1193,2480,1837
4564.645525718698,4564.520525718698,4564.770525718698,1071,2092,1582
4566.616592025661,4566.366592025661,4566.866592025661,2690,963,1827
4569.143114200665,4569.018114200665,4569.268114200665,1596,1875,1736
4565.228684251201,4565.103684251201,4565.353684251201,1102,1533,1318
4560.851145256046,4560.726145256046,4560.976145256046,1744,1503,1624
4562.352872109934,4562.227872109934,4562.477872109934,1473,2372,1923
4559.64391764788,4559.51891764788,4559.76891764788,1775,1768,1772
4555.132541388755,4554.882541388755,4555.382541388755,1680,757,1219
4550.711248890729,4550.586248890729,4550.836248890729,1927,900,1414
4553.568249303453,4553.193249303453,4553.943249303453,1226,2163,1695
4561.801728073748,4561.676728073748,4561.926728073748,1763,1154,1459
4560.975783165933,4560.725783165933,4561.225783165933,948,1275,1112
4568.550096697036,4568.425096697036,4568.675096697036,1619,1318,1469
4563.608506162724,4563.483506162724,4563.733506162724,1326,2001,1664
4565.2842599899295,4565.0342599899295,4565.5342599899295,2066,1737,1902
4558.072639957902,4557.697639957902,4558.447639957902,895,1232,1064
4564.107965624387,4563.857965624387,4564.357965624387,738,2151,1445
4555.899337611335,4555.524337611335,4556.274337611335,984,2635,1810
4554.502343999744,4554.377343999744,4554.627343999744,1315,2030,1673
4555.019366193541,4554.894366193541,4555.144366193541,1041,2618,1830
4557.471315984251,4557.096315984251,4557.846315984251,2514,1435,1975
4559.198418897888,4559.073418897888,4559.323418897888,1205,1544,1375
4561.869839236913,4561.619839236913,4562.119839236913,547,1306,927
4555.812940944271,4555.687940944271,4555.937940944271,1095,620,858
4556.156270432676,4556.031270432676,4556.281270432676,1092,2143,1618
4561.4831509414835,4561.3581509414835,4561.6081509414835,2287,1358,1823
4565.487783171136,4565.112783171136,4565.862783171136,899,1276,1088
4564.420430045099,4564.045430045099,4564.795430045099,941,2004,1473
4562.706561834187,4562.456561834187,4562.956561834187,909,1368,1139
4560.8364696356675,4560.7114696356675,4560.9614696356675,932,1717,1325
4556.591911626542,4556.341911626542,4556.841911626542,1367,2322,1845
4561.8977923968605,4561.7727923968605,4562.0227923968605,1091,2786,1939
4561.862655401653,4561.737655401653,4561.987655401653,2762,1029,1896
4559.761483086465,4559.636483086465,4559.886483086465,839,1356,1098
4556.640459041063,4556.390459041063,4556.890459041063,1037,1102,1070
4555.97580579717,4555.85080579717,4556.10080579717,2364,967,1666
4557.154718152972,4556.904718152972,4557.404718152972,1127,680,904
4549.811234600042,4549.561234600042,4550.061234600042,1689,1332,1511
4549.705158391573,4549.580158391573,4549.830158391573,1729,1754,1742
4553.27113480369,4553.02113480369,4553.52113480369,1433,2084,1759
4549.692945985523,4549.567945985523,4549.817945985523,1320,1521,1421
4545.105067279779,4544.980067279779,4545.230067279779,1674,1403,1539
4549.953511517555,4549.828511517555,4550.078511517555,1166,2059,1613
4548.908310698377,4548.783310698377,4549.033310698377,982,919,951
4545.322622725394,4545.197622725394,4545.447622725394,765,1946,1356
4544.1929289082245,4543.9429289082245,4544.4429289082245,1284,1649,1467
4549.489873832566,4549.114873832566,4549.864873832566,915,2294,1605
4550.608569094171,4550.483569094171,4550.733569094171,1082,1679,1381
4543.398204119276,4543.273204119276,4543.523204119276,1181,1776,1479
4533.460405710848,4533.335405710848,4533.585405710848,1583,764,1174
4538.1822688640505,4538.0572688640505,4538.3072688640505,1891,1710,1801
4537.33690087033,4537.21190087033,4537.46190087033,1285,1304,1295
4538.023002170944,4537.773002170944,4538.273002170944,1385,834,1110
4537.908258526287,4537.783258526287,4538.033258526287,986,1317,1152
4529.799218334464,4529.674218334464,4529.924218334464,2098,1701,1900
4534.147885363597,4533.897885363597,4534.397885363597,1353,1030,1192
4526.806149412749,4526.681149412749,4526.931149412749,2085,1168,1627
4533.940657811718,4533.690657811718,4534.190657811718,765,1342,1054
4523.304786132491,4522.929786132491,4523.679786132491,830,2093,1462
4527.183406941756,4527.058406941756,4527.308406941756,1368,2279,1824
4534.811278483139,4534.686278483139,4534.936278483139,599,1160,880
4536.443847633623,4536.318847633623,4536.568847633623,608,1361,985
4540.007134134563,4539.882134134563,4540.132134134563,626,1107,867
4529.519451730748,4529.394451730748,4529.644451730748,687,1628,1158
4526.7038305856595,4526.4538305856595,4526.9538305856595,1089,926,1008
4529.506978353322,4529.256978353322,4529.756978353322,1290,2293,1792
4535.76014928671,4535.63514928671,4535.88514928671,595,1426,1011
4539.970683954819,4539.845683954819,4540.095683954819,1302,891,1097
4530.282973471616,4530.032973471616,4530.532973471616,2066,1415,1741
4528.041994380501,4527.791994380501,4528.291994380501,1008,1481,1245
4535.212883181462,4535.087883181462,4535.337883181462,1041,634,838
4536.696679801243,4536.571679801243,4536.821679801243,1601,1924,1763
4541.871407471284,4541.496407471284,4542.246407471284,1200,897,1049
4540.403796597824,4540.278796597824,4540.528796597824,1095,694,895
4547.610447733283,4547.485447733283,4547.735447733283,820,1739,1280
4539.463671778207,4539.338671778207,4539.588671778207,742,915,829
4539.152548834401,4539.027548834401,4539.277548834401,1971,1636,1804
4530.8533701973365,4530.7283701973365,4530.9783701973365,2329,1136,1733
4530.244902499384,4530.119902499384,4530.369902499384,1430,2387,1909
4529.195835519534,4529.070835519534,4529.320835519534,618,1201,910
4526.989399856757,4526.864399856757,4527.114399856757,1643,826,1235
4530.391880048146,4530.266880048146,4530.516880048146,1970,717,1344
4532.033505316958,4531.908505316958,4532.158505316958,986,2759,1873
4528.427575290745,4528.177575290745,4528.677575290745,751,1286,1019
4529.300697441004,4529.175697441004,4529.425697441004,766,1717,1242
4530.613657951993,4530.488657951993,4530.738657951993,2187,1768,1978
4531.941473620256,4531.816473620256,4532.066473620256,2620,903,1762
4529.212464706841,4528.962464706841,4529.462464706841,1953,1222,1588
4529.945120176077,4529.820120176077,4530.070120176077,1899,880,1390
4520.239235990672,4519.864235990672,4520.614235990672,1504,1425,1465
4520.3644054222505,4520.2394054222505,4520.4894054222505,606,1079,843
4518.758396307296,4518.383396307296,4519.133396307296,1087,1090,1089
4522.268000041362,4522.143000041362,4522.393000041362,1406,2177,1792
4527.317037438081,4527.192037438081,4527.442037438081,813,1230,1022
4525.772705521476,4525.397705521476,4526.147705521476,816,1415,1116
4524.118427242946,4523.993427242946,4524.243427242946,1483,608,1046
4517.333078168848,4517.208078168848,4517.458078168848,722,1407,1065
4516.2572294443535,4516.1322294443535,4516.3822294443535,1322,1639,1481
4514.217874549159,4514.092874549159,4514.342874549159,1090,961,1026
4512.668778645417,4512.543778645417,4512.793778645417,2014,1793,1904
4501.545109215876,4501.420109215876,4501.670109215876,934,805,870
4509.912010055675,4509.787010055675,4510.037010055675,2771,1140,1956
4503.897063383226,4503.772063383226,4504.022063383226,1374,2347,1861
4505.090970564843,4504.965970564843,4505.215970564843,767,1614,1191
4504.722255690726,4504.347255690726,4505.097255690726,869,1506,1188
4502.5344849419935,4502.4094849419935,4502.6594849419935,1499,1066,1283
4497.815959959532,4497.690959959532,4497.940959959532,1039,2152,1596
4504.907802264333,4504.782802264333,4505.032802264333,864,1905,1385
4509.51555111855,4509.39055111855,4509.64055111855,611,1678,1145
4514.381075670704,4514.131075670704,4514.631075670704,1363,1552,1458
4503.2979710649415,4503.1729710649415,4503.4229710649415,902,1257,1080
4508.731673578485,4508.481673578485,4508.981673578485,2517,1116,1817
4512.7847755414605,4512.6597755414605,4512.9097755414605,1016,2683,1850
4519.46779526817,4519.34279526817,4519.59279526817,1398,1279,1339
4522.171065819521,4522.046065819521,4522.296065819521,1807,950,1379
4529.405274018066,4529.155274018066,4529.655274018066,2213,1108,1661
4535.47005446548,4535.34505446548,4535.59505446548,544,1087,816
4538.886666215635,4538.636666215635,4539.136666215635,1581,590,1086
4532.819285587669,4532.694285587669,4532.944285587669,728,1315,1022
4537.121834179068,4536.996834179068,4537.246834179068,1720,1847,1784
4534.53205525926,4534.28205525926,4534.78205525926,1662,865,1264
4535.379828524647,4535.004828524647,4535.754828524647,1765,846,1306
4541.725593295426,4541.600593295426,4541.850593295426,1641,1998,1820
4537.4891541030875,4537.3641541030875,4537.6141541030875,1056,2069,1563
4533.39175348836,4533.01675348836,4533.76675348836,2243,1470,1857
4542.688848452446,4542.438848452446,4542.938848452446,721,1348,1035
4541.954413787589,4541.829413787589,4542.079413787589,1580,691,1136
4528.746056340691,4528.496056340691,4528.996056340691,2258,775,1517
4524.178028248928,4524.053028248928,4524.303028248928,2860,1097,1979
4510.666404411922,4510.541404411922,4510.791404411922,997,922,960
4514.363622431088,4514.113622431088,4514.613622431088,1308,1989,1649
4524.498512605899,4524.373512605899,4524.623512605899,2529,1438,1984
4522.270523849827,4522.145523849827,4522.395523849827,833,1866,1350
4516.572321946495,4516.447321946495,4516.697321946495,769,1016,893
4520.27834749182,4520.15334749182,4520.40334749182,1445,1474,1460
4522.547403314749,4522.422403314749,4522.672403314749,1286,977,1132
4528.903512954468,4528.778512954468,4529.028512954468,1163,896,1030
4527.208922365696,4527.083922365696,4527.333922365696,1857,1160,1509
4529.684949230747,4529.309949230747,4530.059949230747,1304,1605,1455
4534.988802903332,4534.863802903332,4535.113802903332,1705,1500,1603
4539.504863458105,4539.379863458105,4539.629863458105,605,1106,856
4538.422973350445,4538.297973350445,4538.547973350445,1762,1561,1662
4534.709583122373,4534.584583122373,4534.834583122373,1768,1961,1865
4522.151227010984,4522.026227010984,4522.276227010984,2580,1311,1946
4518.842317112515,4518.717317112515,4518.967317112515,997,2796,1897
4519.288212622917,4519.038212622917,4519.538212622917,1534,1081,1308
4518.945931120866,4518.820931120866,4519.070931120866,2537,1108,1823
4514.273214402916,4513.898214402916,4514.648214402916,1181,2216,1699
4520.135534040919,4519.885534040919,4520.385534040919,1928,1409,1669
4513.018758920103,4512.893758920103,4513.143758920103,1404,2103,1754
4513.967118707131,4513.842118707131,4514.092118707131,734,2019,1377
4516.4727564526265,4516.3477564526265,4516.5977564526265,828,1183,1006
4518.530324953286,4518.405324953286,4518.655324953286,1599,996,1298
4516.728140613774,4516.603140613774,4516.853140613774,1306,655,981
4516.714003724317,4516.589003724317,4516.839003724317,1563,1990,1777
4514.889597694046,4514.764597694046,4515.014597694046,1013,766,890
4509.1770948267285,4509.0520948267285,4509.3020948267285,506,1417,962
4510.552988985055,4510.302988985055,4510.802988985055,1885,1298,1592
4516.36421605277,4516.23921605277,4516.48921605277,1373,2090,1732
4523.71630145789,4523.59130145789,4523.84130145789,1584,641,1113
4524.083501391807,4523.833501391807,4524.333501391807,1901,1612,1757
4524.028177827111,4523.653177827111,4524.403177827111,886,1135,1011
4525.764990908319,4525.639990908319,4525.889990908319,1851,1410,1631
4521.4481687805355,4521.3231687805355,4521.5731687805355,1186,995,1091
4518.2618677511655,4518.1368677511655,4518.3868677511655,689,1432,1061
4516.612239145862,4516.362239145862,4516.862239145862,1679,1332,1506
4522.870707611535,4522.745707611535,4522.995707611535,1312,879,1096
4527.777493444667,4527.527493444667,4528.027493444667,1447,2242,1845
4528.653040637212,4528.528040637212,4528.778040637212,1802,777,1290
4529.294526456801,4529.044526456801,4529.544526456801,1145,1010,1078
4522.520545676391,4522.270545676391,4522.770545676391,1077,2354,1716
4509.244456181739,4509.119456181739,4509.369456181739,1770,1597,1684
4503.654635675134,4503.529635675134,4503.779635675134,2597,1098,1848
4506.657360171379,4506.532360171379,4506.782360171379,1513,894,1204
4505.719186496335,4505.469186496335,4505.969186496335,821,1030,926
4498.648216057973,4498.398216057973,4498.898216057973,1646,655,1151
4500.702757498957,4500.452757498957,4500.952757498957,1625,1816,1721
4510.480978037282,4510.355978037282,4510.605978037282,966,671,819
4510.496609062482,4510.371609062482,4510.621609062482,2376,1055,1716
4506.650286352099,4506.400286352099,4506.900286352099,1295,1784,1540
4506.474955272079,4506.349955272079,4506.599955272079,997,1664,1331
4501.630970725992,4501.505970725992,4501.755970725992,1246,1499,1373
4498.894628936934,4498.769628936934,4499.019628936934,2447,1178,1813
4497.627266249506,4497.502266249506,4497.752266249506,561,1062,812
4502.38194157931,4502.00694157931,4502.75694157931,586,1231,909
4508.233052931374,4508.108052931374,4508.358052931374,1384,1645,1515
4512.264730579604,4512.139730579604,4512.389730579604,1258,1101,1180
4512.693071737823,4512.443071737823,4512.943071737823,1973,762,1368
4519.251129881938,4519.126129881938,4519.376129881938,1147,784,966
4515.286645409792,4515.036645409792,4515.536645409792,1060,1043,1052
4513.194144265004,4513.069144265004,4513.319144265004,1398,741,1070
4509.787013029727,4509.662013029727,4509.912013029727,1395,1680,1538
4510.455339290281,4510.205339290281,4510.705339290281,2226,1067,1647
4510.559938746486,4510.309938746486,4510.809938746486,1529,1274,1402
4505.769456008529,4505.394456008529,4506.144456008529,1036,1035,1036
4510.940568462818,4510.815568462818,4511.065568462818,1172,729,951
4513.997463182491,4513.872463182491,4514.122463182491,2372,1139,1756
4509.644233876716,4509.519233876716,4509.769233876716,639,1266,953
4501.848626634064,4501.723626634064,4501.973626634064,1926,1309,1618
4493.203302270135,4493.078302270135,4493.328302270135,1021,2328,1675
4491.919451153811,4491.794451153811,4492.044451153811,994,2325,1660
4484.34235869664,4483.96735869664,4484.71735869664,1093,1018,1056
4486.24387588615,4486.11887588615,4486.36887588615,849,790,820
4488.338124558616,4488.213124558616,4488.463124558616,1354,1943,1649
4489.9708884438305,4489.8458884438305,4490.0958884438305,814,1851,1333
4494.47039282183,4494.34539282183,4494.59539282183,1218,1789,1504
4501.124398953029,4500.999398953029,4501.249398953029,890,965,928
4507.0334858087,4506.9084858087,4507.1584858087,1992,719,1356
4508.681498776319,4508.556498776319,4508.806498776319,1354,1211,1283
4514.124448170237,4513.874448170237,4514.374448170237,1783,1362,1573
4515.272165932078,4515.022165932078,4515.522165932078,1458,1601,1530
4514.418040900716,4514.168040900716,4514.668040900716,1589,2022,1806
4510.094362926482,4509.969362926482,4510.219362926482,2193,996,1595
4509.252239079135,4509.127239079135,4509.377239079135,941,1256,1099
4509.864828251331,4509.739828251331,4509.989828251331,2224,1293,1759
4505.665578109301,4505.415578109301,4505.915578109301,1333,1236,1285
4514.079512462923,4513.954512462923,4514.204512462923,1672,753,1213
4515.16171993207,4515.03671993207,4515.28671993207,937,1448,1193
4513.847673248184,4513.472673248184,4514.222673248184,1660,1709,1685
4516.613696467648,4516.488696467648,4516.738696467648,2197,1516,1857
4517.82878496879,4517.70378496879,4517.95378496879,1781,2048,1915
4520.423917884434,4520.298917884434,4520.548917884434,724,1801,1263
4517.774618051778,4517.649618051778,4517.899618051778,2051,1036,1544
4523.92906681064,4523.80406681064,4524.05406681064,2461,926,1694
4526.332888772427,4526.207888772427,4526.457888772427,1093,1048,1071
4516.850245498404,4516.600245498404,4517.100245498404,721,1692,1207
4520.804703268156,4520.679703268156,4520.929703268156,1106,1951,1529
4525.11036380374,4524.98536380374,4525.23536380374,756,1857,1307
4536.940374996517,4536.690374996517,4537.190374996517,1126,507,817
4538.936196993296,4538.811196993296,4539.061196993296,1073,1406,1240
4543.307466895875,4543.182466895875,4543.432466895875,940,849,895
4541.526570538458,4541.151570538458,4541.901570538458,936,2185,1561
4539.367391844042,4539.242391844042,4539.492391844042,1502,2495,1999
4544.147761425781,4543.897761425781,4544.397761425781,674,1339,1007
4539.70048197768,4539.57548197768,4539.82548197768,1372,621,997
4535.59074658224,4535.21574658224,4535.96574658224,1159,1000,1080
4543.741369644637,4543.491369644637,4543.991369644637,1328,1895,1612
4543.083926855386,4542.833926855386,4543.333926855386,2252,1571,1912
4542.196928321149,4542.071928321149,4542.321928321149,1656,1189,1423
4539.625037323651,4539.375037323651,4539.875037323651,1533,2378,1956
4541.734764407283,4541.609764407283,4541.859764407283,2466,1437,1952
4537.799499984749,4537.674499984749,4537.924499984749,504,1507,1006
4534.65401026179,4534.52901026179,4534.77901026179,1151,2098,1625
4535.551674615018,4535.426674615018,4535.676674615018,900,863,882
4524.204872499631,4524.079872499631,4524.329872499631,597,1400,999
4523.984621293146,4523.609621293146,4524.359621293146,1325,710,1018
4527.999225237333,4527.749225237333,4528.249225237333,1037,688,863
4524.4776064602,4524.3526064602,4524.6026064602,1072,743,908
4530.122160837398,4529.747160837398,4530.497160837398,1356,1671,1514
4539.853320807283,4539.603320807283,4540.103320807283,1067,1520,1294
4537.185503731411,4536.935503731411,4537.435503731411,632,1079,856
4546.036103891995,4545.911103891995,4546.161103891995,2434,1261,1848
4536.955392880908,4536.830392880908,4537.080392880908,1720,1433,1577
4536.101691899315,4535.976691899315,4536.226691899315,1641,1904,1773
4539.4502743942,4539.3252743942,4539.5752743942,892,1129,1011
4537.575197002699,4537.450197002699,4537.700197002699,1118,2701,1910
4538.106501723701,4537.856501723701,4538.356501723701,1202,433,818
4546.211348115293,4545.961348115293,4546.461348115293,1187,2602,1895
4541.017192698058,4540.892192698058,4541.142192698058,2350,1363,1857
4546.814477815935,4546.689477815935,4546.939477815935,1333,2628,1981
4547.048785499051,4546.923785499051,4547.173785499051,1105,2718,1912
4544.959282359889,4544.584282359889,4545.334282359889,1830,625,1228
4551.179907006688,4550.929907006688,4551.429907006688,1025,1076,1051
4551.005480062063,4550.880480062063,4551.130480062063,2099,1402,1751
4553.108604132068,4552.858604132068,4553.358604132068,1002,693,848
4557.398513681301,4557.023513681301,4557.773513681301,1215,1496,1356
4563.319942776708,4563.194942776708,4563.444942776708,941,1946,1444
4564.309713756315,4564.184713756315,4564.434713756315,837,1726,1282
4553.76682952349,4553.51682952349,4554.01682952349,1355,1198,1277
4555.856674925278,4555.731674925278,4555.981674925278,2264,1175,1720
4559.870144857204,4559.745144857204,4559.995144857204,2534,1389,1962
4562.798308282644,4562.673308282644,4562.923308282644,2256,787,1522
4553.144130428126,4553.019130428126,4553.269130428126,2137,856,1497
4556.054884685338,4555.929884685338,4556.179884685338,1418,2023,1721
4565.7819176317225,4565.6569176317225,4565.9069176317225,786,1125,956
4559.671398020118,4559.421398020118,4559.921398020118,1761,1244,1503
4557.479532212132,4557.354532212132,4557.604532212132,889,2140,1515
4551.982937088272,4551.857937088272,4552.107937088272,2085,746,1416
4551.7285574165635,4551.6035574165635,4551.8535574165635,843,1622,1233
4540.491792430778,4540.241792430778,4540.741792430778,964,891,928
4545.233082882583,4545.108082882583,4545.358082882583,1607,1238,1423
4541.000274179402,4540.625274179402,4541.375274179402,1308,597,953
4540.3854975924305,4540.2604975924305,4540.5104975924305,968,1689,1329
4541.8147873659345,4541.6897873659345,4541.9397873659345,1173,1948,1561
4542.535917359182,4542.410917359182,4542.660917359182,545,1208,877
4539.345534190026,4539.095534190026,4539.595534190026,1900,725,1313
4541.051586573835,4540.801586573835,4541.301586573835,2652,885,1769
4536.320693276111,4536.070693276111,4536.570693276111,1571,1224,1398
4539.454435155048,4539.329435155048,4539.579435155048,1346,799,1073
4540.85735006147,4540.73235006147,4540.98235006147,1588,1889,1739
4550.764241188697,4550.639241188697,4550.889241188697,521,1394,958
4557.928007484302,4557.553007484302,4558.303007484302,1547,942,1245
4551.826497177515,4551.576497177515,4552.076497177515,1336,1401,1369
4552.608843648343,4552.483843648343,4552.733843648343,1388,2559,1974
4554.181634349126,4554.056634349126,4554.306634349126,1930,1409,1670
4554.002535391601,4553.752535391601,4554.252535391601,1111,1306,1209
4544.789807768177,4544.414807768177,4545.164807768177,1792,861,1327
4556.58213677466,4556.45713677466,4556.70713677466,1892,1489,1691
4558.373464943074,4557.998464943074,4558.748464943074,896,1479,1188
4565.433780351082,4565.308780351082,4565.558780351082,1666,1283,1475
4562.677152119277,4562.552152119277,4562.802152119277,2156,1221,1689
4565.408859828633,4565.033859828633,4565.783859828633,1214,2215,1715
4553.881189722939,4553.631189722939,4554.131189722939,1978,1981,1980
4554.8659517880415,4554.7409517880415,4554.9909517880415,854,1469,1162
4553.098496208888,4552.973496208888,4553.223496208888,743,1058,901
4554.3662056140865,4554.2412056140865,4554.4912056140865,773,1202,988
4547.45505876857,4547.33005876857,4547.58005876857,769,2152,1461
4555.703050160072,4555.328050160072,4556.078050160072,2026,777,1402
4561.77491577341,4561.64991577341,4561.89991577341,2432,1293,1863
4561.023219816317,4560.898219816317,4561.148219816317,1456,1045,1251
4558.523482631309,4558.148482631309,4558.898482631309,953,796,875
4556.275442166879,4556.150442166879,4556.400442166879,1864,1153,1509
4560.553538447827,4560.428538447827,4560.678538447827,1722,1843,1783
4557.760094250765,4557.635094250765,4557.885094250765,1834,929,1382
4549.048009841768,4548.798009841768,4549.298009841768,1561,1172,1367
4542.7600506528415,4542.6350506528415,4542.8850506528415,2345,1130,1738
4539.147617032616,4538.772617032616,4539.522617032616,1948,1959,1954
4539.523611420766,4539.398611420766,4539.648611420766,998,703,851
4532.579965208274,4532.454965208274,4532.704965208274,2811,1010,1911
4540.977645475501,4540.852645475501,4541.102645475501,1583,1674,1629
4540.763872028488,4540.638872028488,4540.888872028488,624,1273,949
4537.0142529188315,4536.7642529188315,4537.2642529188315,552,1459,1006
4532.853627847521,4532.603627847521,4533.103627847521,620,1109,865
4529.934022122598,4529.809022122598,4530.059022122598,1341,458,900
4526.684302119591,4526.559302119591,4526.809302119591,703,1748,1226
4533.741153334795,4533.491153334795,4533.991153334795,1333,1628,1481
4539.0267539060505,4538.9017539060505,4539.1517539060505,1190,2099,1645
4541.499246344648,4541.374246344648,4541.624246344648,1304,543,924
4544.664418393541,4544.539418393541,4544.789418393541,1263,1246,1255
4544.631979776152,4544.256979776152,4545.006979776152,1113,846,980
4536.790388730853,4536.665388730853,4536.915388730853,851,1382,1117
4541.315965041827,4541.190965041827,4541.440965041827,968,2673,1821
4546.558574639269,4546.433574639269,4546.683574639269,1797,866,1332
4542.972447586144,4542.847447586144,4543.097447586144,1367,868,1118
4543.722697097237,4543.347697097237,4544.097697097237,2404,945,1675
4544.673839139634,4544.548839139634,4544.798839139634,800,2087,1444
4535.031351635118,4534.906351635118,4535.156351635118,755,1420,1088
4546.878773204236,4546.753773204236,4547.003773204236,1260,1283,1272
4550.067379516638,4549.942379516638,4550.192379516638,996,1655,1326
4551.816451698835,4551.691451698835,4551.941451698835,1968,1845,1907
4557.8258036355965,4557.7008036355965,4557.9508036355965,998,2983,1991
4553.10750578829,4552.85750578829,4553.35750578829,1859,1444,1652
4546.359204269948,4546.234204269948,4546.484204269948,987,856,922
4556.004173373812,4555.879173373812,4556.129173373812,1180,1065,1123
4548.105927749476,4547.980927749476,4548.230927749476,1317,2440,1879
4558.519831786578,4558.394831786578,4558.644831786578,2012,1871,1942
4568.311536433864,4568.061536433864,4568.561536433864,1788,631,1210
4570.883924441203,4570.758924441203,4571.008924441203,858,2217,1538
4572.422739699252,4572.297739699252,4572.547739699252,1436,1349,1393
4569.143308454471,4569.018308454471,4569.268308454471,1344,929,1137
4573.933623895003,4573.808623895003,4574.058623895003,1341,1144,1243
4569.719031907849,4569.469031907849,4569.969031907849,680,1897,1289
4572.99143345713,4572.86643345713,4573.11643345713,1565,1552,1559
4568.937069794751,4568.812069794751,4569.062069794751,1493,1536,1515
4570.373400420129,4570.248400420129,4570.498400420129,1410,741,1076
4569.700021416232,4569.575021416232,4569.825021416232,876,809,843
4572.190124798701,4572.065124798701,4572.315124798701,494,1365,930
4564.934476719119,4564.809476719119,4565.059476719119,1259,2056,1658
4574.832264925483,4574.707264925483,4574.957264925483,2157,1682,1920
4578.796805423608,4578.671805423608,4578.921805423608,1558,661,1110
4577.523463780854,4577.398463780854,4577.648463780854,1678,851,1265
4571.635524924861,4571.385524924861,4571.885524924861,2163,852,1508
4565.734984069475,4565.609984069475,4565.859984069475,1406,2535,1971
4567.289927442918,4567.164927442918,4567.414927442918,1404,2557,1981
4568.6298401248405,4568.5048401248405,4568.7548401248405,1441,1206,1324
4567.216351651391,4567.091351651391,4567.341351651391,569,1146,858
4562.7719431262985,4562.6469431262985,4562.8969431262985,1099,500,800
4559.12426696801,4558.99926696801,4559.24926696801,1014,1793,1404
4564.575519205171,4564.325519205171,4564.825519205171,2460,825,1643
4565.618132479997,4565.493132479997,4565.743132479997,1815,848,1332
4569.41998598988,4569.29498598988,4569.54498598988,1543,2298,1921
4573.568148578052,4573.318148578052,4573.818148578052,878,2175,1527
4569.466144582124,4569.341144582124,4569.591144582124,1301,658,980
4567.168171695428,4566.918171695428,4567.418171695428,1226,1859,1543
4563.218227315697,4563.093227315697,4563.343227315697,1522,1207,1365
4564.661898298562,4564.411898298562,4564.911898298562,797,1024,911
4572.524683226672,4572.274683226672,4572.774683226672,1625,864,1245
4573.029320559419,4572.904320559419,4573.154320559419,1430,905,1168
4573.637167748,4573.262167748,4574.012167748,1107,1614,1361
4566.141896422036,4566.016896422036,4566.266896422036,1570,1037,1304
4559.960554891869,4559.710554891869,4560.210554891869,951,1576,1264
4561.528704604922,4561.403704604922,4561.653704604922,744,1511,1128
4565.803399182348,4565.678399182348,4565.928399182348,844,1257,1051
4571.156321017563,4571.031321017563,4571.281321017563,713,1430,1072
4568.521172471425,4568.271172471425,4568.771172471425,1268,735,1002
4571.635512203969,4571.510512203969,4571.760512203969,2017,1498,1758
4564.9416955783,4564.6916955783,4565.1916955783,1720,1431,1576
4559.523081459897,4559.273081459897,4559.773081459897,752,991,872
4566.633782873736,4566.383782873736,4566.883782873736,899,1180,1040
4568.237626860562,4568.112626860562,4568.362626860562,1054,717,886
4570.421977284383,4570.296977284383,4570.546977284383,1017,686,852
4570.123451704131,4569.873451704131,4570.373451704131,2284,1691,1988
4570.33729720028,4570.21229720028,4570.46229720028,1073,1578,1326
4576.930614501717,4576.805614501717,4577.055614501717,1504,1303,1404
4577.18211703601,4576.93211703601,4577.43211703601,1617,1158,1388
4582.806065108432,4582.556065108432,4583.056065108432,1522,1273,1398
4574.181162068408,4574.056162068408,4574.306162068408,1036,2473,1755
4564.497097782014,4564.372097782014,4564.622097782014,1842,1019,1431
4563.6208974757565,4563.4958974757565,4563.7458974757565,1443,574,1009
4566.689020368535,4566.439020368535,4566.939020368535,1474,965,1220
4568.769011717728,4568.644011717728,4568.894011717728,2025,804,1415
4575.15452519353,4575.02952519353,4575.27952519353,2325,802,1564
4572.538808465158,4572.413808465158,4572.663808465158,1265,1738,1502
4568.629270799981,4568.254270799981,4569.004270799981,1862,801,1332
4561.063003223004,4560.813003223004,4561.313003223004,1693,2178,1936
4562.294644642902,4562.169644642902,4562.419644642902,2409,1328,1869
4565.458995507867,4565.208995507867,4565.708995507867,847,1772,1310
4554.621823696447,4554.496823696447,4554.746823696447,1000,641,821
4567.691085605607,4567.566085605607,4567.816085605607,971,1142,1057
4572.835328052388,4572.710328052388,4572.960328052388,2480,881,1681
4571.048771926375,4570.923771926375,4571.173771926375,518,1471,995
4567.941018371194,4567.691018371194,4568.191018371194,2720,1007,1864
