close,bid,ask,bid_volume,ask_volume,volume
4501.399019700897,4501.274019700897,4501.524019700897,2099,1320,1710
4499.301590106073,4499.176590106073,4499.426590106073,942,749,846
4502.5239213475825,4502.3989213475825,4502.6489213475825,833,2032,1433
4503.008639390409,4502.758639390409,4503.258639390409,609,1286,948
4502.111414257025,4501.736414257025,4502.486414257025,1200,1717,1459
4501.051939400952,4500.926939400952,4501.176939400952,1087,614,851
4500.330587191627,4500.205587191627,4500.455587191627,1229,2390,1810
4501.837856516908,4501.712856516908,4501.962856516908,1036,781,909
4497.508138112419,4497.383138112419,4497.633138112419,651,1496,1074
4495.176155311997,4494.801155311997,4495.551155311997,1657,842,1250
4496.268438130107,4496.143438130107,4496.393438130107,996,2343,1670
4497.553613247123,4497.303613247123,4497.803613247123,677,1284,981
4497.8224800522175,4497.5724800522175,4498.0724800522175,1601,2104,1853
4495.503492218958,4495.253492218958,4495.753492218958,1978,785,1382
4495.587501277846,4495.462501277846,4495.712501277846,940,2373,1657
4494.548049052026,4494.423049052026,4494.673049052026,818,1737,1278
4493.691919498676,4493.566919498676,4493.816919498676,1235,2246,1741
4491.466018233702,4491.341018233702,4491.591018233702,902,1091,997
4491.681963332793,4491.431963332793,4491.931963332793,1315,1296,1306
4491.614097030763,4491.364097030763,4491.864097030763,977,1072,1025
4489.070094368853,4488.945094368853,4489.195094368853,1063,582,823
4488.277171994333,4488.152171994333,4488.402171994333,2610,949,1780
4486.365076280167,4486.240076280167,4486.490076280167,837,1062,950
4485.258975674625,4485.133975674625,4485.383975674625,987,2368,1678
4483.653204596835,4483.403204596835,4483.903204596835,1799,686,1243
4484.589854311915,4484.464854311915,4484.714854311915,2286,1699,1993
4487.793998918517,4487.668998918517,4487.918998918517,1209,1480,1345
4491.506877629023,4491.381877629023,4491.631877629023,2166,735,1451
4488.476589629027,4488.226589629027,4488.726589629027,1072,1695,1384
4490.513339537133,4490.263339537133,4490.763339537133,1974,1385,1680
4489.001240590844,4488.876240590844,4489.126240590844,1508,1145,1327
4488.448285293576,4488.323285293576,4488.573285293576,2284,1543,1914
4484.29021196874,4484.16521196874,4484.41521196874,2804,1031,1918
4486.629684638072,4486.379684638072,4486.879684638072,1974,701,1338
4487.3577152366415,4487.1077152366415,4487.6077152366415,1777,2026,1902
4491.149098147532,4491.024098147532,4491.274098147532,763,1648,1206
4495.799915476943,4495.424915476943,4496.174915476943,485,1386,936
4499.960094421009,4499.835094421009,4500.085094421009,1030,1121,1076
4501.616950752513,4501.491950752513,4501.741950752513,865,2086,1476
4502.811770340542,4502.686770340542,4502.936770340542,1841,1758,1800
4502.530174547735,4502.405174547735,4502.655174547735,1095,1082,1089
4502.569764276178,4502.319764276178,4502.819764276178,1143,1642,1393
4502.050640188276,4501.925640188276,4502.175640188276,1134,2121,1628
4502.346244683467,4502.096244683467,4502.596244683467,1543,962,1253
4503.634434889065,4503.384434889065,4503.884434889065,1227,772,1000
4501.832303050327,4501.582303050327,4502.082303050327,776,933,855
4500.87593989805,4500.62593989805,4501.12593989805,662,1557,1110
4501.427934311626,4501.302934311626,4501.552934311626,691,1090,891
4504.486527039866,4504.361527039866,4504.611527039866,2267,1394,1831
4506.478445917884,4506.103445917884,4506.853445917884,1254,469,862
4507.380092792723,4507.130092792723,4507.630092792723,1926,919,1423
4503.241880521853,4502.991880521853,4503.491880521853,2894,1021,1958
4503.999881556892,4503.749881556892,4504.249881556892,834,961,898
4505.198001185757,4505.073001185757,4505.323001185757,717,1798,1258
4505.541322667335,4505.416322667335,4505.666322667335,1253,1148,1201
4507.52346610159,4507.27346610159,4507.77346610159,719,1088,904
4506.58221789379,4506.45721789379,4506.70721789379,695,1522,1109
4506.470360685609,4506.220360685609,4506.720360685609,1737,1906,1822
4507.591846268396,4507.341846268396,4507.841846268396,680,1343,1012
4505.114652168712,4504.989652168712,4505.239652168712,929,1078,1004
4505.748874373283,4505.623874373283,4505.873874373283,1728,911,1320
4505.50929633723,4505.25929633723,4505.75929633723,874,1517,1196
4509.204860632051,4508.829860632051,4509.579860632051,1762,675,1219
4512.7452472049,4512.6202472049,4512.8702472049,1254,2407,1831
4512.214517742763,4511.964517742763,4512.464517742763,1533,640,1087
4511.593847792246,4511.468847792246,4511.718847792246,544,1091,818
4512.4663668596595,4512.3413668596595,4512.5913668596595,1500,1937,1719
4512.450607152675,4512.325607152675,4512.575607152675,1518,861,1190
4514.431764587567,4514.181764587567,4514.681764587567,995,1228,1112
4516.656563529683,4516.531563529683,4516.781563529683,2382,1179,1781
4523.8358625602505,4523.7108625602505,4523.9608625602505,1677,796,1237
4525.070217812718,4524.820217812718,4525.320217812718,2002,1839,1921
4525.86046322096,4525.73546322096,4525.98546322096,1276,2433,1855
4527.132943835975,4526.882943835975,4527.382943835975,2096,1193,1645
4529.679010846878,4529.429010846878,4529.929010846878,708,1435,1072
4533.657501355416,4533.407501355416,4533.907501355416,1552,751,1152
4535.638441027096,4535.513441027096,4535.763441027096,2215,1234,1725
4534.233918042253,4533.858918042253,4534.608918042253,910,963,937
4533.084957099361,4532.959957099361,4533.209957099361,1048,1009,1029
4528.90292177665,4528.77792177665,4529.02792177665,2024,1305,1665
4527.918224066189,4527.543224066189,4528.293224066189,878,1991,1435
4524.957450515749,4524.832450515749,4525.082450515749,1437,1194,1316
4523.950615402953,4523.825615402953,4524.075615402953,587,1102,845
4523.542933386324,4523.417933386324,4523.667933386324,1853,902,1378
4519.775075870296,4519.650075870296,4519.900075870296,2710,1175,1943
4516.145507726485,4516.020507726485,4516.270507726485,1570,1251,1411
4515.874922307979,4515.499922307979,4516.249922307979,557,1112,835
4513.961835869214,4513.836835869214,4514.086835869214,1103,2530,1817
4513.377312517376,4513.002312517376,4513.752312517376,2144,1607,1876
4515.125783391084,4514.750783391084,4515.500783391084,967,2262,1615
4514.724649906506,4514.349649906506,4515.099649906506,1103,752,928
4511.187209230028,4511.062209230028,4511.312209230028,953,1288,1121
4510.531881521812,4510.406881521812,4510.656881521812,861,2086,1474
4511.163672892396,4510.913672892396,4511.413672892396,860,1013,937
4512.56320112837,4512.31320112837,4512.81320112837,1322,977,1150
4512.345586610891,4511.970586610891,4512.720586610891,2052,1801,1927
4511.557535052479,4511.307535052479,4511.807535052479,1278,1295,1287
4509.251177251944,4508.876177251944,4509.626177251944,1635,1286,1461
4506.738697142139,4506.613697142139,4506.863697142139,1672,1787,1730
4504.122529727126,4503.997529727126,4504.247529727126,940,953,947
4502.386526946262,4502.261526946262,4502.511526946262,1014,2005,1510
4507.472982827647,4507.347982827647,4507.597982827647,1252,617,935
4509.7820445404395,4509.6570445404395,4509.9070445404395,1071,1068,1070
4511.890646042144,4511.765646042144,4512.015646042144,1900,1171,1536
4512.4815886666065,4512.2315886666065,4512.7315886666065,1366,1747,1557
4507.091108509482,4506.966108509482,4507.216108509482,1023,1626,1325
4505.715147737393,4505.465147737393,4505.965147737393,1461,2254,1858
4504.946290356723,4504.821290356723,4505.071290356723,1253,1102,1178
4506.820873805392,4506.570873805392,4507.070873805392,776,1637,1207
4503.7173941364845,4503.3423941364845,4504.0923941364845,1515,694,1105
4503.337544977501,4503.087544977501,4503.587544977501,600,1241,921
4505.281932233926,4505.156932233926,4505.406932233926,485,1346,916
4505.304527057353,4504.929527057353,4505.679527057353,1331,1602,1467
4507.079879801329,4506.954879801329,4507.204879801329,2775,1114,1945
4506.3315120049565,4506.0815120049565,4506.5815120049565,2484,1309,1897
4503.04078387425,4502.66578387425,4503.41578387425,988,661,825
4499.904592937011,4499.529592937011,4500.279592937011,2714,983,1849
4500.404740636841,4500.279740636841,4500.529740636841,1096,933,1015
4500.265400410833,4500.140400410833,4500.390400410833,2845,1044,1945
4503.124741478287,4502.999741478287,4503.249741478287,1339,930,1135
4497.7382251373865,4497.6132251373865,4497.8632251373865,2195,1682,1939
4500.219354341417,4500.094354341417,4500.344354341417,1268,933,1101
4507.034166078566,4506.909166078566,4507.159166078566,952,2091,1522
4508.603270338105,4508.353270338105,4508.853270338105,500,1119,810
4504.502673459815,4504.377673459815,4504.627673459815,1891,780,1336
4506.485052504715,4506.360052504715,4506.610052504715,1238,1951,1595
4505.023238031437,4504.898238031437,4505.148238031437,1489,1208,1349
4505.551933065054,4505.426933065054,4505.676933065054,1344,479,912
4506.955831310091,4506.705831310091,4507.205831310091,1338,2249,1794
4503.980198690784,4503.855198690784,4504.105198690784,832,1191,1012
4503.978120934496,4503.603120934496,4504.353120934496,947,1418,1183
4502.537737035062,4502.412737035062,4502.662737035062,1386,779,1083
4505.002915826108,4504.877915826108,4505.127915826108,2175,1292,1734
4501.636408028428,4501.511408028428,4501.761408028428,1436,2501,1969
4502.857718762218,4502.482718762218,4503.232718762218,1548,1261,1405
4504.211069265965,4503.961069265965,4504.461069265965,2477,1288,1883
4508.245557381547,4508.120557381547,4508.370557381547,1315,728,1022
4509.615908696784,4509.490908696784,4509.740908696784,1221,2040,1631
4512.710133046641,4512.585133046641,4512.835133046641,1054,1929,1492
4512.255112915474,4512.130112915474,4512.380112915474,2695,1054,1875
4509.38091810972,4509.25591810972,4509.50591810972,1886,2105,1996
4507.691264692552,4507.566264692552,4507.816264692552,1132,1155,1144
4503.171082653775,4503.046082653775,4503.296082653775,763,956,860
4506.831316438908,4506.456316438908,4507.206316438908,899,1190,1045
4505.754890753891,4505.629890753891,4505.879890753891,1021,806,914
4507.621493282299,4507.496493282299,4507.746493282299,898,2653,1776
4508.842165816973,4508.717165816973,4508.967165816973,2520,1211,1866
4511.0732829604485,4510.9482829604485,4511.1982829604485,737,1144,941
4513.331965298182,4513.081965298182,4513.581965298182,952,2007,1480
4512.475376382686,4512.350376382686,4512.600376382686,1224,1439,1332
4509.556746481845,4509.431746481845,4509.681746481845,2233,1284,1759
4509.831129698806,4509.706129698806,4509.956129698806,1461,1612,1537
4510.914320347639,4510.789320347639,4511.039320347639,598,1739,1169
4511.36466494484,4511.23966494484,4511.48966494484,2360,1141,1751
4510.790200804444,4510.540200804444,4511.040200804444,2337,1016,1677
4509.863385101812,4509.738385101812,4509.988385101812,1360,1291,1326
4510.685377294383,4510.560377294383,4510.810377294383,1182,1765,1474
4508.19003640635,4507.81503640635,4508.56503640635,831,1212,1022
4508.179017141537,4508.054017141537,4508.304017141537,2136,813,1475
4506.859578715203,4506.734578715203,4506.984578715203,1723,664,1194
4508.026521212191,4507.901521212191,4508.151521212191,827,2054,1441
4507.765849373626,4507.640849373626,4507.890849373626,1268,1833,1551
4508.849896414702,4508.724896414702,4508.974896414702,897,1738,1318
4509.180385809864,4509.055385809864,4509.305385809864,1826,2135,1981
4512.458656720225,4512.333656720225,4512.583656720225,1048,625,837
4512.922956546487,4512.797956546487,4513.047956546487,2562,1201,1882
4515.779546198289,4515.654546198289,4515.904546198289,968,2143,1556
4515.150469579366,4515.025469579366,4515.275469579366,937,788,863
4514.712564065011,4514.587564065011,4514.837564065011,1066,2153,1610
4516.1711011336365,4516.0461011336365,4516.2961011336365,1302,1141,1222
4516.109815553643,4515.984815553643,4516.234815553643,2524,1389,1957
4516.059258894951,4515.934258894951,4516.184258894951,741,1352,1047
4510.74417419803,4510.61917419803,4510.86917419803,1746,809,1278
4508.570384542698,4508.320384542698,4508.820384542698,1097,2264,1681
4507.8610546736,4507.6110546736,4508.1110546736,2165,932,1549
4506.438880013602,4506.188880013602,4506.688880013602,2019,1572,1796
4501.867934800253,4501.492934800253,4502.242934800253,1511,1416,1464
4499.1788221193265,4498.9288221193265,4499.4288221193265,1013,630,822
4495.4589923863505,4495.3339923863505,4495.5839923863505,1280,591,936
4488.598688657947,4488.223688657947,4488.973688657947,673,1956,1315
4486.414493688432,4486.289493688432,4486.539493688432,946,1009,978
4487.835967021762,4487.710967021762,4487.960967021762,1598,1881,1740
4488.269687852415,4488.019687852415,4488.519687852415,1925,1122,1524
4490.477440102243,4490.352440102243,4490.602440102243,1162,735,949
4488.261693793112,4487.886693793112,4488.636693793112,851,818,835
4486.200341704609,4486.075341704609,4486.325341704609,1191,512,852
4489.846395250152,4489.721395250152,4489.971395250152,1231,2458,1845
4495.59780216554,4495.34780216554,4495.84780216554,1191,1228,1210
4495.113137408101,4494.863137408101,4495.363137408101,2127,920,1524
4495.218218474195,4495.093218474195,4495.343218474195,2055,1576,1816
4492.2801925311005,4492.1551925311005,4492.4051925311005,855,2010,1433
4492.760912664161,4492.635912664161,4492.885912664161,900,1913,1407
4490.026878562359,4489.901878562359,4490.151878562359,1950,1121,1536
4489.857086311227,4489.732086311227,4489.982086311227,832,1529,1181
4485.130886488294,4485.005886488294,4485.255886488294,894,1041,968
4486.128346412703,4486.003346412703,4486.253346412703,664,1583,1124
4489.482786326533,4489.232786326533,4489.732786326533,1729,1850,1790
4490.216019059135,4490.091019059135,4490.341019059135,1273,1354,1314
4491.84280971126,4491.71780971126,4491.96780971126,2332,1093,1713
4490.578956241727,4490.328956241727,4490.828956241727,1226,1795,1511
4492.508695467759,4492.383695467759,4492.633695467759,1388,1171,1280
4489.981642121232,4489.856642121232,4490.106642121232,926,2111,1519
4500.942733517906,4500.817733517906,4501.067733517906,813,1866,1340
4495.119292543,4494.994292543,4495.244292543,1319,1270,1295
4496.5932080775665,4496.4682080775665,4496.7182080775665,992,781,887
4490.328829256693,4490.078829256693,4490.578829256693,701,1386,1044
4501.1229488292,4500.9979488292,4501.2479488292,2277,1226,1752
4500.957165082661,4500.832165082661,4501.082165082661,879,958,919
4499.129538801895,4498.879538801895,4499.379538801895,2632,1033,1833
4501.968476321309,4501.718476321309,4502.218476321309,878,1121,1000
4507.6878177859235,4507.5628177859235,4507.8128177859235,1015,2972,1994
4511.769762062309,4511.519762062309,4512.019762062309,850,841,846
4509.62340995894,4509.49840995894,4509.74840995894,1498,2101,1800
4511.652407021822,4511.402407021822,4511.902407021822,984,699,842
4515.847957266424,4515.722957266424,4515.972957266424,734,1969,1352
4510.814039236491,4510.689039236491,4510.939039236491,1783,1670,1727
4516.521622398445,4516.271622398445,4516.771622398445,1227,1384,1306
4519.695277055427,4519.570277055427,4519.820277055427,1012,2943,1978
4521.749924505021,4521.624924505021,4521.874924505021,1579,1518,1549
4526.916180379518,4526.791180379518,4527.041180379518,518,1475,997
4525.260220534605,4525.135220534605,4525.385220534605,1047,646,847
4527.627811483039,4527.502811483039,4527.752811483039,937,1494,1216
4529.1848190833625,4529.0598190833625,4529.3098190833625,1905,1038,1472
4529.555409472121,4529.305409472121,4529.805409472121,818,1273,1046
4529.981543200117,4529.856543200117,4530.106543200117,826,1391,1109
4531.766656596623,4531.516656596623,4532.016656596623,2151,794,1473
4535.465848320804,4535.090848320804,4535.840848320804,1296,723,1010
4532.720482322721,4532.470482322721,4532.970482322721,1117,1672,1395
4538.974038203579,4538.724038203579,4539.224038203579,703,1316,1010
4536.980493368685,4536.605493368685,4537.355493368685,1421,958,1190
4534.384068845902,4534.259068845902,4534.509068845902,505,1136,821
4531.999132237836,4531.874132237836,4532.124132237836,1201,720,961
4528.654813166862,4528.529813166862,4528.779813166862,1215,1222,1219
4529.577194541613,4529.452194541613,4529.702194541613,1580,1797,1689
4531.405049621186,4531.280049621186,4531.530049621186,852,1625,1239
4535.114225640836,4534.864225640836,4535.364225640836,1653,844,1249
4540.138754233744,4540.013754233744,4540.263754233744,985,680,833
4541.7962621276065,4541.6712621276065,4541.9212621276065,1978,1283,1631
4547.3721899107195,4547.2471899107195,4547.4971899107195,1771,1812,1792
4552.364145767096,4552.114145767096,4552.614145767096,2170,1169,1670
4548.616321645549,4548.491321645549,4548.741321645549,972,815,894
4550.176681901598,4549.801681901598,4550.551681901598,882,791,837
4552.991581691632,4552.866581691632,4553.116581691632,1401,2580,1991
4554.784399923631,4554.534399923631,4555.034399923631,1497,1766,1632
4559.297328202815,4559.172328202815,4559.422328202815,872,989,931
4561.280921420119,4561.155921420119,4561.405921420119,2066,1259,1663
4561.956943888102,4561.831943888102,4562.081943888102,862,1933,1398
4557.5855906075285,4557.4605906075285,4557.7105906075285,1048,1111,1080
4553.581064021196,4553.456064021196,4553.706064021196,859,1422,1141
4556.581397504026,4556.456397504026,4556.706397504026,1650,1329,1490
4557.781657175606,4557.656657175606,4557.906657175606,1555,626,1091
4555.3917394308655,4555.2667394308655,4555.5167394308655,882,2247,1565
4558.760539927079,4558.635539927079,4558.885539927079,2226,1457,1842
4549.148519986014,4548.898519986014,4549.398519986014,879,770,825
4552.066680874862,4551.816680874862,4552.316680874862,1410,1367,1389
4562.305770342947,4562.180770342947,4562.430770342947,947,2442,1695
4554.522476906282,4554.397476906282,4554.647476906282,1461,2192,1827
4557.2205849123575,4556.9705849123575,4557.4705849123575,846,753,800
4559.874816912529,4559.749816912529,4559.999816912529,1163,538,851
4555.971000147023,4555.846000147023,4556.096000147023,1439,764,1102
4557.44601919524,4557.32101919524,4557.57101919524,809,2092,1451
4565.789322051476,4565.664322051476,4565.914322051476,1062,541,802
4566.674058422099,4566.549058422099,4566.799058422099,1600,1371,1486
4561.707439877311,4561.582439877311,4561.832439877311,779,1646,1213
4556.8632412988045,4556.7382412988045,4556.9882412988045,2227,1742,1985
4558.78987332728,4558.53987332728,4559.03987332728,811,878,845
4558.053052172848,4557.928052172848,4558.178052172848,998,1733,1366
4557.511840048256,4557.261840048256,4557.761840048256,1047,644,846
4563.818912743639,4563.693912743639,4563.943912743639,801,2206,1504
4571.363994339027,4571.238994339027,4571.488994339027,2088,1041,1565
4573.211487786348,4573.086487786348,4573.336487786348,1069,2526,1798
4572.231939609114,4572.106939609114,4572.356939609114,1283,1600,1442
4570.20252662184,4569.95252662184,4570.45252662184,1439,1688,1564
4562.795599693298,4562.670599693298,4562.920599693298,1110,575,843
4566.346326927854,4566.221326927854,4566.471326927854,930,815,873
4566.177494685433,4566.052494685433,4566.302494685433,2770,989,1880
4566.760926048514,4566.635926048514,4566.885926048514,1114,597,856
4567.079305068853,4566.954305068853,4567.204305068853,1391,1580,1486
4564.488290457276,4564.238290457276,4564.738290457276,2064,1637,1851
4568.275768465558,4568.025768465558,4568.525768465558,817,1390,1104
4561.013656880678,4560.638656880678,4561.388656880678,1628,1123,1376
4554.72704449496,4554.35204449496,4555.10204449496,814,1393,1104
4547.814242900989,4547.689242900989,4547.939242900989,807,1958,1383
4547.519622406728,4547.144622406728,4547.894622406728,1041,580,811
4538.340636930355,4538.090636930355,4538.590636930355,1015,1606,1311
4535.23496477302,4534.98496477302,4535.48496477302,1329,1704,1517
4538.773921973223,4538.648921973223,4538.898921973223,1115,1178,1147
4536.07332326004,4535.94832326004,4536.19832326004,589,1558,1074
4533.8588788205725,4533.7338788205725,4533.9838788205725,732,1813,1273
4535.09792533016,4534.97292533016,4535.22292533016,1220,2081,1651
4527.84691343604,4527.72191343604,4527.97191343604,1815,722,1269
4525.432886006897,4525.182886006897,4525.682886006897,2119,884,1502
4525.152419094591,4525.027419094591,4525.277419094591,1786,1891,1839
4524.640182148286,4524.515182148286,4524.765182148286,853,2394,1624
4523.986455532744,4523.736455532744,4524.236455532744,1873,910,1392
4521.965858224314,4521.715858224314,4522.215858224314,825,1328,1077
4518.618463727539,4518.493463727539,4518.743463727539,952,705,829
4511.269642791479,4511.144642791479,4511.394642791479,1480,915,1198
4512.611690929016,4512.361690929016,4512.861690929016,1925,1740,1833
4507.487683737047,4507.237683737047,4507.737683737047,1270,2287,1779
4510.359209258573,4510.234209258573,4510.484209258573,2271,1320,1796
4511.417066126204,4511.292066126204,4511.542066126204,2336,961,1649
4515.442230706777,4515.317230706777,4515.567230706777,1607,866,1237
4513.477093282456,4513.352093282456,4513.602093282456,836,799,818
4517.823794945818,4517.698794945818,4517.948794945818,2653,1170,1912
4518.199030402277,4517.949030402277,4518.449030402277,619,1188,904
4516.528927297614,4516.278927297614,4516.778927297614,1083,682,883
4519.235656323502,4519.110656323502,4519.360656323502,1215,2776,1996
4517.802050887528,4517.677050887528,4517.927050887528,1478,837,1158
4521.101684694668,4520.976684694668,4521.226684694668,600,1127,864
4520.575177899718,4520.450177899718,4520.700177899718,1444,2031,1738
4522.792347348594,4522.667347348594,4522.917347348594,2413,858,1636
4519.184658968574,4518.809658968574,4519.559658968574,1299,1938,1619
4520.402170567092,4520.277170567092,4520.527170567092,1813,1286,1550
4524.601318220176,4524.476318220176,4524.726318220176,1108,2195,1652
4530.375288381852,4530.250288381852,4530.500288381852,765,848,807
4531.768671136737,4531.518671136737,4532.018671136737,1056,1639,1348
4534.527744464219,4534.402744464219,4534.652744464219,679,1634,1157
4539.82357439589,4539.69857439589,4539.94857439589,960,1691,1326
4534.263782879806,4534.138782879806,4534.388782879806,1218,1483,1351
4538.921054497409,4538.796054497409,4539.046054497409,2625,948,1787
4539.438365668726,4539.313365668726,4539.563365668726,1105,2608,1857
4546.758953274356,4546.383953274356,4547.133953274356,1138,2757,1948
4551.572603234501,4551.447603234501,4551.697603234501,976,957,967
4555.204191141663,4554.954191141663,4555.454191141663,1212,739,976
4553.620132673383,4553.370132673383,4553.870132673383,2657,1156,1907
4552.213168802618,4552.088168802618,4552.338168802618,1257,1968,1613
4551.858363038754,4551.733363038754,4551.983363038754,1517,2068,1793
4556.7820752936605,4556.6570752936605,4556.9070752936605,1989,732,1361
4554.987878477156,4554.612878477156,4555.362878477156,1303,1640,1472
4553.327855705009,4553.202855705009,4553.452855705009,1418,2073,1746
4554.845217217398,4554.720217217398,4554.970217217398,1303,2334,1819
4555.812605196739,4555.687605196739,4555.937605196739,887,1694,1291
4551.107054252323,4550.732054252323,4551.482054252323,868,1509,1189
4552.82773031513,4552.57773031513,4553.07773031513,1360,1035,1198
4555.421452849118,4555.296452849118,4555.546452849118,1275,508,892
4561.755173305366,4561.630173305366,4561.880173305366,1807,874,1341
4559.03865086251,4558.91365086251,4559.16365086251,1401,2458,1930
4561.56087045532,4561.43587045532,4561.68587045532,1140,1511,1326
4558.029596185856,4557.779596185856,4558.279596185856,2799,1022,1911
4558.070046577685,4557.695046577685,4558.445046577685,1650,1869,1760
4559.092898063513,4558.842898063513,4559.342898063513,1407,528,968
4554.268215279918,4554.018215279918,4554.518215279918,2320,1197,1759
4553.034668005851,4552.909668005851,4553.159668005851,1964,1463,1714
4553.865818461513,4553.740818461513,4553.990818461513,1134,1271,1203
4562.969467997725,4562.844467997725,4563.094467997725,598,1433,1016
4558.147204958163,4558.022204958163,4558.272204958163,2349,934,1642
4555.417102050649,4555.292102050649,4555.542102050649,619,1268,944
4555.379259600095,4555.254259600095,4555.504259600095,813,1522,1168
4558.727711892712,4558.352711892712,4559.102711892712,1901,1748,1825
4548.007497333136,4547.882497333136,4548.132497333136,913,2552,1733
4557.749268033627,4557.499268033627,4557.999268033627,2058,1547,1803
4559.834657123949,4559.709657123949,4559.959657123949,1025,1918,1472
4555.868320880826,4555.743320880826,4555.993320880826,770,2229,1500
4554.229497630936,4553.979497630936,4554.479497630936,999,1486,1243
4555.995383427835,4555.745383427835,4556.245383427835,2568,1321,1945
4553.64791136986,4553.52291136986,4553.77291136986,1451,1040,1246
4551.631915116086,4551.506915116086,4551.756915116086,854,1925,1390
4542.483933314897,4542.358933314897,4542.608933314897,1063,958,1011
4536.697812805933,4536.572812805933,4536.822812805933,2165,986,1576
4544.202165841267,4544.077165841267,4544.327165841267,1488,497,993
4545.879526959768,4545.629526959768,4546.129526959768,1914,1315,1615
4540.907343809403,4540.782343809403,4541.032343809403,472,1201,837
4545.6261096450335,4545.5011096450335,4545.7511096450335,1193,1180,1187
4546.611715574192,4546.236715574192,4546.986715574192,1021,1444,1233
4547.340812518149,4547.215812518149,4547.465812518149,1365,1312,1339
4547.61455074908,4547.36455074908,4547.86455074908,1142,743,943
4543.360142298448,4543.235142298448,4543.485142298448,1147,530,839
4540.751859727764,4540.626859727764,4540.876859727764,1651,1488,1570
4540.792357617271,4540.542357617271,4541.042357617271,1311,2146,1729
4543.537770813044,4543.287770813044,4543.787770813044,1290,2431,1861
4543.176351089009,4543.051351089009,4543.301351089009,1027,2474,1751
4544.612995976764,4544.487995976764,4544.737995976764,1900,1641,1771
4544.510983673216,4544.385983673216,4544.635983673216,1507,2134,1821
4546.777034263868,4546.527034263868,4547.027034263868,2018,1303,1661
4540.065359374577,4539.940359374577,4540.190359374577,1607,762,1185
4540.3140076944355,4540.0640076944355,4540.5640076944355,1612,1847,1730
4546.714889420028,4546.464889420028,4546.964889420028,994,1089,1042
4549.183976960086,4549.058976960086,4549.308976960086,1046,729,888
4547.64745844024,4547.52245844024,4547.77245844024,1483,1096,1290
4540.644160778957,4540.519160778957,4540.769160778957,2501,1004,1753
4541.620639128645,4541.495639128645,4541.745639128645,2665,928,1797
4541.971775237791,4541.846775237791,4542.096775237791,963,680,822
4550.729272228569,4550.604272228569,4550.854272228569,1644,1181,1413
4556.8843911582235,4556.7593911582235,4557.0093911582235,2219,1730,1975
4562.002037958739,4561.877037958739,4562.127037958739,1381,558,970
4560.926731277253,4560.676731277253,4561.176731277253,728,997,863
4559.018095925641,4558.768095925641,4559.268095925641,1304,1275,1290
4558.437846068355,4558.312846068355,4558.562846068355,649,1550,1100
4564.939178720086,4564.689178720086,4565.189178720086,620,1065,843
4566.040255317286,4565.790255317286,4566.290255317286,966,633,800
4573.75280481419,4573.62780481419,4573.87780481419,1817,1318,1568
4568.345652276666,4568.220652276666,4568.470652276666,1403,1150,1277
4573.145397485023,4572.770397485023,4573.520397485023,1084,2885,1985
4569.424167477501,4569.299167477501,4569.549167477501,1455,1634,1545
4570.172933769918,4570.047933769918,4570.297933769918,930,1925,1428
4575.504734120338,4575.379734120338,4575.629734120338,2725,1264,1995
4573.230977315402,4573.105977315402,4573.355977315402,970,1203,1087
4577.412103110221,4577.037103110221,4577.787103110221,2027,1282,1655
4576.505484163731,4576.380484163731,4576.630484163731,1536,1591,1564
4572.546282967124,4572.171282967124,4572.921282967124,2115,1012,1564
4573.752164636699,4573.627164636699,4573.877164636699,1992,1521,1757
4570.323726699534,4570.198726699534,4570.448726699534,998,1539,1269
4569.840687478174,4569.715687478174,4569.965687478174,2744,983,1864
4568.310703683178,4568.185703683178,4568.435703683178,1556,1683,1620
4568.136769974571,4568.011769974571,4568.261769974571,789,1884,1337
4568.99044819061,4568.86544819061,4569.11544819061,2213,1028,1621
4566.995082786223,4566.870082786223,4567.120082786223,2481,1158,1820
4563.458693697113,4563.333693697113,4563.583693697113,2605,1354,1980
4566.715141285987,4566.590141285987,4566.840141285987,1603,1044,1324
4569.801067629925,4569.551067629925,4570.051067629925,629,1122,876
4562.711215901389,4562.461215901389,4562.961215901389,1346,607,977
4563.970712598208,4563.720712598208,4564.220712598208,1104,807,956
4562.263969323212,4562.138969323212,4562.388969323212,2054,1025,1540
4563.094885869554,4562.969885869554,4563.219885869554,2379,1518,1949
4565.484913645668,4565.359913645668,4565.609913645668,2111,1114,1613
4563.6959636237725,4563.5709636237725,4563.8209636237725,1692,565,1129
4560.652205412045,4560.527205412045,4560.777205412045,1223,640,932
4560.183835051754,4560.058835051754,4560.308835051754,1327,2414,1871
4554.518918093632,4554.393918093632,4554.643918093632,2429,1090,1760
4551.998686395056,4551.748686395056,4552.248686395056,945,1190,1068
4551.895084712634,4551.645084712634,4552.145084712634,1219,594,907
4548.794768798546,4548.419768798546,4549.169768798546,454,1165,810
4554.59686003055,4554.34686003055,4554.84686003055,1327,512,920
4553.311205851735,4553.186205851735,4553.436205851735,1345,2472,1909
4552.44540390074,4552.32040390074,4552.57040390074,1363,624,994
4553.890273560589,4553.765273560589,4554.015273560589,807,1224,1016
4554.347173502397,4554.222173502397,4554.472173502397,2083,1236,1660
4552.875683846622,4552.750683846622,4553.000683846622,1441,1258,1350
4552.891011046856,4552.766011046856,4553.016011046856,629,1726,1178
4559.113635490681,4558.863635490681,4559.363635490681,622,1133,878
4564.057449053392,4563.807449053392,4564.307449053392,1916,1785,1851
4561.722076579392,4561.472076579392,4561.972076579392,595,1328,962
4563.511022394142,4563.386022394142,4563.636022394142,1009,1858,1434
4556.070005539879,4555.820005539879,4556.320005539879,797,852,825
4546.353442173098,4546.103442173098,4546.603442173098,2301,970,1636
4544.943431552791,4544.818431552791,4545.068431552791,1357,506,932
4548.549846718072,4548.299846718072,4548.799846718072,747,884,816
4539.790825372206,4539.540825372206,4540.040825372206,1186,1627,1407
4536.4893658037945,4536.2393658037945,4536.7393658037945,645,1194,920
4540.697447113437,4540.447447113437,4540.947447113437,2466,1173,1820
4545.792334856863,4545.667334856863,4545.917334856863,1926,2025,1976
4552.088937679255,4551.963937679255,4552.213937679255,1863,776,1320
4555.285363279757,4555.035363279757,4555.535363279757,911,1734,1323
4548.978399469136,4548.853399469136,4549.103399469136,1313,1654,1484
4553.017133081184,4552.767133081184,4553.267133081184,1185,2518,1852
4552.396578303576,4552.271578303576,4552.521578303576,2300,1189,1745
4547.246179281372,4547.121179281372,4547.371179281372,930,699,815
4546.32308743998,4546.19808743998,4546.44808743998,2464,1217,1841
4545.282496870521,4544.907496870521,4545.657496870521,1277,534,906
4544.247090968077,4543.872090968077,4544.622090968077,547,1266,907
4544.626222383483,4544.251222383483,4545.001222383483,1545,1670,1608
4547.582845283143,4547.332845283143,4547.832845283143,1498,785,1142
4544.165729799815,4543.915729799815,4544.415729799815,1075,2416,1746
4548.395966406662,4548.270966406662,4548.520966406662,1738,1769,1754
4557.358123707112,4557.233123707112,4557.483123707112,668,1079,874
4563.285235862479,4563.160235862479,4563.410235862479,1529,2008,1769
4562.66490033948,4562.53990033948,4562.78990033948,2016,693,1355
4556.219611760838,4556.094611760838,4556.344611760838,1191,1530,1361
4561.128225053471,4561.003225053471,4561.253225053471,985,1904,1445
4560.826947891441,4560.701947891441,4560.951947891441,2224,1177,1701
4561.046060183462,4560.921060183462,4561.171060183462,2527,1466,1997
4563.839531479172,4563.589531479172,4564.089531479172,597,1762,1180
4565.798262974258,4565.673262974258,4565.923262974258,1204,941,1073
4563.971727352261,4563.846727352261,4564.096727352261,620,1541,1081
4557.848140193565,4557.723140193565,4557.973140193565,1076,1935,1506
4555.139302008082,4554.889302008082,4555.389302008082,1089,2306,1698
4554.339022550517,4554.214022550517,4554.464022550517,943,884,914
4552.457358504063,4552.082358504063,4552.832358504063,1446,2521,1984
4545.50322026572,4545.25322026572,4545.75322026572,777,1378,1078
4535.855530151101,4535.730530151101,4535.980530151101,1168,663,916
4538.323828832697,4538.198828832697,4538.448828832697,989,1064,1027
4537.677315330109,4537.552315330109,4537.802315330109,1628,877,1253
4532.062293752091,4531.937293752091,4532.187293752091,1086,1817,1452
4538.049501430772,4537.924501430772,4538.174501430772,1729,1134,1432
4540.31469572181,4540.06469572181,4540.56469572181,1875,1570,1723
4541.591566801977,4541.216566801977,4541.966566801977,1747,1764,1756
4539.383158307186,4539.133158307186,4539.633158307186,1186,1251,1219
4538.7489052417695,4538.4989052417695,4538.9989052417695,1102,2691,1897
4535.40768906299,4535.15768906299,4535.65768906299,697,932,815
4534.522459812389,4534.397459812389,4534.647459812389,1486,941,1214
4532.152882780179,4532.027882780179,4532.277882780179,1178,549,864
4534.536400674185,4534.411400674185,4534.661400674185,763,1436,1100
4535.532381949902,4535.407381949902,4535.657381949902,613,1404,1009
4529.394267831092,4529.269267831092,4529.519267831092,2087,1474,1781
4534.784073258001,4534.534073258001,4535.034073258001,1068,933,1001
4528.511647643037,4528.386647643037,4528.636647643037,864,1771,1318
4522.532922641811,4522.282922641811,4522.782922641811,1680,1829,1755
4525.068074531306,4524.943074531306,4525.193074531306,539,1274,907
4515.449268202689,4515.199268202689,4515.699268202689,2765,1004,1885
4521.171558796002,4520.921558796002,4521.421558796002,1876,1043,1460
4519.598064789836,4519.223064789836,4519.973064789836,1497,1030,1264
4515.464501906904,4515.214501906904,4515.714501906904,830,1651,1241
4519.687280627259,4519.562280627259,4519.812280627259,844,2245,1545
4519.738027347748,4519.363027347748,4520.113027347748,1452,2161,1807
4519.585755391716,4519.335755391716,4519.835755391716,823,870,847
4511.836958567009,4511.461958567009,4512.211958567009,2828,975,1902
4515.798974839533,4515.673974839533,4515.923974839533,796,2123,1460
4513.301189069841,4513.176189069841,4513.426189069841,1962,1835,1899
4510.319749486001,4509.944749486001,4510.694749486001,1882,1503,1693
4514.692735876072,4514.567735876072,4514.817735876072,2010,1237,1624
4515.5507309467785,4515.3007309467785,4515.8007309467785,1376,2005,1691
4516.380217217156,4516.255217217156,4516.505217217156,1147,1194,1171
4515.891766768622,4515.766766768622,4516.016766768622,2284,1167,1726
4513.466391709589,4513.341391709589,4513.591391709589,1398,1009,1204
4512.761654631898,4512.636654631898,4512.886654631898,2091,1812,1952
4512.806706100005,4512.681706100005,4512.931706100005,921,806,864
4517.851187795144,4517.601187795144,4518.101187795144,1755,1088,1422
4516.534254430819,4516.409254430819,4516.659254430819,2457,1242,1850
4515.540232825314,4515.415232825314,4515.665232825314,1921,872,1397
4512.387741230459,4512.262741230459,4512.512741230459,1451,1374,1413
4511.892007681095,4511.767007681095,4512.017007681095,1159,616,888
4505.368067825194,4505.243067825194,4505.493067825194,1506,733,1120
4503.2745000644045,4503.1495000644045,4503.3995000644045,1398,471,935
4497.551944525032,4497.301944525032,4497.801944525032,1278,505,892
4499.094120882465,4498.844120882465,4499.344120882465,876,915,896
4501.561762987421,4501.436762987421,4501.686762987421,573,1312,943
4504.45290328122,4504.07790328122,4504.82790328122,632,1143,888
4502.244084200481,4501.869084200481,4502.619084200481,2007,1866,1937
4495.214866933652,4494.964866933652,4495.464866933652,2660,945,1803
4501.657586445827,4501.532586445827,4501.782586445827,1256,2109,1683
4495.665189769826,4495.290189769826,4496.040189769826,968,2749,1859
4499.598966828883,4499.473966828883,4499.723966828883,962,2755,1859
4501.855062607762,4501.730062607762,4501.980062607762,1461,798,1130
4503.217801386287,4503.092801386287,4503.342801386287,950,2809,1880
4501.6301925962625,4501.5051925962625,4501.7551925962625,1309,1172,1241
4512.973161069727,4512.598161069727,4513.348161069727,988,1023,1006
4512.978399365411,4512.603399365411,4513.353399365411,2499,1272,1886
4513.574460990927,4513.449460990927,4513.699460990927,461,1182,822
4518.257181348657,4518.132181348657,4518.382181348657,1032,665,849
4519.109015586452,4518.984015586452,4519.234015586452,1352,2471,1912
4518.745106720732,4518.620106720732,4518.870106720732,2305,938,1622
4517.016162055487,4516.641162055487,4517.391162055487,488,1457,973
4518.778931533134,4518.403931533134,4519.153931533134,1689,1358,1524
4518.444749924884,4518.194749924884,4518.694749924884,1184,497,841
4520.955779463751,4520.830779463751,4521.080779463751,738,1823,1281
4521.7053447546405,4521.4553447546405,4521.9553447546405,654,1193,924
4517.243876757858,4517.118876757858,4517.368876757858,1268,1147,1208
4513.468926522784,4513.343926522784,4513.593926522784,1858,1001,1430
4503.69276414743,4503.44276414743,4503.94276414743,1258,429,844
4500.0240992536455,4499.8990992536455,4500.1490992536455,882,2349,1616
4499.392236942315,4499.142236942315,4499.642236942315,1589,858,1224
4496.573791491585,4496.448791491585,4496.698791491585,2109,1066,1588
4490.01289644527,4489.63789644527,4490.38789644527,818,1887,1353
4487.772417733868,4487.647417733868,4487.897417733868,1113,624,869
4486.364245090229,4486.239245090229,4486.489245090229,2746,1123,1935
4488.942240931555,4488.817240931555,4489.067240931555,941,2208,1575
4488.890159417095,4488.765159417095,4489.015159417095,2154,723,1439
4484.151407116928,4483.901407116928,4484.401407116928,878,1895,1387
4478.96724865308,4478.84224865308,4479.09224865308,1315,896,1106
4484.787703205545,4484.662703205545,4484.912703205545,925,2074,1500
4483.062024142759,4482.937024142759,4483.187024142759,1224,1805,1515
4473.282413755178,4473.032413755178,4473.532413755178,815,2216,1516
4480.679377675336,4480.554377675336,4480.804377675336,2793,1126,1960
4481.024357140089,4480.774357140089,4481.274357140089,596,1025,811
4481.556076024195,4481.431076024195,4481.681076024195,945,1844,1395
4486.340559914929,4486.215559914929,4486.465559914929,1394,1055,1225
4480.540180836258,4480.415180836258,4480.665180836258,2532,1331,1932
4479.089990100256,4478.714990100256,4479.464990100256,2020,1939,1980
4476.908304526815,4476.783304526815,4477.033304526815,1004,1817,1411
4485.1890564511505,4484.9390564511505,4485.4390564511505,1042,2011,1527
4489.244546643367,4488.994546643367,4489.494546643367,1631,1552,1592
4490.2199147252,4489.8449147252,4490.5949147252,883,1692,1288
4492.398546468884,4492.148546468884,4492.648546468884,1062,2341,1702
4493.946454659284,4493.821454659284,4494.071454659284,983,2400,1692
4490.70642949249,4490.58142949249,4490.83142949249,1810,705,1258
4492.730427688031,4492.355427688031,4493.105427688031,1283,912,1098
4487.680908215229,4487.555908215229,4487.805908215229,1326,669,998
4492.966384182268,4492.841384182268,4493.091384182268,1151,2342,1747
4491.815676112411,4491.565676112411,4492.065676112411,730,1865,1298
4489.9110401003245,4489.7860401003245,4490.0360401003245,902,1647,1275
4480.686601569193,4480.561601569193,4480.811601569193,664,1749,1207
4474.4371012509655,4474.3121012509655,4474.5621012509655,2314,1571,1943
4472.054325443984,4471.929325443984,4472.179325443984,1760,1169,1465
4470.7041444404895,4470.5791444404895,4470.8291444404895,1151,2736,1944
4471.0779781143665,4470.9529781143665,4471.2029781143665,1674,2295,1985
4474.381489633584,4474.256489633584,4474.506489633584,2128,1721,1925
4479.236712194667,4478.986712194667,4479.486712194667,1529,2462,1996
4484.229763410908,4483.979763410908,4484.479763410908,1207,776,992
4486.891897352491,4486.641897352491,4487.141897352491,1345,1634,1490
4488.466559740999,4488.341559740999,4488.591559740999,1056,1487,1272
4490.388609835828,4490.263609835828,4490.513609835828,1991,1120,1556
4492.024538916084,4491.899538916084,4492.149538916084,594,1401,998
4492.373802873892,4492.248802873892,4492.498802873892,2242,1067,1655
4498.181349010546,4498.056349010546,4498.306349010546,1215,1668,1442
4496.808085065416,4496.683085065416,4496.933085065416,1050,1121,1086
4493.728484264828,4493.603484264828,4493.853484264828,818,1255,1037
4484.456289513765,4484.331289513765,4484.581289513765,1199,916,1058
4485.051360163929,4484.801360163929,4485.301360163929,620,989,805
4488.141044078227,4488.016044078227,4488.266044078227,1248,1005,1127
4490.490791484499,4490.365791484499,4490.615791484499,2055,1626,1841
4491.131323208315,4491.006323208315,4491.256323208315,1061,1858,1460
4491.09223345667,4490.96723345667,4491.21723345667,991,1978,1485
4488.398726018009,4488.273726018009,4488.523726018009,634,1069,852
4490.8280324604975,4490.7030324604975,4490.9530324604975,2032,1129,1581
4489.443309954575,4489.193309954575,4489.693309954575,690,1219,955
4487.365074620486,4487.240074620486,4487.490074620486,2636,1059,1848
4492.191237271295,4491.941237271295,4492.441237271295,2215,1648,1932
4494.197988750665,4494.072988750665,4494.322988750665,1600,869,1235
4489.158437609483,4489.033437609483,4489.283437609483,1560,1543,1552
4489.609789661063,4489.484789661063,4489.734789661063,1589,1058,1324
4486.576327145461,4486.326327145461,4486.826327145461,1405,1144,1275
4483.144905468419,4482.894905468419,4483.394905468419,994,1715,1355
4483.129423689417,4483.004423689417,4483.254423689417,1096,507,802
4480.905737741831,4480.655737741831,4481.155737741831,1605,1266,1436
4483.2335209554285,4483.1085209554285,4483.3585209554285,1774,2089,1932
4485.228160805309,4484.978160805309,4485.478160805309,1378,785,1082
4485.1689131527,4485.0439131527,4485.2939131527,1625,2220,1923
4486.9858606273065,4486.8608606273065,4487.1108606273065,1379,968,1174
4486.871632762604,4486.746632762604,4486.996632762604,428,1207,818
4487.454150024111,4487.329150024111,4487.579150024111,1232,1431,1332
4485.3840024850215,4485.2590024850215,4485.5090024850215,1962,973,1468
4483.350852941911,4483.100852941911,4483.600852941911,1321,2480,1901
4483.638149138643,4483.513149138643,4483.763149138643,1035,1440,1238
4480.6669085763615,4480.5419085763615,4480.7919085763615,1337,2070,1704
4481.758889461073,4481.633889461073,4481.883889461073,1344,919,1132
4483.155076019324,4483.030076019324,4483.280076019324,1103,1750,1427
4478.114501646658,4477.989501646658,4478.239501646658,1114,2621,1868
4477.574973336648,4477.324973336648,4477.824973336648,2130,1385,1758
4479.630350344921,4479.505350344921,4479.755350344921,932,1611,1272
4476.979042628266,4476.729042628266,4477.229042628266,1972,987,1480
4477.74086005954,4477.49086005954,4477.99086005954,938,1781,1360
4475.868417965469,4475.743417965469,4475.993417965469,745,1424,1085
4473.08432559744,4472.95932559744,4473.20932559744,1318,1199,1259
4473.731623650144,4473.606623650144,4473.856623650144,1504,2123,1814
4470.645154441092,4470.520154441092,4470.770154441092,1788,1747,1768
4468.909606979075,4468.784606979075,4469.034606979075,1354,1861,1608
4466.582929258828,4466.457929258828,4466.707929258828,1264,2583,1924
4469.93338226173,4469.68338226173,4470.18338226173,1560,647,1104
4470.1438929082005,4470.0188929082005,4470.2688929082005,1744,1245,1495
4469.311830312562,4469.061830312562,4469.561830312562,804,2241,1523
4468.896915751014,4468.771915751014,4469.021915751014,1567,524,1046
4468.109589017059,4467.859589017059,4468.359589017059,803,1742,1273
4469.373334158003,4469.248334158003,4469.498334158003,1017,798,908
4464.377062133871,4464.252062133871,4464.502062133871,2376,1563,1970
4464.91277086726,4464.66277086726,4465.16277086726,1902,1245,1574
4467.336534640326,4467.086534640326,4467.586534640326,1798,681,1240
4468.937323766167,4468.562323766167,4469.312323766167,1154,1779,1467
4468.997304430738,4468.872304430738,4469.122304430738,973,1294,1134
4470.340581273426,4470.215581273426,4470.465581273426,1134,1371,1253
4469.4191665676435,4469.2941665676435,4469.5441665676435,1280,1557,1419
4467.899919207662,4467.649919207662,4468.149919207662,1541,2050,1796
4463.882398368196,4463.632398368196,4464.132398368196,1326,1079,1203
4459.8116792699775,4459.6866792699775,4459.9366792699775,657,1708,1183
4458.094079542831,4457.719079542831,4458.469079542831,1546,743,1145
4454.007030422592,4453.882030422592,4454.132030422592,1341,2628,1985
4452.531981896142,4452.156981896142,4452.906981896142,1959,672,1316
4452.269572094316,4451.894572094316,4452.644572094316,1237,1090,1164
4453.151857390214,4452.901857390214,4453.401857390214,985,1026,1006
4451.992442178626,4451.867442178626,4452.117442178626,1777,1594,1686
4449.9800259365265,4449.8550259365265,4450.1050259365265,638,1113,876
4451.342013167829,4451.217013167829,4451.467013167829,1439,1452,1446
4448.636466607763,4448.261466607763,4449.011466607763,742,1131,937
4447.664465152031,4447.539465152031,4447.789465152031,845,1762,1304
4445.323547564542,4445.073547564542,4445.573547564542,1156,1115,1136
4447.176243518487,4447.051243518487,4447.301243518487,703,1710,1207
4447.339414516103,4447.214414516103,4447.464414516103,2059,1474,1767
4447.0178590647165,4446.7678590647165,4447.2678590647165,1722,907,1315
4446.678138093559,4446.428138093559,4446.928138093559,1506,1873,1690
4446.923414040306,4446.673414040306,4447.173414040306,1585,1306,1446
4448.584742342425,4448.459742342425,4448.709742342425,1883,1572,1728
4447.358130965802,4446.983130965802,4447.733130965802,1631,2282,1957
4445.905021981631,4445.780021981631,4446.030021981631,715,1908,1312
4446.660341004419,4446.535341004419,4446.785341004419,1451,1458,1455
4445.096509987174,4444.971509987174,4445.221509987174,2015,1828,1922
4441.750555221184,4441.625555221184,4441.875555221184,1285,1980,1633
4444.905241071374,4444.780241071374,4445.030241071374,1621,1234,1428
4445.414490213714,4445.164490213714,4445.664490213714,1767,1760,1764
4448.130950690906,4448.005950690906,4448.255950690906,1005,928,967
4446.100983615956,4445.850983615956,4446.350983615956,1006,1459,1233
4450.15525878905,4449.90525878905,4450.40525878905,1263,1290,1277
4450.890763968914,4450.765763968914,4451.015763968914,965,2300,1633
4452.629888928881,4452.504888928881,4452.754888928881,1744,1597,1671
4453.917814021239,4453.667814021239,4454.167814021239,2381,798,1590
4451.70001251811,4451.57501251811,4451.82501251811,1301,2460,1881
4450.096482056968,4449.846482056968,4450.346482056968,667,1490,1079
4450.973193394079,4450.848193394079,4451.098193394079,902,1403,1153
4450.9514474366415,4450.7014474366415,4451.2014474366415,1904,1141,1523
4450.523433638208,4450.148433638208,4450.898433638208,1276,2679,1978
4450.4683452385425,4450.2183452385425,4450.7183452385425,1211,2584,1898
4451.22118921922,4450.97118921922,4451.47118921922,1291,1518,1405
4450.945311118225,4450.820311118225,4451.070311118225,1941,1230,1586
4448.905631805494,4448.780631805494,4449.030631805494,1439,1984,1712
4448.869084440867,4448.744084440867,4448.994084440867,770,1037,904
4450.045740804861,4449.920740804861,4450.170740804861,525,1494,1010
4446.046315741753,4445.921315741753,4446.171315741753,539,1446,993
4443.096954134111,4442.971954134111,4443.221954134111,1091,562,827
4446.135705399225,4446.010705399225,4446.260705399225,2634,1209,1922
4446.437426081115,4446.312426081115,4446.562426081115,1134,2395,1765
4448.890917335324,4448.640917335324,4449.140917335324,1296,871,1084
4450.917762129728,4450.542762129728,4451.292762129728,1292,1397,1345
4455.21302301493,4455.08802301493,4455.33802301493,2107,986,1547
4454.302049024577,4454.177049024577,4454.427049024577,918,1241,1080
4455.929891768185,4455.804891768185,4456.054891768185,1146,875,1011
4455.476505274241,4455.226505274241,4455.726505274241,843,1616,1230
4454.006463227643,4453.881463227643,4454.131463227643,1398,683,1041
4454.207919338384,4453.957919338384,4454.457919338384,1092,1417,1255
4455.861540608864,4455.736540608864,4455.986540608864,1816,917,1367
4455.246000011485,4455.121000011485,4455.371000011485,831,2396,1614
4451.157296239967,4450.907296239967,4451.407296239967,935,1954,1445
4448.515833585655,4448.390833585655,4448.640833585655,1081,2252,1667
4449.527614458173,4449.402614458173,4449.652614458173,613,1552,1083
4450.279072960013,4449.904072960013,4450.654072960013,984,1311,1148
4453.181824982845,4452.931824982845,4453.431824982845,1286,1561,1424
4452.708372355243,4452.583372355243,4452.833372355243,1332,1835,1584
4455.554098132319,4455.304098132319,4455.804098132319,2501,1446,1974
4458.9556076266,4458.5806076266,4459.3306076266,1917,772,1345
4458.891820946572,4458.766820946572,4459.016820946572,1045,1976,1511
4456.519343234586,4456.269343234586,4456.769343234586,1877,2106,1992
4457.861148512686,4457.611148512686,4458.111148512686,779,2190,1485
4454.597535554281,4454.222535554281,4454.972535554281,1268,1311,1290
4453.614934852572,4453.239934852572,4453.989934852572,1441,552,997
4454.569839971044,4454.444839971044,4454.694839971044,578,1729,1154
4458.2832552251675,4458.0332552251675,4458.5332552251675,1028,2843,1936
4460.920849012929,4460.670849012929,4461.170849012929,1469,2420,1945
4461.234324751833,4460.984324751833,4461.484324751833,1136,929,1033
4460.1890012408685,4459.9390012408685,4460.4390012408685,652,1425,1039
4461.287653293735,4461.037653293735,4461.537653293735,1389,2234,1812
4460.180856092421,4460.055856092421,4460.305856092421,2065,1470,1768
4460.487819937274,4460.237819937274,4460.737819937274,1886,1097,1492
4463.845630603754,4463.720630603754,4463.970630603754,1519,2082,1801
4465.407056148077,4465.157056148077,4465.657056148077,1305,1440,1373
4467.025487721696,4466.900487721696,4467.150487721696,1227,692,960
4468.243755222345,4468.118755222345,4468.368755222345,804,2201,1503
4464.999457498209,4464.874457498209,4465.124457498209,612,1407,1010
4463.173474183628,4462.923474183628,4463.423474183628,1299,1806,1553
4463.238403075576,4462.988403075576,4463.488403075576,1437,1850,1644
4462.407305671094,4462.032305671094,4462.782305671094,888,1545,1217
4458.074387068576,4457.949387068576,4458.199387068576,1140,857,999
4454.451723827607,4454.201723827607,4454.701723827607,1819,1398,1609
4450.601554447577,4450.476554447577,4450.726554447577,870,1949,1410
4453.369060497997,4453.244060497997,4453.494060497997,1353,894,1124
4455.605381735217,4455.480381735217,4455.730381735217,1332,919,1126
4455.381603399933,4455.256603399933,4455.506603399933,1135,1894,1515
4451.9795969047,4451.8545969047,4452.1045969047,615,1358,987
4448.945365967874,4448.695365967874,4449.195365967874,1477,2518,1998
4444.912814243782,4444.787814243782,4445.037814243782,860,2537,1699
4443.966594636327,4443.716594636327,4444.216594636327,2532,859,1696
4445.155670111283,4445.030670111283,4445.280670111283,933,1686,1310
4448.3216819702375,4448.0716819702375,4448.5716819702375,1312,533,923
4449.019045443535,4448.894045443535,4449.144045443535,2269,1604,1937
4450.833088321091,4450.708088321091,4450.958088321091,2116,1325,1721
4450.8951628913,4450.7701628913,4451.0201628913,1669,1628,1649
4449.43689016189,4449.18689016189,4449.68689016189,2030,1421,1726
4451.327240325724,4451.202240325724,4451.452240325724,1281,564,923
4452.229932624014,4452.104932624014,4452.354932624014,1412,651,1032
4453.531603529859,4453.406603529859,4453.656603529859,1553,710,1132
4454.974222571608,4454.849222571608,4455.099222571608,1166,1577,1372
4453.389517394772,4453.139517394772,4453.639517394772,2088,1521,1805
4452.987368352155,4452.737368352155,4453.237368352155,1794,979,1387
4455.633877908151,4455.383877908151,4455.883877908151,514,1171,843
4456.1767795389205,4455.9267795389205,4456.4267795389205,2505,1190,1848
4455.444727531676,4455.319727531676,4455.569727531676,1457,618,1038
4459.255634764282,4459.130634764282,4459.380634764282,2329,1498,1914
4460.150093178227,4459.775093178227,4460.525093178227,1500,995,1248
4454.998509148957,4454.623509148957,4455.373509148957,888,2081,1485
4454.610504954603,4454.235504954603,4454.985504954603,1133,2778,1956
4454.040494270583,4453.790494270583,4454.290494270583,1640,1121,1381
4452.139277028659,4452.014277028659,4452.264277028659,2474,1397,1936
4453.765785603862,4453.390785603862,4454.140785603862,1741,1016,1379
4454.236230200536,4453.986230200536,4454.486230200536,1145,1342,1244
4455.291478843067,4455.166478843067,4455.416478843067,586,1115,851
4458.547997089544,4458.297997089544,4458.797997089544,2328,1399,1864
4455.348721709773,4455.223721709773,4455.473721709773,1140,715,928
4452.679671054059,4452.429671054059,4452.929671054059,1737,1382,1560
4454.3237503401615,4454.0737503401615,4454.5737503401615,1032,2543,1788
4456.880933638769,4456.755933638769,4457.005933638769,844,1271,1058
4456.919502286096,4456.794502286096,4457.044502286096,1994,1137,1566
4456.899946571587,4456.649946571587,4457.149946571587,907,1294,1101
4458.32065675178,4458.07065675178,4458.57065675178,1746,1409,1578
4458.626715514126,4458.376715514126,4458.876715514126,1568,2359,1964
4455.69878233333,4455.57378233333,4455.82378233333,2505,1062,1784
4455.793927638862,4455.668927638862,4455.918927638862,1979,938,1459
4456.811047363762,4456.436047363762,4457.186047363762,1044,947,996
4455.758928537099,4455.633928537099,4455.883928537099,772,1819,1296
4458.82449296,4458.69949296,4458.94949296,651,1824,1238
4457.999870163722,4457.874870163722,4458.124870163722,1945,1260,1603
4453.843777972854,4453.718777972854,4453.968777972854,1936,1817,1877
4454.068641284791,4453.818641284791,4454.318641284791,730,1253,992
4455.722158164615,4455.597158164615,4455.847158164615,1297,774,1036
4456.572199656899,4456.447199656899,4456.697199656899,519,1246,883
4457.494243510372,4457.369243510372,4457.619243510372,1545,1666,1606
4457.405667914776,4457.155667914776,4457.655667914776,1818,1171,1495
4456.804178412461,4456.554178412461,4457.054178412461,1386,2573,1980
4456.686008854521,4456.311008854521,4457.061008854521,1307,1130,1219
4457.179421111308,4456.929421111308,4457.429421111308,1848,1641,1745
4459.1475164228605,4459.0225164228605,4459.2725164228605,1262,2293,1778
4459.310027710245,4459.185027710245,4459.435027710245,1175,1552,1364
4458.587338085783,4458.337338085783,4458.837338085783,1519,1314,1417
4456.995737418973,4456.870737418973,4457.120737418973,1635,2028,1832
4457.81583830045,4457.69083830045,4457.94083830045,1449,2344,1897
4459.662729467384,4459.537729467384,4459.787729467384,2231,1626,1929
4464.490764855592,4464.365764855592,4464.615764855592,1124,2079,1602
4463.918921533401,4463.668921533401,4464.168921533401,1553,1426,1490
4462.254354547496,4462.129354547496,4462.379354547496,2493,1130,1812
4465.189075324137,4465.064075324137,4465.314075324137,917,2150,1534
4462.818408852133,4462.568408852133,4463.068408852133,930,2589,1760
4459.633216769599,4459.508216769599,4459.758216769599,2584,1355,1970
4460.884218002876,4460.759218002876,4461.009218002876,1717,1148,1433
4463.650921397337,4463.525921397337,4463.775921397337,1092,2539,1816
4463.18795432,4463.06295432,4463.31295432,655,1742,1199
4463.546066496101,4463.421066496101,4463.671066496101,1784,1141,1463
4461.478616565025,4461.353616565025,4461.603616565025,1272,2415,1844
4460.372890468142,4460.247890468142,4460.497890468142,1009,1348,1179
4461.381632654383,4461.256632654383,4461.506632654383,974,1283,1129
4458.097250360938,4457.972250360938,4458.222250360938,938,1061,1000
4459.559996438348,4459.434996438348,4459.684996438348,1042,1979,1511
4459.645550390653,4459.270550390653,4460.020550390653,2882,1001,1942
4459.217167979649,4459.092167979649,4459.342167979649,1778,1889,1834
4456.652615982783,4456.277615982783,4457.027615982783,2512,1243,1878
4456.744171542469,4456.619171542469,4456.869171542469,1593,628,1111
4456.826356013056,4456.576356013056,4457.076356013056,1450,1593,1522
4456.965553244792,4456.840553244792,4457.090553244792,1857,1062,1460
4459.401994725055,4459.276994725055,4459.526994725055,2597,956,1777
4459.1798204797315,4458.9298204797315,4459.4298204797315,2721,1194,1958
4457.637068230024,4457.512068230024,4457.762068230024,1448,753,1101
4455.0644588210025,4454.8144588210025,4455.3144588210025,829,1098,964
4454.070770298104,4453.945770298104,4454.195770298104,976,2369,1673
4453.952212049406,4453.702212049406,4454.202212049406,1298,1823,1561
4454.667902311212,4454.542902311212,4454.792902311212,1497,748,1123
4455.735650327012,4455.485650327012,4455.985650327012,1106,831,969
4456.871013083307,4456.621013083307,4457.121013083307,1086,1571,1329
4456.319847604204,4456.194847604204,4456.444847604204,1510,1299,1405
4455.305552867768,4454.930552867768,4455.680552867768,1182,1467,1325
4452.766703701477,4452.516703701477,4453.016703701477,463,1180,822
4454.600305180059,4454.350305180059,4454.850305180059,1307,2498,1903
4453.848163711359,4453.598163711359,4454.098163711359,649,1704,1177
4454.40380623808,4454.27880623808,4454.52880623808,1844,647,1246
4455.646647523162,4455.521647523162,4455.771647523162,957,1542,1250
4457.599436256445,4457.474436256445,4457.724436256445,836,1367,1102
4457.581115802424,4457.456115802424,4457.706115802424,1494,533,1014
4457.545926811274,4457.295926811274,4457.795926811274,1973,1388,1681
4455.758984475077,4455.508984475077,4456.008984475077,773,2206,1490
4457.262486805454,4457.137486805454,4457.387486805454,1990,1653,1822
4459.368372774557,4459.243372774557,4459.493372774557,1156,1027,1092
4460.021764770575,4459.771764770575,4460.271764770575,1033,2804,1919
4456.375375384013,4456.250375384013,4456.500375384013,909,1618,1264
4457.982617591488,4457.857617591488,4458.107617591488,2021,706,1364
4456.48923296951,4456.11423296951,4456.86423296951,876,1683,1280
4456.326752379917,4456.201752379917,4456.451752379917,1239,2506,1873
4455.78244840799,4455.53244840799,4456.03244840799,1613,1174,1394
4453.687164551164,4453.562164551164,4453.812164551164,1207,2040,1624
4453.474495341338,4453.224495341338,4453.724495341338,726,1875,1301
4450.977590256954,4450.727590256954,4451.227590256954,1651,1754,1703
4450.809371875351,4450.684371875351,4450.934371875351,1978,1191,1585
4449.7838104942,4449.6588104942,4449.9088104942,677,1082,880
4449.538111993972,4449.288111993972,4449.788111993972,689,1194,942
4449.14905580236,4448.89905580236,4449.39905580236,2145,1048,1597
4447.222495310122,4447.097495310122,4447.347495310122,2716,1279,1998
4446.176376354571,4446.051376354571,4446.301376354571,1813,1190,1502
4445.380263514683,4445.255263514683,4445.505263514683,1353,1812,1583
4443.261045123531,4443.136045123531,4443.386045123531,1599,1848,1724
4444.098311983676,4443.973311983676,4444.223311983676,853,1084,969
4443.370744129848,4443.120744129848,4443.620744129848,1263,1288,1276
4441.576610034803,4441.451610034803,4441.701610034803,572,1687,1130
4437.250650602191,4437.125650602191,4437.375650602191,1785,1152,1469
4436.583630809982,4436.458630809982,4436.708630809982,1431,576,1004
4437.139139627205,4436.889139627205,4437.389139627205,757,2036,1397
4438.228033544652,4438.103033544652,4438.353033544652,1012,1315,1164
4436.212756688523,4435.962756688523,4436.462756688523,1394,593,994
4437.012549552635,4436.887549552635,4437.137549552635,1708,925,1317
4437.041644903989,4436.916644903989,4437.166644903989,1938,929,1434
4436.1934018343245,4436.0684018343245,4436.3184018343245,2397,1088,1743
4437.8603075946085,4437.6103075946085,4438.1103075946085,797,1456,1127
4438.054971980659,4437.679971980659,4438.429971980659,1071,2250,1661
4438.6666052544415,4438.5416052544415,4438.7916052544415,2101,772,1437
4437.381028490079,4437.256028490079,4437.506028490079,2514,1349,1932
4436.19711131284,4435.94711131284,4436.44711131284,827,1954,1391
4437.896325327428,4437.771325327428,4438.021325327428,676,1723,1200
4436.61127161361,4436.36127161361,4436.86127161361,610,1661,1136
4436.384635695096,4436.259635695096,4436.509635695096,439,1212,826
4435.937264184949,4435.687264184949,4436.187264184949,833,1060,947
4435.696500722559,4435.571500722559,4435.821500722559,1712,1459,1586
4438.460935746111,4438.335935746111,4438.585935746111,2899,986,1943
4441.300808570429,4441.175808570429,4441.425808570429,866,1021,944
4441.636797265829,4441.511797265829,4441.761797265829,434,1249,842
4443.442644928405,4443.192644928405,4443.692644928405,723,2060,1392
4445.647991138077,4445.522991138077,4445.772991138077,896,2611,1754
4440.681281517457,4440.556281517457,4440.806281517457,1527,1112,1320
4438.458386669948,4438.333386669948,4438.583386669948,1360,1073,1217
4438.918079460772,4438.793079460772,4439.043079460772,1332,609,971
4440.125250987032,4439.875250987032,4440.375250987032,1542,1757,1650
4438.9769413255835,4438.8519413255835,4439.1019413255835,740,1767,1254
4434.445193941857,4434.320193941857,4434.570193941857,1205,1674,1440
4430.418111872066,4430.293111872066,4430.543111872066,1196,2341,1769
4430.825631274667,4430.700631274667,4430.950631274667,2249,1702,1976
4426.0975337026175,4425.9725337026175,4426.2225337026175,1068,2049,1559
4425.878105998572,4425.628105998572,4426.128105998572,1233,1120,1177
4427.904070449629,4427.529070449629,4428.279070449629,1365,1700,1533
4430.163263107174,4430.038263107174,4430.288263107174,1553,1534,1544
4431.417167262398,4431.292167262398,4431.542167262398,1183,752,968
4430.061585054616,4429.936585054616,4430.186585054616,1761,1292,1527
4429.726636810777,4429.601636810777,4429.851636810777,895,1884,1390
4431.934998623172,4431.809998623172,4432.059998623172,1153,1074,1114
4434.247727538011,4433.997727538011,4434.497727538011,1598,791,1195
4432.275978160417,4432.150978160417,4432.400978160417,1728,1709,1719
4430.359408861496,4430.234408861496,4430.484408861496,2276,1121,1699
4432.2028481388425,4432.0778481388425,4432.3278481388425,1476,823,1150
4433.768839829923,4433.643839829923,4433.893839829923,1207,1842,1525
4433.728502232552,4433.603502232552,4433.853502232552,1146,461,804
4434.565079073249,4434.440079073249,4434.690079073249,2185,1024,1605
4434.148183575821,4434.023183575821,4434.273183575821,1125,916,1021
4436.297164037626,4436.172164037626,4436.422164037626,1465,750,1108
4432.610646422467,4432.235646422467,4432.985646422467,1251,2268,1760
4431.930211768242,4431.805211768242,4432.055211768242,1355,680,1018
4430.7640946285455,4430.6390946285455,4430.8890946285455,1135,782,959
4432.012905758613,4431.887905758613,4432.137905758613,1321,1246,1284
4430.864214547378,4430.614214547378,4431.114214547378,2414,1237,1826
4428.713193651014,4428.463193651014,4428.963193651014,1965,972,1469
4430.506964504459,4430.381964504459,4430.631964504459,1610,685,1148
4435.447891022436,4435.197891022436,4435.697891022436,1495,920,1208
4436.960362273337,4436.710362273337,4437.210362273337,1324,1573,1449
4434.501617884658,4434.251617884658,4434.751617884658,2012,753,1383
4432.629748862147,4432.254748862147,4433.004748862147,1547,592,1070
4434.393781532457,4434.268781532457,4434.518781532457,551,1596,1074
4434.272204860392,4434.147204860392,4434.397204860392,955,1470,1213
4432.124083479298,4431.999083479298,4432.249083479298,487,1412,950
4432.648962384942,4432.523962384942,4432.773962384942,2197,1760,1979
4435.409326815267,4435.284326815267,4435.534326815267,1197,1360,1279
4435.626430408836,4435.251430408836,4436.001430408836,898,745,822
4433.684262542953,4433.434262542953,4433.934262542953,1179,744,962
4431.6718824399995,4431.4218824399995,4431.9218824399995,1707,750,1229
4431.754837567479,4431.504837567479,4432.004837567479,1301,1318,1310
4429.705458977603,4429.455458977603,4429.955458977603,2678,1029,1854
4428.399869664801,4428.274869664801,4428.524869664801,527,1306,917
4426.116733712486,4425.991733712486,4426.241733712486,1392,807,1100
4422.739310625696,4422.614310625696,4422.864310625696,1390,2589,1990
4422.539911742257,4422.289911742257,4422.789911742257,999,660,830
4427.582281455246,4427.457281455246,4427.707281455246,1226,967,1097
4428.215475808913,4428.090475808913,4428.340475808913,1632,1549,1591
4428.517646323381,4428.267646323381,4428.767646323381,1537,2390,1964
4429.93055953551,4429.68055953551,4430.18055953551,1178,1681,1430
4426.378286194892,4426.253286194892,4426.503286194892,974,1763,1369
4425.973237293794,4425.723237293794,4426.223237293794,938,1401,1170
4425.4715648239535,4425.2215648239535,4425.7215648239535,1331,1570,1451
4423.924599038142,4423.799599038142,4424.049599038142,891,2296,1594
4425.957419791246,4425.832419791246,4426.082419791246,2431,1234,1833
4422.965126211465,4422.715126211465,4423.215126211465,1794,1173,1484
4422.09233248478,4421.84233248478,4422.34233248478,1239,1220,1230
4422.876980802504,4422.751980802504,4423.001980802504,1914,1733,1824
4425.465572212282,4425.215572212282,4425.715572212282,2415,1384,1900
4423.113631930917,4422.863631930917,4423.363631930917,1540,1863,1702
4424.7345133804765,4424.4845133804765,4424.9845133804765,1535,1110,1323
4422.421543415647,4422.296543415647,4422.546543415647,657,1630,1144
4422.657188574602,4422.282188574602,4423.032188574602,1137,504,821
4421.408318268761,4421.158318268761,4421.658318268761,1683,1630,1657
4420.842481488125,4420.717481488125,4420.967481488125,971,1722,1347
4417.867798080217,4417.742798080217,4417.992798080217,849,1282,1066
4420.634220961375,4420.384220961375,4420.884220961375,1199,2104,1652
4421.999992240939,4421.874992240939,4422.124992240939,856,2255,1556
4423.285982327392,4423.160982327392,4423.410982327392,1442,1467,1455
4425.228528936559,4424.853528936559,4425.603528936559,1168,875,1022
4426.0000229568195,4425.8750229568195,4426.1250229568195,839,1506,1173
4423.733267263046,4423.483267263046,4423.983267263046,1329,788,1059
4422.355730053784,4422.230730053784,4422.480730053784,717,1790,1254
4422.703058841002,4422.453058841002,4422.953058841002,1141,1782,1462
4421.507177495515,4421.382177495515,4421.632177495515,2248,1595,1922
4422.995490251766,4422.870490251766,4423.120490251766,640,1119,880
4421.915017061781,4421.665017061781,4422.165017061781,1809,710,1260
4419.798413044867,4419.673413044867,4419.923413044867,2833,1060,1947
4420.514652192354,4420.389652192354,4420.639652192354,2259,902,1581
4422.299902870056,4422.049902870056,4422.549902870056,2238,1073,1656
4421.401356680608,4421.276356680608,4421.526356680608,1497,1154,1326
4422.074602852511,4421.949602852511,4422.199602852511,2323,1588,1956
4419.558001453582,4419.433001453582,4419.683001453582,2259,990,1625
4418.194159347956,4418.069159347956,4418.319159347956,1900,1173,1537
4420.591174457874,4420.466174457874,4420.716174457874,628,1005,817
4420.727563939876,4420.352563939876,4421.102563939876,1754,607,1181
4418.444490404856,4418.194490404856,4418.694490404856,1469,784,1127
4420.552466444327,4420.177466444327,4420.927466444327,1136,2115,1626
4421.565513222784,4421.315513222784,4421.815513222784,1245,664,955
4420.284771107726,4420.034771107726,4420.534771107726,1338,1691,1515
4422.141258601739,4422.016258601739,4422.266258601739,2017,772,1395
4422.058796707763,4421.933796707763,4422.183796707763,1150,1859,1505
4422.918209714671,4422.543209714671,4423.293209714671,1188,2751,1970
4424.825821293191,4424.700821293191,4424.950821293191,554,1383,969
4425.067835639151,4424.692835639151,4425.442835639151,838,2043,1441
4426.272928388123,4426.147928388123,4426.397928388123,1438,523,981
4425.174324521048,4425.049324521048,4425.299324521048,1409,824,1117
4427.102253671356,4426.977253671356,4427.227253671356,1511,2472,1992
4426.3104296848815,4426.0604296848815,4426.5604296848815,1904,897,1401
4425.575433875311,4425.325433875311,4425.825433875311,1148,1063,1106
4424.854836155196,4424.479836155196,4425.229836155196,1122,913,1018
4424.716495454859,4424.591495454859,4424.841495454859,1514,1031,1273
4424.503320835439,4424.253320835439,4424.753320835439,998,2917,1958
4422.831149142101,4422.706149142101,4422.956149142101,902,1367,1135
4421.514705606791,4421.264705606791,4421.764705606791,1297,2446,1872
4420.930591886728,4420.680591886728,4421.180591886728,2080,1491,1786
4419.409967550679,4419.284967550679,4419.534967550679,1338,1349,1344
4420.776034653237,4420.651034653237,4420.901034653237,1060,1177,1119
4421.200234444736,4421.075234444736,4421.325234444736,651,1024,838
4419.054083438629,4418.929083438629,4419.179083438629,2725,1182,1954
4421.4816033544585,4421.2316033544585,4421.7316033544585,563,1680,1122
4419.695206792754,4419.570206792754,4419.820206792754,1635,1248,1442
4420.188419099004,4420.063419099004,4420.313419099004,663,1662,1163
4419.9290601957355,4419.8040601957355,4420.0540601957355,797,1550,1174
4423.061054722446,4422.936054722446,4423.186054722446,1002,1139,1071
4422.549964839866,4422.174964839866,4422.924964839866,580,1385,983
4420.422845026427,4420.297845026427,4420.547845026427,1624,1815,1720
4422.091666018791,4421.841666018791,4422.341666018791,1418,2155,1787
4416.563305782314,4416.313305782314,4416.813305782314,1329,1420,1375
4415.035913322658,4414.910913322658,4415.160913322658,1472,1323,1398
4409.965126998257,4409.840126998257,4410.090126998257,2366,1241,1804
4417.478697580723,4417.353697580723,4417.603697580723,2496,887,1692
4435.015194970902,4434.890194970902,4435.140194970902,1406,2197,1802
4431.040272949118,4430.915272949118,4431.165272949118,1586,909,1248
4427.867889145784,4427.742889145784,4427.992889145784,1238,1327,1283
4438.4633127823845,4438.3383127823845,4438.5883127823845,1300,2029,1665
4443.411046108699,4443.286046108699,4443.536046108699,1505,862,1184
4445.244295241157,4445.119295241157,4445.369295241157,1097,1448,1273
4448.594146048342,4448.469146048342,4448.719146048342,986,2743,1865
4445.630524665029,4445.505524665029,4445.755524665029,523,1156,840
4449.519210037208,4449.394210037208,4449.644210037208,1283,1856,1570
4451.383295550587,4451.133295550587,4451.633295550587,742,993,868
4449.989229463739,4449.864229463739,4450.114229463739,1136,1195,1166
4447.215953250292,4446.965953250292,4447.465953250292,949,1436,1193
4448.33465575775,4448.08465575775,4448.58465575775,2052,1641,1847
4448.658673063634,4448.533673063634,4448.783673063634,2353,834,1594
4455.781888757599,4455.656888757599,4455.906888757599,843,1612,1228
4466.620601473116,4466.495601473116,4466.745601473116,1465,2270,1868
4468.145149172064,4467.770149172064,4468.520149172064,1261,1666,1464
4469.940772944372,4469.815772944372,4470.065772944372,1166,1511,1339
4464.396775014959,4464.271775014959,4464.521775014959,1355,2508,1932
4465.577164057834,4465.452164057834,4465.702164057834,1231,990,1111
4463.159442848618,4463.034442848618,4463.284442848618,1409,1710,1560
4464.31637341261,4464.19137341261,4464.44137341261,2002,1949,1976
4459.923133942044,4459.673133942044,4460.173133942044,2251,1542,1897
4465.5417422771925,4465.4167422771925,4465.6667422771925,1449,1580,1515
4463.154568910706,4462.779568910706,4463.529568910706,1873,638,1256
4469.649915628031,4469.524915628031,4469.774915628031,651,1446,1049
4466.267850523654,4466.142850523654,4466.392850523654,1092,1183,1138
4465.126580684739,4465.001580684739,4465.251580684739,1238,723,981
4461.515811930116,4461.390811930116,4461.640811930116,1321,2500,1911
4455.119659458561,4454.994659458561,4455.244659458561,2058,1761,1910
4454.800841186136,4454.675841186136,4454.925841186136,935,1758,1347
4449.560602622405,4449.435602622405,4449.685602622405,1217,768,993
4453.229224366403,4452.979224366403,4453.479224366403,1367,1632,1500
4456.213805207445,4456.088805207445,4456.338805207445,914,709,812
4459.0393574590835,4458.7893574590835,4459.2893574590835,1034,1953,1494
4458.602619163692,4458.352619163692,4458.852619163692,723,1062,893
4460.807560243137,4460.432560243137,4461.182560243137,611,1686,1149
4453.0228747132405,4452.8978747132405,4453.1478747132405,1642,987,1315
4452.726865100737,4452.476865100737,4452.976865100737,686,1283,985
4458.290903351999,4457.915903351999,4458.665903351999,1404,1019,1212
4463.344036468958,4463.094036468958,4463.594036468958,902,807,855
4458.563985743111,4458.438985743111,4458.688985743111,1580,817,1199
4454.210073695074,4454.085073695074,4454.335073695074,1259,650,955
4454.76849483416,4454.64349483416,4454.89349483416,1104,595,850
4452.667120887389,4452.417120887389,4452.917120887389,1767,1148,1458
4462.81174876162,4462.68674876162,4462.93674876162,1372,1405,1389
4456.926800244304,4456.801800244304,4457.051800244304,1561,1970,1766
4454.936871670848,4454.811871670848,4455.061871670848,800,1161,981
4450.650181784499,4450.275181784499,4451.025181784499,1803,1524,1664
4450.712784322369,4450.587784322369,4450.837784322369,919,1404,1162
4445.579583358596,4445.454583358596,4445.704583358596,1367,2228,1798
4442.43823800529,4442.18823800529,4442.68823800529,989,640,815
4442.14791855709,4442.02291855709,4442.27291855709,2199,1424,1812
4449.520504139124,4449.145504139124,4449.895504139124,797,1864,1331
4452.275458979482,4452.025458979482,4452.525458979482,684,1267,976
4448.290177198024,4447.915177198024,4448.665177198024,1591,1518,1555
4446.880784866787,4446.630784866787,4447.130784866787,1593,2218,1906
4451.294749078986,4451.044749078986,4451.544749078986,1458,973,1216
4445.777876164875,4445.652876164875,4445.902876164875,1045,2366,1706
4451.162883922346,4451.037883922346,4451.287883922346,1228,1297,1263
4452.7062872648985,4452.4562872648985,4452.9562872648985,2208,1321,1765
4451.545790356602,4451.295790356602,4451.795790356602,2679,1172,1926
4463.028124112248,4462.778124112248,4463.278124112248,942,1021,982
4461.24237809364,4461.11737809364,4461.36737809364,996,1581,1289
4468.206533714545,4468.081533714545,4468.331533714545,768,885,827
4467.953829028912,4467.828829028912,4468.078829028912,801,1010,906
4478.658914573677,4478.533914573677,4478.783914573677,1123,2642,1883
4484.068177341768,4483.943177341768,4484.193177341768,1064,1539,1302
4487.08806167083,4486.96306167083,4487.21306167083,555,1326,941
4492.564013171169,4492.314013171169,4492.814013171169,1271,2262,1767
4492.259981749627,4492.134981749627,4492.384981749627,838,1599,1219
4493.168312854186,4493.043312854186,4493.293312854186,1193,972,1083
4490.474431594897,4490.349431594897,4490.599431594897,1465,2190,1828
4486.110296663949,4485.860296663949,4486.360296663949,1836,1009,1423
4490.509697240868,4490.134697240868,4490.884697240868,1783,1288,1536
4484.18453643168,4484.05953643168,4484.30953643168,1943,1970,1957
4485.86129128343,4485.73629128343,4485.98629128343,1081,1366,1224
4494.1878963928175,4494.0628963928175,4494.3128963928175,1045,2056,1551
4498.802551041046,4498.552551041046,4499.052551041046,2438,1091,1765
4502.915312094799,4502.790312094799,4503.040312094799,874,1433,1154
4507.067158559205,4506.942158559205,4507.192158559205,1702,1601,1652
4504.719862072101,4504.594862072101,4504.844862072101,1402,2099,1751
4506.768071171757,4506.643071171757,4506.893071171757,1291,454,873
4506.140342067238,4506.015342067238,4506.265342067238,2191,1714,1953
4504.341821747387,4504.216821747387,4504.466821747387,679,1836,1258
4507.262996274655,4507.137996274655,4507.387996274655,583,1408,996
4502.866440656777,4502.741440656777,4502.991440656777,1669,738,1204
4505.253048126134,4504.878048126134,4505.628048126134,574,1707,1141
4502.175321932177,4501.925321932177,4502.425321932177,1174,1235,1205
4505.662762305287,4505.537762305287,4505.787762305287,2381,1556,1969
4499.580658209814,4499.455658209814,4499.705658209814,943,1038,991
4495.663053281298,4495.538053281298,4495.788053281298,869,810,840
4497.422653865113,4497.047653865113,4497.797653865113,1009,792,901
4500.806214058776,4500.681214058776,4500.931214058776,1250,1949,1600
4503.273948479443,4503.148948479443,4503.398948479443,1846,1619,1733
4504.468228527984,4504.218228527984,4504.718228527984,1837,1610,1724
4501.348245944627,4501.223245944627,4501.473245944627,1069,906,988
4507.385880005106,4507.135880005106,4507.635880005106,1730,2077,1904
4504.309889912985,4504.059889912985,4504.559889912985,1648,1921,1785
4506.42625365111,4506.17625365111,4506.67625365111,2919,1062,1991
4504.60345920823,4504.47845920823,4504.72845920823,967,2712,1840
4499.841655930874,4499.716655930874,4499.966655930874,992,989,991
4497.24912583729,4496.99912583729,4497.49912583729,1373,482,928
4506.894128026088,4506.769128026088,4507.019128026088,1188,1029,1109
4503.488720507442,4503.363720507442,4503.613720507442,1126,723,925
4506.872332385171,4506.622332385171,4507.122332385171,2015,1824,1920
4513.954492072386,4513.829492072386,4514.079492072386,2076,1691,1884
4516.712041984038,4516.587041984038,4516.837041984038,689,968,829
4514.761952518848,4514.511952518848,4515.011952518848,1195,2204,1700
4515.425040285431,4515.300040285431,4515.550040285431,1377,1404,1391
4519.245668907626,4519.120668907626,4519.370668907626,2039,1646,1843
4522.616136331018,4522.491136331018,4522.741136331018,1493,1072,1283
4526.95698035775,4526.83198035775,4527.08198035775,1396,609,1003
4523.30751998271,4523.18251998271,4523.43251998271,595,1530,1063
4516.598036157933,4516.473036157933,4516.723036157933,1779,1390,1585
4525.939734867401,4525.814734867401,4526.064734867401,2457,1248,1853
4521.477042849008,4521.352042849008,4521.602042849008,1140,2119,1630
4511.948208318408,4511.823208318408,4512.073208318408,1023,2956,1990
4505.964862326118,4505.839862326118,4506.089862326118,922,2527,1725
4511.624171062964,4511.499171062964,4511.749171062964,1181,1098,1140
4516.156336378035,4516.031336378035,4516.281336378035,847,908,878
4509.490691094805,4509.365691094805,4509.615691094805,1626,583,1105
4513.866875953782,4513.741875953782,4513.991875953782,636,1751,1194
4512.807676916332,4512.432676916332,4513.182676916332,1765,2204,1985
4505.173558251777,4505.048558251777,4505.298558251777,1250,2369,1810
4508.418047279468,4508.168047279468,4508.668047279468,1881,1234,1558
4513.185847047611,4512.935847047611,4513.435847047611,1811,2018,1915
4512.074299524473,4511.824299524473,4512.324299524473,1983,1082,1533
4509.3406288015085,4509.0906288015085,4509.5906288015085,1330,527,929
4508.573660637525,4508.448660637525,4508.698660637525,1064,1953,1509
4509.015729119198,4508.765729119198,4509.265729119198,1582,597,1090
4511.969626207392,4511.844626207392,4512.094626207392,1046,1279,1163
4506.413427375527,4506.163427375527,4506.663427375527,1354,2169,1762
4505.291038802124,4505.166038802124,4505.416038802124,778,1165,972
4506.5470828098305,4506.4220828098305,4506.6720828098305,1173,718,946
4517.1774501796535,4516.8024501796535,4517.5524501796535,2039,1328,1684
4524.009454676697,4523.884454676697,4524.134454676697,1152,2057,1605
4528.592115136333,4528.342115136333,4528.842115136333,2426,911,1669
4536.187999948732,4536.062999948732,4536.312999948732,2054,1925,1990
4536.189063270174,4535.939063270174,4536.439063270174,1430,1359,1395
4538.36878850921,4538.11878850921,4538.61878850921,2566,997,1782
4542.439958641906,4542.314958641906,4542.564958641906,1759,1256,1508
4540.057503505693,4539.682503505693,4540.432503505693,890,1133,1012
4540.732896926573,4540.482896926573,4540.982896926573,851,1276,1064
4536.480005487133,4536.230005487133,4536.730005487133,1330,2043,1687
4550.753721989538,4550.503721989538,4551.003721989538,1045,1180,1113
4546.639933331949,4546.514933331949,4546.764933331949,1961,950,1456
4537.692745113944,4537.567745113944,4537.817745113944,826,795,811
4534.747124955281,4534.622124955281,4534.872124955281,2458,941,1700
4525.096846676713,4524.846846676713,4525.346846676713,1336,1195,1266
4529.396216394205,4529.271216394205,4529.521216394205,804,1507,1156
4537.5372735869805,4537.2872735869805,4537.7872735869805,1263,454,859
4537.186787367161,4536.936787367161,4537.436787367161,1655,1968,1812
4531.523640179781,4531.398640179781,4531.648640179781,2385,1120,1753
4531.0656607236615,4530.6906607236615,4531.4406607236615,1235,1540,1388
4530.581980941669,4530.456980941669,4530.706980941669,1348,1059,1204
4528.442383045963,4528.317383045963,4528.567383045963,1198,1493,1346
4527.6679953045295,4527.5429953045295,4527.7929953045295,1763,1048,1406
4532.489606409411,4532.364606409411,4532.614606409411,1890,1433,1662
4530.458337242082,4530.333337242082,4530.583337242082,738,2031,1385
4529.941399467643,4529.816399467643,4530.066399467643,1165,644,905
4530.124114378417,4529.749114378417,4530.499114378417,1120,603,862
4528.361005667673,4528.236005667673,4528.486005667673,1775,944,1360
4527.597283985729,4527.472283985729,4527.722283985729,562,1277,920
4516.748066004616,4516.623066004616,4516.873066004616,743,1794,1269
4513.686404642911,4513.561404642911,4513.811404642911,1581,1382,1482
4515.173014872612,4515.048014872612,4515.298014872612,1348,747,1048
4515.205994748226,4515.080994748226,4515.330994748226,1322,1001,1162
4516.210309630597,4516.085309630597,4516.335309630597,2397,1368,1883
4508.846012676519,4508.721012676519,4508.971012676519,2124,1735,1930
4518.791558831235,4518.541558831235,4519.041558831235,1095,1096,1096
4519.2371130908095,4518.9871130908095,4519.4871130908095,885,1430,1158
4518.731994974248,4518.606994974248,4518.856994974248,948,2779,1864
4513.0677241646445,4512.9427241646445,4513.1927241646445,1286,739,1013
4509.763937944675,4509.638937944675,4509.888937944675,1244,2591,1918
4516.98948093082,4516.86448093082,4517.11448093082,1543,1702,1623
4517.983280739778,4517.858280739778,4518.108280739778,611,1350,981
4517.923266266968,4517.673266266968,4518.173266266968,884,1937,1411
4519.577215820138,4519.452215820138,4519.702215820138,1270,487,879
4523.497643433437,4523.372643433437,4523.622643433437,2668,1127,1898
4519.314080778495,4519.189080778495,4519.439080778495,1460,2495,1978
4521.056459576959,4520.931459576959,4521.181459576959,2391,1432,1912
4528.832807850493,4528.457807850493,4529.207807850493,1072,2461,1767
4527.873056236496,4527.748056236496,4527.998056236496,1219,1182,1201
4529.247100709981,4529.122100709981,4529.372100709981,1213,560,887
4530.111870363857,4529.986870363857,4530.236870363857,1469,2394,1932
4527.197373277326,4526.947373277326,4527.447373277326,1282,613,948
4530.034435897494,4529.909435897494,4530.159435897494,1373,2042,1708
4533.7127502015765,4533.5877502015765,4533.8377502015765,1224,699,962
4531.009939576395,4530.884939576395,4531.134939576395,2158,1409,1784
4539.0804260445875,4538.8304260445875,4539.3304260445875,1819,1830,1825
4541.355289978706,4541.230289978706,4541.480289978706,1621,2024,1823
4540.334545103488,4540.209545103488,4540.459545103488,1274,665,970
4535.1119353384975,4534.8619353384975,4535.3619353384975,1675,710,1193
4541.849783816102,4541.599783816102,4542.099783816102,1683,1114,1399
4550.388963638709,4550.263963638709,4550.513963638709,867,1534,1201
4551.717282641572,4551.467282641572,4551.967282641572,1212,1391,1302
4555.640132665058,4555.515132665058,4555.765132665058,1543,1724,1634
4557.957302325184,4557.832302325184,4558.082302325184,1216,1253,1235
4559.476917599466,4559.351917599466,4559.601917599466,1238,555,897
4560.084467630139,4559.959467630139,4560.209467630139,1714,1033,1374
4558.8392578996645,4558.5892578996645,4559.0892578996645,900,1813,1357
4561.588907117488,4561.463907117488,4561.713907117488,731,1596,1164
4560.364043126769,4560.114043126769,4560.614043126769,1463,982,1223
4559.944943031245,4559.694943031245,4560.194943031245,528,1149,839
4560.542854923242,4560.292854923242,4560.792854923242,1403,972,1188
4560.3809188987125,4560.2559188987125,4560.5059188987125,2401,1526,1964
4558.961574032751,4558.836574032751,4559.086574032751,1144,1779,1462
4557.735930969892,4557.610930969892,4557.860930969892,655,1878,1267
4560.609222309695,4560.484222309695,4560.734222309695,1475,1262,1369
4563.873906660158,4563.748906660158,4563.998906660158,1656,1843,1750
4563.9664913105335,4563.5914913105335,4564.3414913105335,1024,2517,1771
4563.2012089702175,4562.9512089702175,4563.4512089702175,664,1171,918
4560.4537554329745,4560.3287554329745,4560.5787554329745,2510,1029,1770
4558.76223828652,4558.63723828652,4558.88723828652,1100,1137,1119
4556.1645369845855,4555.9145369845855,4556.4145369845855,1840,1537,1689
4560.140715865892,4560.015715865892,4560.265715865892,1326,895,1111
4560.69461619775,4560.56961619775,4560.81961619775,557,1360,959
4561.974648999517,4561.849648999517,4562.099648999517,1042,755,899
4561.341030678927,4561.216030678927,4561.466030678927,1287,960,1124
4561.122540510263,4560.997540510263,4561.247540510263,1183,618,901
4562.059343936503,4561.934343936503,4562.184343936503,2030,813,1422
4562.184606919672,4562.059606919672,4562.309606919672,798,1967,1383
4558.3585575524385,4558.2335575524385,4558.4835575524385,984,1831,1408
4553.10103614211,4552.97603614211,4553.22603614211,1255,454,855
4552.512844434959,4552.387844434959,4552.637844434959,1240,573,907
4553.082799667324,4552.832799667324,4553.332799667324,1640,613,1127
4550.80911875008,4550.55911875008,4551.05911875008,2237,1574,1906
4546.703879659607,4546.578879659607,4546.828879659607,1372,975,1174
4545.285553114945,4545.160553114945,4545.410553114945,854,1553,1204
4548.535465180197,4548.410465180197,4548.660465180197,1340,487,914
4548.081986314068,4547.831986314068,4548.331986314068,1315,1026,1171
4548.957611760398,4548.832611760398,4549.082611760398,2464,823,1644
4550.970146813584,4550.720146813584,4551.220146813584,1613,1508,1561
4552.116464460456,4551.991464460456,4552.241464460456,1093,1330,1212
4552.741426183599,4552.491426183599,4552.991426183599,683,1428,1056
4554.905149497241,4554.780149497241,4555.030149497241,890,1571,1231
4557.664319464609,4557.289319464609,4558.039319464609,964,1027,996
4558.493975118072,4558.368975118072,4558.618975118072,862,1663,1263
4561.527244691966,4561.277244691966,4561.777244691966,1057,682,870
4563.37699401432,4563.12699401432,4563.62699401432,1236,2737,1987
4563.437853696902,4563.312853696902,4563.562853696902,1319,1142,1231
4566.713985067234,4566.338985067234,4567.088985067234,801,2386,1594
4565.528591745895,4565.278591745895,4565.778591745895,1228,1649,1439
4565.949270456781,4565.824270456781,4566.074270456781,1587,1724,1656
4566.141185323868,4566.016185323868,4566.266185323868,804,977,891
4566.646550016452,4566.521550016452,4566.771550016452,1867,1682,1775
4567.913814228481,4567.788814228481,4568.038814228481,1089,1472,1281
4566.4003505538085,4566.1503505538085,4566.6503505538085,848,767,808
4566.775230320563,4566.525230320563,4567.025230320563,2281,1286,1784
4569.788281545134,4569.663281545134,4569.913281545134,1472,1659,1566
4570.202603666675,4569.952603666675,4570.452603666675,1341,2520,1931
4568.6813240996125,4568.3063240996125,4569.0563240996125,1527,576,1052
4569.29849137718,4569.17349137718,4569.42349137718,1166,475,821
4566.600860924947,4566.225860924947,4566.975860924947,1410,1149,1280
4567.973133200215,4567.723133200215,4568.223133200215,555,1328,942
4567.6777186259615,4567.4277186259615,4567.9277186259615,1291,2694,1993
4569.778096085951,4569.653096085951,4569.903096085951,1058,1393,1226
4571.025070964723,4570.775070964723,4571.275070964723,2285,1370,1828
4568.626217381373,4568.501217381373,4568.751217381373,1288,1089,1189
4565.938037293181,4565.813037293181,4566.063037293181,2334,849,1592
4567.6263990634025,4567.3763990634025,4567.8763990634025,1724,635,1180
4567.545048603532,4567.420048603532,4567.670048603532,638,1323,981
4568.196028511892,4568.071028511892,4568.321028511892,933,1106,1020
4566.96192202447,4566.71192202447,4567.21192202447,1293,1456,1375
4566.8996352507165,4566.7746352507165,4567.0246352507165,511,1134,823
4562.913453539093,4562.788453539093,4563.038453539093,1317,1486,1402
4562.206423476928,4562.081423476928,4562.331423476928,2019,1552,1786
4561.344716234217,4561.219716234217,4561.469716234217,1239,1454,1347
4563.8575037632845,4563.6075037632845,4564.1075037632845,997,1312,1155
4565.124327616494,4564.874327616494,4565.374327616494,2039,692,1366
4565.428736289074,4565.178736289074,4565.678736289074,1085,2412,1749
4566.912989575889,4566.537989575889,4567.287989575889,1122,1085,1104
4564.468526390417,4564.093526390417,4564.843526390417,2064,743,1404
4562.674467388809,4562.549467388809,4562.799467388809,753,1254,1004
4559.640671666939,4559.515671666939,4559.765671666939,1122,1579,1351
4563.246752843743,4563.121752843743,4563.371752843743,1106,1311,1209
4564.053205823118,4563.928205823118,4564.178205823118,1072,1073,1073
4566.778024291865,4566.653024291865,4566.903024291865,2095,1684,1890
4564.007969350966,4563.882969350966,4564.132969350966,1745,1066,1406
4564.165976208203,4564.040976208203,4564.290976208203,1723,2082,1903
4562.820052239452,4562.570052239452,4563.070052239452,946,851,899
4564.418135831531,4564.293135831531,4564.543135831531,1603,876,1240
4561.880520632523,4561.755520632523,4562.005520632523,2301,1420,1861
4563.046101609173,4562.671101609173,4563.421101609173,1691,2194,1943
4560.934321029865,4560.809321029865,4561.059321029865,1028,2655,1842
4561.504868231288,4561.254868231288,4561.754868231288,1353,1262,1308
4559.813927438204,4559.563927438204,4560.063927438204,1205,802,1004
4561.260106471832,4561.010106471832,4561.510106471832,2475,910,1693
4563.798359257593,4563.423359257593,4564.173359257593,2001,1658,1830
4564.282094813262,4564.157094813262,4564.407094813262,931,986,959
4562.705550333784,4562.580550333784,4562.830550333784,1650,1481,1566
4567.306183778226,4567.181183778226,4567.431183778226,1448,591,1020
4566.012982152805,4565.762982152805,4566.262982152805,1883,710,1297
4567.9068333468185,4567.7818333468185,4568.0318333468185,1688,1653,1671
4566.365549005858,4566.240549005858,4566.490549005858,1027,796,912
4560.851998065548,4560.726998065548,4560.976998065548,1443,816,1130
4562.628955278673,4562.253955278673,4563.003955278673,1035,1056,1046
4566.106950812724,4565.981950812724,4566.231950812724,1930,1299,1615
4562.7574442414725,4562.6324442414725,4562.8824442414725,1879,1570,1725
4563.48933164591,4563.36433164591,4563.61433164591,1727,904,1316
4560.846541463082,4560.721541463082,4560.971541463082,2107,1262,1685
4558.124892257363,4557.999892257363,4558.249892257363,1274,2479,1877
4558.60458368012,4558.47958368012,4558.72958368012,1139,1124,1132
4558.482088816543,4558.357088816543,4558.607088816543,1131,2576,1854
4557.567805179272,4557.442805179272,4557.692805179272,1469,1604,1537
4556.295037795074,4556.170037795074,4556.420037795074,1183,1136,1160
4558.808847422586,4558.683847422586,4558.933847422586,887,1164,1026
4556.406247754959,4556.281247754959,4556.531247754959,1250,1031,1141
4552.92653398455,4552.80153398455,4553.05153398455,2384,1427,1906
4549.0220915194395,4548.8970915194395,4549.1470915194395,1233,764,999
4549.5362782990305,4549.2862782990305,4549.7862782990305,1152,511,832
4550.819377728059,4550.694377728059,4550.944377728059,1506,1191,1349
4554.270829737029,4554.145829737029,4554.395829737029,1588,731,1160
4549.784582338338,4549.659582338338,4549.909582338338,1180,1169,1175
4549.809095456595,4549.434095456595,4550.184095456595,978,1891,1435
4549.543536677944,4549.293536677944,4549.793536677944,1359,1130,1245
4551.971683414932,4551.846683414932,4552.096683414932,1745,1838,1792
4554.645076228121,4554.520076228121,4554.770076228121,1883,924,1404
4553.848985664927,4553.723985664927,4553.973985664927,1774,887,1331
4551.100103738986,4550.975103738986,4551.225103738986,1455,2334,1895
4552.803177134254,4552.678177134254,4552.928177134254,771,1956,1364
4552.294145195011,4552.044145195011,4552.544145195011,1332,601,967
4552.672955462646,4552.422955462646,4552.922955462646,1808,1701,1755
4554.985369794823,4554.610369794823,4555.360369794823,1157,1964,1561
4556.214565989121,4555.964565989121,4556.464565989121,1098,1367,1233
4555.74410300926,4555.36910300926,4556.11910300926,1233,1492,1363
4553.73836872041,4553.48836872041,4553.98836872041,1056,915,986
4550.33769642086,4550.21269642086,4550.46269642086,613,1628,1121
4552.6016627414865,4552.4766627414865,4552.7266627414865,1938,1517,1728
4552.804688492591,4552.554688492591,4553.054688492591,1155,850,1003
4551.881605075981,4551.631605075981,4552.131605075981,2423,1466,1945
4550.911257411963,4550.786257411963,4551.036257411963,1022,871,947
4550.058673417504,4549.933673417504,4550.183673417504,1874,771,1323
4546.466835914763,4546.341835914763,4546.591835914763,2021,1272,1647
4546.738507178863,4546.613507178863,4546.863507178863,788,1707,1248
4548.9618131743955,4548.7118131743955,4549.2118131743955,475,1354,915
4549.231751405915,4549.106751405915,4549.356751405915,973,1392,1183
4551.718613126441,4551.593613126441,4551.843613126441,2294,1101,1698
4550.017611762453,4549.892611762453,4550.142611762453,1602,1295,1449
4548.245981326018,4548.120981326018,4548.370981326018,1282,2621,1952
4550.792864750537,4550.667864750537,4550.917864750537,1216,1399,1308
4554.60079051318,4554.35079051318,4554.85079051318,2412,889,1651
4553.325043084838,4553.075043084838,4553.575043084838,1866,885,1376
4552.7675380108485,4552.6425380108485,4552.8925380108485,1260,2571,1916
4548.973843404333,4548.723843404333,4549.223843404333,2451,968,1710
4551.72445845567,4551.59945845567,4551.84945845567,1553,1480,1517
4553.930129141559,4553.680129141559,4554.180129141559,1221,2192,1707
4553.894543560861,4553.769543560861,4554.019543560861,1201,1280,1241
4551.86093322327,4551.73593322327,4551.98593322327,1805,848,1327
4556.455500105298,4556.205500105298,4556.705500105298,976,2891,1934
4557.675741515241,4557.550741515241,4557.800741515241,534,1561,1048
4556.084678571419,4555.959678571419,4556.209678571419,1852,1569,1711
4555.161109417412,4554.786109417412,4555.536109417412,1291,906,1099
4553.440169328451,4553.190169328451,4553.690169328451,800,1497,1149
4555.381847881395,4555.256847881395,4555.506847881395,1804,1253,1529
4554.116076120787,4553.866076120787,4554.366076120787,1869,1884,1877
4554.044823204111,4553.669823204111,4554.419823204111,835,2438,1637
4553.977472936156,4553.852472936156,4554.102472936156,1799,2008,1904
4555.73612082442,4555.61112082442,4555.86112082442,928,1887,1408
4554.644314166022,4554.394314166022,4554.894314166022,2604,1277,1941
4556.329130276299,4556.079130276299,4556.579130276299,1617,594,1106
4556.169384751967,4555.919384751967,4556.419384751967,851,2232,1542
4555.5743387317225,4555.3243387317225,4555.8243387317225,1714,1023,1369
4555.111895023811,4554.986895023811,4555.236895023811,1186,815,1001
4557.9453188662,4557.8203188662,4558.0703188662,1393,2102,1748
4562.641309446392,4562.516309446392,4562.766309446392,2057,1152,1605
4560.487969274088,4560.237969274088,4560.737969274088,2102,1655,1879
4562.843945695334,4562.468945695334,4563.218945695334,2003,1126,1565
4564.590938672141,4564.465938672141,4564.715938672141,2272,907,1590
4562.385130948565,4562.135130948565,4562.635130948565,608,1391,1000
4560.328243947415,4560.203243947415,4560.453243947415,2052,1077,1565
4562.388764531826,4562.138764531826,4562.638764531826,843,1396,1120
4564.981040046129,4564.856040046129,4565.106040046129,1153,2280,1717
4565.5826131211725,4565.3326131211725,4565.8326131211725,1723,1422,1573
4566.424405172244,4566.174405172244,4566.674405172244,1654,1269,1462
4565.826135220578,4565.451135220578,4566.201135220578,790,1331,1061
4569.44830451809,4569.19830451809,4569.69830451809,590,1201,896
4571.547738136224,4571.297738136224,4571.797738136224,1225,2498,1862
4573.623730019422,4573.373730019422,4573.873730019422,902,767,835
4572.48315369424,4572.35815369424,4572.60815369424,1048,1499,1274
4571.13729737904,4571.01229737904,4571.26229737904,1433,892,1163
4571.937943211852,4571.812943211852,4572.062943211852,1832,1635,1734
4567.964061122897,4567.839061122897,4568.089061122897,2482,927,1705
4568.560961638451,4568.435961638451,4568.685961638451,1400,1307,1354
4565.5813386423115,4565.3313386423115,4565.8313386423115,1252,783,1018
4565.38132604926,4565.25632604926,4565.50632604926,578,1299,939
4564.931969564014,4564.806969564014,4565.056969564014,2394,1563,1979
4563.241022021989,4563.116022021989,4563.366022021989,720,1551,1136
4559.831952329853,4559.706952329853,4559.956952329853,1083,1758,1421
4560.3527235568945,4560.2277235568945,4560.4777235568945,2107,1578,1843
4562.000922693279,4561.750922693279,4562.250922693279,1715,1678,1697
4559.306417845414,4559.056417845414,4559.556417845414,1518,857,1188
4560.9238285689635,4560.6738285689635,4561.1738285689635,843,2454,1649
4561.929321222048,4561.804321222048,4562.054321222048,1689,1454,1572
4563.308702263676,4563.183702263676,4563.433702263676,643,1140,892
4565.831815713868,4565.706815713868,4565.956815713868,1051,2084,1568
4560.10110860201,4559.97610860201,4560.22610860201,818,993,906
4564.411704140449,4564.161704140449,4564.661704140449,2232,1071,1652
4567.767482342306,4567.642482342306,4567.892482342306,1238,1417,1328
4574.755250273753,4574.505250273753,4575.005250273753,865,1338,1102
4578.765679202683,4578.640679202683,4578.890679202683,1636,1189,1413
4576.957850647267,4576.832850647267,4577.082850647267,2107,924,1516
4578.203168252505,4578.078168252505,4578.328168252505,1435,1678,1557
4573.950182009304,4573.700182009304,4574.200182009304,1770,783,1277
4575.999609698631,4575.749609698631,4576.249609698631,2072,787,1430
4574.177121297153,4573.927121297153,4574.427121297153,1582,667,1125
4576.674109381821,4576.549109381821,4576.799109381821,2092,971,1532
4574.771828207205,4574.396828207205,4575.146828207205,1373,2290,1832
4572.600150893433,4572.350150893433,4572.850150893433,1215,700,958
4568.302786729182,4568.177786729182,4568.427786729182,1100,1903,1502
4568.881475525374,4568.756475525374,4569.006475525374,1718,907,1313
4569.538957665695,4569.288957665695,4569.788957665695,1038,2169,1604
4572.066008351613,4571.816008351613,4572.316008351613,425,1220,823
4569.978108725044,4569.853108725044,4570.103108725044,1585,718,1152
4563.632063741395,4563.507063741395,4563.757063741395,820,947,884
4565.844534132643,4565.719534132643,4565.969534132643,1942,1471,1707
4567.277960888832,4567.152960888832,4567.402960888832,2172,1327,1750
4568.768571149408,4568.643571149408,4568.893571149408,1391,760,1076
4571.777563726084,4571.652563726084,4571.902563726084,1802,1931,1867
4571.733260899228,4571.483260899228,4571.983260899228,2054,1057,1556
4571.648867145395,4571.398867145395,4571.898867145395,1073,2602,1838
4573.324487750573,4573.074487750573,4573.574487750573,1721,1148,1435
4573.47877089434,4573.35377089434,4573.60377089434,1423,898,1161
4573.853362105739,4573.728362105739,4573.978362105739,1377,2484,1931
4572.90200347044,4572.52700347044,4573.27700347044,1160,2741,1951
4576.240070540035,4575.990070540035,4576.490070540035,2605,896,1751
4579.957999615378,4579.832999615378,4580.082999615378,1452,679,1066
4580.297712977768,4580.047712977768,4580.547712977768,1427,1348,1388
4578.96030892727,4578.83530892727,4579.08530892727,2082,965,1524
4576.389232265336,4576.139232265336,4576.639232265336,832,1073,953
4581.775618067517,4581.400618067517,4582.150618067517,895,1752,1324
4585.467578054568,4585.342578054568,4585.592578054568,1265,2468,1867
4580.306720014545,4580.056720014545,4580.556720014545,1505,2238,1872
4576.74195114425,4576.61695114425,4576.86695114425,1130,1039,1085
4583.092754214649,4582.967754214649,4583.217754214649,1298,773,1036
4579.154787342057,4578.779787342057,4579.529787342057,1124,689,907
4586.6394889045905,4586.3894889045905,4586.8894889045905,1552,859,1206
4590.21003477997,4590.08503477997,4590.33503477997,2347,1424,1886
4588.251591972864,4588.001591972864,4588.501591972864,960,1055,1008
4588.173856250013,4588.048856250013,4588.298856250013,763,984,874
4589.026211345191,4588.901211345191,4589.151211345191,1478,1435,1457
4594.699581524287,4594.574581524287,4594.824581524287,916,1407,1162
4597.181422428543,4596.931422428543,4597.431422428543,564,1685,1125
4597.370684900862,4597.245684900862,4597.495684900862,953,2446,1700
4595.540689854904,4595.415689854904,4595.665689854904,1268,1105,1187
4599.090699799666,4598.965699799666,4599.215699799666,2684,1257,1971
4599.2363303131215,4598.9863303131215,4599.4863303131215,869,2118,1494
4600.3632812384785,4600.1132812384785,4600.6132812384785,1092,753,923
4598.57963199763,4598.32963199763,4598.82963199763,1523,1516,1520
4601.449211752999,4601.324211752999,4601.574211752999,1239,1914,1577
4606.3811300048665,4606.2561300048665,4606.5061300048665,1525,1564,1545
4610.48569438603,4610.23569438603,4610.73569438603,991,2286,1639
4611.860741767673,4611.735741767673,4611.985741767673,871,1054,963
4619.771389016519,4619.646389016519,4619.896389016519,534,1455,995
4620.907307840646,4620.782307840646,4621.032307840646,716,1233,975
4616.677737486619,4616.302737486619,4617.052737486619,1427,2254,1841
4618.633663034891,4618.508663034891,4618.758663034891,1035,624,830
4615.407399304497,4615.282399304497,4615.532399304497,1211,1390,1301
4614.041907727775,4613.916907727775,4614.166907727775,1664,607,1136
4616.752852501517,4616.502852501517,4617.002852501517,459,1232,846
4613.959018581082,4613.834018581082,4614.084018581082,1773,958,1366
4616.698662543204,4616.573662543204,4616.823662543204,2130,1811,1971
4618.093658419037,4617.968658419037,4618.218658419037,1401,824,1113
4625.7645971216025,4625.6395971216025,4625.8895971216025,526,1425,976
4623.837099256309,4623.712099256309,4623.962099256309,1781,1738,1760
4628.324299029534,4628.199299029534,4628.449299029534,1609,1676,1643
4630.304795900686,4630.179795900686,4630.429795900686,1185,1988,1587
4631.820955654873,4631.695955654873,4631.945955654873,2602,1051,1827
4625.617511912972,4625.242511912972,4625.992511912972,1082,2047,1565
4615.452441306438,4615.077441306438,4615.827441306438,920,717,819
4615.394256952043,4615.269256952043,4615.519256952043,787,974,881
4615.432815817097,4615.307815817097,4615.557815817097,1532,1307,1420
4613.869154504675,4613.744154504675,4613.994154504675,1199,1458,1329
4615.815651814341,4615.440651814341,4616.190651814341,1425,808,1117
4616.4063235328,4616.1563235328,4616.6563235328,684,1431,1058
4616.456967480191,4616.331967480191,4616.581967480191,1398,1897,1648
4616.2115437675675,4615.9615437675675,4616.4615437675675,1296,1205,1251
4615.3615517510125,4614.9865517510125,4615.7365517510125,704,1249,977
4617.660147955566,4617.535147955566,4617.785147955566,2298,871,1585
4618.192724566391,4618.067724566391,4618.317724566391,1794,703,1249
4618.172156240893,4617.922156240893,4618.422156240893,2060,1353,1707
4623.498651893009,4623.248651893009,4623.748651893009,876,1823,1350
4628.338615731621,4627.963615731621,4628.713615731621,2151,1162,1657
4629.313027204757,4629.188027204757,4629.438027204757,1427,1452,1440
4629.988012834124,4629.738012834124,4630.238012834124,689,1440,1065
4633.342380632229,4633.092380632229,4633.592380632229,1124,2369,1747
4631.259123638258,4631.134123638258,4631.384123638258,1291,1078,1185
4627.988094958447,4627.738094958447,4628.238094958447,1551,1328,1440
4628.131431464441,4628.006431464441,4628.256431464441,856,2283,1570
4626.405078555098,4626.155078555098,4626.655078555098,1669,700,1185
4623.016200366907,4622.641200366907,4623.391200366907,1432,893,1163
4623.948202048007,4623.698202048007,4624.198202048007,1398,497,948
4621.043911042242,4620.918911042242,4621.168911042242,2028,1651,1840
4621.834838637121,4621.584838637121,4622.084838637121,2313,1584,1949
4615.33280196205,4615.08280196205,4615.58280196205,1309,2302,1806
4616.70018096147,4616.57518096147,4616.82518096147,550,1083,817
4618.025948055117,4617.900948055117,4618.150948055117,676,1175,926
4616.4913002449,4616.1163002449,4616.8663002449,1851,1368,1610
4616.73627443425,4616.61127443425,4616.86127443425,1087,1422,1255
4622.070776517776,4621.820776517776,4622.320776517776,1434,1881,1658
4622.097032303145,4621.847032303145,4622.347032303145,1545,1290,1418
4626.64409867842,4626.26909867842,4627.01909867842,2640,1295,1968
4627.551244584432,4627.426244584432,4627.676244584432,1532,1131,1332
4626.721886407375,4626.596886407375,4626.846886407375,449,1318,884
4627.142582614404,4627.017582614404,4627.267582614404,1104,1419,1262
4628.910477610711,4628.785477610711,4629.035477610711,2356,1333,1845
4628.285222593889,4628.035222593889,4628.535222593889,922,1191,1057
4626.472460624202,4626.222460624202,4626.722460624202,1927,1472,1700
4624.657391621589,4624.532391621589,4624.782391621589,1093,1352,1223
4624.913059626157,4624.788059626157,4625.038059626157,1349,924,1137
4622.640113028713,4622.515113028713,4622.765113028713,628,1177,903
4625.800832081273,4625.675832081273,4625.925832081273,759,1346,1053
4627.235135210393,4627.110135210393,4627.360135210393,742,2133,1438
4630.86599478753,4630.61599478753,4631.11599478753,1576,669,1123
4635.926513477349,4635.801513477349,4636.051513477349,964,2025,1495
4634.584310334214,4634.459310334214,4634.709310334214,1444,1919,1682
4634.626080549867,4634.376080549867,4634.876080549867,2051,1596,1824
4632.4107028325925,4632.2857028325925,4632.5357028325925,897,2138,1518
4635.070976869562,4634.820976869562,4635.320976869562,1354,593,974
4634.268014605946,4634.018014605946,4634.518014605946,1441,2528,1985
4633.231902158246,4632.981902158246,4633.481902158246,794,955,875
4628.910863763176,4628.785863763176,4629.035863763176,1305,608,957
4630.697176970815,4630.572176970815,4630.822176970815,834,1197,1016
4637.388376668703,4637.138376668703,4637.638376668703,2566,1363,1965
4641.832363471363,4641.707363471363,4641.957363471363,1330,2395,1863
4642.950783971367,4642.825783971367,4643.075783971367,770,1755,1263
4646.854380252801,4646.729380252801,4646.979380252801,633,1274,954
4649.811753996195,4649.686753996195,4649.936753996195,1148,1521,1335
4649.117223313974,4648.867223313974,4649.367223313974,677,972,825
4650.96916682332,4650.84416682332,4651.09416682332,550,1197,874
4646.815524383626,4646.690524383626,4646.940524383626,1493,1292,1393
4648.502275492171,4648.377275492171,4648.627275492171,1328,565,947
4651.198512841645,4651.073512841645,4651.323512841645,641,1302,972
4649.144464635971,4648.894464635971,4649.394464635971,1216,701,959
4649.769645159698,4649.519645159698,4650.019645159698,1487,952,1220
4644.54110808744,4644.29110808744,4644.79110808744,1227,862,1045
4644.333810523143,4644.208810523143,4644.458810523143,1070,1195,1133
4642.482010589543,4642.232010589543,4642.732010589543,2762,1113,1938
4641.993635936005,4641.868635936005,4642.118635936005,461,1146,804
4644.495369723109,4644.370369723109,4644.620369723109,881,1248,1065
4648.717769319144,4648.592769319144,4648.842769319144,873,1780,1327
4651.257161407665,4651.007161407665,4651.507161407665,1295,2574,1935
4657.633800198404,4657.508800198404,4657.758800198404,1027,728,878
4655.7577684360185,4655.6327684360185,4655.8827684360185,1262,2201,1732
4661.53320547215,4661.40820547215,4661.65820547215,714,1421,1068
4658.2122376955485,4657.9622376955485,4658.4622376955485,1355,1134,1245
4659.182902163881,4659.057902163881,4659.307902163881,1945,1140,1543
4655.541215663794,4655.416215663794,4655.666215663794,1929,958,1444
4655.681751212054,4655.556751212054,4655.806751212054,1003,720,862
4652.251344201317,4652.001344201317,4652.501344201317,1687,642,1165
4658.105904854903,4657.980904854903,4658.230904854903,2418,1119,1769
4659.599608650936,4659.474608650936,4659.724608650936,934,1537,1236
4665.073617830576,4664.948617830576,4665.198617830576,2004,825,1415
4657.968214436268,4657.718214436268,4658.218214436268,2070,937,1504
4654.137541983102,4654.012541983102,4654.262541983102,1211,2360,1786
4654.7337491280305,4654.4837491280305,4654.9837491280305,1047,1920,1484
4659.072183186705,4658.947183186705,4659.197183186705,1656,1799,1728
4659.972470116858,4659.847470116858,4660.097470116858,2006,1353,1680
4656.793382205755,4656.668382205755,4656.918382205755,1401,2078,1740
4654.501966447357,4654.251966447357,4654.751966447357,1489,1262,1376
4656.216099050142,4656.091099050142,4656.341099050142,1252,1075,1164
4655.693846427319,4655.318846427319,4656.068846427319,795,890,843
4651.307725342052,4650.932725342052,4651.682725342052,979,956,968
4644.962119846292,4644.837119846292,4645.087119846292,1811,1242,1527
4644.834114034333,4644.584114034333,4645.084114034333,2421,876,1649
4642.813799224622,4642.688799224622,4642.938799224622,2027,712,1370
4642.048599541153,4641.923599541153,4642.173599541153,1691,1342,1517
4642.7522540140835,4642.6272540140835,4642.8772540140835,2076,875,1476
4643.554651027508,4643.429651027508,4643.679651027508,1272,1601,1437
4641.332431435629,4641.207431435629,4641.457431435629,1182,1001,1092
4643.455866437,4643.330866437,4643.580866437,685,964,825
4644.278703304388,4644.153703304388,4644.403703304388,1658,621,1140
4646.974505728211,4646.849505728211,4647.099505728211,1538,2101,1820
4645.831709595773,4645.706709595773,4645.956709595773,1326,2041,1684
4645.118945550314,4644.993945550314,4645.243945550314,641,1200,921
4647.344592645665,4647.219592645665,4647.469592645665,2025,848,1437
4650.17088266988,4649.92088266988,4650.42088266988,1275,2058,1667
4650.945209446257,4650.820209446257,4651.070209446257,1417,1858,1638
4650.656211257309,4650.531211257309,4650.781211257309,720,1171,946
4660.483196729935,4660.358196729935,4660.608196729935,1190,2573,1882
4659.664890444815,4659.414890444815,4659.914890444815,1362,685,1024
4654.317155573311,4654.192155573311,4654.442155573311,2349,1526,1938
4648.862174786255,4648.737174786255,4648.987174786255,1812,1099,1456
4651.483879419553,4651.358879419553,4651.608879419553,1379,1444,1412
4655.034404701526,4654.784404701526,4655.284404701526,2027,1192,1610
4656.590347309666,4656.215347309666,4656.965347309666,1812,2025,1919
4654.2731046473045,4654.0231046473045,4654.5231046473045,943,2130,1537
4657.680744191338,4657.430744191338,4657.930744191338,1647,944,1296
4655.032131202662,4654.907131202662,4655.157131202662,1506,1423,1465
4658.629594419655,4658.504594419655,4658.754594419655,1233,1640,1437
4655.644090932434,4655.519090932434,4655.769090932434,1606,1251,1429
4657.450406374355,4657.325406374355,4657.575406374355,1163,1722,1443
4657.8762229690665,4657.7512229690665,4658.0012229690665,2000,1321,1661
4655.545529552703,4655.420529552703,4655.670529552703,2532,1365,1949
4660.626719418056,4660.376719418056,4660.876719418056,1481,1656,1569
4659.953411171471,4659.828411171471,4660.078411171471,2202,877,1540
4663.196707957758,4663.071707957758,4663.321707957758,1726,797,1262
4663.527200244799,4663.277200244799,4663.777200244799,2086,815,1451
4665.040087599821,4664.790087599821,4665.290087599821,2487,1456,1972
4664.923368202005,4664.673368202005,4665.173368202005,1317,2578,1948
4663.845225961504,4663.720225961504,4663.970225961504,1719,860,1290
4666.905359855015,4666.780359855015,4667.030359855015,748,1185,967
4664.453182249,4664.328182249,4664.578182249,854,1685,1270
4664.370358075009,4664.245358075009,4664.495358075009,661,1660,1161
4661.456979784342,4661.331979784342,4661.581979784342,1017,632,825
4667.686573606529,4667.561573606529,4667.811573606529,1424,2081,1753
4669.78245474267,4669.65745474267,4669.90745474267,1141,502,822
4666.667836489963,4666.542836489963,4666.792836489963,2163,1630,1897
4664.369438129328,4664.244438129328,4664.494438129328,767,870,819
4662.247365914737,4662.122365914737,4662.372365914737,1381,2064,1723
4659.338562438983,4658.963562438983,4659.713562438983,1053,944,999
4665.8968845298195,4665.6468845298195,4666.1468845298195,1337,1176,1257
4668.8446147441455,4668.5946147441455,4669.0946147441455,1543,1206,1375
4666.749996822919,4666.624996822919,4666.874996822919,850,1561,1206
4667.487243548964,4667.362243548964,4667.612243548964,1277,862,1070
4667.1263258317085,4667.0013258317085,4667.2513258317085,2053,784,1419
4669.739043619965,4669.364043619965,4670.114043619965,1803,1004,1404
4665.9787710503415,4665.8537710503415,4666.1037710503415,1842,2123,1983
4661.823230447183,4661.698230447183,4661.948230447183,2625,1354,1990
4663.241372600364,4663.116372600364,4663.366372600364,915,1472,1194
4665.105388096368,4664.855388096368,4665.355388096368,1643,1260,1452
4660.6113031119385,4660.2363031119385,4660.9863031119385,928,1711,1320
4664.090722469412,4663.840722469412,4664.340722469412,2238,1139,1689
4665.66011602614,4665.41011602614,4665.91011602614,1468,1935,1702
4665.2866974511235,4665.1616974511235,4665.4116974511235,1290,911,1101
4664.433909549256,4664.183909549256,4664.683909549256,1743,1844,1794
4666.504840702116,4666.129840702116,4666.879840702116,1132,795,964
4674.222239514494,4674.097239514494,4674.347239514494,1423,1360,1392
4673.87171512236,4673.74671512236,4673.99671512236,1644,961,1303
4672.1205050914705,4671.8705050914705,4672.3705050914705,1522,635,1079
4675.652394952779,4675.527394952779,4675.777394952779,1061,992,1027
4672.98350345481,4672.73350345481,4673.23350345481,1502,1281,1392
4674.079861154995,4673.829861154995,4674.329861154995,2350,1091,1721
4670.800759846035,4670.675759846035,4670.925759846035,784,1731,1258
4668.593856876577,4668.218856876577,4668.968856876577,1520,2011,1766
4671.282174628187,4671.157174628187,4671.407174628187,789,1388,1089
4679.54758361097,4679.29758361097,4679.79758361097,1754,1771,1763
4682.895774327184,4682.770774327184,4683.020774327184,765,1684,1225
4675.891414819884,4675.641414819884,4676.141414819884,1840,1017,1429
4680.783622939134,4680.658622939134,4680.908622939134,2491,1258,1875
4687.794653354663,4687.669653354663,4687.919653354663,2350,941,1646
4690.841680543703,4690.716680543703,4690.966680543703,2357,898,1628
4683.934679796726,4683.809679796726,4684.059679796726,1184,435,810
4682.067327443631,4681.692327443631,4682.442327443631,823,948,886
4684.091790516121,4683.966790516121,4684.216790516121,1832,1515,1674
4684.276428458725,4684.151428458725,4684.401428458725,2592,973,1783
4682.987882525888,4682.862882525888,4683.112882525888,1495,1332,1414
4682.439378596029,4682.314378596029,4682.564378596029,1156,2827,1992
4683.837414788527,4683.587414788527,4684.087414788527,1180,2533,1857
4676.418628892811,4676.293628892811,4676.543628892811,705,1582,1144
4675.110648202296,4674.735648202296,4675.485648202296,1810,1025,1418
4676.386943996202,4676.011943996202,4676.761943996202,1132,1147,1140
4679.946890284231,4679.821890284231,4680.071890284231,610,1115,863
4680.298039481683,4680.173039481683,4680.423039481683,869,2010,1440
4677.172053553022,4677.047053553022,4677.297053553022,1365,1156,1261
4671.147764148615,4670.897764148615,4671.397764148615,699,1902,1301
4675.60248409901,4675.47748409901,4675.72748409901,887,1800,1344
4680.513281115438,4680.388281115438,4680.638281115438,1133,1054,1094
4680.434094512003,4680.309094512003,4680.559094512003,1849,1966,1908
4681.199940792185,4680.949940792185,4681.449940792185,2019,970,1495
4682.738593160487,4682.613593160487,4682.863593160487,1429,1430,1430
4682.679436090708,4682.554436090708,4682.804436090708,1149,1042,1096
4687.590573649557,4687.465573649557,4687.715573649557,2948,983,1966
4682.710383608997,4682.460383608997,4682.960383608997,1083,2138,1611
4683.033710336913,4682.908710336913,4683.158710336913,882,1807,1345
4680.8121470005135,4680.5621470005135,4681.0621470005135,1456,1639,1548
4679.42407123481,4679.04907123481,4679.79907123481,690,1733,1212
4679.243930436615,4679.118930436615,4679.368930436615,2582,999,1791
4678.124800352061,4677.999800352061,4678.249800352061,1812,2025,1919
4679.562375315699,4679.312375315699,4679.812375315699,1119,2634,1877
4678.397821972641,4678.272821972641,4678.522821972641,1017,1706,1362
4677.0328510153995,4676.9078510153995,4677.1578510153995,533,1234,884
4673.609404300177,4673.484404300177,4673.734404300177,490,1205,848
4676.450554364208,4676.325554364208,4676.575554364208,2528,1439,1984
4678.24615830529,4678.12115830529,4678.37115830529,657,1572,1115
4679.962173205512,4679.837173205512,4680.087173205512,2078,999,1539
4681.000459434096,4680.625459434096,4681.375459434096,669,1336,1003
4682.9478173881935,4682.8228173881935,4683.0728173881935,1137,1304,1221
4687.208200737303,4686.958200737303,4687.458200737303,1207,2786,1997
4678.972954007168,4678.722954007168,4679.222954007168,1740,1723,1732
4677.369744697229,4677.244744697229,4677.494744697229,2676,1173,1925
4680.890981123442,4680.765981123442,4681.015981123442,842,783,813
4679.83054932504,4679.70554932504,4679.95554932504,1962,1307,1635
4682.993023550666,4682.868023550666,4683.118023550666,951,960,956
4687.6871385049935,4687.3121385049935,4688.0621385049935,926,809,868
4689.139128644321,4689.014128644321,4689.264128644321,1101,1114,1108
4692.381286775359,4692.131286775359,4692.631286775359,1046,2763,1905
4690.947287385946,4690.697287385946,4691.197287385946,1076,561,819
4685.257423144605,4684.882423144605,4685.632423144605,485,1276,881
4684.093657909255,4683.968657909255,4684.218657909255,1612,1527,1570
4685.397109547816,4685.147109547816,4685.647109547816,1425,828,1127
4685.732758108624,4685.607758108624,4685.857758108624,1767,856,1312
4689.02297182549,4688.64797182549,4689.39797182549,1049,1456,1253
4689.424594503217,4689.299594503217,4689.549594503217,999,1342,1171
4690.624272164079,4690.374272164079,4690.874272164079,945,2390,1668
4687.613971190603,4687.363971190603,4687.863971190603,1363,852,1108
4690.264669849798,4690.139669849798,4690.389669849798,975,1072,1024
4691.655544163487,4691.530544163487,4691.780544163487,874,1865,1370
4691.828686602128,4691.578686602128,4692.078686602128,1984,1327,1656
4696.130965629224,4695.880965629224,4696.380965629224,983,838,911
4695.923146134896,4695.798146134896,4696.048146134896,1835,1024,1430
4688.265173211935,4688.015173211935,4688.515173211935,2549,1286,1918
4685.097284629314,4684.847284629314,4685.347284629314,1192,1493,1343
4692.268845078986,4692.143845078986,4692.393845078986,1577,1900,1739
4690.156351208047,4689.906351208047,4690.406351208047,1560,727,1144
4690.611079520977,4690.361079520977,4690.861079520977,828,2241,1535
4691.006981180933,4690.756981180933,4691.256981180933,1645,1846,1746
4691.874219725219,4691.749219725219,4691.999219725219,1386,559,973
4697.6042393679745,4697.4792393679745,4697.7292393679745,1690,1817,1754
4698.840996104338,4698.715996104338,4698.965996104338,1717,1250,1484
4694.705348182756,4694.455348182756,4694.955348182756,1539,600,1070
4689.284141432739,4689.159141432739,4689.409141432739,930,1367,1149
4694.352902127646,4694.102902127646,4694.602902127646,1475,2154,1815
4691.775239907605,4691.650239907605,4691.900239907605,1799,1156,1478
4692.354673250141,4692.104673250141,4692.604673250141,438,1307,873
4687.871934535006,4687.621934535006,4688.121934535006,680,1095,888
4686.547872467574,4686.422872467574,4686.672872467574,2574,957,1766
4688.3314300282045,4688.2064300282045,4688.4564300282045,2256,1613,1935
4682.111625151371,4681.986625151371,4682.236625151371,1955,1320,1638
4680.899561548177,4680.649561548177,4681.149561548177,1959,1086,1523
4685.873448500988,4685.498448500988,4686.248448500988,1324,1331,1328
4683.971430766337,4683.846430766337,4684.096430766337,1910,1115,1513
4687.401197856059,4687.026197856059,4687.776197856059,770,2259,1515
4690.879540552934,4690.754540552934,4691.004540552934,1236,2427,1832
4690.1026015599755,4689.9776015599755,4690.2276015599755,1338,2267,1803
4687.3714308147455,4687.2464308147455,4687.4964308147455,1337,2284,1811
4693.352991572175,4693.102991572175,4693.602991572175,677,1008,843
4692.6150597224905,4692.4900597224905,4692.7400597224905,1864,919,1392
4694.117276510758,4693.992276510758,4694.242276510758,1987,1096,1542
4692.210786473021,4692.085786473021,4692.335786473021,1226,1015,1121
4691.45111528662,4691.32611528662,4691.57611528662,796,921,859
4693.288528402642,4692.913528402642,4693.663528402642,1535,1628,1582
4695.044166014978,4694.919166014978,4695.169166014978,1149,1614,1382
4699.293486500751,4699.168486500751,4699.418486500751,2290,1099,1695
4705.353044901873,4705.228044901873,4705.478044901873,1290,2253,1772
4706.6576855774,4706.5326855774,4706.7826855774,872,2279,1576
4705.666803045154,4705.541803045154,4705.791803045154,850,2445,1648
4710.452409915894,4710.202409915894,4710.702409915894,541,1060,801
4709.570315006468,4709.195315006468,4709.945315006468,1633,1754,1694
4708.863372920573,4708.738372920573,4708.988372920573,1692,1593,1643
4705.6251946722405,4705.2501946722405,4706.0001946722405,1666,1099,1383
4706.136123247855,4705.886123247855,4706.386123247855,1440,1811,1626
4711.669072876236,4711.544072876236,4711.794072876236,2577,1402,1990
4703.562997337441,4703.437997337441,4703.687997337441,970,783,877
4711.289239329175,4711.164239329175,4711.414239329175,933,1330,1132
4711.940434811239,4711.815434811239,4712.065434811239,2085,1540,1813
4715.404297678278,4715.279297678278,4715.529297678278,652,1437,1045
4719.610775453364,4719.235775453364,4719.985775453364,993,914,954
4713.89289263621,4713.76789263621,4714.01789263621,1822,1869,1846
4715.770791119148,4715.520791119148,4716.020791119148,1083,2376,1730
4717.7706448053605,4717.6456448053605,4717.8956448053605,664,1019,842
4719.0961880844625,4718.9711880844625,4719.2211880844625,1523,622,1073
4726.425514371832,4726.300514371832,4726.550514371832,1013,1152,1083
4730.561557517224,4730.436557517224,4730.686557517224,1128,1017,1073
4725.477159643399,4725.102159643399,4725.852159643399,1185,2272,1729
4722.6321548780215,4722.3821548780215,4722.8821548780215,836,1239,1038
4719.611518492783,4719.361518492783,4719.861518492783,2128,955,1542
4715.6619133812665,4715.5369133812665,4715.7869133812665,1763,698,1231
4710.580480856106,4710.330480856106,4710.830480856106,761,980,871
4708.811742656549,4708.686742656549,4708.936742656549,2281,1344,1813
4703.876192186794,4703.751192186794,4704.001192186794,1355,2020,1688
4705.584759967357,4705.459759967357,4705.709759967357,1331,2278,1805
4703.262694017928,4703.137694017928,4703.387694017928,1112,529,821
4701.895671186894,4701.770671186894,4702.020671186894,2380,1433,1907
4700.243859473509,4700.118859473509,4700.368859473509,850,1917,1384
4699.9957682505865,4699.7457682505865,4700.2457682505865,1570,1961,1766
4701.731032555271,4701.606032555271,4701.856032555271,2223,1048,1636
4703.916481224436,4703.666481224436,4704.166481224436,1214,963,1089
4708.5627810433425,4708.4377810433425,4708.6877810433425,1748,805,1277
4708.377268884585,4708.252268884585,4708.502268884585,2036,1333,1685
4708.681115632629,4708.431115632629,4708.931115632629,1055,566,811
4707.35367686936,4707.22867686936,4707.47867686936,1351,1062,1207
4712.522013812716,4712.397013812716,4712.647013812716,1058,1103,1081
4713.435884712146,4713.310884712146,4713.560884712146,1190,2499,1845
4713.979819534315,4713.604819534315,4714.354819534315,1022,1257,1140
4713.033941014959,4712.783941014959,4713.283941014959,1612,2003,1808
4709.612880373075,4709.362880373075,4709.862880373075,1167,2004,1586
4711.6006659161985,4711.4756659161985,4711.7256659161985,2291,1058,1675
4711.684780685184,4711.559780685184,4711.809780685184,1817,824,1321
4711.777830772375,4711.652830772375,4711.902830772375,1754,725,1240
4711.909567778914,4711.659567778914,4712.159567778914,835,930,883
4714.63070790045,4714.38070790045,4714.88070790045,640,1153,897
4716.585629054047,4716.210629054047,4716.960629054047,2076,1363,1720
4722.986781248991,4722.861781248991,4723.111781248991,1315,1020,1168
4716.758028354876,4716.633028354876,4716.883028354876,1071,586,829
4712.805962993258,4712.555962993258,4713.055962993258,1805,1250,1528
4713.949436914501,4713.574436914501,4714.324436914501,1649,684,1167
4710.975069677259,4710.850069677259,4711.100069677259,2169,1132,1651
4711.540961661573,4711.415961661573,4711.665961661573,1532,823,1178
4711.413637658132,4711.163637658132,4711.663637658132,932,1707,1320
4707.105983289331,4706.980983289331,4707.230983289331,903,1640,1272
4708.203697482404,4708.078697482404,4708.328697482404,569,1680,1125
4706.036297477234,4705.911297477234,4706.161297477234,1247,1408,1328
4709.035518384828,4708.910518384828,4709.160518384828,1747,1218,1483
4709.906300760037,4709.781300760037,4710.031300760037,1202,1233,1218
4711.383507377424,4711.008507377424,4711.758507377424,1168,1813,1491
4711.923169297324,4711.673169297324,4712.173169297324,867,1222,1045
4712.2646960023985,4711.8896960023985,4712.6396960023985,976,915,946
4713.512670603528,4713.387670603528,4713.637670603528,1882,1229,1556
4711.171221441577,4710.921221441577,4711.421221441577,1724,863,1294
4712.507596131543,4712.257596131543,4712.757596131543,2569,1108,1839
4710.93641367189,4710.81141367189,4711.06141367189,2165,864,1515
4709.252177076315,4709.127177076315,4709.377177076315,1395,1344,1370
4710.582322702704,4710.332322702704,4710.832322702704,1030,1599,1315
4712.906773593466,4712.781773593466,4713.031773593466,549,1424,987
4709.283567863333,4709.158567863333,4709.408567863333,2643,1340,1992
4707.985953005847,4707.860953005847,4708.110953005847,2389,954,1672
4709.606746389912,4709.481746389912,4709.731746389912,845,866,856
4706.518054090471,4706.393054090471,4706.643054090471,689,1008,849
4704.79634009127,4704.54634009127,4705.04634009127,1482,625,1054
4703.469061916109,4703.344061916109,4703.594061916109,1390,2217,1804
4704.2351958614,4704.1101958614,4704.3601958614,1520,1935,1728
4703.4532305366,4703.3282305366,4703.5782305366,1272,1793,1533
4703.454928379784,4703.329928379784,4703.579928379784,1794,1027,1411
4704.400323678345,4704.150323678345,4704.650323678345,1822,1297,1560
4704.09275022069,4703.96775022069,4704.21775022069,1233,1716,1475
4703.626665800787,4703.501665800787,4703.751665800787,1237,1722,1480
4702.897638725522,4702.647638725522,4703.147638725522,1320,1113,1217
4705.027201367062,4704.777201367062,4705.277201367062,683,1352,1018
4703.866946036022,4703.616946036022,4704.116946036022,2322,1263,1793
4702.808877506259,4702.683877506259,4702.933877506259,1193,1242,1218
4704.017769766498,4703.892769766498,4704.142769766498,762,2161,1462
4704.300831292864,4704.175831292864,4704.425831292864,1455,1294,1375
4704.4627887829265,4704.3377887829265,4704.5877887829265,1928,1939,1934
4705.157539494696,4704.907539494696,4705.407539494696,728,1139,934
4706.842800241921,4706.717800241921,4706.967800241921,1324,2033,1679
4704.995048238419,4704.870048238419,4705.120048238419,1142,1529,1336
4703.842865972872,4703.467865972872,4704.217865972872,1049,1436,1243
4704.58220463173,4704.33220463173,4704.83220463173,1122,761,942
4707.580017928566,4707.330017928566,4707.830017928566,1098,679,889
4706.767859029482,4706.517859029482,4707.017859029482,944,1725,1335
4706.502986615924,4706.377986615924,4706.627986615924,1314,621,968
4706.220233587994,4705.970233587994,4706.470233587994,1048,2023,1536
4704.140390800924,4704.015390800924,4704.265390800924,1968,931,1450
4705.240549964968,4705.115549964968,4705.365549964968,865,1010,938
4704.808820918764,4704.683820918764,4704.933820918764,818,1105,962
4703.868903840772,4703.743903840772,4703.993903840772,1018,1653,1336
4703.988064093506,4703.863064093506,4704.113064093506,879,966,923
4705.144785141121,4705.019785141121,4705.269785141121,923,768,846
4705.588983781305,4705.463983781305,4705.713983781305,622,1819,1221
4706.062993565404,4705.937993565404,4706.187993565404,1750,905,1328
4708.122585917915,4707.997585917915,4708.247585917915,2915,978,1947
4703.747046250067,4703.622046250067,4703.872046250067,1096,2281,1689
4705.422376098456,4705.047376098456,4705.797376098456,625,1058,842
4706.356664079049,4706.231664079049,4706.481664079049,813,854,834
4706.428406911809,4706.178406911809,4706.678406911809,829,930,880
4707.529305076671,4707.404305076671,4707.654305076671,2307,780,1544
4707.409459692486,4707.284459692486,4707.534459692486,2036,947,1492
4705.327765709815,4704.952765709815,4705.702765709815,1396,817,1107
4705.05016452188,4704.92516452188,4705.17516452188,2264,953,1609
4702.617613594983,4702.492613594983,4702.742613594983,1289,716,1003
4705.682700380217,4705.432700380217,4705.932700380217,2266,1425,1846
4704.5671301915945,4704.3171301915945,4704.8171301915945,542,1485,1014
4705.742649671841,4705.617649671841,4705.867649671841,829,1272,1051
4703.040502073138,4702.915502073138,4703.165502073138,1004,1295,1150
4698.82738526645,4698.70238526645,4698.95238526645,1042,1819,1431
4700.977631946097,4700.727631946097,4701.227631946097,576,1477,1027
4701.061030464683,4700.811030464683,4701.311030464683,1762,1789,1776
4703.365412199024,4703.115412199024,4703.615412199024,1879,1518,1699
4702.090832218328,4701.840832218328,4702.340832218328,1335,530,933
4702.107208321329,4701.857208321329,4702.357208321329,494,1223,859
4705.410345680755,4705.160345680755,4705.660345680755,927,1368,1148
4704.890484196848,4704.765484196848,4705.015484196848,1800,1639,1720
4706.229679009656,4705.979679009656,4706.479679009656,529,1382,956
4704.576521268563,4704.201521268563,4704.951521268563,1030,963,997
4705.681677088056,4705.556677088056,4705.806677088056,555,1114,835
4707.924192288759,4707.549192288759,4708.299192288759,1170,637,904
4708.827907360412,4708.577907360412,4709.077907360412,1528,985,1257
4709.296744773236,4708.921744773236,4709.671744773236,1027,586,807
4708.289883235511,4708.164883235511,4708.414883235511,1377,1122,1250
4709.0186099168595,4708.7686099168595,4709.2686099168595,2529,1376,1953
4707.570722003684,4707.320722003684,4707.820722003684,1462,2103,1783
4707.188288461127,4707.063288461127,4707.313288461127,1873,1330,1602
4705.408353076442,4705.283353076442,4705.533353076442,838,829,834
4706.018852078937,4705.768852078937,4706.268852078937,1225,1492,1359
4704.829928390829,4704.704928390829,4704.954928390829,2207,1420,1814
4706.643325452644,4706.393325452644,4706.893325452644,1307,1520,1414
4707.192341418628,4707.067341418628,4707.317341418628,1234,831,1033
4708.778003822794,4708.653003822794,4708.903003822794,1589,1314,1452
4707.828946482213,4707.703946482213,4707.953946482213,1181,2368,1775
4709.701796300732,4709.451796300732,4709.951796300732,1825,676,1251
4710.7018855595,4710.5768855595,4710.8268855595,1640,1119,1380
4713.787580075165,4713.412580075165,4714.162580075165,1173,480,827
4711.961969249632,4711.711969249632,4712.211969249632,1189,846,1018
4712.604117439268,4712.479117439268,4712.729117439268,561,1080,821
4714.075068458543,4713.950068458543,4714.200068458543,923,2674,1799
4715.2366739146755,4715.1116739146755,4715.3616739146755,597,1500,1049
4718.06772869108,4717.94272869108,4718.19272869108,925,756,841
4718.208763741324,4717.958763741324,4718.458763741324,1003,1466,1235
4719.806733967498,4719.556733967498,4720.056733967498,2615,1292,1954
4721.308947320524,4721.183947320524,4721.433947320524,1464,905,1185
4719.929829440515,4719.804829440515,4720.054829440515,1354,1921,1638
4719.5069821607285,4719.2569821607285,4719.7569821607285,953,1028,991
4721.911827285024,4721.661827285024,4722.161827285024,2160,1405,1783
4719.939422063096,4719.564422063096,4720.314422063096,1601,1766,1684
4719.4599131272935,4719.2099131272935,4719.7099131272935,1359,576,968
4720.2896619696585,4720.1646619696585,4720.4146619696585,1654,917,1286
4721.5042878752865,4721.2542878752865,4721.7542878752865,1073,1350,1212
4722.524333393053,4722.399333393053,4722.649333393053,682,1663,1173
4722.539558668583,4722.414558668583,4722.664558668583,570,1303,937
4722.245472912316,4722.120472912316,4722.370472912316,1090,1179,1135
4721.488549876549,4721.363549876549,4721.613549876549,2055,1452,1754
4720.572404027826,4720.197404027826,4720.947404027826,2814,949,1882
4718.545489789926,4718.420489789926,4718.670489789926,866,1137,1002
4719.374887710175,4719.249887710175,4719.499887710175,1313,604,959
4718.690078915714,4718.565078915714,4718.815078915714,847,2280,1564
4718.927917440993,4718.802917440993,4719.052917440993,799,802,801
4718.181149847776,4717.931149847776,4718.431149847776,930,829,880
4718.080544713049,4717.955544713049,4718.205544713049,529,1532,1031
4719.433720239599,4719.308720239599,4719.558720239599,1573,536,1055
4719.119174081049,4718.994174081049,4719.244174081049,2295,1646,1971
4717.314096080365,4717.189096080365,4717.439096080365,1101,1902,1502
4716.015531900654,4715.765531900654,4716.265531900654,1266,2207,1737
4716.078784673856,4715.828784673856,4716.328784673856,884,2617,1751
4715.623283980823,4715.498283980823,4715.748283980823,768,1465,1117
4719.213303402336,4718.838303402336,4719.588303402336,2345,1454,1900
4716.582267690523,4716.457267690523,4716.707267690523,1185,754,970
4714.045152490829,4713.795152490829,4714.295152490829,1317,496,907
4712.49558011023,4712.24558011023,4712.74558011023,542,1165,854
4709.621693976826,4709.496693976826,4709.746693976826,1178,697,938
4710.767528915346,4710.517528915346,4711.017528915346,1144,1251,1198
4712.126551795323,4712.001551795323,4712.251551795323,591,1220,906
4712.036023587272,4711.911023587272,4712.161023587272,1703,1548,1626
4709.467540197292,4709.217540197292,4709.717540197292,1220,757,989
4709.169610443385,4709.044610443385,4709.294610443385,2037,1906,1972
4709.084574130847,4708.959574130847,4709.209574130847,821,1632,1227
4708.88329587159,4708.63329587159,4709.13329587159,1077,856,967
4706.613126379513,4706.488126379513,4706.738126379513,1642,1251,1447
4708.219832439519,4708.094832439519,4708.344832439519,1042,563,803
4709.633102930755,4709.508102930755,4709.758102930755,1906,1037,1472
4707.697824494626,4707.572824494626,4707.822824494626,2049,1680,1865
4708.045539425829,4707.795539425829,4708.295539425829,1148,1911,1530
4707.9755031452305,4707.7255031452305,4708.2255031452305,630,1623,1127
4709.037359704506,4708.662359704506,4709.412359704506,1468,625,1047
4707.0976919295435,4706.7226919295435,4707.4726919295435,1907,1634,1771
4708.050412171741,4707.925412171741,4708.175412171741,464,1365,915
4708.4891615079805,4708.3641615079805,4708.6141615079805,2339,946,1643
4707.318567031593,4707.068567031593,4707.568567031593,1056,675,866
4707.487965473867,4707.362965473867,4707.612965473867,1855,618,1237
4706.592141128021,4706.342141128021,4706.842141128021,1523,1478,1501
4705.585338140403,4705.460338140403,4705.710338140403,1373,672,1023
4704.151580157363,4704.026580157363,4704.276580157363,1834,965,1400
4705.356013056656,4705.106013056656,4705.606013056656,1333,1282,1308
4708.344977220959,4708.219977220959,4708.469977220959,1325,988,1157
4708.066220686436,4707.941220686436,4708.191220686436,1221,1508,1365
4707.946641966636,4707.696641966636,4708.196641966636,1040,1041,1041
4710.59488714573,4710.34488714573,4710.84488714573,2109,1058,1584
4711.772304045653,4711.522304045653,4712.022304045653,868,939,904
4712.287336061259,4712.037336061259,4712.537336061259,912,1801,1357
4710.680184884706,4710.430184884706,4710.930184884706,1432,589,1011
4711.293208244057,4711.043208244057,4711.543208244057,466,1365,916
4713.807934241222,4713.682934241222,4713.932934241222,687,1552,1120
4712.137134593239,4712.012134593239,4712.262134593239,2531,1360,1946
4710.610564224718,4710.485564224718,4710.735564224718,1240,2257,1749
4709.303054387845,4709.178054387845,4709.428054387845,1026,873,950
4708.700967038684,4708.450967038684,4708.950967038684,1055,1874,1465
4710.5614384046585,4710.4364384046585,4710.6864384046585,2125,1566,1846
4714.104400762171,4713.854400762171,4714.354400762171,891,2422,1657
4711.650218256836,4711.400218256836,4711.900218256836,2364,871,1618
4709.688776214308,4709.563776214308,4709.813776214308,1366,2033,1700
4710.732649931742,4710.607649931742,4710.857649931742,1119,1446,1283
4708.6488083292525,4708.2738083292525,4709.0238083292525,1108,1341,1225
4707.1746437744805,4707.0496437744805,4707.2996437744805,1102,751,927
4707.47214141017,4707.34714141017,4707.59714141017,1469,1360,1415
4705.049426780667,4704.924426780667,4705.174426780667,2120,1747,1934
4705.0720436952815,4704.9470436952815,4705.1970436952815,953,2676,1815
4704.7271304578935,4704.6021304578935,4704.8521304578935,1114,557,836
4705.378283702644,4705.253283702644,4705.503283702644,772,1319,1046
4704.005759947542,4703.880759947542,4704.130759947542,1946,875,1411
4702.529044031351,4702.404044031351,4702.654044031351,1115,722,919
4699.098778728959,4698.848778728959,4699.348778728959,1468,2149,1809
4699.953688553771,4699.828688553771,4700.078688553771,1057,1106,1082
4702.006904883919,4701.881904883919,4702.131904883919,979,862,921
4701.755591405221,4701.630591405221,4701.880591405221,1245,2158,1702
4702.430478034446,4702.305478034446,4702.555478034446,2625,1342,1984
4700.855697651938,4700.730697651938,4700.980697651938,1630,713,1172
4702.493445623309,4702.243445623309,4702.743445623309,1349,2576,1963
4701.279620379507,4701.154620379507,4701.404620379507,1048,753,901
4698.505485136937,4698.255485136937,4698.755485136937,926,1169,1048
4698.93562524973,4698.81062524973,4699.06062524973,696,913,805
4698.095444456381,4697.720444456381,4698.470444456381,1366,1097,1232
4697.787874621502,4697.537874621502,4698.037874621502,1275,726,1001
4700.949063518855,4700.824063518855,4701.074063518855,2608,1229,1919
4703.064336411383,4702.814336411383,4703.314336411383,1500,717,1109
4703.623412007806,4703.498412007806,4703.748412007806,861,968,915
4703.671351182941,4703.546351182941,4703.796351182941,1541,702,1122
4705.431902277082,4705.056902277082,4705.806902277082,461,1162,812
4705.186210400554,4705.061210400554,4705.311210400554,1186,2707,1947
4702.804219954665,4702.679219954665,4702.929219954665,1374,697,1036
4706.013724677974,4705.638724677974,4706.388724677974,508,1493,1001
4705.134340340808,4704.884340340808,4705.384340340808,1068,819,944
4703.804610017905,4703.679610017905,4703.929610017905,1232,1341,1287
4705.6273858164295,4705.5023858164295,4705.7523858164295,1214,2021,1618
4704.7029847722215,4704.5779847722215,4704.8279847722215,926,1213,1070
4705.740667085606,4705.615667085606,4705.865667085606,1472,1319,1396
4706.69831762081,4706.44831762081,4706.94831762081,1150,2741,1946
4704.589784832026,4704.464784832026,4704.714784832026,508,1323,916
4702.252598675751,4702.127598675751,4702.377598675751,590,1663,1127
4701.922154637033,4701.797154637033,4702.047154637033,1136,2777,1957
4703.336167456778,4703.086167456778,4703.586167456778,948,1859,1404
4699.212729606277,4698.837729606277,4699.587729606277,668,1669,1169
4700.488206550818,4700.238206550818,4700.738206550818,547,1458,1003
4701.085742765431,4700.960742765431,4701.210742765431,842,765,804
4700.405615220253,4700.280615220253,4700.530615220253,1236,1611,1424
4705.205760234503,4705.080760234503,4705.330760234503,2304,911,1608
4704.294355266527,4704.169355266527,4704.419355266527,2190,1067,1629
4703.471813493317,4703.221813493317,4703.721813493317,1568,2037,1803
4704.808673631819,4704.558673631819,4705.058673631819,2159,1334,1747
4704.847960749071,4704.722960749071,4704.972960749071,1602,1447,1525
4703.5823481015395,4703.4573481015395,4703.7073481015395,812,799,806
4704.689745527216,4704.564745527216,4704.814745527216,1209,984,1097
4709.519240281124,4709.394240281124,4709.644240281124,1974,1807,1891
4708.4001925199245,4708.2751925199245,4708.5251925199245,2733,1066,1900
4707.359823780202,4707.234823780202,4707.484823780202,1329,1102,1216
4708.56364693753,4708.31364693753,4708.81364693753,1485,1230,1358
4709.4206567438705,4709.2956567438705,4709.5456567438705,1065,1306,1186
4708.656193426004,4708.531193426004,4708.781193426004,710,1605,1158
4705.761979395308,4705.511979395308,4706.011979395308,855,1060,958
4707.06985942165,4706.94485942165,4707.19485942165,2469,874,1672
4703.684325756664,4703.434325756664,4703.934325756664,765,1450,1108
4702.677491435264,4702.552491435264,4702.802491435264,1239,1674,1457
4703.982256957807,4703.732256957807,4704.232256957807,2808,1043,1926
4704.617004630725,4704.242004630725,4704.992004630725,1907,1660,1784
4702.846355974849,4702.596355974849,4703.096355974849,1231,1020,1126
4699.393178774988,4699.268178774988,4699.518178774988,1129,1636,1383
4692.754878306098,4692.629878306098,4692.879878306098,861,1722,1292
4689.987580705503,4689.862580705503,4690.112580705503,2154,1041,1598
4687.657001810167,4687.532001810167,4687.782001810167,1334,965,1150
4686.980270753666,4686.855270753666,4687.105270753666,869,1816,1343
4685.85571826013,4685.73071826013,4685.98071826013,1420,537,979
4685.991384762163,4685.616384762163,4686.366384762163,1319,578,949
4684.330185913315,4684.205185913315,4684.455185913315,1613,1728,1671
4681.538211850172,4681.163211850172,4681.913211850172,1981,1796,1889
4682.35722487137,4682.23222487137,4682.48222487137,1934,1403,1669
4681.608013210915,4681.358013210915,4681.858013210915,2133,1300,1717
4679.848409611358,4679.723409611358,4679.973409611358,1815,788,1302
4677.13186015363,4677.00686015363,4677.25686015363,1550,539,1045
4676.98735644368,4676.86235644368,4677.11235644368,770,2235,1503
4679.830059230442,4679.705059230442,4679.955059230442,736,1951,1344
4678.393389518384,4678.268389518384,4678.518389518384,1858,1635,1747
4674.144885128856,4673.894885128856,4674.394885128856,977,1188,1083
4669.744733818613,4669.494733818613,4669.994733818613,657,1540,1099
4669.80565545503,4669.68065545503,4669.93065545503,1141,1404,1273
4665.456880521062,4665.331880521062,4665.581880521062,1181,1132,1157
4666.521363810524,4666.146363810524,4666.896363810524,1493,2078,1786
4665.67950921065,4665.42950921065,4665.92950921065,1318,1677,1498
4666.3130844994585,4666.1880844994585,4666.4380844994585,786,2007,1397
4665.802603884683,4665.677603884683,4665.927603884683,903,2436,1670
4667.291425651842,4667.166425651842,4667.416425651842,2188,1415,1802
4668.463073856769,4668.213073856769,4668.713073856769,1206,1981,1594
4669.112417350912,4668.987417350912,4669.237417350912,542,1261,902
4665.790303077103,4665.540303077103,4666.040303077103,673,1326,1000
4666.255451468573,4666.130451468573,4666.380451468573,755,958,857
4665.125407452071,4664.875407452071,4665.375407452071,1106,1895,1501
4665.06089309237,4664.81089309237,4665.31089309237,564,1045,805
4666.860815577878,4666.735815577878,4666.985815577878,2173,836,1505
4663.922881637784,4663.797881637784,4664.047881637784,1898,923,1411
4666.50161089624,4666.12661089624,4666.87661089624,814,1839,1327
4667.9370149147835,4667.8120149147835,4668.0620149147835,662,1679,1171
4667.764054079068,4667.639054079068,4667.889054079068,1184,823,1004
4666.549894979152,4666.424894979152,4666.674894979152,668,1083,876
4664.820884449478,4664.570884449478,4665.070884449478,1138,547,843
4668.620232442679,4668.370232442679,4668.870232442679,1345,914,1130
4667.601958705602,4667.351958705602,4667.851958705602,923,1524,1224
4665.994846307521,4665.744846307521,4666.244846307521,1595,1334,1465
4667.690776945721,4667.440776945721,4667.940776945721,903,2604,1754
4665.809739771454,4665.684739771454,4665.934739771454,2213,966,1590
4666.375876998816,4666.125876998816,4666.625876998816,803,1130,967
4664.861443425159,4664.736443425159,4664.986443425159,1018,583,801
4664.485740006976,4664.110740006976,4664.860740006976,815,1990,1403
4666.922207952035,4666.672207952035,4667.172207952035,2678,1301,1990
4664.566602823282,4664.441602823282,4664.691602823282,782,895,839
4663.4423451290995,4663.3173451290995,4663.5673451290995,2019,1180,1600
4661.178160112466,4660.928160112466,4661.428160112466,787,2062,1425
4663.296253259061,4663.171253259061,4663.421253259061,704,1471,1088
4664.939685919167,4664.814685919167,4665.064685919167,1598,2111,1855
4663.635167431722,4663.510167431722,4663.760167431722,1097,1348,1223
4667.117282022117,4666.992282022117,4667.242282022117,2127,1540,1834
4663.366695534669,4663.241695534669,4663.491695534669,1460,685,1073
4664.212572758418,4663.962572758418,4664.462572758418,1494,2251,1873
4658.982498803912,4658.732498803912,4659.232498803912,644,1539,1092
4656.267060730433,4656.142060730433,4656.392060730433,1862,1055,1459
4653.635343208025,4653.385343208025,4653.885343208025,1075,1602,1339
4653.937250435636,4653.812250435636,4654.062250435636,1281,1148,1215
4652.619016417981,4652.494016417981,4652.744016417981,1091,1208,1150
4653.440638636156,4653.315638636156,4653.565638636156,938,1209,1074
4651.698532754254,4651.573532754254,4651.823532754254,1511,2342,1927
4651.967808921237,4651.842808921237,4652.092808921237,1169,2288,1729
4647.301195998478,4647.176195998478,4647.426195998478,1037,758,898
4649.090942090658,4648.965942090658,4649.215942090658,930,2299,1615
4646.998809708775,4646.873809708775,4647.123809708775,926,1401,1164
4643.946851348697,4643.821851348697,4644.071851348697,2149,1028,1589
4645.345216787889,4645.220216787889,4645.470216787889,1439,528,984
4649.2947240154535,4649.0447240154535,4649.5447240154535,1550,1809,1680
4653.242867355765,4652.992867355765,4653.492867355765,1055,2202,1629
4651.491426053739,4651.241426053739,4651.741426053739,1603,1508,1556
4651.1165222539885,4650.8665222539885,4651.3665222539885,2680,919,1800
4654.176919461514,4654.051919461514,4654.301919461514,994,2045,1520
4653.883932364589,4653.758932364589,4654.008932364589,1681,2218,1950
4652.49476274106,4652.36976274106,4652.61976274106,765,1418,1092
4648.498112727741,4648.373112727741,4648.623112727741,1058,835,947
4648.835968872223,4648.585968872223,4649.085968872223,774,1085,930
4647.747408280399,4647.622408280399,4647.872408280399,1414,1677,1546
4651.5906441126335,4651.4656441126335,4651.7156441126335,1025,1556,1291
4653.026689870072,4652.776689870072,4653.276689870072,803,1594,1199
4656.869097577176,4656.744097577176,4656.994097577176,1535,1724,1630
4658.676728917154,4658.551728917154,4658.801728917154,823,808,816
4656.747826047879,4656.497826047879,4656.997826047879,2631,1080,1856
4658.1617491862935,4658.0367491862935,4658.2867491862935,1814,883,1349
4659.472827614723,4659.347827614723,4659.597827614723,2032,1885,1959
4657.274505478948,4657.024505478948,4657.524505478948,1702,1855,1779
4658.209274729616,4657.834274729616,4658.584274729616,996,1977,1487
4655.435309993499,4655.310309993499,4655.560309993499,1745,1844,1795
4656.051419618771,4655.926419618771,4656.176419618771,1230,2549,1890
4655.666640811024,4655.541640811024,4655.791640811024,786,1523,1155
4657.578632490792,4657.453632490792,4657.703632490792,1547,1596,1572
4658.298377564294,4658.173377564294,4658.423377564294,1764,1361,1563
4655.45350258354,4655.32850258354,4655.57850258354,1198,1877,1538
4653.489970632766,4653.364970632766,4653.614970632766,2540,1155,1848
4656.835634856772,4656.585634856772,4657.085634856772,1634,1841,1738
4657.103636497292,4656.978636497292,4657.228636497292,1217,2114,1666
4657.668051657417,4657.418051657417,4657.918051657417,648,1431,1040
4659.377237370303,4659.252237370303,4659.502237370303,853,1796,1325
4660.8751780244365,4660.7501780244365,4661.0001780244365,1584,741,1163
4656.925919451067,4656.675919451067,4657.175919451067,1275,1022,1149
4657.038893800919,4656.788893800919,4657.288893800919,1291,636,964
4654.481231199574,4654.356231199574,4654.606231199574,1614,683,1149
4653.403117666897,4653.153117666897,4653.653117666897,2181,1074,1628
4654.84680011872,4654.59680011872,4655.09680011872,1951,1688,1820
4658.3382541638075,4658.2132541638075,4658.4632541638075,825,2100,1463
4656.2460810367975,4656.1210810367975,4656.3710810367975,1210,633,922
4653.248815364924,4653.123815364924,4653.373815364924,2011,1830,1921
4653.849888900952,4653.599888900952,4654.099888900952,1062,1279,1171
4653.2958776379855,4652.9208776379855,4653.6708776379855,1278,2357,1818
4650.070257633018,4649.945257633018,4650.195257633018,932,1823,1378
4651.685148770702,4651.435148770702,4651.935148770702,2807,970,1889
4656.3619218072445,4656.1119218072445,4656.6119218072445,1717,1236,1477
4656.557952644417,4656.432952644417,4656.682952644417,1353,1522,1438
4654.9953158847575,4654.7453158847575,4655.2453158847575,2029,928,1479
4652.8045725419615,4652.6795725419615,4652.9295725419615,2584,1385,1985
4654.548054906158,4654.298054906158,4654.798054906158,1371,630,1001
4658.812626469362,4658.687626469362,4658.937626469362,2626,895,1761
4660.957726516932,4660.582726516932,4661.332726516932,1077,1202,1140
4661.790974872676,4661.665974872676,4661.915974872676,825,2328,1577
4659.823381522892,4659.573381522892,4660.073381522892,1703,1570,1637
4660.2103645744355,4659.9603645744355,4660.4603645744355,917,1042,980
4661.157432053829,4660.907432053829,4661.407432053829,2052,781,1417
4660.95328644863,4660.70328644863,4661.20328644863,694,2075,1385
4661.766835536616,4661.641835536616,4661.891835536616,1505,1330,1418
4659.790914211447,4659.665914211447,4659.915914211447,718,1739,1229
4658.295887813475,4658.170887813475,4658.420887813475,1844,2107,1976
4655.774559504653,4655.524559504653,4656.024559504653,915,1728,1322
4656.125772047903,4656.000772047903,4656.250772047903,2301,1600,1951
4656.4000321616195,4656.2750321616195,4656.5250321616195,2027,984,1506
4656.408063088594,4656.283063088594,4656.533063088594,514,1393,954
4656.616536538111,4656.491536538111,4656.741536538111,945,1358,1152
4656.776809659463,4656.401809659463,4657.151809659463,1037,1812,1425
4659.539764042446,4659.414764042446,4659.664764042446,1348,977,1163
4660.199834360971,4660.074834360971,4660.324834360971,1334,1863,1599
4662.66360597365,4662.53860597365,4662.78860597365,1071,2624,1848
4659.895142988994,4659.645142988994,4660.145142988994,1961,1842,1902
4658.3577506334095,4658.2327506334095,4658.4827506334095,536,1405,971
4655.7149423360315,4655.5899423360315,4655.8399423360315,1431,1952,1692
4653.264928539871,4653.139928539871,4653.389928539871,1038,1929,1484
4651.45646940267,4651.33146940267,4651.58146940267,1219,1662,1441
4647.7865396242205,4647.6615396242205,4647.9115396242205,916,945,931
4649.157522585304,4649.032522585304,4649.282522585304,1086,1047,1067
4646.752185489687,4646.627185489687,4646.877185489687,1409,1676,1543
4646.129936523286,4646.004936523286,4646.254936523286,1147,1984,1566
4645.16810255182,4644.91810255182,4645.41810255182,907,2050,1479
4648.978520354339,4648.853520354339,4649.103520354339,1601,2006,1804
4648.947677866475,4648.572677866475,4649.322677866475,435,1178,807
4652.694555811235,4652.444555811235,4652.944555811235,1108,947,1028
4654.206412405436,4654.081412405436,4654.331412405436,1443,2056,1750
4653.154546214652,4653.029546214652,4653.279546214652,2379,1100,1740
4651.655561540275,4651.530561540275,4651.780561540275,869,2320,1595
4648.529988689139,4648.279988689139,4648.779988689139,886,1789,1338
4647.620440958915,4647.495440958915,4647.745440958915,1387,2406,1897
4645.662605016872,4645.537605016872,4645.787605016872,1049,2836,1943
4649.58624905469,4649.46124905469,4649.71124905469,1143,1538,1341
4647.13887852474,4646.88887852474,4647.38887852474,983,830,907
4651.152673307753,4650.902673307753,4651.402673307753,1333,2152,1743
4652.572558486066,4652.322558486066,4652.822558486066,1403,1080,1242
4654.94710070796,4654.82210070796,4655.07210070796,2306,1181,1744
4653.645197507151,4653.520197507151,4653.770197507151,1059,822,941
4657.8848167024,4657.7598167024,4658.0098167024,1049,618,834
4655.369761580687,4655.244761580687,4655.494761580687,1005,1194,1100
4655.821133078593,4655.696133078593,4655.946133078593,2119,970,1545
4654.610165491335,4654.485165491335,4654.735165491335,1872,859,1366
4651.097259784556,4650.972259784556,4651.222259784556,1420,1969,1695
4650.004891119093,4649.879891119093,4650.129891119093,1090,639,865
4648.1339322022795,4648.0089322022795,4648.2589322022795,1604,2153,1879
4646.194881286637,4645.944881286637,4646.444881286637,978,755,867
4646.346144791593,4646.096144791593,4646.596144791593,1428,1787,1608
4647.344231788707,4647.219231788707,4647.469231788707,1147,1468,1308
4650.3618416939335,4650.1118416939335,4650.6118416939335,2165,1694,1930
4656.666568928635,4656.416568928635,4656.916568928635,1108,809,959
4657.3154738977355,4656.9404738977355,4657.6904738977355,1637,906,1272
4655.370006716177,4655.120006716177,4655.620006716177,846,1889,1368
4657.093476051154,4656.718476051154,4657.468476051154,654,1229,942
4663.084834312784,4662.709834312784,4663.459834312784,2150,1603,1877
4666.697142812114,4666.447142812114,4666.947142812114,582,1229,906
4665.65090827996,4665.52590827996,4665.77590827996,1030,847,939
4669.437100962852,4669.312100962852,4669.562100962852,2451,1056,1754
4679.598679364619,4679.473679364619,4679.723679364619,2319,830,1575
4677.074310915914,4676.824310915914,4677.324310915914,1331,1870,1601
4675.991539679546,4675.866539679546,4676.116539679546,1594,2047,1821
4674.177041537627,4673.927041537627,4674.427041537627,962,663,813
4669.320283389404,4669.070283389404,4669.570283389404,842,1315,1079
4676.857449254144,4676.732449254144,4676.982449254144,1211,832,1022
4676.473677231101,4676.098677231101,4676.848677231101,2114,1073,1594
4684.161291994876,4684.036291994876,4684.286291994876,1858,2127,1993
4684.671763636847,4684.546763636847,4684.796763636847,1006,2161,1584
4689.847830064283,4689.722830064283,4689.972830064283,1366,493,930
4693.119070221962,4692.869070221962,4693.369070221962,2056,1455,1756
4696.177919588561,4696.052919588561,4696.302919588561,1163,2244,1704
4689.2410266467205,4689.1160266467205,4689.3660266467205,2188,829,1509
4695.882035975748,4695.757035975748,4696.007035975748,2197,850,1524
4698.4363704745565,4698.0613704745565,4698.8113704745565,1471,844,1158
4692.956954783657,4692.831954783657,4693.081954783657,1074,785,930
4694.789754630503,4694.539754630503,4695.039754630503,545,1152,849
4694.677158026877,4694.552158026877,4694.802158026877,2407,1534,1971
4695.375917358724,4695.250917358724,4695.500917358724,759,1488,1124
4694.581157152808,4694.331157152808,4694.831157152808,1970,1361,1666
4694.358428453473,4694.233428453473,4694.483428453473,2212,1355,1784
4692.78090777068,4692.53090777068,4693.03090777068,875,2286,1581
4695.677429353806,4695.427429353806,4695.927429353806,546,1629,1088
4700.668862289245,4700.543862289245,4700.793862289245,1362,637,1000
4693.024695712902,4692.899695712902,4693.149695712902,1531,2146,1839
4690.516501391899,4690.266501391899,4690.766501391899,2789,1018,1904
4689.907709524634,4689.782709524634,4690.032709524634,1268,925,1097
4682.926676899823,4682.801676899823,4683.051676899823,2290,1023,1657
4681.794878183907,4681.544878183907,4682.044878183907,1696,739,1218
4682.905916857332,4682.780916857332,4683.030916857332,1928,1817,1873
4682.5472083661825,4682.4222083661825,4682.6722083661825,860,1219,1040
4679.330047225533,4679.080047225533,4679.580047225533,884,2549,1717
4684.222728789153,4683.847728789153,4684.597728789153,1058,1419,1239
4682.180637453807,4682.055637453807,4682.305637453807,453,1288,871
4677.896404552111,4677.771404552111,4678.021404552111,1536,1761,1649
4677.432100098574,4677.057100098574,4677.807100098574,2350,1315,1833
4678.956861967231,4678.831861967231,4679.081861967231,642,1029,836
4675.167371178985,4674.917371178985,4675.417371178985,1946,1127,1537
4677.0675798277425,4676.8175798277425,4677.3175798277425,891,1010,951
4675.31892982433,4675.19392982433,4675.44392982433,934,781,858
4682.497945007008,4682.372945007008,4682.622945007008,1476,711,1094
4680.897643340557,4680.772643340557,4681.022643340557,1725,2020,1873
4684.672900338725,4684.547900338725,4684.797900338725,1017,1792,1405
4686.4568439842915,4686.3318439842915,4686.5818439842915,1266,1059,1163
4689.478401422158,4689.228401422158,4689.728401422158,2097,1092,1595
4693.6557507624675,4693.5307507624675,4693.7807507624675,1831,1214,1523
4696.439595748728,4696.189595748728,4696.689595748728,1650,1813,1732
4690.240567305112,4690.115567305112,4690.365567305112,866,823,845
4694.938212941972,4694.813212941972,4695.063212941972,1251,744,998
4691.638571987477,4691.513571987477,4691.763571987477,1399,2166,1783
4697.783666485006,4697.533666485006,4698.033666485006,1977,1188,1583
4694.6270512922365,4694.5020512922365,4694.7520512922365,612,1267,940
4689.047708049212,4688.922708049212,4689.172708049212,1688,937,1313
4683.524564766922,4683.149564766922,4683.899564766922,1142,2201,1672
4679.630492016214,4679.380492016214,4679.880492016214,966,1027,997
4679.122481970575,4678.997481970575,4679.247481970575,2120,1463,1792
4681.369085191967,4681.244085191967,4681.494085191967,2163,1790,1977
4674.222674751432,4674.097674751432,4674.347674751432,1513,1466,1490
4677.981821291211,4677.731821291211,4678.231821291211,2672,1137,1905
4678.811744566777,4678.686744566777,4678.936744566777,686,1815,1251
4684.69333464536,4684.56833464536,4684.81833464536,1031,872,952
4683.8603539941005,4683.7353539941005,4683.9853539941005,995,822,909
4680.014436251534,4679.889436251534,4680.139436251534,990,1577,1284
4683.349280810203,4683.099280810203,4683.599280810203,1533,2378,1956
4684.2533305537945,4684.1283305537945,4684.3783305537945,1965,916,1441
4691.65557097505,4691.53057097505,4691.78057097505,1041,640,841
4695.142417642721,4695.017417642721,4695.267417642721,1330,587,959
4699.236820118096,4699.111820118096,4699.361820118096,966,2563,1765
4700.96790972268,4700.84290972268,4701.09290972268,1638,815,1227
4698.644236849187,4698.519236849187,4698.769236849187,730,1893,1312
4697.800111256372,4697.425111256372,4698.175111256372,1861,976,1419
4702.779574617172,4702.654574617172,4702.904574617172,1132,2105,1619
4696.33520355928,4696.21020355928,4696.46020355928,641,1194,918
4698.498091396813,4698.373091396813,4698.623091396813,2098,1007,1553
4697.993464175671,4697.868464175671,4698.118464175671,2006,1793,1900
4698.527094076217,4698.402094076217,4698.652094076217,1085,1748,1417
4697.354531992615,4696.979531992615,4697.729531992615,1341,1706,1524
4698.998884271761,4698.748884271761,4699.248884271761,1149,2366,1758
4696.901485022018,4696.776485022018,4697.026485022018,1194,1963,1579
4698.820596844525,4698.570596844525,4699.070596844525,2154,1587,1871
4705.886895665618,4705.761895665618,4706.011895665618,1149,2842,1996
4707.355702315456,4707.230702315456,4707.480702315456,1893,892,1393
4711.507875156815,4711.257875156815,4711.757875156815,1265,994,1130
4709.9868983541255,4709.8618983541255,4710.1118983541255,1368,2005,1687
4714.783301791563,4714.533301791563,4715.033301791563,1979,1490,1735
4716.660816140625,4716.410816140625,4716.910816140625,670,1101,886
4719.878479377883,4719.753479377883,4720.003479377883,1516,1225,1371
4717.701315067569,4717.576315067569,4717.826315067569,1515,1686,1601
4714.004678674605,4713.879678674605,4714.129678674605,2151,1388,1770
4704.942099863326,4704.817099863326,4705.067099863326,1504,1167,1336
4705.440351450886,4705.315351450886,4705.565351450886,1578,779,1179
4703.081362892031,4702.831362892031,4703.331362892031,1107,1176,1142
4697.4946699211605,4697.3696699211605,4697.6196699211605,1419,832,1126
4702.804938425241,4702.679938425241,4702.929938425241,636,1869,1253
4705.523414065667,4705.398414065667,4705.648414065667,671,1032,852
4705.761156168846,4705.511156168846,4706.011156168846,975,2560,1768
4694.806456844189,4694.556456844189,4695.056456844189,799,820,810
4696.291279110382,4696.166279110382,4696.416279110382,1757,2158,1958
4695.562002415449,4695.437002415449,4695.687002415449,2575,1326,1951
4693.524132830454,4693.399132830454,4693.649132830454,2022,1445,1734
4692.663047102403,4692.413047102403,4692.913047102403,2272,771,1522
4689.324164578402,4689.074164578402,4689.574164578402,1533,1310,1422
4689.034817269405,4688.909817269405,4689.159817269405,2349,886,1618
4688.7176241244515,4688.4676241244515,4688.9676241244515,1592,569,1081
4691.015893366915,4690.890893366915,4691.140893366915,2791,1036,1914
4697.313768200304,4697.063768200304,4697.563768200304,1417,1920,1669
4700.017516171966,4699.892516171966,4700.142516171966,1512,993,1253
4701.418465485927,4701.293465485927,4701.543465485927,1249,2222,1736
4698.551709914444,4698.426709914444,4698.676709914444,1763,1788,1776
4690.43599867137,4690.31099867137,4690.56099867137,1930,987,1459
4690.246876970041,4690.121876970041,4690.371876970041,1282,1181,1232
4691.478163572442,4691.103163572442,4691.853163572442,2395,1512,1954
4685.941623570739,4685.691623570739,4686.191623570739,1864,1783,1824
4683.064665227728,4682.689665227728,4683.439665227728,1394,893,1144
4682.005862964427,4681.755862964427,4682.255862964427,1105,2636,1871
4689.251065331129,4689.001065331129,4689.501065331129,1584,1757,1671
4694.161284699475,4694.036284699475,4694.286284699475,823,1402,1113
4698.682623215141,4698.557623215141,4698.807623215141,557,1540,1049
4691.967136877444,4691.842136877444,4692.092136877444,578,1619,1099
4686.402768674539,4686.277768674539,4686.527768674539,1184,1853,1519
4681.042966162856,4680.917966162856,4681.167966162856,1801,1442,1622
4676.46867304998,4676.34367304998,4676.59367304998,2145,1436,1791
4677.347971810045,4677.097971810045,4677.597971810045,750,1179,965
4676.749450298652,4676.374450298652,4677.124450298652,1138,935,1037
4678.37736825002,4678.12736825002,4678.62736825002,1439,2078,1759
4678.2338360491685,4678.1088360491685,4678.3588360491685,1633,544,1089
4678.665100597107,4678.415100597107,4678.915100597107,1214,999,1107
4670.43017761588,4670.18017761588,4670.68017761588,1289,1024,1157
4677.537883263472,4677.412883263472,4677.662883263472,1868,1571,1720
4674.540664386481,4674.415664386481,4674.665664386481,1412,1941,1677
4680.519450658163,4680.394450658163,4680.644450658163,1481,1012,1247
4682.224380226233,4681.974380226233,4682.474380226233,826,917,872
4684.949615529597,4684.824615529597,4685.074615529597,2534,1461,1998
4689.610489569745,4689.485489569745,4689.735489569745,1425,1466,1446
4691.193863879956,4691.068863879956,4691.318863879956,1490,673,1082
4696.698244012255,4696.448244012255,4696.948244012255,2674,943,1809
4698.029214939983,4697.779214939983,4698.279214939983,1047,836,942
4699.283360422308,4699.158360422308,4699.408360422308,1051,1090,1071
4696.485892342268,4696.360892342268,4696.610892342268,796,917,857
4696.532245253719,4696.157245253719,4696.907245253719,2113,1242,1678
4704.651199451133,4704.526199451133,4704.776199451133,1494,905,1200
4703.062150289113,4702.812150289113,4703.312150289113,2178,1473,1826
4707.677239913111,4707.427239913111,4707.927239913111,1295,2512,1904
4702.621890564957,4702.496890564957,4702.746890564957,707,1472,1090
4700.9930628618595,4700.8680628618595,4701.1180628618595,746,943,845
4700.3202992824035,4700.1952992824035,4700.4452992824035,953,1752,1353
4696.2962299209785,4696.1712299209785,4696.4212299209785,1482,653,1068
4694.666979247507,4694.541979247507,4694.791979247507,1528,1601,1565
4698.042443389835,4697.792443389835,4698.292443389835,1120,2873,1997
4706.205201131079,4706.080201131079,4706.330201131079,1149,1146,1148
4706.404121754805,4706.154121754805,4706.654121754805,927,2332,1630
4702.421610544828,4702.171610544828,4702.671610544828,756,2201,1479
4700.401999594266,4700.276999594266,4700.526999594266,1497,2384,1941
4693.967025429073,4693.717025429073,4694.217025429073,828,2201,1515
4692.92624096107,4692.80124096107,4693.05124096107,1662,1515,1589
4690.126745994096,4690.001745994096,4690.251745994096,818,1373,1096
4678.407774752119,4678.282774752119,4678.532774752119,1373,1934,1654
4679.6024508452165,4679.4774508452165,4679.7274508452165,1403,1696,1550
4677.117402348303,4676.992402348303,4677.242402348303,1437,788,1113
4677.213073379787,4677.088073379787,4677.338073379787,821,1030,926
4674.345849510034,4674.095849510034,4674.595849510034,580,1085,833
4676.133695929956,4675.883695929956,4676.383695929956,1504,1591,1548
4670.258337842618,4670.133337842618,4670.383337842618,2658,1207,1933
4672.080300092791,4671.955300092791,4672.205300092791,1260,733,997
4668.211132889407,4668.086132889407,4668.336132889407,1122,2027,1575
4666.965171666375,4666.590171666375,4667.340171666375,1051,1396,1224
4668.503169098434,4668.378169098434,4668.628169098434,2524,955,1740
4673.90168089093,4673.77668089093,4674.02668089093,2163,1166,1665
4669.9844405242075,4669.8594405242075,4670.1094405242075,1941,770,1356
4673.283145671605,4673.158145671605,4673.408145671605,1703,616,1160
4671.29883205585,4671.17383205585,4671.42383205585,1985,1006,1496
4670.297249079706,4670.172249079706,4670.422249079706,888,1759,1324
4664.135581621232,4663.885581621232,4664.385581621232,1810,1511,1661
4658.251992053769,4658.126992053769,4658.376992053769,1259,456,858
4654.787298378639,4654.662298378639,4654.912298378639,2092,1309,1701
4653.4010555467685,4653.1510555467685,4653.6510555467685,1151,1650,1401
4654.569162618787,4654.444162618787,4654.694162618787,1010,753,882
4651.305625561772,4651.180625561772,4651.430625561772,1216,433,825
4654.448345522395,4654.198345522395,4654.698345522395,903,1152,1028
4649.89703939481,4649.52203939481,4650.27203939481,802,1723,1263
4652.327928425427,4652.202928425427,4652.452928425427,1676,695,1186
4653.870407922728,4653.745407922728,4653.995407922728,1081,1238,1160
4650.068729665062,4649.943729665062,4650.193729665062,1183,2152,1668
4652.903025705466,4652.653025705466,4653.153025705466,1076,1685,1381
4657.34692775399,4657.09692775399,4657.59692775399,1278,847,1063
4652.879348417093,4652.629348417093,4653.129348417093,1040,1769,1405
4656.538056657174,4656.413056657174,4656.663056657174,1578,995,1287
4655.9259439955995,4655.6759439955995,4656.1759439955995,1267,1614,1441
4660.992058855109,4660.742058855109,4661.242058855109,2421,1444,1933
4660.674017156344,4660.424017156344,4660.924017156344,1157,570,864
4653.702500499509,4653.577500499509,4653.827500499509,591,1498,1045
4652.216488153431,4651.966488153431,4652.466488153431,1425,662,1044
4655.2147192248485,4655.0897192248485,4655.3397192248485,1509,1906,1708
4655.665363004445,4655.415363004445,4655.915363004445,1598,1901,1750
4653.350581596416,4652.975581596416,4653.725581596416,1604,1209,1407
4654.82807379421,4654.70307379421,4654.95307379421,813,1166,990
4651.879406522472,4651.754406522472,4652.004406522472,2305,940,1623
4653.989345973564,4653.864345973564,4654.114345973564,936,751,844
4653.590058873533,4653.215058873533,4653.965058873533,2510,897,1704
4653.903165306256,4653.653165306256,4654.153165306256,1636,809,1223
4652.749844532228,4652.624844532228,4652.874844532228,760,1317,1039
4654.4141577975515,4654.2891577975515,4654.5391577975515,1275,2604,1940
4655.774414055735,4655.649414055735,4655.899414055735,1315,1454,1385
4653.917139263727,4653.792139263727,4654.042139263727,2458,997,1728
4654.09457851529,4653.96957851529,4654.21957851529,461,1274,868
4652.687462092171,4652.562462092171,4652.812462092171,1149,1926,1538
4652.49904710112,4652.37404710112,4652.62404710112,935,1272,1104
4646.742622767314,4646.492622767314,4646.992622767314,1158,999,1079
4646.150906174547,4645.900906174547,4646.400906174547,1180,2693,1937
4642.796632463337,4642.671632463337,4642.921632463337,1421,1412,1417
4639.194030895409,4638.944030895409,4639.444030895409,1097,560,829
4636.70523945652,4636.45523945652,4636.95523945652,2547,1394,1971
4633.621140987566,4633.371140987566,4633.871140987566,828,939,884
4634.4364743091965,4634.3114743091965,4634.5614743091965,2359,1156,1758
4638.444238839179,4638.319238839179,4638.569238839179,1708,2029,1869
4637.674949932244,4637.424949932244,4637.924949932244,1009,1056,1033
4642.2106272385345,4642.0856272385345,4642.3356272385345,1940,1909,1925
4642.809274890299,4642.684274890299,4642.934274890299,704,1739,1222
4646.71050981566,4646.33550981566,4647.08550981566,702,1965,1334
4645.424922389138,4645.174922389138,4645.674922389138,1868,1347,1608
4646.139857952082,4645.889857952082,4646.389857952082,1347,2114,1731
4645.8339085322295,4645.7089085322295,4645.9589085322295,596,1423,1010
4644.919202883806,4644.544202883806,4645.294202883806,1556,1621,1589
4643.0348951215165,4642.9098951215165,4643.1598951215165,1221,798,1010
4645.590062816572,4645.465062816572,4645.715062816572,2575,1106,1841
4644.345099963756,4644.095099963756,4644.595099963756,1213,1126,1170
4647.602307930524,4647.477307930524,4647.727307930524,818,1275,1047
4642.97612110146,4642.72612110146,4643.22612110146,1519,2222,1871
4643.7942361701325,4643.5442361701325,4644.0442361701325,2223,1478,1851
4638.464008264489,4638.214008264489,4638.714008264489,2236,1299,1768
4637.405647215184,4637.030647215184,4637.780647215184,1280,1433,1357
4640.2422763162285,4640.1172763162285,4640.3672763162285,1533,1084,1309
4640.234610685816,4640.109610685816,4640.359610685816,811,2434,1623
4642.80603882308,4642.55603882308,4643.05603882308,1479,790,1135
4644.808054207331,4644.683054207331,4644.933054207331,2034,1081,1558
4645.141725076051,4645.016725076051,4645.266725076051,943,2710,1827
4644.616610071884,4644.491610071884,4644.741610071884,1357,754,1056
4646.10444432633,4645.85444432633,4646.35444432633,1255,852,1054
4647.92128225823,4647.79628225823,4648.04628225823,2012,899,1456
4647.256275451092,4647.131275451092,4647.381275451092,1504,893,1199
4648.493665232794,4648.368665232794,4648.618665232794,925,2592,1759
4646.649899614099,4646.274899614099,4647.024899614099,1564,819,1192
4645.931258980126,4645.681258980126,4646.181258980126,1181,862,1022
4646.639052349825,4646.389052349825,4646.889052349825,1179,596,888
4650.213778358097,4650.088778358097,4650.338778358097,846,1265,1056
4645.485117152377,4645.360117152377,4645.610117152377,1065,1612,1339
4646.789843639403,4646.664843639403,4646.914843639403,900,1479,1190
4645.655980814075,4645.530980814075,4645.780980814075,1749,1118,1434
4647.937310172144,4647.812310172144,4648.062310172144,1141,1408,1275
4647.9355583468805,4647.8105583468805,4648.0605583468805,768,1037,903
4646.227798795912,4645.977798795912,4646.477798795912,1620,877,1249
4644.751318952367,4644.626318952367,4644.876318952367,1724,2105,1915
4646.348381010161,4646.223381010161,4646.473381010161,916,1705,1311
4644.82419826801,4644.69919826801,4644.94919826801,830,1473,1152
4645.9355090888,4645.8105090888,4646.0605090888,1169,932,1051
4647.855066928579,4647.730066928579,4647.980066928579,2035,1700,1868
4648.373592200966,4647.998592200966,4648.748592200966,952,995,974
4649.230177588821,4649.105177588821,4649.355177588821,732,1897,1315
4650.461657162601,4650.336657162601,4650.586657162601,1179,2058,1619
4654.203945458106,4653.953945458106,4654.453945458106,1365,1308,1337
4656.862565471279,4656.737565471279,4656.987565471279,865,1194,1030
4655.348774459994,4655.098774459994,4655.598774459994,1560,653,1107
4658.8440416238345,4658.5940416238345,4659.0940416238345,1213,1732,1473
4657.889403353351,4657.514403353351,4658.264403353351,982,2221,1602
4657.451141395987,4657.201141395987,4657.701141395987,1615,1230,1423
4659.666704394951,4659.416704394951,4659.916704394951,2330,1201,1766
4661.57699712483,4661.45199712483,4661.70199712483,1693,1080,1387
4657.804604250411,4657.679604250411,4657.929604250411,1266,1387,1327
4657.331476807014,4657.206476807014,4657.456476807014,1591,738,1165
4657.3223713338675,4657.0723713338675,4657.5723713338675,1853,1294,1574
4654.525764252376,4654.275764252376,4654.775764252376,2342,1541,1942
4652.229922592285,4652.104922592285,4652.354922592285,2191,1162,1677
4651.8031566269165,4651.6781566269165,4651.9281566269165,1115,986,1051
4648.319864594245,4647.944864594245,4648.694864594245,1236,1535,1386
4651.683145292266,4651.308145292266,4652.058145292266,2473,1256,1865
4653.311929520087,4653.061929520087,4653.561929520087,1035,696,866
4650.590815108044,4650.340815108044,4650.840815108044,1824,939,1382
4646.029020573789,4645.779020573789,4646.279020573789,1065,2670,1868
4645.280803176702,4645.155803176702,4645.405803176702,1399,2038,1719
4645.227226231713,4645.102226231713,4645.352226231713,1551,1570,1561
4646.961392484663,4646.711392484663,4647.211392484663,1134,1311,1223
4644.46671755573,4644.34171755573,4644.59171755573,1110,971,1041
4641.147566039354,4641.022566039354,4641.272566039354,2518,1103,1811
4639.398666217754,4639.273666217754,4639.523666217754,853,1224,1039
4639.506329902884,4639.381329902884,4639.631329902884,712,1067,890
4640.175697106282,4640.050697106282,4640.300697106282,1781,1538,1660
4637.838281644517,4637.588281644517,4638.088281644517,2673,910,1792
4635.1165544131445,4634.9915544131445,4635.2415544131445,959,2816,1888
4634.570918258549,4634.445918258549,4634.695918258549,1346,815,1081
4633.221953894825,4633.096953894825,4633.346953894825,799,838,819
4632.6191880709275,4632.4941880709275,4632.7441880709275,1574,1225,1400
4634.090096637549,4633.715096637549,4634.465096637549,2279,1264,1772
4635.22695046348,4635.10195046348,4635.35195046348,1581,2210,1896
4634.550928106577,4634.425928106577,4634.675928106577,709,1204,957
4634.191634257665,4634.066634257665,4634.316634257665,1008,1159,1084
4634.236451945101,4634.111451945101,4634.361451945101,1601,1312,1457
4637.554606340579,4637.304606340579,4637.804606340579,963,1654,1309
4635.309580260598,4635.184580260598,4635.434580260598,1452,1063,1258
4634.173697744607,4633.798697744607,4634.548697744607,1234,1799,1517
4633.437992605443,4633.187992605443,4633.687992605443,1296,1599,1448
4630.0693969840795,4629.9443969840795,4630.1943969840795,1488,1091,1290
4632.391960693385,4632.266960693385,4632.516960693385,735,966,851
4632.241789916188,4632.116789916188,4632.366789916188,910,2485,1698
4631.3219751641645,4631.0719751641645,4631.5719751641645,1352,2343,1848
4632.510377785697,4632.260377785697,4632.760377785697,1161,1068,1115
4625.768965459179,4625.643965459179,4625.893965459179,1963,1100,1532
4626.447692940662,4626.322692940662,4626.572692940662,1105,1776,1441
4627.0073457827375,4626.8823457827375,4627.1323457827375,2727,988,1858
4629.4166923948205,4629.2916923948205,4629.5416923948205,1864,1359,1612
4629.053102899083,4628.928102899083,4629.178102899083,1591,1230,1411
4629.743277960124,4629.493277960124,4629.993277960124,2723,920,1822
4630.756605014778,4630.631605014778,4630.881605014778,1836,691,1264
4631.379300704092,4631.254300704092,4631.504300704092,972,1971,1472
4628.710435864316,4628.460435864316,4628.960435864316,1036,1035,1036
4629.354779802622,4629.104779802622,4629.604779802622,715,1518,1117
4628.483385749859,4628.358385749859,4628.608385749859,2488,971,1730
4624.701775499993,4624.576775499993,4624.826775499993,1585,542,1064
4624.222976952376,4623.972976952376,4624.472976952376,2257,1054,1656
4622.221005992762,4622.096005992762,4622.346005992762,1351,472,912
4623.862207197429,4623.737207197429,4623.987207197429,870,1295,1083
4625.0554779043505,4624.6804779043505,4625.4304779043505,2362,1009,1686
4622.699429009993,4622.324429009993,4623.074429009993,1096,997,1047
4628.892626801397,4628.767626801397,4629.017626801397,1637,1754,1696
4629.136738630107,4628.761738630107,4629.511738630107,901,810,856
4626.520959787879,4626.395959787879,4626.645959787879,1666,1159,1413
4627.310544826994,4627.185544826994,4627.435544826994,1755,800,1278
4628.433309091366,4628.308309091366,4628.558309091366,812,2223,1518
4628.280736469509,4628.155736469509,4628.405736469509,1101,1390,1246
4624.148511336215,4624.023511336215,4624.273511336215,1277,1026,1152
4623.020191876556,4622.895191876556,4623.145191876556,789,2268,1529
4622.423547135681,4622.173547135681,4622.673547135681,882,1393,1138
4620.913371017344,4620.788371017344,4621.038371017344,792,2225,1509
4622.866209559131,4622.741209559131,4622.991209559131,1161,1374,1268
4624.571955875655,4624.446955875655,4624.696955875655,899,1434,1167
4626.821692595262,4626.696692595262,4626.946692595262,1117,592,855
4625.072925562752,4624.947925562752,4625.197925562752,1279,2140,1710
4630.400960305051,4630.150960305051,4630.650960305051,2477,858,1668
4631.546846855098,4631.421846855098,4631.671846855098,1145,486,816
4631.259977884842,4631.134977884842,4631.384977884842,2414,1265,1840
4631.24584039223,4630.87084039223,4631.62084039223,825,1496,1161
4628.628439192444,4628.503439192444,4628.753439192444,1091,1502,1297
4631.336821574326,4631.211821574326,4631.461821574326,406,1217,812
4633.53517295168,4633.28517295168,4633.78517295168,1383,810,1097
4633.270092783742,4632.895092783742,4633.645092783742,2255,1634,1945
4632.659407750197,4632.409407750197,4632.909407750197,1424,787,1106
4631.287940354337,4631.162940354337,4631.412940354337,971,2028,1500
4630.591704901272,4630.341704901272,4630.841704901272,1218,1863,1541
4628.051895317958,4627.926895317958,4628.176895317958,2076,1645,1861
4625.1947178126275,4625.0697178126275,4625.3197178126275,1123,780,952
4623.284158361772,4622.909158361772,4623.659158361772,2505,1316,1911
4622.452313113517,4622.327313113517,4622.577313113517,1630,1451,1541
4624.624401839859,4624.374401839859,4624.874401839859,1542,2173,1858
4627.521545689597,4627.396545689597,4627.646545689597,1105,1966,1536
4625.92768044418,4625.55268044418,4626.30268044418,1421,622,1022
4629.773814021329,4629.523814021329,4630.023814021329,2101,1770,1936
4630.889924717312,4630.639924717312,4631.139924717312,1066,745,906
4627.4875372879815,4627.3625372879815,4627.6125372879815,1667,1454,1561
4626.021448956818,4625.771448956818,4626.271448956818,1351,680,1016
4625.141346592516,4625.016346592516,4625.266346592516,1267,1784,1526
4624.407257798581,4624.282257798581,4624.532257798581,1941,1246,1594
4622.913228607034,4622.788228607034,4623.038228607034,1676,1709,1693
4623.157587225369,4623.032587225369,4623.282587225369,1636,1901,1769
4620.117698609118,4619.742698609118,4620.492698609118,1953,672,1313
4620.581196848666,4620.206196848666,4620.956196848666,1013,1408,1211
4622.704487128223,4622.579487128223,4622.829487128223,1639,592,1116
4620.219198750761,4619.969198750761,4620.469198750761,732,1485,1109
4618.653005128531,4618.528005128531,4618.778005128531,1386,1165,1276
4617.060690558188,4616.935690558188,4617.185690558188,1157,494,826
4618.5112530254855,4618.3862530254855,4618.6362530254855,706,1145,926
4617.8726864563505,4617.7476864563505,4617.9976864563505,1748,605,1177
4618.803809124924,4618.553809124924,4619.053809124924,2651,1228,1940
4623.280760299154,4623.155760299154,4623.405760299154,1248,2277,1763
4625.796562111445,4625.671562111445,4625.921562111445,2048,799,1424
4623.851729182076,4623.601729182076,4624.101729182076,1007,2914,1961
4623.879186400183,4623.629186400183,4624.129186400183,1548,1751,1650
4622.007091136534,4621.882091136534,4622.132091136534,1140,783,962
4623.323386961612,4623.198386961612,4623.448386961612,1637,908,1273
4624.299827781638,4624.174827781638,4624.424827781638,1187,1668,1428
4625.446921652261,4625.321921652261,4625.571921652261,686,1569,1128
4626.200296719091,4625.950296719091,4626.450296719091,1685,1358,1522
4623.910126840533,4623.785126840533,4624.035126840533,1750,1035,1393
4622.133293683243,4622.008293683243,4622.258293683243,1164,1839,1502
4623.789881335083,4623.414881335083,4624.164881335083,1320,979,1150
4624.267814149533,4624.142814149533,4624.392814149533,767,1246,1007
4628.114316783377,4627.864316783377,4628.364316783377,827,1606,1217
4629.371066040438,4628.996066040438,4629.746066040438,693,1440,1067
4627.222863715857,4627.097863715857,4627.347863715857,658,1923,1291
4628.267495130641,4628.142495130641,4628.392495130641,1025,2186,1606
4630.562389414903,4630.437389414903,4630.687389414903,1027,2042,1535
4629.554746956169,4629.429746956169,4629.679746956169,1827,946,1387
4629.033731300487,4628.908731300487,4629.158731300487,1252,1047,1150
4631.542688784541,4631.417688784541,4631.667688784541,2086,1575,1831
4632.626928779208,4632.501928779208,4632.751928779208,1232,2637,1935
4632.504870854038,4632.254870854038,4632.754870854038,1894,895,1395
4633.576171433682,4633.451171433682,4633.701171433682,1213,762,988
4630.273888744804,4630.023888744804,4630.523888744804,547,1580,1064
4627.578220977927,4627.453220977927,4627.703220977927,2658,1299,1979
4630.250568673668,4630.125568673668,4630.375568673668,816,1457,1137
4627.083542414884,4626.958542414884,4627.208542414884,2135,1388,1762
4622.030891749003,4621.780891749003,4622.280891749003,2090,1889,1990
4615.761418567232,4615.511418567232,4616.011418567232,2945,1018,1982
4618.6148691184635,4618.3648691184635,4618.8648691184635,1869,626,1248
4618.541216453534,4618.416216453534,4618.666216453534,915,2590,1753
4618.587199622156,4618.462199622156,4618.712199622156,1736,1083,1410
4619.79995983429,4619.67495983429,4619.92495983429,1338,1617,1478
4621.922418239561,4621.797418239561,4622.047418239561,1707,1444,1576
4613.340533914273,4613.215533914273,4613.465533914273,1120,889,1005
4615.4481353641895,4615.3231353641895,4615.5731353641895,935,2628,1782
4612.768381733651,4612.643381733651,4612.893381733651,989,1818,1404
4613.761696403178,4613.636696403178,4613.886696403178,1138,897,1018
4620.4564366314435,4620.2064366314435,4620.7064366314435,1482,1835,1659
4622.469598061898,4622.344598061898,4622.594598061898,1631,618,1125
4622.177744465238,4622.052744465238,4622.302744465238,1061,884,973
4625.856944584178,4625.731944584178,4625.981944584178,1522,2423,1973
4628.725475309019,4628.350475309019,4629.100475309019,2097,966,1532
4630.187566100099,4629.812566100099,4630.562566100099,1157,1686,1422
4632.579907211832,4632.329907211832,4632.829907211832,951,1232,1092
4644.155363577386,4644.030363577386,4644.280363577386,2303,1530,1917
4643.210695612262,4643.085695612262,4643.335695612262,814,875,845
4642.4727360454435,4642.2227360454435,4642.7227360454435,1078,1383,1231
4648.007765981039,4647.757765981039,4648.257765981039,1566,1193,1380
4651.07345641707,4650.94845641707,4651.19845641707,1580,539,1060
4648.919303451228,4648.669303451228,4649.169303451228,998,1201,1100
4647.996681657936,4647.871681657936,4648.121681657936,921,1550,1236
4643.603342328453,4643.353342328453,4643.853342328453,721,886,804
4642.943939414485,4642.818939414485,4643.068939414485,1319,558,939
4644.607216364882,4644.482216364882,4644.732216364882,1934,1283,1609
4646.723653753552,4646.598653753552,4646.848653753552,1259,620,940
4646.728684398327,4646.478684398327,4646.978684398327,1178,2595,1887
4649.194644132145,4649.069644132145,4649.319644132145,1240,1273,1257
4651.944319159975,4651.819319159975,4652.069319159975,1402,1853,1628
4654.776627430539,4654.651627430539,4654.901627430539,2316,1183,1750
4659.610139256525,4659.485139256525,4659.735139256525,1510,1675,1593
4658.435009885427,4658.310009885427,4658.560009885427,629,1098,864
4657.515180450797,4657.140180450797,4657.890180450797,1271,1730,1501
4661.533244580596,4661.408244580596,4661.658244580596,1777,2204,1991
4666.632281508724,4666.507281508724,4666.757281508724,1625,558,1092
4670.8305572997,4670.7055572997,4670.9555572997,835,1792,1314
4674.48316612281,4674.35816612281,4674.60816612281,1356,655,1006
4668.230944248044,4668.105944248044,4668.355944248044,1414,1151,1283
4667.788669174241,4667.413669174241,4668.163669174241,1051,1318,1185
4669.183300860643,4669.058300860643,4669.308300860643,2010,1981,1996
4673.430501773247,4673.055501773247,4673.805501773247,684,1105,895
4673.2970453039125,4673.0470453039125,4673.5470453039125,1569,986,1278
4670.219753206672,4669.969753206672,4670.469753206672,1937,820,1379
4672.216265728126,4671.966265728126,4672.466265728126,1854,1325,1590
4667.128132585671,4667.003132585671,4667.253132585671,1244,2493,1869
4667.336677453636,4667.211677453636,4667.461677453636,1245,2734,1990
4663.20590673086,4663.08090673086,4663.33090673086,912,917,915
4673.284480751973,4673.159480751973,4673.409480751973,1759,1328,1544
4677.45560669414,4677.33060669414,4677.58060669414,1602,929,1266
4677.645567195504,4677.520567195504,4677.770567195504,897,1256,1077
4682.980802091488,4682.730802091488,4683.230802091488,1015,1452,1234
4684.359489212237,4684.234489212237,4684.484489212237,685,1238,962
4681.29445305173,4681.16945305173,4681.41945305173,778,1689,1234
4683.427998644022,4683.302998644022,4683.552998644022,2590,1139,1865
4683.585793761559,4683.460793761559,4683.710793761559,2015,1116,1566
4682.883206445618,4682.758206445618,4683.008206445618,1610,2257,1934
4682.555372207402,4682.180372207402,4682.930372207402,817,2430,1624
4690.008201801293,4689.883201801293,4690.133201801293,1076,1733,1405
4682.81913689314,4682.69413689314,4682.94413689314,1505,564,1035
4686.223488252033,4686.098488252033,4686.348488252033,1389,816,1103
4683.842696204597,4683.717696204597,4683.967696204597,1499,1984,1742
4683.949364346357,4683.699364346357,4684.199364346357,1001,728,865
4680.091828212749,4679.841828212749,4680.341828212749,2113,1354,1734
4683.1917433684375,4683.0667433684375,4683.3167433684375,1094,691,893
4685.930447082008,4685.680447082008,4686.180447082008,2123,792,1458
4687.355813946731,4687.105813946731,4687.605813946731,1321,1508,1415
4686.632869114728,4686.507869114728,4686.757869114728,732,2183,1458
4691.151491048615,4691.026491048615,4691.276491048615,2812,1055,1934
4686.831202801625,4686.581202801625,4687.081202801625,1995,1488,1742
4683.98760797743,4683.73760797743,4684.23760797743,733,1818,1276
4679.697583312081,4679.572583312081,4679.822583312081,1396,645,1021
4678.313930984294,4678.063930984294,4678.563930984294,912,989,951
4680.277727041006,4680.152727041006,4680.402727041006,1415,774,1095
4678.574781240826,4678.449781240826,4678.699781240826,2230,939,1585
4678.742959950401,4678.617959950401,4678.867959950401,1377,580,979
4680.482480979673,4680.232480979673,4680.732480979673,1009,2880,1945
4679.876341663879,4679.626341663879,4680.126341663879,1492,1143,1318
4677.799608582881,4677.549608582881,4678.049608582881,1176,557,867
4675.079785110172,4674.829785110172,4675.329785110172,1125,508,817
4677.209493600772,4677.084493600772,4677.334493600772,639,1240,940
4680.569888055096,4680.319888055096,4680.819888055096,641,1146,894
4683.160521336607,4683.035521336607,4683.285521336607,1215,1488,1352
4688.097842113192,4687.847842113192,4688.347842113192,1162,2221,1692
4694.821502860521,4694.446502860521,4695.196502860521,1913,1668,1791
4697.3617495815515,4697.2367495815515,4697.4867495815515,1477,1336,1407
4697.685983892121,4697.560983892121,4697.810983892121,2264,1103,1684
4693.196841584257,4693.071841584257,4693.321841584257,664,1031,848
4697.522856764871,4697.147856764871,4697.897856764871,1126,2751,1939
4698.687000324348,4698.562000324348,4698.812000324348,724,1335,1030
4700.95957253745,4700.83457253745,4701.08457253745,1298,681,990
4702.858521743883,4702.733521743883,4702.983521743883,670,1715,1193
4705.885985059667,4705.635985059667,4706.135985059667,1594,2173,1884
4704.468820002116,4704.343820002116,4704.593820002116,850,2521,1686
4709.065984186657,4708.940984186657,4709.190984186657,874,2543,1709
4712.331497566872,4712.206497566872,4712.456497566872,1510,2437,1974
4716.668674084031,4716.543674084031,4716.793674084031,805,1558,1182
4710.648282830766,4710.398282830766,4710.898282830766,1150,2779,1965
4711.913431171852,4711.788431171852,4712.038431171852,1801,1882,1842
4717.092422409395,4716.967422409395,4717.217422409395,700,1821,1261
4715.800600249228,4715.675600249228,4715.925600249228,950,1481,1216
4717.4092326988975,4717.2842326988975,4717.5342326988975,904,1713,1309
4721.59086804197,4721.46586804197,4721.71586804197,1219,874,1047
4720.449220311761,4720.199220311761,4720.699220311761,673,1376,1025
4716.692092522073,4716.567092522073,4716.817092522073,1181,1174,1178
4714.488528707043,4714.363528707043,4714.613528707043,946,2379,1663
4717.659176215413,4717.534176215413,4717.784176215413,783,896,840
4722.239939291797,4722.114939291797,4722.364939291797,1551,602,1077
4721.158609021904,4720.908609021904,4721.408609021904,1802,783,1293
4720.70615575977,4720.58115575977,4720.83115575977,561,1276,919
4724.822879240314,4724.447879240314,4725.197879240314,1720,919,1320
4732.407887431543,4732.282887431543,4732.532887431543,684,1613,1149
4735.070209495439,4734.945209495439,4735.195209495439,1369,1854,1612
4733.928908255193,4733.803908255193,4734.053908255193,747,1528,1138
4728.402838668661,4728.277838668661,4728.527838668661,1083,1186,1135
4725.573898273815,4725.448898273815,4725.698898273815,859,1584,1222
4731.265617219749,4731.140617219749,4731.390617219749,2500,1439,1970
4731.688281293735,4731.563281293735,4731.813281293735,2287,1416,1852
4736.220150513632,4735.970150513632,4736.470150513632,1245,1552,1399
4738.314806841644,4738.189806841644,4738.439806841644,1687,590,1139
4739.33079016237,4739.20579016237,4739.45579016237,1414,1421,1418
4743.994340652417,4743.869340652417,4744.119340652417,1290,553,922
4743.696412046546,4743.446412046546,4743.946412046546,919,1832,1376
4743.75017102851,4743.37517102851,4744.12517102851,551,1180,866
4750.8019480400735,4750.5519480400735,4751.0519480400735,525,1120,823
4754.124735252838,4753.999735252838,4754.249735252838,1801,2178,1990
4759.074707181154,4758.824707181154,4759.324707181154,1114,1027,1071
4759.421878433461,4759.171878433461,4759.671878433461,1321,480,901
4760.37232845132,4760.24732845132,4760.49732845132,1162,1417,1290
4753.659987130224,4753.409987130224,4753.909987130224,2173,936,1555
4751.721477493777,4751.596477493777,4751.846477493777,2480,847,1664
4757.088164895632,4756.963164895632,4757.213164895632,1877,968,1423
4760.888866299878,4760.513866299878,4761.263866299878,541,1580,1061
4760.592739079675,4760.467739079675,4760.717739079675,785,898,842
4766.317852371732,4766.067852371732,4766.567852371732,996,731,864
4770.6079370765165,4770.2329370765165,4770.9829370765165,2090,1067,1579
4773.343470980022,4773.093470980022,4773.593470980022,1483,612,1048
4773.520487198575,4773.395487198575,4773.645487198575,869,2222,1546
4773.7643086108865,4773.6393086108865,4773.8893086108865,1360,1975,1668
4769.714567159697,4769.464567159697,4769.964567159697,1566,1737,1652
4767.455870430827,4767.205870430827,4767.705870430827,847,948,898
4767.1109495451465,4766.7359495451465,4767.4859495451465,781,1952,1367
4763.792666920718,4763.542666920718,4764.042666920718,1136,901,1019
4766.664906318337,4766.539906318337,4766.789906318337,1271,612,942
4764.877197163851,4764.502197163851,4765.252197163851,2182,1409,1796
4765.198466421651,4764.948466421651,4765.448466421651,1037,2776,1907
4761.860705623816,4761.735705623816,4761.985705623816,1429,2400,1915
4769.790374217983,4769.540374217983,4770.040374217983,654,1173,914
4773.462099235139,4773.337099235139,4773.587099235139,1450,1065,1258
4779.63708507299,4779.51208507299,4779.76208507299,979,1862,1421
4784.2313315107995,4783.8563315107995,4784.6063315107995,1579,1574,1577
4782.566559869078,4782.441559869078,4782.691559869078,1388,1041,1215
4778.448844151094,4778.323844151094,4778.573844151094,1589,602,1096
4782.497476899233,4782.247476899233,4782.747476899233,1300,1221,1261
4787.322068762953,4787.197068762953,4787.447068762953,1572,925,1249
4788.83596555893,4788.71096555893,4788.96096555893,1731,1224,1478
4784.566936769587,4784.441936769587,4784.691936769587,1406,2251,1829
4780.817763329003,4780.567763329003,4781.067763329003,984,735,860
4778.843643695007,4778.718643695007,4778.968643695007,1013,2370,1692
4776.201937841036,4776.076937841036,4776.326937841036,1410,797,1104
4772.193150488794,4771.943150488794,4772.443150488794,1794,731,1263
4769.978945652364,4769.853945652364,4770.103945652364,1243,552,898
4769.12132501952,4768.99632501952,4769.24632501952,972,2129,1551
4776.647285087763,4776.522285087763,4776.772285087763,1754,1403,1579
4772.015159324195,4771.890159324195,4772.140159324195,930,2291,1611
4778.367641210849,4778.242641210849,4778.492641210849,1541,1634,1588
4781.088219679001,4780.963219679001,4781.213219679001,730,1063,897
4778.277698988797,4778.152698988797,4778.402698988797,1394,983,1189
4777.088026374234,4776.838026374234,4777.338026374234,1952,1027,1490
4777.936126110061,4777.686126110061,4778.186126110061,1012,2757,1885
4775.096890534095,4774.846890534095,4775.346890534095,1186,1775,1481
4778.496891330636,4778.121891330636,4778.871891330636,1872,1059,1466
4780.680716341437,4780.430716341437,4780.930716341437,2230,1649,1940
4780.177852893484,4780.052852893484,4780.302852893484,1635,1952,1794
4776.03308494403,4775.78308494403,4776.28308494403,1307,2056,1682
4772.2886032884235,4771.9136032884235,4772.6636032884235,1580,847,1214
4773.540994485097,4773.415994485097,4773.665994485097,1172,2047,1610
4771.564116120988,4771.439116120988,4771.689116120988,1235,672,954
4771.06557187494,4770.81557187494,4771.31557187494,1641,1642,1642
4775.566516801283,4775.441516801283,4775.691516801283,1552,1249,1401
4778.182111096016,4778.057111096016,4778.307111096016,1409,990,1200
4786.836868797022,4786.586868797022,4787.086868797022,1672,1479,1576
4788.000607591396,4787.750607591396,4788.250607591396,1490,1195,1343
4786.32145651117,4786.19645651117,4786.44645651117,1409,1128,1269
4790.784301571543,4790.534301571543,4791.034301571543,1711,798,1255
4790.398518698937,4790.273518698937,4790.523518698937,1682,1601,1642
4787.865975391454,4787.740975391454,4787.990975391454,938,965,952
4788.034909694285,4787.909909694285,4788.159909694285,2800,969,1885
4787.0781279521725,4786.7031279521725,4787.4531279521725,1068,783,926
4786.808771123869,4786.558771123869,4787.058771123869,1346,2451,1899
4784.467629598423,4784.342629598423,4784.592629598423,1235,598,917
4783.942566535386,4783.692566535386,4784.192566535386,1437,716,1077
4779.753481039857,4779.628481039857,4779.878481039857,1761,1634,1698
4781.630113858878,4781.505113858878,4781.755113858878,2643,1110,1877
4786.611129159154,4786.361129159154,4786.861129159154,730,1727,1229
4779.557463309285,4779.307463309285,4779.807463309285,1651,1436,1544
4766.878346860731,4766.628346860731,4767.128346860731,449,1268,859
4768.748876767043,4768.623876767043,4768.873876767043,2377,1090,1734
4769.990681602159,4769.865681602159,4770.115681602159,1194,1519,1357
4768.424194574684,4768.174194574684,4768.674194574684,673,2018,1346
4759.16423524908,4759.03923524908,4759.28923524908,662,1147,905
4764.433880477999,4764.058880477999,4764.808880477999,1998,1177,1588
4775.281354236483,4775.156354236483,4775.406354236483,1212,1641,1427
4774.009837646991,4773.634837646991,4774.384837646991,2150,1471,1811
4774.285932574534,4774.160932574534,4774.410932574534,1930,711,1321
4773.032983399063,4772.657983399063,4773.407983399063,1889,1494,1692
4770.926328770571,4770.801328770571,4771.051328770571,1002,871,937
4771.693376921567,4771.443376921567,4771.943376921567,2051,702,1377
4772.862604203551,4772.737604203551,4772.987604203551,1543,1524,1534
4768.584135321882,4768.459135321882,4768.709135321882,1215,1228,1222
4757.577763001767,4757.327763001767,4757.827763001767,1091,998,1045
4750.657581129859,4750.532581129859,4750.782581129859,2209,1378,1794
4750.511111703997,4750.261111703997,4750.761111703997,1575,860,1218
4754.672104305902,4754.422104305902,4754.922104305902,2105,1864,1985
4752.246068850507,4752.121068850507,4752.371068850507,2100,817,1459
4757.05790130284,4756.93290130284,4757.18290130284,1238,1233,1236
4760.608464326237,4760.358464326237,4760.858464326237,1856,731,1294
4756.7350341496585,4756.6100341496585,4756.8600341496585,2045,1166,1606
4755.877781622256,4755.752781622256,4756.002781622256,997,1908,1453
4758.318852130613,4758.193852130613,4758.443852130613,1361,488,925
4760.626578722687,4760.501578722687,4760.751578722687,835,1516,1176
4762.940616885138,4762.815616885138,4763.065616885138,1049,2534,1792
4760.604086281248,4760.479086281248,4760.729086281248,2122,747,1435
4755.220126031038,4754.970126031038,4755.470126031038,1008,2055,1532
4753.902620521833,4753.652620521833,4754.152620521833,1239,1794,1517
4754.126254481349,4754.001254481349,4754.251254481349,2393,898,1646
4751.148196310249,4750.898196310249,4751.398196310249,1827,1392,1610
4745.237255325698,4745.112255325698,4745.362255325698,1248,773,1011
4756.020408906997,4755.770408906997,4756.270408906997,1009,1426,1218
4761.938830976597,4761.688830976597,4762.188830976597,2375,1088,1732
4767.809473509602,4767.559473509602,4768.059473509602,735,1688,1212
4768.249909217494,4768.124909217494,4768.374909217494,671,1254,963
4764.41084455982,4764.28584455982,4764.53584455982,663,1846,1255
4765.520713159548,4765.270713159548,4765.770713159548,1966,813,1390
4769.875760623797,4769.750760623797,4770.000760623797,591,1292,942
4768.825467259458,4768.700467259458,4768.950467259458,1184,1209,1197
4770.523869866897,4770.398869866897,4770.648869866897,2084,737,1411
4772.669896564297,4772.544896564297,4772.794896564297,1308,651,980
4765.834529587798,4765.459529587798,4766.209529587798,1479,1554,1517
4772.430092189068,4772.305092189068,4772.555092189068,2408,975,1692
4770.92330428434,4770.79830428434,4771.04830428434,2429,960,1695
4770.708792285848,4770.583792285848,4770.833792285848,1040,1621,1331
4767.250265431204,4767.125265431204,4767.375265431204,1392,865,1129
4766.507768901903,4766.257768901903,4766.757768901903,1395,640,1018
4772.170764914015,4771.795764914015,4772.545764914015,843,962,903
4776.513387093618,4776.388387093618,4776.638387093618,751,1260,1006
4778.200661977463,4777.950661977463,4778.450661977463,1812,1845,1829
4782.487821681854,4782.237821681854,4782.737821681854,799,2238,1519
4780.6061588422945,4780.4811588422945,4780.7311588422945,1064,965,1015
4778.485083148417,4778.360083148417,4778.610083148417,2355,1320,1838
4774.889289225924,4774.639289225924,4775.139289225924,707,1718,1213
4774.20401610759,4774.07901610759,4774.32901610759,1457,1424,1441
4774.231180358072,4774.106180358072,4774.356180358072,1283,2068,1676
4778.005655439648,4777.880655439648,4778.130655439648,938,2251,1595
4777.731837223916,4777.606837223916,4777.856837223916,589,1512,1051
4772.704295398365,4772.579295398365,4772.829295398365,455,1280,868
4765.794204895894,4765.669204895894,4765.919204895894,1327,1316,1322
4766.408215108365,4766.283215108365,4766.533215108365,2117,1092,1605
4763.056843477941,4762.931843477941,4763.181843477941,2019,1226,1623
4761.692793347544,4761.442793347544,4761.942793347544,1086,1755,1421
4760.409727534026,4760.284727534026,4760.534727534026,1987,830,1409
4755.655526101668,4755.530526101668,4755.780526101668,1357,516,937
4756.046973372396,4755.921973372396,4756.171973372396,2039,1400,1720
4753.644318807764,4753.519318807764,4753.769318807764,1247,574,911
4754.604000862181,4754.354000862181,4754.854000862181,2537,860,1699
4756.6300717643535,4756.5050717643535,4756.7550717643535,1001,620,811
4755.299886260083,4755.174886260083,4755.424886260083,728,1661,1195
4761.289111519981,4761.164111519981,4761.414111519981,1646,743,1195
4759.791462689253,4759.541462689253,4760.041462689253,505,1112,809
4759.777760526138,4759.527760526138,4760.027760526138,1172,483,828
4757.914305680978,4757.539305680978,4758.289305680978,1085,1234,1160
4760.571988194077,4760.321988194077,4760.821988194077,1070,1423,1247
4759.15023220615,4759.02523220615,4759.27523220615,1122,725,924
4756.325538393689,4756.075538393689,4756.575538393689,1225,1466,1346
4755.854341770684,4755.729341770684,4755.979341770684,1215,1702,1459
4758.801463919528,4758.551463919528,4759.051463919528,778,939,859
4753.170042638628,4752.920042638628,4753.420042638628,1482,2175,1829
4753.574816920289,4753.324816920289,4753.824816920289,1300,585,943
4750.26054471226,4750.01054471226,4750.51054471226,1178,523,851
4757.785618152765,4757.535618152765,4758.035618152765,1160,1279,1220
4761.399717016619,4761.149717016619,4761.649717016619,2252,987,1620
4759.745419722816,4759.620419722816,4759.870419722816,1077,1642,1360
4764.022159837075,4763.897159837075,4764.147159837075,1323,568,946
4763.265796770049,4763.140796770049,4763.390796770049,1642,789,1216
4763.71605162322,4763.59105162322,4763.84105162322,1582,1339,1461
4763.157844468137,4763.032844468137,4763.282844468137,2318,1031,1675
4761.991588258074,4761.616588258074,4762.366588258074,1460,2395,1928
4758.087051376684,4757.962051376684,4758.212051376684,888,997,943
4751.251187425986,4751.126187425986,4751.376187425986,2028,1781,1905
4756.856445090121,4756.606445090121,4757.106445090121,1335,2596,1966
4750.06918377142,4749.94418377142,4750.19418377142,1885,832,1359
4745.361922141045,4745.236922141045,4745.486922141045,903,1316,1110
4742.994688339863,4742.869688339863,4743.119688339863,1307,1810,1559
4741.899172448692,4741.524172448692,4742.274172448692,2234,1441,1838
4749.326305258434,4749.201305258434,4749.451305258434,1710,2261,1986
4753.08351196256,4752.70851196256,4753.45851196256,994,1219,1107
4753.381815530706,4753.256815530706,4753.506815530706,1204,1199,1202
4754.437016362645,4754.312016362645,4754.562016362645,1213,1148,1181
4754.77088810218,4754.64588810218,4754.89588810218,2063,720,1392
4754.847961605569,4754.722961605569,4754.972961605569,1716,1417,1567
4747.250669744703,4747.125669744703,4747.375669744703,1446,1695,1571
4749.432435912482,4749.307435912482,4749.557435912482,872,2559,1716
4747.724853917719,4747.599853917719,4747.849853917719,675,1536,1106
4749.524157767597,4749.399157767597,4749.649157767597,1183,1514,1349
4747.970059821288,4747.845059821288,4748.095059821288,541,1396,969
4742.852866240445,4742.602866240445,4743.102866240445,678,1545,1112
4743.968544444846,4743.718544444846,4744.218544444846,1277,614,946
4739.854257667314,4739.729257667314,4739.979257667314,1383,2236,1810
4743.056390627403,4742.806390627403,4743.306390627403,536,1477,1007
4747.103166406259,4746.978166406259,4747.228166406259,2559,1336,1948
4748.233199440758,4748.108199440758,4748.358199440758,1303,2590,1947
4754.474408850623,4754.349408850623,4754.599408850623,1458,1293,1376
4756.757431574682,4756.507431574682,4757.007431574682,1066,2431,1749
4746.312652715815,4746.187652715815,4746.437652715815,1427,1884,1656
4744.867863234466,4744.742863234466,4744.992863234466,841,2186,1514
4736.675909847889,4736.550909847889,4736.800909847889,522,1431,977
4742.7477281233705,4742.3727281233705,4743.1227281233705,2763,1008,1886
4746.156152444173,4745.906152444173,4746.406152444173,1251,1630,1441
4748.309087784714,4748.184087784714,4748.434087784714,1408,1879,1644
4753.198592876608,4753.073592876608,4753.323592876608,1635,1684,1660
4744.357852438478,4743.982852438478,4744.732852438478,963,1742,1353
4749.306343988391,4749.181343988391,4749.431343988391,1731,730,1231
4751.163514460694,4751.038514460694,4751.288514460694,1844,1121,1483
4755.842327996122,4755.717327996122,4755.967327996122,1450,551,1001
4755.523988902443,4755.398988902443,4755.648988902443,899,1850,1375
4754.193615067083,4754.068615067083,4754.318615067083,1131,1686,1409
4758.704734076778,4758.454734076778,4758.954734076778,1676,1413,1545
4764.366875829423,4764.116875829423,4764.616875829423,1991,1846,1919
4763.450133599239,4763.325133599239,4763.575133599239,984,1033,1009
4759.364033880791,4759.239033880791,4759.489033880791,1949,884,1417
4757.5260126554795,4757.4010126554795,4757.6510126554795,1162,553,858
4759.47004096329,4759.34504096329,4759.59504096329,1235,712,974
4757.184299262264,4757.059299262264,4757.309299262264,1693,2136,1915
4755.582993722183,4755.207993722183,4755.957993722183,574,1637,1106
4750.088132203308,4749.963132203308,4750.213132203308,661,1120,891
4756.1910722329185,4755.9410722329185,4756.4410722329185,1361,650,1006
4752.49972512364,4752.24972512364,4752.74972512364,644,1117,881
4744.559316298306,4744.434316298306,4744.684316298306,1259,1184,1222
4744.736163911409,4744.611163911409,4744.861163911409,1143,728,936
4741.1920348728945,4741.0670348728945,4741.3170348728945,1224,2493,1859
4734.688822312946,4734.563822312946,4734.813822312946,1993,1032,1513
4744.367405608759,4744.242405608759,4744.492405608759,1892,1599,1746
4752.596012679994,4752.471012679994,4752.721012679994,1513,682,1098
4764.644262821229,4764.394262821229,4764.894262821229,905,1668,1287
4758.782309744163,4758.657309744163,4758.907309744163,771,1992,1382
4760.941895211443,4760.816895211443,4761.066895211443,1347,602,975
4766.611845422763,4766.486845422763,4766.736845422763,926,1841,1384
4768.749442473739,4768.624442473739,4768.874442473739,773,2140,1457
4765.597798846182,4765.472798846182,4765.722798846182,1511,766,1139
4759.94629823532,4759.69629823532,4760.19629823532,1909,1520,1715
4761.736395671398,4761.611395671398,4761.861395671398,1514,841,1178
4762.078601066781,4761.703601066781,4762.453601066781,1434,963,1199
4760.1442655461815,4760.0192655461815,4760.2692655461815,1298,1939,1619
4756.480407247982,4756.105407247982,4756.855407247982,997,1146,1072
4755.54448233331,4755.29448233331,4755.79448233331,2145,1752,1949
4763.825637614177,4763.700637614177,4763.950637614177,928,2337,1633
4767.8223728747635,4767.6973728747635,4767.9473728747635,1381,1288,1335
4764.982525382339,4764.857525382339,4765.107525382339,872,2317,1595
4763.941141931504,4763.816141931504,4764.066141931504,1006,679,843
4759.112335675659,4758.862335675659,4759.362335675659,1088,1899,1494
4757.802448155828,4757.677448155828,4757.927448155828,1621,1336,1479
4755.666891823798,4755.541891823798,4755.791891823798,960,929,945
4755.155653035634,4755.030653035634,4755.280653035634,1646,1451,1549
4756.212936096211,4755.837936096211,4756.587936096211,1431,840,1136
4751.946127462604,4751.821127462604,4752.071127462604,748,1143,946
4754.583513186513,4754.208513186513,4754.958513186513,2172,1057,1615
4757.961799937751,4757.836799937751,4758.086799937751,2469,1498,1984
4752.080987171135,4751.955987171135,4752.205987171135,1969,1338,1654
4756.759231850355,4756.634231850355,4756.884231850355,1293,2672,1983
4758.970266569069,4758.845266569069,4759.095266569069,753,986,870
4758.595824495175,4758.470824495175,4758.720824495175,1642,1853,1748
4753.283844669619,4753.158844669619,4753.408844669619,2120,787,1454
4753.295868675727,4753.170868675727,4753.420868675727,1793,804,1299
4749.004535169412,4748.879535169412,4749.129535169412,1369,744,1057
4744.8007984041005,4744.6757984041005,4744.9257984041005,1525,1566,1546
4745.139062707947,4744.889062707947,4745.389062707947,767,1408,1088
4750.978609284483,4750.853609284483,4751.103609284483,1315,1402,1359
4748.279993279217,4748.154993279217,4748.404993279217,1587,2358,1973
4744.106412331149,4743.981412331149,4744.231412331149,2469,1186,1828
4744.8510400572095,4744.7260400572095,4744.9760400572095,1145,1046,1096
4747.270198353519,4747.145198353519,4747.395198353519,2343,1136,1740
4744.415130633146,4744.290130633146,4744.540130633146,1749,2006,1878
4740.016742096097,4739.641742096097,4740.391742096097,2021,1298,1660
4741.0831335815965,4740.9581335815965,4741.2081335815965,707,1078,893
4749.834626767174,4749.709626767174,4749.959626767174,2855,1076,1966
4749.463969674285,4749.338969674285,4749.588969674285,1084,1093,1089
4749.350683397916,4748.975683397916,4749.725683397916,1249,1316,1283
4756.0322076096545,4755.6572076096545,4756.4072076096545,1402,1095,1249
4755.419795211673,4755.294795211673,4755.544795211673,1342,631,987
4753.10320678086,4752.85320678086,4753.35320678086,2326,933,1630
