close,bid,ask,bid_volume,ask_volume,volume
4500.257957440829,4500.132957440829,4500.382957440829,1043,1328,1186
4501.700904777128,4501.325904777128,4502.075904777128,1891,1638,1765
4506.571010058085,4506.321010058085,4506.821010058085,1426,1103,1265
4507.334278747556,4506.959278747556,4507.709278747556,1120,1399,1260
4510.3097547205325,4510.1847547205325,4510.4347547205325,1356,857,1107
4512.6471320130995,4512.5221320130995,4512.7721320130995,910,937,924
4516.005965338154,4515.880965338154,4516.130965338154,850,1465,1158
4514.692545683546,4514.567545683546,4514.817545683546,1773,740,1257
4515.424248171275,4515.299248171275,4515.549248171275,1479,1914,1697
4516.573062054516,4516.448062054516,4516.698062054516,1436,905,1171
4514.511167199037,4514.261167199037,4514.761167199037,2026,1323,1675
4513.523727610518,4513.273727610518,4513.773727610518,1363,544,954
4514.20399672209,4514.07899672209,4514.32899672209,1066,2129,1598
4512.027145796537,4511.902145796537,4512.152145796537,2253,1668,1961
4514.913540888669,4514.788540888669,4515.038540888669,1316,2055,1686
4518.987695399571,4518.737695399571,4519.237695399571,1932,1065,1499
4520.054776644943,4519.679776644943,4520.429776644943,1081,1300,1191
4517.996259946955,4517.746259946955,4518.246259946955,1942,1735,1839
4518.400999890033,4518.275999890033,4518.525999890033,812,1553,1183
4518.852196715559,4518.727196715559,4518.977196715559,1710,691,1201
4518.98541543712,4518.86041543712,4519.11041543712,1904,1141,1523
4519.8211599680935,4519.6961599680935,4519.9461599680935,1925,1760,1843
4519.180499054475,4518.930499054475,4519.430499054475,1288,2029,1659
4518.155603788396,4518.030603788396,4518.280603788396,2636,1029,1833
4519.5073451031285,4519.2573451031285,4519.7573451031285,827,2378,1603
4522.432698355406,4522.307698355406,4522.557698355406,792,1709,1251
4521.689734644855,4521.564734644855,4521.814734644855,1032,847,940
4515.983555883274,4515.608555883274,4516.358555883274,1025,716,871
4517.048358148442,4516.923358148442,4517.173358148442,1420,1293,1357
4520.197389765528,4520.072389765528,4520.322389765528,887,2254,1571
4522.447081027295,4522.322081027295,4522.572081027295,2724,1077,1901
4522.463904620232,4522.338904620232,4522.588904620232,1495,1106,1301
4522.528680763312,4522.278680763312,4522.778680763312,812,2051,1432
4524.240615394708,4524.115615394708,4524.365615394708,1292,937,1115
4524.611728840875,4524.361728840875,4524.861728840875,1517,2272,1895
4523.453694017263,4523.328694017263,4523.578694017263,1059,2920,1990
4521.794259936734,4521.669259936734,4521.919259936734,1170,497,834
4520.505771990132,4520.255771990132,4520.755771990132,834,1941,1388
4518.742083151192,4518.617083151192,4518.867083151192,1768,1927,1848
4520.247509155503,4520.122509155503,4520.372509155503,1775,2186,1981
4519.162162219507,4518.912162219507,4519.412162219507,2452,1423,1938
4516.0355954905335,4515.7855954905335,4516.2855954905335,1160,741,951
4515.458673302721,4515.333673302721,4515.583673302721,2054,1375,1715
4517.903607671181,4517.653607671181,4518.153607671181,1217,1138,1178
4518.602043221197,4518.352043221197,4518.852043221197,1283,2164,1724
4519.0880996538535,4518.9630996538535,4519.2130996538535,1393,686,1040
4520.279749122563,4520.029749122563,4520.529749122563,1901,1650,1776
4519.732487834519,4519.607487834519,4519.857487834519,473,1170,822
4520.017881732864,4519.892881732864,4520.142881732864,680,979,830
4518.433236809484,4518.308236809484,4518.558236809484,1293,1810,1552
4517.350389960759,4517.225389960759,4517.475389960759,1102,561,832
4516.879256142761,4516.754256142761,4517.004256142761,1066,1769,1418
4513.994792151908,4513.619792151908,4514.369792151908,2368,1591,1980
4517.774611034299,4517.524611034299,4518.024611034299,1719,2100,1910
4517.433117832576,4517.308117832576,4517.558117832576,1190,1245,1218
4519.715276479992,4519.340276479992,4520.090276479992,1040,1237,1139
4517.992187549873,4517.867187549873,4518.117187549873,822,1913,1368
4521.570446957159,4521.195446957159,4521.945446957159,558,1615,1087
4520.382921224986,4520.257921224986,4520.507921224986,1198,2559,1879
4523.755559805688,4523.505559805688,4524.005559805688,1115,702,909
4518.9000526265,4518.7750526265,4519.0250526265,471,1168,820
4519.254200091787,4519.004200091787,4519.504200091787,1818,2087,1953
4519.683452279911,4519.558452279911,4519.808452279911,2180,1517,1849
4517.726076958215,4517.601076958215,4517.851076958215,2562,1197,1880
4519.32869182917,4519.20369182917,4519.45369182917,1325,496,911
4516.679135969017,4516.304135969017,4517.054135969017,1197,2586,1892
4517.703120124239,4517.578120124239,4517.828120124239,1191,1760,1476
4515.987703422931,4515.862703422931,4516.112703422931,1628,1771,1700
4515.028060541306,4514.903060541306,4515.153060541306,1246,1261,1254
4512.571236577607,4512.446236577607,4512.696236577607,1780,1987,1884
4515.059172693146,4514.934172693146,4515.184172693146,1052,1251,1152
4516.844423618048,4516.719423618048,4516.969423618048,2329,982,1656
4517.02124721991,4516.89624721991,4517.14624721991,1269,462,866
4521.541392400209,4521.416392400209,4521.666392400209,1434,1855,1645
4520.330620008486,4520.205620008486,4520.455620008486,1327,1772,1550
4521.404242205083,4521.279242205083,4521.529242205083,1862,1769,1816
4518.651470538593,4518.526470538593,4518.776470538593,808,1099,954
4517.550478584519,4517.425478584519,4517.675478584519,863,2060,1462
4515.176720673729,4514.926720673729,4515.426720673729,921,2600,1761
4515.682515967679,4515.557515967679,4515.807515967679,834,907,871
4516.485806032445,4516.110806032445,4516.860806032445,1263,1228,1246
4517.518199405244,4517.393199405244,4517.643199405244,1796,1905,1851
4513.666325882573,4513.541325882573,4513.791325882573,1882,1087,1485
4512.354764265378,4512.229764265378,4512.479764265378,764,1497,1131
4513.804275802232,4513.554275802232,4514.054275802232,1546,881,1214
4512.42885620499,4512.30385620499,4512.55385620499,832,1109,971
4513.112784524262,4512.987784524262,4513.237784524262,977,1702,1340
4515.655694571394,4515.405694571394,4515.905694571394,2321,1208,1765
4516.3712587625205,4515.9962587625205,4516.7462587625205,1202,2351,1777
4516.992529308783,4516.867529308783,4517.117529308783,1250,2433,1842
4521.058822011658,4520.933822011658,4521.183822011658,2167,1158,1663
4522.745125829061,4522.620125829061,4522.870125829061,2235,808,1522
4524.144109285806,4524.019109285806,4524.269109285806,919,2250,1585
4524.280971875259,4524.155971875259,4524.405971875259,1692,679,1186
4522.86543900589,4522.49043900589,4523.24043900589,752,1111,932
4518.763316698731,4518.638316698731,4518.888316698731,1755,1142,1449
4522.248551805357,4522.123551805357,4522.373551805357,662,1363,1013
4514.842927668103,4514.467927668103,4515.217927668103,1255,1018,1137
4513.319070461499,4513.069070461499,4513.569070461499,1744,641,1193
4508.788754842242,4508.663754842242,4508.913754842242,1117,2846,1982
4506.539257325742,4506.414257325742,4506.664257325742,1501,740,1121
4503.954128329117,4503.829128329117,4504.079128329117,918,1909,1414
4506.0024709375375,4505.7524709375375,4506.2524709375375,551,1148,850
4504.237369185115,4504.112369185115,4504.362369185115,1232,1843,1538
4503.949027511762,4503.824027511762,4504.074027511762,1227,1182,1205
4504.000100863455,4503.875100863455,4504.125100863455,1532,1579,1556
4503.164131665762,4502.914131665762,4503.414131665762,865,924,895
4500.784644747852,4500.534644747852,4501.034644747852,1530,1815,1673
4502.334486940966,4502.209486940966,4502.459486940966,1635,1680,1658
4499.697882692881,4499.572882692881,4499.822882692881,2622,1119,1871
4500.715038348255,4500.590038348255,4500.840038348255,1014,1865,1440
4497.601311470632,4497.476311470632,4497.726311470632,1163,958,1061
4496.635305519099,4496.260305519099,4497.010305519099,1699,1390,1545
4497.791116021653,4497.666116021653,4497.916116021653,566,1035,801
4497.345983192165,4496.970983192165,4497.720983192165,1676,1123,1400
4494.560683323387,4494.435683323387,4494.685683323387,1335,1166,1251
4496.428718263671,4496.303718263671,4496.553718263671,1077,2542,1810
4495.9063975588215,4495.7813975588215,4496.0313975588215,995,676,836
4497.8505236081855,4497.7255236081855,4497.9755236081855,650,1935,1293
4497.64509590257,4497.52009590257,4497.77009590257,1345,1116,1231
4500.687772786943,4500.312772786943,4501.062772786943,1911,1072,1492
4498.550809963486,4498.300809963486,4498.800809963486,2004,1389,1697
4497.117359037132,4496.992359037132,4497.242359037132,1743,2244,1994
4501.902399454633,4501.777399454633,4502.027399454633,1400,1173,1287
4501.8805080597285,4501.6305080597285,4502.1305080597285,1090,2415,1753
4500.296382452891,4500.171382452891,4500.421382452891,909,1194,1052
4499.099709265162,4498.974709265162,4499.224709265162,1880,911,1396
4497.076195842237,4496.826195842237,4497.326195842237,1269,2308,1789
4496.690435541708,4496.565435541708,4496.815435541708,925,812,869
4491.401416063217,4491.276416063217,4491.526416063217,908,1321,1115
4488.927565731773,4488.552565731773,4489.302565731773,1176,1951,1564
4490.436535683856,4490.186535683856,4490.686535683856,864,1003,934
4486.605894652755,4486.480894652755,4486.730894652755,948,2353,1651
4486.921836374743,4486.671836374743,4487.171836374743,1882,1693,1788
4485.546381204139,4485.171381204139,4485.921381204139,1744,859,1302
4483.615647425387,4483.490647425387,4483.740647425387,1031,738,885
4484.609229992338,4484.359229992338,4484.859229992338,862,757,810
4486.507387199159,4486.382387199159,4486.632387199159,1567,636,1102
4490.0433286213665,4489.9183286213665,4490.1683286213665,1069,1536,1303
4488.775980082915,4488.400980082915,4489.150980082915,838,1235,1037
4486.431858630537,4486.306858630537,4486.556858630537,942,2169,1556
4488.753489442348,4488.503489442348,4489.003489442348,1966,1663,1815
4485.627585632094,4485.252585632094,4486.002585632094,883,1678,1281
4484.960672247766,4484.585672247766,4485.335672247766,1134,761,948
4486.397197880852,4486.272197880852,4486.522197880852,830,2155,1493
4486.891586026465,4486.766586026465,4487.016586026465,1323,1048,1186
4485.936153985524,4485.811153985524,4486.061153985524,1106,1273,1190
4486.99583347647,4486.62083347647,4487.37083347647,1414,1077,1246
4486.284933163287,4486.159933163287,4486.409933163287,1092,1747,1420
4485.588051640058,4485.463051640058,4485.713051640058,590,1161,876
4481.883687997342,4481.758687997342,4482.008687997342,1835,1018,1427
4486.216778294908,4486.091778294908,4486.341778294908,1772,2007,1890
4486.942516098777,4486.817516098777,4487.067516098777,1242,1375,1309
4484.14388116428,4483.89388116428,4484.39388116428,846,1661,1254
4480.943494822592,4480.818494822592,4481.068494822592,1493,930,1212
4480.716892256347,4480.591892256347,4480.841892256347,1131,830,981
4480.488520332459,4480.238520332459,4480.738520332459,1662,777,1220
4484.444734320993,4484.069734320993,4484.819734320993,964,673,819
4480.255294634333,4479.880294634333,4480.630294634333,1717,1268,1493
4479.041109006395,4478.666109006395,4479.416109006395,1525,1682,1604
4478.105662084227,4477.980662084227,4478.230662084227,1220,2365,1793
4479.329222086645,4479.204222086645,4479.454222086645,1628,1481,1555
4479.975925641089,4479.725925641089,4480.225925641089,1802,1431,1617
4478.764459721652,4478.514459721652,4479.014459721652,1594,1577,1586
4482.308711098782,4481.933711098782,4482.683711098782,1847,910,1379
4481.619653300389,4481.369653300389,4481.869653300389,1682,2157,1920
4478.830461071248,4478.705461071248,4478.955461071248,1078,2031,1555
4478.769584221115,4478.519584221115,4479.019584221115,1199,1690,1445
4480.74410969196,4480.61910969196,4480.86910969196,1360,1469,1415
4480.537589005164,4480.412589005164,4480.662589005164,961,878,920
4484.046049991143,4483.921049991143,4484.171049991143,691,1738,1215
4483.797401697054,4483.547401697054,4484.047401697054,1819,1826,1823
4487.523228674733,4487.273228674733,4487.773228674733,1532,869,1201
4486.092596766423,4485.967596766423,4486.217596766423,2128,1077,1603
4486.231708253555,4485.981708253555,4486.481708253555,2050,887,1469
4489.212100751294,4488.962100751294,4489.462100751294,1013,900,957
4491.889209798685,4491.764209798685,4492.014209798685,580,1223,902
4489.294787957136,4489.169787957136,4489.419787957136,962,649,806
4489.922660740365,4489.547660740365,4490.297660740365,2028,1053,1541
4488.32625546505,4488.20125546505,4488.45125546505,801,1014,908
4491.083223823052,4490.958223823052,4491.208223823052,1980,885,1433
4491.562447491613,4491.437447491613,4491.687447491613,1720,1231,1476
4490.456211461138,4490.331211461138,4490.581211461138,1027,1960,1494
4490.40917253777,4490.15917253777,4490.65917253777,801,1032,917
4490.638024934119,4490.513024934119,4490.763024934119,575,1044,810
4495.373694125822,4495.248694125822,4495.498694125822,1503,1274,1389
4496.748951885144,4496.498951885144,4496.998951885144,1637,1668,1653
4496.150385501289,4496.025385501289,4496.275385501289,1220,691,956
4500.4631164395005,4500.0881164395005,4500.8381164395005,2154,1137,1646
4501.740901357238,4501.615901357238,4501.865901357238,2598,1135,1867
4501.422177791138,4501.172177791138,4501.672177791138,1936,991,1464
4503.2892300587155,4503.0392300587155,4503.5392300587155,2111,1324,1718
4502.414967249244,4502.164967249244,4502.664967249244,2575,1348,1962
4502.155860101456,4501.780860101456,4502.530860101456,865,888,877
4499.145694514185,4498.895694514185,4499.395694514185,507,1232,870
4497.9350523729245,4497.8100523729245,4498.0600523729245,2299,1048,1674
4497.196136101047,4497.071136101047,4497.321136101047,744,1727,1236
4497.365582190335,4496.990582190335,4497.740582190335,1331,844,1088
4498.496632969093,4498.371632969093,4498.621632969093,2501,1086,1794
4497.6543909810935,4497.2793909810935,4498.0293909810935,1905,1566,1736
4493.087657867914,4492.837657867914,4493.337657867914,759,1688,1224
4489.590263979846,4489.465263979846,4489.715263979846,1043,878,961
4481.115819321017,4480.865819321017,4481.365819321017,966,1519,1243
4472.45952939498,4472.20952939498,4472.70952939498,1915,1346,1631
4473.300125751581,4473.050125751581,4473.550125751581,1135,1642,1389
4473.3927028366825,4473.1427028366825,4473.6427028366825,1534,757,1146
4467.901538788076,4467.651538788076,4468.151538788076,1034,2901,1968
4469.695371277722,4469.570371277722,4469.820371277722,1984,1923,1954
4467.129599514929,4466.879599514929,4467.379599514929,747,1128,938
4477.2748361520225,4477.1498361520225,4477.3998361520225,1050,2869,1960
4478.018842308208,4477.893842308208,4478.143842308208,1898,1041,1470
4479.262878761507,4479.137878761507,4479.387878761507,2209,1304,1757
4479.707293265307,4479.582293265307,4479.832293265307,1436,2523,1980
4483.189376656779,4483.064376656779,4483.314376656779,493,1240,867
4475.787499954331,4475.662499954331,4475.912499954331,1527,1532,1530
4477.962255963347,4477.837255963347,4478.087255963347,1077,1280,1179
4482.851946055514,4482.726946055514,4482.976946055514,631,1032,832
4478.008227389682,4477.883227389682,4478.133227389682,1639,1076,1358
4476.031590330126,4475.656590330126,4476.406590330126,1730,1193,1462
4473.628000160632,4473.503000160632,4473.753000160632,2204,1373,1789
4469.656191739272,4469.281191739272,4470.031191739272,1100,1027,1064
4467.251500858271,4467.126500858271,4467.376500858271,1882,1985,1934
4465.22888737625,4465.10388737625,4465.35388737625,1429,2186,1808
4466.874228548165,4466.624228548165,4467.124228548165,1822,613,1218
4475.07822073262,4474.95322073262,4475.20322073262,942,671,807
4472.705282496509,4472.455282496509,4472.955282496509,735,1914,1325
4471.669036325151,4471.544036325151,4471.794036325151,1182,2575,1879
4463.577119373769,4463.452119373769,4463.702119373769,894,1263,1079
4462.188438513288,4462.063438513288,4462.313438513288,1619,724,1172
4466.550809747134,4466.175809747134,4466.925809747134,1792,1377,1585
4469.95681160783,4469.70681160783,4470.20681160783,1359,640,1000
4474.9123601414185,4474.7873601414185,4475.0373601414185,1151,2068,1610
4473.44554346329,4473.19554346329,4473.69554346329,1445,1294,1370
4470.084723332217,4469.959723332217,4470.209723332217,2177,1400,1789
4474.033923859277,4473.908923859277,4474.158923859277,1193,836,1015
4480.04910476405,4479.92410476405,4480.17410476405,980,2081,1531
4473.861280114401,4473.736280114401,4473.986280114401,1432,2239,1836
4471.269038059824,4471.144038059824,4471.394038059824,1235,470,853
4470.0062695344095,4469.8812695344095,4470.1312695344095,660,1371,1016
4465.145429456682,4464.895429456682,4465.395429456682,869,1332,1101
4467.007326172518,4466.757326172518,4467.257326172518,728,1611,1170
4464.910214902476,4464.785214902476,4465.035214902476,650,1763,1207
4461.722233761182,4461.597233761182,4461.847233761182,1253,2656,1955
4459.917835353176,4459.792835353176,4460.042835353176,1886,2045,1966
4456.192702264941,4455.817702264941,4456.567702264941,924,1033,979
4456.234023903908,4455.859023903908,4456.609023903908,1376,1703,1540
4457.614789669638,4457.489789669638,4457.739789669638,927,2752,1840
4461.2074682650555,4460.9574682650555,4461.4574682650555,527,1238,883
4461.785014091864,4461.660014091864,4461.910014091864,2652,1087,1870
4466.662202502704,4466.412202502704,4466.912202502704,2740,1053,1897
4463.4981990498345,4463.3731990498345,4463.6231990498345,948,2667,1808
4464.835949250267,4464.710949250267,4464.960949250267,1167,598,883
4468.370468759107,4468.120468759107,4468.620468759107,1396,1313,1355
4472.071492151145,4471.946492151145,4472.196492151145,1413,836,1125
4478.444789528865,4478.069789528865,4478.819789528865,2842,1061,1952
4472.679871506003,4472.554871506003,4472.804871506003,835,1578,1207
4468.584498009261,4468.459498009261,4468.709498009261,2335,1554,1945
4462.775838128113,4462.650838128113,4462.900838128113,1755,620,1188
4465.019186596011,4464.894186596011,4465.144186596011,2530,1313,1922
4468.254621805095,4468.129621805095,4468.379621805095,1193,2394,1794
4470.262751387029,4470.012751387029,4470.512751387029,1480,587,1034
4469.06663008413,4468.81663008413,4469.31663008413,567,1586,1077
4470.174507296315,4469.924507296315,4470.424507296315,862,1253,1058
4472.564012537243,4472.314012537243,4472.814012537243,1060,2481,1771
4477.1589208602345,4477.0339208602345,4477.2839208602345,2076,1197,1637
4479.509021437267,4479.384021437267,4479.634021437267,1114,1369,1242
4477.368896198984,4477.243896198984,4477.493896198984,1366,1615,1491
4481.1919800868345,4480.9419800868345,4481.4419800868345,457,1340,899
4482.204530801644,4481.829530801644,4482.579530801644,1291,2704,1998
4490.67954936839,4490.55454936839,4490.80454936839,835,1506,1171
4488.882359858378,4488.757359858378,4489.007359858378,1368,2253,1811
4490.261367225982,4490.136367225982,4490.386367225982,1494,1615,1555
4489.068127175301,4488.943127175301,4489.193127175301,949,816,883
4478.319801962357,4477.944801962357,4478.694801962357,1550,1801,1676
4469.720787206935,4469.595787206935,4469.845787206935,994,1567,1281
4461.897876282698,4461.647876282698,4462.147876282698,1201,504,853
4461.968530447712,4461.843530447712,4462.093530447712,802,1687,1245
4456.397660828551,4456.272660828551,4456.522660828551,763,938,851
4446.583664698874,4446.458664698874,4446.708664698874,1504,667,1086
4446.796783620338,4446.546783620338,4447.046783620338,1251,2328,1790
4450.184779239785,4450.059779239785,4450.309779239785,863,820,842
4443.044334591133,4442.919334591133,4443.169334591133,2460,1313,1887
4448.908355213725,4448.783355213725,4449.033355213725,768,1173,971
4443.018459305901,4442.768459305901,4443.268459305901,1178,2043,1611
4446.318760495705,4446.193760495705,4446.443760495705,512,1437,975
4447.537799490734,4447.412799490734,4447.662799490734,1010,1211,1111
4441.555055810048,4441.180055810048,4441.930055810048,1346,2139,1743
4433.851577469786,4433.726577469786,4433.976577469786,917,726,822
4431.46397411497,4431.08897411497,4431.83897411497,1876,1531,1704
4432.059808899803,4431.684808899803,4432.434808899803,800,1035,918
4427.138088508999,4427.013088508999,4427.263088508999,515,1162,839
4429.318834510345,4429.068834510345,4429.568834510345,749,1710,1230
4430.4869628305105,4430.3619628305105,4430.6119628305105,2217,1600,1909
4430.773199756265,4430.648199756265,4430.898199756265,1336,561,949
4421.177107704289,4420.927107704289,4421.427107704289,1093,1224,1159
4422.215482224716,4422.090482224716,4422.340482224716,1410,723,1067
4431.84783123222,4431.59783123222,4432.09783123222,690,1169,930
4425.519764082075,4425.394764082075,4425.644764082075,2138,1077,1608
4422.973694012455,4422.723694012455,4423.223694012455,800,1451,1126
4416.177625944288,4415.927625944288,4416.427625944288,1006,2681,1844
4416.092245665167,4415.717245665167,4416.467245665167,1623,2010,1817
4418.240842508884,4417.990842508884,4418.490842508884,1100,1075,1088
4415.368093302318,4415.243093302318,4415.493093302318,2300,1349,1825
4417.51459281465,4417.38959281465,4417.63959281465,1294,2293,1794
4419.089259813781,4418.839259813781,4419.339259813781,720,1709,1215
4426.897038763257,4426.772038763257,4427.022038763257,1178,1319,1249
4431.45444308503,4431.32944308503,4431.57944308503,2564,1075,1820
4426.193540087255,4425.943540087255,4426.443540087255,803,1414,1109
4429.246954518054,4429.121954518054,4429.371954518054,1679,1632,1656
4429.287426857152,4429.037426857152,4429.537426857152,1456,947,1202
4436.162870410592,4436.037870410592,4436.287870410592,2378,817,1598
4430.009020162136,4429.884020162136,4430.134020162136,949,1394,1172
4415.929075440428,4415.554075440428,4416.304075440428,1605,1454,1530
4414.385886319855,4414.260886319855,4414.510886319855,1115,2700,1908
4414.229262439768,4413.854262439768,4414.604262439768,1135,544,840
4416.653096355839,4416.403096355839,4416.903096355839,1715,1762,1739
4420.993644344587,4420.868644344587,4421.118644344587,1084,641,863
4417.406833048371,4417.281833048371,4417.531833048371,1680,1887,1784
4415.622021894744,4415.372021894744,4415.872021894744,2321,962,1642
4428.373495299924,4427.998495299924,4428.748495299924,947,1052,1000
4432.6671860144625,4432.5421860144625,4432.7921860144625,771,932,852
4435.867130283245,4435.742130283245,4435.992130283245,656,1373,1015
4433.620855386596,4433.495855386596,4433.745855386596,2403,1100,1752
4424.292038630259,4424.167038630259,4424.417038630259,1821,856,1339
4428.993037196898,4428.743037196898,4429.243037196898,955,728,842
4435.876284057863,4435.751284057863,4436.001284057863,984,905,945
4435.456464999045,4435.206464999045,4435.706464999045,717,1932,1325
4435.687240944211,4435.437240944211,4435.937240944211,2111,1868,1990
4433.256620002943,4433.131620002943,4433.381620002943,830,2093,1462
4430.991225981182,4430.741225981182,4431.241225981182,1076,1263,1170
4437.4387643955615,4437.1887643955615,4437.6887643955615,763,2262,1513
4437.502421527107,4437.377421527107,4437.627421527107,1417,1070,1244
4428.334113609319,4428.209113609319,4428.459113609319,610,1109,860
4435.606376449132,4435.481376449132,4435.731376449132,1741,1980,1861
4435.678614586805,4435.553614586805,4435.803614586805,1812,875,1344
4431.213769331562,4431.088769331562,4431.338769331562,1130,1427,1279
4438.846363780133,4438.721363780133,4438.971363780133,822,1117,970
4438.53563010785,4438.41063010785,4438.66063010785,1087,952,1020
4434.761523111519,4434.636523111519,4434.886523111519,1405,1018,1212
4427.027387939799,4426.652387939799,4427.402387939799,739,1256,998
4427.60880159594,4427.48380159594,4427.73380159594,1674,671,1173
4427.471407440972,4427.221407440972,4427.721407440972,1703,996,1350
4424.670753652886,4424.545753652886,4424.795753652886,897,2342,1620
4425.782341921724,4425.657341921724,4425.907341921724,868,2263,1566
4427.3416758838575,4427.2166758838575,4427.4666758838575,721,1732,1227
4436.666186535803,4436.541186535803,4436.791186535803,1745,2120,1933
4437.301473697453,4437.051473697453,4437.551473697453,699,1136,918
4435.487761613903,4435.362761613903,4435.612761613903,1687,1836,1762
4437.208554908319,4437.083554908319,4437.333554908319,703,1742,1223
4435.590936501753,4435.340936501753,4435.840936501753,675,1210,943
4439.859599526316,4439.734599526316,4439.984599526316,1674,2027,1851
4436.548208907793,4436.298208907793,4436.798208907793,1121,2440,1781
4435.988578981173,4435.738578981173,4436.238578981173,1608,1333,1471
4438.840466801087,4438.715466801087,4438.965466801087,958,839,899
4432.770690140246,4432.645690140246,4432.895690140246,2453,886,1670
4433.884492985331,4433.759492985331,4434.009492985331,1381,966,1174
4432.828943532354,4432.703943532354,4432.953943532354,696,1707,1202
4427.788657618587,4427.538657618587,4428.038657618587,976,1205,1091
4428.988821421774,4428.738821421774,4429.238821421774,2219,1570,1895
4427.06567952139,4426.69067952139,4427.44067952139,1751,1790,1771
4428.140236159649,4428.015236159649,4428.265236159649,472,1149,811
4416.693916098662,4416.443916098662,4416.943916098662,1121,1208,1165
4414.725159862908,4414.600159862908,4414.850159862908,1010,2981,1996
4408.612894999117,4408.362894999117,4408.862894999117,1120,681,901
4407.790504534554,4407.665504534554,4407.915504534554,788,811,800
4414.71542456835,4414.59042456835,4414.84042456835,1704,1195,1450
4416.871448976014,4416.746448976014,4416.996448976014,1652,1213,1433
4421.514119972972,4421.264119972972,4421.764119972972,1897,1190,1544
4432.165451754306,4432.040451754306,4432.290451754306,983,670,827
4431.407889989452,4431.157889989452,4431.657889989452,1270,1163,1217
4428.77174362778,4428.52174362778,4429.02174362778,1205,610,908
4422.625218701692,4422.500218701692,4422.750218701692,1096,1925,1511
4427.583346835705,4427.458346835705,4427.708346835705,728,1543,1136
4428.414161653991,4428.289161653991,4428.539161653991,1219,1456,1338
4429.951089611715,4429.826089611715,4430.076089611715,1212,721,967
4432.176342599414,4432.051342599414,4432.301342599414,1453,982,1218
4430.545908545397,4430.295908545397,4430.795908545397,1257,668,963
4430.440335997777,4430.190335997777,4430.690335997777,1752,1795,1774
4429.716035379263,4429.466035379263,4429.966035379263,1090,1601,1346
4434.892359698539,4434.517359698539,4435.267359698539,805,1616,1211
4439.963892918534,4439.838892918534,4440.088892918534,849,1840,1345
4444.2053432640805,4444.0803432640805,4444.3303432640805,1997,1342,1670
4435.91875054026,4435.79375054026,4436.04375054026,1007,2386,1697
4439.832928319419,4439.457928319419,4440.207928319419,838,1103,971
4438.738447288746,4438.488447288746,4438.988447288746,2254,911,1583
4444.937565781713,4444.812565781713,4445.062565781713,1703,1492,1598
4442.122923204776,4441.997923204776,4442.247923204776,1318,773,1046
4440.559284122026,4440.309284122026,4440.809284122026,1497,964,1231
4434.5960868281845,4434.4710868281845,4434.7210868281845,1562,997,1280
4430.750425565849,4430.375425565849,4431.125425565849,2085,1308,1697
4425.621521380879,4425.496521380879,4425.746521380879,1143,1500,1322
4428.553897198129,4428.428897198129,4428.678897198129,1509,1414,1462
4433.668639754027,4433.543639754027,4433.793639754027,1700,2021,1861
4437.25318332327,4437.12818332327,4437.37818332327,1028,1805,1417
4430.818233792207,4430.693233792207,4430.943233792207,1159,2484,1822
4424.5959502663045,4424.3459502663045,4424.8459502663045,568,1421,995
4418.292668835903,4418.167668835903,4418.417668835903,1198,849,1024
4415.917663564873,4415.667663564873,4416.167663564873,2252,1137,1695
4410.894471526308,4410.644471526308,4411.144471526308,963,1034,999
4417.164729832336,4417.039729832336,4417.289729832336,1157,1102,1130
4420.151875245969,4420.026875245969,4420.276875245969,1712,1231,1472
4425.757576306663,4425.632576306663,4425.882576306663,1096,1731,1414
4430.63937634151,4430.38937634151,4430.88937634151,594,1597,1096
4441.240275854141,4441.115275854141,4441.365275854141,1395,1082,1239
4441.245113920253,4441.120113920253,4441.370113920253,1491,1508,1500
4444.232433973012,4443.982433973012,4444.482433973012,952,879,916
4447.215707715706,4446.965707715706,4447.465707715706,743,1292,1018
4448.031325139784,4447.906325139784,4448.156325139784,815,2426,1621
4448.13736798072,4448.01236798072,4448.26236798072,609,1076,843
4451.399449225635,4451.274449225635,4451.524449225635,732,1907,1320
4451.21864169833,4451.09364169833,4451.34364169833,873,1216,1045
4452.682660279501,4452.557660279501,4452.807660279501,2055,1320,1688
4450.116713105557,4449.866713105557,4450.366713105557,1220,457,839
4446.974888647425,4446.849888647425,4447.099888647425,678,1323,1001
4447.350770362731,4447.100770362731,4447.600770362731,1821,958,1390
4447.406083230113,4447.156083230113,4447.656083230113,689,1772,1231
4451.346807964638,4451.221807964638,4451.471807964638,1275,1738,1507
4448.8613035171,4448.7363035171,4448.9863035171,1220,1663,1442
4449.113345609177,4448.988345609177,4449.238345609177,1608,1713,1661
4453.04048090735,4452.91548090735,4453.16548090735,2474,1025,1750
4453.8740352019695,4453.4990352019695,4454.2490352019695,1969,700,1335
4462.527377206608,4462.277377206608,4462.777377206608,921,2084,1503
4457.541167917551,4457.166167917551,4457.916167917551,1979,1826,1903
4452.645004690627,4452.395004690627,4452.895004690627,632,1347,990
4457.321683308936,4457.196683308936,4457.446683308936,1748,1679,1714
4455.743050961752,4455.493050961752,4455.993050961752,1427,1108,1268
4457.244915833131,4457.119915833131,4457.369915833131,1512,1139,1326
4455.25613223961,4455.13113223961,4455.38113223961,1275,1238,1257
4450.949084788635,4450.824084788635,4451.074084788635,621,1640,1131
4453.859137328795,4453.609137328795,4454.109137328795,1632,659,1146
4448.668934157668,4448.293934157668,4449.043934157668,1066,1331,1199
4442.17879004457,4441.80379004457,4442.55379004457,694,1801,1248
4442.008656648169,4441.758656648169,4442.258656648169,713,1786,1250
4448.245818556059,4448.120818556059,4448.370818556059,1343,1086,1215
4447.270296790046,4446.895296790046,4447.645296790046,971,1418,1195
4448.963709267363,4448.838709267363,4449.088709267363,1406,1337,1372
4447.666120673931,4447.416120673931,4447.916120673931,1556,2199,1878
4449.085294062293,4448.960294062293,4449.210294062293,1058,2423,1741
4446.9945043987755,4446.8695043987755,4447.1195043987755,1543,990,1267
4445.49659194892,4445.37159194892,4445.62159194892,1129,910,1020
4441.193429404306,4441.068429404306,4441.318429404306,827,2016,1422
4436.323311613091,4436.198311613091,4436.448311613091,1761,1784,1773
4437.767086810662,4437.642086810662,4437.892086810662,1467,850,1159
4428.938804593635,4428.813804593635,4429.063804593635,806,793,800
4428.97135916508,4428.84635916508,4429.09635916508,1812,997,1405
4435.030729402367,4434.655729402367,4435.405729402367,1126,2719,1923
4436.408379393274,4436.283379393274,4436.533379393274,1788,867,1328
4440.337384823457,4440.212384823457,4440.462384823457,1146,563,855
4440.884773568,4440.759773568,4441.009773568,2089,838,1464
4431.015211260691,4430.890211260691,4431.140211260691,643,1176,910
4432.361506229529,4432.236506229529,4432.486506229529,1221,492,857
4427.458284056302,4427.208284056302,4427.708284056302,1291,2528,1910
4425.530656399098,4425.280656399098,4425.780656399098,2407,1110,1759
4424.128220665209,4423.878220665209,4424.378220665209,1691,730,1211
4417.965944093657,4417.840944093657,4418.090944093657,1453,2254,1854
4415.673425797316,4415.548425797316,4415.798425797316,1253,890,1072
4412.373296050302,4412.123296050302,4412.623296050302,1861,2094,1978
4414.842417441716,4414.717417441716,4414.967417441716,1166,2255,1711
4417.123406676092,4416.998406676092,4417.248406676092,1389,790,1090
4416.971837889422,4416.721837889422,4417.221837889422,2381,1452,1917
4417.69907777015,4417.32407777015,4418.07407777015,1758,2191,1975
4408.0567528568545,4407.8067528568545,4408.3067528568545,1263,2186,1725
4412.321803468307,4412.196803468307,4412.446803468307,1464,2307,1886
4415.15608353242,4414.90608353242,4415.40608353242,2401,1068,1735
4413.981795919533,4413.606795919533,4414.356795919533,2264,1329,1797
4412.854259455186,4412.729259455186,4412.979259455186,1728,1315,1522
4412.350560411397,4412.100560411397,4412.600560411397,984,1735,1360
4409.019807614407,4408.894807614407,4409.144807614407,1745,716,1231
4408.321298236673,4408.071298236673,4408.571298236673,600,1031,816
4413.482378086527,4413.232378086527,4413.732378086527,1743,814,1279
4416.827685485587,4416.702685485587,4416.952685485587,2049,766,1408
4408.52559523636,4408.40059523636,4408.65059523636,540,1287,914
4405.440810436456,4405.315810436456,4405.565810436456,1198,2381,1790
4406.320482759204,4406.195482759204,4406.445482759204,477,1424,951
4407.306332123256,4407.056332123256,4407.556332123256,2259,1188,1724
4404.747520903179,4404.622520903179,4404.872520903179,2091,1232,1662
4401.066007899752,4400.941007899752,4401.191007899752,897,1430,1164
4400.068032681017,4399.943032681017,4400.193032681017,1092,2123,1608
4405.253636515818,4405.128636515818,4405.378636515818,1271,852,1062
4405.609911298212,4405.484911298212,4405.734911298212,1559,1894,1727
4406.448770995567,4406.323770995567,4406.573770995567,2888,1037,1963
4402.048432164358,4401.923432164358,4402.173432164358,2848,1051,1950
4402.12753786389,4402.00253786389,4402.25253786389,2345,982,1664
4401.480658850473,4401.230658850473,4401.730658850473,760,1975,1368
4401.156513904116,4401.031513904116,4401.281513904116,580,1123,852
4402.29109563826,4402.16609563826,4402.41609563826,1921,1242,1582
4393.1930778184615,4393.0680778184615,4393.3180778184615,911,698,805
4390.51631202839,4390.39131202839,4390.64131202839,1827,1678,1753
4387.386654935495,4387.261654935495,4387.511654935495,1318,961,1140
4381.551570648989,4381.426570648989,4381.676570648989,1744,979,1362
4376.186004549004,4376.061004549004,4376.311004549004,2036,1153,1595
4375.377852095449,4375.252852095449,4375.502852095449,2045,1890,1968
4377.803605375492,4377.553605375492,4378.053605375492,1997,990,1494
4378.478240597967,4378.353240597967,4378.603240597967,639,1054,847
4384.955602903364,4384.705602903364,4385.205602903364,1061,608,835
4389.623029861215,4389.373029861215,4389.873029861215,1052,2725,1889
4390.45869155059,4390.33369155059,4390.58369155059,1349,964,1157
4384.739680964701,4384.614680964701,4384.864680964701,717,1544,1131
4378.450739427256,4378.325739427256,4378.575739427256,1174,1207,1191
4383.341959142316,4383.091959142316,4383.591959142316,1472,1413,1443
4385.859579607204,4385.734579607204,4385.984579607204,1596,1907,1752
4376.785761757286,4376.660761757286,4376.910761757286,1262,651,957
4375.0798682017785,4374.7048682017785,4375.4548682017785,2319,1526,1923
4376.673174779844,4376.548174779844,4376.798174779844,764,2055,1410
4373.4609518173165,4373.2109518173165,4373.7109518173165,1257,672,965
4372.981970118264,4372.731970118264,4373.231970118264,2588,1301,1945
4367.292610137639,4367.167610137639,4367.417610137639,986,1723,1355
4361.404999621919,4361.279999621919,4361.529999621919,1158,1707,1433
4369.222014067672,4369.097014067672,4369.347014067672,1758,1477,1618
4364.483217634343,4364.233217634343,4364.733217634343,1497,1384,1441
4361.650383119112,4361.525383119112,4361.775383119112,935,1932,1434
4364.537857723914,4364.287857723914,4364.787857723914,2330,1583,1957
4363.353605121921,4363.228605121921,4363.478605121921,2668,1233,1951
4366.578226842685,4366.328226842685,4366.828226842685,1276,793,1035
4360.9932792973395,4360.7432792973395,4361.2432792973395,2025,1298,1662
4360.959148008643,4360.709148008643,4361.209148008643,703,1446,1075
4364.656018806723,4364.531018806723,4364.781018806723,1301,2340,1821
4355.304988286327,4355.179988286327,4355.429988286327,1670,1759,1715
4351.649793849633,4351.524793849633,4351.774793849633,1049,1330,1190
4344.849417655304,4344.474417655304,4345.224417655304,1410,483,947
4341.845702948555,4341.595702948555,4342.095702948555,1874,961,1418
4341.780028012777,4341.655028012777,4341.905028012777,1688,1015,1352
4347.498138750699,4347.373138750699,4347.623138750699,591,1736,1164
4346.461247487239,4346.211247487239,4346.711247487239,1514,1455,1485
4347.761306106135,4347.511306106135,4348.011306106135,692,1737,1215
4345.922257960634,4345.672257960634,4346.172257960634,481,1236,859
4345.738063415045,4345.363063415045,4346.113063415045,729,1328,1029
4346.178613923518,4345.928613923518,4346.428613923518,752,949,851
4350.334152846225,4350.209152846225,4350.459152846225,1486,1269,1378
4352.690187913959,4352.440187913959,4352.940187913959,1304,733,1019
4352.915362858085,4352.790362858085,4353.040362858085,2300,1593,1947
4343.326824695737,4343.201824695737,4343.451824695737,1479,1826,1653
4344.1283833075995,4344.0033833075995,4344.2533833075995,1005,1794,1400
4349.118743617818,4348.868743617818,4349.368743617818,1335,1118,1227
4336.41956860551,4336.29456860551,4336.54456860551,1877,1848,1863
4339.231763679781,4338.981763679781,4339.481763679781,1523,1946,1735
4335.765105573391,4335.515105573391,4336.015105573391,756,1369,1063
4336.3629430956535,4336.1129430956535,4336.6129430956535,958,1063,1011
4331.953987012729,4331.828987012729,4332.078987012729,1939,764,1352
4334.813113956507,4334.563113956507,4335.063113956507,2097,1886,1992
4337.535912584406,4337.410912584406,4337.660912584406,2410,883,1647
4336.032845849504,4335.782845849504,4336.282845849504,1846,1123,1485
4335.580487622407,4335.455487622407,4335.705487622407,1558,2299,1929
4335.334711495792,4335.084711495792,4335.584711495792,2164,1327,1746
4330.718620489447,4330.593620489447,4330.843620489447,1830,937,1384
4325.055394123673,4324.930394123673,4325.180394123673,438,1223,831
4325.884667068946,4325.759667068946,4326.009667068946,1412,1531,1472
4320.566561510769,4320.316561510769,4320.816561510769,1016,1703,1360
4329.902332426622,4329.652332426622,4330.152332426622,1438,1935,1687
4328.8713843646565,4328.6213843646565,4329.1213843646565,1186,957,1072
4323.699430925041,4323.449430925041,4323.949430925041,1040,2139,1590
4325.5849444076,4325.2099444076,4325.9599444076,1175,896,1036
4325.698073213034,4325.448073213034,4325.948073213034,1349,1606,1478
4322.8927941815555,4322.7677941815555,4323.0177941815555,1842,1649,1746
4316.987317886365,4316.862317886365,4317.112317886365,809,906,858
4311.663653232236,4311.413653232236,4311.913653232236,2615,1216,1916
4304.501306746411,4304.251306746411,4304.751306746411,1015,1082,1049
4300.215971968772,4300.090971968772,4300.340971968772,1803,822,1313
4305.313730747505,4305.188730747505,4305.438730747505,640,1437,1039
4312.036266880732,4311.911266880732,4312.161266880732,950,2077,1514
4310.903796157833,4310.778796157833,4311.028796157833,931,1272,1102
4312.53944978786,4312.41444978786,4312.66444978786,1732,1311,1522
4312.641704153462,4312.516704153462,4312.766704153462,1490,915,1203
4315.028796250325,4314.903796250325,4315.153796250325,838,1443,1141
4312.250433694089,4311.875433694089,4312.625433694089,717,2076,1397
4314.293865068712,4314.168865068712,4314.418865068712,1374,1245,1310
4306.337485416488,4306.212485416488,4306.462485416488,1816,1559,1688
4320.203158834422,4320.078158834422,4320.328158834422,1971,918,1445
4322.694509750999,4322.444509750999,4322.944509750999,862,1083,973
4323.718585571068,4323.343585571068,4324.093585571068,1215,1992,1604
4326.118782823445,4325.993782823445,4326.243782823445,1521,2236,1879
4328.728074602811,4328.603074602811,4328.853074602811,956,985,971
4329.681684522639,4329.556684522639,4329.806684522639,550,1543,1047
4334.1709890212405,4333.7959890212405,4334.5459890212405,1801,1316,1559
4335.697368789605,4335.572368789605,4335.822368789605,1423,1418,1421
4334.107966822324,4333.982966822324,4334.232966822324,1243,2260,1752
4334.842439326895,4334.717439326895,4334.967439326895,1418,1563,1491
4336.149495476345,4335.774495476345,4336.524495476345,1453,2424,1939
4331.757856263406,4331.632856263406,4331.882856263406,781,1826,1304
4336.1648309008315,4336.0398309008315,4336.2898309008315,860,1233,1047
4335.435260201957,4335.310260201957,4335.560260201957,1173,546,860
4334.46425182889,4334.33925182889,4334.58925182889,2537,1234,1886
4337.240892047865,4337.115892047865,4337.365892047865,1202,2395,1799
4336.704187710533,4336.579187710533,4336.829187710533,842,2249,1546
4333.761626764459,4333.511626764459,4334.011626764459,2274,1441,1858
4333.368856267999,4332.993856267999,4333.743856267999,1105,2820,1963
4336.167126439593,4336.042126439593,4336.292126439593,1200,2011,1606
4336.493430981126,4336.368430981126,4336.618430981126,1458,1603,1531
4342.769319096624,4342.644319096624,4342.894319096624,840,1509,1175
4346.005494748417,4345.755494748417,4346.255494748417,1060,1981,1521
4350.4123751213,4350.2873751213,4350.5373751213,2305,1614,1960
4345.903777238424,4345.528777238424,4346.278777238424,2182,1613,1898
4345.054176138432,4344.804176138432,4345.304176138432,565,1262,914
4346.606258744599,4346.356258744599,4346.856258744599,2207,974,1591
4351.320543801978,4351.070543801978,4351.570543801978,1735,1092,1414
4354.995044448784,4354.870044448784,4355.120044448784,1011,1440,1226
4352.676350738662,4352.551350738662,4352.801350738662,2429,1138,1784
4348.303170918135,4348.178170918135,4348.428170918135,1826,1241,1534
4354.056498532016,4353.931498532016,4354.181498532016,1012,2085,1549
4359.975771649228,4359.600771649228,4360.350771649228,1010,2393,1702
4355.41024605409,4355.28524605409,4355.53524605409,1040,1965,1503
4348.789929527691,4348.664929527691,4348.914929527691,1963,660,1312
4353.167975415162,4353.042975415162,4353.292975415162,1281,1916,1599
4355.47035634489,4355.34535634489,4355.59535634489,1968,1343,1656
4358.235994880122,4358.110994880122,4358.360994880122,1540,1159,1350
4357.365222903986,4357.115222903986,4357.615222903986,925,1206,1066
4352.896029545391,4352.521029545391,4353.271029545391,1167,2352,1760
4350.404279971893,4350.154279971893,4350.654279971893,1434,1497,1466
4353.232720309907,4352.982720309907,4353.482720309907,1421,1572,1497
4351.855110775362,4351.605110775362,4352.105110775362,1033,1390,1212
4350.3941120096,4350.1441120096,4350.6441120096,2362,1615,1989
4345.061252134001,4344.936252134001,4345.186252134001,2431,818,1625
4342.391048236436,4342.266048236436,4342.516048236436,1535,1862,1699
4339.915148235671,4339.665148235671,4340.165148235671,537,1216,877
4345.351800835539,4345.226800835539,4345.476800835539,1745,814,1280
4344.553339062302,4344.303339062302,4344.803339062302,1057,1416,1237
4340.462410380611,4340.337410380611,4340.587410380611,1793,1172,1483
4340.036506928924,4339.661506928924,4340.411506928924,1623,2040,1832
4341.9591370109565,4341.7091370109565,4342.2091370109565,1487,1694,1591
4338.9375047244575,4338.6875047244575,4339.1875047244575,2519,1400,1960
4336.872622389855,4336.622622389855,4337.122622389855,641,1590,1116
4338.677345211615,4338.302345211615,4339.052345211615,1292,1515,1404
4334.958406211969,4334.708406211969,4335.208406211969,1218,473,846
4336.795265807472,4336.670265807472,4336.920265807472,855,1092,974
4344.8567116717195,4344.7317116717195,4344.9817116717195,702,1541,1122
4342.296015352216,4342.171015352216,4342.421015352216,1478,631,1055
4348.350366303378,4348.225366303378,4348.475366303378,671,1582,1127
4343.435901862422,4343.310901862422,4343.560901862422,1417,2146,1782
4346.139890250308,4345.889890250308,4346.389890250308,1992,1809,1901
4348.299407191043,4348.174407191043,4348.424407191043,849,870,860
4348.838807192044,4348.463807192044,4349.213807192044,1371,1464,1418
4350.175885338105,4350.050885338105,4350.300885338105,1415,676,1046
4347.379925511488,4347.004925511488,4347.754925511488,1227,2490,1859
4342.315872680883,4342.190872680883,4342.440872680883,1742,1747,1745
4344.560077803497,4344.435077803497,4344.685077803497,2027,1856,1942
4345.2049917469,4345.0799917469,4345.3299917469,1799,756,1278
4342.608665278941,4342.483665278941,4342.733665278941,1526,939,1233
4341.137842280233,4341.012842280233,4341.262842280233,2140,1413,1777
4348.539428711307,4348.289428711307,4348.789428711307,1231,1020,1126
4348.923048486998,4348.798048486998,4349.048048486998,2092,1301,1697
4352.411784998331,4352.286784998331,4352.536784998331,2440,827,1634
4356.618965602203,4356.493965602203,4356.743965602203,1831,892,1362
4359.256672808908,4359.131672808908,4359.381672808908,1558,1407,1483
4362.053227031145,4361.928227031145,4362.178227031145,1389,494,942
4360.019480374456,4359.769480374456,4360.269480374456,1778,2085,1932
4357.714817898399,4357.464817898399,4357.964817898399,1783,1764,1774
4359.158587929281,4359.033587929281,4359.283587929281,1122,1737,1430
4357.19098277711,4357.06598277711,4357.31598277711,1566,2397,1982
4353.854170271327,4353.604170271327,4354.104170271327,1570,1267,1419
4348.005096454651,4347.880096454651,4348.130096454651,695,1956,1326
4347.002823037174,4346.877823037174,4347.127823037174,1782,1609,1696
4351.3255205618825,4351.2005205618825,4351.4505205618825,1281,640,961
4351.158327807619,4350.908327807619,4351.408327807619,1877,1158,1518
4352.836112802087,4352.711112802087,4352.961112802087,1451,756,1104
4355.579845635897,4355.329845635897,4355.829845635897,1639,754,1197
4354.16220330252,4353.91220330252,4354.41220330252,1682,2293,1988
4352.069844514477,4351.944844514477,4352.194844514477,1736,1337,1537
4355.730760613914,4355.480760613914,4355.980760613914,650,1213,932
4356.489371503677,4356.364371503677,4356.614371503677,1836,761,1299
4349.090307246711,4348.840307246711,4349.340307246711,1258,479,869
4352.75562163216,4352.50562163216,4353.00562163216,1460,727,1094
4347.773368131777,4347.648368131777,4347.898368131777,1245,566,906
4344.206077191373,4343.956077191373,4344.456077191373,726,1915,1321
4345.2180914510145,4345.0930914510145,4345.3430914510145,1084,2593,1839
4341.978607371756,4341.728607371756,4342.228607371756,2007,940,1474
4342.015226645055,4341.890226645055,4342.140226645055,1145,2492,1819
4348.511447497715,4348.136447497715,4348.886447497715,2248,1149,1699
4349.827439055657,4349.702439055657,4349.952439055657,2173,1034,1604
4349.708722822112,4349.583722822112,4349.833722822112,1089,682,886
4355.029340220265,4354.904340220265,4355.154340220265,1013,1262,1138
4356.081279596871,4355.956279596871,4356.206279596871,1196,1941,1569
4358.063865467985,4357.938865467985,4358.188865467985,1582,1573,1578
4356.081474984982,4355.831474984982,4356.331474984982,1000,1831,1416
4355.510869771049,4355.260869771049,4355.760869771049,975,1174,1075
4355.255254049859,4355.005254049859,4355.505254049859,875,2110,1493
4360.794220332074,4360.544220332074,4361.044220332074,783,1248,1016
4354.751568806358,4354.376568806358,4355.126568806358,2367,1578,1973
4352.372404791754,4352.247404791754,4352.497404791754,1884,845,1365
4353.00542434709,4352.88042434709,4353.13042434709,1464,525,995
4348.938860203065,4348.563860203065,4349.313860203065,1310,1433,1372
4342.661453383947,4342.536453383947,4342.786453383947,1270,1411,1341
4342.635235008966,4342.260235008966,4343.010235008966,1779,1376,1578
4340.693267990956,4340.443267990956,4340.943267990956,1778,809,1294
4344.261626707454,4344.136626707454,4344.386626707454,1163,1764,1464
4343.489723455868,4343.364723455868,4343.614723455868,648,1017,833
4343.9291427343505,4343.6791427343505,4344.1791427343505,1993,1376,1685
4338.926520004777,4338.801520004777,4339.051520004777,1172,1277,1225
4341.915295894135,4341.665295894135,4342.165295894135,1036,1863,1450
4345.874418402703,4345.749418402703,4345.999418402703,2078,899,1489
4347.112456430373,4346.987456430373,4347.237456430373,1478,1219,1349
4353.426942283187,4353.176942283187,4353.676942283187,1454,1281,1368
4355.279201192579,4354.904201192579,4355.654201192579,1419,2134,1777
4356.084094702989,4355.709094702989,4356.459094702989,1030,1203,1117
4347.0387914850835,4346.7887914850835,4347.2887914850835,1127,812,970
4343.491342714006,4343.241342714006,4343.741342714006,680,1145,913
4341.679187961899,4341.554187961899,4341.804187961899,1457,2088,1773
4342.382988017883,4342.257988017883,4342.507988017883,833,2106,1470
4348.068673845276,4347.943673845276,4348.193673845276,914,1301,1108
4353.2003302402,4353.0753302402,4353.3253302402,1823,1990,1907
4353.596389435627,4353.471389435627,4353.721389435627,826,1485,1156
4359.03651543513,4358.91151543513,4359.16151543513,1340,1121,1231
4359.02966620432,4358.77966620432,4359.27966620432,954,1465,1210
4359.498730280639,4359.248730280639,4359.748730280639,884,719,802
4360.265437878,4360.015437878,4360.515437878,1886,815,1351
4355.829097095518,4355.704097095518,4355.954097095518,1249,2028,1639
4351.500265907335,4351.375265907335,4351.625265907335,447,1190,819
4350.40681625063,4350.15681625063,4350.65681625063,1580,2189,1885
4348.106168783792,4347.981168783792,4348.231168783792,1284,763,1024
4351.28862824291,4351.16362824291,4351.41362824291,1410,555,983
4355.663872351496,4355.538872351496,4355.788872351496,1955,962,1459
4355.30527300114,4354.93027300114,4355.68027300114,1424,1897,1661
4351.751505788242,4351.626505788242,4351.876505788242,1128,2695,1912
4359.3064225069265,4359.0564225069265,4359.5564225069265,1291,956,1124
4354.615997449352,4354.365997449352,4354.865997449352,994,2781,1888
4356.191562576734,4355.816562576734,4356.566562576734,1946,713,1330
4353.146967440703,4352.896967440703,4353.396967440703,910,1039,975
4357.625361349058,4357.375361349058,4357.875361349058,902,2265,1584
4357.170298178432,4356.795298178432,4357.545298178432,1161,1926,1544
4358.46953506777,4358.34453506777,4358.59453506777,1625,2182,1904
4361.666173075279,4361.541173075279,4361.791173075279,1841,1760,1801
4353.530698378345,4353.405698378345,4353.655698378345,1108,565,837
4358.520624922984,4358.395624922984,4358.645624922984,1341,908,1125
4362.540030107957,4362.415030107957,4362.665030107957,1645,1730,1688
4366.975624779425,4366.725624779425,4367.225624779425,2553,1226,1890
4364.726825657226,4364.601825657226,4364.851825657226,540,1439,990
4368.725376337111,4368.600376337111,4368.850376337111,902,1559,1231
4359.533527057092,4359.283527057092,4359.783527057092,1295,1372,1334
4360.89774292379,4360.77274292379,4361.02274292379,1771,1814,1793
4361.30820784374,4360.93320784374,4361.68320784374,1429,814,1122
4365.708944426886,4365.583944426886,4365.833944426886,1327,1258,1293
4365.354850660148,4365.229850660148,4365.479850660148,539,1196,868
4364.96220437798,4364.83720437798,4365.08720437798,1265,1080,1173
4368.524407594459,4368.149407594459,4368.899407594459,1441,1784,1613
4367.257229315683,4367.132229315683,4367.382229315683,821,950,886
4362.3158523094,4362.1908523094,4362.4408523094,640,1321,981
4361.35718538776,4361.23218538776,4361.48218538776,1268,2453,1861
4365.009795946782,4364.884795946782,4365.134795946782,933,1718,1326
4367.332668528795,4367.207668528795,4367.457668528795,1455,640,1048
4368.845394850919,4368.720394850919,4368.970394850919,1506,537,1022
4370.771702821567,4370.646702821567,4370.896702821567,1401,1550,1476
4369.625586235819,4369.250586235819,4370.000586235819,1671,688,1180
4369.681010746752,4369.431010746752,4369.931010746752,1369,2604,1987
4367.809162376987,4367.684162376987,4367.934162376987,1488,537,1013
4371.072269895832,4370.697269895832,4371.447269895832,911,1150,1031
4373.55049209424,4373.42549209424,4373.67549209424,777,912,845
4374.681063194388,4374.306063194388,4375.056063194388,1081,2504,1793
4374.853654943792,4374.728654943792,4374.978654943792,1899,844,1372
4374.408541694461,4374.283541694461,4374.533541694461,835,1490,1163
4373.797017006802,4373.672017006802,4373.922017006802,715,1436,1076
4373.810824053554,4373.435824053554,4374.185824053554,1449,1758,1604
4371.075125532447,4370.950125532447,4371.200125532447,1003,2658,1831
4372.753145227631,4372.378145227631,4373.128145227631,1013,684,849
4368.932549697485,4368.807549697485,4369.057549697485,673,1270,972
4370.355571861782,4370.105571861782,4370.605571861782,1186,1773,1480
4375.50601421913,4375.25601421913,4375.75601421913,1435,602,1019
4376.846926548516,4376.721926548516,4376.971926548516,2513,866,1690
4374.871529700588,4374.746529700588,4374.996529700588,1160,2587,1874
4374.601936784907,4374.476936784907,4374.726936784907,1443,1446,1445
4370.134793871727,4369.884793871727,4370.384793871727,1550,607,1079
4369.488031425512,4369.363031425512,4369.613031425512,1469,1638,1554
4377.80685797013,4377.55685797013,4378.05685797013,2275,856,1566
4378.389057735662,4378.014057735662,4378.764057735662,1410,1811,1611
4378.732947648366,4378.607947648366,4378.857947648366,649,1120,885
4386.040085288156,4385.790085288156,4386.290085288156,559,1446,1003
4385.062798413725,4384.937798413725,4385.187798413725,1240,2627,1934
4387.076251364339,4386.701251364339,4387.451251364339,1633,2006,1820
4387.723968581232,4387.473968581232,4387.973968581232,1367,2570,1969
4387.073259023946,4386.948259023946,4387.198259023946,578,1219,899
4381.665409431274,4381.540409431274,4381.790409431274,1101,2408,1755
4384.961570288863,4384.836570288863,4385.086570288863,972,947,960
4384.354772174182,4384.229772174182,4384.479772174182,1412,2139,1776
4384.043102853443,4383.918102853443,4384.168102853443,2034,1277,1656
4387.131622021016,4386.881622021016,4387.381622021016,1910,1043,1477
4384.111721059636,4383.986721059636,4384.236721059636,702,1267,985
4381.512895235325,4381.387895235325,4381.637895235325,1624,1427,1526
4382.820054634022,4382.695054634022,4382.945054634022,1226,2693,1960
4389.055769769963,4388.930769769963,4389.180769769963,1519,1666,1593
4393.144226905773,4393.019226905773,4393.269226905773,1171,1414,1293
4390.80029241739,4390.67529241739,4390.92529241739,1575,724,1150
4393.963379032055,4393.713379032055,4394.213379032055,2558,1191,1875
4386.791902472874,4386.666902472874,4386.916902472874,1158,1791,1475
4388.136466121682,4388.011466121682,4388.261466121682,1828,943,1386
4385.161362442127,4385.036362442127,4385.286362442127,1833,894,1364
4381.8785402700905,4381.5035402700905,4382.2535402700905,1392,687,1040
4382.189389054389,4381.814389054389,4382.564389054389,987,2724,1856
4383.679281120938,4383.554281120938,4383.804281120938,1610,2163,1887
4378.265725631626,4378.140725631626,4378.390725631626,1609,1876,1743
4382.951206622702,4382.826206622702,4383.076206622702,1216,1855,1536
4383.991307261882,4383.741307261882,4384.241307261882,1126,1441,1284
4375.731300866113,4375.606300866113,4375.856300866113,1329,1458,1394
4372.241804117463,4372.116804117463,4372.366804117463,1758,1363,1561
4368.311676993483,4368.186676993483,4368.436676993483,1130,2341,1736
4363.99626949239,4363.87126949239,4364.12126949239,1029,1766,1398
4369.49846746404,4369.37346746404,4369.62346746404,1568,879,1224
4368.231570599444,4368.106570599444,4368.356570599444,1076,891,984
4366.71149633318,4366.33649633318,4367.08649633318,1133,1976,1555
4364.65207459597,4364.52707459597,4364.77707459597,864,789,827
4363.398291243585,4363.273291243585,4363.523291243585,917,1548,1233
4360.198766502282,4360.073766502282,4360.323766502282,1906,855,1381
4365.503902941486,4365.253902941486,4365.753902941486,1377,1774,1576
4366.139952237603,4365.889952237603,4366.389952237603,1355,516,936
4370.8057611608765,4370.6807611608765,4370.9307611608765,1412,1563,1488
4371.274265578329,4371.024265578329,4371.524265578329,1523,914,1219
4369.081333428661,4368.706333428661,4369.456333428661,1077,2540,1809
4370.842686394315,4370.592686394315,4371.092686394315,1336,2211,1774
4377.939328016558,4377.814328016558,4378.064328016558,1234,1087,1161
4378.806831987611,4378.431831987611,4379.181831987611,1445,1228,1337
4375.550326603552,4375.425326603552,4375.675326603552,735,1670,1203
4380.507337898585,4380.257337898585,4380.757337898585,2044,1061,1553
4371.793266729669,4371.543266729669,4372.043266729669,1033,2648,1841
4373.755774517609,4373.630774517609,4373.880774517609,1255,2170,1713
4379.924810716168,4379.799810716168,4380.049810716168,1432,2125,1779
4381.795936018684,4381.670936018684,4381.920936018684,1712,991,1352
4380.737766147012,4380.487766147012,4380.987766147012,769,1780,1275
4379.483365073939,4379.233365073939,4379.733365073939,2649,890,1770
4381.517606989821,4381.392606989821,4381.642606989821,1022,2253,1638
4381.023270823592,4380.898270823592,4381.148270823592,884,1141,1013
4376.187891211666,4376.062891211666,4376.312891211666,897,1828,1363
4381.721229876921,4381.596229876921,4381.846229876921,1622,1077,1350
4384.195979171948,4383.945979171948,4384.445979171948,685,970,828
4385.724437749596,4385.599437749596,4385.849437749596,1927,664,1296
4387.866591110462,4387.741591110462,4387.991591110462,1474,1081,1278
4388.806059688665,4388.556059688665,4389.056059688665,1839,1832,1836
4379.872592816162,4379.747592816162,4379.997592816162,1458,937,1198
4382.878998623647,4382.753998623647,4383.003998623647,1172,2029,1601
4383.614304873631,4383.239304873631,4383.989304873631,948,1471,1210
4382.720209380587,4382.470209380587,4382.970209380587,992,973,983
4383.87557692036,4383.50057692036,4384.25057692036,1628,1273,1451
4388.69211091644,4388.44211091644,4388.94211091644,1463,1028,1246
4391.0563241061855,4390.9313241061855,4391.1813241061855,1153,1692,1423
4397.055027178477,4396.930027178477,4397.180027178477,1260,2427,1844
4394.173082321809,4394.048082321809,4394.298082321809,894,2445,1670
4396.780704348818,4396.655704348818,4396.905704348818,1130,2493,1812
4396.289408497305,4396.164408497305,4396.414408497305,1142,1783,1463
4392.3153091320355,4392.0653091320355,4392.5653091320355,926,1959,1443
4385.074922867421,4384.949922867421,4385.199922867421,1348,601,975
4386.400474785871,4386.150474785871,4386.650474785871,1227,1178,1203
4388.875116547901,4388.750116547901,4389.000116547901,1141,2280,1711
4387.826932403361,4387.576932403361,4388.076932403361,1060,2873,1967
4385.947353545114,4385.822353545114,4386.072353545114,891,1316,1104
4382.981525925777,4382.856525925777,4383.106525925777,1520,1831,1676
4387.35306544872,4386.97806544872,4387.72806544872,1364,1339,1352
4393.067449971,4392.817449971,4393.317449971,1278,1517,1398
4392.378251051317,4392.003251051317,4392.753251051317,1454,819,1137
4387.206917613422,4387.081917613422,4387.331917613422,958,2161,1560
4387.071465928473,4386.946465928473,4387.196465928473,1195,2358,1777
4384.90087887275,4384.52587887275,4385.27587887275,871,1154,1013
4381.398878965107,4381.148878965107,4381.648878965107,1628,769,1199
4385.123185317282,4384.998185317282,4385.248185317282,1559,2404,1982
4386.909696206009,4386.784696206009,4387.034696206009,501,1370,936
4388.908830197293,4388.783830197293,4389.033830197293,1807,1432,1620
4386.61653545758,4386.49153545758,4386.74153545758,2669,1222,1946
4381.072412770042,4380.822412770042,4381.322412770042,1098,1119,1109
4377.832662201074,4377.457662201074,4378.207662201074,1482,1941,1712
4374.346024123323,4374.221024123323,4374.471024123323,1359,2028,1694
4372.782354815286,4372.657354815286,4372.907354815286,1255,1482,1369
4372.743593284827,4372.493593284827,4372.993593284827,1591,816,1204
4372.771869347695,4372.396869347695,4373.146869347695,509,1190,850
4373.871618867204,4373.746618867204,4373.996618867204,967,1998,1483
4375.720528774193,4375.470528774193,4375.970528774193,1160,1691,1426
4372.980060092983,4372.730060092983,4373.230060092983,1823,1282,1553
4377.887919304188,4377.637919304188,4378.137919304188,955,1332,1144
4378.567411956355,4378.317411956355,4378.817411956355,1101,812,957
4373.652560379424,4373.527560379424,4373.777560379424,1002,2745,1874
4377.354592370538,4377.104592370538,4377.604592370538,968,1035,1002
4380.352276292648,4380.102276292648,4380.602276292648,1596,695,1146
4381.803407969356,4381.678407969356,4381.928407969356,1287,470,879
4387.360554616741,4387.110554616741,4387.610554616741,2229,994,1612
4385.5645608168725,4385.3145608168725,4385.8145608168725,1666,965,1316
4387.534937796328,4387.409937796328,4387.659937796328,1661,2108,1885
4387.642372793983,4387.517372793983,4387.767372793983,522,1219,871
4385.813094217949,4385.688094217949,4385.938094217949,2532,1361,1947
4389.168364071367,4389.043364071367,4389.293364071367,1661,1192,1427
4390.7603027378855,4390.6353027378855,4390.8853027378855,1236,2665,1951
4390.408771748269,4390.283771748269,4390.533771748269,1910,833,1372
4390.623190828693,4390.248190828693,4390.998190828693,1374,1005,1190
4392.116817551892,4391.991817551892,4392.241817551892,1167,2680,1924
4382.471669706872,4382.346669706872,4382.596669706872,2539,1454,1997
4377.9811451170335,4377.8561451170335,4378.1061451170335,1625,1652,1639
4373.661312424185,4373.411312424185,4373.911312424185,1847,1738,1793
4369.072239181044,4368.947239181044,4369.197239181044,968,639,804
4366.399893266342,4366.274893266342,4366.524893266342,1441,2382,1912
4362.9313175722855,4362.6813175722855,4363.1813175722855,764,1485,1125
4364.5494015855365,4364.4244015855365,4364.6744015855365,1921,810,1366
4367.109798943879,4366.859798943879,4367.359798943879,1641,1336,1489
4368.524547384319,4368.399547384319,4368.649547384319,1470,2209,1840
4366.896836672552,4366.771836672552,4367.021836672552,1451,1226,1339
4370.607396039114,4370.482396039114,4370.732396039114,1979,1548,1764
4371.932104861098,4371.682104861098,4372.182104861098,1814,847,1331
4375.97918871905,4375.85418871905,4376.10418871905,1511,2160,1836
4375.200981758613,4375.075981758613,4375.325981758613,1311,1164,1238
4378.862760680867,4378.487760680867,4379.237760680867,1626,2043,1835
4379.008577684654,4378.758577684654,4379.258577684654,1514,1753,1634
4378.823663817297,4378.448663817297,4379.198663817297,1947,1400,1674
4377.249357982002,4377.124357982002,4377.374357982002,2345,1282,1814
4379.470634558655,4379.220634558655,4379.720634558655,1062,1787,1425
4373.920574497907,4373.795574497907,4374.045574497907,1037,592,815
4373.150623486146,4373.025623486146,4373.275623486146,1245,1528,1387
4367.947196795289,4367.822196795289,4368.072196795289,1090,1009,1050
4370.139790686711,4369.889790686711,4370.389790686711,1076,1217,1147
4372.458892223461,4372.333892223461,4372.583892223461,1634,627,1131
4375.642537478849,4375.517537478849,4375.767537478849,2280,1199,1740
4377.505601258779,4377.255601258779,4377.755601258779,1087,1442,1265
4383.230605737626,4383.105605737626,4383.355605737626,1387,772,1080
4378.606962756139,4378.481962756139,4378.731962756139,1540,1033,1287
4380.943582336062,4380.693582336062,4381.193582336062,1328,1391,1360
4387.5918809580035,4387.4668809580035,4387.7168809580035,1611,2128,1870
4389.130297915864,4389.005297915864,4389.255297915864,614,1811,1213
4390.763157227141,4390.638157227141,4390.888157227141,1049,676,863
4388.981256110216,4388.856256110216,4389.106256110216,1522,539,1031
4387.515569894782,4387.390569894782,4387.640569894782,1192,1677,1435
4384.47571074738,4384.35071074738,4384.60071074738,1078,2633,1856
4380.73201699481,4380.60701699481,4380.85701699481,946,1687,1317
4384.863777047003,4384.738777047003,4384.988777047003,1454,1067,1261
4385.463513140508,4385.338513140508,4385.588513140508,1563,976,1270
4385.310211869477,4385.185211869477,4385.435211869477,2075,752,1414
4384.276295787909,4384.151295787909,4384.401295787909,1283,648,966
4383.37165511558,4383.12165511558,4383.62165511558,1208,475,842
4382.095975776052,4381.970975776052,4382.220975776052,1784,2165,1975
4379.928375171803,4379.803375171803,4380.053375171803,1086,2595,1841
4379.028163760133,4378.778163760133,4379.278163760133,957,2776,1867
4375.698406809217,4375.448406809217,4375.948406809217,639,1470,1055
4373.6015214965755,4373.2265214965755,4373.9765214965755,1022,1573,1298
4374.284513137176,4374.159513137176,4374.409513137176,1896,1489,1693
4383.420775236242,4383.045775236242,4383.795775236242,945,2270,1608
4378.701755067773,4378.576755067773,4378.826755067773,2285,1242,1764
4377.7294805639585,4377.6044805639585,4377.8544805639585,1180,2681,1931
4378.09081432635,4377.96581432635,4378.21581432635,1180,607,894
4378.47422390859,4378.34922390859,4378.59922390859,2271,1158,1715
4379.702342631424,4379.452342631424,4379.952342631424,1510,1241,1376
4377.025124314932,4376.900124314932,4377.150124314932,2207,1452,1830
4374.9514643302755,4374.7014643302755,4375.2014643302755,1249,1120,1185
4378.5445710712,4378.4195710712,4378.6695710712,1124,615,870
4385.004962349484,4384.754962349484,4385.254962349484,654,1143,899
4386.778672755859,4386.653672755859,4386.903672755859,1057,2314,1686
4386.19065283674,4386.06565283674,4386.31565283674,2311,1654,1983
4386.0925182689225,4385.8425182689225,4386.3425182689225,1759,1544,1652
4387.27693532914,4387.15193532914,4387.40193532914,1792,1417,1605
4379.431758412849,4379.181758412849,4379.681758412849,1324,731,1028
4373.464287919926,4373.089287919926,4373.839287919926,1584,2211,1898
4371.079717537179,4370.829717537179,4371.329717537179,2093,1554,1824
4365.578844259242,4365.328844259242,4365.828844259242,2230,1477,1854
4365.16008009119,4365.03508009119,4365.28508009119,2556,1347,1952
4364.120032876487,4363.870032876487,4364.370032876487,1437,1532,1485
4362.688343940359,4362.563343940359,4362.813343940359,1731,1562,1647
4359.085452276395,4358.710452276395,4359.460452276395,2274,1039,1657
4360.095733497248,4359.970733497248,4360.220733497248,1349,1528,1439
4353.067909425556,4352.942909425556,4353.192909425556,1698,2295,1997
4354.888108931587,4354.763108931587,4355.013108931587,1183,2538,1861
4350.64695114824,4350.52195114824,4350.77195114824,1251,434,843
4349.78369052852,4349.53369052852,4350.03369052852,1320,2279,1800
4345.159360324367,4344.909360324367,4345.409360324367,1084,2173,1629
4348.606754275827,4348.481754275827,4348.731754275827,767,1408,1088
4346.083092032497,4345.958092032497,4346.208092032497,1192,1591,1392
4345.543700176764,4345.418700176764,4345.668700176764,1086,2029,1558
4346.242425600113,4346.117425600113,4346.367425600113,759,1574,1167
4349.606050574685,4349.356050574685,4349.856050574685,1192,1873,1533
4349.690665764385,4349.440665764385,4349.940665764385,766,999,883
4351.456633918619,4351.331633918619,4351.581633918619,1606,1231,1419
4350.927074110128,4350.802074110128,4351.052074110128,1008,1225,1117
4353.528552664909,4353.403552664909,4353.653552664909,1066,1739,1403
4355.002771293115,4354.877771293115,4355.127771293115,1482,1785,1634
4352.681351347736,4352.556351347736,4352.806351347736,1556,2161,1859
4353.977654685467,4353.602654685467,4354.352654685467,982,1103,1043
4358.784882195658,4358.659882195658,4358.909882195658,1098,551,825
4363.10802957463,4362.98302957463,4363.23302957463,2275,1508,1892
4364.886053559817,4364.636053559817,4365.136053559817,1888,1671,1780
4370.091423917981,4369.966423917981,4370.216423917981,1291,1432,1362
4376.924476914404,4376.674476914404,4377.174476914404,1145,1740,1443
4377.861315416118,4377.736315416118,4377.986315416118,2762,961,1862
4382.145064926661,4382.020064926661,4382.270064926661,2404,1063,1734
4381.2551679130065,4381.1301679130065,4381.3801679130065,1406,2071,1739
4385.703498380315,4385.578498380315,4385.828498380315,1247,420,834
4386.096829384093,4385.721829384093,4386.471829384093,1181,582,882
4389.018501645713,4388.768501645713,4389.268501645713,1314,629,972
4388.004404536771,4387.754404536771,4388.254404536771,2475,956,1716
4386.85199644077,4386.47699644077,4387.22699644077,2085,978,1532
4388.590289250527,4388.215289250527,4388.965289250527,1160,1193,1177
4387.951984083687,4387.826984083687,4388.076984083687,855,1170,1013
4391.102605663521,4390.727605663521,4391.477605663521,667,1162,915
4388.613944353996,4388.363944353996,4388.863944353996,1052,1115,1084
4389.119544378716,4388.994544378716,4389.244544378716,1717,2260,1989
4388.024833038184,4387.899833038184,4388.149833038184,1935,782,1359
4384.044527244487,4383.669527244487,4384.419527244487,2256,1569,1913
4383.869482379085,4383.619482379085,4384.119482379085,1820,1535,1678
4384.115865301633,4383.990865301633,4384.240865301633,2032,1569,1801
4389.7278831086005,4389.6028831086005,4389.8528831086005,1497,912,1205
4386.849748092423,4386.599748092423,4387.099748092423,1325,2252,1789
4389.253342114872,4389.003342114872,4389.503342114872,2524,1187,1856
4393.629942273161,4393.504942273161,4393.754942273161,668,1745,1207
4392.570576441728,4392.445576441728,4392.695576441728,590,1539,1065
4396.981737182811,4396.856737182811,4397.106737182811,2406,1499,1953
4397.066548385712,4396.941548385712,4397.191548385712,1763,888,1326
4393.578780939726,4393.328780939726,4393.828780939726,937,2396,1667
4393.3475603467095,4393.2225603467095,4393.4725603467095,1120,575,848
4394.922380360921,4394.672380360921,4395.172380360921,657,1128,893
4395.383850708956,4395.258850708956,4395.508850708956,869,2070,1470
4392.182165020246,4391.807165020246,4392.557165020246,1043,1592,1318
4394.032200642968,4393.907200642968,4394.157200642968,659,1626,1143
4395.638433005203,4395.513433005203,4395.763433005203,1998,1861,1930
4391.753094138949,4391.503094138949,4392.003094138949,1005,1416,1211
4394.668128167536,4394.543128167536,4394.793128167536,2391,1020,1706
4393.81317105503,4393.43817105503,4394.18817105503,2442,1025,1734
4399.4740903658685,4399.3490903658685,4399.5990903658685,794,2021,1408
4404.150994361977,4403.900994361977,4404.400994361977,1420,1365,1393
4399.117376024703,4398.992376024703,4399.242376024703,670,1667,1169
4398.389064059653,4398.264064059653,4398.514064059653,823,1076,950
4390.814885586419,4390.564885586419,4391.064885586419,1075,2014,1545
4391.028314825146,4390.653314825146,4391.403314825146,2304,779,1542
4389.491950061106,4389.366950061106,4389.616950061106,2676,1307,1992
4391.717333615624,4391.592333615624,4391.842333615624,1256,555,906
4388.978704173099,4388.728704173099,4389.228704173099,1857,1886,1872
4392.501752134267,4392.376752134267,4392.626752134267,2004,1009,1507
4387.962053148837,4387.837053148837,4388.087053148837,1437,2234,1836
4394.66601392531,4394.29101392531,4395.04101392531,538,1529,1034
4403.872978983599,4403.747978983599,4403.997978983599,1527,652,1090
4409.1976976639935,4409.0726976639935,4409.3226976639935,583,1474,1029
4404.214470092096,4404.089470092096,4404.339470092096,1392,2453,1923
4404.446426422812,4404.196426422812,4404.696426422812,971,2348,1660
4402.376752349059,4402.251752349059,4402.501752349059,1967,1446,1707
4400.424117491976,4400.299117491976,4400.549117491976,887,1940,1414
4399.745671849683,4399.620671849683,4399.870671849683,1504,829,1167
4400.42514597133,4400.30014597133,4400.55014597133,500,1183,842
4397.1046129366405,4396.9796129366405,4397.2296129366405,1124,1675,1400
4400.8003731977815,4400.6753731977815,4400.9253731977815,2114,711,1413
4404.186816415868,4403.936816415868,4404.436816415868,1848,909,1379
4403.11641958541,4402.99141958541,4403.24141958541,1474,2109,1792
4402.171769881518,4402.046769881518,4402.296769881518,631,1740,1186
4402.042380728813,4401.917380728813,4402.167380728813,798,1171,985
4401.64191453241,4401.51691453241,4401.76691453241,1660,1731,1696
4400.128995834061,4400.003995834061,4400.253995834061,1854,1265,1560
4404.549965834741,4404.424965834741,4404.674965834741,1279,2512,1896
4402.592164076894,4402.467164076894,4402.717164076894,1885,1344,1615
4410.043245022215,4409.918245022215,4410.168245022215,982,1169,1076
4407.104473034446,4406.979473034446,4407.229473034446,1761,988,1375
4401.317586769079,4401.192586769079,4401.442586769079,2546,1269,1908
4403.964232700098,4403.839232700098,4404.089232700098,1356,1221,1289
4401.42892857419,4401.17892857419,4401.67892857419,1081,2394,1738
4399.19550270615,4399.07050270615,4399.32050270615,1232,529,881
4400.65123461105,4400.52623461105,4400.77623461105,1714,859,1287
4402.9161904401,4402.7911904401,4403.0411904401,2554,913,1734
4404.89772513396,4404.77272513396,4405.02272513396,1323,1738,1531
4403.369838545,4403.244838545,4403.494838545,696,1235,966
4399.855278382606,4399.605278382606,4400.105278382606,626,1857,1242
4403.790666382828,4403.540666382828,4404.040666382828,1331,1284,1308
4404.837111709369,4404.712111709369,4404.962111709369,1128,1489,1309
4404.28142418204,4403.90642418204,4404.65642418204,685,1038,862
4408.302575944855,4408.177575944855,4408.427575944855,868,1091,980
4408.827437938662,4408.452437938662,4409.202437938662,1763,756,1260
4408.0798504963295,4407.9548504963295,4408.2048504963295,1599,1860,1730
4408.654960255723,4408.404960255723,4408.904960255723,1720,775,1248
4412.6297762686445,4412.5047762686445,4412.7547762686445,1246,689,968
4413.51240121289,4413.38740121289,4413.63740121289,1168,529,849
4408.036871819989,4407.786871819989,4408.286871819989,1903,1264,1584
4408.360032965008,4408.235032965008,4408.485032965008,807,1004,906
4411.974228507402,4411.849228507402,4412.099228507402,1667,920,1294
4406.540825467525,4406.290825467525,4406.790825467525,1562,1249,1406
4408.184438752205,4407.809438752205,4408.559438752205,1610,1143,1377
4407.5258663567265,4407.2758663567265,4407.7758663567265,1422,537,980
4408.942814587485,4408.692814587485,4409.192814587485,1061,918,990
4407.358806116431,4407.233806116431,4407.483806116431,1071,846,959
4411.622380302563,4411.247380302563,4411.997380302563,2309,1274,1792
4409.011311216262,4408.886311216262,4409.136311216262,1205,538,872
4408.376506090836,4408.251506090836,4408.501506090836,1229,738,984
4407.0507823025755,4406.9257823025755,4407.1757823025755,1289,506,898
4410.395800152254,4410.270800152254,4410.520800152254,1409,2392,1901
4411.893907528568,4411.768907528568,4412.018907528568,1225,1928,1577
4411.743893667402,4411.618893667402,4411.868893667402,1516,2185,1851
4421.384563103403,4421.134563103403,4421.634563103403,1991,898,1445
4412.152914828922,4411.902914828922,4412.402914828922,1624,1327,1476
4408.4340844576145,4408.3090844576145,4408.5590844576145,883,2258,1571
4403.526232453178,4403.276232453178,4403.776232453178,944,2633,1789
4402.294515016591,4401.919515016591,4402.669515016591,2377,1092,1735
4393.5099615368235,4393.3849615368235,4393.6349615368235,1172,535,854
4393.102466830107,4392.977466830107,4393.227466830107,1710,2269,1990
4394.053549262668,4393.928549262668,4394.178549262668,794,1133,964
4393.457881888449,4393.332881888449,4393.582881888449,1366,2513,1940
4390.151317670015,4389.901317670015,4390.401317670015,1443,1176,1310
4386.536421001554,4386.161421001554,4386.911421001554,848,1297,1073
4386.056445234125,4385.806445234125,4386.306445234125,1348,1767,1558
4382.834781907928,4382.709781907928,4382.959781907928,1081,1196,1139
4383.971723025303,4383.721723025303,4384.221723025303,842,923,883
4387.554229779307,4387.429229779307,4387.679229779307,2665,948,1807
4379.372280449328,4379.122280449328,4379.622280449328,952,1851,1402
4383.018277980786,4382.768277980786,4383.268277980786,984,1497,1241
4389.422877759419,4389.297877759419,4389.547877759419,2028,1645,1837
4388.08381090116,4387.95881090116,4388.20881090116,1579,740,1160
4391.076614903728,4390.826614903728,4391.326614903728,823,1096,960
4393.21519662832,4392.96519662832,4393.46519662832,1164,2619,1892
4401.249105431576,4401.124105431576,4401.374105431576,1484,1405,1445
4397.718231945016,4397.468231945016,4397.968231945016,2752,1123,1938
4405.991144509984,4405.866144509984,4406.116144509984,2110,935,1523
4401.510912037271,4401.260912037271,4401.760912037271,1068,871,970
4403.59293142411,4403.46793142411,4403.71793142411,2147,1454,1801
4402.723884654773,4402.348884654773,4403.098884654773,1013,2800,1907
4411.393550448515,4411.268550448515,4411.518550448515,1968,697,1333
4413.384519715171,4413.134519715171,4413.634519715171,1963,2000,1982
4414.574897362719,4414.449897362719,4414.699897362719,1703,1888,1796
4410.494982085041,4410.244982085041,4410.744982085041,1019,744,882
4405.360483111006,4405.110483111006,4405.610483111006,2037,1200,1619
4405.000733996963,4404.875733996963,4405.125733996963,1874,1277,1576
4405.66141838549,4405.41141838549,4405.91141838549,768,1471,1120
4406.462219571741,4406.212219571741,4406.712219571741,1457,1218,1338
4403.970739502738,4403.720739502738,4404.220739502738,1219,2482,1851
4403.676120084847,4403.551120084847,4403.801120084847,1604,905,1255
4406.422669935688,4406.297669935688,4406.547669935688,1474,1057,1266
4405.221301004554,4405.096301004554,4405.346301004554,2499,1118,1809
4404.990416390912,4404.865416390912,4405.115416390912,1482,1889,1686
4405.81708072335,4405.69208072335,4405.94208072335,923,1560,1242
4401.720757001807,4401.595757001807,4401.845757001807,1292,1287,1290
4398.994693923596,4398.619693923596,4399.369693923596,2517,1460,1989
4400.695447333192,4400.320447333192,4401.070447333192,1313,1136,1225
4399.20711285616,4399.08211285616,4399.33211285616,2678,1295,1987
4401.714434852374,4401.589434852374,4401.839434852374,1425,912,1169
4402.19394786059,4402.06894786059,4402.31894786059,593,1642,1118
4399.010213745759,4398.885213745759,4399.135213745759,1472,2155,1814
4396.894584500053,4396.644584500053,4397.144584500053,2022,851,1437
4395.333657752736,4395.208657752736,4395.458657752736,1825,1272,1549
4397.58514399491,4397.46014399491,4397.71014399491,829,2112,1471
4399.04267498313,4398.91767498313,4399.16767498313,1789,1954,1872
4400.14881977797,4400.02381977797,4400.27381977797,1492,1173,1333
4396.976242250738,4396.726242250738,4397.226242250738,1760,611,1186
4402.6652434364605,4402.2902434364605,4403.0402434364605,941,868,905
4399.253703237671,4399.003703237671,4399.503703237671,1076,1093,1085
4399.541323099895,4399.416323099895,4399.666323099895,899,1434,1167
4390.776376543292,4390.651376543292,4390.901376543292,775,2004,1390
4382.477367726047,4382.352367726047,4382.602367726047,905,1138,1022
4386.393965503367,4386.268965503367,4386.518965503367,1082,553,818
4385.042791640189,4384.917791640189,4385.167791640189,1582,845,1214
4384.404394221548,4384.029394221548,4384.779394221548,1371,988,1180
4386.7201035399185,4386.4701035399185,4386.9701035399185,1232,511,872
4393.40925540498,4393.28425540498,4393.53425540498,1052,733,893
4393.721041500731,4393.471041500731,4393.971041500731,1456,2417,1937
4392.372510789066,4392.122510789066,4392.622510789066,1343,1602,1473
4391.540443724311,4391.165443724311,4391.915443724311,1972,887,1430
4387.334442602509,4387.209442602509,4387.459442602509,1525,1632,1579
4389.409532109302,4389.159532109302,4389.659532109302,498,1365,932
4389.472071297562,4389.347071297562,4389.597071297562,1768,1675,1722
4382.747425864357,4382.622425864357,4382.872425864357,1217,1460,1339
4380.564280372575,4380.314280372575,4380.814280372575,703,1748,1226
4380.454076416668,4380.204076416668,4380.704076416668,724,1803,1264
4382.193859476148,4382.068859476148,4382.318859476148,1730,2239,1985
4383.402974032808,4383.152974032808,4383.652974032808,891,1048,970
4380.14727021582,4380.02227021582,4380.27227021582,1780,1937,1859
4371.808963519516,4371.683963519516,4371.933963519516,1048,1277,1163
4374.587033670157,4374.462033670157,4374.712033670157,1458,2371,1915
4379.595122868288,4379.345122868288,4379.845122868288,848,2463,1656
4379.128602005376,4379.003602005376,4379.253602005376,790,1305,1048
4378.721308530574,4378.346308530574,4379.096308530574,2440,971,1706
4381.0365945239155,4380.9115945239155,4381.1615945239155,1139,522,831
4384.464201310345,4384.339201310345,4384.589201310345,1399,1348,1374
4383.396384386146,4383.146384386146,4383.646384386146,1448,919,1184
4387.905905513472,4387.780905513472,4388.030905513472,2668,895,1782
4391.9185465034525,4391.5435465034525,4392.2935465034525,1195,2150,1673
4393.948477422308,4393.698477422308,4394.198477422308,1130,999,1065
4392.757403569832,4392.632403569832,4392.882403569832,1719,1846,1783
4399.945633018846,4399.820633018846,4400.070633018846,1413,932,1173
4404.307066333528,4403.932066333528,4404.682066333528,999,1648,1324
4410.116601348724,4409.866601348724,4410.366601348724,1584,1469,1527
4406.966095205236,4406.841095205236,4407.091095205236,1019,1208,1114
4408.0615624555485,4407.9365624555485,4408.1865624555485,1261,1718,1490
4407.245971979494,4406.995971979494,4407.495971979494,1056,1767,1412
4403.489246219421,4403.364246219421,4403.614246219421,2559,1412,1986
4407.742021208915,4407.617021208915,4407.867021208915,1010,1731,1371
4403.814167796406,4403.689167796406,4403.939167796406,2073,1916,1995
4405.330989442693,4405.205989442693,4405.455989442693,1768,2011,1890
4407.145742569553,4407.020742569553,4407.270742569553,1003,912,958
4402.759909877572,4402.634909877572,4402.884909877572,1844,2123,1984
4400.722072065162,4400.472072065162,4400.972072065162,2122,1505,1814
4401.560522312423,4401.435522312423,4401.685522312423,911,860,886
4403.363060434796,4403.238060434796,4403.488060434796,826,1361,1094
4405.566099105737,4405.441099105737,4405.691099105737,1115,1540,1328
4403.424641244562,4403.299641244562,4403.549641244562,1242,853,1048
4405.736971015793,4405.611971015793,4405.861971015793,1596,2173,1885
4403.85206165433,4403.72706165433,4403.97706165433,2190,1481,1836
4408.912394084727,4408.787394084727,4409.037394084727,2035,754,1395
4408.989746577996,4408.864746577996,4409.114746577996,2426,985,1706
4408.097612767924,4407.847612767924,4408.347612767924,955,1764,1360
4401.12495849754,4400.99995849754,4401.24995849754,2127,1148,1638
4395.738717719836,4395.488717719836,4395.988717719836,1531,772,1152
4401.571384074888,4401.321384074888,4401.821384074888,759,1190,975
4398.158941439779,4398.033941439779,4398.283941439779,1198,1343,1271
4392.350180575089,4392.225180575089,4392.475180575089,1783,2082,1933
4392.493598311684,4392.368598311684,4392.618598311684,1862,1115,1489
4381.59184180835,4381.34184180835,4381.84184180835,1444,1735,1590
4386.537423264801,4386.412423264801,4386.662423264801,2273,954,1614
4379.019686293157,4378.894686293157,4379.144686293157,1247,866,1057
4373.21040649661,4372.96040649661,4373.46040649661,1716,2011,1864
4377.739427174655,4377.614427174655,4377.864427174655,1402,1179,1291
4377.124768992005,4376.874768992005,4377.374768992005,727,1456,1092
4376.293074306511,4376.043074306511,4376.543074306511,860,1539,1200
4377.226366469245,4376.976366469245,4377.476366469245,976,1981,1479
4373.691481370951,4373.566481370951,4373.816481370951,2199,1430,1815
4370.679642323651,4370.554642323651,4370.804642323651,527,1556,1042
4371.203697782638,4370.953697782638,4371.453697782638,1641,1520,1581
4368.5328849021535,4368.4078849021535,4368.6578849021535,690,1247,969
4374.313981816479,4374.188981816479,4374.438981816479,2785,1170,1978
4377.338955937144,4377.213955937144,4377.463955937144,2001,928,1465
4379.104522334516,4378.979522334516,4379.229522334516,1771,800,1286
4378.591686599416,4378.216686599416,4378.966686599416,1328,1473,1401
4381.044187826949,4380.919187826949,4381.169187826949,1051,650,851
4377.518901742059,4377.393901742059,4377.643901742059,1432,819,1126
4382.307721914621,4382.182721914621,4382.432721914621,1552,521,1037
4373.664691144227,4373.539691144227,4373.789691144227,1971,1678,1825
4384.072135063024,4383.947135063024,4384.197135063024,2110,1569,1840
4381.396262691932,4381.146262691932,4381.646262691932,1776,1111,1444
4381.949004887372,4381.824004887372,4382.074004887372,983,1814,1399
4378.629859020879,4378.379859020879,4378.879859020879,478,1185,832
4378.994162137252,4378.619162137252,4379.369162137252,915,1792,1354
4380.2774088301685,4379.9024088301685,4380.6524088301685,2180,1041,1611
4379.754918807014,4379.379918807014,4380.129918807014,1600,725,1163
4383.500566187813,4383.125566187813,4383.875566187813,1005,1978,1492
4379.182426743515,4379.057426743515,4379.307426743515,1038,651,845
4378.441832769018,4378.316832769018,4378.566832769018,1462,1545,1504
4376.155737664095,4376.030737664095,4376.280737664095,2013,1816,1915
4381.00111804689,4380.87611804689,4381.12611804689,1351,2608,1980
4379.713637793929,4379.588637793929,4379.838637793929,1006,1947,1477
4383.679553027386,4383.554553027386,4383.804553027386,1703,2048,1876
4384.203272079308,4384.078272079308,4384.328272079308,780,2209,1495
4382.982370273803,4382.857370273803,4383.107370273803,2134,949,1542
4382.522986641566,4382.397986641566,4382.647986641566,1299,2412,1856
4380.166569345793,4380.041569345793,4380.291569345793,832,1359,1096
4381.091427274765,4380.841427274765,4381.341427274765,2483,1092,1788
4376.212606965325,4376.087606965325,4376.337606965325,1338,2205,1772
4381.794851697111,4381.669851697111,4381.919851697111,921,680,801
4381.323374676833,4380.948374676833,4381.698374676833,1327,1202,1265
4387.946782914173,4387.696782914173,4388.196782914173,1781,1618,1700
4388.038230384889,4387.913230384889,4388.163230384889,1067,1032,1050
4387.165055059077,4387.040055059077,4387.290055059077,1153,1544,1349
4388.687432386576,4388.562432386576,4388.812432386576,705,1330,1018
4388.869956264313,4388.744956264313,4388.994956264313,1603,1278,1441
4392.729267285537,4392.604267285537,4392.854267285537,1028,2393,1711
4389.043164365326,4388.793164365326,4389.293164365326,1439,1860,1650
4387.882343616145,4387.757343616145,4388.007343616145,1216,2027,1622
4384.018500077689,4383.768500077689,4384.268500077689,1902,827,1365
4380.855862215591,4380.730862215591,4380.980862215591,936,2029,1483
4381.0849375655125,4380.7099375655125,4381.4599375655125,1378,2097,1738
4386.5257474525315,4386.2757474525315,4386.7757474525315,1015,1976,1496
4387.905354020671,4387.780354020671,4388.030354020671,1002,1351,1177
4383.554389591718,4383.179389591718,4383.929389591718,1281,2644,1963
4384.585593293637,4384.460593293637,4384.710593293637,661,1674,1168
4380.548303519933,4380.423303519933,4380.673303519933,994,767,881
4382.805553454401,4382.555553454401,4383.055553454401,1005,1576,1291
4385.221780385122,4385.096780385122,4385.346780385122,1462,753,1108
4380.516048680236,4380.266048680236,4380.766048680236,2514,1459,1987
4378.0851103807745,4377.9601103807745,4378.2101103807745,1507,1040,1274
4377.0772661393785,4376.9522661393785,4377.2022661393785,1194,2485,1840
4376.973012804623,4376.723012804623,4377.223012804623,734,1435,1085
4378.163257910944,4377.913257910944,4378.413257910944,1380,799,1090
4383.661704505779,4383.536704505779,4383.786704505779,1124,1913,1519
4385.610353738286,4385.360353738286,4385.860353738286,1848,1579,1714
4382.6311078195695,4382.5061078195695,4382.7561078195695,1660,1437,1549
4383.776737383234,4383.651737383234,4383.901737383234,1989,866,1428
4383.4367132769485,4383.3117132769485,4383.5617132769485,1427,1312,1370
4385.523700564484,4385.148700564484,4385.898700564484,1874,1135,1505
4379.667479194953,4379.542479194953,4379.792479194953,1735,1758,1747
4382.609360516261,4382.234360516261,4382.984360516261,1138,983,1061
4380.794466287003,4380.669466287003,4380.919466287003,535,1412,974
4383.745812807813,4383.495812807813,4383.995812807813,1196,819,1008
4381.872432265536,4381.747432265536,4381.997432265536,983,1484,1234
4383.448617191005,4383.323617191005,4383.573617191005,720,2123,1422
4379.680919706265,4379.555919706265,4379.805919706265,573,1094,834
4379.336682733668,4379.086682733668,4379.586682733668,937,850,894
4383.936345545026,4383.686345545026,4384.186345545026,727,1136,932
4383.300591371828,4383.175591371828,4383.425591371828,1513,2108,1811
4383.615220273966,4383.490220273966,4383.740220273966,1111,1618,1365
4379.409664088845,4379.284664088845,4379.534664088845,1462,1579,1521
4385.065879093717,4384.940879093717,4385.190879093717,2794,1035,1915
4381.580732279866,4381.330732279866,4381.830732279866,2671,920,1796
4380.956961102992,4380.831961102992,4381.081961102992,2134,1141,1638
4384.055258637441,4383.930258637441,4384.180258637441,933,1234,1084
4375.183170319806,4375.058170319806,4375.308170319806,939,2634,1787
4379.851588506417,4379.726588506417,4379.976588506417,1063,2400,1732
4375.954643686574,4375.829643686574,4376.079643686574,1110,1569,1340
4378.690818838163,4378.565818838163,4378.815818838163,1330,2597,1964
4377.518040489373,4377.393040489373,4377.643040489373,2800,947,1874
4374.214753860494,4373.839753860494,4374.589753860494,1645,1886,1766
4378.164177857211,4378.039177857211,4378.289177857211,1131,892,1012
4382.021792532676,4381.771792532676,4382.271792532676,1446,2193,1820
4385.441034546406,4385.191034546406,4385.691034546406,1329,912,1121
4385.966112563261,4385.591112563261,4386.341112563261,1090,1837,1464
4382.6500054268645,4382.5250054268645,4382.7750054268645,633,1626,1130
4385.353915189744,4385.228915189744,4385.478915189744,1832,1947,1890
4390.226259702962,4389.851259702962,4390.601259702962,647,1082,865
4389.361587313874,4389.111587313874,4389.611587313874,868,1993,1431
4386.960154737677,4386.835154737677,4387.085154737677,1249,434,842
4385.027229631813,4384.777229631813,4385.277229631813,1379,1300,1340
4387.9462210161855,4387.6962210161855,4388.1962210161855,901,2188,1545
4389.241612273575,4388.991612273575,4389.491612273575,746,1601,1174
4387.49522732865,4387.37022732865,4387.62022732865,829,930,880
4393.584822981102,4393.459822981102,4393.709822981102,1449,646,1048
4388.235161025822,4388.110161025822,4388.360161025822,680,961,821
4391.439630275215,4391.314630275215,4391.564630275215,485,1368,927
4394.23005702928,4394.10505702928,4394.35505702928,1605,880,1243
4391.706496061807,4391.331496061807,4392.081496061807,1625,1640,1633
4389.657357245735,4389.407357245735,4389.907357245735,688,1433,1061
4391.853841108919,4391.728841108919,4391.978841108919,2452,825,1639
4390.476537875334,4390.351537875334,4390.601537875334,1013,2674,1844
4390.302190730377,4390.177190730377,4390.427190730377,718,943,831
4389.480263129255,4389.105263129255,4389.855263129255,1519,724,1122
4389.999107140479,4389.874107140479,4390.124107140479,1793,1364,1579
4391.5246340138765,4391.3996340138765,4391.6496340138765,1548,571,1060
4393.921618698087,4393.796618698087,4394.046618698087,1187,860,1024
4396.577540151154,4396.327540151154,4396.827540151154,1663,1252,1458
4390.33163988355,4389.95663988355,4390.70663988355,1158,2533,1846
4398.548007083496,4398.298007083496,4398.798007083496,2605,1116,1861
4400.610086958039,4400.360086958039,4400.860086958039,2539,1164,1852
4404.843171574247,4404.718171574247,4404.968171574247,919,2634,1777
4400.558254301802,4400.433254301802,4400.683254301802,783,1084,934
4396.841332229143,4396.591332229143,4397.091332229143,1233,860,1047
4398.55391997828,4398.42891997828,4398.67891997828,1120,515,818
4400.552488590518,4400.427488590518,4400.677488590518,1187,1404,1296
4402.326998195296,4402.201998195296,4402.451998195296,1761,1196,1479
4402.898812703362,4402.773812703362,4403.023812703362,2399,988,1694
4410.698514718571,4410.573514718571,4410.823514718571,1032,2115,1574
4409.092284130856,4408.842284130856,4409.342284130856,1110,1341,1226
4406.129343365328,4405.879343365328,4406.379343365328,1482,2145,1814
4403.777842988435,4403.652842988435,4403.902842988435,1048,1089,1069
4403.738086828797,4403.613086828797,4403.863086828797,2486,1177,1832
4408.663113123921,4408.413113123921,4408.913113123921,1536,1453,1495
4401.509796758304,4401.384796758304,4401.634796758304,1570,1437,1504
4399.179574327496,4399.054574327496,4399.304574327496,2446,1531,1989
4404.599412624164,4404.474412624164,4404.724412624164,552,1169,861
4401.474497959755,4401.349497959755,4401.599497959755,628,1361,995
4403.791882539664,4403.666882539664,4403.916882539664,1734,1255,1495
4406.0799704139,4405.9549704139,4406.2049704139,1374,1587,1481
4405.317699614829,4405.067699614829,4405.567699614829,628,1367,998
4407.403841572779,4407.278841572779,4407.528841572779,794,1525,1160
4408.103404254545,4407.978404254545,4408.228404254545,676,1687,1182
4399.190796648739,4399.065796648739,4399.315796648739,1028,2391,1710
4401.089121803555,4400.964121803555,4401.214121803555,1435,1882,1659
4401.4572240408,4401.3322240408,4401.5822240408,1493,1892,1693
4408.495460406338,4408.370460406338,4408.620460406338,1030,1273,1152
4406.978816481894,4406.603816481894,4407.353816481894,1010,1579,1295
4403.27636655835,4403.15136655835,4403.40136655835,787,2118,1453
4407.6256150724885,4407.5006150724885,4407.7506150724885,2227,1000,1614
4408.889708538509,4408.514708538509,4409.264708538509,1206,2623,1915
4412.047245394655,4411.922245394655,4412.172245394655,1296,2075,1686
4412.365686357196,4412.115686357196,4412.615686357196,638,1439,1039
4413.273219910578,4413.148219910578,4413.398219910578,1469,1154,1312
4408.749259162582,4408.499259162582,4408.999259162582,1044,2535,1790
4408.838648782378,4408.713648782378,4408.963648782378,2224,1079,1652
4405.048661973279,4404.673661973279,4405.423661973279,1184,1615,1400
4401.298399371864,4401.173399371864,4401.423399371864,1173,574,874
4403.772933176707,4403.647933176707,4403.897933176707,546,1499,1023
4400.819847976011,4400.694847976011,4400.944847976011,938,2513,1726
4396.602157346186,4396.477157346186,4396.727157346186,1236,2475,1856
4403.909205099359,4403.784205099359,4404.034205099359,1257,1406,1332
4402.954527497716,4402.829527497716,4403.079527497716,1973,1044,1509
4403.677393021351,4403.552393021351,4403.802393021351,1961,916,1439
4408.36050641296,4408.23550641296,4408.48550641296,921,2600,1761
4404.361199138103,4403.986199138103,4404.736199138103,1053,900,977
4407.47713154107,4407.35213154107,4407.60213154107,1934,1497,1716
4408.374513950683,4408.124513950683,4408.624513950683,1743,1602,1673
4409.1525925352435,4408.9025925352435,4409.4025925352435,1781,706,1244
4404.02985407305,4403.77985407305,4404.27985407305,1000,2099,1550
4402.979235449565,4402.854235449565,4403.104235449565,1130,2325,1728
4404.004437053776,4403.754437053776,4404.254437053776,1721,1918,1820
4405.849125616996,4405.599125616996,4406.099125616996,763,1176,970
4407.190481839383,4407.065481839383,4407.315481839383,1245,604,925
4405.421816183106,4405.296816183106,4405.546816183106,1071,1134,1103
4406.177631141771,4406.052631141771,4406.302631141771,894,1905,1400
4405.878053508435,4405.628053508435,4406.128053508435,1658,2267,1963
4406.305324264045,4406.180324264045,4406.430324264045,809,1988,1399
4411.411683016079,4411.161683016079,4411.661683016079,2372,949,1661
4416.669059046663,4416.419059046663,4416.919059046663,2557,1376,1967
4417.956788447461,4417.831788447461,4418.081788447461,1234,551,893
4418.734548079948,4418.609548079948,4418.859548079948,2355,1124,1740
4411.094976265687,4410.969976265687,4411.219976265687,1568,1425,1497
4414.850775429166,4414.475775429166,4415.225775429166,1768,2019,1894
4417.001041697658,4416.626041697658,4417.376041697658,1449,618,1034
4424.431670383203,4424.181670383203,4424.681670383203,2636,1167,1902
4424.2392274301055,4424.1142274301055,4424.3642274301055,1212,1667,1440
4424.109811901096,4423.859811901096,4424.359811901096,1343,780,1062
4424.2250323007665,4424.1000323007665,4424.3500323007665,524,1119,822
4421.545247136498,4421.420247136498,4421.670247136498,1483,2350,1917
4421.234644109589,4420.984644109589,4421.484644109589,1385,920,1153
4420.660773932575,4420.535773932575,4420.785773932575,1620,2321,1971
4419.008917636651,4418.883917636651,4419.133917636651,2232,1723,1978
4423.137064027116,4423.012064027116,4423.262064027116,1348,497,923
4419.279226492993,4419.029226492993,4419.529226492993,1548,607,1078
4422.833921696995,4422.708921696995,4422.958921696995,824,2259,1542
4418.864469880739,4418.739469880739,4418.989469880739,1888,1919,1904
4421.903789110374,4421.778789110374,4422.028789110374,875,2240,1558
4423.020217480512,4422.895217480512,4423.145217480512,1269,2446,1858
4419.535873265315,4419.410873265315,4419.660873265315,1128,765,947
4422.289558099159,4422.164558099159,4422.414558099159,1709,1938,1824
4434.11277206448,4433.86277206448,4434.36277206448,2195,1094,1645
4433.659604653918,4433.409604653918,4433.909604653918,880,1203,1042
4432.600606331022,4432.475606331022,4432.725606331022,1861,1508,1685
4434.747476904349,4434.622476904349,4434.872476904349,1646,2235,1941
4429.7398913351135,4429.6148913351135,4429.8648913351135,1114,1177,1146
4433.861743958099,4433.736743958099,4433.986743958099,992,893,943
4434.07730563722,4433.95230563722,4434.20230563722,1123,1668,1396
4436.960439374759,4436.585439374759,4437.335439374759,1250,1373,1312
4438.535646490643,4438.410646490643,4438.660646490643,2092,1107,1600
4438.858743380029,4438.733743380029,4438.983743380029,1602,1853,1728
4440.316290837798,4439.941290837798,4440.691290837798,1130,485,808
4435.341629583056,4435.216629583056,4435.466629583056,1252,671,962
4433.363296420473,4433.238296420473,4433.488296420473,1385,470,928
4433.93214451182,4433.80714451182,4434.05714451182,1174,573,874
4437.507213219568,4437.257213219568,4437.757213219568,1959,1318,1639
4435.792141417662,4435.417141417662,4436.167141417662,2198,1129,1664
4427.58827356478,4427.46327356478,4427.71327356478,838,1733,1286
4425.071687532853,4424.946687532853,4425.196687532853,1470,2031,1751
4425.108343750328,4424.983343750328,4425.233343750328,1173,1734,1454
4421.267163280002,4421.142163280002,4421.392163280002,1543,876,1210
4423.61084834261,4423.48584834261,4423.73584834261,1545,1682,1614
4426.648229460871,4426.273229460871,4427.023229460871,1994,1129,1562
4423.130574443562,4423.005574443562,4423.255574443562,1598,1327,1463
4422.250846724145,4422.125846724145,4422.375846724145,1000,2775,1888
4421.690725005397,4421.440725005397,4421.940725005397,1004,2839,1922
4424.799517195673,4424.549517195673,4425.049517195673,1221,2308,1765
4428.3740149363175,4428.1240149363175,4428.6240149363175,1244,2325,1785
4426.421604758029,4426.296604758029,4426.546604758029,1464,1251,1358
4428.805538142755,4428.555538142755,4429.055538142755,2074,1779,1927
4431.861452650682,4431.736452650682,4431.986452650682,1191,446,819
4437.374137589998,4437.124137589998,4437.624137589998,1810,883,1347
4429.145700160268,4428.895700160268,4429.395700160268,1322,1329,1326
4435.097636585721,4434.972636585721,4435.222636585721,1095,676,886
4435.166225716945,4434.916225716945,4435.416225716945,1119,786,953
4436.750901906014,4436.500901906014,4437.000901906014,1539,1610,1575
4432.747915573431,4432.622915573431,4432.872915573431,777,1178,978
4433.90860334898,4433.65860334898,4434.15860334898,1120,1915,1518
4435.103023138397,4434.853023138397,4435.353023138397,1234,493,864
4432.489618168753,4432.364618168753,4432.614618168753,1687,862,1275
4431.531677728602,4431.406677728602,4431.656677728602,849,1400,1125
4426.150586125913,4426.025586125913,4426.275586125913,2085,1320,1703
4430.395107270016,4430.145107270016,4430.645107270016,2271,920,1596
4427.369604351955,4427.119604351955,4427.619604351955,636,1831,1234
4423.795346272404,4423.670346272404,4423.920346272404,1239,1746,1493
4423.94786078106,4423.69786078106,4424.19786078106,2034,1687,1861
4418.202625204341,4418.077625204341,4418.327625204341,1154,2155,1655
4415.956166258061,4415.831166258061,4416.081166258061,922,1285,1104
4418.9992492822375,4418.8742492822375,4419.1242492822375,1193,1652,1423
4419.156668316252,4419.031668316252,4419.281668316252,1756,689,1223
4422.063908224879,4421.938908224879,4422.188908224879,1572,2165,1869
4418.2387833142375,4418.1137833142375,4418.3637833142375,1518,2269,1894
4417.4501319038245,4417.3251319038245,4417.5751319038245,796,2069,1433
4423.091334913872,4422.966334913872,4423.216334913872,727,1178,953
4421.820269669008,4421.570269669008,4422.070269669008,1890,1509,1700
4419.5624289725965,4419.1874289725965,4419.9374289725965,1225,446,836
4426.368846254896,4426.243846254896,4426.493846254896,1087,1676,1382
4423.05667504335,4422.68167504335,4423.43167504335,917,1338,1128
4420.088472033865,4419.963472033865,4420.213472033865,1893,1316,1605
4420.8860790893095,4420.5110790893095,4421.2610790893095,1709,1182,1446
4419.276424984136,4419.151424984136,4419.401424984136,1361,1034,1198
4418.026331936777,4417.776331936777,4418.276331936777,1011,1608,1310
4416.940298020464,4416.815298020464,4417.065298020464,1877,1212,1545
4417.338075426953,4417.088075426953,4417.588075426953,1523,718,1121
4420.215615893111,4419.840615893111,4420.590615893111,2343,1654,1999
4415.224880379277,4414.974880379277,4415.474880379277,899,2356,1628
4410.775481300081,4410.525481300081,4411.025481300081,1447,952,1200
4408.200181036246,4408.075181036246,4408.325181036246,830,1469,1150
4415.713541790274,4415.463541790274,4415.963541790274,1486,1545,1516
4416.355645480841,4416.105645480841,4416.605645480841,718,1373,1046
4417.582561334883,4417.457561334883,4417.707561334883,2008,817,1413
4418.530464011931,4418.405464011931,4418.655464011931,1630,1157,1394
4418.955672703228,4418.830672703228,4419.080672703228,764,863,814
4410.293841958713,4410.043841958713,4410.543841958713,838,1903,1371
4409.53404543637,4409.28404543637,4409.78404543637,2102,933,1518
4410.702486077386,4410.577486077386,4410.827486077386,1597,708,1153
4406.910527381767,4406.785527381767,4407.035527381767,563,1402,983
4409.485321611598,4409.235321611598,4409.735321611598,1646,1915,1781
4407.834296633215,4407.709296633215,4407.959296633215,1438,2161,1800
4412.550786595155,4412.425786595155,4412.675786595155,884,1533,1209
4408.106860781908,4407.981860781908,4408.231860781908,1053,2862,1958
4406.982287956946,4406.857287956946,4407.107287956946,1070,1743,1407
4405.860419948278,4405.735419948278,4405.985419948278,831,2390,1611
4410.814595816272,4410.689595816272,4410.939595816272,1250,1151,1201
4417.921339203412,4417.796339203412,4418.046339203412,704,1581,1143
4421.860455270459,4421.735455270459,4421.985455270459,1442,1149,1296
4415.416112468137,4415.291112468137,4415.541112468137,671,1150,911
4415.431810116861,4415.056810116861,4415.806810116861,1922,1585,1754
4415.508872632186,4415.383872632186,4415.633872632186,721,1772,1247
4415.624093075336,4415.499093075336,4415.749093075336,969,644,807
4420.504046663513,4420.379046663513,4420.629046663513,1576,2197,1887
4420.783986624548,4420.658986624548,4420.908986624548,1227,2702,1965
4420.772514418154,4420.522514418154,4421.022514418154,1204,981,1093
4418.947284401075,4418.822284401075,4419.072284401075,571,1126,849
4418.002124293236,4417.877124293236,4418.127124293236,1443,1682,1563
4420.964916650975,4420.839916650975,4421.089916650975,1004,1521,1263
4420.938269386014,4420.688269386014,4421.188269386014,2752,1031,1892
4418.682618295678,4418.557618295678,4418.807618295678,1321,1794,1558
4420.637949427409,4420.512949427409,4420.762949427409,1715,1116,1416
4419.050850672819,4418.925850672819,4419.175850672819,1445,1026,1236
4421.070203807475,4420.820203807475,4421.320203807475,1966,1211,1589
4419.739798716824,4419.614798716824,4419.864798716824,1748,1087,1418
4413.216847833957,4412.966847833957,4413.466847833957,2698,1059,1879
4415.385516821294,4415.260516821294,4415.510516821294,2278,1099,1689
4417.299221342244,4416.924221342244,4417.674221342244,1215,1888,1552
4419.651237296901,4419.401237296901,4419.901237296901,1134,1887,1511
4423.589120183685,4423.464120183685,4423.714120183685,2087,1048,1568
4417.554065955755,4417.179065955755,4417.929065955755,1830,1375,1603
4419.0512665683955,4418.8012665683955,4419.3012665683955,1462,2375,1919
4420.636887985404,4420.511887985404,4420.761887985404,1176,2231,1704
4419.048433418002,4418.923433418002,4419.173433418002,1927,1522,1725
4418.991199607596,4418.866199607596,4419.116199607596,882,1491,1187
4416.644214578094,4416.519214578094,4416.769214578094,732,1547,1140
4418.539115864591,4418.414115864591,4418.664115864591,687,1706,1197
4421.862900796164,4421.487900796164,4422.237900796164,1166,1609,1388
4423.298580880977,4423.173580880977,4423.423580880977,1180,2467,1824
4428.894065189661,4428.519065189661,4429.269065189661,789,2310,1550
4428.945521913339,4428.820521913339,4429.070521913339,1710,1965,1838
4429.799190220017,4429.549190220017,4430.049190220017,1505,694,1100
4426.872278970575,4426.747278970575,4426.997278970575,1377,1886,1632
4422.420618350019,4422.045618350019,4422.795618350019,1761,2182,1972
4428.645210792272,4428.520210792272,4428.770210792272,2659,1328,1994
4427.923782324126,4427.673782324126,4428.173782324126,1183,1816,1500
4426.310377245196,4426.060377245196,4426.560377245196,1196,1241,1219
4429.2239059926715,4428.9739059926715,4429.4739059926715,996,2967,1982
4432.4660114427215,4432.3410114427215,4432.5910114427215,1558,927,1243
4435.067511077559,4434.817511077559,4435.317511077559,1707,1818,1763
4433.57868554482,4433.45368554482,4433.70368554482,1542,1215,1379
4431.802530693893,4431.552530693893,4432.052530693893,643,956,800
4429.485634176343,4429.360634176343,4429.610634176343,1533,692,1113
4429.54624316351,4429.42124316351,4429.67124316351,2125,1254,1690
4430.3475868665755,4430.2225868665755,4430.4725868665755,1037,1788,1413
4425.345054113216,4424.970054113216,4425.720054113216,2371,1186,1779
4426.912362895099,4426.662362895099,4427.162362895099,1239,2252,1746
4435.146194364782,4435.021194364782,4435.271194364782,1461,800,1131
4435.42697232457,4435.30197232457,4435.55197232457,1320,2635,1978
4444.862085812871,4444.737085812871,4444.987085812871,593,1524,1059
4444.979801114465,4444.729801114465,4445.229801114465,1101,1008,1055
4444.681557862242,4444.556557862242,4444.806557862242,2163,1428,1796
4446.471298332869,4446.346298332869,4446.596298332869,1321,1080,1201
4455.476786437207,4455.351786437207,4455.601786437207,1143,1228,1186
4452.0704722912915,4451.9454722912915,4452.1954722912915,1872,1071,1472
4451.958596460834,4451.583596460834,4452.333596460834,2076,921,1499
4447.332661817251,4447.082661817251,4447.582661817251,2078,1361,1720
4445.045544081735,4444.920544081735,4445.170544081735,2940,1025,1983
4444.891957935624,4444.766957935624,4445.016957935624,1724,1417,1571
4446.370198827243,4445.995198827243,4446.745198827243,2307,1344,1826
4444.4291224304825,4444.3041224304825,4444.5541224304825,863,2008,1436
4440.029674841239,4439.654674841239,4440.404674841239,1334,1615,1475
4440.833448148376,4440.583448148376,4441.083448148376,1332,507,920
4438.325338865365,4438.200338865365,4438.450338865365,1197,478,838
4447.714451097327,4447.589451097327,4447.839451097327,1176,545,861
4450.535636802259,4450.410636802259,4450.660636802259,1602,721,1162
4448.333122010349,4448.208122010349,4448.458122010349,964,679,822
4448.010949962395,4447.635949962395,4448.385949962395,909,722,816
4447.929713908737,4447.804713908737,4448.054713908737,1711,846,1279
4447.493756271244,4447.118756271244,4447.868756271244,1315,2114,1715
4447.528911654629,4447.153911654629,4447.903911654629,869,788,829
4446.027530649066,4445.902530649066,4446.152530649066,1055,1120,1088
4449.023828818609,4448.898828818609,4449.148828818609,1097,1248,1173
4447.581330755895,4447.456330755895,4447.706330755895,2326,1417,1872
4445.392577337012,4445.142577337012,4445.642577337012,2710,1149,1930
4441.829280754345,4441.704280754345,4441.954280754345,2070,1329,1700
4444.550678713089,4444.425678713089,4444.675678713089,1226,1495,1361
4446.076724678903,4445.951724678903,4446.201724678903,845,864,855
4443.459199184754,4443.334199184754,4443.584199184754,2228,1669,1949
4436.020771162412,4435.895771162412,4436.145771162412,1068,2837,1953
4434.185721268235,4434.060721268235,4434.310721268235,2152,797,1475
4436.433629276711,4436.058629276711,4436.808629276711,984,689,837
4437.698447228956,4437.573447228956,4437.823447228956,787,1070,929
4439.653390146492,4439.528390146492,4439.778390146492,1766,1565,1666
4433.655948015749,4433.530948015749,4433.780948015749,941,1172,1057
4435.136135821272,4435.011135821272,4435.261135821272,684,1293,989
4434.528437753179,4434.278437753179,4434.778437753179,2263,808,1536
4433.198090636181,4433.073090636181,4433.323090636181,1370,2525,1948
4438.036075538289,4437.911075538289,4438.161075538289,610,1223,917
4440.986518666602,4440.861518666602,4441.111518666602,829,2246,1538
4445.684198788347,4445.434198788347,4445.934198788347,1370,825,1098
4447.212539695783,4447.087539695783,4447.337539695783,1776,2065,1921
4448.073668081035,4447.823668081035,4448.323668081035,1159,836,998
4449.625782224103,4449.375782224103,4449.875782224103,1533,602,1068
4442.620129612449,4442.495129612449,4442.745129612449,1581,1138,1360
4442.33507936375,4442.21007936375,4442.46007936375,2150,737,1444
4439.862956417537,4439.737956417537,4439.987956417537,957,694,826
4441.60814874945,4441.48314874945,4441.73314874945,1036,1205,1121
4445.783458514745,4445.533458514745,4446.033458514745,843,1368,1106
4448.115847211954,4447.740847211954,4448.490847211954,939,2200,1570
4450.363234009063,4450.113234009063,4450.613234009063,647,1622,1135
4448.809742080981,4448.434742080981,4449.184742080981,764,2151,1458
4448.08959416644,4447.83959416644,4448.33959416644,1232,2033,1633
4448.074788803632,4447.949788803632,4448.199788803632,1511,1628,1570
4448.163235081344,4448.038235081344,4448.288235081344,1628,865,1247
4448.75141513538,4448.50141513538,4449.00141513538,1723,1434,1579
4444.824340620991,4444.699340620991,4444.949340620991,1091,1212,1152
4447.785259989025,4447.660259989025,4447.910259989025,1400,1601,1501
4449.253390247516,4449.128390247516,4449.378390247516,798,869,834
4451.500645328145,4451.250645328145,4451.750645328145,1468,1131,1300
4447.975285201009,4447.600285201009,4448.350285201009,1102,1351,1227
4451.027194005132,4450.902194005132,4451.152194005132,1945,1760,1853
4448.764739472776,4448.639739472776,4448.889739472776,1730,1399,1565
4454.929681131177,4454.679681131177,4455.179681131177,1449,2294,1872
4459.639900200416,4459.514900200416,4459.764900200416,563,1154,859
4457.593086563959,4457.343086563959,4457.843086563959,1194,2655,1925
4456.908451292177,4456.533451292177,4457.283451292177,545,1528,1037
4461.340172367911,4461.215172367911,4461.465172367911,730,1477,1104
4465.999517717066,4465.624517717066,4466.374517717066,987,1802,1395
4467.819842505754,4467.694842505754,4467.944842505754,1256,1479,1368
4467.553013590208,4467.428013590208,4467.678013590208,933,2716,1825
4469.778544485205,4469.653544485205,4469.903544485205,503,1280,892
4473.102007440803,4472.977007440803,4473.227007440803,756,2037,1397
4474.940394686888,4474.815394686888,4475.065394686888,2235,1648,1942
4478.1174744440605,4477.9924744440605,4478.2424744440605,2544,873,1709
4477.322008078094,4476.947008078094,4477.697008078094,1813,1874,1844
4473.079201759958,4472.829201759958,4473.329201759958,939,2518,1729
4477.717205999434,4477.592205999434,4477.842205999434,981,1706,1344
4477.271682998897,4476.896682998897,4477.646682998897,709,1110,910
4475.746965826215,4475.621965826215,4475.871965826215,917,924,921
4476.578872579171,4476.203872579171,4476.953872579171,1552,1339,1446
4477.575380998823,4477.450380998823,4477.700380998823,2151,1406,1779
4475.8244979639485,4475.6994979639485,4475.9494979639485,897,1474,1186
4478.225670481395,4477.850670481395,4478.600670481395,1258,1387,1323
4475.630147265385,4475.380147265385,4475.880147265385,642,1829,1236
4476.064917901386,4475.939917901386,4476.189917901386,1533,1002,1268
4474.641903382604,4474.516903382604,4474.766903382604,924,1043,984
4474.983008923635,4474.733008923635,4475.233008923635,1999,788,1394
4474.731697325143,4474.481697325143,4474.981697325143,1764,961,1363
4475.433295150915,4475.308295150915,4475.558295150915,1677,834,1256
4474.689045346516,4474.564045346516,4474.814045346516,1331,838,1085
4474.689549118838,4474.564549118838,4474.814549118838,1867,1842,1855
4474.167785030603,4474.042785030603,4474.292785030603,1509,2242,1876
4473.414452321486,4473.289452321486,4473.539452321486,601,1500,1051
4470.340722411679,4470.090722411679,4470.590722411679,843,1718,1281
4471.396196478144,4471.146196478144,4471.646196478144,727,1646,1187
4471.215991104988,4470.965991104988,4471.465991104988,1566,2227,1897
4469.151741343739,4468.901741343739,4469.401741343739,1330,589,960
4466.428574048449,4466.178574048449,4466.678574048449,1046,569,808
4470.162320598569,4469.912320598569,4470.412320598569,1718,1767,1743
4468.888164444457,4468.638164444457,4469.138164444457,1384,1911,1648
4467.626158626118,4467.376158626118,4467.876158626118,923,1956,1440
4469.344545254482,4469.219545254482,4469.469545254482,1026,2055,1541
4469.372179078818,4469.247179078818,4469.497179078818,458,1353,906
4474.119204143356,4473.869204143356,4474.369204143356,973,764,869
4473.761672567913,4473.636672567913,4473.886672567913,2276,1297,1787
4470.9372874484825,4470.6872874484825,4471.1872874484825,1667,1212,1440
4472.924453493799,4472.799453493799,4473.049453493799,2732,1045,1889
4472.357722741134,4472.232722741134,4472.482722741134,2693,1076,1885
4476.292460926215,4476.167460926215,4476.417460926215,905,820,863
4475.702630031888,4475.452630031888,4475.952630031888,1782,1191,1487
4477.8709957470755,4477.6209957470755,4478.1209957470755,1837,1840,1839
4479.747322718224,4479.497322718224,4479.997322718224,859,768,814
4477.55461873956,4477.42961873956,4477.67961873956,1133,1170,1152
4480.069593369954,4479.819593369954,4480.319593369954,1607,542,1075
4479.640023388498,4479.515023388498,4479.765023388498,1602,665,1134
4479.407989080752,4479.282989080752,4479.532989080752,1130,2163,1647
4479.361140961997,4479.111140961997,4479.611140961997,650,1907,1279
4479.722005928282,4479.472005928282,4479.972005928282,1280,2467,1874
4477.708324552981,4477.583324552981,4477.833324552981,1164,2717,1941
4478.215453429484,4477.965453429484,4478.465453429484,2116,1027,1572
4474.1600609339475,4474.0350609339475,4474.2850609339475,907,2384,1646
4473.943688697864,4473.818688697864,4474.068688697864,1014,1261,1138
4475.4109973730165,4475.0359973730165,4475.7859973730165,1067,934,1001
4472.877794140848,4472.627794140848,4473.127794140848,625,978,802
4466.434680141403,4466.309680141403,4466.559680141403,2008,1273,1641
4465.86989033906,4465.74489033906,4465.99489033906,1887,790,1339
4467.4416124529625,4467.3166124529625,4467.5666124529625,612,1207,910
4468.421320513956,4468.171320513956,4468.671320513956,827,1982,1405
4467.313645986966,4467.188645986966,4467.438645986966,1530,1639,1585
4468.585519932623,4468.460519932623,4468.710519932623,890,1073,982
4468.02917778354,4467.77917778354,4468.27917778354,1127,1092,1110
4468.713814186238,4468.588814186238,4468.838814186238,948,693,821
4469.932900932415,4469.682900932415,4470.182900932415,1556,2197,1877
4468.538447571129,4468.288447571129,4468.788447571129,948,2663,1806
4469.228434446626,4469.103434446626,4469.353434446626,2267,1540,1904
4468.407216406102,4468.282216406102,4468.532216406102,2474,1501,1988
4465.837480773292,4465.712480773292,4465.962480773292,1347,796,1072
4465.500997926728,4465.125997926728,4465.875997926728,2041,1166,1604
4461.86884398643,4461.61884398643,4462.11884398643,912,2515,1714
4458.5028534462035,4458.3778534462035,4458.6278534462035,1369,1838,1604
4457.328319486,4457.203319486,4457.453319486,1045,1336,1191
4460.642549459423,4460.517549459423,4460.767549459423,802,1689,1246
4460.453526615073,4460.328526615073,4460.578526615073,2333,820,1577
4459.993117511802,4459.743117511802,4460.243117511802,1817,2096,1957
4462.3422552322045,4461.9672552322045,4462.7172552322045,674,975,825
4462.614623450686,4462.489623450686,4462.739623450686,1608,1109,1359
4463.035415042375,4462.910415042375,4463.160415042375,1588,1811,1700
4465.36169105126,4464.98669105126,4465.73669105126,2656,949,1803
4466.212287294863,4465.962287294863,4466.462287294863,1365,616,991
4470.17335747486,4470.04835747486,4470.29835747486,2228,1003,1616
4472.940916125861,4472.565916125861,4473.315916125861,2798,939,1869
4474.393375801651,4474.143375801651,4474.643375801651,1402,807,1105
4477.300663820671,4477.050663820671,4477.550663820671,853,2124,1489
4475.635976938701,4475.510976938701,4475.760976938701,1370,1315,1343
4475.559721521113,4475.434721521113,4475.684721521113,1063,1780,1422
4473.919331558511,4473.794331558511,4474.044331558511,815,1806,1311
4473.548744050056,4473.423744050056,4473.673744050056,2501,1412,1957
4474.402459039286,4474.152459039286,4474.652459039286,1395,1512,1454
4476.0827504383515,4475.9577504383515,4476.2077504383515,1147,1300,1224
4472.395603607744,4472.270603607744,4472.520603607744,1779,1102,1441
4473.600967953959,4473.350967953959,4473.850967953959,1038,1351,1195
4471.099635098282,4470.974635098282,4471.224635098282,757,1296,1027
4470.83951295438,4470.71451295438,4470.96451295438,1052,2835,1944
4476.369107151021,4476.244107151021,4476.494107151021,2059,1650,1855
4476.574560329883,4476.324560329883,4476.824560329883,1871,1380,1626
4477.412370305322,4477.162370305322,4477.662370305322,1023,2808,1916
4476.2302842574145,4476.1052842574145,4476.3552842574145,839,1350,1095
4474.026234951821,4473.901234951821,4474.151234951821,1135,630,883
4470.260931682542,4470.135931682542,4470.385931682542,1056,2243,1650
4466.890065041288,4466.765065041288,4467.015065041288,978,1659,1319
4469.215014813453,4469.090014813453,4469.340014813453,2150,893,1522
4465.557908879884,4465.432908879884,4465.682908879884,1008,2789,1899
4467.306089846787,4467.181089846787,4467.431089846787,2131,1214,1673
4467.17224876199,4467.04724876199,4467.29724876199,2010,685,1348
4464.933193783755,4464.808193783755,4465.058193783755,1147,1400,1274
4463.333006526147,4463.083006526147,4463.583006526147,847,1556,1202
4459.2954753402255,4459.1704753402255,4459.4204753402255,1138,859,999
4458.795195587191,4458.670195587191,4458.920195587191,823,2272,1548
4455.763730328881,4455.388730328881,4456.138730328881,1351,1556,1454
4455.639593547359,4455.514593547359,4455.764593547359,1583,738,1161
4454.500782185927,4454.375782185927,4454.625782185927,1682,1113,1398
4454.763801320715,4454.638801320715,4454.888801320715,1613,984,1299
4454.832615642542,4454.582615642542,4455.082615642542,883,1336,1110
4454.0012595764265,4453.8762595764265,4454.1262595764265,1141,1148,1145
4451.855125367378,4451.605125367378,4452.105125367378,1869,794,1332
4451.159148226193,4451.034148226193,4451.284148226193,2292,841,1567
4453.510815028183,4453.260815028183,4453.760815028183,1995,1104,1550
4453.0031996317075,4452.8781996317075,4453.1281996317075,2038,1657,1848
4453.020654439274,4452.895654439274,4453.145654439274,2289,1076,1683
4456.782837898358,4456.532837898358,4457.032837898358,1321,1252,1287
4458.15877894439,4457.78377894439,4458.53377894439,1560,1225,1393
4455.330549354733,4455.205549354733,4455.455549354733,1239,1210,1225
4454.533309074593,4454.408309074593,4454.658309074593,1308,519,914
4455.887292063916,4455.637292063916,4456.137292063916,1216,2757,1987
4456.251423121676,4456.126423121676,4456.376423121676,947,1378,1163
4454.818594530455,4454.568594530455,4455.068594530455,841,794,818
4455.46254340461,4455.33754340461,4455.58754340461,983,1688,1336
4453.220505030193,4453.095505030193,4453.345505030193,1592,1875,1734
4451.35881653905,4451.23381653905,4451.48381653905,2188,749,1469
4453.891316778644,4453.766316778644,4454.016316778644,638,1513,1076
4457.191489923016,4457.066489923016,4457.316489923016,783,1876,1330
4455.934990159564,4455.809990159564,4456.059990159564,801,1500,1151
4455.154044618763,4455.029044618763,4455.279044618763,1906,1147,1527
4454.576696718516,4454.451696718516,4454.701696718516,1375,1212,1294
4452.153924688243,4451.903924688243,4452.403924688243,1833,654,1244
4452.920924142578,4452.795924142578,4453.045924142578,553,1436,995
4451.565862650892,4451.440862650892,4451.690862650892,1492,1205,1349
4453.784765357322,4453.659765357322,4453.909765357322,1104,1299,1202
4453.860720770662,4453.735720770662,4453.985720770662,2075,1692,1884
4455.646546603368,4455.521546603368,4455.771546603368,1309,744,1027
4456.781718758516,4456.531718758516,4457.031718758516,776,1107,942
4457.821730688114,4457.696730688114,4457.946730688114,1098,2175,1637
4459.791118221335,4459.666118221335,4459.916118221335,1848,1641,1745
4461.993376121269,4461.743376121269,4462.243376121269,1573,1104,1339
4458.05906575794,4457.80906575794,4458.30906575794,1705,632,1169
4458.289100870723,4457.914100870723,4458.664100870723,808,2057,1433
4458.420172098296,4458.170172098296,4458.670172098296,1274,489,882
4457.051083418173,4456.926083418173,4457.176083418173,1711,826,1269
4454.2326906222925,4454.1076906222925,4454.3576906222925,1924,985,1455
4452.685470440678,4452.435470440678,4452.935470440678,2223,980,1602
4449.250788496746,4449.125788496746,4449.375788496746,1469,1084,1277
4449.960299342656,4449.835299342656,4450.085299342656,1784,1573,1679
4450.530162443198,4450.405162443198,4450.655162443198,1644,1973,1809
4449.337098895141,4449.212098895141,4449.462098895141,1381,514,948
4448.641371305901,4448.391371305901,4448.891371305901,1802,1347,1575
4451.383614926262,4451.258614926262,4451.508614926262,765,874,820
4451.294608833604,4451.169608833604,4451.419608833604,1472,1043,1258
4449.925269189565,4449.800269189565,4450.050269189565,1132,503,818
4445.68814661879,4445.43814661879,4445.93814661879,799,2138,1469
4446.074043344728,4445.949043344728,4446.199043344728,1306,1459,1383
4448.591238317475,4448.341238317475,4448.841238317475,1083,756,920
4448.332231762842,4448.082231762842,4448.582231762842,1529,1680,1605
4447.675689157613,4447.425689157613,4447.925689157613,1735,1230,1483
4445.1816447009305,4444.9316447009305,4445.4316447009305,992,2943,1968
4442.728209749694,4442.603209749694,4442.853209749694,1800,2077,1939
4441.001271005409,4440.751271005409,4441.251271005409,548,1337,943
4439.264531964996,4439.139531964996,4439.389531964996,1776,615,1196
4437.601750826928,4437.476750826928,4437.726750826928,1341,1234,1288
4436.891106479866,4436.766106479866,4437.016106479866,1071,852,962
4437.888909998543,4437.638909998543,4438.138909998543,1023,790,907
4437.990374915553,4437.740374915553,4438.240374915553,1208,1133,1171
4436.805777872658,4436.430777872658,4437.180777872658,1841,2142,1992
4440.592035456494,4440.467035456494,4440.717035456494,1856,679,1268
4440.240033787511,4439.990033787511,4440.490033787511,1350,2059,1705
4439.67467267465,4439.54967267465,4439.79967267465,1803,1666,1735
4437.218091015411,4436.968091015411,4437.468091015411,2110,1785,1948
4434.4306611700285,4434.3056611700285,4434.5556611700285,1692,787,1240
4435.655175110485,4435.405175110485,4435.905175110485,2169,1368,1769
4439.221903943859,4438.971903943859,4439.471903943859,1070,2501,1786
4435.035786999851,4434.910786999851,4435.160786999851,1076,819,948
4433.539610256011,4433.414610256011,4433.664610256011,2392,1003,1698
4433.892651815226,4433.767651815226,4434.017651815226,1824,1215,1520
4434.036316369838,4433.911316369838,4434.161316369838,991,1446,1219
4437.738399478823,4437.488399478823,4437.988399478823,1174,2385,1780
4438.474914896282,4438.349914896282,4438.599914896282,1293,1340,1317
4436.1468724873685,4436.0218724873685,4436.2718724873685,2783,1092,1938
4434.213239965127,4434.088239965127,4434.338239965127,906,1485,1196
4433.943888977575,4433.818888977575,4434.068888977575,1101,1272,1187
4433.744399769503,4433.369399769503,4434.119399769503,979,1006,993
4433.919487454741,4433.794487454741,4434.044487454741,1231,930,1081
4431.361960000414,4431.236960000414,4431.486960000414,1567,1684,1626
4432.007694761875,4431.882694761875,4432.132694761875,2336,931,1634
4428.892280603512,4428.642280603512,4429.142280603512,1772,857,1315
4427.073043924937,4426.948043924937,4427.198043924937,1042,973,1008
4430.331922012832,4430.206922012832,4430.456922012832,1466,1415,1441
4431.279169461941,4431.154169461941,4431.404169461941,1517,2092,1805
4430.346469648194,4430.221469648194,4430.471469648194,1909,1312,1611
4428.233651216035,4427.858651216035,4428.608651216035,1994,1851,1923
4426.652799392165,4426.527799392165,4426.777799392165,1035,1988,1512
4429.30479150904,4429.17979150904,4429.42979150904,2150,991,1571
4427.980472042331,4427.855472042331,4428.105472042331,1029,1956,1493
4431.734364948074,4431.609364948074,4431.859364948074,1946,1673,1810
4434.239538880669,4433.989538880669,4434.489538880669,1662,1215,1439
4434.3230850572545,4434.0730850572545,4434.5730850572545,1740,1703,1722
4434.963689689337,4434.838689689337,4435.088689689337,774,1311,1043
4432.0253750278835,4431.9003750278835,4432.1503750278835,1285,662,974
4424.741742366705,4424.616742366705,4424.866742366705,2774,1169,1972
4423.067468112815,4422.817468112815,4423.317468112815,1332,2547,1940
4425.70935808792,4425.45935808792,4425.95935808792,1077,1302,1190
4425.539614377652,4425.289614377652,4425.789614377652,2661,1256,1959
4427.385470101566,4427.010470101566,4427.760470101566,1228,2067,1648
4414.891117027229,4414.641117027229,4415.141117027229,1905,1562,1734
4424.681056702602,4424.431056702602,4424.931056702602,1110,729,920
4419.05755549843,4418.93255549843,4419.18255549843,1232,2623,1928
4416.598194942542,4416.348194942542,4416.848194942542,956,1705,1331
4422.726494246874,4422.476494246874,4422.976494246874,2093,834,1464
4421.810540315547,4421.685540315547,4421.935540315547,2450,1429,1940
4413.091726933908,4412.966726933908,4413.216726933908,1487,2050,1769
4413.409414353049,4413.034414353049,4413.784414353049,2286,941,1614
4409.32692277458,4409.20192277458,4409.45192277458,750,1609,1180
4409.6699754239135,4409.5449754239135,4409.7949754239135,640,1017,829
4402.648545187915,4402.273545187915,4403.023545187915,1002,1913,1458
4408.382880738953,4408.132880738953,4408.632880738953,1996,1691,1844
4416.087067824955,4415.712067824955,4416.462067824955,1334,547,941
4412.998415129235,4412.748415129235,4413.248415129235,1045,2786,1916
4413.547301427235,4413.297301427235,4413.797301427235,986,2317,1652
4412.82591298933,4412.70091298933,4412.95091298933,1293,666,980
4415.642032826887,4415.517032826887,4415.767032826887,782,1191,987
4424.4332502444595,4424.3082502444595,4424.5582502444595,1061,1774,1418
4422.5014789832185,4422.1264789832185,4422.8764789832185,1412,671,1042
4419.144987979048,4419.019987979048,4419.269987979048,1224,1327,1276
4423.335638553885,4423.210638553885,4423.460638553885,1109,620,865
4416.126843182758,4416.001843182758,4416.251843182758,2000,1059,1530
4419.335219554831,4419.210219554831,4419.460219554831,1092,1701,1397
4425.841669819559,4425.591669819559,4426.091669819559,1672,625,1149
4428.500660731266,4428.125660731266,4428.875660731266,727,1676,1202
4425.931325042779,4425.806325042779,4426.056325042779,2772,943,1858
4427.247127005998,4427.122127005998,4427.372127005998,1706,1511,1609
4418.509119086333,4418.384119086333,4418.634119086333,994,819,907
4410.8119425576615,4410.6869425576615,4410.9369425576615,1796,2153,1975
4400.699436730197,4400.574436730197,4400.824436730197,933,922,928
4402.0041399341835,4401.8791399341835,4402.1291399341835,792,1075,934
4413.252432188275,4413.127432188275,4413.377432188275,603,1534,1069
4419.963885934996,4419.713885934996,4420.213885934996,1420,513,967
4420.91929498756,4420.54429498756,4421.29429498756,555,1614,1085
4413.380211934075,4413.255211934075,4413.505211934075,1331,956,1144
4411.8398219118835,4411.7148219118835,4411.9648219118835,1633,738,1186
4417.676643635641,4417.551643635641,4417.801643635641,1893,776,1335
4427.861244200565,4427.611244200565,4428.111244200565,702,1821,1262
4424.07911396541,4423.95411396541,4424.20411396541,687,1390,1039
4431.82959823014,4431.70459823014,4431.95459823014,1897,1854,1876
4431.313265293058,4431.188265293058,4431.438265293058,736,1175,956
4436.997613799986,4436.872613799986,4437.122613799986,1479,982,1231
4432.421961965924,4432.296961965924,4432.546961965924,2012,1867,1940
4433.458559069999,4433.333559069999,4433.583559069999,995,2868,1932
4430.698030777832,4430.573030777832,4430.823030777832,1038,1177,1108
4430.225275022152,4429.975275022152,4430.475275022152,1313,1702,1508
4428.641155507921,4428.516155507921,4428.766155507921,1064,619,842
4430.5959909063495,4430.3459909063495,4430.8459909063495,937,2724,1831
4427.5373347200275,4427.4123347200275,4427.6623347200275,1130,647,889
4421.435344255743,4421.310344255743,4421.560344255743,1371,2534,1953
4419.749928351161,4419.624928351161,4419.874928351161,896,943,920
4416.782525969548,4416.532525969548,4417.032525969548,2112,875,1494
4417.359536124593,4417.109536124593,4417.609536124593,2017,1294,1656
4419.27705638265,4419.15205638265,4419.40205638265,593,1104,849
4422.25793736927,4422.13293736927,4422.38293736927,1623,826,1225
4421.264039417017,4421.139039417017,4421.389039417017,956,761,859
4417.306487043949,4417.181487043949,4417.431487043949,845,1900,1373
4423.18940023065,4423.06440023065,4423.31440023065,1878,983,1431
4427.670581541878,4427.545581541878,4427.795581541878,2688,945,1817
4426.065119471842,4425.940119471842,4426.190119471842,1038,2939,1989
4429.775499055803,4429.650499055803,4429.900499055803,1103,1848,1476
4425.910277013799,4425.785277013799,4426.035277013799,1467,728,1098
4424.945978101831,4424.695978101831,4425.195978101831,792,1209,1001
4422.395545997641,4422.270545997641,4422.520545997641,2672,1023,1848
4420.961049295422,4420.836049295422,4421.086049295422,1378,1941,1660
4425.698492077777,4425.573492077777,4425.823492077777,844,1427,1136
4431.958041132806,4431.708041132806,4432.208041132806,1318,1255,1287
4431.653548889009,4431.528548889009,4431.778548889009,1542,2211,1877
4431.1788358271215,4430.9288358271215,4431.4288358271215,472,1273,873
4434.83645756578,4434.71145756578,4434.96145756578,1312,537,925
4434.2223283774065,4433.9723283774065,4434.4723283774065,2409,1186,1798
4438.428416563106,4438.303416563106,4438.553416563106,1003,1172,1088
4431.37719229091,4431.00219229091,4431.75219229091,1067,2102,1585
4432.978964952567,4432.853964952567,4433.103964952567,1126,1263,1195
4429.064045290801,4428.939045290801,4429.189045290801,2467,1236,1852
4429.493567729504,4429.243567729504,4429.743567729504,1667,2048,1858
4428.673891076039,4428.423891076039,4428.923891076039,1180,1437,1309
4428.515815982676,4428.265815982676,4428.765815982676,683,1242,963
4430.900123260448,4430.775123260448,4431.025123260448,1684,2305,1995
4432.672775920097,4432.297775920097,4433.047775920097,1326,797,1062
4434.492803244405,4434.117803244405,4434.867803244405,1547,782,1165
4440.487785723193,4440.362785723193,4440.612785723193,2505,1032,1769
4430.5564705180805,4430.4314705180805,4430.6814705180805,1857,1114,1486
4434.889168111541,4434.639168111541,4435.139168111541,1280,1991,1636
4429.446556538644,4429.196556538644,4429.696556538644,1229,2756,1993
4424.561326689812,4424.436326689812,4424.686326689812,1178,979,1079
4423.003934820913,4422.878934820913,4423.128934820913,1292,1289,1291
4420.174042303048,4420.049042303048,4420.299042303048,1385,882,1134
4421.114898258747,4420.864898258747,4421.364898258747,1822,769,1296
4417.229431498314,4416.979431498314,4417.479431498314,1178,2351,1765
4423.96084703874,4423.83584703874,4424.08584703874,802,835,819
4418.285075768755,4418.160075768755,4418.410075768755,828,1235,1032
4413.149650843325,4412.899650843325,4413.399650843325,2322,1265,1794
4407.995388732854,4407.870388732854,4408.120388732854,1595,1360,1478
4400.705738743283,4400.455738743283,4400.955738743283,1317,706,1012
4402.695041446495,4402.570041446495,4402.820041446495,1234,881,1058
4406.260851463062,4406.135851463062,4406.385851463062,998,1645,1322
4398.6669341519455,4398.2919341519455,4399.0419341519455,1564,829,1197
4395.814037541287,4395.689037541287,4395.939037541287,1381,610,996
4406.761372535068,4406.511372535068,4407.011372535068,2799,1162,1981
4402.330864228126,4402.205864228126,4402.455864228126,471,1160,816
4403.723113934107,4403.598113934107,4403.848113934107,1222,2171,1697
4400.984543805115,4400.734543805115,4401.234543805115,558,1119,839
4411.186778521825,4411.061778521825,4411.311778521825,835,998,917
4413.903657536398,4413.653657536398,4414.153657536398,893,828,861
4415.9502843896225,4415.8252843896225,4416.0752843896225,1078,687,883
4415.728251958109,4415.603251958109,4415.853251958109,779,1096,938
4410.463714974992,4410.338714974992,4410.588714974992,1842,2109,1976
4406.176225878818,4406.051225878818,4406.301225878818,512,1309,911
4399.778736276546,4399.653736276546,4399.903736276546,790,1475,1133
4395.534895976523,4395.409895976523,4395.659895976523,2274,995,1635
4402.7611120021,4402.5111120021,4403.0111120021,1001,2092,1547
4406.374573905046,4406.249573905046,4406.499573905046,1452,2407,1930
4403.057130454685,4402.807130454685,4403.307130454685,2460,1107,1784
4401.0053553275475,4400.7553553275475,4401.2553553275475,2365,1538,1952
4395.3629800503195,4394.9879800503195,4395.7379800503195,1252,2003,1628
4398.485741152841,4398.360741152841,4398.610741152841,2533,1272,1903
4397.652553509666,4397.527553509666,4397.777553509666,2096,1187,1642
4401.757275014721,4401.382275014721,4402.132275014721,1603,1726,1665
4408.435364070659,4408.185364070659,4408.685364070659,1317,1342,1330
4406.278881035065,4406.153881035065,4406.403881035065,819,1730,1275
4418.794312510238,4418.544312510238,4419.044312510238,2523,912,1718
4413.206858470101,4413.081858470101,4413.331858470101,1027,862,945
4409.46487222902,4409.33987222902,4409.58987222902,754,1677,1216
4404.354866955162,4404.229866955162,4404.479866955162,876,937,907
4417.185681683556,4417.060681683556,4417.310681683556,807,1166,987
4420.065027514103,4419.815027514103,4420.315027514103,1448,939,1194
4420.702109459183,4420.577109459183,4420.827109459183,2150,1741,1946
4414.634865836971,4414.509865836971,4414.759865836971,1261,1050,1156
4416.373951104772,4415.998951104772,4416.748951104772,1286,829,1058
4415.075288429394,4414.700288429394,4415.450288429394,1230,639,935
4413.246975960341,4413.121975960341,4413.371975960341,838,963,901
4417.63956332682,4417.51456332682,4417.76456332682,806,1639,1223
4413.535141604375,4413.285141604375,4413.785141604375,1317,1296,1307
4405.258946857036,4405.133946857036,4405.383946857036,1836,1593,1715
4405.941059834974,4405.816059834974,4406.066059834974,794,1091,943
4409.227625403098,4408.977625403098,4409.477625403098,746,1913,1330
4416.950546371603,4416.825546371603,4417.075546371603,790,1917,1354
4416.777109195117,4416.652109195117,4416.902109195117,1877,770,1324
4418.332545473672,4418.207545473672,4418.457545473672,1352,1247,1300
4423.387465761337,4423.262465761337,4423.512465761337,2209,1158,1684
4425.28169231552,4425.15669231552,4425.40669231552,684,1961,1323
4426.174740596317,4426.049740596317,4426.299740596317,1213,838,1026
4429.032397920957,4428.782397920957,4429.282397920957,1727,756,1242
4435.720143408614,4435.470143408614,4435.970143408614,1324,577,951
4440.521078687273,4440.396078687273,4440.646078687273,1446,647,1047
4447.730546774786,4447.605546774786,4447.855546774786,2328,1119,1724
4447.888193973257,4447.763193973257,4448.013193973257,2350,783,1567
4441.1973812944225,4440.8223812944225,4441.5723812944225,1710,1311,1511
4441.525651083561,4441.400651083561,4441.650651083561,2260,1221,1741
4444.468094004555,4444.343094004555,4444.593094004555,617,1696,1157
4447.862410259356,4447.612410259356,4448.112410259356,1947,922,1435
4444.981251600225,4444.856251600225,4445.106251600225,1152,1081,1117
4443.940272953022,4443.815272953022,4444.065272953022,2425,1250,1838
4447.598835705381,4447.223835705381,4447.973835705381,2092,1719,1906
4451.267869883821,4451.142869883821,4451.392869883821,1126,539,833
4448.858101298382,4448.608101298382,4449.108101298382,858,2147,1503
4446.678824669246,4446.303824669246,4447.053824669246,597,1632,1115
4445.994990012834,4445.869990012834,4446.119990012834,908,759,834
4434.113392000893,4433.863392000893,4434.363392000893,1654,925,1290
4429.801616693425,4429.426616693425,4430.176616693425,765,1420,1093
4433.350178788144,4433.225178788144,4433.475178788144,1001,1678,1340
4426.620401851618,4426.495401851618,4426.745401851618,704,1973,1339
4422.171383015942,4422.046383015942,4422.296383015942,2372,1325,1849
4425.021382801475,4424.646382801475,4425.396382801475,686,1483,1085
4433.906479918009,4433.781479918009,4434.031479918009,1296,1295,1296
4425.643984569612,4425.268984569612,4426.018984569612,615,1302,959
4420.281871057599,4420.156871057599,4420.406871057599,1220,1585,1403
4421.666211524299,4421.416211524299,4421.916211524299,526,1575,1051
4424.032203350737,4423.782203350737,4424.282203350737,1185,1396,1291
4425.62491505013,4425.49991505013,4425.74991505013,2371,1212,1792
4428.284419629905,4428.159419629905,4428.409419629905,1562,2311,1937
4421.6052822256415,4421.4802822256415,4421.7302822256415,2339,1630,1985
4415.326459782116,4415.076459782116,4415.576459782116,754,1127,941
4420.97883307248,4420.85383307248,4421.10383307248,1608,959,1284
4416.859482929045,4416.734482929045,4416.984482929045,2854,1099,1977
4415.41697751467,4415.29197751467,4415.54197751467,1098,1471,1285
4416.0052739601415,4415.8802739601415,4416.1302739601415,1058,873,966
4412.383563164043,4412.258563164043,4412.508563164043,1321,1006,1164
4416.564226536154,4416.439226536154,4416.689226536154,1166,863,1015
4422.059273195153,4421.934273195153,4422.184273195153,1460,1713,1587
4425.19435711968,4424.94435711968,4425.44435711968,1356,915,1136
4421.3828641379905,4421.2578641379905,4421.5078641379905,2167,1570,1869
4434.599859945498,4434.474859945498,4434.724859945498,1351,2408,1880
4433.446102633506,4433.321102633506,4433.571102633506,1591,1864,1728
4427.720731124691,4427.470731124691,4427.970731124691,900,1639,1270
4435.334027927457,4435.209027927457,4435.459027927457,1544,531,1038
4439.639137502861,4439.514137502861,4439.764137502861,1243,628,936
4442.608327743438,4442.483327743438,4442.733327743438,1919,2026,1973
4448.454205641746,4448.329205641746,4448.579205641746,1870,1167,1519
4446.051794485177,4445.801794485177,4446.301794485177,1168,1561,1365
4454.660329249414,4454.535329249414,4454.785329249414,745,1158,952
4457.691308273352,4457.441308273352,4457.941308273352,1871,820,1346
4454.901179022774,4454.776179022774,4455.026179022774,1252,493,873
4460.794258946096,4460.669258946096,4460.919258946096,1223,856,1040
4464.688674784227,4464.563674784227,4464.813674784227,1295,1028,1162
4465.29889406397,4465.17389406397,4465.42389406397,1025,852,939
4464.726550798424,4464.601550798424,4464.851550798424,885,902,894
4466.307493515033,4466.182493515033,4466.432493515033,1363,1386,1375
4468.676472341132,4468.551472341132,4468.801472341132,1277,2178,1728
4464.070454165206,4463.945454165206,4464.195454165206,1631,1716,1674
4464.472289297013,4464.347289297013,4464.597289297013,1085,720,903
4466.528400304682,4466.403400304682,4466.653400304682,1398,901,1150
4467.731950421402,4467.481950421402,4467.981950421402,1643,1966,1805
4466.431543129412,4466.306543129412,4466.556543129412,1839,806,1323
4469.222515172107,4468.972515172107,4469.472515172107,2653,954,1804
4473.514517288459,4473.139517288459,4473.889517288459,1426,2147,1787
4469.103279306692,4468.978279306692,4469.228279306692,1033,2166,1600
4467.6922127992575,4467.4422127992575,4467.9422127992575,782,2233,1508
4467.972454851165,4467.847454851165,4468.097454851165,2775,1194,1985
4468.647648405775,4468.397648405775,4468.897648405775,927,1246,1087
4467.439385569506,4467.314385569506,4467.564385569506,669,1624,1147
4465.877885800369,4465.752885800369,4466.002885800369,1290,2033,1662
4466.702671722537,4466.327671722537,4467.077671722537,1297,1130,1214
4464.913524039551,4464.538524039551,4465.288524039551,1681,1166,1424
4464.150509214363,4464.025509214363,4464.275509214363,2187,1126,1657
4464.378714526907,4464.128714526907,4464.628714526907,783,1848,1316
4465.105148165791,4464.980148165791,4465.230148165791,1782,1953,1868
4465.524387356856,4465.399387356856,4465.649387356856,1539,666,1103
4468.199163787751,4467.949163787751,4468.449163787751,949,2090,1520
4469.101383203441,4468.976383203441,4469.226383203441,1401,562,982
4468.043321489022,4467.918321489022,4468.168321489022,621,1022,822
4465.937167554804,4465.562167554804,4466.312167554804,1056,799,928
4464.632731479784,4464.382731479784,4464.882731479784,2046,1501,1774
4464.852371453356,4464.477371453356,4465.227371453356,2707,1130,1919
4466.300417405219,4466.175417405219,4466.425417405219,1629,2258,1944
4466.807933755632,4466.682933755632,4466.932933755632,1104,1483,1294
4466.478762000757,4466.353762000757,4466.603762000757,1668,727,1198
4469.206771689815,4469.081771689815,4469.331771689815,1182,1531,1357
4468.116978841381,4467.991978841381,4468.241978841381,1415,1356,1386
4469.257797552007,4469.007797552007,4469.507797552007,868,1103,986
4466.849758652193,4466.724758652193,4466.974758652193,2045,1612,1829
4466.011302227156,4465.886302227156,4466.136302227156,1682,1969,1826
4463.8520245598065,4463.7270245598065,4463.9770245598065,1998,1629,1814
4465.644804089407,4465.519804089407,4465.769804089407,1956,901,1429
4465.085547766248,4464.960547766248,4465.210547766248,701,1904,1303
4463.578459799858,4463.453459799858,4463.703459799858,687,1698,1193
4467.754277889953,4467.629277889953,4467.879277889953,1713,1012,1363
4470.652105883164,4470.527105883164,4470.777105883164,698,1661,1180
4469.327633148025,4469.077633148025,4469.577633148025,1275,532,904
4470.913920522957,4470.663920522957,4471.163920522957,795,974,885
4472.597631621966,4472.472631621966,4472.722631621966,1486,981,1234
4477.299912369809,4477.049912369809,4477.549912369809,1494,2439,1967
4479.416013406839,4479.166013406839,4479.666013406839,2004,1981,1993
4480.002277387254,4479.877277387254,4480.127277387254,1616,1793,1705
4479.281046909483,4479.156046909483,4479.406046909483,1703,1606,1655
4480.626637021466,4480.501637021466,4480.751637021466,2617,926,1772
4480.54673595787,4480.42173595787,4480.67173595787,905,2624,1765
4479.095970633455,4478.970970633455,4479.220970633455,1001,1614,1308
4476.794852836197,4476.669852836197,4476.919852836197,1027,2080,1554
4476.475157928914,4476.350157928914,4476.600157928914,1481,1004,1243
4478.779901851196,4478.654901851196,4478.904901851196,1479,1876,1678
4481.295805419537,4481.170805419537,4481.420805419537,951,910,931
4482.8845785518315,4482.7595785518315,4483.0095785518315,1693,1616,1655
4484.006702571761,4483.631702571761,4484.381702571761,1058,1763,1411
4484.077685401919,4483.952685401919,4484.202685401919,1491,1716,1604
4484.992346792693,4484.742346792693,4485.242346792693,718,1017,868
4487.016901451889,4486.891901451889,4487.141901451889,1380,1125,1253
4487.981771654875,4487.856771654875,4488.106771654875,1220,1627,1424
4489.661257057757,4489.411257057757,4489.911257057757,1975,1020,1498
4488.440140071195,4488.315140071195,4488.565140071195,938,2775,1857
4487.411148595194,4487.161148595194,4487.661148595194,1139,1026,1083
4485.986948283504,4485.736948283504,4486.236948283504,2030,1225,1628
4483.829513205586,4483.704513205586,4483.954513205586,751,1758,1255
4482.868572532797,4482.493572532797,4483.243572532797,1738,665,1202
4480.594062721059,4480.344062721059,4480.844062721059,1800,995,1398
4479.079478451215,4478.829478451215,4479.329478451215,1293,1150,1222
4477.088457486703,4476.838457486703,4477.338457486703,1833,1490,1662
4479.074943176058,4478.824943176058,4479.324943176058,765,928,847
4477.293344431109,4477.043344431109,4477.543344431109,1509,2058,1784
4475.6906831418055,4475.5656831418055,4475.8156831418055,534,1339,937
4475.7940789841605,4475.6690789841605,4475.9190789841605,857,1524,1191
4479.330359796361,4479.205359796361,4479.455359796361,611,1566,1089
4485.662205310627,4485.412205310627,4485.912205310627,2352,1005,1679
4485.011129068199,4484.886129068199,4485.136129068199,924,2707,1816
4488.871234928474,4488.746234928474,4488.996234928474,917,752,835
4492.056244813644,4491.806244813644,4492.306244813644,1143,538,841
4491.735359459937,4491.610359459937,4491.860359459937,1091,664,878
4492.51828138678,4492.39328138678,4492.64328138678,2486,953,1720
4492.395224214885,4492.270224214885,4492.520224214885,890,2595,1743
4491.396182725572,4491.271182725572,4491.521182725572,1570,525,1048
4486.033939282226,4485.783939282226,4486.283939282226,1902,1201,1552
4490.062939401639,4489.937939401639,4490.187939401639,931,1654,1293
4490.3715439017005,4490.1215439017005,4490.6215439017005,1151,2408,1780
4489.976097463274,4489.726097463274,4490.226097463274,1527,956,1242
4485.785920532842,4485.660920532842,4485.910920532842,938,1141,1040
4489.637904718621,4489.512904718621,4489.762904718621,814,1167,991
4489.169803884679,4489.044803884679,4489.294803884679,947,1434,1191
4490.302559476681,4490.052559476681,4490.552559476681,1637,1472,1555
4497.210021189352,4496.835021189352,4497.585021189352,1258,517,888
4495.273252962662,4494.898252962662,4495.648252962662,581,1216,899
4497.728447562159,4497.603447562159,4497.853447562159,1808,1123,1466
4499.4570735186935,4499.2070735186935,4499.7070735186935,1273,2512,1893
4500.397324612261,4500.272324612261,4500.522324612261,809,1138,974
4500.137370011751,4499.887370011751,4500.387370011751,1149,2130,1640
4503.2767857603185,4503.1517857603185,4503.4017857603185,1819,914,1367
4503.115109721872,4502.990109721872,4503.240109721872,1850,721,1286
4501.940300606334,4501.690300606334,4502.190300606334,1179,1648,1414
4504.7505554126565,4504.6255554126565,4504.8755554126565,823,1414,1119
4505.558120106134,4505.433120106134,4505.683120106134,647,1200,924
4502.554139360237,4502.304139360237,4502.804139360237,490,1273,882
4499.758039796967,4499.633039796967,4499.883039796967,850,853,852
4501.6882149336625,4501.5632149336625,4501.8132149336625,2429,1550,1990
4502.6573217704035,4502.2823217704035,4503.0323217704035,1150,1569,1360
4503.981525865701,4503.856525865701,4504.106525865701,1432,773,1103
4505.002865236226,4504.877865236226,4505.127865236226,1527,718,1123
4505.681154507763,4505.556154507763,4505.806154507763,1450,805,1128
4505.850761074472,4505.725761074472,4505.975761074472,887,1382,1135
4503.54026400213,4503.29026400213,4503.79026400213,1107,2190,1649
4506.9267480828785,4506.8017480828785,4507.0517480828785,2625,932,1779
4506.580853655253,4506.455853655253,4506.705853655253,1955,682,1319
4504.393724234947,4504.268724234947,4504.518724234947,853,890,872
4507.377831123942,4507.127831123942,4507.627831123942,819,1192,1006
4506.234200129799,4505.984200129799,4506.484200129799,2257,756,1507
4507.014767202994,4506.889767202994,4507.139767202994,1009,1858,1434
4509.993664369963,4509.868664369963,4510.118664369963,1704,1289,1497
4511.5426384485845,4511.4176384485845,4511.6676384485845,1528,1077,1303
4512.237962365864,4512.112962365864,4512.362962365864,1332,1473,1403
4512.563233992438,4512.438233992438,4512.688233992438,1802,1521,1662
4511.121322984732,4510.996322984732,4511.246322984732,905,902,904
4508.714330572015,4508.464330572015,4508.964330572015,1432,1889,1661
4508.11760900708,4507.86760900708,4508.36760900708,1473,2286,1880
4510.331369344568,4510.206369344568,4510.456369344568,2701,940,1821
4509.329387921186,4509.204387921186,4509.454387921186,1511,2012,1762
4506.755874175555,4506.630874175555,4506.880874175555,2443,848,1646
4506.5986496923115,4506.4736496923115,4506.7236496923115,2007,1608,1808
4507.873585226037,4507.748585226037,4507.998585226037,2363,894,1629
4513.11494894295,4512.86494894295,4513.36494894295,1925,1206,1566
4515.249729813278,4514.999729813278,4515.499729813278,2647,1000,1824
4517.056469807877,4516.681469807877,4517.431469807877,2448,923,1686
4517.899173487817,4517.774173487817,4518.024173487817,1533,1234,1384
4517.9977240541475,4517.8727240541475,4518.1227240541475,1467,502,985
4519.8938760665005,4519.6438760665005,4520.1438760665005,1450,785,1118
4521.1562230764885,4520.7812230764885,4521.5312230764885,668,1475,1072
4523.149613361338,4522.899613361338,4523.399613361338,1153,1128,1141
4521.0318437421565,4520.9068437421565,4521.1568437421565,1394,1073,1234
4521.127562052802,4521.002562052802,4521.252562052802,2099,702,1401
4524.3034019836805,4524.1784019836805,4524.4284019836805,1801,1212,1507
4524.372422164503,4524.122422164503,4524.622422164503,1595,1030,1313
4528.902110295717,4528.777110295717,4529.027110295717,1086,1959,1523
4529.771610528815,4529.521610528815,4530.021610528815,1276,1987,1632
4526.363153288152,4526.238153288152,4526.488153288152,668,1655,1162
4529.670356167672,4529.545356167672,4529.795356167672,1237,1042,1140
4526.518819365185,4526.268819365185,4526.768819365185,1362,2313,1838
4526.059679166137,4525.809679166137,4526.309679166137,1639,2246,1943
4524.201738179793,4523.826738179793,4524.576738179793,958,1739,1349
4526.384566426676,4526.259566426676,4526.509566426676,2620,905,1763
4526.09839197502,4525.97339197502,4526.22339197502,721,1624,1173
4525.736275816036,4525.611275816036,4525.861275816036,1941,972,1457
4527.108680741623,4526.858680741623,4527.358680741623,1954,897,1426
4521.725843890224,4521.600843890224,4521.850843890224,1358,1553,1456
4522.226963179367,4522.101963179367,4522.351963179367,1228,2487,1858
4521.0394358746,4520.9144358746,4521.1644358746,902,715,809
4522.878556532623,4522.753556532623,4523.003556532623,1853,1222,1538
4525.919164902874,4525.794164902874,4526.044164902874,1214,485,850
4526.855776190554,4526.730776190554,4526.980776190554,1892,755,1324
4525.150881929027,4525.025881929027,4525.275881929027,2055,1168,1612
4528.0140789058505,4527.8890789058505,4528.1390789058505,1946,1181,1564
4528.835508337825,4528.460508337825,4529.210508337825,1029,1968,1499
4533.357180076856,4533.107180076856,4533.607180076856,495,1272,884
4531.487129746591,4531.362129746591,4531.612129746591,1464,2257,1861
4538.98443450239,4538.85943450239,4539.10943450239,807,2180,1494
4540.011077698835,4539.761077698835,4540.261077698835,1084,1391,1238
4543.905629116537,4543.655629116537,4544.155629116537,1055,922,989
4543.950699918538,4543.825699918538,4544.075699918538,945,1334,1140
4544.228628539785,4544.103628539785,4544.353628539785,586,1129,858
4545.049424202218,4544.799424202218,4545.299424202218,1932,1187,1560
4546.984873940574,4546.609873940574,4547.359873940574,768,977,873
4550.309255818279,4550.059255818279,4550.559255818279,2036,1167,1602
4551.975340014303,4551.850340014303,4552.100340014303,726,1759,1243
4549.394879413351,4549.269879413351,4549.519879413351,1554,641,1098
4551.285723263314,4551.035723263314,4551.535723263314,946,2321,1634
4553.884069030068,4553.634069030068,4554.134069030068,2550,1095,1823
4556.040175580307,4555.665175580307,4556.415175580307,770,2187,1479
4556.98354009936,4556.85854009936,4557.10854009936,1849,1474,1662
4557.640005334586,4557.515005334586,4557.765005334586,2190,1439,1815
4560.658203164132,4560.533203164132,4560.783203164132,1327,1410,1369
4557.436482226195,4557.311482226195,4557.561482226195,630,1337,984
4556.95243158333,4556.70243158333,4557.20243158333,1900,2081,1991
4559.28606129938,4559.16106129938,4559.41106129938,586,1675,1131
4560.265394131733,4560.140394131733,4560.390394131733,1107,1488,1298
4555.962296725344,4555.837296725344,4556.087296725344,1172,487,830
4551.411715386673,4551.286715386673,4551.536715386673,2099,1402,1751
4550.027391102978,4549.902391102978,4550.152391102978,1317,452,885
4553.265005873733,4553.140005873733,4553.390005873733,633,1552,1093
4555.66162518329,4555.53662518329,4555.78662518329,1267,802,1035
4552.055278900787,4551.930278900787,4552.180278900787,851,1452,1152
4552.5505843133515,4552.3005843133515,4552.8005843133515,1295,1256,1276
4554.72577102974,4554.47577102974,4554.97577102974,781,1036,909
4552.211883553686,4552.086883553686,4552.336883553686,2533,924,1729
4554.206474668177,4553.956474668177,4554.456474668177,1261,1144,1203
4556.042228988653,4555.917228988653,4556.167228988653,2066,1589,1828
4556.78646785792,4556.53646785792,4557.03646785792,1594,2291,1943
4557.558325661911,4557.433325661911,4557.683325661911,935,2518,1727
4561.366160046385,4561.241160046385,4561.491160046385,2383,872,1628
4556.970905577049,4556.845905577049,4557.095905577049,620,1705,1163
4559.977073695363,4559.727073695363,4560.227073695363,1268,963,1116
4572.416128976613,4572.291128976613,4572.541128976613,1814,1189,1502
4563.478226986034,4563.353226986034,4563.603226986034,1988,847,1418
4556.9072675481775,4556.6572675481775,4557.1572675481775,1310,583,947
4555.2267884786725,4554.9767884786725,4555.4767884786725,574,1421,998
4564.307430654601,4564.057430654601,4564.557430654601,741,2054,1398
4561.497431595357,4561.372431595357,4561.622431595357,1175,1646,1411
4557.417477017326,4557.167477017326,4557.667477017326,1742,627,1185
4551.292217972935,4551.167217972935,4551.417217972935,898,803,851
4558.403627798333,4558.028627798333,4558.778627798333,1359,652,1006
4556.50214180808,4556.12714180808,4556.87714180808,1967,1446,1707
4557.088288613764,4556.838288613764,4557.338288613764,1120,1089,1105
4555.100677811161,4554.725677811161,4555.475677811161,1795,644,1220
4553.37606081696,4553.12606081696,4553.62606081696,1674,1519,1597
4560.690311480981,4560.565311480981,4560.815311480981,1913,1600,1757
4560.596353508668,4560.346353508668,4560.846353508668,1423,2264,1844
4565.149326051511,4564.899326051511,4565.399326051511,1998,1721,1860
4565.407470692126,4565.282470692126,4565.532470692126,1015,2198,1607
4568.16206529738,4568.03706529738,4568.28706529738,656,1915,1286
4566.198984505916,4565.948984505916,4566.448984505916,1573,1034,1304
4558.958191042903,4558.833191042903,4559.083191042903,1467,700,1084
4565.194070512053,4565.069070512053,4565.319070512053,1135,1392,1264
4558.025427663069,4557.900427663069,4558.150427663069,1166,2589,1878
4556.032766857152,4555.907766857152,4556.157766857152,1318,1273,1296
4548.191470541237,4548.066470541237,4548.316470541237,1341,1122,1232
4543.981827251869,4543.856827251869,4544.106827251869,2125,1182,1654
4544.081203429642,4543.956203429642,4544.206203429642,1541,1556,1549
4550.687582728519,4550.437582728519,4550.937582728519,704,1237,971
4546.112049124736,4545.737049124736,4546.487049124736,1503,544,1024
4549.185654618418,4549.060654618418,4549.310654618418,826,1297,1062
4551.360282923557,4551.235282923557,4551.485282923557,2337,828,1583
4552.384075566498,4552.134075566498,4552.634075566498,984,1113,1049
4559.01175240357,4558.88675240357,4559.13675240357,2612,1327,1970
4558.119806194779,4557.994806194779,4558.244806194779,1531,2276,1904
4554.303299148631,4554.178299148631,4554.428299148631,2855,964,1910
4560.712857538415,4560.587857538415,4560.837857538415,678,943,811
4568.637315090494,4568.512315090494,4568.762315090494,1522,669,1096
4566.48922182004,4566.23922182004,4566.73922182004,2113,1116,1615
4573.532657221056,4573.282657221056,4573.782657221056,1203,1748,1476
4569.777482949567,4569.652482949567,4569.902482949567,1545,1342,1444
4571.258882512958,4571.133882512958,4571.383882512958,2272,1199,1736
4565.367924552856,4564.992924552856,4565.742924552856,1478,1375,1427
4559.4893125867575,4559.3643125867575,4559.6143125867575,561,1546,1054
4555.922539096736,4555.797539096736,4556.047539096736,1130,2137,1634
4553.698400180151,4553.573400180151,4553.823400180151,768,925,847
4550.647568913348,4550.522568913348,4550.772568913348,1725,862,1294
4552.804993597006,4552.554993597006,4553.054993597006,1357,780,1069
4547.195867857184,4546.945867857184,4547.445867857184,1587,918,1253
4550.662426643737,4550.537426643737,4550.787426643737,1577,1626,1602
4541.957145095335,4541.832145095335,4542.082145095335,1294,763,1029
4551.508604204894,4551.258604204894,4551.758604204894,957,1276,1117
4553.8576140206105,4553.7326140206105,4553.9826140206105,1615,874,1245
4555.03064523107,4554.78064523107,4555.28064523107,2631,902,1767
4547.727404754829,4547.477404754829,4547.977404754829,517,1304,911
4552.287631926433,4552.037631926433,4552.537631926433,523,1470,997
4558.270495659819,4558.145495659819,4558.395495659819,1839,1512,1676
4564.18880591755,4563.93880591755,4564.43880591755,1638,1735,1687
4561.507847801559,4561.382847801559,4561.632847801559,939,896,918
4565.953321146146,4565.703321146146,4566.203321146146,1428,1971,1700
4566.899866409465,4566.774866409465,4567.024866409465,1064,1895,1480
4560.191742259224,4560.066742259224,4560.316742259224,976,1261,1119
4547.348975740735,4547.223975740735,4547.473975740735,1685,1720,1703
4549.925074655497,4549.550074655497,4550.300074655497,1305,2508,1907
4549.523947680121,4549.273947680121,4549.773947680121,653,1222,938
4556.563860281015,4556.313860281015,4556.813860281015,1471,640,1056
4552.589138640077,4552.339138640077,4552.839138640077,623,992,808
4551.51839259803,4551.39339259803,4551.64339259803,1625,606,1116
4548.891330023997,4548.641330023997,4549.141330023997,840,1799,1320
4548.520444653827,4548.270444653827,4548.770444653827,684,997,841
4545.137424370212,4545.012424370212,4545.262424370212,893,2640,1767
4541.248817781365,4541.123817781365,4541.373817781365,1754,633,1194
4539.507897335701,4539.382897335701,4539.632897335701,1427,1898,1663
4540.443350585783,4540.068350585783,4540.818350585783,1339,1598,1469
4537.047362322169,4536.922362322169,4537.172362322169,608,1339,974
4523.816384310484,4523.691384310484,4523.941384310484,2008,729,1369
4523.648756328228,4523.523756328228,4523.773756328228,796,839,818
4520.888570051826,4520.763570051826,4521.013570051826,1620,903,1262
4516.132960092588,4515.882960092588,4516.382960092588,1068,2743,1906
4521.2929388367365,4521.1679388367365,4521.4179388367365,2200,1607,1904
4517.482807278666,4517.357807278666,4517.607807278666,722,1571,1147
4524.072704347417,4523.947704347417,4524.197704347417,1625,1642,1634
4526.743071813845,4526.493071813845,4526.993071813845,1582,1281,1432
4518.179354600247,4517.929354600247,4518.429354600247,2708,1117,1913
4521.561413668316,4521.436413668316,4521.686413668316,1443,2332,1888
4511.541343062754,4511.416343062754,4511.666343062754,2291,982,1637
4507.549152046406,4507.299152046406,4507.799152046406,1922,1245,1584
4512.229509612258,4511.854509612258,4512.604509612258,1651,1244,1448
4516.513847657101,4516.388847657101,4516.638847657101,753,1398,1076
4523.52488466591,4523.27488466591,4523.77488466591,1561,2050,1806
4524.967271172911,4524.592271172911,4525.342271172911,1598,1823,1711
4526.8550000272935,4526.7300000272935,4526.9800000272935,2007,1482,1745
4526.96493589784,4526.83993589784,4527.08993589784,1574,1415,1495
4517.833766370717,4517.583766370717,4518.083766370717,1003,2528,1766
4516.107633340668,4515.857633340668,4516.357633340668,1373,1418,1396
4518.996909577198,4518.871909577198,4519.121909577198,1298,2561,1930
4510.9552651458725,4510.8302651458725,4511.0802651458725,1740,743,1242
4501.893043691632,4501.768043691632,4502.018043691632,1708,1759,1734
4502.895145042417,4502.645145042417,4503.145145042417,1696,1277,1487
4500.6701726067095,4500.5451726067095,4500.7951726067095,1706,717,1212
4497.692797760652,4497.567797760652,4497.817797760652,1839,1910,1875
4503.071910567322,4502.946910567322,4503.196910567322,1169,1088,1129
4504.538567178372,4504.163567178372,4504.913567178372,1411,2536,1974
4501.214477885246,4500.839477885246,4501.589477885246,1725,1624,1675
4507.019723519574,4506.894723519574,4507.144723519574,2282,1223,1753
4506.495070525525,4506.245070525525,4506.745070525525,835,1188,1012
4510.4480891680605,4510.1980891680605,4510.6980891680605,1469,852,1161
4501.9955595584,4501.7455595584,4502.2455595584,1178,1625,1402
4501.409240186652,4501.284240186652,4501.534240186652,1667,1494,1581
4504.29828170869,4504.17328170869,4504.42328170869,1406,2307,1857
4516.129843976192,4515.754843976192,4516.504843976192,989,2152,1571
4510.237226471041,4509.987226471041,4510.487226471041,1933,1090,1512
4510.509595194231,4510.384595194231,4510.634595194231,566,1175,871
4512.07553505722,4511.95053505722,4512.20053505722,2222,839,1531
4508.547264447088,4508.422264447088,4508.672264447088,2943,982,1963
4522.312181727421,4522.187181727421,4522.437181727421,1446,2353,1900
4514.616370840392,4514.491370840392,4514.741370840392,2466,865,1666
4513.530519792226,4513.405519792226,4513.655519792226,820,1803,1312
4522.535026163483,4522.410026163483,4522.660026163483,927,1858,1393
4522.647058563761,4522.522058563761,4522.772058563761,1063,1952,1508
4529.531242177533,4529.406242177533,4529.656242177533,663,980,822
4526.740411159565,4526.365411159565,4527.115411159565,1590,1507,1549
4526.993306204587,4526.743306204587,4527.243306204587,1356,1937,1647
4529.888066063084,4529.638066063084,4530.138066063084,1116,1541,1329
4532.329814082928,4532.204814082928,4532.454814082928,914,2615,1765
4530.462857060895,4530.337857060895,4530.587857060895,2575,1366,1971
4532.435112827375,4532.060112827375,4532.810112827375,1161,516,839
4533.172577173533,4533.047577173533,4533.297577173533,849,2364,1607
4525.7527936721945,4525.6277936721945,4525.8777936721945,1905,800,1353
4523.241478537936,4522.866478537936,4523.616478537936,895,2110,1503
4522.417982428485,4522.292982428485,4522.542982428485,1818,1967,1893
4519.82866268061,4519.57866268061,4520.07866268061,1208,2301,1755
4516.810471393235,4516.560471393235,4517.060471393235,1906,1695,1801
4515.190865290946,4515.065865290946,4515.315865290946,1643,1568,1606
4519.103426527703,4518.978426527703,4519.228426527703,2010,1083,1547
4513.705622938888,4513.580622938888,4513.830622938888,975,2066,1521
4517.850592508672,4517.600592508672,4518.100592508672,702,1201,952
4522.69121554807,4522.44121554807,4522.94121554807,618,1355,987
4517.938901226996,4517.813901226996,4518.063901226996,1721,1220,1471
4510.780818572069,4510.655818572069,4510.905818572069,1232,1173,1203
4506.19984516948,4505.94984516948,4506.44984516948,2745,1142,1944
4510.21583937502,4510.09083937502,4510.34083937502,2293,810,1552
4513.551496764442,4513.426496764442,4513.676496764442,1005,1080,1043
4518.491529718304,4518.366529718304,4518.616529718304,1802,1311,1557
4519.408906255051,4519.158906255051,4519.658906255051,927,1634,1281
4522.019702485519,4521.894702485519,4522.144702485519,554,1093,824
4522.7412550872,4522.4912550872,4522.9912550872,1037,1462,1250
4527.409407151793,4527.284407151793,4527.534407151793,1495,2224,1860
4528.094244311288,4527.844244311288,4528.344244311288,2712,1059,1886
4519.7259479876075,4519.4759479876075,4519.9759479876075,784,1663,1224
4522.7190763868275,4522.4690763868275,4522.9690763868275,692,1947,1320
4522.767976927721,4522.642976927721,4522.892976927721,745,1730,1238
4524.854800799902,4524.729800799902,4524.979800799902,832,773,803
4523.472207194065,4523.347207194065,4523.597207194065,1773,1514,1644
4522.657699807338,4522.407699807338,4522.907699807338,1540,1657,1599
4525.483532790046,4525.108532790046,4525.858532790046,2003,1932,1968
4527.105023101302,4526.730023101302,4527.480023101302,1309,1642,1476
4523.146375292382,4522.896375292382,4523.396375292382,1318,2653,1986
4524.925124762366,4524.800124762366,4525.050124762366,2205,1432,1819
4528.242119521693,4527.867119521693,4528.617119521693,2435,1232,1834
4534.466841690633,4534.341841690633,4534.591841690633,2315,986,1651
4530.176593389432,4530.051593389432,4530.301593389432,1028,2449,1739
4523.824590680876,4523.699590680876,4523.949590680876,1936,1413,1675
4524.529877512915,4524.404877512915,4524.654877512915,1164,2483,1824
4521.238102166587,4520.988102166587,4521.488102166587,826,1203,1015
4520.305612125085,4520.055612125085,4520.555612125085,1538,759,1149
4519.6162674567795,4519.3662674567795,4519.8662674567795,1252,1851,1552
4517.546821630826,4517.421821630826,4517.671821630826,2257,812,1535
4509.183349143576,4508.933349143576,4509.433349143576,829,2288,1559
4512.701072797141,4512.576072797141,4512.826072797141,2336,1251,1794
4506.89219484695,4506.76719484695,4507.01719484695,2183,1118,1651
4509.097099596417,4508.972099596417,4509.222099596417,1363,824,1094
4498.33346952628,4498.08346952628,4498.58346952628,1024,737,881
4506.994127352519,4506.744127352519,4507.244127352519,1164,2541,1853
4506.387602653296,4506.262602653296,4506.512602653296,1886,729,1308
4507.4169293083105,4507.1669293083105,4507.6669293083105,1369,1112,1241
4508.806674638594,4508.681674638594,4508.931674638594,1199,780,990
4508.9757953697845,4508.6007953697845,4509.3507953697845,708,1569,1139
4505.701750117261,4505.451750117261,4505.951750117261,1103,2698,1901
4502.231858473498,4502.106858473498,4502.356858473498,1915,1138,1527
4505.952008735175,4505.702008735175,4506.202008735175,2362,1113,1738
4506.974924479227,4506.849924479227,4507.099924479227,2126,1627,1877
4500.351464744598,4500.101464744598,4500.601464744598,1197,1130,1164
4502.790759377004,4502.540759377004,4503.040759377004,1942,1031,1487
4500.916215746391,4500.791215746391,4501.041215746391,751,954,853
4494.2464817896125,4494.1214817896125,4494.3714817896125,1357,582,970
4494.918515463384,4494.793515463384,4495.043515463384,719,2034,1377
4497.821285774424,4497.696285774424,4497.946285774424,2673,1120,1897
4497.038233064452,4496.663233064452,4497.413233064452,2824,1081,1953
4496.757087371564,4496.632087371564,4496.882087371564,716,1023,870
4495.461356810836,4495.336356810836,4495.586356810836,1335,722,1029
4484.971540696772,4484.846540696772,4485.096540696772,1134,1111,1123
4488.7240251315125,4488.4740251315125,4488.9740251315125,1711,718,1215
4494.607224016175,4494.482224016175,4494.732224016175,438,1177,808
4491.8658938858725,4491.6158938858725,4492.1158938858725,974,2389,1682
4491.806201616411,4491.681201616411,4491.931201616411,2178,967,1573
4497.04748378283,4496.92248378283,4497.17248378283,1182,1689,1436
4500.399564867568,4500.274564867568,4500.524564867568,1292,1029,1161
4501.48968140749,4501.23968140749,4501.73968140749,1538,739,1139
4504.208899263185,4504.083899263185,4504.333899263185,735,1312,1024
4505.043946945792,4504.918946945792,4505.168946945792,1930,1203,1567
4504.546927342379,4504.421927342379,4504.671927342379,954,2729,1842
4504.591197895415,4504.341197895415,4504.841197895415,2401,1344,1873
4503.142759183963,4502.892759183963,4503.392759183963,2209,1616,1913
4502.655477987543,4502.530477987543,4502.780477987543,1189,2662,1926
4500.528667797782,4500.403667797782,4500.653667797782,760,1141,951
4499.537917808337,4499.412917808337,4499.662917808337,828,2211,1520
4498.42813455154,4498.30313455154,4498.55313455154,1151,954,1053
4499.123671607165,4498.998671607165,4499.248671607165,1112,1099,1106
4499.720267260015,4499.595267260015,4499.845267260015,1626,1465,1546
4499.573474376031,4499.323474376031,4499.823474376031,1966,1617,1792
4496.987089421153,4496.862089421153,4497.112089421153,2489,1156,1823
4497.194899169644,4496.944899169644,4497.444899169644,683,1348,1016
4494.023351017074,4493.773351017074,4494.273351017074,1214,2399,1807
4494.494360725177,4494.369360725177,4494.619360725177,2020,681,1351
4495.394916597096,4495.019916597096,4495.769916597096,2291,1430,1861
4495.278588810745,4495.028588810745,4495.528588810745,1225,1326,1276
4496.165359072037,4496.040359072037,4496.290359072037,1897,1290,1594
4497.690047353135,4497.565047353135,4497.815047353135,1160,1111,1136
4497.693378804048,4497.568378804048,4497.818378804048,2398,1147,1773
4497.596136768532,4497.221136768532,4497.971136768532,2067,1256,1662
4494.939297190043,4494.814297190043,4495.064297190043,2330,1117,1724
4496.174396084997,4495.924396084997,4496.424396084997,2558,1393,1976
4494.273392744924,4494.148392744924,4494.398392744924,1900,1677,1789
4492.5062539422015,4492.3812539422015,4492.6312539422015,1627,860,1244
4492.3198556558345,4492.1948556558345,4492.4448556558345,1042,2095,1569
4493.344986990207,4493.219986990207,4493.469986990207,1313,740,1027
4494.209653930438,4494.084653930438,4494.334653930438,2308,1335,1822
4496.041823065561,4495.791823065561,4496.291823065561,1401,2502,1952
4495.331793317274,4495.206793317274,4495.456793317274,2595,1316,1956
4493.177873165117,4493.052873165117,4493.302873165117,1924,1133,1529
4495.713229210746,4495.588229210746,4495.838229210746,1532,1433,1483
4494.441905159965,4494.066905159965,4494.816905159965,2313,1304,1809
4497.836302813595,4497.711302813595,4497.961302813595,1899,1794,1847
4497.58843207239,4497.46343207239,4497.71343207239,2080,1767,1924
4497.886050016745,4497.761050016745,4498.011050016745,576,1251,914
4498.203916232618,4498.078916232618,4498.328916232618,1083,962,1023
4500.981861007783,4500.856861007783,4501.106861007783,1403,1444,1424
4501.331536390421,4501.206536390421,4501.456536390421,1432,2475,1954
4501.393993946671,4501.268993946671,4501.518993946671,1145,1640,1393
4500.11216395051,4499.86216395051,4500.36216395051,1580,1381,1481
4500.143947370018,4500.018947370018,4500.268947370018,906,2497,1702
4502.216785478519,4502.091785478519,4502.341785478519,1373,1510,1442
4504.15020700076,4504.02520700076,4504.27520700076,696,913,805
4503.30301973759,4503.05301973759,4503.55301973759,1420,2531,1976
4502.748813883699,4502.498813883699,4502.998813883699,1450,505,978
4502.166294666894,4502.041294666894,4502.291294666894,546,1617,1082
4503.103831124372,4502.853831124372,4503.353831124372,2301,1598,1950
4501.8067537243805,4501.5567537243805,4502.0567537243805,1225,1526,1376
4501.157964039624,4501.032964039624,4501.282964039624,1653,1700,1677
4499.745382183455,4499.495382183455,4499.995382183455,967,1602,1285
4499.280447270733,4499.155447270733,4499.405447270733,1502,985,1244
4499.70368250696,4499.45368250696,4499.95368250696,1485,706,1096
4498.143735155401,4498.018735155401,4498.268735155401,1474,1093,1284
4499.411916390704,4499.286916390704,4499.536916390704,1045,1954,1500
4495.5942507549735,4495.3442507549735,4495.8442507549735,633,1318,976
4493.3815370457905,4493.2565370457905,4493.5065370457905,1547,822,1185
4493.380319999687,4493.255319999687,4493.505319999687,957,1754,1356
4491.890542808862,4491.765542808862,4492.015542808862,1732,1115,1424
4491.500365567768,4491.375365567768,4491.625365567768,1847,694,1271
4491.256207417507,4491.131207417507,4491.381207417507,2128,1851,1990
4492.415583963706,4492.165583963706,4492.665583963706,1305,1132,1219
4492.615906027582,4492.365906027582,4492.865906027582,1058,1587,1323
4493.916841858001,4493.666841858001,4494.166841858001,1144,1767,1456
4493.432034208127,4493.307034208127,4493.557034208127,2110,927,1519
4494.19745291397,4494.07245291397,4494.32245291397,2586,1313,1950
4493.372615280688,4493.247615280688,4493.497615280688,2006,1709,1858
4493.164402141019,4492.914402141019,4493.414402141019,1126,1869,1498
4493.698294517236,4493.573294517236,4493.823294517236,685,1060,873
4491.807250355094,4491.432250355094,4492.182250355094,1407,692,1050
4492.023066005675,4491.773066005675,4492.273066005675,1083,2664,1874
4492.526436675197,4492.276436675197,4492.776436675197,1627,648,1138
4491.401052371884,4491.276052371884,4491.526052371884,1111,1248,1180
4492.436397932644,4492.311397932644,4492.561397932644,922,1121,1022
4494.007709449853,4493.757709449853,4494.257709449853,1766,1259,1513
4495.953267297176,4495.828267297176,4496.078267297176,1088,583,836
4495.681228401267,4495.556228401267,4495.806228401267,2334,1251,1793
4494.437074750353,4494.312074750353,4494.562074750353,1883,1750,1817
4494.867264231569,4494.617264231569,4495.117264231569,1368,583,976
4495.942060547418,4495.692060547418,4496.192060547418,1306,787,1047
4496.704601613868,4496.454601613868,4496.954601613868,1991,1436,1714
4496.34000855914,4496.09000855914,4496.59000855914,1272,2509,1891
4497.223944559551,4497.098944559551,4497.348944559551,1066,717,892
4494.56553542959,4494.44053542959,4494.69053542959,1927,924,1426
4495.196761202329,4495.071761202329,4495.321761202329,2425,812,1619
4495.317047867722,4495.192047867722,4495.442047867722,1922,1621,1772
4494.211058140098,4494.086058140098,4494.336058140098,602,1465,1034
4493.693884204944,4493.443884204944,4493.943884204944,2598,1115,1857
4493.882744705855,4493.757744705855,4494.007744705855,1954,977,1466
4493.426881970146,4493.301881970146,4493.551881970146,1922,913,1418
4492.968459022838,4492.718459022838,4493.218459022838,2254,1639,1947
4491.8441200767165,4491.7191200767165,4491.9691200767165,1297,1832,1565
4490.028879621189,4489.903879621189,4490.153879621189,535,1348,942
4488.613338730081,4488.363338730081,4488.863338730081,1834,681,1258
4487.7485617186585,4487.6235617186585,4487.8735617186585,1766,893,1330
4484.952030604458,4484.827030604458,4485.077030604458,964,1799,1382
4483.727590185676,4483.477590185676,4483.977590185676,860,1373,1117
4483.825719951548,4483.700719951548,4483.950719951548,1648,1205,1427
4484.3678797361345,4484.2428797361345,4484.4928797361345,1733,1494,1614
4484.699983907937,4484.574983907937,4484.824983907937,1069,672,871
4487.15155788581,4486.90155788581,4487.40155788581,1419,2176,1798
4489.851580785539,4489.726580785539,4489.976580785539,2132,1489,1811
4491.851808578052,4491.726808578052,4491.976808578052,1389,948,1169
4490.673669181745,4490.548669181745,4490.798669181745,1096,763,930
4491.232292046064,4491.107292046064,4491.357292046064,1243,1938,1591
4491.156980571255,4490.781980571255,4491.531980571255,1916,1275,1596
4489.5334590670955,4489.4084590670955,4489.6584590670955,1674,1007,1341
4489.6988140835565,4489.4488140835565,4489.9488140835565,1548,1175,1362
4491.222408161072,4491.097408161072,4491.347408161072,1064,705,885
4493.348101596712,4493.223101596712,4493.473101596712,1353,1596,1475
4493.2704182733805,4493.1454182733805,4493.3954182733805,1551,1430,1491
4493.342759278447,4493.217759278447,4493.467759278447,2010,1089,1550
4495.067132739474,4494.942132739474,4495.192132739474,1657,1226,1442
4492.177988684085,4491.927988684085,4492.427988684085,842,1367,1105
4491.48932924629,4491.36432924629,4491.61432924629,2040,787,1414
4489.795295149152,4489.670295149152,4489.920295149152,792,1575,1184
4490.036176138144,4489.786176138144,4490.286176138144,2062,1639,1851
4488.325441116759,4488.200441116759,4488.450441116759,1211,540,876
4490.0663760496445,4489.9413760496445,4490.1913760496445,1955,1686,1821
4490.412444633527,4490.287444633527,4490.537444633527,938,937,938
4490.787014377981,4490.537014377981,4491.037014377981,686,1781,1234
4491.004485029487,4490.879485029487,4491.129485029487,674,1127,901
4494.408062330941,4494.283062330941,4494.533062330941,1439,1524,1482
4493.921383725869,4493.671383725869,4494.171383725869,2065,1244,1655
4494.006302507209,4493.881302507209,4494.131302507209,1322,2143,1733
4494.986510935199,4494.736510935199,4495.236510935199,1139,860,1000
4494.573939144623,4494.448939144623,4494.698939144623,1708,1443,1576
4495.158840069816,4494.783840069816,4495.533840069816,2181,1716,1949
4494.779622622692,4494.529622622692,4495.029622622692,1894,1591,1743
4493.097622509189,4492.972622509189,4493.222622509189,1293,1534,1414
4493.310258864906,4492.935258864906,4493.685258864906,1478,1031,1255
4495.7226662824105,4495.5976662824105,4495.8476662824105,1141,2220,1681
4495.729165516987,4495.479165516987,4495.979165516987,509,1344,927
4495.154031462232,4495.029031462232,4495.279031462232,1037,1518,1278
4493.016542578472,4492.891542578472,4493.141542578472,632,1053,843
4494.330938681943,4494.205938681943,4494.455938681943,2263,1234,1749
4494.196106913471,4494.071106913471,4494.321106913471,2239,1048,1644
4494.018915827036,4493.893915827036,4494.143915827036,1042,1817,1430
4494.6564748973105,4494.2814748973105,4495.0314748973105,1200,605,903
4494.848016066186,4494.598016066186,4495.098016066186,2879,1008,1944
4496.8993859727125,4496.6493859727125,4497.1493859727125,613,1786,1200
4496.975911891562,4496.725911891562,4497.225911891562,1138,2465,1802
4499.839682048624,4499.464682048624,4500.214682048624,2249,1388,1819
4499.254306426668,4499.004306426668,4499.504306426668,2176,1315,1746
4500.765936574018,4500.390936574018,4501.140936574018,2176,1135,1656
4500.334939040871,4500.084939040871,4500.584939040871,2169,800,1485
4498.401430375731,4498.026430375731,4498.776430375731,1348,1805,1577
4498.033724291596,4497.908724291596,4498.158724291596,1260,505,883
4498.187993142865,4497.937993142865,4498.437993142865,1706,607,1157
4495.582510509044,4495.457510509044,4495.707510509044,1318,2529,1924
4495.228108843586,4494.978108843586,4495.478108843586,1945,1530,1738
4496.0189161989965,4495.6439161989965,4496.3939161989965,1021,2562,1792
4494.749727735178,4494.624727735178,4494.874727735178,1203,2350,1777
4495.91592553581,4495.79092553581,4496.04092553581,1657,682,1170
4497.686605345726,4497.436605345726,4497.936605345726,745,1452,1099
4496.292054481935,4496.042054481935,4496.542054481935,933,1794,1364
4495.66584723918,4495.41584723918,4495.91584723918,2360,1181,1771
4496.938347389058,4496.563347389058,4497.313347389058,1103,532,818
4497.4926848915375,4497.3676848915375,4497.6176848915375,1392,533,963
4498.917751532959,4498.792751532959,4499.042751532959,564,1065,815
4496.855299430868,4496.730299430868,4496.980299430868,2488,1043,1766
4497.930939302784,4497.805939302784,4498.055939302784,1126,2039,1583
4496.145215216414,4495.895215216414,4496.395215216414,1779,772,1276
4497.8061605437315,4497.6811605437315,4497.9311605437315,1028,2511,1770
4497.309626646031,4497.184626646031,4497.434626646031,934,715,825
4496.025515736739,4495.900515736739,4496.150515736739,1015,2436,1726
4496.330652059218,4496.205652059218,4496.455652059218,2069,1064,1567
4496.08143502596,4495.95643502596,4496.20643502596,1103,2558,1831
4496.905957078108,4496.780957078108,4497.030957078108,1372,2261,1817
4495.233661061615,4494.983661061615,4495.483661061615,1175,2126,1651
4498.1719929256515,4498.0469929256515,4498.2969929256515,1748,595,1172
4495.6066916729205,4495.4816916729205,4495.7316916729205,671,1058,865
4496.632470966211,4496.507470966211,4496.757470966211,991,2950,1971
4496.003170754906,4495.878170754906,4496.128170754906,1649,2232,1941
4495.3836432013595,4495.2586432013595,4495.5086432013595,1879,976,1428
4496.576758423459,4496.326758423459,4496.826758423459,1601,1452,1527
4498.624287827153,4498.499287827153,4498.749287827153,1490,1973,1732
4496.132706238028,4496.007706238028,4496.257706238028,1775,2188,1982
4496.76332645532,4496.63832645532,4496.88832645532,792,2325,1559
4498.090156913485,4497.715156913485,4498.465156913485,2418,1465,1942
4498.110785278455,4497.985785278455,4498.235785278455,610,1783,1197
4497.46230348357,4497.21230348357,4497.71230348357,1678,921,1300
4495.171838486987,4495.046838486987,4495.296838486987,461,1160,811
4495.404522889448,4495.279522889448,4495.529522889448,2249,752,1501
4493.620109773423,4493.495109773423,4493.745109773423,913,868,891
4495.1934983398,4495.0684983398,4495.3184983398,2949,1012,1981
4496.971928224472,4496.846928224472,4497.096928224472,608,1535,1072
4495.3775835421,4495.1275835421,4495.6275835421,1273,546,910
4495.418732675006,4495.293732675006,4495.543732675006,923,1576,1250
4495.936903097019,4495.811903097019,4496.061903097019,2147,1270,1709
4496.596831812888,4496.346831812888,4496.846831812888,1277,952,1115
4497.156370993112,4496.906370993112,4497.406370993112,651,1148,900
4497.015967231607,4496.640967231607,4497.390967231607,1410,1043,1227
4498.974383115519,4498.849383115519,4499.099383115519,1215,1660,1438
4498.945837731757,4498.820837731757,4499.070837731757,641,1326,984
4499.073715625558,4498.948715625558,4499.198715625558,1509,1646,1578
4500.423308418913,4500.298308418913,4500.548308418913,743,1094,919
4499.852325654193,4499.727325654193,4499.977325654193,882,1769,1326
4501.821887505816,4501.696887505816,4501.946887505816,973,2700,1837
4504.087029011804,4503.962029011804,4504.212029011804,1258,815,1037
4499.721261311615,4499.471261311615,4499.971261311615,856,1239,1048
4496.591344415983,4496.341344415983,4496.841344415983,861,1184,1023
4503.319027880776,4503.194027880776,4503.444027880776,2638,921,1780
4503.544841812394,4503.419841812394,4503.669841812394,2031,798,1415
4505.375879527427,4505.250879527427,4505.500879527427,2197,1422,1810
4503.757571493973,4503.632571493973,4503.882571493973,816,1805,1311
4505.172599028031,4505.047599028031,4505.297599028031,779,2014,1397
4504.9071031472295,4504.7821031472295,4505.0321031472295,2497,1014,1756
4507.227034090316,4506.977034090316,4507.477034090316,762,2109,1436
4502.185970323054,4502.060970323054,4502.310970323054,1043,2668,1856
4504.247635226129,4504.122635226129,4504.372635226129,747,1438,1093
4505.441226838828,4505.066226838828,4505.816226838828,1412,2243,1828
4508.089739102381,4507.964739102381,4508.214739102381,940,2357,1649
4505.437580286794,4505.312580286794,4505.562580286794,1583,1782,1683
4506.616492207326,4506.366492207326,4506.866492207326,2151,1406,1779
4504.15876689894,4503.90876689894,4504.40876689894,1905,660,1283
4505.382214420264,4505.007214420264,4505.757214420264,2600,1319,1960
4505.688588125845,4505.438588125845,4505.938588125845,1304,661,983
4507.08475777819,4506.95975777819,4507.20975777819,1180,703,942
4508.061416790285,4507.811416790285,4508.311416790285,1172,2565,1869
4511.7351383930845,4511.4851383930845,4511.9851383930845,1489,684,1087
4510.959059256933,4510.834059256933,4511.084059256933,995,746,871
4508.517825636198,4508.392825636198,4508.642825636198,1415,1406,1411
4511.606185030111,4511.356185030111,4511.856185030111,2301,1570,1936
4510.5821716652035,4510.3321716652035,4510.8321716652035,1694,1819,1757
4505.463438027146,4505.088438027146,4505.838438027146,2027,708,1368
4506.003022524909,4505.878022524909,4506.128022524909,1307,558,933
4510.663915740292,4510.538915740292,4510.788915740292,1051,1244,1148
4510.910629156496,4510.785629156496,4511.035629156496,1877,630,1254
4515.45588415668,4515.33088415668,4515.58088415668,2679,1088,1884
4516.303533116142,4516.178533116142,4516.428533116142,2120,779,1450
4518.765193296746,4518.515193296746,4519.015193296746,2381,1088,1735
4520.223148790467,4520.098148790467,4520.348148790467,616,1051,834
4520.824979709518,4520.699979709518,4520.949979709518,1819,2142,1981
4520.106752995978,4519.856752995978,4520.356752995978,703,1446,1075
4521.004066325895,4520.754066325895,4521.254066325895,896,1119,1008
4518.901860035301,4518.776860035301,4519.026860035301,1484,681,1083
4519.53407162108,4519.40907162108,4519.65907162108,804,1683,1244
4517.690170797098,4517.565170797098,4517.815170797098,729,882,806
4520.121801670608,4519.996801670608,4520.246801670608,2068,1899,1984
4517.429226648539,4517.304226648539,4517.554226648539,1135,1208,1172
4520.741214122269,4520.616214122269,4520.866214122269,1887,880,1384
4519.268246527357,4519.018246527357,4519.518246527357,2139,1692,1916
4520.385864507954,4520.260864507954,4520.510864507954,1306,617,962
4523.282204867182,4523.157204867182,4523.407204867182,1654,561,1108
4523.365768844497,4523.240768844497,4523.490768844497,1569,1186,1378
4524.375200160117,4524.250200160117,4524.500200160117,1333,1094,1214
4527.449952662109,4527.324952662109,4527.574952662109,1626,905,1266
4525.652255613901,4525.402255613901,4525.902255613901,1321,1930,1626
4528.152453070506,4527.777453070506,4528.527453070506,665,1268,967
4524.820879994874,4524.695879994874,4524.945879994874,2225,1726,1976
4522.637617879179,4522.512617879179,4522.762617879179,2108,1407,1758
4522.789246103443,4522.664246103443,4522.914246103443,1846,1469,1658
4523.010632771044,4522.760632771044,4523.260632771044,1148,503,826
4524.850554861908,4524.725554861908,4524.975554861908,870,875,873
4526.640946057392,4526.515946057392,4526.765946057392,902,1697,1300
4523.65654641297,4523.40654641297,4523.90654641297,1268,795,1032
4525.371543245764,4525.121543245764,4525.621543245764,2011,998,1505
4527.803388373484,4527.553388373484,4528.053388373484,2064,1383,1724
4526.686074910694,4526.436074910694,4526.936074910694,996,2595,1796
4529.585818317258,4529.460818317258,4529.710818317258,984,2365,1675
4524.508470053349,4524.258470053349,4524.758470053349,718,1835,1277
4524.239361859712,4523.989361859712,4524.489361859712,1173,728,951
4526.998236236406,4526.873236236406,4527.123236236406,967,1356,1162
4523.535184606749,4523.410184606749,4523.660184606749,2218,967,1593
4520.038174324368,4519.788174324368,4520.288174324368,1240,515,878
4515.754371913991,4515.629371913991,4515.879371913991,2448,1443,1946
4511.248663410585,4511.123663410585,4511.373663410585,2083,1348,1716
4511.659596512072,4511.284596512072,4512.034596512072,1362,2311,1837
4514.847949351818,4514.597949351818,4515.097949351818,1171,472,822
4518.785922339102,4518.660922339102,4518.910922339102,1932,1123,1528
4517.740973326279,4517.615973326279,4517.865973326279,1252,1321,1287
4514.854466347288,4514.604466347288,4515.104466347288,1540,1909,1725
4516.631184946154,4516.506184946154,4516.756184946154,1991,946,1469
4518.516144217273,4518.391144217273,4518.641144217273,2533,1002,1768
4517.229449632127,4517.104449632127,4517.354449632127,1916,1025,1471
4516.458900870618,4516.083900870618,4516.833900870618,1261,2478,1870
4512.209397846444,4512.084397846444,4512.334397846444,1242,643,943
4509.942996537878,4509.817996537878,4510.067996537878,1508,1205,1357
4511.520935813269,4511.145935813269,4511.895935813269,932,675,804
4514.582780457705,4514.332780457705,4514.832780457705,1491,1974,1733
4514.474054105446,4514.349054105446,4514.599054105446,2601,1214,1908
4514.466096340356,4514.341096340356,4514.591096340356,1396,1429,1413
4515.999556385512,4515.874556385512,4516.124556385512,832,1811,1322
4513.728842602724,4513.603842602724,4513.853842602724,1142,541,842
4516.012226806043,4515.887226806043,4516.137226806043,994,861,928
4524.2406742719295,4523.8656742719295,4524.6156742719295,1033,1016,1025
4524.169130238702,4523.919130238702,4524.419130238702,1883,708,1296
4518.557369019958,4518.432369019958,4518.682369019958,1167,862,1015
4517.710904429012,4517.585904429012,4517.835904429012,1433,2470,1952
4522.229743367469,4521.854743367469,4522.604743367469,2594,1167,1881
4521.251071749581,4520.876071749581,4521.626071749581,1942,1073,1508
4527.136190674991,4527.011190674991,4527.261190674991,680,1287,984
4526.563793538457,4526.438793538457,4526.688793538457,1320,879,1100
4521.569392102601,4521.444392102601,4521.694392102601,906,1409,1158
4526.283140136941,4526.033140136941,4526.533140136941,1380,1105,1243
4528.861006156163,4528.736006156163,4528.986006156163,1252,2619,1936
4529.631097200134,4529.506097200134,4529.756097200134,1577,706,1142
4528.938871050807,4528.688871050807,4529.188871050807,2190,1717,1954
4532.564334507644,4532.314334507644,4532.814334507644,812,1027,920
4529.229772278846,4529.104772278846,4529.354772278846,2909,1066,1988
4525.83393420014,4525.70893420014,4525.95893420014,847,2436,1642
4524.073858284438,4523.948858284438,4524.198858284438,701,1964,1333
4525.381427627972,4525.006427627972,4525.756427627972,1126,1741,1434
4522.184002458445,4522.059002458445,4522.309002458445,1232,875,1054
4525.887220112831,4525.762220112831,4526.012220112831,1431,894,1163
4527.416522915686,4527.166522915686,4527.666522915686,2226,1167,1697
4526.785419281836,4526.660419281836,4526.910419281836,814,1027,921
4528.496905098857,4528.371905098857,4528.621905098857,2085,802,1444
4530.950501765276,4530.825501765276,4531.075501765276,1044,605,825
4529.537155584168,4529.287155584168,4529.787155584168,2462,947,1705
4531.644790429883,4531.394790429883,4531.894790429883,2305,1502,1904
4530.778323079335,4530.653323079335,4530.903323079335,954,649,802
4528.889280967544,4528.514280967544,4529.264280967544,1972,1391,1682
4528.016355245099,4527.891355245099,4528.141355245099,2494,859,1677
4524.620430751455,4524.495430751455,4524.745430751455,664,1939,1302
4521.332160489094,4521.207160489094,4521.457160489094,922,1073,998
4523.6736427096375,4523.5486427096375,4523.7986427096375,1658,781,1220
4519.879501255175,4519.754501255175,4520.004501255175,1028,893,961
4524.970170403391,4524.845170403391,4525.095170403391,2552,933,1743
4524.2205632089435,4524.0955632089435,4524.3455632089435,894,2263,1579
4520.7316062569735,4520.6066062569735,4520.8566062569735,595,1198,897
4518.675095717965,4518.550095717965,4518.800095717965,1223,888,1056
4521.445181497788,4521.070181497788,4521.820181497788,1322,821,1072
4522.8848376460055,4522.6348376460055,4523.1348376460055,1029,2758,1894
4517.924498896129,4517.799498896129,4518.049498896129,2003,1794,1899
4518.528187031291,4518.153187031291,4518.903187031291,1540,2071,1806
4514.109421350721,4513.984421350721,4514.234421350721,1376,955,1166
4510.423526294727,4510.298526294727,4510.548526294727,1003,1468,1236
4515.19156469789,4515.06656469789,4515.31656469789,1112,2843,1978
4517.111999440377,4516.861999440377,4517.361999440377,1665,2136,1901
4518.645635296727,4518.395635296727,4518.895635296727,1826,1441,1634
4518.5709409659075,4518.3209409659075,4518.8209409659075,1753,1938,1846
4518.504851057085,4518.254851057085,4518.754851057085,1573,1216,1395
4523.000254783043,4522.875254783043,4523.125254783043,826,1895,1361
4524.900761357272,4524.775761357272,4525.025761357272,716,1539,1128
4520.843013136026,4520.718013136026,4520.968013136026,838,1031,935
4523.023434242646,4522.773434242646,4523.273434242646,1201,1130,1166
4522.465181887194,4522.215181887194,4522.715181887194,1557,1190,1374
4528.198284086898,4527.948284086898,4528.448284086898,1305,2436,1871
4529.248257632908,4529.123257632908,4529.373257632908,915,1978,1447
4531.019838303875,4530.769838303875,4531.269838303875,1266,1319,1293
4531.235955942343,4531.110955942343,4531.360955942343,1124,2149,1637
4525.927077014317,4525.677077014317,4526.177077014317,702,1265,984
4522.943043599844,4522.693043599844,4523.193043599844,956,963,960
4519.946136590301,4519.696136590301,4520.196136590301,1235,2190,1713
4520.637782093823,4520.387782093823,4520.887782093823,2374,1179,1777
4520.32455330167,4519.94955330167,4520.69955330167,901,1140,1021
4519.979068666286,4519.854068666286,4520.104068666286,1764,687,1226
4517.600538245416,4517.225538245416,4517.975538245416,2095,1888,1992
4515.575550383317,4515.200550383317,4515.950550383317,2024,701,1363
4514.830431297325,4514.580431297325,4515.080431297325,1378,1881,1630
4513.400417096698,4513.150417096698,4513.650417096698,962,1561,1262
4514.902810540206,4514.777810540206,4515.027810540206,2323,1254,1789
4515.538381604021,4515.163381604021,4515.913381604021,1125,2870,1998
4515.0699103376255,4514.9449103376255,4515.1949103376255,569,1416,993
4518.1818452757025,4517.9318452757025,4518.4318452757025,2393,1140,1767
4520.38848829493,4520.26348829493,4520.51348829493,2838,1015,1927
4524.910770166742,4524.660770166742,4525.160770166742,1348,605,977
4529.482344191948,4529.232344191948,4529.732344191948,1993,938,1466
4529.9693423359295,4529.8443423359295,4530.0943423359295,2584,937,1761
4529.410869718891,4529.285869718891,4529.535869718891,2167,1234,1701
4523.603164592001,4523.478164592001,4523.728164592001,1223,1168,1196
4524.194753587634,4523.819753587634,4524.569753587634,765,2120,1443
4531.420635657875,4531.295635657875,4531.545635657875,2575,1316,1946
4531.878681744623,4531.753681744623,4532.003681744623,968,2165,1567
4525.904223786011,4525.779223786011,4526.029223786011,465,1170,818
4525.092006458103,4524.842006458103,4525.342006458103,2410,1445,1928
4526.033986280474,4525.783986280474,4526.283986280474,1167,2424,1796
4526.837329431274,4526.587329431274,4527.087329431274,2566,1037,1802
4524.2506361650585,4524.0006361650585,4524.5006361650585,1982,959,1471
4525.339607573541,4525.214607573541,4525.464607573541,877,1022,950
4529.280291018933,4528.905291018933,4529.655291018933,1526,1157,1342
4526.67665259886,4526.30165259886,4527.05165259886,2405,1058,1732
4526.004428035016,4525.879428035016,4526.129428035016,2683,970,1827
4527.846495374129,4527.721495374129,4527.971495374129,1770,1851,1811
4524.418533491359,4524.293533491359,4524.543533491359,1902,1681,1792
4519.913785745744,4519.663785745744,4520.163785745744,2545,1250,1898
4519.760529052624,4519.635529052624,4519.885529052624,1153,1940,1547
4519.147532720978,4518.897532720978,4519.397532720978,1506,1135,1321
4521.9428583890385,4521.6928583890385,4522.1928583890385,1200,1315,1258
4521.928138560681,4521.553138560681,4522.303138560681,1654,783,1219
4521.5585152406065,4521.4335152406065,4521.6835152406065,1258,1261,1260
4521.294814648239,4521.169814648239,4521.419814648239,1129,1986,1558
4520.337691855622,4520.087691855622,4520.587691855622,532,1155,844
4515.619463406214,4515.494463406214,4515.744463406214,1332,1481,1407
4517.98133920356,4517.85633920356,4518.10633920356,706,1983,1345
4519.543887193889,4519.293887193889,4519.793887193889,1046,893,970
4516.161618310669,4516.036618310669,4516.286618310669,1128,975,1052
4515.734272281966,4515.609272281966,4515.859272281966,1516,1403,1460
4514.913486546177,4514.788486546177,4515.038486546177,1194,955,1075
4516.181923771617,4515.931923771617,4516.431923771617,971,1664,1318
4512.776092055976,4512.526092055976,4513.026092055976,1201,1356,1279
4514.158375434653,4514.033375434653,4514.283375434653,1899,750,1325
4512.946413515352,4512.821413515352,4513.071413515352,2356,1015,1686
4511.398028137138,4511.273028137138,4511.523028137138,1422,1547,1485
4510.588850599769,4510.338850599769,4510.838850599769,833,1150,992
4513.075098670583,4512.950098670583,4513.200098670583,2674,1055,1865
4514.523954963602,4514.273954963602,4514.773954963602,2342,1539,1941
4515.163012314716,4515.038012314716,4515.288012314716,1273,434,854
4517.399709627371,4517.274709627371,4517.524709627371,548,1291,920
4519.628948097505,4519.378948097505,4519.878948097505,1027,2784,1906
4524.331418372722,4524.206418372722,4524.456418372722,736,1353,1045
4522.379457986338,4522.254457986338,4522.504457986338,1237,2700,1969
4524.163667201941,4523.913667201941,4524.413667201941,1599,556,1078
4523.2116751782505,4522.9616751782505,4523.4616751782505,774,1631,1203
4525.510835389805,4525.385835389805,4525.635835389805,971,1022,997
4523.2654057602,4523.1404057602,4523.3904057602,595,1424,1010
4523.148031496342,4522.898031496342,4523.398031496342,2255,1676,1966
4523.540332685646,4523.290332685646,4523.790332685646,820,1219,1020
4525.2393392424365,4525.1143392424365,4525.3643392424365,1858,1447,1653
4524.81074442121,4524.56074442121,4525.06074442121,584,1077,831
4521.7008817362375,4521.5758817362375,4521.8258817362375,1125,1010,1068
4527.590130467125,4527.340130467125,4527.840130467125,1386,1639,1513
4524.672034579619,4524.297034579619,4525.047034579619,794,1175,985
4524.111221269407,4523.986221269407,4524.236221269407,993,702,848
4524.712456635677,4524.462456635677,4524.962456635677,1149,2404,1777
4526.33497080611,4526.08497080611,4526.58497080611,858,2409,1634
4526.8103839928035,4526.4353839928035,4527.1853839928035,1029,632,831
4520.22923294882,4519.97923294882,4520.47923294882,1415,1600,1508
4519.643124299957,4519.393124299957,4519.893124299957,624,1655,1140
4516.868727800897,4516.743727800897,4516.993727800897,1258,1217,1238
4517.399987550483,4517.274987550483,4517.524987550483,1222,2361,1792
4514.684154918464,4514.559154918464,4514.809154918464,2685,1282,1984
4515.322681002041,4515.197681002041,4515.447681002041,1653,1436,1545
4527.633796186647,4527.508796186647,4527.758796186647,1171,1260,1216
4527.352668510041,4527.102668510041,4527.602668510041,1687,1148,1418
4525.984357243569,4525.734357243569,4526.234357243569,1218,2123,1671
4527.503714440432,4527.253714440432,4527.753714440432,2005,1390,1698
4531.686893216044,4531.561893216044,4531.811893216044,2821,1166,1994
4533.925109556035,4533.675109556035,4534.175109556035,1315,2610,1963
4537.887884870265,4537.762884870265,4538.012884870265,1954,1853,1904
4535.4055095738495,4535.1555095738495,4535.6555095738495,1609,728,1169
4532.153618521738,4532.028618521738,4532.278618521738,962,1605,1284
4537.077019639207,4536.702019639207,4537.452019639207,1235,1192,1214
4536.82794240262,4536.57794240262,4537.07794240262,1249,2514,1882
4542.76115182092,4542.63615182092,4542.88615182092,1744,1461,1603
4539.558907664288,4539.433907664288,4539.683907664288,839,1044,942
4542.045758190568,4541.920758190568,4542.170758190568,2298,965,1632
4543.988987243369,4543.863987243369,4544.113987243369,2289,1114,1702
4547.489470706478,4547.114470706478,4547.864470706478,1370,1821,1596
4550.15981910291,4550.03481910291,4550.28481910291,2518,1201,1860
4547.430680594398,4547.305680594398,4547.555680594398,1495,2108,1802
4548.127313126013,4547.877313126013,4548.377313126013,873,2034,1454
4547.1580484044425,4546.9080484044425,4547.4080484044425,1323,908,1116
4544.854140691293,4544.729140691293,4544.979140691293,721,938,830
4548.317717049833,4548.067717049833,4548.567717049833,703,1036,870
4543.719092586837,4543.594092586837,4543.844092586837,1279,500,890
4537.516092034932,4537.266092034932,4537.766092034932,1422,1399,1411
4538.338482486022,4538.213482486022,4538.463482486022,1588,917,1253
4537.917230636863,4537.667230636863,4538.167230636863,1205,1460,1333
4533.205595165969,4533.080595165969,4533.330595165969,2150,1781,1966
4529.838671041587,4529.588671041587,4530.088671041587,1380,605,993
4530.076964795998,4529.951964795998,4530.201964795998,2200,975,1588
4530.710857010845,4530.585857010845,4530.835857010845,557,1260,909
4532.044279858258,4531.794279858258,4532.294279858258,746,1983,1365
4535.6656047859315,4535.5406047859315,4535.7906047859315,521,1244,883
4534.208172696299,4534.083172696299,4534.333172696299,794,1799,1297
4541.951116739944,4541.576116739944,4542.326116739944,2475,994,1735
4540.595968322946,4540.470968322946,4540.720968322946,2564,869,1717
4541.941097224264,4541.566097224264,4542.316097224264,2285,1586,1936
4542.186503121235,4542.061503121235,4542.311503121235,2836,1125,1981
4543.753957528128,4543.503957528128,4544.003957528128,1558,1305,1432
4541.638018923989,4541.513018923989,4541.763018923989,809,1460,1135
4545.234629417359,4545.109629417359,4545.359629417359,2265,1154,1710
4541.3707866148725,4541.2457866148725,4541.4957866148725,845,806,826
4542.849629995428,4542.724629995428,4542.974629995428,1842,849,1346
4544.19173459852,4544.06673459852,4544.31673459852,1161,1074,1118
4540.557716120355,4540.432716120355,4540.682716120355,738,961,850
4540.602796475164,4540.352796475164,4540.852796475164,1605,546,1076
4543.046811670867,4542.921811670867,4543.171811670867,1865,1634,1750
4543.576092881546,4543.326092881546,4543.826092881546,1862,1695,1779
4539.973282150559,4539.848282150559,4540.098282150559,1532,1153,1343
4538.301354841852,4538.176354841852,4538.426354841852,2262,1117,1690
4538.563986447648,4538.438986447648,4538.688986447648,473,1330,902
4533.453728643452,4533.328728643452,4533.578728643452,1993,1768,1881
4535.336059833553,4535.211059833553,4535.461059833553,1226,1465,1346
4532.940553845061,4532.565553845061,4533.315553845061,1324,1629,1477
4534.414924418079,4534.164924418079,4534.664924418079,2088,975,1532
4528.954437473765,4528.704437473765,4529.204437473765,1832,1867,1850
4526.893756678382,4526.518756678382,4527.268756678382,1460,517,989
4528.149346501345,4528.024346501345,4528.274346501345,1842,1821,1832
4522.786366651354,4522.536366651354,4523.036366651354,972,2127,1550
4523.0959171163195,4522.9709171163195,4523.2209171163195,2001,820,1411
4523.180977814369,4523.055977814369,4523.305977814369,1516,519,1018
4518.748858827567,4518.498858827567,4518.998858827567,1088,951,1020
4516.422072922455,4516.297072922455,4516.547072922455,839,2278,1559
4514.106026225373,4513.856026225373,4514.356026225373,1110,1565,1338
4506.616266585497,4506.491266585497,4506.741266585497,1494,1999,1747
4506.077002305065,4505.702002305065,4506.452002305065,1428,1423,1426
4507.366038593787,4507.241038593787,4507.491038593787,1819,2076,1948
4508.98041308278,4508.85541308278,4509.10541308278,1593,650,1122
4505.065336307643,4504.815336307643,4505.315336307643,889,1790,1340
4507.012108707386,4506.887108707386,4507.137108707386,1488,2465,1977
4507.524508890661,4507.399508890661,4507.649508890661,1043,1684,1364
4505.869313514685,4505.744313514685,4505.994313514685,1479,712,1096
4510.28773762856,4510.16273762856,4510.41273762856,1570,587,1079
4511.4906153386355,4511.2406153386355,4511.7406153386355,2029,1214,1622
4506.489442270404,4506.364442270404,4506.614442270404,1576,1595,1586
4510.261801349781,4510.011801349781,4510.511801349781,781,1722,1252
4513.243076681182,4512.993076681182,4513.493076681182,1029,868,949
4519.7521620960415,4519.6271620960415,4519.8771620960415,1387,1900,1644
4525.208352049802,4524.958352049802,4525.458352049802,856,931,894
4531.4941107468785,4531.3691107468785,4531.6191107468785,784,1873,1329
4535.047780527019,4534.672780527019,4535.422780527019,2003,1220,1612
4533.620354511233,4533.370354511233,4533.870354511233,2417,1202,1810
4530.06837323115,4529.94337323115,4530.19337323115,1228,1755,1492
4527.387132633192,4527.262132633192,4527.512132633192,1820,921,1371
4528.40766718891,4528.15766718891,4528.65766718891,1336,701,1019
4529.3664711150495,4529.2414711150495,4529.4914711150495,2430,815,1623
4528.603171206719,4528.228171206719,4528.978171206719,2377,1398,1888
4529.389827048719,4529.139827048719,4529.639827048719,1550,2183,1867
4527.33911428126,4527.21411428126,4527.46411428126,1028,2709,1869
4524.633691592851,4524.508691592851,4524.758691592851,1236,2469,1853
4526.667685377663,4526.542685377663,4526.792685377663,2340,1163,1752
4525.984048410892,4525.859048410892,4526.109048410892,1361,1910,1636
4524.474775563289,4524.099775563289,4524.849775563289,1661,2164,1913
4522.936851033446,4522.811851033446,4523.061851033446,1468,1035,1252
4522.512927552385,4522.387927552385,4522.637927552385,981,2232,1607
4525.90554525618,4525.78054525618,4526.03054525618,1788,1095,1442
4530.311711679694,4530.186711679694,4530.436711679694,1486,2025,1756
4528.710479538323,4528.585479538323,4528.835479538323,2319,1648,1984
4531.4028015603335,4531.1528015603335,4531.6528015603335,1737,866,1302
4527.204838384522,4527.079838384522,4527.329838384522,485,1390,938
4522.864928676078,4522.614928676078,4523.114928676078,753,2236,1495
4527.238919710331,4526.988919710331,4527.488919710331,715,1078,897
4525.734378677422,4525.609378677422,4525.859378677422,1449,2224,1837
4530.266485142969,4530.141485142969,4530.391485142969,1149,1908,1529
4526.258013057753,4525.883013057753,4526.633013057753,1481,2156,1819
4528.227417157516,4528.102417157516,4528.352417157516,1528,2145,1837
4522.919163970468,4522.794163970468,4523.044163970468,1609,1780,1695
4527.038505778852,4526.913505778852,4527.163505778852,1500,1333,1417
4525.186898057524,4525.061898057524,4525.311898057524,1123,2560,1842
4526.608430177705,4526.358430177705,4526.858430177705,1223,1152,1188
4525.835935669889,4525.460935669889,4526.210935669889,2011,1226,1619
4530.062545693603,4529.812545693603,4530.312545693603,1218,1531,1375
4528.514870729959,4528.389870729959,4528.639870729959,1856,1627,1742
4531.724857806434,4531.474857806434,4531.974857806434,2231,1228,1730
4536.012026076186,4535.637026076186,4536.387026076186,1291,2398,1845
4533.897997468554,4533.772997468554,4534.022997468554,1390,1559,1475
4530.0023758377165,4529.8773758377165,4530.1273758377165,1377,882,1130
4527.88000898569,4527.63000898569,4528.13000898569,663,1572,1118
4525.402763550043,4525.277763550043,4525.527763550043,812,1465,1139
4524.566229514854,4524.316229514854,4524.816229514854,716,1645,1181
4522.693784679727,4522.568784679727,4522.818784679727,1194,2387,1791
4525.397176756806,4525.272176756806,4525.522176756806,2405,816,1611
4521.918125104944,4521.793125104944,4522.043125104944,947,1562,1255
4523.631310537398,4523.381310537398,4523.881310537398,2465,830,1648
4521.812622619217,4521.562622619217,4522.062622619217,2365,1178,1772
4518.576111991341,4518.326111991341,4518.826111991341,1455,2052,1754
4522.173374209018,4522.048374209018,4522.298374209018,973,802,888
4525.440372750196,4525.315372750196,4525.565372750196,1582,1807,1695
4524.110673682,4523.985673682,4524.235673682,1296,637,967
4525.505559628759,4525.255559628759,4525.755559628759,801,1958,1380
4528.302316917588,4528.177316917588,4528.427316917588,1810,1823,1817
4530.583564667878,4530.333564667878,4530.833564667878,1306,533,920
4526.882809379379,4526.632809379379,4527.132809379379,2162,1221,1692
4527.900129542977,4527.775129542977,4528.025129542977,557,1134,846
4530.534994184622,4530.284994184622,4530.784994184622,1244,2013,1629
4529.115828575253,4528.990828575253,4529.240828575253,914,2639,1777
4537.658295380953,4537.283295380953,4538.033295380953,1179,540,860
4531.777040284087,4531.402040284087,4532.152040284087,1405,1514,1460
4528.347702575649,4528.222702575649,4528.472702575649,1991,930,1461
4533.139344731368,4533.014344731368,4533.264344731368,2707,1010,1859
4528.441943807247,4528.066943807247,4528.816943807247,898,2119,1509
4529.772708207435,4529.647708207435,4529.897708207435,2017,896,1457
4529.984126967435,4529.734126967435,4530.234126967435,934,1343,1139
4532.803487166285,4532.553487166285,4533.053487166285,511,1198,855
4533.377859593047,4533.252859593047,4533.502859593047,1807,1154,1481
4533.096092068585,4532.971092068585,4533.221092068585,1572,1465,1519
4534.69813936998,4534.44813936998,4534.94813936998,1484,1779,1632
4536.946024013326,4536.696024013326,4537.196024013326,863,1550,1207
4539.180602610942,4538.930602610942,4539.430602610942,2206,863,1535
4540.850406938824,4540.600406938824,4541.100406938824,1325,1028,1177
4543.289070964916,4543.164070964916,4543.414070964916,1576,1583,1580
4543.048770542982,4542.798770542982,4543.298770542982,1520,1505,1513
4545.234148744776,4544.984148744776,4545.484148744776,1210,2705,1958
4547.639905635976,4547.514905635976,4547.764905635976,2414,813,1614
4548.752672698166,4548.627672698166,4548.877672698166,647,982,815
4549.714051184072,4549.589051184072,4549.839051184072,1202,1177,1190
4549.017958967055,4548.892958967055,4549.142958967055,1876,1219,1548
4548.6988257733465,4548.5738257733465,4548.8238257733465,1715,1506,1611
4549.914785272839,4549.789785272839,4550.039785272839,2362,1145,1754
4547.99657931655,4547.87157931655,4548.12157931655,1320,1021,1171
4545.654410560337,4545.529410560337,4545.779410560337,709,1456,1083
4542.0477623538045,4541.7977623538045,4542.2977623538045,1157,1006,1082
4539.767821160086,4539.642821160086,4539.892821160086,1111,2872,1992
4549.251604928031,4549.126604928031,4549.376604928031,1723,1628,1676
4552.568654195331,4552.318654195331,4552.818654195331,2614,993,1804
4548.572447403954,4548.322447403954,4548.822447403954,1133,2392,1763
4550.043336828694,4549.918336828694,4550.168336828694,1054,813,934
4545.428084851878,4545.303084851878,4545.553084851878,1763,1436,1600
4549.589851066648,4549.464851066648,4549.714851066648,1786,693,1240
4551.195227228198,4550.820227228198,4551.570227228198,910,2001,1456
4545.113325930638,4544.863325930638,4545.363325930638,1213,1864,1539
4546.796526285742,4546.671526285742,4546.921526285742,651,1002,827
4545.071995160131,4544.946995160131,4545.196995160131,679,1194,937
4544.273018980375,4544.148018980375,4544.398018980375,1713,1060,1387
4541.399095118295,4541.274095118295,4541.524095118295,1672,733,1203
4536.544686008281,4536.419686008281,4536.669686008281,1071,2234,1653
