close,bid,ask,bid_volume,ask_volume,volume
4496.642326520198,4496.267326520198,4497.017326520198,1559,1836,1698
4493.873980631269,4493.748980631269,4493.998980631269,959,2582,1771
4488.866976552426,4488.491976552426,4489.241976552426,1201,508,855
4488.071022344703,4487.946022344703,4488.196022344703,1259,1510,1385
4485.687943723319,4485.562943723319,4485.812943723319,2023,1200,1612
4488.2099058504755,4487.9599058504755,4488.4599058504755,1617,1504,1561
4491.83234143632,4491.70734143632,4491.95734143632,918,1579,1249
4489.5601122891585,4489.4351122891585,4489.6851122891585,487,1200,844
4491.701298017268,4491.451298017268,4491.951298017268,1487,2436,1962
4491.664325634041,4491.539325634041,4491.789325634041,568,1207,888
4492.773855699179,4492.648855699179,4492.898855699179,1205,1680,1443
4489.478795304286,4489.228795304286,4489.728795304286,1293,2350,1822
4490.432338710564,4490.307338710564,4490.557338710564,1743,1886,1815
4488.004746290675,4487.879746290675,4488.129746290675,1028,677,853
4491.211993631903,4491.086993631903,4491.336993631903,1178,581,880
4490.454195079545,4490.329195079545,4490.579195079545,1587,1092,1340
4494.005825068334,4493.880825068334,4494.130825068334,1182,781,982
4492.717269672143,4492.592269672143,4492.842269672143,1296,771,1034
4497.467818820717,4497.217818820717,4497.717818820717,1067,1248,1158
4498.476595085396,4498.226595085396,4498.726595085396,1014,1415,1215
4499.081913076555,4498.956913076555,4499.206913076555,1424,1295,1360
4503.040251454792,4502.915251454792,4503.165251454792,1265,1912,1589
4505.5035640404,4505.3785640404,4505.6285640404,1132,2765,1949
4504.117025203013,4503.742025203013,4504.492025203013,1584,1287,1436
4502.299967760242,4501.924967760242,4502.674967760242,1404,577,991
4499.839885665124,4499.589885665124,4500.089885665124,806,1945,1376
4501.852943020597,4501.602943020597,4502.102943020597,1833,694,1264
4501.236577978716,4500.986577978716,4501.486577978716,1408,1315,1362
4500.886486922906,4500.761486922906,4501.011486922906,1622,2241,1932
4504.150613309,4503.900613309,4504.400613309,1267,1478,1373
4503.856711835396,4503.606711835396,4504.106711835396,855,2132,1494
4502.462184831612,4502.337184831612,4502.587184831612,1689,966,1328
4501.625719925113,4501.500719925113,4501.750719925113,966,1801,1384
4503.905048579272,4503.780048579272,4504.030048579272,1261,2240,1751
4504.879851226059,4504.754851226059,4505.004851226059,2521,1354,1938
4507.010612976005,4506.885612976005,4507.135612976005,1729,1974,1852
4502.274306908209,4502.149306908209,4502.399306908209,832,961,897
4499.284953983942,4499.034953983942,4499.534953983942,1455,696,1076
4501.961398448646,4501.836398448646,4502.086398448646,1351,936,1144
4505.220248091044,4504.970248091044,4505.470248091044,1084,723,904
4502.3201093732405,4502.1951093732405,4502.4451093732405,1578,659,1119
4498.609427142258,4498.484427142258,4498.734427142258,2245,776,1511
4499.040379907033,4498.665379907033,4499.415379907033,1465,848,1157
4494.440865776418,4494.190865776418,4494.690865776418,1606,739,1173
4492.036377937978,4491.911377937978,4492.161377937978,822,2105,1464
4496.426017567819,4496.176017567819,4496.676017567819,2106,1111,1609
4503.841735750364,4503.716735750364,4503.966735750364,2680,953,1817
4507.252637975792,4507.127637975792,4507.377637975792,862,1407,1135
4507.863225873904,4507.738225873904,4507.988225873904,1279,1158,1219
4506.790693366085,4506.665693366085,4506.915693366085,480,1261,871
4505.663129431238,4505.538129431238,4505.788129431238,972,1169,1071
4505.054692399496,4504.929692399496,4505.179692399496,1433,2150,1792
4505.057796255901,4504.807796255901,4505.307796255901,1376,1429,1403
4507.919300877094,4507.794300877094,4508.044300877094,1335,1006,1171
4506.403072828363,4506.153072828363,4506.653072828363,1182,1453,1318
4500.427506060396,4500.302506060396,4500.552506060396,1802,899,1351
4502.268413965644,4501.893413965644,4502.643413965644,765,1588,1177
4502.922419081049,4502.547419081049,4503.297419081049,1561,2222,1892
4499.865507554963,4499.740507554963,4499.990507554963,1524,1753,1639
4499.939842954754,4499.689842954754,4500.189842954754,1348,595,972
4502.984389544141,4502.609389544141,4503.359389544141,1184,1271,1228
4496.703915652053,4496.453915652053,4496.953915652053,1472,723,1098
4498.520219809275,4498.270219809275,4498.770219809275,762,2017,1390
4497.345553804675,4497.095553804675,4497.595553804675,1663,1744,1704
4497.552109930465,4497.427109930465,4497.677109930465,1325,2100,1713
4498.36844663426,4498.24344663426,4498.49344663426,1164,1759,1462
4499.050077383357,4498.925077383357,4499.175077383357,1714,697,1206
4498.419356924681,4498.169356924681,4498.669356924681,1163,598,881
4496.054374470187,4495.804374470187,4496.304374470187,1093,2472,1783
4496.347366054961,4496.222366054961,4496.472366054961,1323,822,1073
4496.699863910607,4496.574863910607,4496.824863910607,1317,1900,1609
4500.518834780973,4500.393834780973,4500.643834780973,1083,1792,1438
4500.1306273916625,4499.8806273916625,4500.3806273916625,1429,1132,1281
4500.932788449676,4500.682788449676,4501.182788449676,2703,906,1805
4501.4323011969,4501.3073011969,4501.5573011969,1077,658,868
4500.789486258399,4500.664486258399,4500.914486258399,1080,1245,1163
4501.806724238941,4501.681724238941,4501.931724238941,2769,940,1855
4503.666934801189,4503.541934801189,4503.791934801189,1273,1424,1349
4502.083690831679,4501.958690831679,4502.208690831679,1633,1052,1343
4500.702034228319,4500.577034228319,4500.827034228319,1840,737,1289
4498.964799603509,4498.839799603509,4499.089799603509,2234,899,1567
4495.491988818376,4495.241988818376,4495.741988818376,1368,461,915
4492.678433959923,4492.428433959923,4492.928433959923,1661,1712,1687
4493.585663133306,4493.460663133306,4493.710663133306,1233,1020,1127
4489.918824393354,4489.793824393354,4490.043824393354,802,1563,1183
4488.445958682232,4488.195958682232,4488.695958682232,1241,1518,1380
4490.9649106789675,4490.7149106789675,4491.2149106789675,802,1059,931
4486.355142623041,4486.105142623041,4486.605142623041,1379,2544,1962
4484.421751187367,4484.171751187367,4484.671751187367,893,1454,1174
4483.490465451052,4483.365465451052,4483.615465451052,1473,2346,1910
4479.464706123899,4479.214706123899,4479.714706123899,2101,1288,1695
4484.04744197329,4483.92244197329,4484.17244197329,700,1579,1140
4482.129983561187,4482.004983561187,4482.254983561187,786,2247,1517
4479.866241652293,4479.741241652293,4479.991241652293,1423,1220,1322
4479.563552749778,4479.438552749778,4479.688552749778,1897,894,1396
4477.768657314616,4477.643657314616,4477.893657314616,494,1123,809
4477.527206370773,4477.277206370773,4477.777206370773,1171,944,1058
4474.508766481257,4474.383766481257,4474.633766481257,1845,2092,1969
4475.250198516071,4475.000198516071,4475.500198516071,1017,1416,1217
4472.732517928475,4472.607517928475,4472.857517928475,1129,2306,1718
4473.049230803012,4472.924230803012,4473.174230803012,2476,1089,1783
4476.582125134795,4476.207125134795,4476.957125134795,731,1464,1098
4472.458346009427,4472.333346009427,4472.583346009427,1493,808,1151
4475.584389005379,4475.334389005379,4475.834389005379,748,1469,1109
4478.704725422821,4478.454725422821,4478.954725422821,2549,1150,1850
4475.798082488283,4475.548082488283,4476.048082488283,1129,864,997
4475.851298376789,4475.476298376789,4476.226298376789,1559,1754,1657
4474.539951924431,4474.414951924431,4474.664951924431,582,1259,921
4475.180107928978,4475.055107928978,4475.305107928978,1919,798,1359
4478.735685143931,4478.485685143931,4478.985685143931,1562,1613,1588
4479.613785901453,4479.488785901453,4479.738785901453,1640,2185,1913
4480.707372897238,4480.332372897238,4481.082372897238,1444,2111,1778
4478.517859599749,4478.267859599749,4478.767859599749,1462,2125,1794
4476.982056127005,4476.857056127005,4477.107056127005,954,1297,1126
4478.042539812433,4477.917539812433,4478.167539812433,910,825,868
4477.045583726029,4476.795583726029,4477.295583726029,1167,512,840
4478.933568984447,4478.808568984447,4479.058568984447,1425,1978,1702
4478.450348889078,4478.325348889078,4478.575348889078,930,953,942
4478.070414279924,4477.945414279924,4478.195414279924,2517,848,1683
4476.22530742556,4476.10030742556,4476.35030742556,1324,1955,1640
4477.304277037377,4477.179277037377,4477.429277037377,2276,781,1529
4478.793800693365,4478.668800693365,4478.918800693365,822,791,807
4479.7256167808055,4479.6006167808055,4479.8506167808055,2141,1360,1751
4480.228851391326,4479.978851391326,4480.478851391326,2171,986,1579
4479.532616694362,4479.407616694362,4479.657616694362,2481,1450,1966
4478.775262669424,4478.650262669424,4478.900262669424,925,920,923
4479.228073322046,4479.103073322046,4479.353073322046,989,1960,1475
4482.498128221551,4482.373128221551,4482.623128221551,2568,1157,1863
4483.82877042943,4483.70377042943,4483.95377042943,1054,1701,1378
4480.985492988714,4480.860492988714,4481.110492988714,1218,2109,1664
4481.338855244855,4481.213855244855,4481.463855244855,2082,1031,1557
4481.763306795924,4481.513306795924,4482.013306795924,1365,778,1072
4484.908434535533,4484.783434535533,4485.033434535533,1771,1230,1501
4480.71289996491,4480.58789996491,4480.83789996491,1835,1270,1553
4480.6156842888095,4480.4906842888095,4480.7406842888095,847,2120,1484
4480.318554006088,4479.943554006088,4480.693554006088,878,2379,1629
4480.058342813459,4479.933342813459,4480.183342813459,742,1017,880
4480.3349427134,4480.2099427134,4480.4599427134,1581,1438,1510
4483.231537809796,4482.981537809796,4483.481537809796,1561,1420,1491
4480.229590699152,4479.979590699152,4480.479590699152,1470,575,1023
4482.258587644183,4481.883587644183,4482.633587644183,730,1481,1106
4479.305712218418,4479.180712218418,4479.430712218418,870,1259,1065
4479.740565683779,4479.490565683779,4479.990565683779,711,1808,1260
4483.071322110896,4482.946322110896,4483.196322110896,1597,936,1267
4482.317537081013,4482.067537081013,4482.567537081013,1470,1923,1697
4483.109796923961,4482.734796923961,4483.484796923961,932,2439,1686
4483.857147866087,4483.607147866087,4484.107147866087,988,1031,1010
4482.424014891236,4482.174014891236,4482.674014891236,1360,1945,1653
4481.362344028659,4481.112344028659,4481.612344028659,1060,2403,1732
4482.490049136827,4482.365049136827,4482.615049136827,1332,917,1125
4484.424670369822,4484.174670369822,4484.674670369822,1402,1419,1411
4487.445955104894,4487.195955104894,4487.695955104894,1279,736,1008
4487.509456167515,4487.384456167515,4487.634456167515,1705,596,1151
4489.56848750637,4489.31848750637,4489.81848750637,1429,1922,1676
4486.946624107604,4486.821624107604,4487.071624107604,816,1217,1017
4486.75666889562,4486.63166889562,4486.88166889562,1495,2044,1770
4482.008348554612,4481.758348554612,4482.258348554612,1630,1301,1466
4481.746287632548,4481.621287632548,4481.871287632548,1475,540,1008
4482.1076404629775,4481.9826404629775,4482.2326404629775,1085,1260,1173
4482.303776863888,4481.928776863888,4482.678776863888,1025,978,1002
4480.502683559716,4480.377683559716,4480.627683559716,834,1689,1262
4478.457821316212,4478.332821316212,4478.582821316212,1175,2722,1949
4476.745734484754,4476.620734484754,4476.870734484754,1428,2337,1883
4475.17916913942,4475.05416913942,4475.30416913942,1527,2300,1914
4474.879695198446,4474.629695198446,4475.129695198446,1166,1027,1097
4472.620500012584,4472.495500012584,4472.745500012584,577,1584,1081
4472.53504702492,4472.28504702492,4472.78504702492,2356,1263,1810
4469.1500111007,4469.0250111007,4469.2750111007,1307,1722,1515
4471.009207636142,4470.884207636142,4471.134207636142,929,1690,1310
4473.039929147447,4472.914929147447,4473.164929147447,1688,1219,1454
4474.766900083729,4474.391900083729,4475.141900083729,684,919,802
4474.742068998776,4474.617068998776,4474.867068998776,1646,759,1203
4476.312054622144,4475.937054622144,4476.687054622144,700,1075,888
4474.235453280027,4474.110453280027,4474.360453280027,1637,2002,1820
4476.90299330695,4476.65299330695,4477.15299330695,834,951,893
4470.468706092164,4470.343706092164,4470.593706092164,1330,1133,1232
4473.538714720978,4473.413714720978,4473.663714720978,1348,799,1074
4474.677764613596,4474.552764613596,4474.802764613596,1458,1031,1245
4474.753084765806,4474.628084765806,4474.878084765806,1165,1920,1543
4472.369206015187,4471.994206015187,4472.744206015187,1068,667,868
4471.821465599904,4471.696465599904,4471.946465599904,1183,1060,1122
4469.610871671423,4469.485871671423,4469.735871671423,925,2300,1613
4464.579364842795,4464.454364842795,4464.704364842795,1758,1235,1497
4462.72805360584,4462.60305360584,4462.85305360584,2108,1047,1578
4466.212769081375,4466.087769081375,4466.337769081375,937,1294,1116
4465.29976486032,4465.17476486032,4465.42476486032,2678,1093,1886
4466.376232045709,4466.251232045709,4466.501232045709,873,2446,1660
4469.835768697291,4469.710768697291,4469.960768697291,576,1029,803
4469.422057658869,4469.297057658869,4469.547057658869,757,2002,1380
4468.913657586775,4468.788657586775,4469.038657586775,1419,1100,1260
4474.253252798686,4474.128252798686,4474.378252798686,1119,1594,1357
4472.542281076774,4472.417281076774,4472.667281076774,2386,923,1655
4472.3788917733455,4472.1288917733455,4472.6288917733455,710,1329,1020
4472.138872867714,4472.013872867714,4472.263872867714,1153,992,1073
4473.625800816841,4473.500800816841,4473.750800816841,1725,2052,1889
4476.6658277963,4476.4158277963,4476.9158277963,940,1041,991
4475.544964865723,4475.419964865723,4475.669964865723,1213,2668,1941
4474.0141699760825,4473.7641699760825,4474.2641699760825,1044,1819,1432
4475.772271633116,4475.647271633116,4475.897271633116,1260,1463,1362
4474.314162285413,4474.189162285413,4474.439162285413,1238,1167,1203
4466.651238714284,4466.526238714284,4466.776238714284,2699,1106,1903
4463.419525885775,4463.169525885775,4463.669525885775,1177,846,1012
4461.432583837635,4461.307583837635,4461.557583837635,859,1492,1176
4465.82883676234,4465.70383676234,4465.95383676234,986,2845,1916
4468.364484203499,4467.989484203499,4468.739484203499,1070,1619,1345
4467.730089572326,4467.605089572326,4467.855089572326,1742,745,1244
4468.997711818469,4468.872711818469,4469.122711818469,1961,1918,1940
4471.4323787368685,4471.3073787368685,4471.5573787368685,675,1152,914
4465.75871101131,4465.63371101131,4465.88371101131,589,1372,981
4469.94130682198,4469.81630682198,4470.06630682198,597,1612,1105
4471.077510059948,4470.827510059948,4471.327510059948,827,956,892
4466.049749474263,4465.799749474263,4466.299749474263,2258,1309,1784
4464.168716584648,4463.918716584648,4464.418716584648,603,1734,1169
4464.531048548124,4464.406048548124,4464.656048548124,1256,1129,1193
4470.36735292911,4470.11735292911,4470.61735292911,967,782,875
4469.648492992737,4469.523492992737,4469.773492992737,829,2378,1604
4474.229909895596,4473.854909895596,4474.604909895596,1561,872,1217
4478.11680885563,4477.86680885563,4478.36680885563,1147,482,815
4478.434230122383,4478.309230122383,4478.559230122383,1733,790,1262
4480.389722368243,4480.264722368243,4480.514722368243,1511,1450,1481
4481.779070736597,4481.654070736597,4481.904070736597,1135,2094,1615
4485.32454712786,4485.19954712786,4485.44954712786,1512,1939,1726
4487.07131027356,4486.94631027356,4487.19631027356,722,2123,1423
4489.315617563089,4489.065617563089,4489.565617563089,1729,1060,1395
4494.393294828451,4494.268294828451,4494.518294828451,664,1891,1278
4488.30265565168,4488.17765565168,4488.42765565168,1534,1093,1314
4488.467891451427,4488.342891451427,4488.592891451427,1186,1973,1580
4489.9687774108315,4489.7187774108315,4490.2187774108315,940,1965,1453
4491.817345060908,4491.692345060908,4491.942345060908,1287,2566,1927
4492.752855782942,4492.627855782942,4492.877855782942,2112,755,1434
4496.284382281562,4496.034382281562,4496.534382281562,1168,1997,1583
4497.565065686059,4497.440065686059,4497.690065686059,529,1132,831
4497.887737006826,4497.637737006826,4498.137737006826,1798,1495,1647
4494.972225227943,4494.847225227943,4495.097225227943,1921,1430,1676
4498.041309312476,4497.916309312476,4498.166309312476,1124,1805,1465
4496.510321045148,4496.385321045148,4496.635321045148,1192,1377,1285
4499.199351284671,4499.074351284671,4499.324351284671,1323,2164,1744
4498.579591032949,4498.454591032949,4498.704591032949,2679,900,1790
4497.158392710858,4497.033392710858,4497.283392710858,1258,2571,1915
4497.706092439848,4497.456092439848,4497.956092439848,873,1458,1166
4497.070930284221,4496.695930284221,4497.445930284221,897,1204,1051
4499.800201252752,4499.675201252752,4499.925201252752,2486,1287,1887
4500.4762690263715,4500.2262690263715,4500.7262690263715,483,1186,835
4499.501598495709,4499.376598495709,4499.626598495709,1241,1602,1422
4499.191457853516,4499.066457853516,4499.316457853516,1210,1255,1233
4498.629200077696,4498.504200077696,4498.754200077696,1102,2103,1603
4500.095513632538,4499.970513632538,4500.220513632538,1389,612,1001
4501.809785421861,4501.684785421861,4501.934785421861,818,2383,1601
4503.858920983371,4503.733920983371,4503.983920983371,1610,1617,1614
4505.169467916347,4505.044467916347,4505.294467916347,1219,2032,1626
4499.831568182657,4499.581568182657,4500.081568182657,1718,1421,1570
4504.24784255147,4504.12284255147,4504.37284255147,1745,876,1311
4505.347348214968,4505.222348214968,4505.472348214968,796,1947,1372
4508.525579904965,4508.275579904965,4508.775579904965,519,1246,883
4511.31672057254,4511.19172057254,4511.44172057254,1555,1432,1494
4511.970962376174,4511.720962376174,4512.220962376174,1469,866,1168
4509.262331395185,4509.137331395185,4509.387331395185,1830,1383,1607
4507.82382548377,4507.69882548377,4507.94882548377,900,1841,1371
4504.584546462806,4504.459546462806,4504.709546462806,885,1418,1152
4502.976015308124,4502.851015308124,4503.101015308124,959,1178,1069
4498.481738446185,4498.356738446185,4498.606738446185,2372,1305,1839
4501.818349350239,4501.693349350239,4501.943349350239,962,949,956
4501.372042103603,4501.247042103603,4501.497042103603,1965,1498,1732
4502.2779639972605,4502.1529639972605,4502.4029639972605,977,1358,1168
4503.040746923645,4502.915746923645,4503.165746923645,1550,2433,1992
4499.401674994756,4499.151674994756,4499.651674994756,2095,1556,1826
4505.206305285682,4504.956305285682,4505.456305285682,1613,802,1208
4505.1738648297005,4505.0488648297005,4505.2988648297005,633,1144,889
4501.118275146702,4500.993275146702,4501.243275146702,865,980,923
4502.745642317184,4502.620642317184,4502.870642317184,1033,916,975
4497.555408150224,4497.430408150224,4497.680408150224,2624,1017,1821
4498.111851367014,4497.986851367014,4498.236851367014,1145,682,914
4502.743148560723,4502.618148560723,4502.868148560723,2202,1289,1746
4501.19636378051,4500.94636378051,4501.44636378051,975,1256,1116
4502.439158690359,4502.314158690359,4502.564158690359,1448,2455,1952
4502.204838281245,4502.079838281245,4502.329838281245,1420,601,1011
4502.362232811191,4502.112232811191,4502.612232811191,913,2448,1681
4500.563219635322,4500.188219635322,4500.938219635322,1743,686,1215
4501.096562768999,4500.971562768999,4501.221562768999,2319,796,1558
4498.501595315331,4498.376595315331,4498.626595315331,1092,2363,1728
4498.862565779032,4498.487565779032,4499.237565779032,761,1756,1259
4504.46118539354,4504.33618539354,4504.58618539354,685,1560,1123
4503.197733278673,4502.947733278673,4503.447733278673,1881,1092,1487
4506.168900831373,4506.043900831373,4506.293900831373,1893,862,1378
4503.598556000356,4503.473556000356,4503.723556000356,782,851,817
4498.823562791099,4498.448562791099,4499.198562791099,1502,2435,1969
4495.761230477807,4495.636230477807,4495.886230477807,1043,586,815
4490.753424322105,4490.503424322105,4491.003424322105,2671,1298,1985
4494.292641442208,4494.042641442208,4494.542641442208,1258,2073,1666
4492.944012983527,4492.819012983527,4493.069012983527,1570,777,1174
4499.149810093203,4499.024810093203,4499.274810093203,689,1008,849
4505.819409148319,4505.444409148319,4506.194409148319,975,2490,1733
4506.167293972033,4506.042293972033,4506.292293972033,1126,2177,1652
4508.032971048842,4507.907971048842,4508.157971048842,1817,618,1218
4504.383515027695,4504.133515027695,4504.633515027695,816,2047,1432
4501.919048136414,4501.669048136414,4502.169048136414,1351,918,1135
4501.415904060251,4501.290904060251,4501.540904060251,1063,1466,1265
4499.201302858622,4498.826302858622,4499.576302858622,894,941,918
4499.1891876014915,4498.9391876014915,4499.4391876014915,1572,1549,1561
4499.652338019823,4499.402338019823,4499.902338019823,1732,1355,1544
4499.00882888981,4498.88382888981,4499.13382888981,1908,1811,1860
4501.152541993615,4500.777541993615,4501.527541993615,1034,1469,1252
4501.807439683869,4501.682439683869,4501.932439683869,1517,2222,1870
4501.444483720906,4501.194483720906,4501.694483720906,1311,1910,1611
4499.910443215735,4499.785443215735,4500.035443215735,1799,1342,1571
4497.9576588153805,4497.7076588153805,4498.2076588153805,835,1306,1071
4500.383469609118,4500.258469609118,4500.508469609118,632,1739,1186
4499.153032373027,4499.028032373027,4499.278032373027,716,1583,1150
4501.861357140594,4501.736357140594,4501.986357140594,923,2592,1758
4503.558312351505,4503.433312351505,4503.683312351505,889,2304,1597
4508.476046220767,4508.351046220767,4508.601046220767,941,1194,1068
4505.799553625084,4505.674553625084,4505.924553625084,960,1769,1365
4505.829698969429,4505.704698969429,4505.954698969429,1304,2149,1727
4500.543395278933,4500.418395278933,4500.668395278933,1397,938,1168
4495.941381386061,4495.816381386061,4496.066381386061,2750,1071,1911
4490.10633648912,4489.85633648912,4490.35633648912,2404,1569,1987
4489.326554114977,4489.076554114977,4489.576554114977,1329,1824,1577
4486.409826708695,4486.284826708695,4486.534826708695,665,1650,1158
4490.696103263521,4490.446103263521,4490.946103263521,574,1395,985
4491.883789955707,4491.508789955707,4492.258789955707,1336,1915,1626
4489.948383183379,4489.698383183379,4490.198383183379,1402,1079,1241
4490.881096811095,4490.756096811095,4491.006096811095,2565,1190,1878
4495.622090870495,4495.497090870495,4495.747090870495,596,1023,810
4499.89184818377,4499.76684818377,4500.01684818377,885,1464,1175
4495.43469909951,4495.30969909951,4495.55969909951,997,976,987
4501.764719027047,4501.639719027047,4501.889719027047,2405,1396,1901
4502.78374521135,4502.53374521135,4503.03374521135,767,1412,1090
4507.316400451101,4507.066400451101,4507.566400451101,2080,1825,1953
4510.504769135002,4510.254769135002,4510.754769135002,1798,915,1357
4512.0219994404915,4511.7719994404915,4512.2719994404915,1034,617,826
4509.525954393031,4509.400954393031,4509.650954393031,1134,1223,1179
4515.282884142871,4515.157884142871,4515.407884142871,1203,1136,1170
4514.07855059732,4513.95355059732,4514.20355059732,2206,885,1546
4517.326905666138,4517.201905666138,4517.451905666138,1673,1084,1379
4522.928572595829,4522.678572595829,4523.178572595829,1400,637,1019
4519.444599517556,4519.319599517556,4519.569599517556,2210,1317,1764
4519.936028586481,4519.686028586481,4520.186028586481,2200,1453,1827
4518.820696459968,4518.695696459968,4518.945696459968,1410,1389,1400
4519.3949055353105,4519.1449055353105,4519.6449055353105,2246,1671,1959
4516.02282061023,4515.89782061023,4516.14782061023,860,1119,990
4517.024814010148,4516.899814010148,4517.149814010148,1163,962,1063
4515.619019080524,4515.369019080524,4515.869019080524,1906,663,1285
4516.031458690375,4515.906458690375,4516.156458690375,689,1122,906
4517.074620358979,4516.699620358979,4517.449620358979,1586,2081,1834
4516.122125231364,4515.997125231364,4516.247125231364,2010,1887,1949
4521.728259427435,4521.603259427435,4521.853259427435,1513,954,1234
4519.528315512498,4519.403315512498,4519.653315512498,2078,1437,1758
4516.554078144096,4516.429078144096,4516.679078144096,1115,1450,1283
4516.415372582271,4516.290372582271,4516.540372582271,1039,1092,1066
4516.48757142891,4516.36257142891,4516.61257142891,802,2031,1417
4515.415427776686,4515.290427776686,4515.540427776686,1882,807,1345
4512.271061151812,4512.146061151812,4512.396061151812,2443,1120,1782
4516.286757323136,4516.161757323136,4516.411757323136,2921,1038,1980
4518.637520362295,4518.512520362295,4518.762520362295,1181,942,1062
4518.387377288885,4518.262377288885,4518.512377288885,1181,2608,1895
4513.821138841785,4513.571138841785,4514.071138841785,1277,2694,1986
4515.1164291813,4514.9914291813,4515.2414291813,1569,808,1189
4511.089278134188,4510.964278134188,4511.214278134188,1359,992,1176
4509.297003495262,4508.922003495262,4509.672003495262,2582,1019,1801
4513.256371769515,4513.006371769515,4513.506371769515,2276,1281,1779
4513.375236477697,4513.250236477697,4513.500236477697,1106,535,821
4512.530684918963,4512.280684918963,4512.780684918963,627,1200,914
4507.552160986739,4507.302160986739,4507.802160986739,1776,993,1385
4508.676533112746,4508.551533112746,4508.801533112746,1830,1813,1822
4512.3320324773285,4512.2070324773285,4512.4570324773285,1762,1843,1803
4510.585532185482,4510.460532185482,4510.710532185482,1664,1085,1375
4505.079981265338,4504.954981265338,4505.204981265338,2201,1534,1868
4510.995572294,4510.870572294,4511.120572294,836,2361,1599
4512.81062964226,4512.56062964226,4513.06062964226,1484,603,1044
4514.435247707012,4514.310247707012,4514.560247707012,2734,1061,1898
4515.649110664026,4515.524110664026,4515.774110664026,974,943,959
4519.0868349536395,4518.9618349536395,4519.2118349536395,743,1224,984
4519.772315919065,4519.647315919065,4519.897315919065,950,2699,1825
4522.180214607617,4522.055214607617,4522.305214607617,1877,802,1340
4522.465428002515,4522.090428002515,4522.840428002515,955,1026,991
4527.241581283196,4527.116581283196,4527.366581283196,2152,1435,1794
4527.400019034734,4527.275019034734,4527.525019034734,946,2079,1513
4529.400016139602,4529.275016139602,4529.525016139602,683,926,805
4529.783403417087,4529.658403417087,4529.908403417087,1730,953,1342
4531.603867162289,4531.478867162289,4531.728867162289,1084,693,889
4530.473364293654,4530.348364293654,4530.598364293654,2342,869,1606
4531.70692038532,4531.45692038532,4531.95692038532,1497,506,1002
4534.16196798457,4534.03696798457,4534.28696798457,516,1305,911
4536.676771242854,4536.426771242854,4536.926771242854,1253,850,1052
4539.627865970639,4539.377865970639,4539.877865970639,1902,1559,1731
4543.701559837236,4543.451559837236,4543.951559837236,849,1124,987
4541.767625937403,4541.642625937403,4541.892625937403,1079,1326,1203
4543.276012918226,4542.901012918226,4543.651012918226,527,1072,800
4537.919436875069,4537.794436875069,4538.044436875069,1047,1102,1075
4535.744574613951,4535.494574613951,4535.994574613951,2211,842,1527
4537.003124176407,4536.878124176407,4537.128124176407,603,1484,1044
4541.1532221772795,4541.0282221772795,4541.2782221772795,2619,1310,1965
4539.81891474354,4539.69391474354,4539.94391474354,1301,1006,1154
4543.2149768028885,4542.8399768028885,4543.5899768028885,1357,1156,1257
4544.761649573756,4544.636649573756,4544.886649573756,863,2070,1467
4544.891116950717,4544.766116950717,4545.016116950717,1554,1075,1315
4548.121530924114,4547.871530924114,4548.371530924114,1364,985,1175
4550.59183828937,4550.34183828937,4550.84183828937,904,2061,1483
4543.144878052751,4543.019878052751,4543.269878052751,556,1579,1068
4539.690775171162,4539.440775171162,4539.940775171162,741,974,858
4536.595747817704,4536.345747817704,4536.845747817704,1220,1425,1323
4534.231022251333,4534.106022251333,4534.356022251333,761,890,826
4536.750550934267,4536.625550934267,4536.875550934267,614,1775,1195
4536.8026978909575,4536.5526978909575,4537.0526978909575,913,1256,1085
4532.931700982403,4532.806700982403,4533.056700982403,1351,624,988
4526.162596424215,4526.037596424215,4526.287596424215,1345,2080,1713
4529.948274290936,4529.823274290936,4530.073274290936,1108,1059,1084
4525.612518503269,4525.487518503269,4525.737518503269,635,1086,861
4524.112009383348,4523.987009383348,4524.237009383348,977,1128,1053
4526.51020472407,4526.38520472407,4526.63520472407,1980,1719,1850
4523.3650974551465,4523.1150974551465,4523.6150974551465,1804,2117,1961
4525.51199050635,4525.38699050635,4525.63699050635,1224,1223,1224
4529.110992077863,4528.860992077863,4529.360992077863,1411,940,1176
4530.230495452997,4530.105495452997,4530.355495452997,1037,1922,1480
4528.064422533585,4527.939422533585,4528.189422533585,2030,827,1429
4527.526100596709,4527.276100596709,4527.776100596709,1023,1260,1142
4530.826564027002,4530.701564027002,4530.951564027002,2376,1339,1858
4531.752721988247,4531.377721988247,4532.127721988247,1772,697,1235
4531.049151976498,4530.799151976498,4531.299151976498,1188,1563,1376
4532.701160056463,4532.576160056463,4532.826160056463,1140,2123,1632
4524.783681310326,4524.658681310326,4524.908681310326,410,1197,804
4526.416978572797,4526.166978572797,4526.666978572797,1430,1115,1273
4524.627731822654,4524.502731822654,4524.752731822654,2430,897,1664
4524.406940912373,4524.156940912373,4524.656940912373,1158,1289,1224
4523.913994877755,4523.663994877755,4524.163994877755,1961,2000,1981
4523.140723705459,4522.765723705459,4523.515723705459,953,1468,1211
4525.013189953424,4524.763189953424,4525.263189953424,1776,771,1274
4527.112190183108,4526.987190183108,4527.237190183108,1275,1722,1499
4524.219309135213,4524.094309135213,4524.344309135213,888,1441,1165
4526.068477079289,4525.693477079289,4526.443477079289,1302,1187,1245
4527.189980345065,4527.064980345065,4527.314980345065,2045,1182,1614
4533.1572874617395,4532.7822874617395,4533.5322874617395,934,1795,1365
4534.695665197236,4534.445665197236,4534.945665197236,2003,1418,1711
4533.805963363199,4533.555963363199,4534.055963363199,2366,1171,1769
4535.559358024095,4535.309358024095,4535.809358024095,723,1106,915
4537.198647288638,4536.823647288638,4537.573647288638,2026,1657,1842
4533.795990713041,4533.545990713041,4534.045990713041,763,1554,1159
4530.57914089287,4530.45414089287,4530.70414089287,949,1086,1018
4528.951199492122,4528.701199492122,4529.201199492122,975,1216,1096
4529.977825212758,4529.852825212758,4530.102825212758,1466,783,1125
4527.587998019804,4527.462998019804,4527.712998019804,775,912,844
4532.735467932498,4532.610467932498,4532.860467932498,2173,1504,1839
4532.243157670341,4532.118157670341,4532.368157670341,788,1215,1002
4531.953593988723,4531.703593988723,4532.203593988723,1340,2161,1751
4527.561061828878,4527.436061828878,4527.686061828878,999,1674,1337
4528.392264806241,4528.267264806241,4528.517264806241,676,1705,1191
4530.670375113709,4530.545375113709,4530.795375113709,2764,951,1858
4524.966728478554,4524.716728478554,4525.216728478554,935,1212,1074
4521.884628034737,4521.759628034737,4522.009628034737,806,1789,1298
4517.100406254191,4516.975406254191,4517.225406254191,1227,776,1002
4512.671853090059,4512.546853090059,4512.796853090059,709,1758,1234
4507.353588753063,4507.103588753063,4507.603588753063,650,1689,1170
4508.121393797669,4507.996393797669,4508.246393797669,2458,1145,1802
4505.361270941186,4505.236270941186,4505.486270941186,2285,1456,1871
4508.817106402083,4508.692106402083,4508.942106402083,984,1421,1203
4505.789968631409,4505.664968631409,4505.914968631409,1528,1725,1627
4504.825175217067,4504.575175217067,4505.075175217067,765,1438,1102
4499.501141581611,4499.251141581611,4499.751141581611,2245,1174,1710
4496.977210824869,4496.727210824869,4497.227210824869,2634,1019,1827
4497.327342791341,4497.077342791341,4497.577342791341,1676,659,1168
4501.5527407500895,4501.3027407500895,4501.8027407500895,1255,1686,1471
4501.245383569305,4500.995383569305,4501.495383569305,1390,919,1155
4503.931105098766,4503.681105098766,4504.181105098766,1581,1810,1696
4500.310332008737,4500.185332008737,4500.435332008737,2587,1392,1990
4501.3770999968965,4501.2520999968965,4501.5020999968965,1036,1613,1325
4503.67502899749,4503.55002899749,4503.80002899749,1930,1581,1756
4499.225546566625,4499.100546566625,4499.350546566625,714,2137,1426
4495.688697897842,4495.563697897842,4495.813697897842,1262,1027,1145
4499.786316072358,4499.411316072358,4500.161316072358,839,1346,1093
4497.603176073914,4497.478176073914,4497.728176073914,624,993,809
4501.966480866181,4501.841480866181,4502.091480866181,546,1261,904
4506.647258659034,4506.522258659034,4506.772258659034,837,2206,1522
4512.878318139664,4512.753318139664,4513.003318139664,2285,868,1577
4510.121209816168,4509.871209816168,4510.371209816168,1300,1143,1222
4508.480413255212,4508.230413255212,4508.730413255212,2902,1005,1954
4509.967064665903,4509.717064665903,4510.217064665903,1421,1992,1707
4510.432762959948,4510.307762959948,4510.557762959948,1440,977,1209
4509.402210572725,4509.277210572725,4509.527210572725,941,2200,1571
4513.025483284824,4512.900483284824,4513.150483284824,552,1475,1014
4509.475462399646,4509.225462399646,4509.725462399646,1690,1037,1364
4514.984984773642,4514.859984773642,4515.109984773642,2158,881,1520
4512.303638815498,4512.053638815498,4512.553638815498,675,1966,1321
4505.840353549944,4505.465353549944,4506.215353549944,1311,526,919
4503.650139615097,4503.400139615097,4503.900139615097,882,2269,1576
4506.730383524883,4506.605383524883,4506.855383524883,1198,1989,1594
4505.809501039756,4505.559501039756,4506.059501039756,2043,1314,1679
4510.945471389736,4510.820471389736,4511.070471389736,2315,918,1617
4512.252989936346,4512.002989936346,4512.502989936346,1441,1796,1619
4518.191764600148,4517.941764600148,4518.441764600148,824,2331,1578
4519.755149741768,4519.505149741768,4520.005149741768,1387,1290,1339
4518.973325229721,4518.848325229721,4519.098325229721,965,1626,1296
4509.775659086622,4509.525659086622,4510.025659086622,2507,1348,1928
4510.918153944138,4510.793153944138,4511.043153944138,1604,1485,1545
4509.275681298168,4509.150681298168,4509.400681298168,1151,452,802
4506.459486464022,4506.334486464022,4506.584486464022,1500,841,1171
4503.853226012527,4503.603226012527,4504.103226012527,1096,851,974
4514.465515313056,4514.215515313056,4514.715515313056,1063,2176,1620
4515.75228197307,4515.62728197307,4515.87728197307,1071,844,958
4515.240114551251,4515.115114551251,4515.365114551251,604,1719,1162
4525.599105511511,4525.474105511511,4525.724105511511,1302,1171,1237
4531.005595736594,4530.755595736594,4531.255595736594,881,1332,1107
4529.3124435641275,4529.0624435641275,4529.5624435641275,1139,904,1022
4525.111575208397,4524.986575208397,4525.236575208397,1765,650,1208
4523.133157293064,4523.008157293064,4523.258157293064,1425,2014,1720
4523.5934610672975,4523.4684610672975,4523.7184610672975,1894,727,1311
4518.742597403946,4518.617597403946,4518.867597403946,807,1096,952
4522.237586233375,4522.112586233375,4522.362586233375,2372,1463,1918
4520.178396046292,4519.928396046292,4520.428396046292,1880,1665,1773
4526.807183535947,4526.682183535947,4526.932183535947,837,1306,1072
4530.057562950218,4529.932562950218,4530.182562950218,1692,2149,1921
4530.228125026035,4530.103125026035,4530.353125026035,920,1855,1388
4532.079334568788,4531.954334568788,4532.204334568788,893,1092,993
4524.489439377964,4524.239439377964,4524.739439377964,1218,1331,1275
4526.500526356733,4526.125526356733,4526.875526356733,2231,1518,1875
4527.928466887203,4527.803466887203,4528.053466887203,887,1496,1192
4529.671223948097,4529.546223948097,4529.796223948097,481,1382,932
4535.1070010897765,4534.9820010897765,4535.2320010897765,1710,1899,1805
4538.100198095106,4537.850198095106,4538.350198095106,1482,1927,1705
4540.589825128577,4540.464825128577,4540.714825128577,2569,1240,1905
4538.283360486271,4538.158360486271,4538.408360486271,1612,1603,1608
4534.899760889571,4534.774760889571,4535.024760889571,2432,1555,1994
4532.737592550241,4532.612592550241,4532.862592550241,949,2136,1543
4531.4654592481365,4531.3404592481365,4531.5904592481365,2289,1124,1707
4529.2587041910565,4528.8837041910565,4529.6337041910565,689,1094,892
4530.733043554132,4530.608043554132,4530.858043554132,2405,1006,1706
4524.477185372286,4524.352185372286,4524.602185372286,2119,1840,1980
4526.101228055277,4525.976228055277,4526.226228055277,1913,996,1455
4523.889143707196,4523.639143707196,4524.139143707196,940,1223,1082
4521.989629419447,4521.864629419447,4522.114629419447,717,2140,1429
4521.940160286445,4521.815160286445,4522.065160286445,1103,816,960
4514.696437135225,4514.571437135225,4514.821437135225,2000,1477,1739
4515.138941196714,4515.013941196714,4515.263941196714,1451,1052,1252
4511.062500392021,4510.812500392021,4511.312500392021,1627,812,1220
4508.147381638922,4507.772381638922,4508.522381638922,644,1291,968
4508.819508682814,4508.694508682814,4508.944508682814,980,923,952
4513.993422785236,4513.868422785236,4514.118422785236,1769,754,1262
4505.940896740949,4505.815896740949,4506.065896740949,2295,976,1636
4507.482665161112,4507.357665161112,4507.607665161112,416,1225,821
4504.313928952037,4504.188928952037,4504.438928952037,691,1244,968
4502.55876978505,4502.30876978505,4502.80876978505,835,1620,1228
4500.243872203844,4500.118872203844,4500.368872203844,2361,1008,1685
4500.426296111412,4500.301296111412,4500.551296111412,1142,1501,1322
4499.709944904773,4499.584944904773,4499.834944904773,1800,959,1380
4499.331446582594,4499.206446582594,4499.456446582594,2505,1098,1802
4491.0632211829325,4490.9382211829325,4491.1882211829325,2322,991,1657
4487.775951865525,4487.650951865525,4487.900951865525,1261,1406,1334
4491.599618589656,4491.474618589656,4491.724618589656,1357,1344,1351
4491.191293051585,4490.941293051585,4491.441293051585,1378,1203,1291
4491.97591401337,4491.85091401337,4492.10091401337,676,1317,997
4488.171808573169,4487.796808573169,4488.546808573169,1740,767,1254
4488.41278595026,4488.28778595026,4488.53778595026,590,1267,929
4488.175162706942,4488.050162706942,4488.300162706942,1105,2246,1676
4493.146063784021,4493.021063784021,4493.271063784021,1264,1169,1217
4488.544747936181,4488.169747936181,4488.919747936181,973,2378,1676
4490.976962764234,4490.726962764234,4491.226962764234,1535,1866,1701
4492.663600315718,4492.413600315718,4492.913600315718,2420,967,1694
4489.566384695564,4489.316384695564,4489.816384695564,2093,718,1406
4488.4138095606795,4488.1638095606795,4488.6638095606795,1328,1041,1185
4494.378984708019,4494.253984708019,4494.503984708019,734,961,848
4498.192487481727,4498.067487481727,4498.317487481727,858,859,859
4497.508751484486,4497.383751484486,4497.633751484486,1276,1907,1592
4499.313250997505,4499.188250997505,4499.438250997505,1104,2623,1864
4500.672197400997,4500.547197400997,4500.797197400997,1638,1359,1499
4505.190925899119,4505.065925899119,4505.315925899119,497,1248,873
4504.245239164838,4504.120239164838,4504.370239164838,2142,1051,1597
4504.949395575369,4504.699395575369,4505.199395575369,2300,1129,1715
4504.14197677248,4503.89197677248,4504.39197677248,746,1313,1030
4506.207050196576,4506.082050196576,4506.332050196576,1816,937,1377
4505.149842846576,4505.024842846576,4505.274842846576,1885,1408,1647
4501.456858604108,4501.331858604108,4501.581858604108,2461,956,1709
4499.226865994376,4498.976865994376,4499.476865994376,819,1820,1320
4493.418878415951,4493.168878415951,4493.668878415951,1232,1957,1595
4496.035385263213,4495.910385263213,4496.160385263213,1267,1936,1602
4494.88071001862,4494.63071001862,4495.13071001862,1290,2189,1740
4495.691441723404,4495.316441723404,4496.066441723404,1863,730,1297
4494.936870819467,4494.811870819467,4495.061870819467,1562,1027,1295
4497.729833037523,4497.604833037523,4497.854833037523,851,1516,1184
4492.867219272908,4492.742219272908,4492.992219272908,952,1571,1262
4493.78330414342,4493.53330414342,4494.03330414342,1023,1320,1172
4488.511597364466,4488.386597364466,4488.636597364466,478,1257,868
4493.282406053643,4493.032406053643,4493.532406053643,1334,1935,1635
4495.649200631054,4495.399200631054,4495.899200631054,1073,2620,1847
4495.053547833755,4494.803547833755,4495.303547833755,701,1418,1060
4494.580016322756,4494.455016322756,4494.705016322756,550,1051,801
4490.4295434205505,4490.3045434205505,4490.5545434205505,1006,2283,1645
4492.978124687119,4492.603124687119,4493.353124687119,964,2745,1855
4490.9883406741465,4490.6133406741465,4491.3633406741465,1513,760,1137
4483.6608742282715,4483.4108742282715,4483.9108742282715,2090,1013,1552
4482.543072326713,4482.418072326713,4482.668072326713,453,1332,893
4483.354772800144,4482.979772800144,4483.729772800144,2253,1670,1962
4486.2136489738905,4486.0886489738905,4486.3386489738905,2359,1550,1955
4487.738628774313,4487.613628774313,4487.863628774313,745,1494,1120
4488.667450434,4488.542450434,4488.792450434,1676,579,1128
4489.022380354646,4488.897380354646,4489.147380354646,775,1878,1327
4486.87585237787,4486.50085237787,4487.25085237787,730,1277,1004
4486.483699487417,4486.358699487417,4486.608699487417,791,932,862
4489.300205507537,4489.175205507537,4489.425205507537,1184,1951,1568
4495.590740286753,4495.465740286753,4495.715740286753,1071,712,892
4496.793997490507,4496.668997490507,4496.918997490507,1566,1279,1423
4498.075979031018,4497.950979031018,4498.200979031018,1280,1049,1165
4500.609716790247,4500.484716790247,4500.734716790247,1057,924,991
4500.509077217092,4500.384077217092,4500.634077217092,2459,906,1683
4500.9460801855,4500.6960801855,4501.1960801855,1220,965,1093
4494.706052040844,4494.581052040844,4494.831052040844,2234,819,1527
4499.259535918599,4499.009535918599,4499.509535918599,2211,1704,1958
4497.278742373943,4497.028742373943,4497.528742373943,1297,1054,1176
4494.308351322011,4494.058351322011,4494.558351322011,1257,1188,1223
4494.3004020989565,4494.1754020989565,4494.4254020989565,802,2201,1502
4498.61597985486,4498.24097985486,4498.99097985486,1000,1185,1093
4497.833973901053,4497.708973901053,4497.958973901053,1597,1308,1453
4495.780648879144,4495.655648879144,4495.905648879144,1170,667,919
4494.787799054951,4494.662799054951,4494.912799054951,1490,1587,1539
4495.094523210255,4494.969523210255,4495.219523210255,2825,1168,1997
4484.714677845652,4484.589677845652,4484.839677845652,693,1438,1066
4489.37114174662,4489.12114174662,4489.62114174662,2879,964,1922
4489.371359691538,4489.246359691538,4489.496359691538,1576,1329,1453
4484.8771528573,4484.7521528573,4485.0021528573,1975,836,1406
4484.007660497273,4483.757660497273,4484.257660497273,2870,1005,1938
4479.021640800545,4478.771640800545,4479.271640800545,1097,1320,1209
4481.527461469161,4481.402461469161,4481.652461469161,2114,1693,1904
4481.394151868978,4481.019151868978,4481.769151868978,664,1467,1066
4480.3535544493325,4480.2285544493325,4480.4785544493325,552,1365,959
4482.751721552312,4482.501721552312,4483.001721552312,2352,1261,1807
4483.901340205644,4483.776340205644,4484.026340205644,1770,2153,1962
4487.143935471457,4487.018935471457,4487.268935471457,584,1471,1028
4487.434229336626,4487.184229336626,4487.684229336626,743,2082,1413
4485.20511719047,4485.08011719047,4485.33011719047,1080,2887,1984
4484.85191959223,4484.60191959223,4485.10191959223,937,1740,1339
4481.841489472585,4481.591489472585,4482.091489472585,2414,1477,1946
4478.550794907569,4478.425794907569,4478.675794907569,1360,1071,1216
4472.774707297039,4472.524707297039,4473.024707297039,1584,1765,1675
4474.395708453111,4474.270708453111,4474.520708453111,550,1389,970
4475.464239591865,4475.214239591865,4475.714239591865,641,1062,852
4473.0125101028425,4472.7625101028425,4473.2625101028425,777,1130,954
4473.479643180193,4473.229643180193,4473.729643180193,873,1502,1188
4478.593938561411,4478.468938561411,4478.718938561411,1458,733,1096
4478.681926867056,4478.431926867056,4478.931926867056,1649,1042,1346
4476.48970331136,4476.23970331136,4476.73970331136,1358,1301,1330
4470.9598817105625,4470.7098817105625,4471.2098817105625,2248,1411,1830
4473.469921443429,4473.344921443429,4473.594921443429,566,1521,1044
4472.7391467215575,4472.4891467215575,4472.9891467215575,899,2622,1761
4474.747512428811,4474.622512428811,4474.872512428811,2075,1718,1897
4474.671756201838,4474.296756201838,4475.046756201838,1555,1432,1494
4477.466109291808,4477.341109291808,4477.591109291808,1116,2431,1774
4475.704040615834,4475.454040615834,4475.954040615834,1032,2399,1716
4475.285838557912,4475.035838557912,4475.535838557912,1301,2394,1848
4484.858663368955,4484.733663368955,4484.983663368955,605,1298,952
4481.4623539839395,4481.3373539839395,4481.5873539839395,2215,1626,1921
4481.6143266570025,4481.3643266570025,4481.8643266570025,954,1051,1003
4481.489302051694,4481.364302051694,4481.614302051694,586,1139,863
4479.400049473013,4479.025049473013,4479.775049473013,2539,1172,1856
4480.0178300175285,4479.8928300175285,4480.1428300175285,1322,1929,1626
4475.581636548209,4475.456636548209,4475.706636548209,1485,752,1119
4477.72620075776,4477.60120075776,4477.85120075776,1740,1831,1786
4480.182889825596,4479.807889825596,4480.557889825596,599,1754,1177
4479.162624547883,4479.037624547883,4479.287624547883,647,1522,1085
4477.860624133018,4477.610624133018,4478.110624133018,1956,1059,1508
4481.586048130008,4481.461048130008,4481.711048130008,994,2587,1791
4488.140466926717,4487.765466926717,4488.515466926717,1677,906,1292
4488.820929753945,4488.695929753945,4488.945929753945,1268,2027,1648
4486.794270337112,4486.544270337112,4487.044270337112,1144,921,1033
4491.477039546853,4491.227039546853,4491.727039546853,802,1505,1154
4486.84043248107,4486.71543248107,4486.96543248107,1101,614,858
4485.700539947062,4485.575539947062,4485.825539947062,953,1620,1287
4484.724888242312,4484.599888242312,4484.849888242312,912,1519,1216
4479.726150342138,4479.601150342138,4479.851150342138,869,1144,1007
4478.616831688871,4478.366831688871,4478.866831688871,538,1107,823
4482.4710709602805,4482.3460709602805,4482.5960709602805,839,1974,1407
4483.3279826173075,4483.0779826173075,4483.5779826173075,1937,1312,1625
4485.751326877923,4485.626326877923,4485.876326877923,2715,1176,1946
4487.573105994518,4487.448105994518,4487.698105994518,1831,1232,1532
4493.296052253245,4493.046052253245,4493.546052253245,2455,1292,1874
4496.375908981567,4496.125908981567,4496.625908981567,665,1370,1018
4492.9104312692425,4492.5354312692425,4493.2854312692425,613,1766,1190
4490.83510362323,4490.71010362323,4490.96010362323,604,1063,834
4495.282590882175,4495.157590882175,4495.407590882175,1494,917,1206
4496.158319526042,4495.783319526042,4496.533319526042,1456,1625,1541
4497.471219125454,4497.346219125454,4497.596219125454,2018,777,1398
4495.943948592898,4495.818948592898,4496.068948592898,1559,1406,1483
4496.416994035754,4496.166994035754,4496.666994035754,1361,514,938
4495.926294018245,4495.801294018245,4496.051294018245,2008,1943,1976
4501.400683676647,4501.275683676647,4501.525683676647,2251,1472,1862
4501.5698147953835,4501.3198147953835,4501.8198147953835,2059,898,1479
4502.99789825377,4502.74789825377,4503.24789825377,1444,2361,1903
4506.95867276156,4506.83367276156,4507.08367276156,1626,1747,1687
4508.25497563844,4508.12997563844,4508.37997563844,1556,891,1224
4512.756250078376,4512.506250078376,4513.006250078376,2280,1401,1841
4515.170685986345,4515.045685986345,4515.295685986345,872,1153,1013
4511.770088094937,4511.645088094937,4511.895088094937,794,1397,1096
4512.148484188967,4512.023484188967,4512.273484188967,1227,1434,1331
4515.740251447047,4515.615251447047,4515.865251447047,1600,725,1163
4517.33222332336,4517.20722332336,4517.45722332336,1062,783,923
4509.576168806599,4509.326168806599,4509.826168806599,754,1149,952
4507.551563976092,4507.301563976092,4507.801563976092,914,747,831
4507.321603529039,4507.196603529039,4507.446603529039,1411,1992,1702
4506.352538293462,4506.227538293462,4506.477538293462,1566,863,1215
4506.228351048318,4505.853351048318,4506.603351048318,1804,1465,1635
4513.244209399677,4513.119209399677,4513.369209399677,1944,1767,1856
4511.215653691799,4511.090653691799,4511.340653691799,735,1494,1115
4506.800953308877,4506.675953308877,4506.925953308877,750,1133,942
4510.6639713077075,4510.5389713077075,4510.7889713077075,1015,1140,1078
4513.547080035963,4513.422080035963,4513.672080035963,983,918,951
4516.511113028595,4516.261113028595,4516.761113028595,2535,1202,1869
4514.977953399934,4514.602953399934,4515.352953399934,2312,1243,1778
4513.3263648347265,4513.2013648347265,4513.4513648347265,1023,1244,1134
4514.11227454163,4513.98727454163,4514.23727454163,607,1470,1039
4521.202759223751,4520.827759223751,4521.577759223751,1158,915,1037
4523.0077423961675,4522.7577423961675,4523.2577423961675,1823,732,1278
4522.643277312535,4522.393277312535,4522.893277312535,1439,1042,1241
4522.1608442819925,4521.9108442819925,4522.4108442819925,1677,1626,1652
4520.394549618799,4520.144549618799,4520.644549618799,1018,2789,1904
4522.867324893957,4522.617324893957,4523.117324893957,894,713,804
4523.284525473802,4523.034525473802,4523.534525473802,1450,2047,1749
4516.20076254355,4515.82576254355,4516.57576254355,1735,1484,1610
4518.428477456946,4518.178477456946,4518.678477456946,1942,1979,1961
4516.413913625426,4516.288913625426,4516.538913625426,1808,1033,1421
4510.972052252093,4510.722052252093,4511.222052252093,583,1330,957
4510.8763701292455,4510.6263701292455,4511.1263701292455,1408,1811,1610
4514.756606893089,4514.631606893089,4514.881606893089,1311,876,1094
4517.207179675301,4517.082179675301,4517.332179675301,777,1172,975
4514.442094519126,4514.317094519126,4514.567094519126,1173,1316,1245
4512.932173387098,4512.807173387098,4513.057173387098,1094,1969,1532
4509.342070227277,4509.217070227277,4509.467070227277,1972,1175,1574
4510.2405470164695,4510.1155470164695,4510.3655470164695,1079,614,847
4510.394459341775,4510.019459341775,4510.769459341775,1531,2094,1813
4515.238587472559,4515.113587472559,4515.363587472559,1976,811,1394
4516.17099215703,4516.04599215703,4516.29599215703,601,1608,1105
4513.310106109364,4513.060106109364,4513.560106109364,1369,956,1163
4516.60526561146,4516.48026561146,4516.73026561146,1236,1229,1233
4519.511330446987,4519.261330446987,4519.761330446987,784,1393,1089
4521.700702588457,4521.575702588457,4521.825702588457,1238,1373,1306
4522.284781190369,4522.159781190369,4522.409781190369,1517,1962,1740
4524.45150130619,4524.20150130619,4524.70150130619,1237,936,1087
4528.7805532301,4528.5305532301,4529.0305532301,825,1694,1260
4527.283768107107,4527.158768107107,4527.408768107107,746,1339,1043
4532.228956448085,4531.978956448085,4532.478956448085,422,1179,801
4527.705368542457,4527.580368542457,4527.830368542457,2386,1063,1725
4519.323516679375,4519.198516679375,4519.448516679375,799,1362,1081
4519.254028819275,4519.129028819275,4519.379028819275,1223,900,1062
4522.637936157628,4522.512936157628,4522.762936157628,2443,1554,1999
4521.5532815227125,4521.4282815227125,4521.6782815227125,1012,913,963
4515.826972976027,4515.701972976027,4515.951972976027,1200,1651,1426
4520.612779026094,4520.487779026094,4520.737779026094,1993,1676,1835
4524.495977686202,4524.120977686202,4524.870977686202,771,1160,966
4526.083860053547,4525.708860053547,4526.458860053547,1337,740,1039
4528.433805366718,4528.308805366718,4528.558805366718,953,1224,1089
4523.031264902964,4522.906264902964,4523.156264902964,1229,818,1024
4524.441818557219,4524.066818557219,4524.816818557219,2423,1550,1987
4528.298947284072,4528.048947284072,4528.548947284072,1159,1580,1370
4527.0035759208695,4526.6285759208695,4527.3785759208695,1747,810,1279
4523.283225748866,4523.158225748866,4523.408225748866,2528,1183,1856
4521.853166774311,4521.603166774311,4522.103166774311,1524,1617,1571
4524.104081542427,4523.979081542427,4524.229081542427,1142,571,857
4526.366850635959,4526.116850635959,4526.616850635959,1664,1183,1424
4519.938205671615,4519.688205671615,4520.188205671615,887,1606,1247
4523.835664438837,4523.710664438837,4523.960664438837,2008,991,1500
4528.034573156187,4527.909573156187,4528.159573156187,774,1497,1136
4528.641321986712,4528.391321986712,4528.891321986712,888,1127,1008
4531.545699528498,4531.420699528498,4531.670699528498,1852,1009,1431
4530.118671267227,4529.993671267227,4530.243671267227,607,1134,871
4536.821614159166,4536.696614159166,4536.946614159166,1616,927,1272
4540.34915113425,4540.22415113425,4540.47415113425,1324,1721,1523
4543.142831785138,4543.017831785138,4543.267831785138,1684,1009,1347
4537.413526755018,4537.163526755018,4537.663526755018,656,1703,1180
4536.966954652354,4536.716954652354,4537.216954652354,1237,730,984
4539.7494182908995,4539.6244182908995,4539.8744182908995,744,1279,1012
4542.104360523024,4541.979360523024,4542.229360523024,1000,973,987
4540.923711249459,4540.798711249459,4541.048711249459,832,1885,1359
4541.633958777676,4541.258958777676,4542.008958777676,1074,2221,1648
4544.5224713874695,4544.2724713874695,4544.7724713874695,1345,2366,1856
4542.916914247939,4542.791914247939,4543.041914247939,1195,1124,1160
4548.62014413504,4548.24514413504,4548.99514413504,1725,1272,1499
4544.354830269082,4544.229830269082,4544.479830269082,1948,1131,1540
4541.519951661602,4541.144951661602,4541.894951661602,470,1305,888
4542.921065877272,4542.671065877272,4543.171065877272,1252,711,982
4543.164984620487,4543.039984620487,4543.289984620487,1580,741,1161
4541.8689147375435,4541.7439147375435,4541.9939147375435,1566,1401,1484
4541.949148420572,4541.824148420572,4542.074148420572,1882,867,1375
4540.527128459438,4540.402128459438,4540.652128459438,1697,1860,1779
4541.01340923059,4540.88840923059,4541.13840923059,1891,828,1360
4541.524828434656,4541.399828434656,4541.649828434656,2101,1126,1614
4534.150524688941,4534.025524688941,4534.275524688941,1102,1019,1061
4530.2125391423515,4530.0875391423515,4530.3375391423515,1949,796,1373
4531.616185717311,4531.491185717311,4531.741185717311,663,1700,1182
4534.839876956033,4534.714876956033,4534.964876956033,961,1006,984
4536.237435894212,4535.987435894212,4536.487435894212,1487,1340,1414
4528.9432340486255,4528.8182340486255,4529.0682340486255,2206,1461,1834
4535.143827735105,4535.018827735105,4535.268827735105,1638,865,1252
4536.152898994813,4535.902898994813,4536.402898994813,2760,967,1864
4535.649929437825,4535.524929437825,4535.774929437825,1843,1178,1511
4529.992979059292,4529.867979059292,4530.117979059292,1279,2600,1940
4532.980835440169,4532.605835440169,4533.355835440169,608,1805,1207
4532.804812624886,4532.554812624886,4533.054812624886,2358,1333,1846
4533.15396795907,4532.90396795907,4533.40396795907,616,1295,956
4532.577671346736,4532.452671346736,4532.702671346736,1367,1512,1440
4529.6845278015035,4529.5595278015035,4529.8095278015035,956,1281,1119
4531.385961788634,4531.010961788634,4531.760961788634,1279,1852,1566
4532.132913834167,4531.882913834167,4532.382913834167,1980,1051,1516
4535.79484223411,4535.54484223411,4536.04484223411,2109,828,1469
4540.903412794984,4540.778412794984,4541.028412794984,1620,613,1117
4538.783435662959,4538.658435662959,4538.908435662959,1322,835,1079
4533.250717589858,4533.000717589858,4533.500717589858,1299,2342,1821
4534.0104512282605,4533.8854512282605,4534.1354512282605,2077,770,1424
4525.816718415508,4525.691718415508,4525.941718415508,1194,1617,1406
4524.985014853729,4524.735014853729,4525.235014853729,1080,647,864
4531.896580082255,4531.771580082255,4532.021580082255,1146,651,899
4533.772753437565,4533.522753437565,4534.022753437565,892,1771,1332
4532.818477565003,4532.693477565003,4532.943477565003,1972,1989,1981
4531.292479979172,4531.167479979172,4531.417479979172,1139,788,964
4539.381689809719,4539.256689809719,4539.506689809719,758,1171,965
4547.813283894342,4547.688283894342,4547.938283894342,858,1967,1413
4548.659484542702,4548.409484542702,4548.909484542702,1072,2231,1652
4546.7279221048075,4546.6029221048075,4546.8529221048075,1279,2170,1725
4548.816070684183,4548.566070684183,4549.066070684183,2039,974,1507
4550.498127530487,4550.373127530487,4550.623127530487,1262,513,888
4553.9536175657595,4553.7036175657595,4554.2036175657595,2557,1004,1781
4545.465118882837,4545.340118882837,4545.590118882837,2202,1025,1614
4539.108246247719,4538.983246247719,4539.233246247719,1663,2332,1998
4539.262412146533,4539.137412146533,4539.387412146533,1043,2044,1544
4543.209983388619,4543.084983388619,4543.334983388619,746,1867,1307
4544.592884291216,4544.467884291216,4544.717884291216,1166,1397,1282
4553.624035242427,4553.499035242427,4553.749035242427,543,1362,953
4552.626253493556,4552.501253493556,4552.751253493556,1357,994,1176
4551.89782644897,4551.77282644897,4552.02282644897,1328,1513,1421
4552.581027369701,4552.331027369701,4552.831027369701,793,1016,905
4550.92940134027,4550.80440134027,4551.05440134027,2025,682,1354
4558.561308380263,4558.436308380263,4558.686308380263,1340,781,1061
4558.22648604106,4557.97648604106,4558.47648604106,2830,1157,1994
4558.945307802828,4558.820307802828,4559.070307802828,548,1627,1088
4557.074362540928,4556.699362540928,4557.449362540928,1201,1102,1152
4558.077494835321,4557.827494835321,4558.327494835321,655,1144,900
4551.963705768109,4551.838705768109,4552.088705768109,2446,1357,1902
4559.539770905496,4559.414770905496,4559.664770905496,752,1557,1155
4561.862655635,4561.487655635,4562.237655635,1078,2677,1878
4556.325970594804,4556.200970594804,4556.450970594804,986,813,900
4554.1004053576835,4553.9754053576835,4554.2254053576835,2130,1421,1776
4557.2202061229855,4557.0952061229855,4557.3452061229855,2335,1040,1688
4548.73681774358,4548.61181774358,4548.86181774358,1584,931,1258
4550.640982965063,4550.390982965063,4550.890982965063,1023,1640,1332
4552.688147671552,4552.438147671552,4552.938147671552,1360,1339,1350
4559.641708090109,4559.516708090109,4559.766708090109,1071,1956,1514
4558.177942454164,4558.052942454164,4558.302942454164,513,1136,825
4559.408698280238,4559.158698280238,4559.658698280238,670,1267,969
4559.421885444502,4559.171885444502,4559.671885444502,1254,1627,1441
4552.436217291734,4552.186217291734,4552.686217291734,1369,1074,1222
4557.311651491432,4557.186651491432,4557.436651491432,1247,1902,1575
4556.744913770961,4556.369913770961,4557.119913770961,637,1598,1118
4552.584011062409,4552.459011062409,4552.709011062409,2098,1327,1713
4561.691757514849,4561.566757514849,4561.816757514849,1915,850,1383
4562.81851323462,4562.69351323462,4562.94351323462,2298,883,1591
4559.804432793532,4559.554432793532,4560.054432793532,876,749,813
4554.407888033147,4554.157888033147,4554.657888033147,1072,2129,1601
4560.919776639669,4560.794776639669,4561.044776639669,873,796,835
4560.853917083483,4560.603917083483,4561.103917083483,2052,865,1459
4564.4420839091545,4564.3170839091545,4564.5670839091545,1860,1685,1773
4562.564296401841,4562.314296401841,4562.814296401841,486,1145,816
4555.561612865828,4555.436612865828,4555.686612865828,1291,1684,1488
4553.9226190367,4553.7976190367,4554.0476190367,680,1017,849
4551.959304852665,4551.834304852665,4552.084304852665,1311,600,956
4555.045192619256,4554.920192619256,4555.170192619256,1216,897,1057
4558.254723249763,4558.129723249763,4558.379723249763,1157,1314,1236
4547.259518608034,4547.009518608034,4547.509518608034,957,1486,1222
4542.863233732513,4542.738233732513,4542.988233732513,637,1536,1087
4539.924008686759,4539.799008686759,4540.049008686759,1816,899,1358
4547.459072038171,4547.209072038171,4547.709072038171,1194,539,867
4550.614191313448,4550.364191313448,4550.864191313448,1172,1609,1391
4551.055685293799,4550.805685293799,4551.305685293799,2693,1128,1911
4556.516948260649,4556.391948260649,4556.641948260649,1101,2402,1752
4557.793179614477,4557.543179614477,4558.043179614477,2456,977,1717
4565.092784155463,4564.842784155463,4565.342784155463,1990,1017,1504
4574.3581429695,4574.1081429695,4574.6081429695,1903,1454,1679
4572.359168524921,4572.234168524921,4572.484168524921,1565,686,1126
4569.086452032353,4568.961452032353,4569.211452032353,2528,1231,1880
4562.227990187326,4562.102990187326,4562.352990187326,1453,856,1155
4563.049409177893,4562.799409177893,4563.299409177893,1011,1068,1040
4564.514693934605,4564.389693934605,4564.639693934605,1062,2341,1702
4561.236100899402,4560.861100899402,4561.611100899402,1013,1002,1008
4562.66490844005,4562.53990844005,4562.78990844005,1119,602,861
4565.73772828477,4565.61272828477,4565.86272828477,1591,1264,1428
4573.158896511725,4573.033896511725,4573.283896511725,1508,569,1039
4577.32396023784,4576.94896023784,4577.69896023784,1978,1715,1847
4584.053161230151,4583.928161230151,4584.178161230151,1107,566,837
4582.943654292081,4582.818654292081,4583.068654292081,1354,515,935
4575.776237726876,4575.651237726876,4575.901237726876,982,1395,1189
4575.325410748545,4575.200410748545,4575.450410748545,1243,1662,1453
4581.162640860728,4580.912640860728,4581.412640860728,2418,1299,1859
4582.273280365311,4582.023280365311,4582.523280365311,1536,1307,1422
4582.218021139383,4582.093021139383,4582.343021139383,721,1708,1215
4587.4050896960125,4587.2800896960125,4587.5300896960125,876,2175,1526
4597.184932548675,4597.059932548675,4597.309932548675,1549,1352,1451
4605.221122113214,4605.096122113214,4605.346122113214,1981,1880,1931
4599.961081922357,4599.836081922357,4600.086081922357,1559,2434,1997
4600.206701410755,4600.081701410755,4600.331701410755,2587,932,1760
4602.053188087188,4601.803188087188,4602.303188087188,1659,2112,1886
4602.153740598255,4601.903740598255,4602.403740598255,1527,1830,1679
4604.288136199003,4604.163136199003,4604.413136199003,975,1448,1212
4598.0458121822285,4597.9208121822285,4598.1708121822285,884,2087,1486
4603.199424969104,4602.949424969104,4603.449424969104,554,1557,1056
4602.175305591471,4602.050305591471,4602.300305591471,1012,1521,1267
4600.849424663442,4600.599424663442,4601.099424663442,650,1173,912
4597.533042847145,4597.283042847145,4597.783042847145,708,1295,1002
4606.950832712413,4606.825832712413,4607.075832712413,1225,1764,1495
4602.590197156062,4602.465197156062,4602.715197156062,1514,845,1180
4608.110949922555,4607.860949922555,4608.360949922555,2054,1771,1913
4606.989059262401,4606.739059262401,4607.239059262401,1841,2046,1944
4615.93139626128,4615.80639626128,4616.05639626128,2233,1204,1719
4608.636428528994,4608.261428528994,4609.011428528994,1596,1471,1534
4605.576423357659,4605.326423357659,4605.826423357659,1102,2753,1928
4609.709230179846,4609.584230179846,4609.834230179846,2675,996,1836
4612.292056152723,4612.167056152723,4612.417056152723,1945,2050,1998
4615.160894091504,4614.910894091504,4615.410894091504,1090,1237,1164
4615.625756465956,4615.375756465956,4615.875756465956,1651,1134,1393
4613.154595767645,4613.029595767645,4613.279595767645,813,1938,1376
4608.195175512991,4607.820175512991,4608.570175512991,757,1806,1282
4609.112737179012,4608.987737179012,4609.237737179012,2272,1339,1806
4621.074625771297,4620.949625771297,4621.199625771297,1523,958,1241
4619.314513947693,4619.064513947693,4619.564513947693,876,1899,1388
4624.878424704832,4624.753424704832,4625.003424704832,1210,1233,1222
4625.288757694357,4625.038757694357,4625.538757694357,597,1042,820
4625.288507676039,4625.163507676039,4625.413507676039,2170,1677,1924
4629.2720787556955,4628.8970787556955,4629.6470787556955,664,1513,1089
4635.514161752404,4635.389161752404,4635.639161752404,2362,1027,1695
4631.191555575933,4631.066555575933,4631.316555575933,1575,576,1076
4627.734041231397,4627.609041231397,4627.859041231397,458,1235,847
4632.558113297328,4632.433113297328,4632.683113297328,997,1698,1348
4638.671454201169,4638.546454201169,4638.796454201169,1575,628,1102
4634.963854035889,4634.713854035889,4635.213854035889,1029,1438,1234
4634.794127504034,4634.669127504034,4634.919127504034,1988,723,1356
4634.275163039592,4634.150163039592,4634.400163039592,566,1427,997
4635.469428921635,4635.344428921635,4635.594428921635,739,2180,1460
4628.737321871219,4628.487321871219,4628.987321871219,1821,2122,1972
4634.293661977524,4634.168661977524,4634.418661977524,963,1028,996
4629.95211559019,4629.82711559019,4630.07711559019,1021,900,961
4629.020429117197,4628.770429117197,4629.270429117197,1831,1428,1630
4632.1049315192595,4631.9799315192595,4632.2299315192595,2181,1084,1633
4631.780717597703,4631.530717597703,4632.030717597703,965,1202,1084
4637.95606162616,4637.70606162616,4638.20606162616,1230,1703,1467
4637.854878234651,4637.729878234651,4637.979878234651,935,794,865
4645.427090113531,4645.302090113531,4645.552090113531,715,2044,1380
4646.426359145728,4646.301359145728,4646.551359145728,2660,1093,1877
4643.107997588655,4642.982997588655,4643.232997588655,1157,2342,1750
4640.882666640086,4640.507666640086,4641.257666640086,1071,1196,1134
4641.1378564282395,4641.0128564282395,4641.2628564282395,958,1083,1021
4637.590356371666,4637.465356371666,4637.715356371666,1689,1258,1474
4639.259134686389,4639.134134686389,4639.384134686389,2758,967,1863
4644.7542322699,4644.5042322699,4645.0042322699,2755,1228,1992
4642.017748143935,4641.892748143935,4642.142748143935,1532,1007,1270
4644.010805711507,4643.885805711507,4644.135805711507,1335,1356,1346
4645.520176786613,4645.395176786613,4645.645176786613,828,1853,1341
4649.495366222171,4649.370366222171,4649.620366222171,1101,2534,1818
4655.350486149096,4655.225486149096,4655.475486149096,1686,779,1233
4649.303585550436,4648.928585550436,4649.678585550436,1880,2051,1966
4651.649172051849,4651.399172051849,4651.899172051849,651,1904,1278
4648.063892285246,4647.938892285246,4648.188892285246,1231,746,989
4647.686835339013,4647.561835339013,4647.811835339013,2528,1043,1786
4655.06220092533,4654.68720092533,4655.43720092533,1206,1405,1306
4657.791147918507,4657.666147918507,4657.916147918507,1454,2135,1795
4657.036365421868,4656.786365421868,4657.286365421868,660,965,813
4647.579525918297,4647.329525918297,4647.829525918297,1967,1482,1725
4656.761171360429,4656.511171360429,4657.011171360429,835,1502,1169
4655.47740215955,4655.35240215955,4655.60240215955,1066,1721,1394
4665.585558949456,4665.460558949456,4665.710558949456,1048,657,853
4660.449729599588,4660.324729599588,4660.574729599588,1357,1510,1434
4654.260418527283,4654.135418527283,4654.385418527283,1571,2300,1936
4649.5382284659245,4649.2882284659245,4649.7882284659245,1154,801,978
4638.831333517473,4638.706333517473,4638.956333517473,1305,606,956
4638.276818705051,4638.151818705051,4638.401818705051,1305,1620,1463
4643.372129027862,4643.122129027862,4643.622129027862,1499,1190,1345
4646.7876451091015,4646.5376451091015,4647.0376451091015,1840,1159,1500
4645.98384042831,4645.73384042831,4646.23384042831,2685,1094,1890
4648.899361303224,4648.774361303224,4649.024361303224,2229,968,1599
4646.346235544552,4645.971235544552,4646.721235544552,1699,752,1226
4648.706721093317,4648.456721093317,4648.956721093317,1406,2143,1775
4646.838444813899,4646.588444813899,4647.088444813899,1078,863,971
4644.5216560244935,4644.3966560244935,4644.6466560244935,1055,1026,1041
4642.860399999019,4642.735399999019,4642.985399999019,576,1577,1077
4649.3179866513665,4649.0679866513665,4649.5679866513665,1107,862,985
4644.6103264692965,4644.4853264692965,4644.7353264692965,1401,1414,1408
4642.840487786877,4642.715487786877,4642.965487786877,1651,1050,1351
4641.134598072386,4641.009598072386,4641.259598072386,2171,1336,1754
4641.918515698493,4641.668515698493,4642.168515698493,481,1152,817
4644.340174610361,4644.215174610361,4644.465174610361,724,1283,1004
4633.73177752547,4633.60677752547,4633.85677752547,757,1544,1151
4630.440218278594,4630.065218278594,4630.815218278594,1723,1140,1432
4627.69761809044,4627.57261809044,4627.82261809044,1967,1504,1736
4636.119437325926,4635.994437325926,4636.244437325926,2741,924,1833
4639.0371993077015,4638.7871993077015,4639.2871993077015,1053,748,901
4638.116830586798,4637.991830586798,4638.241830586798,1576,1277,1427
4640.597404207546,4640.347404207546,4640.847404207546,1237,1718,1478
4637.445815960777,4637.320815960777,4637.570815960777,1112,2437,1775
4642.650193649518,4642.525193649518,4642.775193649518,1107,2662,1885
4647.431004167021,4647.306004167021,4647.556004167021,679,1784,1232
4652.8548879069895,4652.6048879069895,4653.1048879069895,1616,2293,1955
4655.838513362867,4655.713513362867,4655.963513362867,944,1931,1438
4657.628332582085,4657.503332582085,4657.753332582085,742,1365,1054
4655.460322492081,4655.085322492081,4655.835322492081,897,852,875
4652.7505364587,4652.6255364587,4652.8755364587,545,1134,840
4645.498985809683,4645.248985809683,4645.748985809683,1442,751,1097
4649.949794556414,4649.824794556414,4650.074794556414,807,2212,1510
4655.9738082825825,4655.8488082825825,4656.0988082825825,1498,2187,1843
4660.9169338037755,4660.7919338037755,4661.0419338037755,484,1251,868
4661.927984115533,4661.552984115533,4662.302984115533,964,2777,1871
4663.126315296919,4663.001315296919,4663.251315296919,561,1606,1084
4667.613760709332,4667.488760709332,4667.738760709332,2877,962,1920
4666.135356035462,4666.010356035462,4666.260356035462,1796,1561,1679
4665.945230628186,4665.820230628186,4666.070230628186,569,1030,800
4665.0130077387585,4664.7630077387585,4665.2630077387585,2953,1018,1986
4663.837631493868,4663.712631493868,4663.962631493868,2171,1440,1806
4660.554989130588,4660.429989130588,4660.679989130588,2166,987,1577
4654.023821679963,4653.898821679963,4654.148821679963,1486,1951,1719
4650.196126739641,4650.071126739641,4650.321126739641,1738,1829,1784
4650.390848668008,4650.265848668008,4650.515848668008,848,2035,1442
4653.133782519229,4652.883782519229,4653.383782519229,1517,1304,1411
4650.477229971675,4650.227229971675,4650.727229971675,1215,1182,1199
4650.817879254847,4650.567879254847,4651.067879254847,1708,619,1164
4655.091204090872,4654.966204090872,4655.216204090872,1002,867,935
4656.068007963223,4655.818007963223,4656.318007963223,1280,1599,1440
4656.996729392933,4656.871729392933,4657.121729392933,847,2376,1612
4657.435431974486,4657.310431974486,4657.560431974486,2199,1234,1717
4657.173334971579,4657.048334971579,4657.298334971579,782,865,824
4654.4907095790595,4654.3657095790595,4654.6157095790595,1047,2466,1757
4655.85330475201,4655.72830475201,4655.97830475201,1477,868,1173
4658.8840041069625,4658.7590041069625,4659.0090041069625,1557,898,1228
4654.4780323598225,4654.2280323598225,4654.7280323598225,1138,2071,1605
4655.152459241875,4655.027459241875,4655.277459241875,1178,1203,1191
4657.325936575058,4657.200936575058,4657.450936575058,839,912,876
4658.416066357908,4658.291066357908,4658.541066357908,1322,1293,1308
4658.622929606888,4658.372929606888,4658.872929606888,514,1309,912
4653.550733834802,4653.425733834802,4653.675733834802,1858,1855,1857
4652.397689563884,4652.272689563884,4652.522689563884,819,1368,1094
4649.346806295034,4649.221806295034,4649.471806295034,514,1407,961
4649.028057525745,4648.903057525745,4649.153057525745,2297,1234,1766
4647.572544208105,4647.447544208105,4647.697544208105,2070,1613,1842
4645.7374249715485,4645.4874249715485,4645.9874249715485,1588,1067,1328
4650.5815536016535,4650.4565536016535,4650.7065536016535,857,896,877
4647.22184378735,4647.09684378735,4647.34684378735,2253,1288,1771
4650.354576275398,4650.229576275398,4650.479576275398,711,1182,947
4656.1821294734,4656.0571294734,4656.3071294734,738,1071,905
4655.766346089525,4655.391346089525,4656.141346089525,1568,1305,1437
4655.759520980385,4655.509520980385,4656.009520980385,2213,1168,1691
4660.02405609348,4659.89905609348,4660.14905609348,1426,553,990
4661.073873134534,4660.948873134534,4661.198873134534,2163,996,1580
4660.50080323193,4660.37580323193,4660.62580323193,1808,2087,1948
4663.094656124311,4662.969656124311,4663.219656124311,1252,1339,1296
4662.476933905158,4662.101933905158,4662.851933905158,1627,1936,1782
4659.441860008515,4659.066860008515,4659.816860008515,1351,2008,1680
4660.931913365659,4660.806913365659,4661.056913365659,1375,1788,1582
4666.97023741693,4666.84523741693,4667.09523741693,1036,2553,1795
4667.644433638749,4667.519433638749,4667.769433638749,547,1226,887
4668.078717899727,4667.953717899727,4668.203717899727,1806,1673,1740
4662.864538108804,4662.739538108804,4662.989538108804,2265,1106,1686
4655.96140856585,4655.71140856585,4656.21140856585,597,1292,945
4656.908051936438,4656.533051936438,4657.283051936438,911,1500,1206
4657.322580661053,4656.947580661053,4657.697580661053,2028,707,1368
4655.14002526966,4655.01502526966,4655.26502526966,1140,1301,1221
4654.930778462336,4654.805778462336,4655.055778462336,1859,2002,1931
4657.561869770835,4657.311869770835,4657.811869770835,1239,1362,1301
4656.460152290859,4656.210152290859,4656.710152290859,844,1435,1140
4659.070511268207,4658.820511268207,4659.320511268207,2555,1192,1874
4658.936397147832,4658.811397147832,4659.061397147832,2011,1338,1675
4655.774129641469,4655.649129641469,4655.899129641469,729,2066,1398
4660.624456939391,4660.374456939391,4660.874456939391,1622,1587,1605
4660.765981998674,4660.515981998674,4661.015981998674,1276,503,890
4659.957906567026,4659.832906567026,4660.082906567026,1880,1437,1659
4660.2593662596955,4660.1343662596955,4660.3843662596955,819,1980,1400
4659.966715979321,4659.841715979321,4660.091715979321,953,1664,1309
4659.577736279712,4659.452736279712,4659.702736279712,703,1748,1226
4656.253910664685,4656.003910664685,4656.503910664685,2049,1110,1580
4657.482313149629,4657.232313149629,4657.732313149629,1874,705,1290
4656.987727568828,4656.862727568828,4657.112727568828,1770,1727,1749
4653.535976434148,4653.160976434148,4653.910976434148,1446,959,1203
4655.227678009642,4655.102678009642,4655.352678009642,1324,1261,1293
4661.853998013003,4661.728998013003,4661.978998013003,534,1455,995
4661.1696813364215,4660.9196813364215,4661.4196813364215,692,1221,957
4665.011330081124,4664.886330081124,4665.136330081124,1264,525,895
4666.115317661509,4665.990317661509,4666.240317661509,917,910,914
4666.960111079167,4666.710111079167,4667.210111079167,1496,2377,1937
4668.2208416004905,4668.0958416004905,4668.3458416004905,1658,1691,1675
4666.5434784049285,4666.2934784049285,4666.7934784049285,2031,1296,1664
4668.844654562448,4668.594654562448,4669.094654562448,1820,751,1286
4665.79774475375,4665.67274475375,4665.92274475375,991,2490,1741
4665.205795217735,4664.955795217735,4665.455795217735,667,1054,861
4669.343915174143,4669.218915174143,4669.468915174143,1776,597,1187
4671.06229464991,4670.93729464991,4671.18729464991,455,1182,819
4669.333092642172,4668.958092642172,4669.708092642172,1606,1161,1384
4668.098836240514,4667.973836240514,4668.223836240514,2012,1867,1940
4670.399394759414,4670.274394759414,4670.524394759414,1696,1389,1543
4671.604472559387,4671.479472559387,4671.729472559387,1175,668,922
4671.969166024111,4671.844166024111,4672.094166024111,2579,956,1768
4681.062832726098,4680.937832726098,4681.187832726098,1796,803,1300
4683.258399871723,4683.133399871723,4683.383399871723,1065,862,964
4685.472604880426,4685.347604880426,4685.597604880426,1354,2067,1711
4683.691245358747,4683.566245358747,4683.816245358747,1217,780,999
4684.949222353764,4684.824222353764,4685.074222353764,2017,954,1486
4692.477735550004,4692.227735550004,4692.727735550004,1072,721,897
4691.751690912973,4691.376690912973,4692.126690912973,2016,1829,1923
4690.628691287937,4690.378691287937,4690.878691287937,947,1732,1340
4694.017410351041,4693.892410351041,4694.142410351041,2152,1301,1727
4691.2185334704955,4691.0935334704955,4691.3435334704955,860,2491,1676
4691.150945513838,4690.775945513838,4691.525945513838,1676,2197,1937
4690.602019197953,4690.477019197953,4690.727019197953,1109,1784,1447
4687.242050646702,4687.117050646702,4687.367050646702,1783,1220,1502
4679.98376070901,4679.85876070901,4680.10876070901,2819,940,1880
4681.513660256596,4681.388660256596,4681.638660256596,962,1781,1372
4684.708115283034,4684.583115283034,4684.833115283034,927,1894,1411
4686.832513245779,4686.582513245779,4687.082513245779,1794,1771,1783
4685.40051732218,4685.15051732218,4685.65051732218,858,1035,947
4685.228503453551,4685.103503453551,4685.353503453551,821,1702,1262
4686.356657687805,4686.231657687805,4686.481657687805,1587,1868,1728
4691.869891241344,4691.744891241344,4691.994891241344,1451,1628,1540
4688.085063914578,4687.710063914578,4688.460063914578,1282,1615,1449
4687.373251050706,4687.123251050706,4687.623251050706,1097,948,1023
4681.831998124813,4681.706998124813,4681.956998124813,882,1755,1319
4678.779178693546,4678.654178693546,4678.904178693546,993,2400,1697
4677.874771876094,4677.499771876094,4678.249771876094,1632,1485,1559
4677.33752684354,4677.08752684354,4677.58752684354,1329,2628,1979
4679.746793196349,4679.621793196349,4679.871793196349,1389,1318,1354
4679.324784501534,4679.199784501534,4679.449784501534,1218,597,908
4676.112360558174,4675.987360558174,4676.237360558174,886,919,903
4678.5621741459945,4678.4371741459945,4678.6871741459945,1018,1639,1329
4680.023914438092,4679.898914438092,4680.148914438092,865,1792,1329
4679.71406774949,4679.58906774949,4679.83906774949,2495,1372,1934
4681.494949238861,4681.369949238861,4681.619949238861,1108,1329,1219
4678.166374792238,4678.041374792238,4678.291374792238,2391,1554,1973
4682.127596439835,4682.002596439835,4682.252596439835,1234,1551,1393
4684.577516783662,4684.327516783662,4684.827516783662,2364,1565,1965
4681.257716020004,4681.007716020004,4681.507716020004,2263,1066,1665
4678.440060608957,4678.315060608957,4678.565060608957,678,1261,970
4677.071338562784,4676.946338562784,4677.196338562784,1202,1231,1217
4674.76148505094,4674.63648505094,4674.88648505094,1483,2228,1856
4674.326923444837,4674.201923444837,4674.451923444837,1467,1898,1683
4677.979208255391,4677.604208255391,4678.354208255391,2351,888,1620
4678.8326154233555,4678.7076154233555,4678.9576154233555,1415,2390,1903
4678.518518023989,4678.393518023989,4678.643518023989,1415,776,1096
4677.510767894539,4677.385767894539,4677.635767894539,1062,2105,1584
4676.920550025295,4676.795550025295,4677.045550025295,1829,934,1382
4672.992345034771,4672.867345034771,4673.117345034771,761,974,868
4672.250511496521,4672.000511496521,4672.500511496521,2104,1131,1618
4669.558466217084,4669.433466217084,4669.683466217084,523,1552,1038
4668.973806513217,4668.723806513217,4669.223806513217,1298,649,974
4664.661283570053,4664.411283570053,4664.911283570053,1750,703,1227
4660.327970706149,4659.952970706149,4660.702970706149,831,1936,1384
4655.336685184655,4655.211685184655,4655.461685184655,876,1065,971
4655.075421079261,4654.950421079261,4655.200421079261,2257,1032,1645
4660.743545977104,4660.368545977104,4661.118545977104,1288,759,1024
4657.439508291759,4657.064508291759,4657.814508291759,1373,668,1021
4651.824452986447,4651.699452986447,4651.949452986447,1139,1246,1193
4651.716587100294,4651.591587100294,4651.841587100294,1245,902,1074
4651.047535523132,4650.922535523132,4651.172535523132,1739,1008,1374
4653.508810842372,4653.383810842372,4653.633810842372,1404,1477,1441
4647.696344060683,4647.571344060683,4647.821344060683,1109,2328,1719
4652.5696920385935,4652.3196920385935,4652.8196920385935,950,1117,1034
4655.479705275589,4655.354705275589,4655.604705275589,1457,1526,1492
4651.362165932834,4651.237165932834,4651.487165932834,1698,1999,1849
4652.417701305994,4652.042701305994,4652.792701305994,2331,1062,1697
4647.774806200878,4647.649806200878,4647.899806200878,1552,1709,1631
4651.366708076328,4651.241708076328,4651.491708076328,1639,2192,1916
4649.760278612538,4649.635278612538,4649.885278612538,736,1375,1056
4652.703934292545,4652.328934292545,4653.078934292545,2091,1158,1625
4650.635212690363,4650.510212690363,4650.760212690363,430,1247,839
4649.7249341553725,4649.4749341553725,4649.9749341553725,1398,1901,1650
4657.186581091486,4657.061581091486,4657.311581091486,1823,1228,1526
4659.802082508513,4659.677082508513,4659.927082508513,1222,1837,1530
4663.67122648758,4663.54622648758,4663.79622648758,1627,1312,1470
4659.683856549803,4659.433856549803,4659.933856549803,2552,1321,1937
4662.857933043827,4662.732933043827,4662.982933043827,1357,2252,1805
4662.457438796477,4662.332438796477,4662.582438796477,2412,1135,1774
4665.9124838518055,4665.6624838518055,4666.1624838518055,2364,983,1674
4665.518327969521,4665.268327969521,4665.768327969521,1386,819,1103
4661.28540356084,4661.16040356084,4661.41040356084,2068,835,1452
4659.885511474482,4659.635511474482,4660.135511474482,867,972,920
4661.386445433882,4661.136445433882,4661.636445433882,967,802,885
4659.768700715478,4659.643700715478,4659.893700715478,1565,1436,1501
4664.9420874464,4664.6920874464,4665.1920874464,1701,1782,1742
4666.855877183985,4666.730877183985,4666.980877183985,1472,1273,1373
4663.282620661163,4663.157620661163,4663.407620661163,2332,1463,1898
4665.9113090897445,4665.7863090897445,4666.0363090897445,2302,1665,1984
4664.031473944289,4663.906473944289,4664.156473944289,2460,937,1699
4659.410726390301,4659.285726390301,4659.535726390301,933,1680,1307
4659.106092476971,4658.981092476971,4659.231092476971,2227,1502,1865
4661.0630589777775,4660.6880589777775,4661.4380589777775,779,940,860
4661.9876208817095,4661.8626208817095,4662.1126208817095,847,1692,1270
4669.622282510031,4669.372282510031,4669.872282510031,1688,1277,1483
4666.304593372341,4666.179593372341,4666.429593372341,2410,931,1671
4664.42756028022,4664.17756028022,4664.67756028022,547,1130,839
4660.374086651663,4660.249086651663,4660.499086651663,1913,2000,1957
4666.21799645518,4665.96799645518,4666.46799645518,923,2538,1731
4662.853848632422,4662.603848632422,4663.103848632422,2088,895,1492
4663.139937384405,4663.014937384405,4663.264937384405,1391,1960,1676
4659.5116028292005,4659.2616028292005,4659.7616028292005,2582,1241,1912
4658.479981590084,4658.354981590084,4658.604981590084,1003,1124,1064
4659.2934936261945,4659.1684936261945,4659.4184936261945,974,939,957
4657.959326129689,4657.834326129689,4658.084326129689,1926,1761,1844
4654.989539899067,4654.864539899067,4655.114539899067,934,1195,1065
4658.753985002273,4658.628985002273,4658.878985002273,1284,597,941
4663.907971575624,4663.782971575624,4664.032971575624,1674,979,1327
4665.866584642353,4665.616584642353,4666.116584642353,1871,1592,1732
4667.8301753419055,4667.7051753419055,4667.9551753419055,1861,652,1257
4664.246118319454,4663.996118319454,4664.496118319454,484,1381,933
4667.337939922495,4667.212939922495,4667.462939922495,1202,1073,1138
4669.521727082529,4669.271727082529,4669.771727082529,1381,792,1087
4665.898400968693,4665.648400968693,4666.148400968693,708,929,819
4668.729208547005,4668.604208547005,4668.854208547005,2513,1464,1989
4669.191811029621,4669.066811029621,4669.316811029621,1905,1324,1615
4671.239356831438,4671.114356831438,4671.364356831438,961,1208,1085
4670.585280499763,4670.460280499763,4670.710280499763,1779,2198,1989
4669.540207631399,4669.415207631399,4669.665207631399,964,2379,1672
4668.589172057193,4668.214172057193,4668.964172057193,430,1193,812
4669.127031496443,4669.002031496443,4669.252031496443,1471,1720,1596
4669.263882099201,4669.013882099201,4669.513882099201,2036,695,1366
4667.6185661773525,4667.3685661773525,4667.8685661773525,1297,1282,1290
4667.981080324342,4667.731080324342,4668.231080324342,1023,2406,1715
4669.373394108085,4669.123394108085,4669.623394108085,727,1762,1245
4669.873223454896,4669.748223454896,4669.998223454896,1006,2413,1710
4669.771856435312,4669.646856435312,4669.896856435312,1302,781,1042
4667.738128740956,4667.363128740956,4668.113128740956,898,965,932
4667.626923169601,4667.501923169601,4667.751923169601,2203,1140,1672
4664.95270580758,4664.70270580758,4665.20270580758,498,1483,991
4665.816195337505,4665.691195337505,4665.941195337505,1538,1055,1297
4668.83686149077,4668.58686149077,4669.08686149077,1667,2276,1972
4666.093601918875,4665.843601918875,4666.343601918875,929,944,937
4666.89343668095,4666.76843668095,4667.01843668095,1346,1247,1297
4666.46146610788,4666.33646610788,4666.58646610788,789,948,869
4667.590447813271,4667.465447813271,4667.715447813271,1232,1953,1593
4664.787299899899,4664.662299899899,4664.912299899899,768,1077,923
4666.482168938334,4666.232168938334,4666.732168938334,1144,909,1027
4669.494909498284,4669.244909498284,4669.744909498284,850,1841,1346
4667.997668189269,4667.747668189269,4668.247668189269,1018,1995,1507
4670.689108919972,4670.439108919972,4670.939108919972,1789,1456,1623
4669.919794882747,4669.669794882747,4670.169794882747,2435,1298,1867
4672.057672565264,4671.682672565264,4672.432672565264,808,1411,1110
4670.151961537989,4669.901961537989,4670.401961537989,731,2188,1460
4670.038074070819,4669.913074070819,4670.163074070819,1588,647,1118
4672.896512010052,4672.771512010052,4673.021512010052,1919,1662,1791
4673.3794314316565,4673.2544314316565,4673.5044314316565,1522,1485,1504
4670.09551553396,4669.97051553396,4670.22051553396,1519,1796,1658
4668.604581016501,4668.354581016501,4668.854581016501,2499,878,1689
4668.7009628713695,4668.5759628713695,4668.8259628713695,1221,458,840
4670.941934142836,4670.691934142836,4671.191934142836,642,991,817
4673.665543555954,4673.415543555954,4673.915543555954,1026,1323,1175
4675.289213849906,4675.164213849906,4675.414213849906,1583,1896,1740
4677.209654209014,4676.959654209014,4677.459654209014,1822,1957,1890
4675.670586880879,4675.545586880879,4675.795586880879,1263,726,995
4676.015347965344,4675.890347965344,4676.140347965344,1567,1216,1392
4672.8045597137125,4672.6795597137125,4672.9295597137125,750,881,816
4673.011484058003,4672.761484058003,4673.261484058003,463,1136,800
4672.362936832085,4672.112936832085,4672.612936832085,1431,636,1034
4672.2023909507125,4672.0773909507125,4672.3273909507125,2225,746,1486
4673.613934272302,4673.488934272302,4673.738934272302,1312,613,963
4673.221266510598,4673.096266510598,4673.346266510598,1725,1578,1652
4671.090518235375,4670.965518235375,4671.215518235375,1340,1167,1254
4670.136085998581,4670.011085998581,4670.261085998581,893,2638,1766
4667.080173181011,4666.705173181011,4667.455173181011,1354,1189,1272
4667.056942304415,4666.931942304415,4667.181942304415,2547,984,1766
4667.204683892009,4667.079683892009,4667.329683892009,951,2292,1622
4668.69007937736,4668.56507937736,4668.81507937736,425,1210,818
4671.3598416669265,4671.1098416669265,4671.6098416669265,1097,1792,1445
4670.774647003577,4670.649647003577,4670.899647003577,1626,1057,1342
4669.510529297365,4669.385529297365,4669.635529297365,1268,701,985
4668.508087704679,4668.133087704679,4668.883087704679,1885,842,1364
4666.7291737647365,4666.3541737647365,4667.1041737647365,1537,1656,1597
4663.6914781722035,4663.3164781722035,4664.0664781722035,1004,1781,1393
4661.285249310201,4661.160249310201,4661.410249310201,1993,1606,1800
4661.930018335079,4661.805018335079,4662.055018335079,866,1681,1274
4661.98879729286,4661.73879729286,4662.23879729286,851,1446,1149
4660.172356568919,4660.047356568919,4660.297356568919,1514,1875,1695
4661.617388319149,4661.492388319149,4661.742388319149,2903,980,1942
4663.674125290674,4663.549125290674,4663.799125290674,1533,862,1198
4663.740496847298,4663.615496847298,4663.865496847298,1501,642,1072
4663.022015215881,4662.772015215881,4663.272015215881,644,1737,1191
4662.363016114427,4662.238016114427,4662.488016114427,888,1141,1015
4662.024171876355,4661.774171876355,4662.274171876355,765,1738,1252
4662.760191822317,4662.635191822317,4662.885191822317,1749,1436,1593
4664.00740071411,4663.75740071411,4664.25740071411,1043,710,877
4665.993775406559,4665.743775406559,4666.243775406559,1466,1521,1494
4666.480251192361,4666.355251192361,4666.605251192361,693,920,807
4665.338323452017,4665.213323452017,4665.463323452017,640,1175,908
4665.1704894712475,4664.9204894712475,4665.4204894712475,2105,1482,1794
4663.909970345823,4663.784970345823,4664.034970345823,1476,2427,1952
4665.928140518028,4665.678140518028,4666.178140518028,757,1344,1051
4667.262732004076,4667.012732004076,4667.512732004076,1338,1049,1194
4668.253888591805,4668.128888591805,4668.378888591805,2282,1281,1782
4667.5993489496495,4667.4743489496495,4667.7243489496495,889,1396,1143
4664.5282345583755,4664.2782345583755,4664.7782345583755,1326,1131,1229
4665.328274063036,4665.078274063036,4665.578274063036,950,1083,1017
4662.514376622991,4662.389376622991,4662.639376622991,1217,1608,1413
4660.581691103159,4660.206691103159,4660.956691103159,1412,613,1013
4662.76945106808,4662.51945106808,4663.01945106808,1695,802,1249
4661.8468320703005,4661.5968320703005,4662.0968320703005,1036,1075,1056
4661.304974824325,4661.179974824325,4661.429974824325,860,1757,1309
4662.946671166376,4662.821671166376,4663.071671166376,1693,1962,1828
4664.866331640726,4664.616331640726,4665.116331640726,1084,2411,1748
4667.341227174344,4667.216227174344,4667.466227174344,1568,673,1121
4664.734063450833,4664.609063450833,4664.859063450833,2435,1406,1921
4664.906339671607,4664.656339671607,4665.156339671607,862,2157,1510
4665.31840098312,4665.19340098312,4665.44340098312,1836,945,1391
4666.396317899841,4666.271317899841,4666.521317899841,927,916,922
4667.182276577278,4667.057276577278,4667.307276577278,1366,2571,1969
4670.043199167134,4669.918199167134,4670.168199167134,1570,631,1101
4668.730620699613,4668.355620699613,4669.105620699613,1730,1065,1398
4668.735623945604,4668.610623945604,4668.860623945604,777,1732,1255
4668.149018083471,4667.899018083471,4668.399018083471,1322,1359,1341
4665.325247383142,4665.075247383142,4665.575247383142,1812,1167,1490
4668.964034938571,4668.714034938571,4669.214034938571,854,973,914
4671.443292590639,4671.318292590639,4671.568292590639,2800,1161,1981
4668.864535675255,4668.614535675255,4669.114535675255,1292,1079,1186
4668.5855339921645,4668.3355339921645,4668.8355339921645,1346,1273,1310
4669.240343619553,4668.990343619553,4669.490343619553,945,2548,1747
4669.2163744845775,4668.9663744845775,4669.4663744845775,830,2367,1599
4671.472405456774,4671.097405456774,4671.847405456774,1622,1487,1555
4667.8380016597475,4667.7130016597475,4667.9630016597475,1447,524,986
4667.754337269948,4667.504337269948,4668.004337269948,1223,706,965
4669.471705895467,4669.346705895467,4669.596705895467,640,1597,1119
4669.146066341293,4668.771066341293,4669.521066341293,1540,2213,1877
4668.645618083707,4668.520618083707,4668.770618083707,2293,814,1554
4668.40613309179,4668.28113309179,4668.53113309179,1886,1857,1872
4670.822056775605,4670.697056775605,4670.947056775605,931,1396,1164
4675.102130891486,4674.977130891486,4675.227130891486,957,1262,1110
4675.481033931613,4675.356033931613,4675.606033931613,1546,1847,1697
4676.1598894329,4676.0348894329,4676.2848894329,708,1255,982
4677.221772312824,4676.971772312824,4677.471772312824,1926,983,1455
4679.088273245149,4678.838273245149,4679.338273245149,2698,1071,1885
4681.076932211272,4680.951932211272,4681.201932211272,740,1059,900
4679.735664721486,4679.485664721486,4679.985664721486,827,2452,1640
4676.735230036315,4676.610230036315,4676.860230036315,1978,1573,1776
4675.2972612041285,4675.1722612041285,4675.4222612041285,1642,2217,1930
4672.513254782932,4672.388254782932,4672.638254782932,1239,2264,1752
4672.339605346125,4672.214605346125,4672.464605346125,1661,1000,1331
4672.54476527939,4672.29476527939,4672.79476527939,1364,857,1111
4670.3459021084,4670.2209021084,4670.4709021084,1483,666,1075
4671.212261846514,4670.962261846514,4671.462261846514,1021,642,832
4672.7526255571975,4672.3776255571975,4673.1276255571975,832,2369,1601
4674.2968778018,4674.1718778018,4674.4218778018,2382,1105,1744
4674.988512936333,4674.863512936333,4675.113512936333,709,1526,1118
4675.351462994092,4675.226462994092,4675.476462994092,1027,1564,1296
4678.059468428133,4677.934468428133,4678.184468428133,893,1978,1436
4679.116107986154,4678.866107986154,4679.366107986154,1185,2422,1804
4678.382472989603,4678.257472989603,4678.507472989603,1227,680,954
4678.412940220777,4678.287940220777,4678.537940220777,2097,1348,1723
4680.080738623594,4679.955738623594,4680.205738623594,1800,1023,1412
4679.833636272592,4679.708636272592,4679.958636272592,1552,523,1038
4680.660121095341,4680.535121095341,4680.785121095341,715,1496,1106
4680.110250677181,4679.860250677181,4680.360250677181,2558,1095,1827
4682.383767243984,4682.258767243984,4682.508767243984,1039,1390,1215
4680.292396705347,4680.167396705347,4680.417396705347,586,1467,1027
4681.170957420412,4681.045957420412,4681.295957420412,1847,1516,1682
4682.251072247135,4682.001072247135,4682.501072247135,1732,1501,1617
4684.102752631164,4683.977752631164,4684.227752631164,1279,866,1073
4683.4844047846955,4683.3594047846955,4683.6094047846955,1874,1583,1729
4682.802120548341,4682.427120548341,4683.177120548341,967,1270,1119
4684.493566794746,4684.368566794746,4684.618566794746,2012,1449,1731
4685.7242589971465,4685.5992589971465,4685.8492589971465,1874,1911,1893
4681.837322566207,4681.712322566207,4681.962322566207,2522,1457,1990
4680.067471806555,4679.942471806555,4680.192471806555,792,1103,948
4678.232619399736,4677.857619399736,4678.607619399736,2329,782,1556
4679.966512747264,4679.841512747264,4680.091512747264,1075,1082,1079
4680.8922143333375,4680.7672143333375,4681.0172143333375,1601,2014,1808
4680.474988801105,4680.349988801105,4680.599988801105,1635,2232,1934
4685.601313393304,4685.476313393304,4685.726313393304,880,971,926
4685.542760767899,4685.167760767899,4685.917760767899,2156,1727,1942
4685.106133931372,4684.981133931372,4685.231133931372,2495,1012,1754
4685.865894326359,4685.740894326359,4685.990894326359,1091,1104,1098
4683.086048203731,4682.961048203731,4683.211048203731,796,1855,1326
4682.24339875809,4682.11839875809,4682.36839875809,807,2422,1615
4679.657271816215,4679.407271816215,4679.907271816215,1249,636,943
4681.881613649315,4681.631613649315,4682.131613649315,951,1870,1411
4680.8107716957475,4680.6857716957475,4680.9357716957475,752,2147,1450
4682.575235556223,4682.325235556223,4682.825235556223,2584,1229,1907
4683.304764080371,4683.179764080371,4683.429764080371,1287,2710,1999
4685.754198125438,4685.504198125438,4686.004198125438,580,1491,1036
4687.191529896455,4687.066529896455,4687.316529896455,1026,2811,1919
4687.48745526717,4687.36245526717,4687.61245526717,2211,1484,1848
4685.400946505406,4685.150946505406,4685.650946505406,1402,837,1120
4685.307935257869,4685.182935257869,4685.432935257869,1137,1702,1420
4686.799663051791,4686.674663051791,4686.924663051791,1825,1470,1648
4685.483757975681,4685.233757975681,4685.733757975681,1086,687,887
4685.94891242056,4685.57391242056,4686.32391242056,1059,1864,1462
4683.687895078129,4683.562895078129,4683.812895078129,2588,1281,1935
4683.6179307767925,4683.4929307767925,4683.7429307767925,1582,2159,1871
4685.515964884818,4685.140964884818,4685.890964884818,1013,2466,1740
4689.5823621838745,4689.2073621838745,4689.9573621838745,2460,863,1662
4692.569499285141,4692.444499285141,4692.694499285141,2104,1669,1887
4692.328444369633,4691.953444369633,4692.703444369633,1562,2105,1834
4692.90771681771,4692.78271681771,4693.03271681771,625,1122,874
4693.514129761329,4693.264129761329,4693.764129761329,2145,1616,1881
4693.96172797538,4693.83672797538,4694.08672797538,1151,678,915
4694.793149130059,4694.668149130059,4694.918149130059,2440,1025,1733
4696.059853182318,4695.934853182318,4696.184853182318,999,1950,1475
4695.962773511406,4695.837773511406,4696.087773511406,1374,2279,1827
4694.737935011819,4694.612935011819,4694.862935011819,1782,1275,1529
4695.967604489247,4695.842604489247,4696.092604489247,1716,1161,1439
4693.98764428226,4693.86264428226,4694.11264428226,1356,585,971
4694.868808344325,4694.743808344325,4694.993808344325,820,1283,1052
4693.018237546613,4692.893237546613,4693.143237546613,2021,954,1488
4691.666436917083,4691.541436917083,4691.791436917083,1236,1411,1324
4688.215631681342,4687.965631681342,4688.465631681342,1454,845,1150
4685.823082258948,4685.698082258948,4685.948082258948,835,2120,1478
4686.479167761513,4686.354167761513,4686.604167761513,1542,1241,1392
4687.850211940022,4687.600211940022,4688.100211940022,1925,2006,1966
4686.08087465595,4685.83087465595,4686.33087465595,1818,989,1404
4686.873557541302,4686.748557541302,4686.998557541302,1752,1759,1756
4688.470705639668,4688.220705639668,4688.720705639668,1330,1545,1438
4694.890862773287,4694.640862773287,4695.140862773287,1015,600,808
4698.377930404626,4698.252930404626,4698.502930404626,609,1050,830
4698.543614480569,4698.418614480569,4698.668614480569,1059,2208,1634
4694.818487876424,4694.568487876424,4695.068487876424,1245,1148,1197
4694.76645362952,4694.64145362952,4694.89145362952,506,1177,842
4698.474617215076,4698.349617215076,4698.599617215076,961,2346,1654
4700.722039524769,4700.597039524769,4700.847039524769,1323,960,1142
4698.724808031869,4698.599808031869,4698.849808031869,559,1536,1048
4701.033966601024,4700.783966601024,4701.283966601024,1309,2182,1746
4702.711774641973,4702.586774641973,4702.836774641973,2222,1133,1678
4698.886595206344,4698.636595206344,4699.136595206344,1430,1571,1501
4697.372103419883,4697.247103419883,4697.497103419883,1123,2148,1636
4698.666287931599,4698.541287931599,4698.791287931599,2206,1185,1696
4701.818646954426,4701.568646954426,4702.068646954426,945,2390,1668
4703.579702447676,4703.329702447676,4703.829702447676,875,1434,1155
4707.27598639545,4707.15098639545,4707.40098639545,1198,707,953
4707.036757649818,4706.911757649818,4707.161757649818,1710,1869,1790
4709.943512147138,4709.693512147138,4710.193512147138,1897,938,1418
4707.881321598375,4707.631321598375,4708.131321598375,1132,671,902
4705.718835530581,4705.593835530581,4705.843835530581,1599,1644,1622
4707.211968401739,4706.836968401739,4707.586968401739,2129,1482,1806
4709.814268206186,4709.689268206186,4709.939268206186,1308,489,899
4709.920940739865,4709.670940739865,4710.170940739865,1971,898,1435
4710.958441388361,4710.708441388361,4711.208441388361,999,1684,1342
4706.56176570824,4706.43676570824,4706.68676570824,1464,1223,1344
4710.148928882362,4710.023928882362,4710.273928882362,1201,2250,1726
4713.781498566747,4713.656498566747,4713.906498566747,1473,514,994
4714.732012168363,4714.607012168363,4714.857012168363,1557,1182,1370
4714.036118476701,4713.911118476701,4714.161118476701,1542,2451,1997
4713.5964096334465,4713.4714096334465,4713.7214096334465,1082,2557,1820
4709.473691260073,4709.348691260073,4709.598691260073,1396,1637,1517
4712.341911805357,4712.091911805357,4712.591911805357,1481,1872,1677
4708.72788854621,4708.60288854621,4708.85288854621,812,1493,1153
4710.202020741129,4710.077020741129,4710.327020741129,1812,1121,1467
4710.056544510587,4709.931544510587,4710.181544510587,1685,2204,1945
4709.357878482461,4708.982878482461,4709.732878482461,2112,891,1502
4707.923635309521,4707.798635309521,4708.048635309521,1518,1867,1693
4709.270850463203,4709.145850463203,4709.395850463203,1004,2519,1762
4706.4764242650845,4706.2264242650845,4706.7264242650845,1519,990,1255
4708.689098194641,4708.564098194641,4708.814098194641,803,894,849
4712.665520141642,4712.415520141642,4712.915520141642,1022,2497,1760
4712.629627744089,4712.504627744089,4712.754627744089,661,1432,1047
4710.624466633968,4710.499466633968,4710.749466633968,1287,438,863
4706.907807966725,4706.782807966725,4707.032807966725,1131,2056,1594
4706.732319756541,4706.357319756541,4707.107319756541,1564,1457,1511
4707.980547008472,4707.855547008472,4708.105547008472,1188,1255,1222
4706.737146698537,4706.612146698537,4706.862146698537,1776,1105,1441
4710.400733052524,4710.275733052524,4710.525733052524,967,1068,1018
4712.07226464775,4711.94726464775,4712.19726464775,448,1285,867
4711.971960026486,4711.721960026486,4712.221960026486,870,783,827
4708.195868767434,4708.070868767434,4708.320868767434,1099,950,1025
4709.492079577488,4709.242079577488,4709.742079577488,1253,2508,1881
4711.651790526393,4711.526790526393,4711.776790526393,1065,2674,1870
4713.254148825786,4712.879148825786,4713.629148825786,1235,1268,1252
4717.824528133262,4717.699528133262,4717.949528133262,2625,982,1804
4722.099068765093,4721.849068765093,4722.349068765093,673,1248,961
4721.127737507249,4721.002737507249,4721.252737507249,1709,1558,1634
4721.684327141798,4721.559327141798,4721.809327141798,1742,1367,1555
4724.262370948395,4724.137370948395,4724.387370948395,1328,1133,1231
4723.338737922763,4723.088737922763,4723.588737922763,1401,1650,1526
4731.084476074923,4730.959476074923,4731.209476074923,2029,1238,1634
4733.302468175079,4733.177468175079,4733.427468175079,1438,1057,1248
4737.799731627009,4737.674731627009,4737.924731627009,1874,1841,1858
4740.438359581984,4740.313359581984,4740.563359581984,1845,1654,1750
4737.894558702782,4737.769558702782,4738.019558702782,1892,835,1364
4739.038158477974,4738.788158477974,4739.288158477974,935,1646,1291
4741.845867533693,4741.470867533693,4742.220867533693,776,1469,1123
4738.861866457179,4738.486866457179,4739.236866457179,1210,1749,1480
4736.735582262863,4736.610582262863,4736.860582262863,995,2900,1948
4734.258651710377,4733.883651710377,4734.633651710377,1790,1969,1880
4738.461824653114,4738.211824653114,4738.711824653114,2259,790,1525
4738.172848710309,4738.047848710309,4738.297848710309,2430,973,1702
4737.830057222322,4737.705057222322,4737.955057222322,2557,1084,1821
4729.414106596482,4729.289106596482,4729.539106596482,1121,646,884
4728.275952867822,4728.150952867822,4728.400952867822,1843,1556,1700
4732.131622850328,4731.881622850328,4732.381622850328,2651,1172,1912
4735.048463642234,4734.923463642234,4735.173463642234,913,964,939
4742.303017289862,4742.053017289862,4742.553017289862,919,1882,1401
4743.268758418899,4743.018758418899,4743.518758418899,919,1334,1127
4745.982987782793,4745.607987782793,4746.357987782793,1704,1579,1642
4746.25799472615,4746.13299472615,4746.38299472615,1066,2153,1610
4748.669530435138,4748.544530435138,4748.794530435138,1411,2282,1847
4748.628252943444,4748.503252943444,4748.753252943444,752,1957,1355
4745.07736874682,4744.95236874682,4745.20236874682,1169,1256,1213
4747.849408162374,4747.724408162374,4747.974408162374,2483,844,1664
4744.4633045165965,4744.3383045165965,4744.5883045165965,1009,708,859
4744.829286797586,4744.704286797586,4744.954286797586,2391,1360,1876
4743.358347006844,4743.233347006844,4743.483347006844,726,1847,1287
4742.580889365394,4742.455889365394,4742.705889365394,811,1686,1249
4740.949442239208,4740.824442239208,4741.074442239208,1386,1925,1656
4741.591275848549,4741.341275848549,4741.841275848549,1308,533,921
4738.302930219608,4738.177930219608,4738.427930219608,655,1370,1013
4741.159574415932,4740.909574415932,4741.409574415932,1068,2007,1538
4741.748078594584,4741.373078594584,4742.123078594584,1512,517,1015
4743.6408199356465,4743.5158199356465,4743.7658199356465,887,718,803
4745.941823806187,4745.816823806187,4746.066823806187,1717,1614,1666
4748.364700402819,4748.114700402819,4748.614700402819,729,2084,1407
4747.808658035517,4747.558658035517,4748.058658035517,1733,1040,1387
4750.785485665514,4750.660485665514,4750.910485665514,1597,990,1294
4756.593046270956,4756.468046270956,4756.718046270956,920,1665,1293
4752.822247455412,4752.572247455412,4753.072247455412,2193,1610,1902
4752.232529399997,4752.107529399997,4752.357529399997,2436,1419,1928
4751.107488351824,4750.982488351824,4751.232488351824,1218,903,1061
4753.020049347652,4752.770049347652,4753.270049347652,1755,800,1278
4745.464565502469,4745.089565502469,4745.839565502469,992,2001,1497
4744.569622469309,4744.319622469309,4744.819622469309,1056,1177,1117
4746.7856699969625,4746.6606699969625,4746.9106699969625,1360,545,953
4748.29553614514,4748.17053614514,4748.42053614514,1536,1009,1273
4754.9693417976405,4754.8443417976405,4755.0943417976405,1375,1046,1211
4759.038514982295,4758.913514982295,4759.163514982295,1456,2075,1766
4752.69129205315,4752.44129205315,4752.94129205315,1142,1147,1145
4754.704714307663,4754.579714307663,4754.829714307663,1073,1822,1448
4757.00000732101,4756.87500732101,4757.12500732101,2180,1303,1742
4753.336253858501,4753.211253858501,4753.461253858501,2500,1153,1827
4760.729528979887,4760.604528979887,4760.854528979887,819,2088,1454
4760.822192395902,4760.572192395902,4761.072192395902,985,2396,1691
4758.957556174588,4758.832556174588,4759.082556174588,2419,976,1698
4762.669746826595,4762.419746826595,4762.919746826595,1781,1634,1708
4767.0595452464195,4766.8095452464195,4767.3095452464195,2173,1454,1814
4765.675927799866,4765.550927799866,4765.800927799866,1005,1450,1228
4766.865517261664,4766.740517261664,4766.990517261664,1780,905,1343
4768.040896030883,4767.915896030883,4768.165896030883,1059,898,979
4764.755039802101,4764.380039802101,4765.130039802101,1590,2347,1969
4761.891544780699,4761.766544780699,4762.016544780699,1125,1732,1429
4762.666037525309,4762.541037525309,4762.791037525309,2360,1415,1888
4761.802757310715,4761.552757310715,4762.052757310715,2342,1435,1889
4764.306188199336,4764.181188199336,4764.431188199336,639,1790,1215
4762.956749293685,4762.831749293685,4763.081749293685,1828,801,1315
4757.459408482179,4757.334408482179,4757.584408482179,1020,2063,1542
4755.149475067048,4754.774475067048,4755.524475067048,790,921,856
4756.031902887888,4755.781902887888,4756.281902887888,1375,1778,1577
4758.17399362021,4757.92399362021,4758.42399362021,758,1777,1268
4761.315979589632,4761.065979589632,4761.565979589632,1073,2126,1600
4756.904569575245,4756.779569575245,4757.029569575245,790,931,861
4752.94643527102,4752.57143527102,4753.32143527102,1247,836,1042
4754.058877240859,4753.808877240859,4754.308877240859,1073,954,1014
4753.938741138679,4753.813741138679,4754.063741138679,1450,1235,1343
4752.951654608095,4752.826654608095,4753.076654608095,2152,1679,1916
4749.791693559735,4749.416693559735,4750.166693559735,683,2022,1353
4748.665199209482,4748.540199209482,4748.790199209482,2190,1463,1827
4748.143546120903,4748.018546120903,4748.268546120903,1645,1736,1691
4748.632038822813,4748.257038822813,4749.007038822813,665,1866,1266
4744.488316139577,4744.363316139577,4744.613316139577,596,1465,1031
4743.006760147934,4742.631760147934,4743.381760147934,1190,2479,1835
4744.5534240778625,4744.3034240778625,4744.8034240778625,2305,838,1572
4742.463488458558,4742.088488458558,4742.838488458558,2423,982,1703
4743.837390383664,4743.712390383664,4743.962390383664,2133,898,1516
4744.648976588481,4744.398976588481,4744.898976588481,2065,1234,1650
4741.89826447971,4741.77326447971,4742.02326447971,1632,1757,1695
4741.290761303826,4741.165761303826,4741.415761303826,722,1065,894
4740.925747182432,4740.800747182432,4741.050747182432,1731,1970,1851
4744.631946212493,4744.381946212493,4744.881946212493,1672,1683,1678
4743.793068399345,4743.668068399345,4743.918068399345,1881,928,1405
4744.201785722253,4743.951785722253,4744.451785722253,677,1822,1250
4742.7394265409985,4742.4894265409985,4742.9894265409985,997,1388,1193
4743.054522259034,4742.929522259034,4743.179522259034,2162,1589,1876
4741.794100909518,4741.669100909518,4741.919100909518,712,1277,995
4741.835806697348,4741.585806697348,4742.085806697348,649,1526,1088
4746.39626067819,4746.14626067819,4746.64626067819,1635,1072,1354
4746.7105588959685,4746.5855588959685,4746.8355588959685,2131,742,1437
4747.2538216665225,4747.0038216665225,4747.5038216665225,590,1563,1077
4747.5238805186455,4747.3988805186455,4747.6488805186455,2234,1543,1889
4744.597236689083,4744.347236689083,4744.847236689083,781,1842,1312
4747.438012291351,4747.313012291351,4747.563012291351,1232,1737,1485
4743.605744966552,4743.355744966552,4743.855744966552,1643,900,1272
4747.242526678661,4747.117526678661,4747.367526678661,1123,2158,1641
4755.851524676052,4755.726524676052,4755.976524676052,562,1379,971
4757.574929301363,4757.449929301363,4757.699929301363,1489,892,1191
4753.008176855266,4752.883176855266,4753.133176855266,1127,2584,1856
4752.260224840463,4752.135224840463,4752.385224840463,1843,1452,1648
4757.387924453362,4757.262924453362,4757.512924453362,942,1713,1328
4752.851352623164,4752.726352623164,4752.976352623164,2464,883,1674
4755.245863992754,4754.995863992754,4755.495863992754,1629,600,1115
4746.445996732302,4746.195996732302,4746.695996732302,1940,1673,1807
4745.467509166514,4745.342509166514,4745.592509166514,1059,784,922
4743.907811471447,4743.782811471447,4744.032811471447,968,879,924
4743.133737631913,4742.883737631913,4743.383737631913,956,2055,1506
4744.704633613537,4744.579633613537,4744.829633613537,1836,1349,1593
4748.710027276442,4748.460027276442,4748.960027276442,812,817,815
4744.480337781906,4744.355337781906,4744.605337781906,1913,1554,1734
4746.4109402515105,4746.2859402515105,4746.5359402515105,778,1129,954
4747.558574766054,4747.433574766054,4747.683574766054,1210,1691,1451
4745.781797217086,4745.656797217086,4745.906797217086,1953,1286,1620
4745.333795883913,4745.208795883913,4745.458795883913,1531,2234,1883
4745.27978610391,4745.15478610391,4745.40478610391,1772,1107,1440
4748.4742735237905,4748.3492735237905,4748.5992735237905,1906,917,1412
4747.332803640696,4746.957803640696,4747.707803640696,1024,2543,1784
4750.322667870031,4749.947667870031,4750.697667870031,1715,650,1183
4748.939872403062,4748.814872403062,4749.064872403062,2381,1538,1960
4749.594887982054,4749.469887982054,4749.719887982054,1251,2692,1972
4752.362493636338,4752.237493636338,4752.487493636338,1012,2089,1551
4752.647798714086,4752.522798714086,4752.772798714086,1322,1001,1162
4754.55553474785,4754.43053474785,4754.68053474785,1210,1019,1115
4754.359415782312,4754.109415782312,4754.609415782312,1434,2023,1729
4754.644290480919,4754.519290480919,4754.769290480919,1728,1473,1601
4754.18302095246,4753.80802095246,4754.55802095246,955,932,944
4752.339234962318,4752.089234962318,4752.589234962318,2270,1075,1673
4754.672158350333,4754.547158350333,4754.797158350333,918,719,819
4749.186375100999,4749.061375100999,4749.311375100999,2644,969,1807
4746.09633337653,4745.97133337653,4746.22133337653,2612,1243,1928
4749.76892850563,4749.64392850563,4749.89392850563,2192,1083,1638
4751.071972577567,4750.946972577567,4751.196972577567,893,1990,1442
4750.050508990913,4749.925508990913,4750.175508990913,539,1314,927
4755.705419952735,4755.455419952735,4755.955419952735,1484,1197,1341
4752.514986857286,4752.389986857286,4752.639986857286,1151,1588,1370
4751.497838153023,4751.372838153023,4751.622838153023,1685,594,1140
4755.46264032712,4755.33764032712,4755.58764032712,461,1222,842
4754.773502680203,4754.523502680203,4755.023502680203,1839,1948,1894
4748.706044822619,4748.456044822619,4748.956044822619,1211,1926,1569
4746.206287783821,4746.081287783821,4746.331287783821,1239,540,890
4751.057589303564,4750.932589303564,4751.182589303564,564,1361,963
4749.381568672037,4749.256568672037,4749.506568672037,802,1717,1260
4752.780859925137,4752.655859925137,4752.905859925137,1850,1961,1906
4754.344664639924,4754.219664639924,4754.469664639924,951,1624,1288
4750.348109424268,4749.973109424268,4750.723109424268,927,1566,1247
4751.789801036343,4751.664801036343,4751.914801036343,839,1128,984
4754.604784836048,4754.229784836048,4754.979784836048,1065,782,924
4753.473818390597,4753.223818390597,4753.723818390597,1165,1340,1253
4751.901117511218,4751.776117511218,4752.026117511218,2195,1026,1611
4748.969023669348,4748.844023669348,4749.094023669348,777,966,872
4747.938519278891,4747.688519278891,4748.188519278891,864,1057,961
4752.121842397947,4751.871842397947,4752.371842397947,1121,766,944
4750.897243014909,4750.647243014909,4751.147243014909,1040,1823,1432
4752.026955205078,4751.776955205078,4752.276955205078,1572,1043,1308
4747.9685946726995,4747.8435946726995,4748.0935946726995,1321,516,919
4756.407761243686,4756.282761243686,4756.532761243686,2184,1551,1868
4758.856583950641,4758.731583950641,4758.981583950641,989,658,824
4762.445235735206,4762.320235735206,4762.570235735206,1551,1036,1294
4766.517391690928,4766.392391690928,4766.642391690928,2371,1550,1961
4761.776796212538,4761.526796212538,4762.026796212538,1390,1199,1295
4758.785619260899,4758.535619260899,4759.035619260899,1510,1193,1352
4760.172039063088,4760.047039063088,4760.297039063088,642,1399,1021
4762.692501236521,4762.442501236521,4762.942501236521,445,1196,821
4769.036789178221,4768.786789178221,4769.286789178221,746,1543,1145
4768.525284974853,4768.275284974853,4768.775284974853,2671,1252,1962
4769.643269028614,4769.393269028614,4769.893269028614,1039,1128,1084
4771.5470950575855,4771.1720950575855,4771.9220950575855,1462,1935,1699
4775.687086352997,4775.562086352997,4775.812086352997,1502,943,1223
4770.433004758807,4770.308004758807,4770.558004758807,1017,2828,1923
4773.918540429462,4773.668540429462,4774.168540429462,1705,1236,1471
4777.537188805804,4777.287188805804,4777.787188805804,1053,998,1026
4778.642847630309,4778.517847630309,4778.767847630309,814,1689,1252
4778.357546339059,4778.232546339059,4778.482546339059,1193,1352,1273
4778.539177752269,4778.289177752269,4778.789177752269,2778,1091,1935
4785.145332368919,4784.895332368919,4785.395332368919,2401,848,1625
4788.175616602011,4788.050616602011,4788.300616602011,752,1495,1124
4795.95641627562,4795.83141627562,4796.08141627562,1455,2114,1785
4795.562620387044,4795.437620387044,4795.687620387044,1145,958,1052
4802.036832276832,4801.911832276832,4802.161832276832,1164,2267,1716
4806.404903815112,4806.029903815112,4806.779903815112,818,1763,1291
4808.875207773052,4808.750207773052,4809.000207773052,1642,1137,1390
4810.3954451421905,4810.2704451421905,4810.5204451421905,698,1809,1254
4805.539589649915,4805.289589649915,4805.789589649915,1951,1360,1656
4809.504726789337,4809.379726789337,4809.629726789337,1450,613,1032
4811.775030231733,4811.525030231733,4812.025030231733,1134,1113,1124
4811.446943972366,4811.321943972366,4811.571943972366,637,1358,998
4811.03574004286,4810.91074004286,4811.16074004286,1099,1086,1093
4814.579315067547,4814.454315067547,4814.704315067547,1194,997,1096
4813.763586912984,4813.513586912984,4814.013586912984,1011,772,892
4818.114281141553,4817.989281141553,4818.239281141553,952,657,805
4820.725241747377,4820.475241747377,4820.975241747377,1399,2550,1975
4820.750093094232,4820.625093094232,4820.875093094232,1205,556,881
4817.0676281514225,4816.8176281514225,4817.3176281514225,1406,1651,1529
4817.447448291174,4817.322448291174,4817.572448291174,1567,2136,1852
4822.666096358663,4822.541096358663,4822.791096358663,1208,603,906
4821.8826173880325,4821.5076173880325,4822.2576173880325,2067,1864,1966
4819.452382197222,4819.327382197222,4819.577382197222,1182,521,852
4815.8415348357785,4815.5915348357785,4816.0915348357785,1204,615,910
4815.644241856588,4815.519241856588,4815.769241856588,1821,1236,1529
4820.264699164244,4820.139699164244,4820.389699164244,1523,694,1109
4823.281908343641,4823.031908343641,4823.531908343641,1759,672,1216
4830.624406864516,4830.374406864516,4830.874406864516,1333,982,1158
4831.763906034719,4831.638906034719,4831.888906034719,2698,1289,1994
4829.205448900899,4829.080448900899,4829.330448900899,1136,939,1038
4830.4177930141805,4830.0427930141805,4830.7927930141805,1376,1827,1602
4822.542543943404,4822.417543943404,4822.667543943404,1678,1547,1613
4820.670277006327,4820.545277006327,4820.795277006327,1920,1117,1519
4816.072155474182,4815.947155474182,4816.197155474182,1150,631,891
4812.090620892592,4811.965620892592,4812.215620892592,2682,1295,1989
4806.786827627706,4806.661827627706,4806.911827627706,1848,1141,1495
4805.236397398368,4805.111397398368,4805.361397398368,1873,936,1405
4806.044600818408,4805.919600818408,4806.169600818408,1084,557,821
4811.55658377117,4811.43158377117,4811.68158377117,1627,722,1175
4813.711116054974,4813.586116054974,4813.836116054974,853,950,902
4813.337391513359,4813.212391513359,4813.462391513359,1069,922,996
4816.199733691925,4816.074733691925,4816.324733691925,754,1237,996
4812.244483775966,4811.994483775966,4812.494483775966,1597,652,1125
4806.674357239668,4806.549357239668,4806.799357239668,1661,970,1316
4805.994038373872,4805.869038373872,4806.119038373872,1510,1049,1280
4810.431881759449,4810.306881759449,4810.556881759449,1442,759,1101
4814.586384627245,4814.461384627245,4814.711384627245,1801,978,1390
4816.334417569835,4816.209417569835,4816.459417569835,1247,588,918
4819.363323788295,4819.238323788295,4819.488323788295,970,2735,1853
4813.299576593432,4813.049576593432,4813.549576593432,1445,1824,1635
4814.376885841854,4814.251885841854,4814.501885841854,1094,2131,1613
4816.5215231612465,4816.3965231612465,4816.6465231612465,2789,1026,1908
4815.134989262384,4815.009989262384,4815.259989262384,2520,1305,1913
4806.869988445945,4806.744988445945,4806.994988445945,1684,801,1243
4805.027520532676,4804.902520532676,4805.152520532676,2417,928,1673
4802.17404883694,4801.92404883694,4802.42404883694,1639,1226,1433
4803.727122750926,4803.477122750926,4803.977122750926,1403,1466,1435
4797.616499085847,4797.241499085847,4797.991499085847,493,1392,943
4800.084623587475,4799.959623587475,4800.209623587475,1814,829,1322
4800.565014341904,4800.315014341904,4800.815014341904,936,999,968
4805.389717851383,4805.264717851383,4805.514717851383,1649,678,1164
4801.975114517474,4801.850114517474,4802.100114517474,1622,1779,1701
4805.568973697838,4805.443973697838,4805.693973697838,773,1868,1321
4801.361926264792,4801.236926264792,4801.486926264792,728,2015,1372
4798.275658701461,4798.025658701461,4798.525658701461,1020,639,830
4797.719395720194,4797.594395720194,4797.844395720194,433,1268,851
4797.8748769644235,4797.7498769644235,4797.9998769644235,2094,1019,1557
4797.904532155931,4797.654532155931,4798.154532155931,1298,1813,1556
4794.086714230553,4793.961714230553,4794.211714230553,965,1500,1233
4790.373919105855,4790.248919105855,4790.498919105855,2312,1183,1748
4790.3001939544765,4790.0501939544765,4790.5501939544765,2534,935,1735
4789.965356782317,4789.715356782317,4790.215356782317,1101,2648,1875
4795.553464755766,4795.303464755766,4795.803464755766,2123,1446,1785
4795.993600320276,4795.868600320276,4796.118600320276,2129,1068,1599
4801.3733821916885,4801.2483821916885,4801.4983821916885,736,1151,944
4802.736641207697,4802.486641207697,4802.986641207697,2014,1851,1933
4793.528434154498,4793.403434154498,4793.653434154498,1035,2730,1883
4792.6185156084,4792.3685156084,4792.8685156084,737,1376,1057
4793.388485542661,4793.263485542661,4793.513485542661,1721,2206,1964
4798.980880100805,4798.730880100805,4799.230880100805,928,1965,1447
4797.3829458157925,4797.1329458157925,4797.6329458157925,788,1197,993
4794.716340967778,4794.466340967778,4794.966340967778,1303,2554,1929
4792.635591600504,4792.510591600504,4792.760591600504,1887,1038,1463
4790.338840851309,4789.963840851309,4790.713840851309,826,963,895
4797.09788888791,4796.97288888791,4797.22288888791,1757,720,1239
4799.003279352717,4798.628279352717,4799.378279352717,2444,1189,1817
4797.494073902969,4797.119073902969,4797.869073902969,1015,1696,1356
4799.456479890791,4799.206479890791,4799.706479890791,1497,2088,1793
4798.948121881857,4798.823121881857,4799.073121881857,1812,773,1293
4801.379595307592,4801.129595307592,4801.629595307592,787,908,848
4801.351564238735,4801.226564238735,4801.476564238735,1358,1065,1212
4805.730238593473,4805.605238593473,4805.855238593473,1062,2299,1681
4803.751132285429,4803.501132285429,4804.001132285429,797,2296,1547
4806.970691104234,4806.845691104234,4807.095691104234,2019,1694,1857
4807.516568338559,4807.391568338559,4807.641568338559,666,1591,1129
4807.878845526724,4807.628845526724,4808.128845526724,486,1271,879
4811.878972066384,4811.753972066384,4812.003972066384,1345,1726,1536
4806.774742960714,4806.524742960714,4807.024742960714,1595,1352,1474
4805.465219993575,4805.340219993575,4805.590219993575,950,2689,1820
4802.681474748697,4802.556474748697,4802.806474748697,1947,870,1409
4806.304157081388,4805.929157081388,4806.679157081388,1733,1214,1474
4806.952784640044,4806.702784640044,4807.202784640044,1213,2556,1885
4808.744691332113,4808.619691332113,4808.869691332113,1190,749,970
4805.994776609017,4805.869776609017,4806.119776609017,1200,661,931
4806.532624239579,4806.407624239579,4806.657624239579,1077,2366,1722
4800.377947612123,4800.252947612123,4800.502947612123,962,2625,1794
4800.114014087914,4799.989014087914,4800.239014087914,2305,1606,1956
4800.3936333382935,4800.2686333382935,4800.5186333382935,1111,810,961
4803.320794705033,4803.070794705033,4803.570794705033,1033,570,802
4801.766178894016,4801.641178894016,4801.891178894016,571,1474,1023
4802.750919025332,4802.625919025332,4802.875919025332,1326,2393,1860
4803.320049359318,4803.070049359318,4803.570049359318,973,884,929
4801.442042352757,4801.192042352757,4801.692042352757,698,1265,982
4803.773031975034,4803.398031975034,4804.148031975034,1393,652,1023
4799.560535959254,4799.435535959254,4799.685535959254,965,670,818
4799.469120026402,4799.344120026402,4799.594120026402,717,1180,949
4798.664923224161,4798.414923224161,4798.914923224161,829,1058,944
4800.33709057671,4800.21209057671,4800.46209057671,814,1689,1252
4799.89122405594,4799.64122405594,4800.14122405594,2666,1209,1938
4794.440927986359,4794.315927986359,4794.565927986359,1902,1245,1574
4793.675231900432,4793.550231900432,4793.800231900432,1157,482,820
4795.4183123146095,4795.2933123146095,4795.5433123146095,1216,749,983
4794.954540047982,4794.704540047982,4795.204540047982,1747,1052,1400
4797.756757904621,4797.631757904621,4797.881757904621,1181,566,874
4792.564284603822,4792.314284603822,4792.814284603822,1270,479,875
4788.442497812143,4788.317497812143,4788.567497812143,936,687,812
4788.582143797488,4788.332143797488,4788.832143797488,954,2097,1526
4792.66070861994,4792.53570861994,4792.78570861994,1146,579,863
4789.938135676829,4789.563135676829,4790.313135676829,1701,732,1217
4787.269735688709,4787.144735688709,4787.394735688709,2365,1556,1961
4787.912056550584,4787.537056550584,4788.287056550584,1961,892,1427
4791.395603009766,4791.270603009766,4791.520603009766,1767,1168,1468
4788.999758813341,4788.624758813341,4789.374758813341,1069,968,1019
4784.211708702558,4784.086708702558,4784.336708702558,1199,1372,1286
4785.775933044191,4785.650933044191,4785.900933044191,1447,2382,1915
4782.7837856654405,4782.4087856654405,4783.1587856654405,1610,983,1297
4777.975054339577,4777.600054339577,4778.350054339577,1714,1435,1575
4769.608383693458,4769.358383693458,4769.858383693458,1336,1051,1194
4773.447377183629,4773.322377183629,4773.572377183629,1434,2027,1731
4779.760521831779,4779.635521831779,4779.885521831779,1979,1280,1630
4780.905368952913,4780.780368952913,4781.030368952913,784,983,884
4780.869404839389,4780.744404839389,4780.994404839389,991,776,884
4779.10981326387,4778.85981326387,4779.35981326387,799,1430,1115
4780.065383137945,4779.940383137945,4780.190383137945,1342,1649,1496
4778.965562197559,4778.840562197559,4779.090562197559,1713,1258,1486
4785.060353341541,4784.935353341541,4785.185353341541,1709,1322,1516
4779.360214929448,4779.235214929448,4779.485214929448,1203,1244,1224
4776.404561614796,4776.279561614796,4776.529561614796,1220,609,915
4775.128846235044,4775.003846235044,4775.253846235044,755,1320,1038
4778.610155404754,4778.485155404754,4778.735155404754,1082,1423,1253
4782.404029681073,4782.029029681073,4782.779029681073,1366,1321,1344
4777.821867419643,4777.696867419643,4777.946867419643,2236,985,1611
4773.9724391567115,4773.8474391567115,4774.0974391567115,1764,1245,1505
4771.814433903675,4771.689433903675,4771.939433903675,608,1533,1071
4774.172523724617,4773.797523724617,4774.547523724617,1445,1026,1236
4776.450421926796,4776.325421926796,4776.575421926796,1093,844,969
4778.947336562434,4778.822336562434,4779.072336562434,510,1147,829
4780.403827218105,4780.153827218105,4780.653827218105,2229,838,1534
4781.350763255107,4781.100763255107,4781.600763255107,1764,1783,1774
4780.2978591411,4780.1728591411,4780.4228591411,671,1038,855
4780.48491914798,4780.35991914798,4780.60991914798,860,1825,1343
4779.18512781872,4779.06012781872,4779.31012781872,1397,668,1033
4777.808088956462,4777.558088956462,4778.058088956462,2279,1284,1782
4779.228122524086,4779.103122524086,4779.353122524086,1633,640,1137
4780.928178998851,4780.803178998851,4781.053178998851,1623,1668,1646
4779.70949668721,4779.58449668721,4779.83449668721,1450,2501,1976
4779.412498026812,4779.287498026812,4779.537498026812,1794,1043,1419
4779.509088756058,4779.384088756058,4779.634088756058,1660,2235,1948
4779.878897740196,4779.753897740196,4780.003897740196,1194,1509,1352
4779.353490254432,4779.228490254432,4779.478490254432,2632,1245,1939
4778.636361242521,4778.386361242521,4778.886361242521,960,797,879
4778.365601123316,4778.240601123316,4778.490601123316,1599,552,1076
4777.92009430252,4777.79509430252,4778.04509430252,1061,854,958
4777.9523875092145,4777.8273875092145,4778.0773875092145,883,1632,1258
4780.969588311378,4780.844588311378,4781.094588311378,1198,841,1020
4782.669360478177,4782.419360478177,4782.919360478177,1488,2081,1785
4783.945076445584,4783.820076445584,4784.070076445584,1453,698,1076
4780.739065914583,4780.614065914583,4780.864065914583,2524,997,1761
4780.726325184043,4780.351325184043,4781.101325184043,866,2515,1691
4781.683963987518,4781.433963987518,4781.933963987518,1604,703,1154
4781.038909231082,4780.913909231082,4781.163909231082,1628,1225,1427
4778.268618834727,4778.143618834727,4778.393618834727,1080,965,1023
4776.4831185311195,4776.2331185311195,4776.7331185311195,1477,1526,1502
4776.898652167083,4776.773652167083,4777.023652167083,1214,667,941
4777.380158361085,4777.255158361085,4777.505158361085,1022,1513,1268
4779.117218227943,4778.992218227943,4779.242218227943,693,1154,924
4777.827484905814,4777.702484905814,4777.952484905814,1166,2783,1975
4778.037403848007,4777.912403848007,4778.162403848007,2316,1263,1790
4779.327618043235,4779.202618043235,4779.452618043235,2471,1070,1771
4775.784658954188,4775.534658954188,4776.034658954188,2023,920,1472
4774.601353116573,4774.476353116573,4774.726353116573,1139,1248,1194
4775.427060738275,4775.302060738275,4775.552060738275,1829,1212,1521
4773.126690745992,4772.876690745992,4773.376690745992,903,2206,1555
4773.728921951566,4773.353921951566,4774.103921951566,1346,2297,1822
4774.598947174785,4774.473947174785,4774.723947174785,1448,789,1119
4776.813925805637,4776.438925805637,4777.188925805637,800,1207,1004
4776.598052023499,4776.473052023499,4776.723052023499,838,1347,1093
4777.750346363146,4777.625346363146,4777.875346363146,1092,1031,1062
4778.398844669007,4778.273844669007,4778.523844669007,1427,1296,1362
4776.3482770934115,4776.2232770934115,4776.4732770934115,757,1300,1029
4773.485053587745,4773.110053587745,4773.860053587745,1818,1143,1481
4774.141393167812,4774.016393167812,4774.266393167812,1953,1346,1650
4775.541459355945,4775.291459355945,4775.791459355945,1212,1519,1366
4777.472974479735,4777.347974479735,4777.597974479735,706,1231,969
4778.385144911166,4778.010144911166,4778.760144911166,1764,1281,1523
4780.718299073675,4780.468299073675,4780.968299073675,1359,2114,1737
4782.484854918667,4782.359854918667,4782.609854918667,1362,2387,1875
4782.2083788980135,4782.0833788980135,4782.3333788980135,1974,767,1371
4783.076097273284,4782.826097273284,4783.326097273284,1761,756,1259
4783.470491585648,4783.095491585648,4783.845491585648,1158,2163,1661
4783.080747102801,4782.955747102801,4783.205747102801,1561,2000,1781
4782.7965279393,4782.6715279393,4782.9215279393,1457,508,983
4783.879610061408,4783.754610061408,4784.004610061408,1809,1774,1792
4784.873289771348,4784.748289771348,4784.998289771348,856,2037,1447
4786.272984293599,4786.022984293599,4786.522984293599,701,1370,1036
4786.527424230115,4786.402424230115,4786.652424230115,908,1911,1410
4786.097928120447,4785.972928120447,4786.222928120447,2423,964,1694
4784.373921686804,4784.248921686804,4784.498921686804,1795,1770,1783
4782.815106686561,4782.690106686561,4782.940106686561,1005,1240,1123
4781.007373736818,4780.882373736818,4781.132373736818,1635,1990,1813
4779.470246281315,4779.220246281315,4779.720246281315,1528,827,1178
4780.297457070164,4780.047457070164,4780.547457070164,1632,909,1271
4778.711996957869,4778.336996957869,4779.086996957869,1479,722,1101
4776.748673717981,4776.623673717981,4776.873673717981,1560,2147,1854
4777.116676174908,4776.991676174908,4777.241676174908,699,950,825
4776.935946222405,4776.685946222405,4777.185946222405,740,997,869
4777.427458571467,4777.177458571467,4777.677458571467,1757,976,1367
4780.513651656386,4780.388651656386,4780.638651656386,2372,963,1668
4779.164311427284,4778.789311427284,4779.539311427284,734,951,843
4777.582814001855,4777.457814001855,4777.707814001855,1491,1976,1734
4776.517350304712,4776.392350304712,4776.642350304712,2239,990,1615
4778.113264920811,4777.863264920811,4778.363264920811,2523,1166,1845
4777.996094261184,4777.871094261184,4778.121094261184,2534,1107,1821
4776.147853729657,4776.022853729657,4776.272853729657,2011,1854,1933
4778.029513129577,4777.904513129577,4778.154513129577,661,1342,1002
4777.2718310599075,4777.0218310599075,4777.5218310599075,1240,1003,1122
4776.5935825166025,4776.4685825166025,4776.7185825166025,1239,854,1047
4775.361489155153,4774.986489155153,4775.736489155153,713,1692,1203
4774.54289946764,4774.41789946764,4774.66789946764,1218,1995,1607
4773.435085917725,4773.310085917725,4773.560085917725,2127,866,1497
4770.811545743544,4770.686545743544,4770.936545743544,2648,933,1791
4773.174259281469,4773.049259281469,4773.299259281469,1169,1706,1438
4772.768586973528,4772.643586973528,4772.893586973528,1407,632,1020
4772.820165680008,4772.695165680008,4772.945165680008,2554,995,1775
4772.607913713636,4772.232913713636,4772.982913713636,2413,1334,1874
4773.546693052583,4773.296693052583,4773.796693052583,860,1215,1038
4770.820801452093,4770.695801452093,4770.945801452093,718,1763,1241
4772.097820209219,4771.972820209219,4772.222820209219,689,1952,1321
4769.730667591616,4769.605667591616,4769.855667591616,1035,1726,1381
4772.0634048845495,4771.8134048845495,4772.3134048845495,2216,775,1496
4772.397968562975,4772.147968562975,4772.647968562975,1825,1814,1820
4771.784407198557,4771.659407198557,4771.909407198557,1770,1715,1743
4769.279900466689,4768.904900466689,4769.654900466689,1134,1011,1073
4769.741773728041,4769.366773728041,4770.116773728041,2710,1057,1884
4767.309808776651,4767.184808776651,4767.434808776651,1184,2443,1814
4767.907887799958,4767.782887799958,4768.032887799958,839,1266,1053
4770.2179257032585,4770.0929257032585,4770.3429257032585,1489,1984,1737
4769.391804376219,4769.141804376219,4769.641804376219,1620,953,1287
4771.547770845178,4771.297770845178,4771.797770845178,1301,2114,1708
4770.583479704625,4770.458479704625,4770.708479704625,1164,939,1052
4772.736317122225,4772.361317122225,4773.111317122225,1040,1095,1068
4773.083748919289,4772.708748919289,4773.458748919289,1324,1501,1413
4773.77178676238,4773.52178676238,4774.02178676238,2000,1617,1809
4773.461600613478,4773.336600613478,4773.586600613478,1006,1949,1478
4773.738464862351,4773.363464862351,4774.113464862351,2118,1333,1726
4775.533475582371,4775.408475582371,4775.658475582371,1009,1996,1503
4775.466013856736,4775.341013856736,4775.591013856736,887,1780,1334
4773.460755948868,4773.335755948868,4773.585755948868,993,2258,1626
4772.14139005087,4771.76639005087,4772.51639005087,2287,1496,1892
4772.709077285738,4772.334077285738,4773.084077285738,1299,478,889
4775.056264726462,4774.806264726462,4775.306264726462,956,1659,1308
4776.310044024763,4776.185044024763,4776.435044024763,915,1602,1259
4774.670981287598,4774.420981287598,4774.920981287598,1317,862,1090
4776.636806127601,4776.511806127601,4776.761806127601,2218,1327,1773
4779.024361064692,4778.774361064692,4779.274361064692,1678,701,1190
4780.502650432303,4780.377650432303,4780.627650432303,1693,1870,1782
4782.194898744061,4782.069898744061,4782.319898744061,1232,587,910
4784.323955579178,4784.198955579178,4784.448955579178,850,1677,1264
4785.470801289311,4785.345801289311,4785.595801289311,1567,2116,1842
4783.157210981201,4783.032210981201,4783.282210981201,1238,1345,1292
4784.142981978104,4784.017981978104,4784.267981978104,809,1240,1025
4784.042902166639,4783.917902166639,4784.167902166639,736,1749,1243
4784.980027367991,4784.605027367991,4785.355027367991,1175,2094,1635
4785.527537889267,4785.402537889267,4785.652537889267,1669,2078,1874
4784.09592091548,4783.84592091548,4784.34592091548,1162,975,1069
4783.879667537538,4783.629667537538,4784.129667537538,1919,710,1315
4782.457303628194,4782.082303628194,4782.832303628194,822,869,846
4781.361793713972,4781.236793713972,4781.486793713972,1808,1411,1610
4778.635554219192,4778.385554219192,4778.885554219192,1141,694,918
4780.184294414907,4780.059294414907,4780.309294414907,773,872,823
4782.180533190402,4782.055533190402,4782.305533190402,1066,535,801
4780.513682352336,4780.263682352336,4780.763682352336,2281,1566,1924
4780.236769301758,4780.111769301758,4780.361769301758,1921,1352,1637
4780.636680634844,4780.511680634844,4780.761680634844,2216,743,1480
4782.769242523715,4782.644242523715,4782.894242523715,964,639,802
4783.383615241941,4783.258615241941,4783.508615241941,1109,1660,1385
4782.958683194198,4782.833683194198,4783.083683194198,1639,622,1131
4782.802765550701,4782.552765550701,4783.052765550701,1375,2410,1893
4782.179967075161,4781.929967075161,4782.429967075161,1636,1313,1475
4781.937084059643,4781.687084059643,4782.187084059643,1768,2031,1900
4780.700842304031,4780.575842304031,4780.825842304031,943,1988,1466
4780.501491465098,4780.376491465098,4780.626491465098,981,1082,1032
4782.204447366468,4782.079447366468,4782.329447366468,1188,1175,1182
4780.817110867044,4780.567110867044,4781.067110867044,1253,898,1076
4779.544116736074,4779.294116736074,4779.794116736074,737,914,826
4778.991144283017,4778.616144283017,4779.366144283017,1866,687,1277
4780.328352467995,4780.078352467995,4780.578352467995,1574,843,1209
4781.581413358405,4781.456413358405,4781.706413358405,1039,2688,1864
4781.111054180802,4780.861054180802,4781.361054180802,1063,1178,1121
4782.267592286404,4782.142592286404,4782.392592286404,1735,2060,1898
4782.809408486492,4782.434408486492,4783.184408486492,1584,1181,1383
4783.338326898786,4783.088326898786,4783.588326898786,1018,595,807
4782.601430791105,4782.476430791105,4782.726430791105,1784,2113,1949
4782.9837499668365,4782.7337499668365,4783.2337499668365,677,1016,847
4783.8169124894,4783.5669124894,4784.0669124894,2323,1136,1730
4783.139094962729,4782.764094962729,4783.514094962729,1386,565,976
4784.675400907495,4784.550400907495,4784.800400907495,555,1334,945
4784.965287649976,4784.840287649976,4785.090287649976,852,765,809
4785.400676402199,4785.275676402199,4785.525676402199,1466,2289,1878
4784.767663716878,4784.517663716878,4785.017663716878,1203,1150,1177
4787.891485920515,4787.766485920515,4788.016485920515,1466,1913,1690
4787.336151999122,4787.211151999122,4787.461151999122,1219,718,969
4785.55614178203,4785.43114178203,4785.68114178203,1222,465,844
4785.422823037677,4785.297823037677,4785.547823037677,1930,1421,1676
4783.999334306143,4783.874334306143,4784.124334306143,1813,800,1307
4784.133539248666,4784.008539248666,4784.258539248666,808,1515,1162
4788.511474301613,4788.136474301613,4788.886474301613,1250,1255,1253
4788.2671483375425,4788.1421483375425,4788.3921483375425,1324,2437,1881
4789.828432616329,4789.703432616329,4789.953432616329,1382,1727,1555
4790.810062200836,4790.685062200836,4790.935062200836,1568,1319,1444
4788.83814561593,4788.71314561593,4788.96314561593,1118,2239,1679
4790.042362332747,4789.917362332747,4790.167362332747,1475,866,1171
4788.256805688151,4788.131805688151,4788.381805688151,1879,1216,1548
4787.33792337074,4787.21292337074,4787.46292337074,1051,1932,1492
4788.775680768806,4788.650680768806,4788.900680768806,579,1528,1054
4786.298615555485,4786.048615555485,4786.548615555485,1265,488,877
4782.735973287944,4782.610973287944,4782.860973287944,531,1268,900
4783.937239240373,4783.812239240373,4784.062239240373,1487,638,1063
4781.980548583478,4781.855548583478,4782.105548583478,1003,984,994
4782.899222167697,4782.774222167697,4783.024222167697,1206,1075,1141
4780.641823019545,4780.391823019545,4780.891823019545,1122,647,885
4782.465464032274,4782.215464032274,4782.715464032274,708,1545,1127
4782.669225446825,4782.544225446825,4782.794225446825,884,1121,1003
4784.190751144233,4784.065751144233,4784.315751144233,2272,843,1558
4784.639847785811,4784.389847785811,4784.889847785811,1780,1773,1777
4781.962730582544,4781.837730582544,4782.087730582544,1023,2066,1545
4783.571238092996,4783.321238092996,4783.821238092996,1008,831,920
4785.012447779574,4784.887447779574,4785.137447779574,889,906,898
4785.03757844716,4784.91257844716,4785.16257844716,2041,736,1389
4783.909425384727,4783.784425384727,4784.034425384727,668,967,818
4782.544081208634,4782.419081208634,4782.669081208634,2432,1145,1789
4783.21856915549,4783.09356915549,4783.34356915549,863,786,825
4784.6350814432,4784.5100814432,4784.7600814432,1890,1801,1846
4784.181950803605,4784.056950803605,4784.306950803605,923,682,803
4785.2774158602115,4785.0274158602115,4785.5274158602115,2763,974,1869
4782.851740441953,4782.726740441953,4782.976740441953,1401,1760,1581
4778.237227564253,4777.987227564253,4778.487227564253,2291,1068,1680
4774.476515412796,4774.226515412796,4774.726515412796,1817,1568,1693
4772.335549835556,4772.085549835556,4772.585549835556,1485,622,1054
4761.965847566593,4761.840847566593,4762.090847566593,1041,702,872
4758.438195962261,4758.313195962261,4758.563195962261,2249,908,1579
4765.772077673723,4765.647077673723,4765.897077673723,1969,1952,1961
4766.13079711534,4765.88079711534,4766.38079711534,1180,769,975
4764.484128789887,4764.359128789887,4764.609128789887,1318,2277,1798
4766.327835911678,4766.202835911678,4766.452835911678,1904,1105,1505
4765.872618851448,4765.747618851448,4765.997618851448,486,1361,924
4760.05375467072,4759.92875467072,4760.17875467072,1760,1783,1772
4761.35105681814,4761.22605681814,4761.47605681814,760,1997,1379
4761.817565405032,4761.692565405032,4761.942565405032,1677,1122,1400
4757.62228227714,4757.37228227714,4757.87228227714,583,1520,1052
4755.718513140251,4755.468513140251,4755.968513140251,1371,1824,1598
4752.650302560754,4752.525302560754,4752.775302560754,1585,800,1193
4752.268255997598,4752.143255997598,4752.393255997598,1236,699,968
4754.4473977626285,4754.3223977626285,4754.5723977626285,1109,2032,1571
4747.796738892211,4747.546738892211,4748.046738892211,2246,1427,1837
4752.641318716392,4752.516318716392,4752.766318716392,1361,1772,1567
4749.069723004486,4748.944723004486,4749.194723004486,1933,1282,1608
4740.995535564801,4740.870535564801,4741.120535564801,1118,691,905
4741.777729681098,4741.652729681098,4741.902729681098,920,1315,1118
4744.3896797928155,4744.1396797928155,4744.6396797928155,2001,1312,1657
4750.717944412756,4750.592944412756,4750.842944412756,1152,809,981
4744.024181580445,4743.774181580445,4744.274181580445,2398,1097,1748
4742.953466519707,4742.828466519707,4743.078466519707,1455,1850,1653
4746.678755562125,4746.553755562125,4746.803755562125,727,1952,1340
4739.100265021504,4738.850265021504,4739.350265021504,2461,842,1652
4738.504661708987,4738.379661708987,4738.629661708987,1988,1957,1973
4730.318964286558,4730.068964286558,4730.568964286558,459,1234,847
4729.666970311036,4729.416970311036,4729.916970311036,1252,1963,1608
4730.974890915656,4730.599890915656,4731.349890915656,586,1739,1163
4729.29093597839,4729.16593597839,4729.41593597839,1097,1398,1248
4721.938403307194,4721.688403307194,4722.188403307194,1162,2279,1721
4723.091104906967,4722.966104906967,4723.216104906967,764,1181,973
4722.115577910821,4721.990577910821,4722.240577910821,1336,1293,1315
4722.568665377411,4722.443665377411,4722.693665377411,2618,1169,1894
4730.672256993487,4730.422256993487,4730.922256993487,841,1434,1138
4727.685059224961,4727.560059224961,4727.810059224961,1220,1957,1589
4740.0202412882145,4739.7702412882145,4740.2702412882145,1704,739,1222
4745.051717018613,4744.926717018613,4745.176717018613,1349,700,1025
4748.548080259963,4748.423080259963,4748.673080259963,1261,1646,1454
4745.572132506916,4745.322132506916,4745.822132506916,1265,652,959
4747.037790841893,4746.912790841893,4747.162790841893,1706,1371,1539
4748.704152237902,4748.579152237902,4748.829152237902,1460,1371,1416
4733.695100977381,4733.320100977381,4734.070100977381,1219,1368,1294
4729.409080857402,4729.159080857402,4729.659080857402,700,1197,949
4728.085823196746,4727.960823196746,4728.210823196746,1714,609,1162
4719.933545857814,4719.808545857814,4720.058545857814,1286,2673,1980
4721.687092075034,4721.312092075034,4722.062092075034,1300,2609,1955
4726.491328146928,4726.116328146928,4726.866328146928,1261,524,893
4713.379822158797,4713.254822158797,4713.504822158797,701,2002,1352
4711.981722458571,4711.856722458571,4712.106722458571,1347,2526,1937
4714.620958073176,4714.495958073176,4714.745958073176,612,1307,960
4714.411732140982,4714.036732140982,4714.786732140982,1218,1049,1134
4702.569630680908,4702.444630680908,4702.694630680908,1657,2290,1974
4705.583692672666,4705.458692672666,4705.708692672666,1512,1157,1335
4700.759429893539,4700.634429893539,4700.884429893539,1216,637,927
4697.777557519364,4697.527557519364,4698.027557519364,1078,1805,1442
4694.05597749721,4693.80597749721,4694.30597749721,1790,1141,1466
4693.849002242728,4693.599002242728,4694.099002242728,1112,1673,1393
4690.3278695497875,4690.2028695497875,4690.4528695497875,1382,1599,1491
4703.710685419114,4703.335685419114,4704.085685419114,931,1736,1334
4702.295276891726,4702.170276891726,4702.420276891726,1381,618,1000
4701.17507475047,4701.05007475047,4701.30007475047,1020,1929,1475
4705.2111440560875,4705.0861440560875,4705.3361440560875,1172,2139,1656
4696.347812058424,4695.972812058424,4696.722812058424,1331,2584,1958
4701.309039863174,4700.934039863174,4701.684039863174,1855,898,1377
4711.736268509129,4711.611268509129,4711.861268509129,720,975,848
4723.541289472977,4723.291289472977,4723.791289472977,777,916,847
4728.872207210819,4728.622207210819,4729.122207210819,1044,2491,1768
4734.3301584880055,4733.9551584880055,4734.7051584880055,1131,1008,1070
4744.07460749182,4743.94960749182,4744.19960749182,1148,2457,1803
4742.120347480026,4741.870347480026,4742.370347480026,832,1999,1416
4738.818275515168,4738.693275515168,4738.943275515168,550,1359,955
4739.325948007114,4739.200948007114,4739.450948007114,1214,1349,1282
4742.3180385478645,4741.9430385478645,4742.6930385478645,661,984,823
4741.8446065117,4741.7196065117,4741.9696065117,1809,876,1343
4736.147145322243,4735.772145322243,4736.522145322243,769,1328,1049
4743.136806838164,4742.886806838164,4743.386806838164,1165,830,998
4732.119597880544,4731.869597880544,4732.369597880544,1657,562,1110
4742.5149059619325,4742.2649059619325,4742.7649059619325,821,1290,1056
4746.170576908953,4746.045576908953,4746.295576908953,2357,920,1639
4736.583418083193,4736.458418083193,4736.708418083193,1614,1847,1731
4740.321721465541,4740.196721465541,4740.446721465541,2270,1665,1968
4740.513233102045,4740.388233102045,4740.638233102045,1027,1662,1345
4744.825799119105,4744.700799119105,4744.950799119105,762,1021,892
4741.047755422892,4740.672755422892,4741.422755422892,1357,1252,1305
4744.030716050039,4743.905716050039,4744.155716050039,1287,908,1098
4740.594852284683,4740.469852284683,4740.719852284683,1327,462,895
4741.429170037401,4741.304170037401,4741.554170037401,1048,737,893
4744.624769923799,4744.499769923799,4744.749769923799,1328,781,1055
4743.680104360607,4743.430104360607,4743.930104360607,1914,1221,1568
4743.740972597161,4743.490972597161,4743.990972597161,784,1881,1333
4748.64108614817,4748.51608614817,4748.76608614817,896,929,913
4744.79440345805,4744.66940345805,4744.91940345805,1275,1372,1324
4750.406225452811,4750.281225452811,4750.531225452811,1214,1075,1145
4749.371404019535,4749.121404019535,4749.621404019535,1196,697,947
4750.356416421049,4750.231416421049,4750.481416421049,1881,1584,1733
4754.793726075129,4754.418726075129,4755.168726075129,864,2411,1638
4756.250598703793,4755.875598703793,4756.625598703793,2086,843,1465
4754.092817033595,4753.842817033595,4754.342817033595,1609,1282,1446
4749.454697435788,4749.329697435788,4749.579697435788,1539,616,1078
4751.812766537054,4751.437766537054,4752.187766537054,2118,1649,1884
4746.602803542414,4746.352803542414,4746.852803542414,571,1352,962
4739.240167519903,4739.115167519903,4739.365167519903,566,1447,1007
4741.61534646163,4741.49034646163,4741.74034646163,1791,1806,1799
4738.850333247805,4738.725333247805,4738.975333247805,1003,1142,1073
4736.730980822763,4736.355980822763,4737.105980822763,1512,695,1104
4741.162987708205,4740.787987708205,4741.537987708205,1300,467,884
4746.419238173939,4746.169238173939,4746.669238173939,705,1620,1163
4748.301599568497,4748.176599568497,4748.426599568497,1821,1838,1830
4748.886080815024,4748.761080815024,4749.011080815024,1984,1511,1748
4746.1991085219925,4746.0741085219925,4746.3241085219925,1292,705,999
4743.7347256124785,4743.6097256124785,4743.8597256124785,1355,2562,1959
4743.178118042511,4742.928118042511,4743.428118042511,2131,924,1528
4739.74992987332,4739.62492987332,4739.87492987332,2133,1650,1892
4744.982809624476,4744.732809624476,4745.232809624476,1506,769,1138
4738.933197786539,4738.808197786539,4739.058197786539,1646,1877,1762
4741.429770476141,4741.304770476141,4741.554770476141,1164,1303,1234
4739.746492249126,4739.621492249126,4739.871492249126,532,1533,1033
4744.304074405698,4744.179074405698,4744.429074405698,667,1962,1315
4748.421892166258,4748.296892166258,4748.546892166258,667,1032,850
4748.6050030846745,4748.4800030846745,4748.7300030846745,929,1808,1369
4749.645768421175,4749.520768421175,4749.770768421175,1343,1190,1267
4744.777592188678,4744.527592188678,4745.027592188678,1999,758,1379
4735.189587630951,4735.064587630951,4735.314587630951,651,1200,926
4737.052640783527,4736.927640783527,4737.177640783527,1082,1347,1215
4745.258014802077,4745.133014802077,4745.383014802077,1332,2621,1977
4737.642636676476,4737.517636676476,4737.767636676476,1389,1028,1209
4743.263506386952,4743.138506386952,4743.388506386952,1655,1170,1413
4738.63693661894,4738.51193661894,4738.76193661894,1772,1125,1449
4738.346870802365,4738.221870802365,4738.471870802365,2205,1154,1680
4732.7095129343115,4732.5845129343115,4732.8345129343115,1372,1027,1200
4737.840688570922,4737.715688570922,4737.965688570922,1298,2209,1754
4727.281049383306,4727.031049383306,4727.531049383306,2355,1428,1892
4729.098855641847,4728.973855641847,4729.223855641847,1464,2265,1865
4732.943810424016,4732.693810424016,4733.193810424016,1661,1366,1514
4734.618952077604,4734.493952077604,4734.743952077604,913,808,861
4737.383657885152,4737.258657885152,4737.508657885152,1492,695,1094
4745.9565192458695,4745.8315192458695,4746.0815192458695,980,2279,1630
4744.760916143303,4744.635916143303,4744.885916143303,1201,2552,1877
4750.0096640508455,4749.8846640508455,4750.1346640508455,1041,2522,1782
4748.5791327513925,4748.4541327513925,4748.7041327513925,1133,790,962
4746.323851642497,4746.198851642497,4746.448851642497,2590,1267,1929
4743.878068957839,4743.628068957839,4744.128068957839,1765,748,1257
4741.544959983417,4741.419959983417,4741.669959983417,1076,2449,1763
4734.272464307751,4734.022464307751,4734.522464307751,2827,942,1885
4733.674712108488,4733.424712108488,4733.924712108488,1303,2118,1711
4736.789533727167,4736.664533727167,4736.914533727167,931,950,941
4726.873985839754,4726.748985839754,4726.998985839754,1541,1910,1726
4726.684040082656,4726.559040082656,4726.809040082656,1299,1270,1285
4722.550435133793,4722.175435133793,4722.925435133793,2066,1219,1643
4726.482044668479,4726.357044668479,4726.607044668479,1200,1911,1556
4722.493561706009,4722.368561706009,4722.618561706009,1463,2296,1880
4723.013330233539,4722.888330233539,4723.138330233539,1539,624,1082
4729.870211856116,4729.495211856116,4730.245211856116,1731,1522,1627
4730.373642454598,4730.248642454598,4730.498642454598,1312,2195,1754
4731.471079983057,4731.346079983057,4731.596079983057,1666,769,1218
4730.572749415736,4730.322749415736,4730.822749415736,1888,1167,1528
4731.607883605087,4731.482883605087,4731.732883605087,1292,1059,1176
4731.304784006801,4731.179784006801,4731.429784006801,1043,2866,1955
4730.235020344828,4730.110020344828,4730.360020344828,1247,724,986
4734.636456324935,4734.386456324935,4734.886456324935,1168,2417,1793
4736.148293537474,4735.773293537474,4736.523293537474,1152,539,846
4726.524848836172,4726.399848836172,4726.649848836172,1837,1212,1525
4726.473179656092,4726.348179656092,4726.598179656092,1113,1926,1520
4735.1489880657,4735.0239880657,4735.2739880657,1970,1239,1605
4738.549564728827,4738.424564728827,4738.674564728827,1881,790,1336
4734.14630421329,4733.77130421329,4734.52130421329,1173,2230,1702
4730.637025237403,4730.387025237403,4730.887025237403,1418,1149,1284
4730.310881684497,4730.185881684497,4730.435881684497,1966,665,1316
4732.930553649532,4732.805553649532,4733.055553649532,1727,810,1269
4725.90434967923,4725.77934967923,4726.02934967923,2541,964,1753
4724.45866038894,4724.33366038894,4724.58366038894,486,1163,825
4726.754931580587,4726.629931580587,4726.879931580587,1580,633,1107
4732.279288313929,4732.029288313929,4732.529288313929,1066,2551,1809
4718.495306162645,4718.370306162645,4718.620306162645,699,1174,937
4719.881807565435,4719.631807565435,4720.131807565435,1346,1359,1353
4713.453839205619,4713.203839205619,4713.703839205619,1432,757,1095
4711.48413905409,4711.35913905409,4711.60913905409,1272,669,971
4710.983047514417,4710.858047514417,4711.108047514417,1861,896,1379
4713.760327613238,4713.510327613238,4714.010327613238,1359,1108,1234
4715.07950436836,4714.82950436836,4715.32950436836,883,1954,1419
4713.743008390789,4713.618008390789,4713.868008390789,2220,907,1564
4713.930806192007,4713.680806192007,4714.180806192007,1282,1685,1484
4717.074583576578,4716.949583576578,4717.199583576578,1171,1314,1243
4710.910144410631,4710.785144410631,4711.035144410631,2005,700,1353
4721.043884354454,4720.668884354454,4721.418884354454,1443,690,1067
4716.039274111098,4715.914274111098,4716.164274111098,1467,1310,1389
4715.173638852592,4714.923638852592,4715.423638852592,1397,2204,1801
4721.651789260928,4721.401789260928,4721.901789260928,1394,1315,1355
4720.531620942412,4720.406620942412,4720.656620942412,945,2384,1665
4716.683084633855,4716.558084633855,4716.808084633855,966,2715,1841
4715.757125973012,4715.507125973012,4716.007125973012,2046,1113,1580
4709.13449798245,4708.88449798245,4709.38449798245,876,973,925
4709.752185247688,4709.627185247688,4709.877185247688,1174,689,932
4710.168245497193,4710.043245497193,4710.293245497193,2012,1571,1792
4708.951501979004,4708.576501979004,4709.326501979004,2127,1838,1983
4709.450622751431,4709.200622751431,4709.700622751431,1344,711,1028
4711.19454072432,4711.06954072432,4711.31954072432,2259,1430,1845
4712.202022705376,4711.827022705376,4712.577022705376,1946,709,1328
4714.074089158518,4713.824089158518,4714.324089158518,1433,1616,1525
4714.671100866294,4714.546100866294,4714.796100866294,1656,1443,1550
4715.597614282567,4715.472614282567,4715.722614282567,1287,1822,1555
4718.737206716141,4718.487206716141,4718.987206716141,1758,1985,1872
4720.2270687269565,4719.8520687269565,4720.6020687269565,2876,971,1924
4717.7399570109155,4717.6149570109155,4717.8649570109155,1383,470,927
4718.60908822401,4718.48408822401,4718.73408822401,2513,906,1710
4717.026507289169,4716.901507289169,4717.151507289169,779,1008,894
4718.747760625093,4718.622760625093,4718.872760625093,1165,842,1004
4716.829929506533,4716.454929506533,4717.204929506533,648,1269,959
4719.847254862305,4719.722254862305,4719.972254862305,774,1839,1307
4720.075380662447,4719.950380662447,4720.200380662447,1372,747,1060
4721.601730800621,4721.476730800621,4721.726730800621,1307,1132,1220
4721.199482426089,4721.074482426089,4721.324482426089,983,2846,1915
4719.330116052353,4719.205116052353,4719.455116052353,2737,986,1862
4719.783114312043,4719.658114312043,4719.908114312043,1405,898,1152
4720.020213749652,4719.895213749652,4720.145213749652,1795,800,1298
4719.144193845527,4718.894193845527,4719.394193845527,703,1804,1254
4719.815951704983,4719.690951704983,4719.940951704983,833,944,889
4719.162105789569,4718.912105789569,4719.412105789569,1664,961,1313
4721.4207280138035,4721.2957280138035,4721.5457280138035,940,779,860
4722.967535141591,4722.717535141591,4723.217535141591,1487,1240,1364
4723.73379980483,4723.48379980483,4723.98379980483,1367,1650,1509
4722.843927911522,4722.718927911522,4722.968927911522,1340,2503,1922
4722.659535423553,4722.534535423553,4722.784535423553,1277,2348,1813
4721.141608761077,4721.016608761077,4721.266608761077,1662,767,1215
4722.435459413636,4722.310459413636,4722.560459413636,979,1718,1349
4719.57132778725,4719.44632778725,4719.69632778725,1067,1266,1167
4717.449089668742,4717.074089668742,4717.824089668742,1316,1559,1438
4716.395472847625,4716.145472847625,4716.645472847625,1568,2275,1922
4715.742596990715,4715.617596990715,4715.867596990715,2198,1271,1735
4715.936688837798,4715.686688837798,4716.186688837798,917,2696,1807
4716.5456001703815,4716.4206001703815,4716.6706001703815,888,1789,1339
4714.302717033639,4714.177717033639,4714.427717033639,1048,1331,1190
4713.703604266119,4713.578604266119,4713.828604266119,685,1874,1280
4711.784161354016,4711.534161354016,4712.034161354016,839,1198,1019
4713.168576498282,4712.793576498282,4713.543576498282,670,1559,1115
4716.1701402755425,4716.0451402755425,4716.2951402755425,1746,1575,1661
4717.770502611071,4717.645502611071,4717.895502611071,1163,1052,1108
4717.385927145569,4717.135927145569,4717.635927145569,1354,1447,1401
4716.622808191094,4716.497808191094,4716.747808191094,949,2336,1643
4716.739125190781,4716.614125190781,4716.864125190781,1773,1414,1594
4716.205850916219,4715.955850916219,4716.455850916219,1650,1797,1724
4715.50448916743,4715.37948916743,4715.62948916743,714,1589,1152
4714.830143764512,4714.580143764512,4715.080143764512,1007,660,834
4715.922097450525,4715.797097450525,4716.047097450525,1938,807,1373
4713.573383067078,4713.198383067078,4713.948383067078,1349,2064,1707
4711.908534319754,4711.783534319754,4712.033534319754,1403,540,972
4713.245982270304,4712.995982270304,4713.495982270304,485,1338,912
4713.74834071897,4713.49834071897,4713.99834071897,1133,1188,1161
4714.407161243632,4714.157161243632,4714.657161243632,1820,1655,1738
4714.635437268596,4714.260437268596,4715.010437268596,1415,676,1046
4716.171816819158,4715.796816819158,4716.546816819158,877,744,811
4715.5061212330365,4715.3811212330365,4715.6311212330365,1123,1186,1155
4716.946091905491,4716.821091905491,4717.071091905491,1440,581,1011
4718.585440323807,4718.335440323807,4718.835440323807,2158,899,1529
4716.367957963615,4716.117957963615,4716.617957963615,1968,949,1459
4716.305471469555,4716.180471469555,4716.430471469555,805,1178,992
4715.291155851362,4715.166155851362,4715.416155851362,1370,505,938
4715.292435664588,4715.167435664588,4715.417435664588,1370,1233,1302
4713.995551315063,4713.870551315063,4714.120551315063,934,1093,1014
4709.679676585252,4709.554676585252,4709.804676585252,902,1639,1271
4708.712897798894,4708.587897798894,4708.837897798894,1157,1046,1102
4710.477856644283,4710.352856644283,4710.602856644283,1311,1304,1308
4711.339710010621,4710.964710010621,4711.714710010621,1598,1003,1301
4712.131030296668,4712.006030296668,4712.256030296668,2325,1142,1734
4710.015122065682,4709.765122065682,4710.265122065682,1676,651,1164
4710.8402755682355,4710.7152755682355,4710.9652755682355,1321,1306,1314
4709.607659083179,4709.482659083179,4709.732659083179,1835,1232,1534
4711.052694965924,4710.927694965924,4711.177694965924,993,924,959
4714.030693220607,4713.655693220607,4714.405693220607,1463,816,1140
4712.425808812971,4712.300808812971,4712.550808812971,1856,887,1372
4711.330036235851,4711.080036235851,4711.580036235851,2619,980,1800
4712.417787745876,4712.292787745876,4712.542787745876,1556,2353,1955
4710.936265710956,4710.811265710956,4711.061265710956,1100,697,899
4712.379306735149,4712.254306735149,4712.504306735149,908,1269,1089
4706.986469960941,4706.736469960941,4707.236469960941,2238,1495,1867
4708.23280704298,4708.10780704298,4708.35780704298,716,1883,1300
4708.128403019708,4708.003403019708,4708.253403019708,710,1313,1012
4709.595800688902,4709.470800688902,4709.720800688902,1515,604,1060
4710.297394922304,4709.922394922304,4710.672394922304,1061,2128,1595
4711.051861946117,4710.926861946117,4711.176861946117,1782,1593,1688
4708.280778914334,4708.155778914334,4708.405778914334,1074,1573,1324
4707.900318333363,4707.525318333363,4708.275318333363,1256,2503,1880
4709.522428419106,4709.397428419106,4709.647428419106,1727,866,1297
4708.822302293149,4708.447302293149,4709.197302293149,1103,1678,1391
4710.108600354847,4709.983600354847,4710.233600354847,743,1516,1130
4709.800613846296,4709.675613846296,4709.925613846296,1133,2580,1857
4710.0850694193805,4709.9600694193805,4710.2100694193805,1475,2324,1900
4710.241990554716,4709.991990554716,4710.491990554716,1633,1014,1324
4707.9071014935935,4707.7821014935935,4708.0321014935935,2267,1042,1655
4707.042352916137,4706.792352916137,4707.292352916137,1681,1604,1643
4705.50228442206,4705.37728442206,4705.62728442206,2523,1394,1959
4704.20928872981,4704.08428872981,4704.33428872981,1029,2254,1642
4701.997459838815,4701.872459838815,4702.122459838815,1218,2583,1901
4701.566128799015,4701.316128799015,4701.816128799015,1524,1663,1594
4702.230969684811,4702.105969684811,4702.355969684811,1714,725,1220
4702.650864279085,4702.525864279085,4702.775864279085,671,1856,1264
4701.569555992476,4701.319555992476,4701.819555992476,1665,1782,1724
4701.403036245176,4701.153036245176,4701.653036245176,1369,854,1112
4699.105379646049,4698.980379646049,4699.230379646049,979,2678,1829
4699.513665268405,4699.263665268405,4699.763665268405,788,2183,1486
4698.33162664472,4698.08162664472,4698.58162664472,1384,2133,1759
4699.876364163321,4699.751364163321,4700.001364163321,2797,934,1866
4702.40630684672,4702.28130684672,4702.53130684672,483,1122,803
4702.567784729291,4702.317784729291,4702.817784729291,1603,2392,1998
4706.257151384119,4705.882151384119,4706.632151384119,504,1295,900
4707.307695168083,4707.182695168083,4707.432695168083,1532,599,1066
4704.972830322683,4704.847830322683,4705.097830322683,1027,2596,1812
4703.315637170446,4702.940637170446,4703.690637170446,1114,2593,1854
4703.075233401825,4702.950233401825,4703.200233401825,721,1730,1226
4702.895803053906,4702.645803053906,4703.145803053906,1462,613,1038
4699.65886197947,4699.53386197947,4699.78386197947,1261,2076,1669
4700.258403092923,4700.133403092923,4700.383403092923,2109,928,1519
4699.945193610488,4699.820193610488,4700.070193610488,2023,790,1407
4700.111475342149,4699.986475342149,4700.236475342149,1076,1359,1218
4699.906105144244,4699.781105144244,4700.031105144244,625,1826,1226
4699.903929327173,4699.778929327173,4700.028929327173,1356,1577,1467
4698.550255735392,4698.175255735392,4698.925255735392,597,1198,898
4698.017687366906,4697.642687366906,4698.392687366906,2252,1285,1769
4698.022814224181,4697.897814224181,4698.147814224181,1558,2383,1971
4700.972128023947,4700.722128023947,4701.222128023947,1406,959,1183
4699.711167687115,4699.586167687115,4699.836167687115,873,888,881
4699.0905188692095,4698.8405188692095,4699.3405188692095,1665,1472,1569
4696.680007533657,4696.430007533657,4696.930007533657,2534,1197,1866
4701.738033043617,4701.613033043617,4701.863033043617,634,983,809
4699.090168237583,4698.965168237583,4699.215168237583,1078,769,924
4698.373808149013,4698.123808149013,4698.623808149013,1157,1852,1505
4697.028302965193,4696.903302965193,4697.153302965193,1064,807,936
4697.154483210993,4697.029483210993,4697.279483210993,2015,1092,1554
4698.741942968655,4698.616942968655,4698.866942968655,771,1286,1029
4699.947593711522,4699.822593711522,4700.072593711522,1034,1451,1243
4700.498056059892,4700.373056059892,4700.623056059892,1352,697,1025
4701.609843225531,4701.484843225531,4701.734843225531,1863,1534,1699
4700.28009440364,4699.90509440364,4700.65509440364,1639,2056,1848
4699.289346605227,4699.164346605227,4699.414346605227,1129,2548,1839
4698.059527965206,4697.934527965206,4698.184527965206,677,1738,1208
4700.822333224805,4700.697333224805,4700.947333224805,1755,912,1334
4699.2773537095645,4699.0273537095645,4699.5273537095645,920,759,840
4697.904517384646,4697.779517384646,4698.029517384646,689,2024,1357
4697.654436352521,4697.529436352521,4697.779436352521,2197,804,1501
4698.818160686696,4698.568160686696,4699.068160686696,1479,540,1010
4698.690237748848,4698.565237748848,4698.815237748848,2287,1662,1975
4701.950636351417,4701.825636351417,4702.075636351417,2111,1836,1974
4701.526600295433,4701.276600295433,4701.776600295433,897,1668,1283
4703.0873581598635,4702.9623581598635,4703.2123581598635,1318,1019,1169
4701.8268441020455,4701.7018441020455,4701.9518441020455,1102,933,1018
4703.361686310159,4703.111686310159,4703.611686310159,1943,1656,1800
4703.475780520025,4703.350780520025,4703.600780520025,874,1011,943
4705.982236454814,4705.857236454814,4706.107236454814,1219,1624,1422
4708.60635128264,4708.48135128264,4708.73135128264,1025,854,940
4706.494617705534,4706.119617705534,4706.869617705534,2124,1685,1905
4706.907971639263,4706.782971639263,4707.032971639263,1216,1627,1422
4706.402663065703,4706.277663065703,4706.527663065703,2153,1150,1652
4706.513881705868,4706.263881705868,4706.763881705868,1564,775,1170
4705.874936309814,4705.749936309814,4705.999936309814,1406,1355,1381
4706.000807517223,4705.875807517223,4706.125807517223,2103,916,1510
4704.846182533922,4704.596182533922,4705.096182533922,1014,2867,1941
4706.182304773699,4706.057304773699,4706.307304773699,919,1442,1181
4708.000383046232,4707.875383046232,4708.125383046232,1402,679,1041
4708.1329248054935,4708.0079248054935,4708.2579248054935,1332,2107,1720
4706.857074625183,4706.732074625183,4706.982074625183,1728,1253,1491
4702.737117923776,4702.612117923776,4702.862117923776,1325,2028,1677
4703.339979647433,4703.214979647433,4703.464979647433,609,1186,898
4704.12555159043,4704.00055159043,4704.25055159043,1439,1066,1253
4705.961834619932,4705.836834619932,4706.086834619932,861,906,884
4704.736064791374,4704.486064791374,4704.986064791374,2095,1228,1662
4705.696989372118,4705.571989372118,4705.821989372118,1544,1689,1617
4703.497984119164,4703.247984119164,4703.747984119164,2226,959,1593
4705.190530104793,4704.815530104793,4705.565530104793,2720,1025,1873
4705.679777787024,4705.554777787024,4705.804777787024,2070,1181,1626
4705.214959769788,4705.089959769788,4705.339959769788,1327,1310,1319
4704.8564650061,4704.4814650061,4705.2314650061,753,2190,1472
4705.837283520772,4705.712283520772,4705.962283520772,847,930,889
4705.647940859034,4705.272940859034,4706.022940859034,469,1318,894
4707.592346733845,4707.467346733845,4707.717346733845,1598,865,1232
4705.345289627217,4705.220289627217,4705.470289627217,1375,1744,1560
4708.572117755551,4708.447117755551,4708.697117755551,664,1893,1279
4706.713922870451,4706.463922870451,4706.963922870451,1740,651,1196
4706.410634789924,4706.160634789924,4706.660634789924,1741,1818,1780
4706.851166504184,4706.601166504184,4707.101166504184,988,727,858
4706.0644440733395,4705.8144440733395,4706.3144440733395,1265,2250,1758
4705.325247396241,4705.200247396241,4705.450247396241,1380,1683,1532
4704.938666662015,4704.813666662015,4705.063666662015,2199,1736,1968
4704.449826556088,4704.324826556088,4704.574826556088,1103,2792,1948
4703.45910223846,4703.20910223846,4703.70910223846,559,1648,1104
4703.39550811496,4703.27050811496,4703.52050811496,603,1160,882
4704.222081686481,4704.097081686481,4704.347081686481,1364,2243,1804
4706.52567180378,4706.40067180378,4706.65067180378,1176,849,1013
4702.206187230809,4701.956187230809,4702.456187230809,1068,2575,1822
4700.869671328721,4700.619671328721,4701.119671328721,1860,817,1339
4700.789137345466,4700.414137345466,4701.164137345466,2016,841,1429
4701.492381678724,4701.242381678724,4701.742381678724,1973,1578,1776
4700.622749993927,4700.497749993927,4700.747749993927,631,1074,853
4698.5281274681865,4698.4031274681865,4698.6531274681865,822,1351,1087
4704.6826644296425,4704.5576644296425,4704.8076644296425,1772,1411,1592
4706.603511608139,4706.478511608139,4706.728511608139,946,1477,1212
4707.355886484449,4707.105886484449,4707.605886484449,1604,985,1295
4701.915044935942,4701.790044935942,4702.040044935942,870,951,911
4702.900025440448,4702.650025440448,4703.150025440448,579,1570,1075
4705.353704069951,4705.103704069951,4705.603704069951,1318,2653,1986
4701.736646151143,4701.486646151143,4701.986646151143,825,882,854
4701.9436202984425,4701.8186202984425,4702.0686202984425,1608,2195,1902
4698.925611518149,4698.800611518149,4699.050611518149,817,1596,1207
4693.481722728959,4693.356722728959,4693.606722728959,2497,1042,1770
4685.643747127191,4685.393747127191,4685.893747127191,1928,821,1375
4689.596138213481,4689.471138213481,4689.721138213481,1224,2479,1852
4691.367418799501,4690.992418799501,4691.742418799501,682,1757,1220
4688.102569739131,4687.977569739131,4688.227569739131,2352,1447,1900
4684.958467148883,4684.708467148883,4685.208467148883,654,1775,1215
4677.788847384679,4677.663847384679,4677.913847384679,2799,970,1885
4676.48736004673,4676.23736004673,4676.73736004673,1037,1076,1057
4670.204106083804,4670.079106083804,4670.329106083804,798,1347,1073
4672.041711952568,4671.916711952568,4672.166711952568,762,2081,1422
4675.3122933460545,4675.0622933460545,4675.5622933460545,1621,898,1260
4670.712167561975,4670.587167561975,4670.837167561975,1581,586,1084
4665.395679586156,4665.145679586156,4665.645679586156,1211,2778,1995
4666.631862162743,4666.506862162743,4666.756862162743,1557,1834,1696
4667.162541236629,4666.787541236629,4667.537541236629,1325,476,901
4671.272298950622,4671.147298950622,4671.397298950622,1233,814,1024
4666.507541456123,4666.382541456123,4666.632541456123,1238,1977,1608
4664.78520776171,4664.66020776171,4664.91020776171,745,1988,1367
4670.052427442198,4669.927427442198,4670.177427442198,804,1951,1378
4666.512311291796,4666.387311291796,4666.637311291796,2516,1033,1775
4665.762980697711,4665.637980697711,4665.887980697711,2532,951,1742
4670.078339818624,4669.828339818624,4670.328339818624,739,1536,1138
4671.297891978147,4671.172891978147,4671.422891978147,1265,2424,1845
4673.019925157023,4672.894925157023,4673.144925157023,2223,860,1542
4674.545105727629,4674.420105727629,4674.670105727629,1381,2428,1905
4677.765883549409,4677.515883549409,4678.015883549409,780,989,885
4675.068933983736,4674.693933983736,4675.443933983736,1323,1926,1625
4668.938042976875,4668.813042976875,4669.063042976875,1631,1404,1518
4667.388292289547,4667.138292289547,4667.638292289547,1466,1295,1381
4668.219350962604,4668.094350962604,4668.344350962604,1180,1123,1152
4662.617193084058,4662.492193084058,4662.742193084058,1705,706,1206
4668.435275044683,4668.060275044683,4668.810275044683,1115,1242,1179
4672.126722493219,4672.001722493219,4672.251722493219,1070,847,959
4666.382266566031,4666.132266566031,4666.632266566031,2517,994,1756
4667.133409508462,4666.883409508462,4667.383409508462,894,909,902
4667.7768401295,4667.5268401295,4668.0268401295,1065,1698,1382
4664.48931440237,4664.36431440237,4664.61431440237,1534,789,1162
4660.770778452018,4660.645778452018,4660.895778452018,504,1181,843
4663.276675583839,4663.026675583839,4663.526675583839,1324,1349,1337
4668.2594518166115,4668.1344518166115,4668.3844518166115,986,2343,1665
4665.976093184867,4665.726093184867,4666.226093184867,1068,1325,1197
4670.545227320918,4670.420227320918,4670.670227320918,1423,1084,1254
4671.096231206489,4670.971231206489,4671.221231206489,571,1436,1004
4669.449769411046,4669.324769411046,4669.574769411046,1148,1155,1152
4665.407282925221,4665.282282925221,4665.532282925221,1421,2156,1789
4664.400002091427,4664.150002091427,4664.650002091427,897,1872,1385
4668.93490651468,4668.68490651468,4669.18490651468,1485,1042,1264
4667.329039376662,4667.204039376662,4667.454039376662,1178,701,940
4658.516522647994,4658.391522647994,4658.641522647994,1712,843,1278
4653.64613910255,4653.52113910255,4653.77113910255,995,924,960
4653.585770590461,4653.460770590461,4653.710770590461,1194,1131,1163
4655.64903019354,4655.39903019354,4655.89903019354,2218,853,1536
4655.876440071414,4655.751440071414,4656.001440071414,1504,1049,1277
4645.2071611505935,4644.9571611505935,4645.4571611505935,1375,686,1031
4646.976200384185,4646.851200384185,4647.101200384185,2113,1854,1984
4641.607967644468,4641.482967644468,4641.732967644468,1522,1343,1433
4637.495304695484,4637.245304695484,4637.745304695484,1583,1860,1722
4637.157973098115,4637.032973098115,4637.282973098115,1129,1000,1065
4635.503346935315,4635.378346935315,4635.628346935315,1161,448,805
4634.307884675763,4634.182884675763,4634.432884675763,1567,2218,1893
4634.121514125397,4633.871514125397,4634.371514125397,637,1116,877
4629.395416569381,4629.145416569381,4629.645416569381,1803,2092,1948
4630.005266929125,4629.880266929125,4630.130266929125,1379,528,954
4628.3901825259045,4628.2651825259045,4628.5151825259045,682,1065,874
4631.850656570228,4631.725656570228,4631.975656570228,1234,587,911
4627.917426814158,4627.792426814158,4628.042426814158,905,1992,1449
4631.604546678937,4631.479546678937,4631.729546678937,1278,2279,1779
4633.946180156664,4633.821180156664,4634.071180156664,2109,1158,1634
4637.337058907727,4637.087058907727,4637.587058907727,2154,1791,1973
4639.292971412848,4639.042971412848,4639.542971412848,1012,1155,1084
4643.027701459021,4642.777701459021,4643.277701459021,578,1085,832
4646.688710272278,4646.563710272278,4646.813710272278,718,1771,1245
4650.364701189373,4650.239701189373,4650.489701189373,1503,1430,1467
4644.970993807076,4644.845993807076,4645.095993807076,1492,1893,1693
4642.904521427217,4642.779521427217,4643.029521427217,2748,985,1867
4645.87760167236,4645.75260167236,4646.00260167236,522,1339,931
4644.343954266669,4644.093954266669,4644.593954266669,2222,1527,1875
4646.402260638368,4646.277260638368,4646.527260638368,1831,1492,1662
4650.054594301127,4649.929594301127,4650.179594301127,1583,776,1180
4652.906311164754,4652.656311164754,4653.156311164754,1494,539,1017
4652.432860128656,4652.307860128656,4652.557860128656,2033,1802,1918
4658.140265961887,4657.890265961887,4658.390265961887,1021,1838,1430
4663.274887839739,4663.149887839739,4663.399887839739,845,1292,1069
4657.742192402036,4657.617192402036,4657.867192402036,1740,1787,1764
4661.60680206889,4661.35680206889,4661.85680206889,1094,2893,1994
4659.871135837321,4659.746135837321,4659.996135837321,2517,1070,1794
4654.81210489212,4654.56210489212,4655.06210489212,1190,425,808
4649.956519074357,4649.831519074357,4650.081519074357,1499,2302,1901
4646.904108435187,4646.779108435187,4647.029108435187,750,1575,1163
4648.360190385821,4647.985190385821,4648.735190385821,700,1831,1266
4655.419931191883,4655.044931191883,4655.794931191883,671,1692,1182
4660.389479818625,4660.139479818625,4660.639479818625,1068,987,1028
4664.838650061883,4664.588650061883,4665.088650061883,2311,816,1564
4661.596463508929,4661.346463508929,4661.846463508929,1544,1621,1583
4659.733126048768,4659.483126048768,4659.983126048768,787,900,844
4661.949876186981,4661.824876186981,4662.074876186981,1548,1593,1571
4656.4525256716415,4656.3275256716415,4656.5775256716415,2243,1400,1822
4656.875364578668,4656.750364578668,4657.000364578668,2473,1394,1934
4655.120393984224,4654.870393984224,4655.370393984224,1857,832,1345
4650.343682122185,4650.218682122185,4650.468682122185,829,880,855
4650.029404499159,4649.904404499159,4650.154404499159,2105,1642,1874
4654.679935988517,4654.554935988517,4654.804935988517,1337,580,959
4659.945936861349,4659.695936861349,4660.195936861349,708,1817,1263
4654.198520148014,4654.073520148014,4654.323520148014,1987,1472,1730
4655.553078401729,4655.428078401729,4655.678078401729,1194,1039,1117
4653.539613763188,4653.414613763188,4653.664613763188,2061,1458,1760
4650.241125094398,4649.991125094398,4650.491125094398,1103,980,1042
4650.704650970076,4650.579650970076,4650.829650970076,1933,1434,1684
4649.647376934565,4649.522376934565,4649.772376934565,1589,1502,1546
4647.885094198879,4647.760094198879,4648.010094198879,1299,760,1030
4647.267032938633,4647.142032938633,4647.392032938633,1306,1249,1278
4646.300527517764,4646.175527517764,4646.425527517764,1906,1775,1841
4647.907423839361,4647.532423839361,4648.282423839361,1021,938,980
4647.947647209919,4647.822647209919,4648.072647209919,2524,1185,1855
4650.406208508562,4650.281208508562,4650.531208508562,1197,622,910
4640.896524008527,4640.771524008527,4641.021524008527,2163,1604,1884
4643.522785942678,4643.272785942678,4643.772785942678,909,2002,1456
4649.312366790164,4649.062366790164,4649.562366790164,1168,1137,1153
4644.835079556675,4644.710079556675,4644.960079556675,2682,999,1841
4639.267121629655,4639.017121629655,4639.517121629655,1403,778,1091
4644.6236398207675,4644.4986398207675,4644.7486398207675,584,1159,872
4641.134797188512,4640.884797188512,4641.384797188512,2177,1402,1790
4639.88135520099,4639.75635520099,4640.00635520099,1293,1204,1249
4636.006524397566,4635.756524397566,4636.256524397566,635,990,813
4630.663606319704,4630.413606319704,4630.913606319704,1908,1205,1557
4630.411264243614,4630.286264243614,4630.536264243614,1696,1999,1848
4633.324845118663,4633.199845118663,4633.449845118663,1330,1315,1323
4638.045280621493,4637.920280621493,4638.170280621493,1480,607,1044
4642.8215687102,4642.6965687102,4642.9465687102,1170,2609,1890
4647.204395183711,4647.079395183711,4647.329395183711,1440,575,1008
4642.808910487416,4642.558910487416,4643.058910487416,604,1113,859
4642.8229957199965,4642.6979957199965,4642.9479957199965,931,854,893
4640.776206436561,4640.651206436561,4640.901206436561,984,2837,1911
4642.468032859782,4642.218032859782,4642.718032859782,517,1316,917
4641.482173527105,4641.357173527105,4641.607173527105,818,1031,925
4637.745382416449,4637.620382416449,4637.870382416449,1319,826,1073
4631.702991381353,4631.577991381353,4631.827991381353,863,1814,1339
4636.711717105249,4636.461717105249,4636.961717105249,2162,1065,1614
4636.723051361423,4636.348051361423,4637.098051361423,1836,1221,1529
4637.967008181985,4637.842008181985,4638.092008181985,2282,1153,1718
4632.130043058049,4632.005043058049,4632.255043058049,1157,588,873
4629.87650617743,4629.62650617743,4630.12650617743,600,1585,1093
4636.22720132112,4636.10220132112,4636.35220132112,1469,1200,1335
4636.811576006588,4636.561576006588,4637.061576006588,1244,2331,1788
4638.828315580636,4638.703315580636,4638.953315580636,1026,2941,1984
4646.558563106945,4646.433563106945,4646.683563106945,2434,891,1663
4646.570850081762,4646.445850081762,4646.695850081762,1017,1156,1087
4648.952068213417,4648.702068213417,4649.202068213417,1547,2042,1795
4651.573543223378,4651.448543223378,4651.698543223378,2061,1718,1890
4649.772506666609,4649.397506666609,4650.147506666609,893,1910,1402
4647.487352960882,4647.237352960882,4647.737352960882,1224,635,930
4646.47498698334,4646.34998698334,4646.59998698334,2392,1163,1778
4641.668320781455,4641.418320781455,4641.918320781455,2512,1261,1887
4645.298055307035,4645.173055307035,4645.423055307035,1477,2494,1986
4647.720297036089,4647.470297036089,4647.970297036089,1186,1045,1116
4646.538410160165,4646.288410160165,4646.788410160165,1871,998,1435
4640.936942791226,4640.561942791226,4641.311942791226,898,1455,1177
4637.5463879803865,4637.1713879803865,4637.9213879803865,2723,946,1835
4630.822607623025,4630.572607623025,4631.072607623025,593,1216,905
4634.896115414682,4634.771115414682,4635.021115414682,935,1058,997
4640.204066658011,4640.079066658011,4640.329066658011,785,1064,925
4644.615067186399,4644.490067186399,4644.740067186399,1348,949,1149
4645.506412803676,4645.131412803676,4645.881412803676,2081,1780,1931
4644.527293407059,4644.402293407059,4644.652293407059,1478,2381,1930
4653.1060802441225,4652.8560802441225,4653.3560802441225,1709,1952,1831
4659.035215364895,4658.910215364895,4659.160215364895,1434,1237,1336
4661.51971934579,4661.26971934579,4661.76971934579,2348,919,1634
4664.112817927199,4663.862817927199,4664.362817927199,802,1063,933
4664.498794102504,4664.248794102504,4664.748794102504,582,1113,848
4663.371340999441,4662.996340999441,4663.746340999441,1655,1094,1375
4658.286932781953,4658.161932781953,4658.411932781953,2349,1538,1944
4662.005703935759,4661.880703935759,4662.130703935759,1014,829,922
4662.700017786175,4662.450017786175,4662.950017786175,1173,842,1008
4660.228104157926,4660.103104157926,4660.353104157926,1575,1246,1411
4660.380009314578,4660.255009314578,4660.505009314578,1399,2186,1793
4657.314085016268,4657.189085016268,4657.439085016268,937,1058,998
4659.597951207924,4659.472951207924,4659.722951207924,1415,2062,1739
4659.707809623979,4659.582809623979,4659.832809623979,2473,1384,1929
4657.834800225046,4657.709800225046,4657.959800225046,691,2008,1350
4657.443110763969,4657.068110763969,4657.818110763969,2026,1213,1620
4654.984948638744,4654.859948638744,4655.109948638744,1953,1800,1877
4657.697394472827,4657.572394472827,4657.822394472827,1786,1533,1660
4655.339142962303,4655.214142962303,4655.464142962303,2418,881,1650
4645.911446685881,4645.786446685881,4646.036446685881,813,1700,1257
4643.51661781143,4643.39161781143,4643.64161781143,1615,1350,1483
4636.826058747055,4636.576058747055,4637.076058747055,1092,1593,1343
4636.041896765831,4635.916896765831,4636.166896765831,1002,1759,1381
4632.609217738787,4632.234217738787,4632.984217738787,1370,611,991
4633.0393907751195,4632.9143907751195,4633.1643907751195,978,2205,1592
4633.257335390255,4633.007335390255,4633.507335390255,1209,2472,1841
4631.982854851588,4631.607854851588,4632.357854851588,1978,1675,1827
4627.596812204743,4627.471812204743,4627.721812204743,1220,1431,1326
4632.856846137409,4632.731846137409,4632.981846137409,1654,1541,1598
4627.870057985088,4627.745057985088,4627.995057985088,429,1218,824
4629.249841140019,4628.874841140019,4629.624841140019,1464,1553,1509
4625.277919599675,4625.152919599675,4625.402919599675,1790,1899,1845
4625.858380386882,4625.608380386882,4626.108380386882,1207,1204,1206
4627.154416019309,4626.904416019309,4627.404416019309,1116,665,891
4624.505283081118,4624.380283081118,4624.630283081118,1645,1360,1503
4622.899105716698,4622.774105716698,4623.024105716698,1149,1508,1329
4617.357039075793,4616.982039075793,4617.732039075793,935,2670,1803
4615.659968540434,4615.409968540434,4615.909968540434,1224,2227,1726
4620.884085194396,4620.759085194396,4621.009085194396,1266,1361,1314
4624.35499934425,4624.10499934425,4624.60499934425,969,904,937
4620.487773921834,4620.237773921834,4620.737773921834,644,1129,887
4619.6400963125225,4619.2650963125225,4620.0150963125225,1390,689,1040
4622.051130565992,4621.926130565992,4622.176130565992,1018,1887,1453
4623.908006957376,4623.658006957376,4624.158006957376,814,1735,1275
4622.992166868142,4622.867166868142,4623.117166868142,2538,1029,1784
4620.230892544662,4619.855892544662,4620.605892544662,618,1085,852
4622.770578602205,4622.645578602205,4622.895578602205,1737,1050,1394
4623.913067197646,4623.663067197646,4624.163067197646,739,1666,1203
4628.399566606657,4628.274566606657,4628.524566606657,858,835,847
4627.9744555254565,4627.8494555254565,4628.0994555254565,2008,1813,1911
4626.477596465562,4626.352596465562,4626.602596465562,1459,1512,1486
4629.159934360601,4629.034934360601,4629.284934360601,1056,2905,1981
4629.025899707854,4628.900899707854,4629.150899707854,1083,2550,1817
4632.167027153829,4632.042027153829,4632.292027153829,1456,2189,1823
4638.207246461966,4638.082246461966,4638.332246461966,960,1449,1205
4644.4830706678,4644.3580706678,4644.6080706678,1709,1252,1481
4641.583469049912,4641.458469049912,4641.708469049912,1180,1963,1572
4637.777350535758,4637.527350535758,4638.027350535758,686,1813,1250
4634.589217562704,4634.464217562704,4634.714217562704,1309,914,1112
4632.696401633315,4632.446401633315,4632.946401633315,1220,925,1073
4635.0416714383855,4634.7916714383855,4635.2916714383855,1121,618,870
4631.289759077718,4631.039759077718,4631.539759077718,1018,1691,1355
4633.64985445563,4633.52485445563,4633.77485445563,1189,2216,1703
4634.706612808164,4634.581612808164,4634.831612808164,1605,1720,1663
4635.64749313498,4635.52249313498,4635.77249313498,1923,1940,1932
4634.893440410501,4634.518440410501,4635.268440410501,1597,1240,1419
4630.146495409983,4629.896495409983,4630.396495409983,1863,892,1378
4627.4525378674625,4627.3275378674625,4627.5775378674625,2608,1081,1845
4624.809510079095,4624.434510079095,4625.184510079095,659,1006,833
4622.657845319805,4622.532845319805,4622.782845319805,799,2196,1498
4627.963267564692,4627.838267564692,4628.088267564692,1447,926,1187
4627.634689952555,4627.509689952555,4627.759689952555,1527,1172,1350
4626.575055584728,4626.450055584728,4626.700055584728,1005,2392,1699
4622.883049767982,4622.758049767982,4623.008049767982,883,1636,1260
4620.641811482083,4620.266811482083,4621.016811482083,1625,2278,1952
4618.083194207551,4617.958194207551,4618.208194207551,2345,1558,1952
4617.0417563684405,4616.9167563684405,4617.1667563684405,831,1662,1247
4615.312898633429,4615.187898633429,4615.437898633429,1355,1610,1483
4622.720631687995,4622.470631687995,4622.970631687995,588,1297,943
4626.022251504527,4625.772251504527,4626.272251504527,688,1003,846
4629.044416575002,4628.919416575002,4629.169416575002,555,1352,954
4626.131653016873,4626.006653016873,4626.256653016873,1122,2495,1809
4626.4180812525165,4626.2930812525165,4626.5430812525165,2136,883,1510
4620.662492282657,4620.412492282657,4620.912492282657,1254,1621,1438
4628.592187461267,4628.467187461267,4628.717187461267,1291,1486,1389
4627.961367685285,4627.836367685285,4628.086367685285,1376,1389,1383
4634.614874029511,4634.489874029511,4634.739874029511,944,1463,1204
4631.297944076677,4631.172944076677,4631.422944076677,1659,1982,1821
4623.2399485405695,4622.8649485405695,4623.6149485405695,1345,570,958
4621.407888283886,4621.157888283886,4621.657888283886,2532,1139,1836
4621.311264963957,4621.061264963957,4621.561264963957,1904,1321,1613
4622.690584788443,4622.315584788443,4623.065584788443,1236,819,1028
4625.3932367453735,4625.2682367453735,4625.5182367453735,1565,2432,1999
4628.194407512787,4627.944407512787,4628.444407512787,1510,741,1126
4629.159030834604,4629.034030834604,4629.284030834604,1553,1808,1681
4631.083566724849,4630.833566724849,4631.333566724849,1890,1343,1617
4631.336763755253,4631.211763755253,4631.461763755253,966,1495,1231
4637.387416762123,4637.262416762123,4637.512416762123,1009,2276,1643
4635.295393684174,4635.045393684174,4635.545393684174,1137,766,952
4638.578375401958,4638.453375401958,4638.703375401958,973,982,978
4637.971110270353,4637.721110270353,4638.221110270353,862,1447,1155
4641.931394789025,4641.806394789025,4642.056394789025,865,860,863
4640.505080682656,4640.380080682656,4640.630080682656,1102,1283,1193
4639.089332084904,4638.964332084904,4639.214332084904,935,1824,1380
4634.474279209057,4634.349279209057,4634.599279209057,875,1396,1136
4629.542143694308,4629.417143694308,4629.667143694308,1131,1498,1315
4633.519485600739,4633.269485600739,4633.769485600739,1101,888,995
4638.836749202732,4638.711749202732,4638.961749202732,749,1136,943
4646.953850885006,4646.828850885006,4647.078850885006,703,1244,974
4647.990521577962,4647.865521577962,4648.115521577962,823,1234,1029
4641.609259891001,4641.359259891001,4641.859259891001,532,1127,830
4638.099368366461,4637.974368366461,4638.224368366461,1542,2323,1933
4642.602426469084,4642.477426469084,4642.727426469084,915,2164,1540
4640.762684651881,4640.637684651881,4640.887684651881,1917,1834,1876
4643.370809298428,4643.245809298428,4643.495809298428,564,1435,1000
4642.869933850371,4642.494933850371,4643.244933850371,892,2409,1651
4638.273072930392,4638.148072930392,4638.398072930392,786,1907,1347
4638.453715868202,4638.328715868202,4638.578715868202,1028,975,1002
4635.430000795714,4635.305000795714,4635.555000795714,849,1490,1170
4630.124764389819,4629.874764389819,4630.374764389819,1190,2041,1616
4639.724632495534,4639.599632495534,4639.849632495534,525,1462,994
4633.9069789320565,4633.6569789320565,4634.1569789320565,985,1338,1162
4636.856316935437,4636.731316935437,4636.981316935437,740,977,859
4628.671866516726,4628.546866516726,4628.796866516726,2477,1048,1763
4625.915540000643,4625.790540000643,4626.040540000643,1154,955,1055
4629.630589496017,4629.505589496017,4629.755589496017,1528,803,1166
4630.358557428326,4630.108557428326,4630.608557428326,1104,749,927
4632.875984396375,4632.625984396375,4633.125984396375,1878,959,1419
4630.4651939059295,4630.2151939059295,4630.7151939059295,1298,2207,1753
4626.34277686145,4626.09277686145,4626.59277686145,1257,870,1064
4626.702188141556,4626.577188141556,4626.827188141556,1753,2196,1975
4631.049504340541,4630.674504340541,4631.424504340541,2651,1110,1881
4632.697146376745,4632.447146376745,4632.947146376745,992,1767,1380
4625.825435121828,4625.700435121828,4625.950435121828,1173,2116,1645
4625.364378039596,4625.114378039596,4625.614378039596,693,2014,1354
4631.15526076171,4630.90526076171,4631.40526076171,1654,1319,1487
4629.119147385443,4628.994147385443,4629.244147385443,600,1281,941
4627.1443927176,4626.7693927176,4627.5193927176,986,1009,998
4630.313499136743,4630.188499136743,4630.438499136743,1161,788,975
4635.972954245928,4635.722954245928,4636.222954245928,2015,914,1465
4637.89247900052,4637.51747900052,4638.26747900052,891,1790,1341
4640.215825188704,4640.090825188704,4640.340825188704,1361,2618,1990
4640.779949058044,4640.404949058044,4641.154949058044,645,1658,1152
4638.574403794989,4638.449403794989,4638.699403794989,1664,963,1314
4636.560316357311,4636.435316357311,4636.685316357311,1067,848,958
4629.814425286208,4629.564425286208,4630.064425286208,1147,758,953
4627.623735147595,4627.373735147595,4627.873735147595,994,2139,1567
4626.609397194697,4626.484397194697,4626.734397194697,2624,1255,1940
4626.895571108144,4626.770571108144,4627.020571108144,741,2196,1469
4628.692563762222,4628.567563762222,4628.817563762222,1124,2297,1711
4628.454257927476,4628.329257927476,4628.579257927476,987,1694,1341
4628.172675409835,4628.047675409835,4628.297675409835,1492,1489,1491
4628.219522487978,4628.094522487978,4628.344522487978,1694,1219,1457
4629.014027976196,4628.764027976196,4629.264027976196,1082,2111,1597
4631.716028158397,4631.466028158397,4631.966028158397,1408,1469,1439
4638.158222865535,4637.908222865535,4638.408222865535,1030,2113,1572
4635.4495380067165,4635.3245380067165,4635.5745380067165,1862,1797,1830
4642.728142498256,4642.603142498256,4642.853142498256,1612,1645,1629
4640.719780536661,4640.594780536661,4640.844780536661,2523,992,1758
4640.190992184864,4640.065992184864,4640.315992184864,973,1434,1204
4642.802664066842,4642.677664066842,4642.927664066842,750,1597,1174
4644.477755887941,4644.227755887941,4644.727755887941,1313,574,944
4636.2732543148595,4636.1482543148595,4636.3982543148595,2185,1290,1738
4637.861428273942,4637.736428273942,4637.986428273942,1249,1038,1144
4638.6886982137385,4638.5636982137385,4638.8136982137385,1081,1532,1307
4640.606691336679,4640.356691336679,4640.856691336679,1360,625,993
4644.6358165117,4644.5108165117,4644.7608165117,1167,916,1042
4653.540501444005,4653.415501444005,4653.665501444005,2509,1036,1773
4652.967562811888,4652.717562811888,4653.217562811888,868,1427,1148
4657.545586797819,4657.420586797819,4657.670586797819,748,2007,1378
4654.141268361653,4654.016268361653,4654.266268361653,1497,872,1185
4652.796391897588,4652.546391897588,4653.046391897588,1555,596,1076
4649.387677349085,4649.012677349085,4649.762677349085,1430,559,995
4648.806174364596,4648.681174364596,4648.931174364596,1128,801,965
4654.382613189949,4654.257613189949,4654.507613189949,769,1006,888
4655.052730689301,4654.927730689301,4655.177730689301,922,1353,1138
4663.740292414449,4663.615292414449,4663.865292414449,1750,1237,1494
4662.637514645631,4662.512514645631,4662.762514645631,865,1402,1134
4664.844039794064,4664.594039794064,4665.094039794064,1460,2251,1856
4665.428078346004,4665.303078346004,4665.553078346004,2234,1173,1704
4669.858726531412,4669.608726531412,4670.108726531412,1191,566,879
4677.837877945715,4677.712877945715,4677.962877945715,845,1614,1230
4680.139536761454,4680.014536761454,4680.264536761454,2687,1026,1857
4675.2920387725435,4675.1670387725435,4675.4170387725435,1610,1789,1700
4672.855674389754,4672.605674389754,4673.105674389754,819,784,802
4678.103326464513,4677.853326464513,4678.353326464513,879,2544,1712
4675.88741950547,4675.76241950547,4676.01241950547,2038,1875,1957
4669.612367199554,4669.487367199554,4669.737367199554,784,1089,937
4668.582233044413,4668.457233044413,4668.707233044413,1861,754,1308
4667.92099566502,4667.67099566502,4668.17099566502,1876,1309,1593
4671.144127398648,4671.019127398648,4671.269127398648,749,1062,906
4676.324609460794,4676.199609460794,4676.449609460794,895,2458,1677
4677.162929589443,4677.037929589443,4677.287929589443,659,1010,835
4676.807880066562,4676.557880066562,4677.057880066562,1122,1075,1099
4670.643619419325,4670.518619419325,4670.768619419325,1302,2153,1728
4669.7883496929035,4669.6633496929035,4669.9133496929035,1866,1041,1454
4670.456549142437,4670.331549142437,4670.581549142437,1274,625,950
4669.977414820232,4669.852414820232,4670.102414820232,1091,2318,1705
4667.2054022860875,4667.0804022860875,4667.3304022860875,821,1478,1150
4671.38794042748,4671.26294042748,4671.51294042748,670,1757,1214
4669.956045501769,4669.831045501769,4670.081045501769,989,626,808
4666.692766213898,4666.442766213898,4666.942766213898,847,952,900
4671.740934620064,4671.615934620064,4671.865934620064,2769,1048,1909
4669.089818907156,4668.714818907156,4669.464818907156,2019,892,1456
4663.353152313821,4663.103152313821,4663.603152313821,1121,1496,1309
4661.189408967308,4661.064408967308,4661.314408967308,921,2192,1557
4666.485992815215,4666.360992815215,4666.610992815215,865,1850,1358
4676.3668731147045,4676.2418731147045,4676.4918731147045,1633,1126,1380
4670.771354935707,4670.521354935707,4671.021354935707,1426,1149,1288
4666.160993706322,4665.910993706322,4666.410993706322,2044,755,1400
4666.215562158592,4666.090562158592,4666.340562158592,2049,922,1486
4661.469683345922,4661.094683345922,4661.844683345922,1436,1611,1524
4661.043419900508,4660.918419900508,4661.168419900508,1715,1328,1522
4657.819429894444,4657.694429894444,4657.944429894444,672,1109,891
4656.050888063749,4655.675888063749,4656.425888063749,986,641,814
4652.898539217776,4652.773539217776,4653.023539217776,1565,696,1131
4656.42705102136,4656.30205102136,4656.55205102136,2829,1124,1977
4652.290375391223,4652.165375391223,4652.415375391223,1504,1665,1585
4647.441226651549,4647.191226651549,4647.691226651549,1711,1026,1369
4637.379581417665,4637.254581417665,4637.504581417665,1661,582,1122
4638.354356816869,4638.104356816869,4638.604356816869,2922,1061,1992
4641.159796017742,4641.034796017742,4641.284796017742,910,1621,1266
4642.297848637113,4642.172848637113,4642.422848637113,1671,890,1281
4644.471255742761,4644.221255742761,4644.721255742761,1295,2034,1665
4648.2138495173895,4648.0888495173895,4648.3388495173895,1439,546,993
4651.291224878045,4651.166224878045,4651.416224878045,2586,1263,1925
4660.147117273305,4659.772117273305,4660.522117273305,2598,1395,1997
4658.61972078885,4658.49472078885,4658.74472078885,1241,1154,1198
4654.404949818074,4654.279949818074,4654.529949818074,811,2002,1407
4653.625578469007,4653.500578469007,4653.750578469007,1179,1442,1311
4653.790229082702,4653.665229082702,4653.915229082702,1377,1264,1321
4651.203941826482,4650.828941826482,4651.578941826482,1445,1730,1588
4651.111297995065,4650.986297995065,4651.236297995065,1108,829,969
4645.7632139123225,4645.5132139123225,4646.0132139123225,1545,1494,1520
4646.470303528451,4646.220303528451,4646.720303528451,1792,1037,1415
4638.100309793423,4637.975309793423,4638.225309793423,1350,1641,1496
4640.366851484749,4640.241851484749,4640.491851484749,1117,2378,1748
4635.798373269006,4635.673373269006,4635.923373269006,975,2178,1577
4633.919358204761,4633.794358204761,4634.044358204761,1750,755,1253
4629.581378169185,4629.456378169185,4629.706378169185,2706,959,1833
4625.217660147139,4625.092660147139,4625.342660147139,1693,1114,1404
4628.698517840328,4628.573517840328,4628.823517840328,725,2068,1397
4627.7251165818425,4627.6001165818425,4627.8501165818425,2578,1201,1890
4633.284372181397,4633.034372181397,4633.534372181397,1659,1582,1621
4630.331954301051,4630.206954301051,4630.456954301051,1003,2312,1658
4633.629161408514,4633.504161408514,4633.754161408514,2062,1775,1919
4631.878665918953,4631.753665918953,4632.003665918953,1060,2791,1926
4628.244245674665,4627.994245674665,4628.494245674665,1085,2536,1811
4623.427469094676,4623.302469094676,4623.552469094676,815,1162,989
4621.4778270723855,4621.3528270723855,4621.6028270723855,2486,929,1708
4626.69973260096,4626.57473260096,4626.82473260096,1578,627,1103
4624.678749651891,4624.553749651891,4624.803749651891,1365,764,1065
4620.484905149237,4620.359905149237,4620.609905149237,971,2084,1528
4616.456450367844,4616.331450367844,4616.581450367844,1411,1598,1505
4620.253514873262,4619.878514873262,4620.628514873262,2428,1563,1996
4617.939851314732,4617.564851314732,4618.314851314732,1165,652,909
4620.878943549734,4620.753943549734,4621.003943549734,721,1314,1018
4623.941975247548,4623.816975247548,4624.066975247548,1655,2146,1901
4628.403856847076,4628.278856847076,4628.528856847076,1021,2128,1575
4618.452520937473,4618.327520937473,4618.577520937473,1207,472,840
4618.798874548539,4618.673874548539,4618.923874548539,1742,1339,1541
4618.262694826403,4618.012694826403,4618.512694826403,1611,1352,1482
4614.187101397098,4613.937101397098,4614.437101397098,996,1299,1148
4619.882099340655,4619.757099340655,4620.007099340655,957,1460,1209
4621.312165556232,4620.937165556232,4621.687165556232,443,1308,876
4617.476317926008,4617.351317926008,4617.601317926008,2103,1770,1937
4617.240113708456,4617.115113708456,4617.365113708456,719,1044,882
4616.661505944962,4616.536505944962,4616.786505944962,1335,2036,1686
4618.6531258783025,4618.4031258783025,4618.9031258783025,1585,1168,1377
4621.293214208143,4621.168214208143,4621.418214208143,2024,1081,1553
4618.892431734653,4618.767431734653,4619.017431734653,1849,670,1260
4622.5331603225595,4622.2831603225595,4622.7831603225595,1649,1272,1461
4627.92790242042,4627.80290242042,4628.05290242042,1956,991,1474
4625.413253160686,4625.288253160686,4625.538253160686,654,1037,846
4620.752798977469,4620.627798977469,4620.877798977469,1425,2352,1889
4618.559335225916,4618.309335225916,4618.809335225916,1378,1229,1304
4622.105059389284,4621.980059389284,4622.230059389284,1266,1233,1250
4624.815056182197,4624.690056182197,4624.940056182197,1294,1317,1306
4627.499924616371,4627.374924616371,4627.624924616371,2007,1770,1889
4634.5831408835975,4634.4581408835975,4634.7081408835975,717,2126,1422
4638.175850409755,4638.050850409755,4638.300850409755,1751,980,1366
4639.404283458653,4639.154283458653,4639.654283458653,2188,835,1512
4639.04159921253,4638.91659921253,4639.16659921253,602,1505,1054
4641.197293755267,4641.072293755267,4641.322293755267,882,1439,1161
4640.30775921949,4640.18275921949,4640.43275921949,1502,643,1073
4637.015799598685,4636.890799598685,4637.140799598685,741,1578,1160
4634.188966883618,4633.938966883618,4634.438966883618,1537,2024,1781
4632.331792904415,4632.206792904415,4632.456792904415,1249,2412,1831
4631.602217436062,4631.477217436062,4631.727217436062,1727,1454,1591
4631.097077778597,4630.972077778597,4631.222077778597,1410,1797,1604
4632.047113627989,4631.672113627989,4632.422113627989,555,1356,956
4634.044456915525,4633.669456915525,4634.419456915525,700,1277,989
4634.77788144462,4634.52788144462,4635.02788144462,831,784,808
4634.744195256748,4634.619195256748,4634.869195256748,759,978,869
4635.83046755847,4635.58046755847,4636.08046755847,2132,991,1562
4638.483195208944,4638.233195208944,4638.733195208944,1610,1113,1362
4641.251985132151,4641.001985132151,4641.501985132151,1957,1198,1578
4643.9137203217,4643.7887203217,4644.0387203217,1651,2104,1878
4649.323296008994,4649.198296008994,4649.448296008994,1237,2230,1734
4650.554445185408,4650.304445185408,4650.804445185408,1184,507,846
4651.571650374813,4651.446650374813,4651.696650374813,1752,801,1277
4647.166361920548,4646.916361920548,4647.416361920548,1629,1904,1767
4650.360573348938,4650.110573348938,4650.610573348938,814,1045,930
4648.895536222942,4648.770536222942,4649.020536222942,1252,731,992
4653.486204465395,4653.236204465395,4653.736204465395,1361,458,910
4650.389275189134,4650.139275189134,4650.639275189134,956,2527,1742
4655.3634935920445,4654.9884935920445,4655.7384935920445,1179,468,824
4657.270024951325,4657.020024951325,4657.520024951325,1208,1035,1122
4650.662060028122,4650.537060028122,4650.787060028122,828,2269,1549
4651.9816653541475,4651.7316653541475,4652.2316653541475,2034,1209,1622
4648.8050937285925,4648.6800937285925,4648.9300937285925,1513,2284,1899
4647.349970062746,4647.224970062746,4647.474970062746,908,2485,1697
4645.66656584378,4645.54156584378,4645.79156584378,1363,1708,1536
4642.941102007344,4642.816102007344,4643.066102007344,2005,696,1351
4645.238339241065,4644.988339241065,4645.488339241065,1320,1047,1184
4643.3683034497635,4643.2433034497635,4643.4933034497635,931,2530,1731
4640.054088311476,4639.929088311476,4640.179088311476,1117,2800,1959
4640.765857058609,4640.640857058609,4640.890857058609,1255,1894,1575
4639.974723015177,4639.724723015177,4640.224723015177,887,1854,1371
4640.277346363693,4640.152346363693,4640.402346363693,1066,1391,1229
4643.626305685895,4643.376305685895,4643.876305685895,1171,1652,1412
4648.673186263783,4648.548186263783,4648.798186263783,1752,1717,1735
4654.944135216553,4654.569135216553,4655.319135216553,1676,681,1179
4649.087165748475,4648.837165748475,4649.337165748475,847,1124,986
4649.278126801474,4649.153126801474,4649.403126801474,2509,936,1723
4652.191673986398,4652.066673986398,4652.316673986398,1447,1508,1478
4656.041905072547,4655.916905072547,4656.166905072547,936,2091,1514
4651.153685256441,4650.778685256441,4651.528685256441,1067,1170,1119
4648.780827829586,4648.655827829586,4648.905827829586,1140,2749,1945
4651.92862588408,4651.80362588408,4652.05362588408,2076,1099,1588
4646.630031059442,4646.505031059442,4646.755031059442,2271,1052,1662
4649.717330306571,4649.467330306571,4649.967330306571,1604,1515,1560
4652.90182536529,4652.77682536529,4653.02682536529,1002,1033,1018
4650.389264810238,4650.264264810238,4650.514264810238,1037,2038,1538
4658.447456883009,4658.322456883009,4658.572456883009,2836,1075,1956
4662.154205862137,4661.904205862137,4662.404205862137,1897,1478,1688
4663.5820562655235,4663.4570562655235,4663.7070562655235,2134,1493,1814
4666.53682964246,4666.28682964246,4666.78682964246,492,1375,934
4666.337038616004,4666.212038616004,4666.462038616004,1467,1610,1539
4660.215758685105,4659.965758685105,4660.465758685105,1738,1903,1821
4657.079324086774,4656.704324086774,4657.454324086774,2352,1313,1833
4647.8638867277905,4647.7388867277905,4647.9888867277905,1945,1894,1920
4651.168085867601,4650.918085867601,4651.418085867601,712,1627,1170
4648.639430972782,4648.514430972782,4648.764430972782,1389,1552,1471
4647.438463530019,4647.313463530019,4647.563463530019,1181,1150,1166
4650.966611580469,4650.841611580469,4651.091611580469,1642,2043,1843
4649.121922177102,4648.746922177102,4649.496922177102,1694,625,1160
4647.9106286091865,4647.5356286091865,4648.2856286091865,1310,1223,1267
4644.694713515874,4644.569713515874,4644.819713515874,1106,1315,1211
4648.583272092997,4648.458272092997,4648.708272092997,1442,565,1004
4655.124193293663,4654.749193293663,4655.499193293663,620,1385,1003
4661.325928232184,4661.200928232184,4661.450928232184,1031,2474,1753
4660.182473557467,4660.057473557467,4660.307473557467,538,1365,952
4661.455897432839,4661.330897432839,4661.580897432839,1159,2784,1972
4663.755989459692,4663.630989459692,4663.880989459692,1428,659,1044
4669.041369075023,4668.916369075023,4669.166369075023,1069,1764,1417
4665.8830447579985,4665.6330447579985,4666.1330447579985,1289,1122,1206
4664.985347624275,4664.735347624275,4665.235347624275,1296,573,935
4665.3332001112785,4665.0832001112785,4665.5832001112785,1569,2406,1988
4662.252894316844,4662.127894316844,4662.377894316844,1659,1640,1650
4661.2967099150255,4661.1717099150255,4661.4217099150255,1985,1422,1704
4667.57621884808,4667.45121884808,4667.70121884808,1278,2019,1649
4669.405745107903,4669.280745107903,4669.530745107903,813,926,870
4670.159102228137,4669.784102228137,4670.534102228137,942,2191,1567
4672.489556815933,4672.239556815933,4672.739556815933,1386,531,959
4684.1783274031695,4683.8033274031695,4684.5533274031695,1172,969,1071
4682.370833046479,4682.245833046479,4682.495833046479,2131,840,1486
4683.15194103959,4682.90194103959,4683.40194103959,1189,962,1076
4670.986587416575,4670.861587416575,4671.111587416575,1769,1352,1561
4668.0846072401955,4667.9596072401955,4668.2096072401955,662,1487,1075
4669.006676286197,4668.881676286197,4669.131676286197,1911,988,1450
4665.783071277435,4665.658071277435,4665.908071277435,803,1042,923
4662.7779028135,4662.5279028135,4663.0279028135,1732,1981,1857
4665.7572024120955,4665.3822024120955,4666.1322024120955,1006,2383,1695
4666.694982823098,4666.444982823098,4666.944982823098,1510,1953,1732
4672.145055014889,4671.770055014889,4672.520055014889,1101,654,878
4667.99287221518,4667.61787221518,4668.36787221518,1129,1034,1082
4666.321076217702,4666.071076217702,4666.571076217702,1776,745,1261
4664.221863042249,4664.096863042249,4664.346863042249,1580,2173,1877
4668.645714155615,4668.395714155615,4668.895714155615,1004,1415,1210
4668.777541755534,4668.652541755534,4668.902541755534,1253,774,1014
4665.79065296442,4665.66565296442,4665.91565296442,715,1438,1077
4666.068120911666,4665.943120911666,4666.193120911666,1087,2716,1902
4670.755749757314,4670.630749757314,4670.880749757314,1914,1603,1759
4675.104419332935,4674.979419332935,4675.229419332935,1785,1084,1435
4670.29863666236,4670.17363666236,4670.42363666236,1677,916,1297
4668.288435181721,4668.038435181721,4668.538435181721,1174,675,925
4666.919061228313,4666.669061228313,4667.169061228313,1684,581,1133
4671.631564344708,4671.381564344708,4671.881564344708,1018,1581,1300
4675.7468194098765,4675.6218194098765,4675.8718194098765,2082,1025,1554
4682.808766727354,4682.683766727354,4682.933766727354,1162,521,842
4681.230355280313,4681.105355280313,4681.355355280313,1156,1065,1111
4678.1822026137015,4678.0572026137015,4678.3072026137015,1482,903,1193
4684.370161024816,4684.245161024816,4684.495161024816,1330,615,973
4682.88194381089,4682.75694381089,4683.00694381089,1694,981,1338
4679.571250373169,4679.321250373169,4679.821250373169,776,1353,1065
4683.377491314942,4683.252491314942,4683.502491314942,1230,1463,1347
4681.278714824903,4681.153714824903,4681.403714824903,1932,713,1323
4691.027404190706,4690.902404190706,4691.152404190706,1883,1812,1848
4692.8092641163685,4692.4342641163685,4693.1842641163685,523,1396,960
4697.99157459028,4697.74157459028,4698.24157459028,983,1034,1009
4697.941087788741,4697.816087788741,4698.066087788741,1927,702,1315
4695.254640741211,4695.129640741211,4695.379640741211,1356,1127,1242
4691.690302816485,4691.565302816485,4691.815302816485,830,1499,1165
4699.771355794045,4699.521355794045,4700.021355794045,1618,2131,1875
4704.577003980903,4704.452003980903,4704.702003980903,1129,2652,1891
4709.581397706399,4709.206397706399,4709.956397706399,1217,1228,1223
4708.526358898624,4708.276358898624,4708.776358898624,1742,1259,1501
4709.840853587396,4709.465853587396,4710.215853587396,1777,1890,1834
4708.859554346658,4708.609554346658,4709.109554346658,2064,1869,1967
4709.794283236985,4709.669283236985,4709.919283236985,1394,841,1118
4702.749575207011,4702.624575207011,4702.874575207011,792,857,825
4698.977418412308,4698.727418412308,4699.227418412308,532,1191,862
4697.618398924957,4697.493398924957,4697.743398924957,748,1003,876
4700.861886685445,4700.486886685445,4701.236886685445,749,1286,1018
4701.642249504238,4701.517249504238,4701.767249504238,805,894,850
4698.685220021501,4698.310220021501,4699.060220021501,1245,1036,1141
4699.306089455918,4699.181089455918,4699.431089455918,695,1668,1182
4694.470511503943,4694.095511503943,4694.845511503943,982,731,857
4698.488968216698,4698.238968216698,4698.738968216698,1428,2007,1718
4704.448504665315,4704.323504665315,4704.573504665315,1580,1895,1738
4702.811229979023,4702.436229979023,4703.186229979023,1765,1092,1429
4699.526281748113,4699.401281748113,4699.651281748113,1372,2059,1716
4695.200449647042,4695.075449647042,4695.325449647042,2182,1605,1894
4694.638932818937,4694.513932818937,4694.763932818937,850,2039,1445
4688.842544250968,4688.467544250968,4689.217544250968,600,1323,962
4686.615710937125,4686.365710937125,4686.865710937125,1062,2243,1653
