close,bid,ask,bid_volume,ask_volume,volume
4499.983099787849,4499.858099787849,4500.108099787849,945,726,836
4502.693648330607,4502.568648330607,4502.818648330607,1464,1719,1592
4502.940332248475,4502.690332248475,4503.190332248475,859,1754,1307
4500.594152330002,4500.469152330002,4500.719152330002,1446,2003,1725
4505.513059987316,4505.263059987316,4505.763059987316,1260,671,966
4509.535979475601,4509.410979475601,4509.660979475601,1902,673,1288
4509.38360753018,4509.13360753018,4509.63360753018,1983,1200,1592
4512.637167833394,4512.512167833394,4512.762167833394,1231,1458,1345
4514.71229787874,4514.58729787874,4514.83729787874,1493,1012,1253
4517.645786362978,4517.395786362978,4517.895786362978,907,960,934
4518.358549452768,4518.233549452768,4518.483549452768,2222,1061,1642
4518.177393026958,4518.052393026958,4518.302393026958,788,959,874
4517.14727978506,4517.02227978506,4517.27227978506,1018,681,850
4515.257248191956,4515.132248191956,4515.382248191956,2411,1458,1935
4511.2965242878545,4511.1715242878545,4511.4215242878545,733,1452,1093
4511.064751908086,4510.939751908086,4511.189751908086,805,1708,1257
4515.031774126632,4514.656774126632,4515.406774126632,861,1852,1357
4509.604255175766,4509.479255175766,4509.729255175766,1446,2467,1957
4512.378914901527,4512.253914901527,4512.503914901527,1828,737,1283
4510.450855302089,4510.325855302089,4510.575855302089,1007,812,910
4511.482532276953,4511.107532276953,4511.857532276953,2355,1512,1934
4512.331617503399,4511.956617503399,4512.706617503399,1440,987,1214
4508.044200600109,4507.794200600109,4508.294200600109,709,1798,1254
4503.811824259401,4503.561824259401,4504.061824259401,459,1328,894
4503.538716185818,4503.413716185818,4503.663716185818,708,949,829
4504.087341691654,4503.962341691654,4504.212341691654,968,1191,1080
4503.597054918736,4503.222054918736,4503.972054918736,2547,1196,1872
4501.536562913364,4501.286562913364,4501.786562913364,1256,1771,1514
4501.919895338183,4501.794895338183,4502.044895338183,1743,684,1214
4501.665443328909,4501.290443328909,4502.040443328909,804,1221,1013
4502.767159879419,4502.642159879419,4502.892159879419,2753,1012,1883
4503.606496841586,4503.481496841586,4503.731496841586,2282,1093,1688
4502.700364101168,4502.575364101168,4502.825364101168,707,1668,1188
4505.180686879019,4505.055686879019,4505.305686879019,1389,2304,1847
4505.420711122228,4505.295711122228,4505.545711122228,1306,1667,1487
4499.649282358012,4499.524282358012,4499.774282358012,1893,1726,1810
4501.682988417008,4501.432988417008,4501.932988417008,1383,2424,1904
4501.470923408848,4501.345923408848,4501.595923408848,974,719,847
4499.07651248283,4498.82651248283,4499.32651248283,1218,2611,1915
4498.471784687406,4498.346784687406,4498.596784687406,850,2017,1434
4493.221203891794,4492.971203891794,4493.471203891794,673,1492,1083
4490.718609717912,4490.468609717912,4490.968609717912,938,2255,1597
4488.28477326082,4488.15977326082,4488.40977326082,1044,699,872
4487.4389572803675,4487.3139572803675,4487.5639572803675,1800,1757,1779
4488.577743703101,4488.327743703101,4488.827743703101,2053,1940,1997
4488.683090574052,4488.433090574052,4488.933090574052,1145,916,1031
4487.785887592457,4487.660887592457,4487.910887592457,1609,1156,1383
4489.510779326162,4489.260779326162,4489.760779326162,1241,1116,1179
4491.682334843049,4491.557334843049,4491.807334843049,1872,669,1271
4489.43815372871,4489.18815372871,4489.68815372871,2373,1564,1969
4490.545722733643,4490.295722733643,4490.795722733643,723,886,805
4490.142363739442,4490.017363739442,4490.267363739442,2131,1004,1568
4487.907128728199,4487.782128728199,4488.032128728199,1102,775,939
4487.400130403132,4487.150130403132,4487.650130403132,798,2395,1597
4486.352882052878,4485.977882052878,4486.727882052878,784,1227,1006
4483.676079872403,4483.551079872403,4483.801079872403,668,1623,1146
4483.864378021258,4483.614378021258,4484.114378021258,1729,1838,1784
4480.625043735871,4480.375043735871,4480.875043735871,1920,923,1422
4479.606649855914,4479.356649855914,4479.856649855914,1781,1394,1588
4482.715224620346,4482.590224620346,4482.840224620346,1489,2346,1918
4479.299021168392,4479.174021168392,4479.424021168392,2155,1692,1924
4477.430502788154,4477.305502788154,4477.555502788154,1090,1181,1136
4477.598764870659,4477.473764870659,4477.723764870659,758,1397,1078
4479.940923834412,4479.815923834412,4480.065923834412,2023,840,1432
4481.207853916125,4481.082853916125,4481.332853916125,1222,1009,1116
4483.007842669276,4482.757842669276,4483.257842669276,1790,1581,1686
4483.913058192104,4483.788058192104,4484.038058192104,1198,1805,1502
4481.957019553809,4481.832019553809,4482.082019553809,907,752,830
4484.279275144102,4484.154275144102,4484.404275144102,2510,921,1716
4485.919344976694,4485.794344976694,4486.044344976694,1374,939,1157
4486.103802097768,4485.978802097768,4486.228802097768,1509,1648,1579
4489.811609357632,4489.686609357632,4489.936609357632,1172,2345,1759
4490.2241726770835,4489.9741726770835,4490.4741726770835,1431,798,1115
4492.766200278516,4492.641200278516,4492.891200278516,2579,1070,1825
4493.109228807593,4492.984228807593,4493.234228807593,2885,1050,1968
4492.491565614766,4492.116565614766,4492.866565614766,2034,1773,1904
4490.63498578683,4490.50998578683,4490.75998578683,794,1067,931
4493.14072572369,4492.89072572369,4493.39072572369,1964,1929,1947
4495.242311272737,4495.117311272737,4495.367311272737,1371,1734,1553
4493.727133733723,4493.352133733723,4494.102133733723,2617,1232,1925
4494.526085144141,4494.151085144141,4494.901085144141,865,738,802
4496.080039027774,4495.955039027774,4496.205039027774,878,2287,1583
4498.638951609012,4498.388951609012,4498.888951609012,1443,1520,1482
4496.75072225427,4496.62572225427,4496.87572225427,660,1151,906
4500.3009577237535,4500.1759577237535,4500.4259577237535,1050,2585,1818
4503.535944832394,4503.410944832394,4503.660944832394,629,1486,1058
4506.4862686124225,4506.3612686124225,4506.6112686124225,694,1435,1065
4510.2019704157065,4509.8269704157065,4510.5769704157065,1777,1652,1715
4511.422165608035,4511.172165608035,4511.672165608035,1785,596,1191
4513.8369442144685,4513.5869442144685,4514.0869442144685,1657,606,1132
4512.538078426364,4512.163078426364,4512.913078426364,1025,1454,1240
4514.064123527138,4513.814123527138,4514.314123527138,580,1479,1030
4513.661821901907,4513.286821901907,4514.036821901907,841,926,884
4511.487796696099,4511.362796696099,4511.612796696099,1433,826,1130
4513.692604040962,4513.317604040962,4514.067604040962,866,1325,1096
4513.796879158113,4513.546879158113,4514.046879158113,795,1412,1104
4515.941126699827,4515.816126699827,4516.066126699827,829,2098,1464
4516.795197151918,4516.670197151918,4516.920197151918,1210,673,942
4515.036935619877,4514.786935619877,4515.286935619877,1495,544,1020
4516.392916109574,4516.267916109574,4516.517916109574,542,1095,819
4515.940091739928,4515.690091739928,4516.190091739928,2453,1478,1966
4516.0301483016765,4515.9051483016765,4516.1551483016765,1147,1480,1314
4515.753283711737,4515.628283711737,4515.878283711737,1450,1939,1695
4516.008702403748,4515.883702403748,4516.133702403748,1522,2433,1978
4519.644165305668,4519.519165305668,4519.769165305668,2089,1786,1938
4521.616672523636,4521.491672523636,4521.741672523636,1988,837,1413
4521.7893886668835,4521.6643886668835,4521.9143886668835,2220,1705,1963
4523.114659935112,4522.989659935112,4523.239659935112,1979,1456,1718
4521.539360817565,4521.414360817565,4521.664360817565,2110,1163,1637
4519.7648102719095,4519.5148102719095,4520.0148102719095,1123,644,884
4520.162332729676,4520.037332729676,4520.287332729676,1967,1776,1872
4522.141146346927,4522.016146346927,4522.266146346927,1308,611,960
4524.301464956821,4524.051464956821,4524.551464956821,975,638,807
4524.872806561894,4524.622806561894,4525.122806561894,1339,1038,1189
4526.784031681168,4526.659031681168,4526.909031681168,1540,1501,1521
4527.233279840967,4526.983279840967,4527.483279840967,2479,1054,1767
4528.953267496154,4528.703267496154,4529.203267496154,1662,789,1226
4529.317901199746,4529.192901199746,4529.442901199746,1593,2150,1872
4529.327808410116,4529.077808410116,4529.577808410116,2050,1607,1829
4532.9180570255285,4532.6680570255285,4533.1680570255285,792,1047,920
4539.2132120373935,4539.0882120373935,4539.3382120373935,1362,883,1123
4541.515637485835,4541.390637485835,4541.640637485835,1144,1077,1111
4542.521706522236,4542.396706522236,4542.646706522236,1252,1235,1244
4545.997432804056,4545.747432804056,4546.247432804056,1364,2579,1972
4541.883546273804,4541.633546273804,4542.133546273804,732,2185,1459
4547.980470045584,4547.855470045584,4548.105470045584,1444,1125,1285
4547.502693672258,4547.377693672258,4547.627693672258,1338,625,982
4548.22703317856,4547.97703317856,4548.47703317856,1616,2119,1868
4550.966604593472,4550.841604593472,4551.091604593472,435,1222,829
4548.4519445759,4548.2019445759,4548.7019445759,1661,826,1244
4551.730769649786,4551.355769649786,4552.105769649786,2051,724,1388
4552.919908870859,4552.794908870859,4553.044908870859,1657,594,1126
4550.355731784213,4550.230731784213,4550.480731784213,1078,2581,1830
4551.6124404706225,4551.3624404706225,4551.8624404706225,734,1989,1362
4554.037526187113,4553.912526187113,4554.162526187113,1175,774,975
4551.729104414566,4551.604104414566,4551.854104414566,1352,1259,1306
4550.730319785383,4550.605319785383,4550.855319785383,1120,2725,1923
4545.41391337348,4545.28891337348,4545.53891337348,1345,1364,1355
4546.079184330478,4545.954184330478,4546.204184330478,2045,844,1445
4544.9714022010085,4544.8464022010085,4545.0964022010085,1000,1795,1398
4544.200894640323,4543.825894640323,4544.575894640323,1326,1353,1340
4544.943074765963,4544.818074765963,4545.068074765963,702,1453,1078
4545.3801511294105,4545.1301511294105,4545.6301511294105,1102,2521,1812
4541.434586375831,4541.309586375831,4541.559586375831,1109,554,832
4543.351623641414,4543.226623641414,4543.476623641414,1362,2519,1941
4546.100288491736,4545.975288491736,4546.225288491736,1758,919,1339
4545.568703378351,4545.443703378351,4545.693703378351,1169,478,824
4546.835788904802,4546.710788904802,4546.960788904802,1717,854,1286
4544.305095632003,4544.180095632003,4544.430095632003,1971,1328,1650
4545.539880387857,4545.414880387857,4545.664880387857,883,816,850
4544.9813565657505,4544.8563565657505,4545.1063565657505,872,1913,1393
4546.846045619267,4546.721045619267,4546.971045619267,2675,1216,1946
4546.512324965352,4546.387324965352,4546.637324965352,1393,2508,1951
4547.180435448004,4546.930435448004,4547.430435448004,856,1117,987
4546.384430995979,4546.259430995979,4546.509430995979,1918,1533,1726
4546.930959778336,4546.805959778336,4547.055959778336,2644,1053,1849
4547.753044694272,4547.378044694272,4548.128044694272,2370,1267,1819
4545.510294419577,4545.260294419577,4545.760294419577,969,1454,1212
4542.3130444279295,4542.1880444279295,4542.4380444279295,1871,1014,1443
4541.486298014535,4541.236298014535,4541.736298014535,1106,943,1025
4540.0640618472535,4539.9390618472535,4540.1890618472535,1705,1158,1432
4540.147023442036,4540.022023442036,4540.272023442036,1191,798,995
4539.68493172137,4539.55993172137,4539.80993172137,2508,1123,1816
4541.892040458836,4541.767040458836,4542.017040458836,1235,1266,1251
4538.824070649276,4538.699070649276,4538.949070649276,1491,1436,1464
4539.70768095104,4539.58268095104,4539.83268095104,1666,743,1205
4539.753687549142,4539.378687549142,4540.128687549142,1306,1873,1590
4540.776341134768,4540.651341134768,4540.901341134768,1654,879,1267
4540.940196735696,4540.690196735696,4541.190196735696,2492,1253,1873
4540.333269377186,4540.083269377186,4540.583269377186,1418,1359,1389
4543.371794736966,4543.246794736966,4543.496794736966,1303,936,1120
4539.049181613524,4538.924181613524,4539.174181613524,1013,2544,1779
4536.913399602796,4536.663399602796,4537.163399602796,1719,1690,1705
4537.056860143045,4536.931860143045,4537.181860143045,1336,2583,1960
4540.198592612122,4540.073592612122,4540.323592612122,1570,1027,1299
4542.6534719346555,4542.5284719346555,4542.7784719346555,821,1430,1126
4540.824569462881,4540.699569462881,4540.949569462881,1503,1054,1279
4542.293003334528,4542.168003334528,4542.418003334528,1305,2256,1781
4545.009483935841,4544.759483935841,4545.259483935841,2243,876,1560
4544.034717151946,4543.659717151946,4544.409717151946,1579,1786,1683
4547.639306778524,4547.389306778524,4547.889306778524,1678,2287,1983
4544.1015844002595,4543.9765844002595,4544.2265844002595,982,1793,1388
4544.950343482807,4544.825343482807,4545.075343482807,1404,901,1153
4543.270564576731,4543.020564576731,4543.520564576731,2557,1320,1939
4540.49400946381,4540.24400946381,4540.74400946381,2164,1457,1811
4539.936978290579,4539.811978290579,4540.061978290579,1657,918,1288
4537.2198262658485,4536.9698262658485,4537.4698262658485,1622,1099,1361
4538.026300117541,4537.776300117541,4538.276300117541,1137,2692,1915
4539.650194414717,4539.525194414717,4539.775194414717,616,1161,889
4540.2534171860425,4540.1284171860425,4540.3784171860425,1753,1324,1539
4539.087767186164,4538.962767186164,4539.212767186164,1798,1049,1424
4541.497032697121,4541.372032697121,4541.622032697121,441,1266,854
4540.726303807567,4540.601303807567,4540.851303807567,593,1306,950
4541.2857250626275,4541.0357250626275,4541.5357250626275,1512,1449,1481
4541.434836892789,4541.184836892789,4541.684836892789,2312,1317,1815
4542.86078730749,4542.73578730749,4542.98578730749,922,683,803
4547.124049496326,4546.999049496326,4547.249049496326,936,2309,1623
4548.195824884108,4548.070824884108,4548.320824884108,1364,1661,1513
4545.949002180534,4545.824002180534,4546.074002180534,1043,2214,1629
4546.912453660786,4546.787453660786,4547.037453660786,1409,1298,1354
4544.229175482099,4544.104175482099,4544.354175482099,1039,1724,1382
4544.610450178018,4544.235450178018,4544.985450178018,1329,504,917
4546.563349652372,4546.313349652372,4546.813349652372,803,1338,1071
4546.995022584806,4546.870022584806,4547.120022584806,1059,2464,1762
4543.512855660518,4543.262855660518,4543.762855660518,2320,829,1575
4544.014180566224,4543.889180566224,4544.139180566224,1094,799,947
4543.209179685401,4543.084179685401,4543.334179685401,1128,2501,1815
4541.114488724971,4540.864488724971,4541.364488724971,962,2479,1721
4542.635050533437,4542.510050533437,4542.760050533437,883,1022,953
4538.773578743662,4538.648578743662,4538.898578743662,1724,2161,1943
4540.7795782679195,4540.6545782679195,4540.9045782679195,1265,1994,1630
4538.079560962227,4537.954560962227,4538.204560962227,1150,613,882
4535.194811800163,4535.069811800163,4535.319811800163,2534,1205,1870
4533.976146178492,4533.601146178492,4534.351146178492,895,850,873
4534.973055948508,4534.723055948508,4535.223055948508,1331,1136,1234
4531.948192593574,4531.823192593574,4532.073192593574,1086,983,1035
4532.880145065628,4532.755145065628,4533.005145065628,1419,880,1150
4533.437034493743,4533.312034493743,4533.562034493743,1563,1380,1472
4537.798719202801,4537.673719202801,4537.923719202801,1145,1232,1189
4535.805735536015,4535.680735536015,4535.930735536015,2229,868,1549
4536.968954620295,4536.718954620295,4537.218954620295,2231,1232,1732
4533.0551926702865,4532.8051926702865,4533.3051926702865,1498,973,1236
4533.004658426983,4532.879658426983,4533.129658426983,1075,1316,1196
4529.606305242573,4529.481305242573,4529.731305242573,976,953,965
4529.55024542059,4529.42524542059,4529.67524542059,966,739,853
4528.952003021301,4528.702003021301,4529.202003021301,1029,2168,1599
4530.344716646774,4530.219716646774,4530.469716646774,1239,1280,1260
4532.694216838886,4532.569216838886,4532.819216838886,1127,814,971
4534.012777492461,4533.887777492461,4534.137777492461,1033,1066,1050
4533.097791863652,4532.972791863652,4533.222791863652,1282,759,1021
4533.435577528432,4533.060577528432,4533.810577528432,1701,930,1316
4535.340244536049,4535.090244536049,4535.590244536049,735,2034,1385
4535.618167630619,4535.493167630619,4535.743167630619,2100,1601,1851
4534.600659326836,4534.475659326836,4534.725659326836,1000,1109,1055
4535.088858702736,4534.838858702736,4535.338858702736,1758,1465,1612
4534.6826506530015,4534.5576506530015,4534.8076506530015,1241,972,1107
4535.3044942277675,4535.0544942277675,4535.5544942277675,1318,2545,1932
4536.0486124278,4535.7986124278,4536.2986124278,790,1541,1166
4534.900823903219,4534.775823903219,4535.025823903219,1850,1397,1624
4535.25603194853,4535.00603194853,4535.50603194853,1030,2691,1861
4534.786330204503,4534.661330204503,4534.911330204503,1608,1347,1478
4535.469083309512,4535.344083309512,4535.594083309512,804,1813,1309
4536.046960188641,4535.796960188641,4536.296960188641,1462,1219,1341
4534.899232417103,4534.649232417103,4535.149232417103,1328,483,906
4532.745288329555,4532.495288329555,4532.995288329555,1149,1584,1367
4530.146277483129,4530.021277483129,4530.271277483129,1294,1101,1198
4531.0196513801875,4530.8946513801875,4531.1446513801875,759,1464,1112
4531.9094250888475,4531.6594250888475,4532.1594250888475,1315,636,976
4532.066598549364,4531.941598549364,4532.191598549364,992,2453,1723
4530.174742598626,4529.924742598626,4530.424742598626,727,1574,1151
4528.341718468869,4528.091718468869,4528.591718468869,1257,1192,1225
4526.747497288659,4526.622497288659,4526.872497288659,801,966,884
4528.2074044363835,4527.9574044363835,4528.4574044363835,1772,635,1204
4529.112991658028,4528.987991658028,4529.237991658028,734,877,806
4530.642383522679,4530.517383522679,4530.767383522679,610,1655,1133
4529.985659532814,4529.860659532814,4530.110659532814,1410,1539,1475
4531.428198071339,4531.303198071339,4531.553198071339,1789,1608,1699
4528.981956988036,4528.856956988036,4529.106956988036,1793,668,1231
4528.332750163256,4528.207750163256,4528.457750163256,827,1574,1201
4527.923354258303,4527.673354258303,4528.173354258303,1164,1543,1354
4526.559839419952,4526.309839419952,4526.809839419952,2035,710,1373
4526.849758088543,4526.724758088543,4526.974758088543,777,934,856
4526.535492296107,4526.285492296107,4526.785492296107,1473,1626,1550
4526.446551329213,4526.196551329213,4526.696551329213,1100,1803,1452
4528.222994336495,4527.847994336495,4528.597994336495,1356,893,1125
4528.408455739372,4528.158455739372,4528.658455739372,1831,1688,1760
4527.120073125003,4526.995073125003,4527.245073125003,984,1205,1095
4530.797539686736,4530.547539686736,4531.047539686736,1721,742,1232
4532.957380379364,4532.832380379364,4533.082380379364,965,2642,1804
4533.2886665347905,4533.1636665347905,4533.4136665347905,520,1151,836
4533.457725007043,4533.332725007043,4533.582725007043,695,1470,1083
4533.618893506995,4533.368893506995,4533.868893506995,1245,722,984
4532.181383094236,4532.056383094236,4532.306383094236,415,1200,808
4531.5894040927815,4531.3394040927815,4531.8394040927815,1812,749,1281
4531.110328627058,4530.735328627058,4531.485328627058,1237,824,1031
4532.049548513075,4531.924548513075,4532.174548513075,748,1597,1173
4534.09839484061,4533.84839484061,4534.34839484061,957,946,952
4535.464856011931,4535.089856011931,4535.839856011931,1406,1297,1352
4538.2875317242815,4538.1625317242815,4538.4125317242815,1689,606,1148
4540.340577089444,4540.215577089444,4540.465577089444,1099,596,848
4537.456985198342,4537.081985198342,4537.831985198342,1583,1168,1376
4533.366025105674,4533.241025105674,4533.491025105674,2322,1431,1877
4532.22379738863,4532.09879738863,4532.34879738863,1633,2136,1885
4533.730413630135,4533.480413630135,4533.980413630135,1867,800,1334
4534.032484882859,4533.907484882859,4534.157484882859,1758,1305,1532
4535.833837946089,4535.708837946089,4535.958837946089,2587,1166,1877
4535.361071415835,4535.111071415835,4535.611071415835,2149,1416,1783
4535.848618366305,4535.598618366305,4536.098618366305,1213,1404,1309
4536.784903860541,4536.534903860541,4537.034903860541,1437,1242,1340
4538.056983244307,4537.931983244307,4538.181983244307,818,1665,1242
4536.705581989768,4536.330581989768,4537.080581989768,560,1171,866
4536.718738153907,4536.593738153907,4536.843738153907,1064,1213,1139
4534.95867774581,4534.83367774581,4535.08367774581,1145,2226,1686
4536.089902652318,4535.964902652318,4536.214902652318,824,1675,1250
4535.2658903551255,4535.0158903551255,4535.5158903551255,1926,1373,1650
4536.41088437038,4536.03588437038,4536.78588437038,1717,1008,1363
4538.424412366967,4538.299412366967,4538.549412366967,1222,1111,1167
4538.159911896726,4537.909911896726,4538.409911896726,1081,828,955
4537.964893631847,4537.714893631847,4538.214893631847,2671,922,1797
4539.062034746336,4538.937034746336,4539.187034746336,1494,1767,1631
4538.847503483208,4538.722503483208,4538.972503483208,1877,724,1301
4537.355835594225,4537.230835594225,4537.480835594225,1589,1992,1791
4533.325919844765,4533.075919844765,4533.575919844765,1960,1497,1729
4534.5890437354365,4534.4640437354365,4534.7140437354365,1878,859,1369
4533.8017699140155,4533.6767699140155,4533.9267699140155,1857,1496,1677
4536.520944118756,4536.395944118756,4536.645944118756,1139,1714,1427
4535.689049241896,4535.439049241896,4535.939049241896,1142,1095,1119
4535.064751590766,4534.814751590766,4535.314751590766,1547,950,1249
4533.174683848104,4532.799683848104,4533.549683848104,802,1969,1386
4534.87632533744,4534.75132533744,4535.00132533744,1881,1602,1742
4535.783010750587,4535.658010750587,4535.908010750587,1901,982,1442
4534.412340892238,4534.287340892238,4534.537340892238,1814,785,1300
4535.185460610207,4535.060460610207,4535.310460610207,820,1267,1044
4535.773241252915,4535.648241252915,4535.898241252915,1515,644,1080
4534.973951196424,4534.848951196424,4535.098951196424,2541,894,1718
4534.696906685109,4534.571906685109,4534.821906685109,829,2482,1656
4535.010193171181,4534.885193171181,4535.135193171181,1681,1268,1475
4533.775290316193,4533.650290316193,4533.900290316193,1497,592,1045
4531.924135740003,4531.799135740003,4532.049135740003,2547,1382,1965
4530.701714446109,4530.576714446109,4530.826714446109,580,1417,999
4530.503675754385,4530.378675754385,4530.628675754385,1393,1168,1281
4530.009047179792,4529.884047179792,4530.134047179792,856,2197,1527
4529.616174583676,4529.366174583676,4529.866174583676,1546,1339,1443
4526.32800899872,4526.20300899872,4526.45300899872,1489,1620,1555
4525.6068618218305,4525.4818618218305,4525.7318618218305,1045,1164,1105
4525.07455124304,4524.82455124304,4525.32455124304,1229,1746,1488
4523.462214743504,4523.212214743504,4523.712214743504,907,1496,1202
4522.637763757797,4522.512763757797,4522.762763757797,779,1626,1203
4523.025132988759,4522.900132988759,4523.150132988759,2250,873,1562
4521.595751351169,4521.220751351169,4521.970751351169,1663,1910,1787
4518.152822216717,4518.027822216717,4518.277822216717,2009,712,1361
4520.2347799025865,4519.8597799025865,4520.6097799025865,757,1794,1276
4523.956967868887,4523.581967868887,4524.331967868887,529,1208,869
4523.475747106657,4523.350747106657,4523.600747106657,1588,2007,1798
4523.923194109685,4523.798194109685,4524.048194109685,840,2211,1526
4524.452432321151,4524.077432321151,4524.827432321151,1386,2053,1720
4523.197714581395,4522.947714581395,4523.447714581395,1510,1109,1310
4529.023865514717,4528.898865514717,4529.148865514717,1363,1770,1567
4530.223290910473,4529.973290910473,4530.473290910473,1431,568,1000
4528.900248615259,4528.650248615259,4529.150248615259,740,1161,951
4527.759116130194,4527.634116130194,4527.884116130194,1047,2012,1530
4528.7969064716835,4528.6719064716835,4528.9219064716835,794,2071,1433
4530.264009915179,4530.139009915179,4530.389009915179,696,917,807
4528.616819965341,4528.491819965341,4528.741819965341,1302,1437,1370
4530.558612800779,4530.433612800779,4530.683612800779,916,1921,1419
4529.202205991281,4529.077205991281,4529.327205991281,1367,1744,1556
4530.732382073147,4530.607382073147,4530.857382073147,593,1328,961
4530.671958921485,4530.296958921485,4531.046958921485,1622,1105,1364
4532.131438024255,4532.006438024255,4532.256438024255,1474,2009,1742
4531.8520858773845,4531.7270858773845,4531.9770858773845,743,1292,1018
4533.79769343381,4533.42269343381,4534.17269343381,950,711,831
4534.575901983653,4534.450901983653,4534.700901983653,2229,782,1506
4534.311649065999,4534.061649065999,4534.561649065999,1025,1014,1020
4533.259778680044,4533.134778680044,4533.384778680044,1462,525,994
4533.226661402117,4532.976661402117,4533.476661402117,1415,1306,1361
4533.893579283389,4533.768579283389,4534.018579283389,1965,970,1468
4533.269346343482,4532.894346343482,4533.644346343482,2328,1011,1670
4533.760682122294,4533.385682122294,4534.135682122294,1208,1149,1179
4536.966926881602,4536.841926881602,4537.091926881602,1286,601,944
4537.614414248552,4537.489414248552,4537.739414248552,2230,1493,1862
4537.423274325422,4537.048274325422,4537.798274325422,2124,1499,1812
4535.770932772445,4535.645932772445,4535.895932772445,2222,1239,1731
4537.535207301451,4537.410207301451,4537.660207301451,1564,1583,1574
4538.548731941542,4538.423731941542,4538.673731941542,1500,1173,1337
4541.17780592957,4540.92780592957,4541.42780592957,526,1133,830
4538.795285882695,4538.545285882695,4539.045285882695,2043,954,1499
4538.35375313191,4537.97875313191,4538.72875313191,1581,998,1290
4536.797350410503,4536.672350410503,4536.922350410503,1109,808,959
4537.378112284692,4537.253112284692,4537.503112284692,1456,1395,1426
4539.334746606625,4539.209746606625,4539.459746606625,1144,547,846
4537.404861645279,4537.279861645279,4537.529861645279,2241,1320,1781
4537.123290352645,4536.873290352645,4537.373290352645,1381,586,984
4532.15578453939,4532.03078453939,4532.28078453939,962,2401,1682
4530.9124651777165,4530.6624651777165,4531.1624651777165,1923,1134,1529
4530.810428033646,4530.685428033646,4530.935428033646,1281,720,1001
4528.754457047409,4528.629457047409,4528.879457047409,2626,1013,1820
4527.3997481575,4527.2747481575,4527.5247481575,1430,853,1142
4525.187645077867,4525.062645077867,4525.312645077867,1064,1447,1256
4524.463898855424,4524.213898855424,4524.713898855424,1665,1172,1419
4524.68758024997,4524.56258024997,4524.81258024997,1458,781,1120
4524.872034325216,4524.747034325216,4524.997034325216,1283,2236,1760
4526.600318852904,4526.475318852904,4526.725318852904,2601,1208,1905
4528.99848281394,4528.74848281394,4529.24848281394,1364,2245,1805
4529.02040216629,4528.77040216629,4529.27040216629,1061,952,1007
4529.517420125837,4529.392420125837,4529.642420125837,915,924,920
4528.62310642014,4528.24810642014,4528.99810642014,630,1715,1173
4528.517400154757,4528.392400154757,4528.642400154757,941,2522,1732
4528.329691164852,4528.204691164852,4528.454691164852,588,1491,1040
4532.054227621685,4531.929227621685,4532.179227621685,1526,2141,1834
4533.7196530665415,4533.5946530665415,4533.8446530665415,1453,1678,1566
4533.707021848916,4533.582021848916,4533.832021848916,1510,1641,1576
4534.937529353292,4534.812529353292,4535.062529353292,748,1345,1047
4535.24350521409,4535.11850521409,4535.36850521409,1124,1675,1400
4533.981388536667,4533.731388536667,4534.231388536667,2435,1078,1757
4535.4542815709465,4535.3292815709465,4535.5792815709465,1465,582,1024
4535.383035346998,4535.258035346998,4535.508035346998,1184,1133,1159
4536.117133648205,4535.992133648205,4536.242133648205,2044,757,1401
4535.157495464933,4535.032495464933,4535.282495464933,2474,1089,1782
4538.162883555517,4538.037883555517,4538.287883555517,857,1260,1059
4538.359316317592,4538.234316317592,4538.484316317592,1759,1464,1612
4535.419904912886,4535.294904912886,4535.544904912886,1352,1371,1362
4536.538616894413,4536.288616894413,4536.788616894413,1041,2574,1808
4534.606050538638,4534.356050538638,4534.856050538638,1174,503,839
4535.674908978376,4535.549908978376,4535.799908978376,1226,1221,1224
4532.7884487564515,4532.4134487564515,4533.1634487564515,1172,2723,1948
4530.455775738248,4530.330775738248,4530.580775738248,1131,2684,1908
4531.698409219712,4531.573409219712,4531.823409219712,1668,1921,1795
4536.771776918217,4536.646776918217,4536.896776918217,1520,1535,1528
4535.810651091016,4535.560651091016,4536.060651091016,2513,1150,1832
4534.502383088545,4534.127383088545,4534.877383088545,1569,2206,1888
4538.637192916306,4538.262192916306,4539.012192916306,1018,669,844
4540.738234193132,4540.613234193132,4540.863234193132,2353,1082,1718
4537.917735732322,4537.792735732322,4538.042735732322,1664,1105,1385
4539.857811660012,4539.732811660012,4539.982811660012,1080,2525,1803
4538.779398122005,4538.654398122005,4538.904398122005,1048,2245,1647
4542.814426467358,4542.689426467358,4542.939426467358,858,1095,977
4543.833573142072,4543.583573142072,4544.083573142072,660,1275,968
4544.148915795706,4543.898915795706,4544.398915795706,2199,902,1551
4543.704989293744,4543.454989293744,4543.954989293744,1304,871,1088
4545.1187415262,4544.9937415262,4545.2437415262,998,2689,1844
4546.770516104563,4546.645516104563,4546.895516104563,992,2369,1681
4549.354699075156,4548.979699075156,4549.729699075156,969,1292,1131
4546.2563772312615,4546.0063772312615,4546.5063772312615,978,1153,1066
4542.557592763033,4542.432592763033,4542.682592763033,1438,537,988
4541.834589002443,4541.709589002443,4541.959589002443,583,1062,823
4542.649472434252,4542.524472434252,4542.774472434252,1589,920,1255
4543.373427060463,4543.123427060463,4543.623427060463,887,1270,1079
4546.382237894216,4546.257237894216,4546.507237894216,916,2021,1469
4545.007115051895,4544.757115051895,4545.257115051895,929,1254,1092
4546.747403848474,4546.497403848474,4546.997403848474,1054,1921,1488
4550.436579860603,4550.311579860603,4550.561579860603,1075,580,828
4553.391239779047,4553.266239779047,4553.516239779047,1939,672,1306
4551.169464008989,4550.919464008989,4551.419464008989,868,2495,1682
4550.423635164096,4550.298635164096,4550.548635164096,1114,1377,1246
4549.094722913658,4548.719722913658,4549.469722913658,1208,1795,1502
4547.569944226136,4547.444944226136,4547.694944226136,2939,994,1967
4551.737544199042,4551.487544199042,4551.987544199042,1444,541,993
4546.835735934897,4546.585735934897,4547.085735934897,1516,1913,1715
4544.526290162385,4544.151290162385,4544.901290162385,615,1716,1166
4544.546122978844,4544.421122978844,4544.671122978844,1390,589,990
4547.7604055011025,4547.6354055011025,4547.8854055011025,2453,1162,1808
4544.291733746877,4544.166733746877,4544.416733746877,632,1459,1046
4548.370516444182,4548.245516444182,4548.495516444182,2100,1599,1850
4546.941129679864,4546.816129679864,4547.066129679864,1068,1991,1530
4548.642499401952,4548.517499401952,4548.767499401952,955,1154,1055
4550.904681416375,4550.529681416375,4551.279681416375,600,1615,1108
4549.730690213349,4549.605690213349,4549.855690213349,1171,652,912
4549.909912401516,4549.784912401516,4550.034912401516,662,1055,859
4546.205981807616,4546.080981807616,4546.330981807616,1894,717,1306
4547.189668371967,4547.064668371967,4547.314668371967,1813,752,1283
4545.285338049388,4545.160338049388,4545.410338049388,600,1387,994
4547.013522362207,4546.763522362207,4547.263522362207,1087,528,808
4544.470661747541,4544.345661747541,4544.595661747541,1012,2775,1894
4547.750332191424,4547.500332191424,4548.000332191424,723,1670,1197
4549.034954077022,4548.909954077022,4549.159954077022,1831,870,1351
4548.565673189757,4548.440673189757,4548.690673189757,769,2028,1399
4545.446612838865,4545.321612838865,4545.571612838865,1339,1850,1595
4547.551431616066,4547.426431616066,4547.676431616066,1263,908,1086
4542.66972737656,4542.54472737656,4542.79472737656,1149,1540,1345
4543.660829263033,4543.535829263033,4543.785829263033,1851,720,1286
4546.21654129123,4546.09154129123,4546.34154129123,1887,2050,1969
4546.83993533664,4546.71493533664,4546.96493533664,1222,843,1033
4551.116207843669,4550.991207843669,4551.241207843669,2078,1781,1930
4549.197667985367,4548.947667985367,4549.447667985367,1433,1160,1297
4545.318686164241,4545.068686164241,4545.568686164241,2118,1197,1658
4546.7263804672975,4546.4763804672975,4546.9763804672975,1343,530,937
4544.272970356686,4544.147970356686,4544.397970356686,1636,999,1318
4543.631433505928,4543.506433505928,4543.756433505928,1864,2131,1998
4542.872137239324,4542.747137239324,4542.997137239324,1286,1611,1449
4540.995967497941,4540.870967497941,4541.120967497941,1162,969,1066
4540.6738054057705,4540.4238054057705,4540.9238054057705,1088,2563,1826
4539.665340846278,4539.415340846278,4539.915340846278,1261,1644,1453
4538.105580168579,4537.980580168579,4538.230580168579,1145,638,892
4537.049989639739,4536.799989639739,4537.299989639739,1257,2100,1679
4539.899863377676,4539.649863377676,4540.149863377676,1249,2536,1893
4543.085900294419,4542.960900294419,4543.210900294419,1877,1330,1604
4540.294935313163,4540.169935313163,4540.419935313163,1565,2288,1927
4541.596892116225,4541.221892116225,4541.971892116225,1815,1762,1789
4542.628429724236,4542.378429724236,4542.878429724236,515,1328,922
4542.665233224148,4542.540233224148,4542.790233224148,1218,513,866
4543.290697636946,4543.165697636946,4543.415697636946,1297,1492,1395
4544.04742178416,4543.92242178416,4544.17242178416,980,1767,1374
4540.910898018191,4540.785898018191,4541.035898018191,1268,1331,1300
4540.908450178572,4540.533450178572,4541.283450178572,2295,1332,1814
4542.580516642406,4542.205516642406,4542.955516642406,884,1175,1030
4544.620978471993,4544.495978471993,4544.745978471993,1070,2061,1566
4543.934051600112,4543.809051600112,4544.059051600112,1652,871,1262
4545.475842546046,4545.350842546046,4545.600842546046,2063,1830,1947
4545.673931082412,4545.548931082412,4545.798931082412,1230,1547,1389
4545.024698996394,4544.774698996394,4545.274698996394,1319,1566,1443
4544.885757216415,4544.635757216415,4545.135757216415,1200,517,859
4546.468839009518,4546.343839009518,4546.593839009518,1784,1667,1726
4546.914671057901,4546.789671057901,4547.039671057901,921,1752,1337
4549.896285820225,4549.521285820225,4550.271285820225,444,1221,833
4550.424841872266,4550.299841872266,4550.549841872266,1348,549,949
4548.935250274909,4548.810250274909,4549.060250274909,421,1226,824
4545.217945928417,4545.092945928417,4545.342945928417,1730,887,1309
4543.575421851778,4543.200421851778,4543.950421851778,1177,564,871
4549.055128874103,4548.805128874103,4549.305128874103,1707,1254,1481
4552.25776445561,4552.00776445561,4552.50776445561,631,990,811
4551.139868005828,4550.889868005828,4551.389868005828,1780,619,1200
4553.719712075503,4553.469712075503,4553.969712075503,1155,1038,1097
4553.167228657557,4553.042228657557,4553.292228657557,1120,2605,1863
4555.6860384715255,4555.5610384715255,4555.8110384715255,1799,1886,1843
4558.647802764276,4558.522802764276,4558.772802764276,1255,2082,1669
4560.215266413213,4560.090266413213,4560.340266413213,672,1193,933
4558.8748386423185,4558.7498386423185,4558.9998386423185,2080,1215,1648
4554.031175796171,4553.781175796171,4554.281175796171,1874,1095,1485
4555.52569260801,4555.40069260801,4555.65069260801,982,1681,1332
4561.8463195760405,4561.7213195760405,4561.9713195760405,761,1106,934
4555.061550190259,4554.936550190259,4555.186550190259,1524,789,1157
4550.786244864476,4550.661244864476,4550.911244864476,1471,596,1034
4545.261245212222,4545.011245212222,4545.511245212222,1996,1599,1798
4542.065600838345,4541.940600838345,4542.190600838345,1742,2053,1898
4541.764971757733,4541.514971757733,4542.014971757733,831,2388,1610
4542.400473120961,4542.275473120961,4542.525473120961,519,1250,885
4542.11471868861,4541.86471868861,4542.36471868861,1614,901,1258
4543.846738363126,4543.721738363126,4543.971738363126,1619,1648,1634
4545.380192276622,4545.255192276622,4545.505192276622,1532,1001,1267
4544.502738529932,4544.252738529932,4544.752738529932,1116,1167,1142
4545.059165466427,4544.934165466427,4545.184165466427,1424,1015,1220
4547.984375713588,4547.859375713588,4548.109375713588,2671,1234,1953
4548.306199485468,4548.181199485468,4548.431199485468,2008,699,1354
4549.216202658575,4548.966202658575,4549.466202658575,443,1226,835
4548.663174233392,4548.538174233392,4548.788174233392,2743,1044,1894
4550.027828551223,4549.902828551223,4550.152828551223,1257,2220,1739
4547.50486512097,4547.37986512097,4547.62986512097,2013,1796,1905
4548.475082169121,4548.350082169121,4548.600082169121,502,1349,926
4545.497732055198,4545.372732055198,4545.622732055198,1705,2236,1971
4546.677858668101,4546.427858668101,4546.927858668101,1849,1072,1461
4543.285453808464,4543.160453808464,4543.410453808464,1752,2067,1910
4538.732220358639,4538.482220358639,4538.982220358639,532,1291,912
4540.487479277933,4540.237479277933,4540.737479277933,669,1052,861
4542.640936179329,4542.390936179329,4542.890936179329,1670,1115,1393
4545.157028049078,4545.032028049078,4545.282028049078,580,1379,980
4549.5914992190355,4549.4664992190355,4549.7164992190355,1264,2343,1804
4548.37746257414,4548.25246257414,4548.50246257414,837,1960,1399
4547.810079826463,4547.560079826463,4548.060079826463,2271,786,1529
4551.377206602485,4551.002206602485,4551.752206602485,1802,1927,1865
4553.978826938741,4553.728826938741,4554.228826938741,481,1438,960
4558.480126405126,4558.105126405126,4558.855126405126,2403,1172,1788
4562.564476188088,4562.439476188088,4562.689476188088,888,1033,961
4561.2312721371745,4560.9812721371745,4561.4812721371745,2312,1421,1867
4558.364332760449,4558.239332760449,4558.489332760449,876,1989,1433
4560.849171272914,4560.724171272914,4560.974171272914,1319,464,892
4561.376551643183,4561.126551643183,4561.626551643183,596,1687,1142
4559.500321080668,4559.375321080668,4559.625321080668,1189,946,1068
4560.692321456052,4560.442321456052,4560.942321456052,1485,926,1206
4558.533028835107,4558.408028835107,4558.658028835107,915,930,923
4559.510407088168,4559.385407088168,4559.635407088168,1285,2208,1747
4564.667707160076,4564.542707160076,4564.792707160076,1544,1681,1613
4563.118214119541,4562.743214119541,4563.493214119541,1447,2162,1805
4563.332488058012,4563.207488058012,4563.457488058012,838,1341,1090
4564.928624281082,4564.803624281082,4565.053624281082,1659,810,1235
4566.821281809931,4566.696281809931,4566.946281809931,698,1735,1217
4566.778744898635,4566.528744898635,4567.028744898635,1323,1798,1561
4569.184633000735,4569.059633000735,4569.309633000735,996,811,904
4569.992450503987,4569.867450503987,4570.117450503987,1422,2203,1813
4570.6581017964645,4570.4081017964645,4570.9081017964645,983,786,885
4569.395651926304,4569.145651926304,4569.645651926304,2398,1595,1997
4569.04503196168,4568.92003196168,4569.17003196168,1269,1522,1396
4565.023872497829,4564.898872497829,4565.148872497829,1879,984,1432
4568.568891744281,4568.318891744281,4568.818891744281,1215,448,832
4564.070453893667,4563.820453893667,4564.320453893667,1334,1621,1478
4563.830143457106,4563.580143457106,4564.080143457106,890,2131,1511
4564.66025220336,4564.53525220336,4564.78525220336,1486,2125,1806
4564.782983895073,4564.657983895073,4564.907983895073,2034,1879,1957
4561.069301141635,4560.944301141635,4561.194301141635,588,1711,1150
4561.103307007677,4560.978307007677,4561.228307007677,906,2289,1598
4562.896598555746,4562.771598555746,4563.021598555746,2168,927,1548
4563.27840602693,4563.02840602693,4563.52840602693,1389,2302,1846
4566.5847837541,4566.4597837541,4566.7097837541,1594,2103,1849
4565.402896999261,4565.027896999261,4565.777896999261,723,1748,1236
4564.417016481042,4564.292016481042,4564.542016481042,1416,1487,1452
4569.120964980623,4568.995964980623,4569.245964980623,1937,1668,1803
4565.914459435789,4565.664459435789,4566.164459435789,1975,1484,1730
4565.98641885924,4565.73641885924,4566.23641885924,754,1297,1026
4567.514265584539,4567.389265584539,4567.639265584539,591,1666,1129
4570.860283063636,4570.610283063636,4571.110283063636,1681,1262,1472
4571.400595558996,4571.275595558996,4571.525595558996,1375,1418,1397
4577.386671192204,4577.136671192204,4577.636671192204,768,1697,1233
4578.927832944161,4578.802832944161,4579.052832944161,918,1755,1337
4582.206289591828,4582.081289591828,4582.331289591828,1523,1242,1383
4582.375858331415,4582.250858331415,4582.500858331415,657,1796,1227
4580.56799449137,4580.44299449137,4580.69299449137,1248,1307,1278
4580.390544885228,4580.140544885228,4580.640544885228,724,1889,1307
4578.262170849242,4578.012170849242,4578.512170849242,1185,638,912
4576.60356656285,4576.47856656285,4576.72856656285,1669,896,1283
4574.753489622764,4574.628489622764,4574.878489622764,1491,524,1008
4575.0268803858435,4574.6518803858435,4575.4018803858435,612,1223,918
4573.316616112349,4573.066616112349,4573.566616112349,1448,1681,1565
4577.400424505757,4577.275424505757,4577.525424505757,1738,657,1198
4577.32401551068,4577.07401551068,4577.57401551068,2528,1343,1936
4578.421533389702,4578.171533389702,4578.671533389702,608,1541,1075
4580.28878522801,4580.16378522801,4580.41378522801,1556,2415,1986
4581.809205667363,4581.684205667363,4581.934205667363,828,929,879
4582.387658273121,4582.137658273121,4582.637658273121,501,1174,838
4580.280950767666,4580.030950767666,4580.530950767666,1250,567,909
4577.3581237217295,4577.2331237217295,4577.4831237217295,1234,1831,1533
4575.410398074495,4575.160398074495,4575.660398074495,1342,527,935
4573.002789401604,4572.752789401604,4573.252789401604,943,706,825
4564.227323770439,4564.102323770439,4564.352323770439,973,1166,1070
4567.7201831743,4567.5951831743,4567.8451831743,2287,1678,1983
4567.391270916498,4567.266270916498,4567.516270916498,2148,1283,1716
4574.1586576803475,4574.0336576803475,4574.2836576803475,2251,788,1520
4580.566593599766,4580.316593599766,4580.816593599766,791,1284,1038
4580.172519936709,4579.797519936709,4580.547519936709,1241,1762,1502
4586.059846493323,4585.934846493323,4586.184846493323,1294,575,935
4583.749377463403,4583.499377463403,4583.999377463403,2124,1709,1917
4582.174485833564,4582.049485833564,4582.299485833564,910,1155,1033
4587.711194746628,4587.336194746628,4588.086194746628,1463,630,1047
4589.831719625555,4589.456719625555,4590.206719625555,930,1053,992
4597.511062339629,4597.261062339629,4597.761062339629,1581,2400,1991
4600.284768162727,4600.159768162727,4600.409768162727,1701,930,1316
4597.667101912794,4597.542101912794,4597.792101912794,1845,1348,1597
4606.654116417448,4606.404116417448,4606.904116417448,694,2037,1366
4606.561282008293,4606.186282008293,4606.936282008293,869,1808,1339
4600.645395749407,4600.395395749407,4600.895395749407,1810,2163,1987
4601.596905020008,4601.346905020008,4601.846905020008,1497,1858,1678
4597.44829999377,4597.19829999377,4597.69829999377,1172,961,1067
4596.759895158323,4596.634895158323,4596.884895158323,1386,499,943
4604.911928815939,4604.786928815939,4605.036928815939,1998,1197,1598
4611.19439857687,4611.06939857687,4611.31939857687,2529,882,1706
4608.3955324354065,4608.1455324354065,4608.6455324354065,1770,627,1199
4605.875726714586,4605.750726714586,4606.000726714586,629,1242,936
4607.107537866972,4606.982537866972,4607.232537866972,2388,1543,1966
4604.021633298889,4603.771633298889,4604.271633298889,1011,1090,1051
4597.867094918681,4597.617094918681,4598.117094918681,930,1941,1436
4602.440309934737,4602.315309934737,4602.565309934737,1819,1574,1697
4604.718520270062,4604.593520270062,4604.843520270062,2107,798,1453
4603.790169246932,4603.665169246932,4603.915169246932,1991,1922,1957
4610.2383206097975,4609.9883206097975,4610.4883206097975,2113,1124,1619
4609.702580424456,4609.577580424456,4609.827580424456,649,962,806
4619.7125301947,4619.4625301947,4619.9625301947,1464,1573,1519
4622.299654911575,4622.174654911575,4622.424654911575,2123,1280,1702
4624.580580286679,4624.455580286679,4624.705580286679,1034,2333,1684
4625.240946188305,4624.990946188305,4625.490946188305,446,1223,835
4624.189841632421,4623.939841632421,4624.439841632421,1413,1030,1222
4626.55596253139,4626.30596253139,4626.80596253139,1291,2064,1678
4626.318849743339,4625.943849743339,4626.693849743339,1139,1068,1104
4626.49175492953,4626.36675492953,4626.61675492953,1597,2366,1982
4626.797200466101,4626.672200466101,4626.922200466101,1239,2274,1757
4626.345987532007,4626.095987532007,4626.595987532007,1309,1592,1451
4632.384008629896,4632.259008629896,4632.509008629896,1295,668,982
4638.200855830347,4638.075855830347,4638.325855830347,855,1804,1330
4642.824488787724,4642.699488787724,4642.949488787724,814,1229,1022
4639.7267304734205,4639.6017304734205,4639.8517304734205,1975,750,1363
4643.267678585634,4643.142678585634,4643.392678585634,1929,1956,1943
4641.247316452396,4640.997316452396,4641.497316452396,2407,1178,1793
4645.891434641735,4645.641434641735,4646.141434641735,1487,1346,1417
4649.872104791509,4649.747104791509,4649.997104791509,1614,993,1304
4646.805550495104,4646.680550495104,4646.930550495104,1053,2552,1803
4645.135875000008,4645.010875000008,4645.260875000008,1576,1949,1763
4641.665098462272,4641.415098462272,4641.915098462272,1474,769,1122
4650.243642952226,4649.993642952226,4650.493642952226,2829,1046,1938
4651.610897047508,4651.485897047508,4651.735897047508,1592,1891,1742
4656.088847843801,4655.713847843801,4656.463847843801,922,839,881
4647.526270786967,4647.401270786967,4647.651270786967,1663,1028,1346
4643.819879600296,4643.569879600296,4644.069879600296,2108,787,1448
4639.567413927129,4639.442413927129,4639.692413927129,1456,503,980
4626.817680336714,4626.692680336714,4626.942680336714,1876,1227,1552
4627.5269285285,4627.4019285285,4627.6519285285,1410,903,1157
4627.874409663845,4627.749409663845,4627.999409663845,1100,2625,1863
4629.102844041391,4628.852844041391,4629.352844041391,997,984,991
4628.211542386326,4628.086542386326,4628.336542386326,1037,912,975
4630.300340487142,4630.175340487142,4630.425340487142,1793,742,1268
4636.016246099173,4635.766246099173,4636.266246099173,1212,697,955
4631.926578977615,4631.676578977615,4632.176578977615,463,1380,922
4638.803834714842,4638.678834714842,4638.928834714842,893,1874,1384
4645.502901836836,4645.252901836836,4645.752901836836,1860,933,1397
4637.672688885153,4637.547688885153,4637.797688885153,1086,925,1006
4625.332942841443,4625.082942841443,4625.582942841443,1202,503,853
4622.723702973326,4622.598702973326,4622.848702973326,1290,2509,1900
4623.918551286829,4623.668551286829,4624.168551286829,1539,694,1117
4632.007810891605,4631.882810891605,4632.132810891605,2110,949,1530
4629.702202877706,4629.577202877706,4629.827202877706,610,1761,1186
4634.449783389673,4634.324783389673,4634.574783389673,1330,1071,1201
4636.385740497627,4636.260740497627,4636.510740497627,1256,1607,1432
4628.9679743266115,4628.8429743266115,4629.0929743266115,772,1381,1077
4636.897057360191,4636.772057360191,4637.022057360191,1054,1131,1093
4636.506459968874,4636.381459968874,4636.631459968874,1591,1110,1351
4639.706887572557,4639.581887572557,4639.831887572557,1058,2145,1602
4632.1013820481085,4631.9763820481085,4632.2263820481085,1028,2237,1633
4633.759660056572,4633.634660056572,4633.884660056572,615,1642,1129
4628.534540937387,4628.409540937387,4628.659540937387,2228,831,1530
4630.596704303366,4630.346704303366,4630.846704303366,862,2453,1658
4629.80668694155,4629.55668694155,4630.05668694155,1436,515,976
4624.631910972504,4624.381910972504,4624.881910972504,1026,2437,1732
4625.061123439497,4624.936123439497,4625.186123439497,1412,1223,1318
4624.107033431949,4623.982033431949,4624.232033431949,1229,754,992
4625.785955601536,4625.660955601536,4625.910955601536,728,1135,932
4621.027526669726,4620.777526669726,4621.277526669726,585,1206,896
4618.473584780991,4618.348584780991,4618.598584780991,1741,1280,1511
4616.149784025358,4615.899784025358,4616.399784025358,909,2544,1727
4615.882654984328,4615.757654984328,4616.007654984328,1181,1122,1152
4602.995627349259,4602.745627349259,4603.245627349259,1956,1899,1928
4603.246783390198,4603.121783390198,4603.371783390198,2104,1079,1592
4610.287667196296,4610.037667196296,4610.537667196296,948,751,850
4612.66629109273,4612.29129109273,4613.04129109273,1373,2024,1699
4619.657812483373,4619.407812483373,4619.907812483373,1687,780,1234
4621.878511178146,4621.628511178146,4622.128511178146,2392,1183,1788
4620.107503335284,4619.982503335284,4620.232503335284,1095,1018,1057
4621.15047483549,4621.02547483549,4621.27547483549,1495,2406,1951
4619.314298621083,4619.064298621083,4619.564298621083,938,891,915
4616.151475747897,4615.901475747897,4616.401475747897,1497,2028,1763
4622.180910392431,4621.930910392431,4622.430910392431,1744,1727,1736
4617.765212261214,4617.515212261214,4618.015212261214,1790,1787,1789
4620.104642317999,4619.979642317999,4620.229642317999,702,1367,1035
4621.996451707205,4621.871451707205,4622.121451707205,1284,1239,1262
4620.701431435298,4620.576431435298,4620.826431435298,623,1024,824
4627.990698309788,4627.740698309788,4628.240698309788,1064,1257,1161
4639.5768155440455,4639.4518155440455,4639.7018155440455,2243,1694,1969
4646.839411743816,4646.714411743816,4646.964411743816,2293,1010,1652
4660.146313920597,4660.021313920597,4660.271313920597,2420,807,1614
4659.192289857391,4659.067289857391,4659.317289857391,1162,1647,1405
4664.708484880253,4664.583484880253,4664.833484880253,1429,1308,1369
4662.979960798737,4662.854960798737,4663.104960798737,598,1387,993
4668.961693207571,4668.836693207571,4669.086693207571,2009,1246,1628
4667.699472096544,4667.449472096544,4667.949472096544,796,1273,1035
4669.223587644745,4668.848587644745,4669.598587644745,1935,1234,1585
4673.139841760542,4673.014841760542,4673.264841760542,1731,632,1182
4676.680159116484,4676.305159116484,4677.055159116484,765,912,839
4677.722185454488,4677.597185454488,4677.847185454488,1380,981,1181
4679.049519088914,4678.799519088914,4679.299519088914,1960,813,1387
4682.235232985554,4682.110232985554,4682.360232985554,1763,1284,1524
4681.14265109305,4681.01765109305,4681.26765109305,1988,1137,1563
4684.68038484732,4684.55538484732,4684.80538484732,543,1096,820
4682.365586063488,4681.990586063488,4682.740586063488,905,994,950
4684.0217051967675,4683.8967051967675,4684.1467051967675,2836,1071,1954
4687.607365602866,4687.357365602866,4687.857365602866,1113,898,1006
4685.421178173697,4685.296178173697,4685.546178173697,1690,1153,1422
4693.037453521571,4692.912453521571,4693.162453521571,1986,1091,1539
4691.123943541024,4690.998943541024,4691.248943541024,420,1217,819
4701.993693304205,4701.868693304205,4702.118693304205,2519,1164,1842
4703.485149058388,4703.360149058388,4703.610149058388,1943,1084,1514
4708.50024377778,4708.25024377778,4708.75024377778,1749,1342,1546
4710.229667090098,4709.979667090098,4710.479667090098,1310,1343,1327
4708.455812203885,4708.330812203885,4708.580812203885,1378,845,1112
4706.751539082353,4706.376539082353,4707.126539082353,2029,1356,1693
4715.10074156126,4714.97574156126,4715.22574156126,1714,2057,1886
4713.232783502941,4713.107783502941,4713.357783502941,1069,596,833
4708.553939374314,4708.303939374314,4708.803939374314,1625,1126,1376
4705.426751573354,4705.301751573354,4705.551751573354,1697,1820,1759
4706.946538841608,4706.821538841608,4707.071538841608,1041,1008,1025
4711.534891608064,4711.409891608064,4711.659891608064,2721,1180,1951
4714.330630992469,4714.205630992469,4714.455630992469,1769,1748,1759
4705.101424385921,4704.851424385921,4705.351424385921,1246,835,1041
4703.454556712207,4703.329556712207,4703.579556712207,1832,1757,1795
4707.58171423409,4707.45671423409,4707.70671423409,1826,1773,1800
4712.7409076758195,4712.6159076758195,4712.8659076758195,1551,654,1103
4719.969460314609,4719.594460314609,4720.344460314609,1450,1111,1281
4715.849028321706,4715.474028321706,4716.224028321706,1270,2407,1839
4716.575830773996,4716.450830773996,4716.700830773996,1005,856,931
4727.312550263771,4727.187550263771,4727.437550263771,904,1945,1425
4734.457133607126,4734.332133607126,4734.582133607126,982,1045,1014
4737.273889655458,4737.148889655458,4737.398889655458,1490,1865,1678
4738.841271598734,4738.716271598734,4738.966271598734,1428,977,1203
4736.497759599555,4736.372759599555,4736.622759599555,2107,1526,1817
4732.664886374887,4732.539886374887,4732.789886374887,2405,1486,1946
4730.7244132602145,4730.5994132602145,4730.8494132602145,2164,791,1478
4731.184686603152,4731.059686603152,4731.309686603152,2129,770,1450
4727.54616269674,4727.42116269674,4727.67116269674,732,1331,1032
4728.674138567066,4728.549138567066,4728.799138567066,1109,714,912
4738.767006529157,4738.517006529157,4739.017006529157,1243,914,1079
4737.987001711016,4737.737001711016,4738.237001711016,1060,1855,1458
4734.739342356631,4734.614342356631,4734.864342356631,680,1341,1011
4733.321519361243,4733.196519361243,4733.446519361243,1592,1459,1526
4729.9584386748165,4729.8334386748165,4730.0834386748165,1585,2258,1922
4726.276674297016,4726.151674297016,4726.401674297016,1274,839,1057
4727.375220384837,4727.125220384837,4727.625220384837,1131,1468,1300
4734.05777115042,4733.80777115042,4734.30777115042,1247,1332,1290
4729.016975157541,4728.891975157541,4729.141975157541,1777,1092,1435
4734.399066088307,4734.274066088307,4734.524066088307,1383,468,926
4736.080950588087,4735.955950588087,4736.205950588087,792,1931,1362
4732.354590373514,4732.229590373514,4732.479590373514,1404,1235,1320
4728.816856014677,4728.566856014677,4729.066856014677,1275,1468,1372
4728.905163536633,4728.780163536633,4729.030163536633,1411,706,1059
4733.0883360960925,4732.7133360960925,4733.4633360960925,1422,2447,1935
4726.432667153572,4726.307667153572,4726.557667153572,933,786,860
4734.2804306595,4734.1554306595,4734.4054306595,1873,1504,1689
4738.0228014311715,4737.8978014311715,4738.1478014311715,2429,954,1692
4737.070087289358,4736.945087289358,4737.195087289358,954,1607,1281
4747.450936148419,4747.325936148419,4747.575936148419,1329,1058,1194
4747.439594175691,4747.189594175691,4747.689594175691,939,2592,1766
4742.4641387098345,4742.2141387098345,4742.7141387098345,865,1722,1294
4746.032425198338,4745.782425198338,4746.282425198338,2490,1095,1793
4744.806425674295,4744.681425674295,4744.931425674295,910,1249,1080
4744.881248703065,4744.756248703065,4745.006248703065,1063,878,971
4737.479271606678,4737.354271606678,4737.604271606678,1480,581,1031
4744.103827010545,4743.728827010545,4744.478827010545,2073,972,1523
4742.610489080449,4742.485489080449,4742.735489080449,1721,1726,1724
4738.39359916184,4738.14359916184,4738.64359916184,685,1258,972
4736.668363115532,4736.543363115532,4736.793363115532,1345,1322,1334
4739.733206131795,4739.608206131795,4739.858206131795,2073,798,1436
4734.9019736091195,4734.7769736091195,4735.0269736091195,1116,533,825
4738.22668919172,4738.10168919172,4738.35168919172,909,710,810
4731.502105115098,4731.377105115098,4731.627105115098,1271,858,1065
4727.729857934912,4727.604857934912,4727.854857934912,1791,1236,1514
4719.565784293972,4719.440784293972,4719.690784293972,2595,1320,1958
4720.594560934245,4720.469560934245,4720.719560934245,1952,809,1381
4724.700441626273,4724.325441626273,4725.075441626273,1063,2318,1691
4722.133442761471,4722.008442761471,4722.258442761471,2915,1066,1991
4723.416922777363,4723.291922777363,4723.541922777363,925,2574,1750
4721.552189859088,4721.427189859088,4721.677189859088,1384,2569,1977
4721.847183156653,4721.597183156653,4722.097183156653,1759,1984,1872
4718.02172930829,4717.89672930829,4718.14672930829,950,2399,1675
4715.68251980477,4715.43251980477,4715.93251980477,1883,1294,1589
4717.835850597351,4717.710850597351,4717.960850597351,1756,1613,1685
4719.2334358788885,4718.9834358788885,4719.4834358788885,1110,1403,1257
4721.264152223391,4721.139152223391,4721.389152223391,2107,1484,1796
4723.177471513312,4723.052471513312,4723.302471513312,1254,741,998
4724.884565289459,4724.759565289459,4725.009565289459,2452,1283,1868
4718.27550877261,4718.15050877261,4718.40050877261,1807,1174,1491
4723.63867245441,4723.51367245441,4723.76367245441,567,1238,903
4720.127533146388,4720.002533146388,4720.252533146388,825,2050,1438
4716.54162186296,4716.16662186296,4716.91662186296,650,1283,967
4720.0562634225425,4719.9312634225425,4720.1812634225425,956,1167,1062
4716.4429884576175,4716.3179884576175,4716.5679884576175,1113,1022,1068
4714.595454494263,4714.470454494263,4714.720454494263,1165,760,963
4710.71032944114,4710.58532944114,4710.83532944114,2166,765,1466
4710.682751319446,4710.557751319446,4710.807751319446,2092,1231,1662
4706.770415075917,4706.395415075917,4707.145415075917,796,991,894
4707.609071938165,4707.359071938165,4707.859071938165,771,1098,935
4707.1412079088295,4706.8912079088295,4707.3912079088295,1402,687,1045
4709.0833706000985,4708.9583706000985,4709.2083706000985,776,1151,964
4706.32481556931,4706.19981556931,4706.44981556931,923,2432,1678
4706.362795709202,4706.237795709202,4706.487795709202,2743,1198,1971
4705.744012016988,4705.619012016988,4705.869012016988,2196,867,1532
4702.451996930674,4702.326996930674,4702.576996930674,1403,2054,1729
4702.388484153481,4702.263484153481,4702.513484153481,1270,2361,1816
4698.781385017155,4698.656385017155,4698.906385017155,2096,1525,1811
4695.200687613847,4695.075687613847,4695.325687613847,948,1975,1462
4695.70214618273,4695.57714618273,4695.82714618273,2038,1753,1896
4698.057477065975,4697.932477065975,4698.182477065975,2200,1575,1888
4697.199431860995,4696.949431860995,4697.449431860995,933,1402,1168
4700.693013205206,4700.568013205206,4700.818013205206,1111,562,837
4701.750666964141,4701.375666964141,4702.125666964141,1235,1216,1226
4704.366723373937,4704.241723373937,4704.491723373937,1642,1663,1653
4704.460107394535,4704.335107394535,4704.585107394535,2057,716,1387
4703.273704543825,4703.148704543825,4703.398704543825,1908,811,1360
4699.481834838913,4699.356834838913,4699.606834838913,2267,1612,1940
4699.859255844201,4699.734255844201,4699.984255844201,638,1889,1264
4700.552964278577,4700.427964278577,4700.677964278577,1344,1635,1490
4701.463998500552,4701.213998500552,4701.713998500552,1622,865,1244
4698.126922261111,4698.001922261111,4698.251922261111,1126,1129,1128
4701.16408848627,4701.03908848627,4701.28908848627,1650,1755,1703
4699.127692847791,4698.877692847791,4699.377692847791,2122,1651,1887
4700.995392465397,4700.870392465397,4701.120392465397,1081,2032,1557
4699.911912996545,4699.661912996545,4700.161912996545,1160,1587,1374
4698.097584858077,4697.972584858077,4698.222584858077,605,1758,1182
4693.975437127217,4693.850437127217,4694.100437127217,742,1421,1082
4694.888645758833,4694.763645758833,4695.013645758833,801,1974,1388
4692.750045806904,4692.375045806904,4693.125045806904,1696,2109,1903
4697.399956413573,4697.274956413573,4697.524956413573,1273,2560,1917
4698.015881095641,4697.765881095641,4698.265881095641,2313,1150,1732
4698.582747819858,4698.457747819858,4698.707747819858,953,2830,1892
4695.629689500451,4695.379689500451,4695.879689500451,906,1121,1014
4690.641380679368,4690.516380679368,4690.766380679368,1571,1866,1719
4687.343283258495,4687.218283258495,4687.468283258495,1836,2127,1982
4685.750876002762,4685.375876002762,4686.125876002762,2243,1430,1837
4689.141090120246,4688.891090120246,4689.391090120246,1904,1169,1537
4683.805288738597,4683.680288738597,4683.930288738597,571,1244,908
4683.433575502884,4683.183575502884,4683.683575502884,703,1128,916
4681.888980270276,4681.513980270276,4682.263980270276,644,1583,1114
4680.890733461563,4680.640733461563,4681.140733461563,1610,781,1196
4675.15828797365,4674.90828797365,4675.40828797365,925,792,859
4669.926306880564,4669.801306880564,4670.051306880564,2063,1454,1759
4666.402680113755,4666.277680113755,4666.527680113755,543,1580,1062
4659.928516076638,4659.678516076638,4660.178516076638,1720,1209,1465
4663.153329109785,4663.028329109785,4663.278329109785,1441,1642,1542
4661.44046797344,4661.31546797344,4661.56546797344,1993,684,1339
4663.555707655478,4663.305707655478,4663.805707655478,1185,2582,1884
4663.349180096358,4663.224180096358,4663.474180096358,2069,818,1444
4662.70880628464,4662.58380628464,4662.83380628464,1625,1888,1757
4663.912933843557,4663.662933843557,4664.162933843557,1230,1811,1521
4666.140202133742,4666.015202133742,4666.265202133742,1028,2379,1704
4664.774080105694,4664.649080105694,4664.899080105694,1177,2002,1590
4664.161490213198,4664.036490213198,4664.286490213198,1228,541,885
4665.430280078178,4665.305280078178,4665.555280078178,2427,1504,1966
4663.507583775958,4663.132583775958,4663.882583775958,2129,1594,1862
4661.246684925823,4661.121684925823,4661.371684925823,695,962,829
4660.303819695904,4660.053819695904,4660.553819695904,887,1484,1186
4661.541439470971,4661.416439470971,4661.666439470971,1088,2699,1894
4657.9669876101025,4657.8419876101025,4658.0919876101025,1238,1765,1502
4659.796361961842,4659.671361961842,4659.921361961842,1583,602,1093
4658.9374576649525,4658.6874576649525,4659.1874576649525,1229,2628,1929
4650.722362677997,4650.597362677997,4650.847362677997,1226,1573,1400
4653.062071099547,4652.937071099547,4653.187071099547,2713,1028,1871
4654.126628762756,4653.876628762756,4654.376628762756,476,1223,850
4656.723805866523,4656.598805866523,4656.848805866523,738,1231,985
4664.397301971828,4664.147301971828,4664.647301971828,1165,556,861
4663.339352424523,4663.214352424523,4663.464352424523,1115,2484,1800
4664.760662081679,4664.635662081679,4664.885662081679,768,957,863
4664.597277161569,4664.347277161569,4664.847277161569,2085,990,1538
4660.8630498633265,4660.7380498633265,4660.9880498633265,1328,547,938
4663.896659692676,4663.521659692676,4664.271659692676,896,1149,1023
4663.38502046237,4663.01002046237,4663.76002046237,944,863,904
4661.155235953726,4661.030235953726,4661.280235953726,1875,1426,1651
4667.555361303533,4667.430361303533,4667.680361303533,884,1219,1052
4671.560670310013,4671.435670310013,4671.685670310013,1062,1909,1486
4670.968633685682,4670.593633685682,4671.343633685682,1188,2665,1927
4668.557727469314,4668.432727469314,4668.682727469314,2570,1199,1885
4671.342364261303,4671.217364261303,4671.467364261303,2301,1658,1980
4668.834749902239,4668.709749902239,4668.959749902239,1404,1067,1236
4670.017940504306,4669.767940504306,4670.267940504306,852,1685,1269
4668.958157297116,4668.708157297116,4669.208157297116,1158,589,874
4668.256994133783,4668.131994133783,4668.381994133783,1425,2370,1898
4669.00304472299,4668.87804472299,4669.12804472299,624,1697,1161
4666.378938569828,4666.003938569828,4666.753938569828,1021,1604,1313
4659.710024395685,4659.460024395685,4659.960024395685,1016,1385,1201
4658.221561808203,4657.971561808203,4658.471561808203,831,1354,1093
4656.20404447758,4655.95404447758,4656.45404447758,655,1648,1152
4657.823478074899,4657.698478074899,4657.948478074899,2657,1294,1976
4652.610858928003,4652.360858928003,4652.860858928003,1674,1409,1542
4649.194615490383,4649.069615490383,4649.319615490383,1843,778,1311
4647.983142581761,4647.858142581761,4648.108142581761,1741,1028,1385
4645.52876151984,4645.40376151984,4645.65376151984,830,1241,1036
4648.912392469378,4648.787392469378,4649.037392469378,1051,706,879
4649.5574558905355,4649.4324558905355,4649.6824558905355,724,959,842
4650.5852584211225,4650.4602584211225,4650.7102584211225,1632,1331,1482
4645.971686698126,4645.846686698126,4646.096686698126,1166,601,884
4642.184085359414,4642.059085359414,4642.309085359414,889,2412,1651
4643.51612727033,4643.39112727033,4643.64112727033,1468,1373,1421
4647.327434915551,4646.952434915551,4647.702434915551,959,2570,1765
4648.380849516343,4648.255849516343,4648.505849516343,1462,2357,1910
4653.011812637684,4652.761812637684,4653.261812637684,1372,2285,1829
4654.1863247938045,4654.0613247938045,4654.3113247938045,794,2015,1405
4657.1050590282375,4656.9800590282375,4657.2300590282375,1311,818,1065
4660.953813723671,4660.828813723671,4661.078813723671,980,1857,1419
4657.134444348743,4656.884444348743,4657.384444348743,1772,1187,1480
4659.995630176453,4659.870630176453,4660.120630176453,1796,2015,1906
4657.455716728098,4657.205716728098,4657.705716728098,1420,1841,1631
4655.479247085334,4655.354247085334,4655.604247085334,980,2171,1576
4654.458728985617,4654.333728985617,4654.583728985617,1411,2202,1807
4658.043058047829,4657.793058047829,4658.293058047829,1678,2293,1986
4658.133852913941,4658.008852913941,4658.258852913941,706,1477,1092
4658.048305873843,4657.923305873843,4658.173305873843,1534,1413,1474
4660.958939988005,4660.583939988005,4661.333939988005,1126,1589,1358
4664.04688892558,4663.92188892558,4664.17188892558,803,1716,1260
4669.078966213132,4668.953966213132,4669.203966213132,1186,453,820
4665.165925215672,4665.040925215672,4665.290925215672,1141,1678,1410
4663.865699491442,4663.740699491442,4663.990699491442,1425,498,962
4662.600671313457,4662.350671313457,4662.850671313457,1391,1038,1215
4661.823781592216,4661.698781592216,4661.948781592216,1302,1395,1349
4660.494231911842,4660.369231911842,4660.619231911842,1414,2507,1961
4658.328509252273,4658.203509252273,4658.453509252273,1224,1473,1349
4664.2327147741225,4664.1077147741225,4664.3577147741225,1340,879,1110
4662.615135379141,4662.490135379141,4662.740135379141,495,1406,951
4661.119346423813,4660.994346423813,4661.244346423813,654,1357,1006
4661.032072952522,4660.657072952522,4661.407072952522,1124,2089,1607
4662.15640561583,4662.03140561583,4662.28140561583,817,2168,1493
4660.068090566578,4659.693090566578,4660.443090566578,2412,833,1623
4658.289845778363,4658.164845778363,4658.414845778363,911,756,834
4659.268346961935,4659.143346961935,4659.393346961935,1566,1843,1705
4654.980196098322,4654.855196098322,4655.105196098322,1697,1164,1431
4652.305262728591,4652.180262728591,4652.430262728591,721,954,838
4650.60539661784,4650.48039661784,4650.73039661784,645,1492,1069
4650.628375649114,4650.503375649114,4650.753375649114,1619,2130,1875
4653.282086661709,4653.032086661709,4653.532086661709,1845,1400,1623
4653.094409795675,4652.969409795675,4653.219409795675,685,1126,906
4650.292607378961,4650.167607378961,4650.417607378961,1056,1335,1196
4646.801852886965,4646.551852886965,4647.051852886965,2062,1077,1570
4645.768936129331,4645.643936129331,4645.893936129331,925,1296,1111
4643.839153282245,4643.589153282245,4644.089153282245,938,1367,1153
4646.253379448785,4646.128379448785,4646.378379448785,1749,1256,1503
4647.43006970512,4647.30506970512,4647.55506970512,1033,2458,1746
4644.88186002818,4644.75686002818,4645.00686002818,1681,768,1225
4647.6911050197305,4647.5661050197305,4647.8161050197305,2047,1376,1712
4649.383176722707,4649.258176722707,4649.508176722707,2105,1088,1597
4650.093746438037,4649.968746438037,4650.218746438037,1344,761,1053
4650.406530399012,4650.281530399012,4650.531530399012,903,1076,990
4649.449370173535,4649.199370173535,4649.699370173535,985,1030,1008
4650.806211528704,4650.681211528704,4650.931211528704,939,2502,1721
4649.403543324372,4649.278543324372,4649.528543324372,794,1631,1213
4647.191746530833,4646.941746530833,4647.441746530833,1103,1638,1371
4641.867450514078,4641.617450514078,4642.117450514078,977,1048,1013
4641.825993850987,4641.575993850987,4642.075993850987,785,2258,1522
4642.103668909305,4641.978668909305,4642.228668909305,2480,965,1723
4641.189443014735,4640.939443014735,4641.439443014735,1230,791,1011
4639.883829323273,4639.508829323273,4640.258829323273,979,2670,1825
4638.7304841613295,4638.4804841613295,4638.9804841613295,1007,2050,1529
4634.563980977033,4634.438980977033,4634.688980977033,1241,1494,1368
4636.963785734419,4636.713785734419,4637.213785734419,690,1511,1101
4635.532750505545,4635.407750505545,4635.657750505545,1229,680,955
4638.23725738419,4638.11225738419,4638.36225738419,1774,1791,1783
4635.3756245640125,4635.2506245640125,4635.5006245640125,1635,1404,1520
4637.428137063781,4637.178137063781,4637.678137063781,2155,1080,1618
4636.043642128034,4635.668642128034,4636.418642128034,1546,2315,1931
4640.730491608063,4640.355491608063,4641.105491608063,1224,557,891
4639.1816237282865,4639.0566237282865,4639.3066237282865,1070,1615,1343
4637.908250302431,4637.783250302431,4638.033250302431,2493,1162,1828
4639.191853768203,4638.941853768203,4639.441853768203,2184,1161,1673
4645.461444639581,4645.336444639581,4645.586444639581,1268,1531,1400
4645.160831379954,4644.910831379954,4645.410831379954,2305,802,1554
4643.719501392338,4643.594501392338,4643.844501392338,958,785,872
4640.04296754823,4639.91796754823,4640.16796754823,2212,1255,1734
4639.031666112391,4638.656666112391,4639.406666112391,1252,2233,1743
4638.9048746332455,4638.7798746332455,4639.0298746332455,844,1773,1309
4643.411984615181,4643.286984615181,4643.536984615181,728,937,833
4644.991679202849,4644.866679202849,4645.116679202849,1007,628,818
4650.291844215435,4650.041844215435,4650.541844215435,730,2191,1461
4653.423677114861,4653.173677114861,4653.673677114861,2313,982,1648
4653.668050161273,4653.543050161273,4653.793050161273,1094,2877,1986
4659.560072247159,4659.435072247159,4659.685072247159,1126,2233,1680
4665.173566672572,4665.048566672572,4665.298566672572,2351,824,1588
4665.371010921037,4664.996010921037,4665.746010921037,2614,901,1758
4663.447956147255,4663.197956147255,4663.697956147255,1552,1389,1471
4666.419238051636,4666.294238051636,4666.544238051636,2358,823,1591
4660.701299058908,4660.451299058908,4660.951299058908,1612,1415,1514
4655.051799807512,4654.926799807512,4655.176799807512,854,1229,1042
4656.666966874077,4656.416966874077,4656.916966874077,2054,1125,1590
4659.232582940805,4659.107582940805,4659.357582940805,2815,1132,1974
4660.8505785989855,4660.7255785989855,4660.9755785989855,1067,1498,1283
4659.031358420974,4658.906358420974,4659.156358420974,1004,771,888
4662.13648337995,4661.88648337995,4662.38648337995,1162,1905,1534
4659.569448735994,4659.319448735994,4659.819448735994,1073,2364,1719
4661.630706820684,4661.380706820684,4661.880706820684,2580,941,1761
4661.233176572055,4661.108176572055,4661.358176572055,1500,729,1115
4653.750446551628,4653.500446551628,4654.000446551628,1178,1627,1403
4651.125129228337,4651.000129228337,4651.250129228337,1343,1334,1339
4641.110508091998,4640.985508091998,4641.235508091998,1670,1045,1358
4644.332969403423,4644.082969403423,4644.582969403423,1422,1139,1281
4645.251674618171,4645.126674618171,4645.376674618171,657,964,811
4644.978223938418,4644.728223938418,4645.228223938418,1184,465,825
4646.183709508981,4645.933709508981,4646.433709508981,515,1368,942
4645.393123765982,4645.268123765982,4645.518123765982,897,1578,1238
4636.123459988829,4635.998459988829,4636.248459988829,1282,2023,1653
4641.773140102601,4641.398140102601,4642.148140102601,2050,1745,1898
4641.435167245235,4641.185167245235,4641.685167245235,960,1349,1155
4638.953830471371,4638.828830471371,4639.078830471371,2564,1119,1842
4634.127098343818,4634.002098343818,4634.252098343818,1150,1789,1470
4633.229113941023,4633.104113941023,4633.354113941023,1264,1959,1612
4631.93930070966,4631.68930070966,4632.18930070966,1889,724,1307
4632.501432875514,4632.376432875514,4632.626432875514,808,1027,918
4631.070495224027,4630.820495224027,4631.320495224027,1444,2551,1998
4633.13118123779,4633.00618123779,4633.25618123779,1088,1007,1048
4640.1619121311005,4640.0369121311005,4640.2869121311005,561,1074,818
4641.206295220062,4640.956295220062,4641.456295220062,1029,2554,1792
4643.04483092047,4642.91983092047,4643.16983092047,1495,1392,1444
4637.835983758247,4637.710983758247,4637.960983758247,1680,1165,1423
4629.359650101682,4629.109650101682,4629.609650101682,1957,832,1395
4632.386858717068,4632.011858717068,4632.761858717068,1951,1540,1746
4633.352851441494,4633.227851441494,4633.477851441494,726,1637,1182
4636.135151152981,4635.885151152981,4636.385151152981,977,1932,1455
4635.483652326003,4635.358652326003,4635.608652326003,983,1958,1471
4639.81221477139,4639.43721477139,4640.18721477139,1928,945,1437
4634.003301873119,4633.878301873119,4634.128301873119,1715,1268,1492
4634.114139486593,4633.739139486593,4634.489139486593,2056,735,1396
4627.434843467984,4627.309843467984,4627.559843467984,2084,1661,1873
4630.317780865992,4630.192780865992,4630.442780865992,1508,2191,1850
4634.266795475958,4634.141795475958,4634.391795475958,1352,841,1097
4627.81953230033,4627.69453230033,4627.94453230033,1655,1128,1392
4622.98508269244,4622.86008269244,4623.11008269244,1568,1113,1341
4623.155661214875,4622.780661214875,4623.530661214875,700,1915,1308
4622.951708177436,4622.826708177436,4623.076708177436,1081,1288,1185
4618.702480930789,4618.327480930789,4619.077480930789,943,1146,1045
4616.6483408402655,4616.3983408402655,4616.8983408402655,1293,584,939
4622.504635753042,4622.254635753042,4622.754635753042,2189,1356,1773
4620.017932177945,4619.642932177945,4620.392932177945,1082,2293,1688
4621.113640018672,4620.863640018672,4621.363640018672,1766,1813,1790
4619.554982535783,4619.304982535783,4619.804982535783,1496,925,1211
4623.772580226863,4623.647580226863,4623.897580226863,1329,832,1081
4622.911834616101,4622.661834616101,4623.161834616101,824,1125,975
4623.649541846693,4623.524541846693,4623.774541846693,643,1684,1164
4622.283210957621,4622.158210957621,4622.408210957621,2057,1048,1553
4623.970833827268,4623.720833827268,4624.220833827268,673,1722,1198
4626.1713250670655,4625.9213250670655,4626.4213250670655,2128,939,1534
4627.192853212327,4626.942853212327,4627.442853212327,1230,1049,1140
4624.490232127327,4624.365232127327,4624.615232127327,1108,863,986
4624.291585659872,4624.041585659872,4624.541585659872,1456,1465,1461
4631.227957765051,4630.852957765051,4631.602957765051,1459,518,989
4628.606003718755,4628.356003718755,4628.856003718755,939,2118,1529
4620.795186943547,4620.545186943547,4621.045186943547,1656,1409,1533
4621.3426853066585,4621.0926853066585,4621.5926853066585,1223,716,970
4626.2111566727635,4626.0861566727635,4626.3361566727635,1091,2650,1871
4624.779710126825,4624.654710126825,4624.904710126825,1722,1625,1674
4626.1671765864685,4626.0421765864685,4626.2921765864685,2361,830,1596
4624.537317733824,4624.412317733824,4624.662317733824,1553,1010,1282
4628.684271647207,4628.559271647207,4628.809271647207,2230,1305,1768
4626.491437290538,4626.241437290538,4626.741437290538,1809,1278,1544
4634.698616252367,4634.448616252367,4634.948616252367,868,1917,1393
4640.2338429266065,4640.1088429266065,4640.3588429266065,915,960,938
4638.260536684596,4638.135536684596,4638.385536684596,1054,577,816
4637.291156349184,4637.166156349184,4637.416156349184,1141,828,985
4633.778282651467,4633.653282651467,4633.903282651467,889,2014,1452
4634.066746286906,4633.691746286906,4634.441746286906,2613,1256,1935
4635.388470026602,4635.263470026602,4635.513470026602,1387,740,1064
4632.228219862276,4632.103219862276,4632.353219862276,1509,1796,1653
4634.200585728252,4634.075585728252,4634.325585728252,1401,1162,1282
4634.917302940195,4634.667302940195,4635.167302940195,668,1399,1034
4639.748646160117,4639.498646160117,4639.998646160117,1272,571,922
4638.102646908031,4637.977646908031,4638.227646908031,1111,1684,1398
4635.743232123986,4635.493232123986,4635.993232123986,1360,1765,1563
4631.521259275215,4631.396259275215,4631.646259275215,964,2001,1483
4635.901627715548,4635.776627715548,4636.026627715548,2229,1354,1792
4633.088649971968,4632.713649971968,4633.463649971968,2060,1895,1978
4636.120873967329,4635.995873967329,4636.245873967329,1982,957,1470
4633.56865668574,4633.44365668574,4633.69365668574,1591,1170,1381
4637.928730892033,4637.803730892033,4638.053730892033,1620,879,1250
4639.596081363257,4639.471081363257,4639.721081363257,765,914,840
4641.587449437715,4641.462449437715,4641.712449437715,1032,651,842
4645.730264260939,4645.605264260939,4645.855264260939,1380,1145,1263
4645.524946254604,4645.274946254604,4645.774946254604,1682,1717,1700
4641.869852639438,4641.619852639438,4642.119852639438,832,1671,1252
4643.3711449285765,4643.1211449285765,4643.6211449285765,1207,2608,1908
4648.012601450055,4647.637601450055,4648.387601450055,2611,884,1748
4648.599538734781,4648.349538734781,4648.849538734781,1296,2117,1707
4649.711389733822,4649.461389733822,4649.961389733822,1266,1669,1468
4656.357729285414,4655.982729285414,4656.732729285414,497,1212,855
4658.131662400045,4658.006662400045,4658.256662400045,714,1435,1075
4655.846686275676,4655.596686275676,4656.096686275676,1667,942,1305
4655.389694362087,4655.139694362087,4655.639694362087,1186,1417,1302
4648.475721549357,4648.350721549357,4648.600721549357,1592,625,1109
4657.398196243012,4657.273196243012,4657.523196243012,1353,1856,1605
4655.135772913023,4654.885772913023,4655.385772913023,1886,687,1287
4660.395829022557,4660.270829022557,4660.520829022557,604,1161,883
4655.036730456356,4654.661730456356,4655.411730456356,1050,839,945
4657.905958160156,4657.780958160156,4658.030958160156,1923,972,1448
4648.303267161777,4647.928267161777,4648.678267161777,561,1100,831
4649.546416029564,4649.421416029564,4649.671416029564,1261,1992,1627
4647.635871985616,4647.385871985616,4647.885871985616,1229,1680,1455
4645.7746315674585,4645.3996315674585,4646.1496315674585,707,1612,1160
4643.78621678958,4643.66121678958,4643.91121678958,776,1265,1021
4638.019075552741,4637.894075552741,4638.144075552741,2082,1643,1863
4632.739767802289,4632.614767802289,4632.864767802289,2298,867,1583
4636.033723414171,4635.908723414171,4636.158723414171,1156,1733,1445
4643.319031043562,4643.194031043562,4643.444031043562,1060,903,982
4645.140748154421,4645.015748154421,4645.265748154421,2013,876,1445
4645.564506275885,4645.439506275885,4645.689506275885,1167,970,1069
4646.976747065842,4646.601747065842,4647.351747065842,1669,1430,1550
4644.048410104288,4643.923410104288,4644.173410104288,2429,1078,1754
4640.059658912023,4639.934658912023,4640.184658912023,549,1242,896
4645.673088670938,4645.298088670938,4646.048088670938,963,2542,1753
4650.67235010284,4650.29735010284,4651.04735010284,1874,1115,1495
4646.367925673888,4646.117925673888,4646.617925673888,915,1872,1394
4643.918247461298,4643.793247461298,4644.043247461298,2479,1200,1840
4637.278506000145,4637.153506000145,4637.403506000145,1715,2028,1872
4637.646916974565,4637.521916974565,4637.771916974565,1720,857,1289
4635.781695960415,4635.656695960415,4635.906695960415,1197,2202,1700
4634.60415353958,4634.47915353958,4634.72915353958,768,1111,940
4642.422580491134,4642.297580491134,4642.547580491134,1749,1970,1860
4645.855220854247,4645.730220854247,4645.980220854247,1929,1306,1618
4646.402508372424,4646.277508372424,4646.527508372424,1012,595,804
4650.840428333854,4650.465428333854,4651.215428333854,2132,1579,1856
4654.79254293968,4654.66754293968,4654.91754293968,609,1432,1021
4657.404398517975,4657.154398517975,4657.654398517975,1834,1293,1564
4650.477434255242,4650.227434255242,4650.727434255242,1412,1109,1261
4649.883421300569,4649.758421300569,4650.008421300569,626,1493,1060
4649.126696759387,4649.001696759387,4649.251696759387,593,1646,1120
4655.788404132663,4655.663404132663,4655.913404132663,1147,2746,1947
4648.527001991723,4648.277001991723,4648.777001991723,1438,963,1201
4651.411308101365,4651.286308101365,4651.536308101365,2541,1116,1829
4653.163366179134,4653.038366179134,4653.288366179134,1458,709,1084
4654.013418352479,4653.763418352479,4654.263418352479,1233,1982,1608
4654.492753332827,4654.367753332827,4654.617753332827,1357,1816,1587
4650.368147681512,4649.993147681512,4650.743147681512,1708,1699,1704
4645.141341402027,4645.016341402027,4645.266341402027,1568,1769,1669
4644.62438707053,4644.49938707053,4644.74938707053,1796,713,1255
4640.539269482564,4640.414269482564,4640.664269482564,1220,1355,1288
4639.499753975191,4639.124753975191,4639.874753975191,2606,937,1772
4641.743666603877,4641.618666603877,4641.868666603877,1161,920,1041
4644.591667631881,4644.341667631881,4644.841667631881,1558,2097,1828
4651.785646226905,4651.660646226905,4651.910646226905,1025,2056,1541
4657.957827337584,4657.832827337584,4658.082827337584,1865,1294,1580
4664.922787088357,4664.797787088357,4665.047787088357,1500,705,1103
4662.662667888459,4662.537667888459,4662.787667888459,2143,1402,1773
4667.128142537957,4666.753142537957,4667.503142537957,997,1862,1430
4661.624390954487,4661.374390954487,4661.874390954487,1041,2704,1873
4670.357905550577,4669.982905550577,4670.732905550577,1041,1470,1256
4672.668517506859,4672.543517506859,4672.793517506859,2054,731,1393
4676.819071947313,4676.694071947313,4676.944071947313,1801,1576,1689
4675.051885481671,4674.926885481671,4675.176885481671,1267,1216,1242
4677.933185601134,4677.683185601134,4678.183185601134,904,1689,1297
4684.17865938821,4683.92865938821,4684.42865938821,745,1362,1054
4684.028029841412,4683.903029841412,4684.153029841412,2334,1267,1801
4677.810202297594,4677.685202297594,4677.935202297594,1533,1482,1508
4679.077519089476,4678.702519089476,4679.452519089476,972,763,868
4680.299564914028,4680.174564914028,4680.424564914028,876,783,830
4680.650911056544,4680.275911056544,4681.025911056544,1467,856,1162
4678.876674086997,4678.626674086997,4679.126674086997,2241,802,1522
4676.637779917892,4676.512779917892,4676.762779917892,2432,1233,1833
4682.152347134416,4681.902347134416,4682.402347134416,828,1225,1027
4682.219766380885,4682.094766380885,4682.344766380885,922,1125,1024
4670.376578436765,4670.001578436765,4670.751578436765,940,2545,1743
4669.475852582199,4669.350852582199,4669.600852582199,2032,917,1475
4674.045535466529,4673.795535466529,4674.295535466529,2848,1049,1949
4678.877650840928,4678.752650840928,4679.002650840928,1622,795,1209
4679.725263802443,4679.600263802443,4679.850263802443,1545,1690,1618
4679.149842157525,4678.774842157525,4679.524842157525,1042,1215,1129
4682.384542140511,4682.134542140511,4682.634542140511,1466,2305,1886
4682.85028674641,4682.60028674641,4683.10028674641,2138,887,1513
4673.84380901744,4673.71880901744,4673.96880901744,1478,1077,1278
4671.324188217989,4671.199188217989,4671.449188217989,2063,1508,1786
4677.646141702618,4677.521141702618,4677.771141702618,1227,2024,1626
4677.312823275513,4677.187823275513,4677.437823275513,1875,1268,1572
4686.013409910623,4685.888409910623,4686.138409910623,512,1279,896
4685.356299656451,4685.231299656451,4685.481299656451,1297,2568,1933
4682.388785487282,4682.263785487282,4682.513785487282,2068,989,1529
4677.644401214321,4677.394401214321,4677.894401214321,1060,2649,1855
4674.547642738005,4674.422642738005,4674.672642738005,1470,731,1101
4674.456918736214,4674.331918736214,4674.581918736214,752,1903,1328
4678.225211466865,4677.975211466865,4678.475211466865,1817,680,1249
4671.775960044677,4671.650960044677,4671.900960044677,1839,1086,1463
4667.52127578461,4667.27127578461,4667.77127578461,570,1059,815
4664.31922872662,4664.19422872662,4664.44422872662,1139,1796,1468
4668.730051117007,4668.605051117007,4668.855051117007,1367,592,980
4660.671737437308,4660.421737437308,4660.921737437308,2008,1623,1816
4662.968295617912,4662.718295617912,4663.218295617912,1185,2422,1804
4664.785864980936,4664.660864980936,4664.910864980936,1359,1236,1298
4665.676302496804,4665.551302496804,4665.801302496804,1118,807,963
4663.978359135518,4663.728359135518,4664.228359135518,814,985,900
4666.584866878654,4666.459866878654,4666.709866878654,1302,1757,1530
4669.768018620173,4669.643018620173,4669.893018620173,834,863,849
4666.7387885206645,4666.6137885206645,4666.8637885206645,2070,907,1489
4669.502191369259,4669.377191369259,4669.627191369259,2504,853,1679
4671.235450505606,4671.110450505606,4671.360450505606,798,1577,1188
4671.054352041423,4670.929352041423,4671.179352041423,1917,974,1446
4668.082074532908,4667.957074532908,4668.207074532908,998,1589,1294
4666.094654786194,4665.844654786194,4666.344654786194,1217,2040,1629
4662.960893452188,4662.835893452188,4663.085893452188,920,1187,1054
4662.237493298771,4662.112493298771,4662.362493298771,1826,1593,1710
4661.8052733896975,4661.5552733896975,4662.0552733896975,1355,1792,1574
4668.221217556237,4667.846217556237,4668.596217556237,2154,1685,1920
4666.88749945569,4666.76249945569,4667.01249945569,761,1974,1368
4668.6460718283415,4668.5210718283415,4668.7710718283415,736,1643,1190
4670.9647979090405,4670.8397979090405,4671.0897979090405,1566,1767,1667
4670.077435092893,4669.702435092893,4670.452435092893,564,1655,1110
4675.463493114562,4675.338493114562,4675.588493114562,1647,1028,1338
4677.708112892331,4677.583112892331,4677.833112892331,1616,2019,1818
4681.037327554518,4680.912327554518,4681.162327554518,1845,1338,1592
4676.796549863721,4676.671549863721,4676.921549863721,1843,1884,1864
4674.44830798118,4674.32330798118,4674.57330798118,1316,643,980
4672.286147544574,4672.161147544574,4672.411147544574,949,1892,1421
4668.909591741257,4668.659591741257,4669.159591741257,593,1362,978
4670.04867240533,4669.92367240533,4670.17367240533,861,1060,961
4674.554450394992,4674.429450394992,4674.679450394992,1344,2635,1990
4673.77124657584,4673.64624657584,4673.89624657584,1151,1056,1104
4670.687382943517,4670.437382943517,4670.937382943517,1614,1739,1677
4673.425425479425,4673.175425479425,4673.675425479425,2249,1530,1890
4673.691081152426,4673.566081152426,4673.816081152426,1703,1356,1530
4674.206405356615,4673.956405356615,4674.456405356615,1484,1331,1408
4670.324989272183,4669.949989272183,4670.699989272183,1142,1509,1326
4673.0041479300135,4672.8791479300135,4673.1291479300135,2110,741,1426
4673.297687441391,4673.172687441391,4673.422687441391,1771,842,1307
4671.738178519576,4671.613178519576,4671.863178519576,1170,2309,1740
4670.145104424271,4670.020104424271,4670.270104424271,2638,1067,1853
4671.082659081191,4670.957659081191,4671.207659081191,1621,906,1264
4672.725172104459,4672.600172104459,4672.850172104459,1548,2213,1881
4668.035041597407,4667.785041597407,4668.285041597407,1087,1092,1090
4666.108287638154,4665.983287638154,4666.233287638154,1244,1869,1557
4668.236455127008,4668.111455127008,4668.361455127008,978,1453,1216
4665.015741837987,4664.640741837987,4665.390741837987,1299,908,1104
4665.379255988021,4665.129255988021,4665.629255988021,1699,890,1295
4668.13425800899,4668.00925800899,4668.25925800899,1547,594,1071
4671.944000419165,4671.819000419165,4672.069000419165,1511,1908,1710
4670.25288080844,4669.87788080844,4670.62788080844,1031,612,822
4667.70351523683,4667.57851523683,4667.82851523683,1863,1186,1525
4665.294343933322,4665.169343933322,4665.419343933322,1932,1949,1941
4672.598713242906,4672.348713242906,4672.848713242906,1864,1689,1777
4676.123229349839,4675.998229349839,4676.248229349839,1317,800,1059
4675.737508669498,4675.362508669498,4676.112508669498,1075,2412,1744
4673.284072178695,4673.159072178695,4673.409072178695,1021,1798,1410
4677.658537488832,4677.533537488832,4677.783537488832,2053,894,1474
4673.24641494795,4673.12141494795,4673.37141494795,1030,2115,1573
4672.341735459087,4672.216735459087,4672.466735459087,1567,970,1269
4674.192260242499,4674.067260242499,4674.317260242499,1476,589,1033
4672.849963399346,4672.474963399346,4673.224963399346,2097,936,1517
4669.084366962291,4668.959366962291,4669.209366962291,2274,933,1604
4667.7744027865665,4667.6494027865665,4667.8994027865665,1883,652,1268
4671.994521851179,4671.744521851179,4672.244521851179,2014,1817,1916
4669.087120837015,4668.837120837015,4669.337120837015,1890,1223,1557
4672.884903928126,4672.759903928126,4673.009903928126,1610,1189,1400
4672.840068563191,4672.590068563191,4673.090068563191,1814,1519,1667
4672.588098244456,4672.463098244456,4672.713098244456,1516,989,1253
4674.2667879471555,4674.0167879471555,4674.5167879471555,1058,1231,1145
4672.460621441105,4672.085621441105,4672.835621441105,1674,1839,1757
4670.669259835494,4670.544259835494,4670.794259835494,1592,935,1264
4671.936249918749,4671.811249918749,4672.061249918749,1450,2245,1848
4673.670118066286,4673.545118066286,4673.795118066286,1100,747,924
4675.138023958879,4675.013023958879,4675.263023958879,578,1175,877
4671.775430159881,4671.650430159881,4671.900430159881,1448,2307,1878
4676.847903825969,4676.722903825969,4676.972903825969,1189,518,854
4678.436484270452,4678.311484270452,4678.561484270452,1109,1096,1103
4675.188445514001,4674.938445514001,4675.438445514001,827,964,896
4671.600329299402,4671.475329299402,4671.725329299402,1047,2638,1843
4669.053926271263,4668.803926271263,4669.303926271263,1188,1641,1415
4666.623309255567,4666.248309255567,4666.998309255567,1220,751,986
4668.552950239717,4668.302950239717,4668.802950239717,970,2067,1519
4667.327502824702,4667.202502824702,4667.452502824702,628,1341,985
4663.274735718949,4663.024735718949,4663.524735718949,1050,981,1016
4657.086395356151,4656.836395356151,4657.336395356151,1180,1105,1143
4660.294417199465,4660.169417199465,4660.419417199465,1399,2310,1855
4658.4251028900935,4658.3001028900935,4658.5501028900935,477,1414,946
4657.100076564444,4656.975076564444,4657.225076564444,695,1460,1078
4655.92474943949,4655.67474943949,4656.17474943949,1736,1009,1373
4657.603487006159,4657.353487006159,4657.853487006159,1009,1268,1139
4654.842174663371,4654.717174663371,4654.967174663371,2331,1298,1815
4652.369897954543,4652.119897954543,4652.619897954543,2978,1009,1994
4650.46206512973,4650.21206512973,4650.71206512973,991,2150,1571
4656.2956158597935,4656.1706158597935,4656.4206158597935,966,1143,1055
4653.636470397688,4653.511470397688,4653.761470397688,1064,1129,1097
4650.7825735665165,4650.5325735665165,4651.0325735665165,939,998,969
4647.730691209155,4647.480691209155,4647.980691209155,718,1017,868
4645.955698720368,4645.580698720368,4646.330698720368,816,1049,933
4647.470582965257,4647.220582965257,4647.720582965257,2694,1173,1934
4643.875396199358,4643.750396199358,4644.000396199358,501,1158,830
4642.450021630435,4642.200021630435,4642.700021630435,951,1352,1152
4637.887814320408,4637.762814320408,4638.012814320408,1769,1378,1574
4633.666235352552,4633.541235352552,4633.791235352552,1593,572,1083
4632.368430589746,4632.118430589746,4632.618430589746,673,1832,1253
4633.888598439582,4633.513598439582,4634.263598439582,2339,1582,1961
4634.730022992305,4634.605022992305,4634.855022992305,967,1720,1344
4631.279582421718,4631.029582421718,4631.529582421718,1536,1661,1599
4632.54701921469,4632.42201921469,4632.67201921469,1952,1209,1581
4633.614551519699,4633.364551519699,4633.864551519699,1644,1649,1647
4629.936021201253,4629.811021201253,4630.061021201253,1176,813,995
4628.86766267267,4628.49266267267,4629.24266267267,2524,1315,1920
4626.70713414703,4626.45713414703,4626.95713414703,686,1031,859
4629.259388534439,4629.009388534439,4629.509388534439,601,1416,1009
4631.574832351724,4631.324832351724,4631.824832351724,2036,1553,1795
4629.200888115677,4629.075888115677,4629.325888115677,875,1456,1166
4627.310205871854,4627.185205871854,4627.435205871854,1323,2326,1825
4623.057947527423,4622.682947527423,4623.432947527423,1296,2415,1856
4622.086008436185,4621.836008436185,4622.336008436185,2037,846,1442
4622.413626228991,4622.163626228991,4622.663626228991,1287,820,1054
4628.349898709518,4628.224898709518,4628.474898709518,1493,1800,1647
4627.55156469939,4627.42656469939,4627.67656469939,557,1094,826
4627.347590953352,4627.222590953352,4627.472590953352,910,1337,1124
4628.844047458486,4628.719047458486,4628.969047458486,984,1001,993
4630.652281081005,4630.527281081005,4630.777281081005,1617,1572,1595
4631.551975185441,4631.176975185441,4631.926975185441,1753,1816,1785
4626.709295852117,4626.584295852117,4626.834295852117,930,2759,1845
4624.758378803471,4624.508378803471,4625.008378803471,1045,640,843
4621.911195236628,4621.786195236628,4622.036195236628,2181,1096,1639
4619.822361008355,4619.572361008355,4620.072361008355,1331,1692,1512
4615.454201755817,4615.329201755817,4615.579201755817,1874,879,1377
4616.418469055832,4616.168469055832,4616.668469055832,1273,912,1093
4611.471956571784,4611.346956571784,4611.596956571784,1074,1359,1217
4603.743589541568,4603.493589541568,4603.993589541568,1277,528,903
4601.904429947625,4601.654429947625,4602.154429947625,973,2262,1618
4600.6288403533645,4600.5038403533645,4600.7538403533645,2181,802,1492
4596.972613329453,4596.722613329453,4597.222613329453,2345,1462,1904
4600.307798002882,4600.057798002882,4600.557798002882,2346,1381,1864
4594.660544134978,4594.410544134978,4594.910544134978,981,1768,1375
4590.595715738883,4590.470715738883,4590.720715738883,1316,867,1092
4589.87784876527,4589.75284876527,4590.00284876527,1656,1433,1545
4584.829738350316,4584.704738350316,4584.954738350316,820,2361,1591
4592.627143628139,4592.377143628139,4592.877143628139,1112,1471,1292
4589.42852503413,4589.17852503413,4589.67852503413,1565,738,1152
4585.904446672304,4585.654446672304,4586.154446672304,2220,793,1507
4583.173820499956,4582.923820499956,4583.423820499956,824,2217,1521
4585.9795510651775,4585.8545510651775,4586.1045510651775,1642,761,1202
4579.00839852583,4578.88339852583,4579.13339852583,1057,542,800
4578.684533238623,4578.559533238623,4578.809533238623,2027,1964,1996
4584.245456273089,4584.120456273089,4584.370456273089,1306,2167,1737
4586.4689747017965,4586.2189747017965,4586.7189747017965,1071,1864,1468
4589.5563099303145,4589.1813099303145,4589.9313099303145,1099,794,947
4592.27116039432,4592.02116039432,4592.52116039432,1102,651,877
4588.906798894809,4588.656798894809,4589.156798894809,1306,1293,1300
4589.044561195134,4588.919561195134,4589.169561195134,1075,1798,1437
4588.435549454578,4588.060549454578,4588.810549454578,935,1360,1148
4587.3868463941,4587.1368463941,4587.6368463941,984,841,913
4587.30361287811,4587.17861287811,4587.42861287811,535,1364,950
4586.0587304761875,4585.9337304761875,4586.1837304761875,1445,668,1057
4588.211749116386,4588.086749116386,4588.336749116386,1065,678,872
4585.363813367138,4585.238813367138,4585.488813367138,842,1317,1080
4585.311654451742,4585.061654451742,4585.561654451742,1747,1400,1574
4586.69644476653,4586.44644476653,4586.94644476653,1294,1573,1434
4591.20408073615,4590.82908073615,4591.57908073615,542,1173,858
4593.847627500025,4593.722627500025,4593.972627500025,688,1357,1023
4595.581278980864,4595.456278980864,4595.706278980864,1421,1028,1225
4592.9994328042,4592.8744328042,4593.1244328042,1381,1788,1585
4591.325995131345,4591.200995131345,4591.450995131345,915,1384,1150
4596.085264363321,4595.960264363321,4596.210264363321,1628,991,1310
4601.127178347289,4601.002178347289,4601.252178347289,1265,1854,1560
4598.520145317804,4598.395145317804,4598.645145317804,1151,1940,1546
4601.646995905914,4601.521995905914,4601.771995905914,1555,916,1236
4605.123564526741,4604.873564526741,4605.373564526741,719,1700,1210
4600.596489881322,4600.346489881322,4600.846489881322,1468,1405,1437
4599.829632422756,4599.704632422756,4599.954632422756,1031,618,825
4596.158486394772,4595.908486394772,4596.408486394772,1751,1368,1560
4594.361059462195,4594.236059462195,4594.486059462195,1868,623,1246
4590.787370590857,4590.662370590857,4590.912370590857,952,2341,1647
4591.940461677104,4591.690461677104,4592.190461677104,1251,620,936
4591.165309148428,4591.040309148428,4591.290309148428,1283,2470,1877
4591.867066321679,4591.617066321679,4592.117066321679,2120,1523,1822
4596.339811557237,4596.214811557237,4596.464811557237,2527,936,1732
4598.553784202872,4598.428784202872,4598.678784202872,2032,973,1503
4600.81599947528,4600.69099947528,4600.94099947528,1882,1261,1572
4599.118351557839,4598.993351557839,4599.243351557839,1562,835,1199
4594.1284591094045,4593.7534591094045,4594.5034591094045,1097,628,863
4596.03184843816,4595.90684843816,4596.15684843816,855,2118,1487
4593.549748782543,4593.424748782543,4593.674748782543,1573,604,1089
4595.6710933177965,4595.5460933177965,4595.7960933177965,1090,737,914
4598.939779549786,4598.814779549786,4599.064779549786,1381,734,1058
4601.556996780556,4601.431996780556,4601.681996780556,1278,2233,1756
4603.233032661731,4603.108032661731,4603.358032661731,1164,1771,1468
4608.682248280986,4608.557248280986,4608.807248280986,1117,1266,1192
4609.498713961247,4609.248713961247,4609.748713961247,881,1306,1094
4607.176153687174,4607.051153687174,4607.301153687174,982,1515,1249
4610.805627406089,4610.680627406089,4610.930627406089,1033,2660,1847
4616.12148241924,4615.99648241924,4616.24648241924,1614,717,1166
4620.633729931333,4620.508729931333,4620.758729931333,1658,1119,1389
4615.345994470078,4615.220994470078,4615.470994470078,1566,1025,1296
4608.074178042505,4607.949178042505,4608.199178042505,720,2137,1429
4608.79226261439,4608.66726261439,4608.91726261439,1235,1980,1608
4608.005292909425,4607.755292909425,4608.255292909425,769,1214,992
4605.888510194759,4605.763510194759,4606.013510194759,1515,2330,1923
4609.338677149865,4609.213677149865,4609.463677149865,2423,888,1656
4608.817242341817,4608.692242341817,4608.942242341817,1056,1117,1087
4612.47656507482,4612.22656507482,4612.72656507482,1408,1637,1523
4611.778401056626,4611.653401056626,4611.903401056626,1608,1045,1327
4610.030074608133,4609.905074608133,4610.155074608133,1063,1952,1508
4603.801635548534,4603.676635548534,4603.926635548534,1069,1444,1257
4608.2546239934745,4607.8796239934745,4608.6296239934745,792,1151,972
4607.819336010553,4607.694336010553,4607.944336010553,1154,605,880
4612.821827668406,4612.696827668406,4612.946827668406,895,1478,1187
4603.453747231664,4603.328747231664,4603.578747231664,2127,906,1517
4601.83349234288,4601.58349234288,4602.08349234288,837,1144,991
4601.681677742174,4601.556677742174,4601.806677742174,679,1786,1233
4599.217861193166,4599.092861193166,4599.342861193166,1131,538,835
4599.274266753806,4599.149266753806,4599.399266753806,2938,1007,1973
4599.073822186901,4598.948822186901,4599.198822186901,731,1986,1359
4595.773672355618,4595.648672355618,4595.898672355618,716,1229,973
4589.437573970621,4589.062573970621,4589.812573970621,1459,808,1134
4586.072340432226,4585.947340432226,4586.197340432226,1961,858,1410
4583.666225211995,4583.541225211995,4583.791225211995,2792,941,1867
4584.854833184825,4584.479833184825,4585.229833184825,1498,801,1150
4592.36710416295,4592.24210416295,4592.49210416295,1349,1670,1510
4588.356401209548,4588.231401209548,4588.481401209548,1171,2410,1791
4583.516664210256,4583.266664210256,4583.766664210256,2512,975,1744
4577.891568025737,4577.766568025737,4578.016568025737,2109,1616,1863
4576.782644374748,4576.407644374748,4577.157644374748,1279,1458,1369
4583.565062210957,4583.440062210957,4583.690062210957,989,1934,1462
4584.574491344294,4584.449491344294,4584.699491344294,1150,515,833
4584.902075221127,4584.652075221127,4585.152075221127,1211,2574,1893
4595.9506059572395,4595.7006059572395,4596.2006059572395,1393,1166,1280
4597.74083454402,4597.61583454402,4597.86583454402,1328,1889,1609
4604.667259783834,4604.417259783834,4604.917259783834,2164,887,1526
4600.058228562135,4599.933228562135,4600.183228562135,1331,1398,1365
4601.729346660622,4601.479346660622,4601.979346660622,1007,2134,1571
4595.196520700001,4594.946520700001,4595.446520700001,1871,1470,1671
4592.003843878361,4591.753843878361,4592.253843878361,1326,2149,1738
4586.958096595069,4586.583096595069,4587.333096595069,627,1466,1047
4583.944534976521,4583.569534976521,4584.319534976521,1460,659,1060
4593.794136709992,4593.544136709992,4594.044136709992,1771,962,1367
4598.394914073825,4598.144914073825,4598.644914073825,1602,2333,1968
4598.241521691082,4598.116521691082,4598.366521691082,1586,2295,1941
4601.332419041764,4601.082419041764,4601.582419041764,869,1928,1399
4602.4198078664385,4602.1698078664385,4602.6698078664385,1037,2488,1763
4596.391419775076,4596.016419775076,4596.766419775076,1023,1018,1021
4595.352165148506,4595.227165148506,4595.477165148506,1235,1422,1329
4597.8030054123265,4597.6780054123265,4597.9280054123265,811,1820,1316
4604.58202194596,4604.33202194596,4604.83202194596,1730,1527,1629
4591.275944423292,4591.150944423292,4591.400944423292,627,1740,1184
4577.585271306171,4577.210271306171,4577.960271306171,1044,1201,1123
4580.527796691588,4580.402796691588,4580.652796691588,896,855,876
4578.522043907992,4578.397043907992,4578.647043907992,1591,640,1116
4587.860133789275,4587.735133789275,4587.985133789275,1367,980,1174
4586.690272904123,4586.440272904123,4586.940272904123,982,681,832
4584.075216820778,4583.950216820778,4584.200216820778,1235,1286,1261
4586.710385351151,4586.585385351151,4586.835385351151,2491,1274,1883
4591.102981020007,4590.852981020007,4591.352981020007,807,1418,1113
4596.36255375778,4596.11255375778,4596.61255375778,1489,808,1149
4595.659798320451,4595.409798320451,4595.909798320451,1498,939,1219
4590.687370658631,4590.562370658631,4590.812370658631,902,1187,1045
4589.277139752932,4589.027139752932,4589.527139752932,765,2260,1513
4576.36409908427,4576.23909908427,4576.48909908427,1527,1092,1310
4571.811168861871,4571.436168861871,4572.186168861871,1388,519,954
4573.771123532641,4573.646123532641,4573.896123532641,1568,555,1062
4568.582949613988,4568.457949613988,4568.707949613988,2141,1666,1904
4570.536602497482,4570.286602497482,4570.786602497482,787,2294,1541
4565.839331351258,4565.589331351258,4566.089331351258,1474,575,1025
4568.498361401604,4568.373361401604,4568.623361401604,1580,1345,1463
4573.857661505398,4573.732661505398,4573.982661505398,1810,1503,1657
4570.74235504554,4570.49235504554,4570.99235504554,447,1222,835
4561.971852286003,4561.846852286003,4562.096852286003,1006,2201,1604
4562.566268019998,4562.316268019998,4562.816268019998,1021,2132,1577
4560.702024185487,4560.452024185487,4560.952024185487,2747,1198,1973
4557.447304399168,4557.197304399168,4557.697304399168,516,1215,866
4554.390913912073,4554.140913912073,4554.640913912073,1953,1236,1595
4557.763159593649,4557.638159593649,4557.888159593649,622,1449,1036
4553.533064450989,4553.283064450989,4553.783064450989,899,1068,984
4557.556492214352,4557.431492214352,4557.681492214352,882,1407,1145
4561.81838543623,4561.69338543623,4561.94338543623,1061,2068,1565
4571.571933666959,4571.446933666959,4571.696933666959,1127,2408,1768
4570.590026956393,4570.340026956393,4570.840026956393,1775,948,1362
4578.573479402453,4578.448479402453,4578.698479402453,1150,2361,1756
4579.856904656747,4579.731904656747,4579.981904656747,1836,1101,1469
4581.70156844166,4581.45156844166,4581.95156844166,1744,1887,1816
4581.87745249648,4581.75245249648,4582.00245249648,612,1635,1124
4587.288779731706,4587.038779731706,4587.538779731706,1727,1208,1468
4585.872653476918,4585.747653476918,4585.997653476918,2696,1057,1877
4585.28649674631,4585.03649674631,4585.53649674631,534,1335,935
4588.43241524892,4588.30741524892,4588.55741524892,1511,1698,1605
4585.849047780466,4585.599047780466,4586.099047780466,1103,1954,1529
4582.830201830358,4582.705201830358,4582.955201830358,2271,790,1531
4584.667332111485,4584.417332111485,4584.917332111485,2158,1507,1833
4575.9572121655865,4575.7072121655865,4576.2072121655865,800,2087,1444
4574.7765362797145,4574.6515362797145,4574.9015362797145,1009,1100,1055
4579.1954735355,4579.0704735355,4579.3204735355,668,1273,971
4582.415681317855,4582.165681317855,4582.665681317855,2457,1036,1747
4582.864882374083,4582.739882374083,4582.989882374083,2717,1224,1971
4581.212243797346,4580.962243797346,4581.462243797346,1092,2223,1658
4582.699197001406,4582.324197001406,4583.074197001406,1620,573,1097
4589.945362493952,4589.820362493952,4590.070362493952,1522,593,1058
4585.253516583701,4585.128516583701,4585.378516583701,1565,2242,1904
4593.780654288304,4593.655654288304,4593.905654288304,752,1523,1138
4584.317192970726,4583.942192970726,4584.692192970726,1058,1483,1271
4577.471694935218,4577.346694935218,4577.596694935218,1490,1717,1604
4572.615888988011,4572.365888988011,4572.865888988011,2288,1021,1655
4569.454270513493,4569.204270513493,4569.704270513493,2120,1073,1597
4569.676447236188,4569.551447236188,4569.801447236188,1505,576,1041
4577.6362505945,4577.3862505945,4577.8862505945,827,1962,1395
4575.6209433314325,4575.4959433314325,4575.7459433314325,1172,2701,1937
4582.207366323503,4582.082366323503,4582.332366323503,857,1058,958
4583.371724897489,4583.121724897489,4583.621724897489,1002,949,976
4582.579554603509,4582.329554603509,4582.829554603509,1493,2486,1990
4589.046238510992,4588.921238510992,4589.171238510992,1649,1150,1400
4598.881079170904,4598.631079170904,4599.131079170904,2580,1355,1968
4596.13021125096,4596.00521125096,4596.25521125096,1909,728,1319
4596.515197166119,4596.390197166119,4596.640197166119,1276,471,874
4600.340940609529,4600.090940609529,4600.590940609529,988,2481,1735
4603.957180390679,4603.832180390679,4604.082180390679,967,1888,1428
4606.04802769953,4605.79802769953,4606.29802769953,603,1048,826
4601.644852780802,4601.519852780802,4601.769852780802,1602,1331,1467
4601.694379200928,4601.444379200928,4601.944379200928,940,1823,1382
4602.339527042424,4602.214527042424,4602.464527042424,967,746,857
4594.813803341523,4594.438803341523,4595.188803341523,1778,2019,1899
4597.852874837901,4597.727874837901,4597.977874837901,1193,1402,1298
4588.255549965895,4588.130549965895,4588.380549965895,1557,1284,1421
4598.7643049723765,4598.5143049723765,4599.0143049723765,1349,608,979
4600.381929500133,4600.256929500133,4600.506929500133,1006,1625,1316
4599.216292856786,4598.966292856786,4599.466292856786,1123,2224,1674
4596.012040674419,4595.637040674419,4596.387040674419,1378,2513,1946
4606.205120218434,4606.080120218434,4606.330120218434,1266,1041,1154
4596.320626645576,4596.195626645576,4596.445626645576,1171,544,858
4600.644817537803,4600.519817537803,4600.769817537803,1908,1517,1713
4597.964259576276,4597.839259576276,4598.089259576276,1453,1960,1707
4592.778478445553,4592.653478445553,4592.903478445553,1660,1301,1481
4589.135613223114,4589.010613223114,4589.260613223114,1026,1543,1285
4590.563645065349,4590.188645065349,4590.938645065349,972,1849,1411
4586.41959487359,4586.29459487359,4586.54459487359,1876,1527,1702
4582.178698238749,4581.928698238749,4582.428698238749,2701,974,1838
4578.836308380071,4578.586308380071,4579.086308380071,1634,1191,1413
4572.896261411302,4572.646261411302,4573.146261411302,1619,736,1178
4570.334277329269,4570.209277329269,4570.459277329269,1323,1172,1248
4575.624518704724,4575.499518704724,4575.749518704724,2077,1088,1583
4583.687971550316,4583.562971550316,4583.812971550316,1312,555,934
4598.020756479392,4597.895756479392,4598.145756479392,1346,1589,1468
4602.155029921753,4601.905029921753,4602.405029921753,2375,902,1639
4597.894837367204,4597.769837367204,4598.019837367204,1538,623,1081
4601.967488540291,4601.842488540291,4602.092488540291,2410,1563,1987
4606.725851514143,4606.600851514143,4606.850851514143,1044,2583,1814
4616.716352637723,4616.591352637723,4616.841352637723,2595,1274,1935
4610.975808616931,4610.725808616931,4611.225808616931,1858,1515,1687
4612.041002798244,4611.791002798244,4612.291002798244,612,1561,1087
4611.0183250023065,4610.8933250023065,4611.1433250023065,747,1580,1164
4607.68735363398,4607.56235363398,4607.81235363398,608,1009,809
4605.692692248761,4605.567692248761,4605.817692248761,967,1576,1272
4610.467023320281,4610.217023320281,4610.717023320281,1508,1093,1301
4606.998923143064,4606.873923143064,4607.123923143064,2373,1462,1918
4608.276938822949,4608.151938822949,4608.401938822949,995,1954,1475
4614.334697908346,4614.209697908346,4614.459697908346,860,2327,1594
4618.617766935551,4618.492766935551,4618.742766935551,1536,1155,1346
4625.256258046735,4625.006258046735,4625.506258046735,2021,1010,1516
4623.278145577606,4623.028145577606,4623.528145577606,1114,2331,1723
4625.909588076585,4625.534588076585,4626.284588076585,814,1247,1031
4626.710566705011,4626.585566705011,4626.835566705011,860,1451,1156
4627.618536195532,4627.368536195532,4627.868536195532,891,1706,1299
4616.072491299951,4615.822491299951,4616.322491299951,1033,900,967
4613.058030664809,4612.933030664809,4613.183030664809,2233,1560,1897
4609.74840635296,4609.62340635296,4609.87340635296,2356,1357,1857
4606.863197998196,4606.613197998196,4607.113197998196,812,1935,1374
4598.92665192622,4598.80165192622,4599.05165192622,1745,874,1310
4592.477418665318,4592.102418665318,4592.852418665318,1644,1845,1745
4586.773001166281,4586.523001166281,4587.023001166281,861,1550,1206
4585.85665586799,4585.60665586799,4586.10665586799,1993,1662,1828
4587.444889484024,4587.069889484024,4587.819889484024,1183,1478,1331
4583.692705628717,4583.567705628717,4583.817705628717,808,2377,1593
4581.51508581764,4581.39008581764,4581.64008581764,800,1965,1383
4577.441133802435,4577.316133802435,4577.566133802435,1035,1106,1071
4576.535386385903,4576.410386385903,4576.660386385903,1617,560,1089
4580.9864783498,4580.8614783498,4581.1114783498,729,2052,1391
4586.130082755836,4586.005082755836,4586.255082755836,1053,920,987
4590.517203408779,4590.267203408779,4590.767203408779,2002,1789,1896
4581.441529738337,4581.316529738337,4581.566529738337,779,1688,1234
4581.058972598793,4580.933972598793,4581.183972598793,532,1161,847
4578.437470257006,4578.312470257006,4578.562470257006,1212,1397,1305
4582.40940306619,4582.28440306619,4582.53440306619,2327,1230,1779
4581.25002866707,4581.12502866707,4581.37502866707,823,1428,1126
4578.759315441985,4578.509315441985,4579.009315441985,1784,1021,1403
4579.949955768477,4579.824955768477,4580.074955768477,2401,956,1679
4582.826500076437,4582.451500076437,4583.201500076437,816,1327,1072
4582.530655137357,4582.405655137357,4582.655655137357,906,709,808
4582.140775704468,4582.015775704468,4582.265775704468,919,1616,1268
4584.225788582248,4583.975788582248,4584.475788582248,480,1131,806
4585.075592820575,4584.950592820575,4585.200592820575,870,1951,1411
4581.253335055294,4581.128335055294,4581.378335055294,1017,1788,1403
4571.622594654423,4571.372594654423,4571.872594654423,2121,1504,1813
4571.537209211021,4571.287209211021,4571.787209211021,1714,2039,1877
4573.286660569814,4573.161660569814,4573.411660569814,1546,2183,1865
4565.535224214662,4565.285224214662,4565.785224214662,1317,1974,1646
4569.950484849308,4569.825484849308,4570.075484849308,735,1024,880
4567.929456820889,4567.804456820889,4568.054456820889,1758,1565,1662
4568.580571501586,4568.455571501586,4568.705571501586,2573,898,1736
4573.830413681531,4573.705413681531,4573.955413681531,1232,2071,1652
4574.836615984786,4574.711615984786,4574.961615984786,1151,1238,1195
4571.512679710957,4571.387679710957,4571.637679710957,484,1135,810
4576.3467507612795,4576.2217507612795,4576.4717507612795,1394,1539,1467
4575.62471732824,4575.37471732824,4575.87471732824,1231,416,824
4575.66252515449,4575.53752515449,4575.78752515449,995,2494,1745
4574.144335247527,4573.769335247527,4574.519335247527,1503,2370,1937
4582.192626017883,4582.067626017883,4582.317626017883,1191,906,1049
4582.248434922616,4582.123434922616,4582.373434922616,1661,1998,1830
4580.914272273552,4580.789272273552,4581.039272273552,907,754,831
4584.952747441639,4584.827747441639,4585.077747441639,1210,971,1091
4585.871979229567,4585.621979229567,4586.121979229567,1203,436,820
4584.5692269115425,4584.4442269115425,4584.6942269115425,1610,2123,1867
4586.850064948213,4586.475064948213,4587.225064948213,2815,1030,1923
4585.344457976725,4585.219457976725,4585.469457976725,2119,1846,1983
4584.543749129571,4584.418749129571,4584.668749129571,1175,970,1073
4584.371939748984,4584.246939748984,4584.496939748984,2729,1108,1919
4583.939975115568,4583.814975115568,4584.064975115568,1454,547,1001
4584.41603079585,4584.16603079585,4584.66603079585,733,1796,1265
4585.055641616761,4584.805641616761,4585.305641616761,2388,807,1598
4576.503677895138,4576.378677895138,4576.628677895138,892,1993,1443
4571.9329727225895,4571.6829727225895,4572.1829727225895,1241,994,1118
4571.84941335177,4571.72441335177,4571.97441335177,1393,1512,1453
4568.793891375327,4568.543891375327,4569.043891375327,1066,1617,1342
4560.893286082391,4560.768286082391,4561.018286082391,836,1319,1078
4563.137269954827,4562.887269954827,4563.387269954827,1642,1697,1670
4564.752624399826,4564.627624399826,4564.877624399826,1930,1275,1603
4563.63000638245,4563.25500638245,4564.00500638245,2618,1315,1967
4556.689804965128,4556.439804965128,4556.939804965128,586,1123,855
4558.029842225035,4557.904842225035,4558.154842225035,659,1692,1176
4548.708674659608,4548.458674659608,4548.958674659608,936,1853,1395
4545.129410670162,4544.879410670162,4545.379410670162,1640,599,1120
4546.272288035824,4546.147288035824,4546.397288035824,1758,1141,1450
4548.465238590186,4548.340238590186,4548.590238590186,2059,1404,1732
4544.979651043078,4544.854651043078,4545.104651043078,1194,1187,1191
4549.847450087557,4549.722450087557,4549.972450087557,833,1222,1028
4549.255028795854,4549.130028795854,4549.380028795854,1520,1205,1363
4550.331495878612,4550.081495878612,4550.581495878612,1028,2017,1523
4550.676053219733,4550.426053219733,4550.926053219733,1025,2030,1528
4550.807941620912,4550.682941620912,4550.932941620912,499,1324,912
4557.008028902558,4556.883028902558,4557.133028902558,1180,1007,1094
4554.974072817854,4554.849072817854,4555.099072817854,1664,1559,1612
4550.556585621721,4550.431585621721,4550.681585621721,2007,1310,1659
4552.769879232615,4552.394879232615,4553.144879232615,1761,2022,1892
4557.596347211269,4557.471347211269,4557.721347211269,976,2651,1814
4560.175022861982,4560.050022861982,4560.300022861982,794,1545,1170
4561.383294505464,4561.133294505464,4561.633294505464,1317,2218,1768
4561.249395390929,4561.124395390929,4561.374395390929,2892,1023,1958
4567.060203854132,4566.685203854132,4567.435203854132,2329,1442,1886
4568.760842256641,4568.385842256641,4569.135842256641,579,1090,835
4572.734131082058,4572.609131082058,4572.859131082058,1537,1222,1380
4574.4335904807285,4574.3085904807285,4574.5585904807285,1625,1562,1594
4575.69814908915,4575.57314908915,4575.82314908915,1949,654,1302
4573.305052276637,4573.180052276637,4573.430052276637,946,1361,1154
4569.050477196664,4568.800477196664,4569.300477196664,2463,1240,1852
4562.314171291114,4561.939171291114,4562.689171291114,1641,1198,1420
4560.277505632329,4560.152505632329,4560.402505632329,1869,718,1294
4560.932166273203,4560.807166273203,4561.057166273203,783,1194,989
4563.097980761481,4562.722980761481,4563.472980761481,2111,1314,1713
4562.976593890341,4562.851593890341,4563.101593890341,1848,2113,1981
4561.53845051464,4561.41345051464,4561.66345051464,931,2004,1468
4556.348056678972,4556.223056678972,4556.473056678972,2171,1226,1699
4558.17876738968,4558.05376738968,4558.30376738968,1121,788,955
4559.007164697464,4558.632164697464,4559.382164697464,2066,1567,1817
4557.038496198863,4556.788496198863,4557.288496198863,934,1299,1117
4552.839497002267,4552.714497002267,4552.964497002267,881,2434,1658
4554.844033518351,4554.719033518351,4554.969033518351,2093,726,1410
4552.183114272905,4551.933114272905,4552.433114272905,1323,1056,1190
4546.680411691823,4546.555411691823,4546.805411691823,1027,942,985
4546.76137727755,4546.63637727755,4546.88637727755,837,1188,1013
4549.243212231886,4549.118212231886,4549.368212231886,1073,2018,1546
4550.341012628736,4550.091012628736,4550.591012628736,765,1096,931
4545.083342551257,4544.958342551257,4545.208342551257,1176,611,894
4545.301277888075,4545.176277888075,4545.426277888075,1838,1779,1809
4546.263537603156,4546.138537603156,4546.388537603156,1081,1262,1172
4551.484173982641,4551.234173982641,4551.734173982641,1935,846,1391
4549.435747615763,4549.185747615763,4549.685747615763,974,1323,1149
4550.6224721309245,4550.3724721309245,4550.8724721309245,1108,2559,1834
4557.589356050895,4557.339356050895,4557.839356050895,1544,829,1187
4558.409213729957,4558.284213729957,4558.534213729957,690,1063,877
4557.914439967064,4557.789439967064,4558.039439967064,1418,809,1114
4564.96771049662,4564.71771049662,4565.21771049662,2253,1456,1855
4561.79017204226,4561.66517204226,4561.91517204226,1312,829,1071
4565.537097073953,4565.162097073953,4565.912097073953,543,1174,859
4567.038579526741,4566.913579526741,4567.163579526741,670,1175,923
4567.0442365737,4566.7942365737,4567.2942365737,1112,571,842
4562.971120170371,4562.721120170371,4563.221120170371,2076,1399,1738
4564.01807447069,4563.76807447069,4564.26807447069,1078,1111,1095
4563.16118939644,4562.91118939644,4563.41118939644,1854,1783,1819
4563.711618568194,4563.461618568194,4563.961618568194,1167,954,1061
4569.115721614261,4568.865721614261,4569.365721614261,1767,1548,1658
4569.568852723287,4569.193852723287,4569.943852723287,1345,1282,1314
4565.654367531258,4565.279367531258,4566.029367531258,1472,907,1190
4571.222195255775,4570.972195255775,4571.472195255775,1458,1731,1595
4570.6526530524125,4570.4026530524125,4570.9026530524125,1862,1899,1881
4579.694866453488,4579.569866453488,4579.819866453488,1689,1700,1695
4581.714486901208,4581.464486901208,4581.964486901208,1139,1042,1091
4581.770684143967,4581.520684143967,4582.020684143967,1750,2021,1886
4583.53305832205,4583.28305832205,4583.78305832205,1472,1593,1533
4584.907939521069,4584.782939521069,4585.032939521069,862,1735,1299
4586.328623625551,4586.203623625551,4586.453623625551,1070,959,1015
4581.499852062899,4581.374852062899,4581.624852062899,708,1751,1230
4582.864851450598,4582.739851450598,4582.989851450598,1935,1126,1531
4580.918498334338,4580.793498334338,4581.043498334338,980,1047,1014
4586.923685508334,4586.798685508334,4587.048685508334,1666,815,1241
4582.598144362522,4582.348144362522,4582.848144362522,2414,1149,1782
4583.002011411336,4582.752011411336,4583.252011411336,697,1690,1194
4588.494025243085,4588.244025243085,4588.744025243085,1061,762,912
4586.914122566555,4586.789122566555,4587.039122566555,501,1164,833
4584.773136071642,4584.523136071642,4585.023136071642,1063,1256,1160
4578.370230433475,4578.245230433475,4578.495230433475,2267,1688,1978
4575.939173144453,4575.689173144453,4576.189173144453,1316,2583,1950
4583.4350857626405,4583.3100857626405,4583.5600857626405,1214,2291,1753
4579.371940911282,4579.246940911282,4579.496940911282,1050,605,828
4583.529083734657,4583.404083734657,4583.654083734657,856,1421,1139
4587.802846337339,4587.552846337339,4588.052846337339,1613,964,1289
4584.287968943954,4584.162968943954,4584.412968943954,1498,901,1200
4587.822028993075,4587.572028993075,4588.072028993075,1017,2748,1883
4589.205256669549,4589.080256669549,4589.330256669549,2692,1217,1955
4590.310153763987,4590.060153763987,4590.560153763987,778,1187,983
4587.354354662022,4587.229354662022,4587.479354662022,1741,1288,1515
4583.204409620783,4582.954409620783,4583.454409620783,2668,1197,1933
4576.736243332077,4576.611243332077,4576.861243332077,1771,902,1337
4577.32009481507,4577.07009481507,4577.57009481507,2071,1888,1980
4576.2219115158005,4576.0969115158005,4576.3469115158005,2146,1167,1657
4571.486848124232,4571.361848124232,4571.611848124232,1098,1503,1301
4566.376937754838,4566.251937754838,4566.501937754838,1959,2002,1981
4561.3865831325975,4561.2615831325975,4561.5115831325975,2179,930,1555
4560.822073353517,4560.572073353517,4561.072073353517,2295,1196,1746
4557.747257138759,4557.372257138759,4558.122257138759,1319,1832,1576
4560.528148341225,4560.403148341225,4560.653148341225,1343,1700,1522
4562.75158152802,4562.50158152802,4563.00158152802,1198,1059,1129
4563.702097424719,4563.577097424719,4563.827097424719,1383,498,941
4563.955166895615,4563.705166895615,4564.205166895615,2460,1003,1732
4560.255871041417,4559.880871041417,4560.630871041417,2616,967,1792
4560.2697821578195,4560.0197821578195,4560.5197821578195,1056,1117,1087
4554.3990143312185,4554.2740143312185,4554.5240143312185,1942,1111,1527
4550.798975351844,4550.673975351844,4550.923975351844,1031,2354,1693
4550.426589006783,4550.301589006783,4550.551589006783,1220,1355,1288
4552.613618545193,4552.488618545193,4552.738618545193,554,1107,831
4555.656480123538,4555.406480123538,4555.906480123538,1189,892,1041
4554.039964922688,4553.914964922688,4554.164964922688,1585,636,1111
4560.370651791058,4560.245651791058,4560.495651791058,2725,1036,1881
4555.45953190534,4555.20953190534,4555.70953190534,1461,592,1027
4557.131329075947,4557.006329075947,4557.256329075947,1321,2010,1666
4558.286704934062,4557.911704934062,4558.661704934062,2132,1401,1767
4557.390588161431,4557.265588161431,4557.515588161431,1411,698,1055
4552.683978523879,4552.558978523879,4552.808978523879,1089,518,804
4551.355434017902,4551.230434017902,4551.480434017902,1404,1689,1547
4558.660394508886,4558.535394508886,4558.785394508886,1534,993,1264
4562.264142891771,4562.014142891771,4562.514142891771,2044,1279,1662
4561.008525247944,4560.883525247944,4561.133525247944,917,1010,964
4554.889291479742,4554.764291479742,4555.014291479742,653,1496,1075
4550.539251298874,4550.414251298874,4550.664251298874,1149,1488,1319
4541.766419512409,4541.641419512409,4541.891419512409,1056,2739,1898
4540.105256555338,4539.730256555338,4540.480256555338,2573,986,1780
4552.9875923199415,4552.8625923199415,4553.1125923199415,1164,1747,1456
4553.471846462169,4553.221846462169,4553.721846462169,1572,1331,1452
4551.993636591818,4551.743636591818,4552.243636591818,1530,1317,1424
4545.7032195729735,4545.5782195729735,4545.8282195729735,705,2054,1380
4547.2783739314655,4547.0283739314655,4547.5283739314655,1168,543,856
4549.709827765775,4549.584827765775,4549.834827765775,1342,1671,1507
4547.296750646505,4547.171750646505,4547.421750646505,2133,1294,1714
4543.341875422611,4542.966875422611,4543.716875422611,1250,523,887
4547.097364654738,4546.847364654738,4547.347364654738,1570,1803,1687
4543.6459044725325,4543.5209044725325,4543.7709044725325,2199,1160,1680
4544.485957271031,4544.360957271031,4544.610957271031,2439,1472,1956
4548.444840683988,4548.319840683988,4548.569840683988,960,703,832
4544.610605938557,4544.360605938557,4544.860605938557,1826,697,1262
4543.583466180316,4543.458466180316,4543.708466180316,1447,2356,1902
4538.629256607237,4538.379256607237,4538.879256607237,1360,851,1106
4538.281567657994,4538.156567657994,4538.406567657994,1914,1615,1765
4544.059507635973,4543.934507635973,4544.184507635973,737,1072,905
4540.5803860061005,4540.4553860061005,4540.7053860061005,2229,796,1513
4537.817193824007,4537.567193824007,4538.067193824007,1184,995,1090
4538.256186548432,4538.131186548432,4538.381186548432,1275,940,1108
4539.562706339946,4539.437706339946,4539.687706339946,1059,1422,1241
4536.204942927995,4536.079942927995,4536.329942927995,1267,2248,1758
4533.9967808503525,4533.7467808503525,4534.2467808503525,1218,1711,1465
4537.968610715254,4537.843610715254,4538.093610715254,1772,879,1326
4538.864596994343,4538.739596994343,4538.989596994343,1354,1143,1249
4543.173143462792,4543.048143462792,4543.298143462792,1555,1488,1522
4543.162234393578,4543.037234393578,4543.287234393578,1239,1652,1446
4541.0772605135035,4540.9522605135035,4541.2022605135035,1405,1146,1276
4534.302121180129,4534.177121180129,4534.427121180129,881,1498,1190
4534.3521971901255,4534.2271971901255,4534.4771971901255,1302,495,899
4539.80666279272,4539.68166279272,4539.93166279272,598,1529,1064
4540.412472238563,4540.287472238563,4540.537472238563,1624,1579,1602
4537.224239112577,4537.099239112577,4537.349239112577,1014,1535,1275
4537.221073515108,4536.971073515108,4537.471073515108,1012,1417,1215
4532.103824530128,4531.728824530128,4532.478824530128,1360,1973,1667
4533.238373830179,4532.988373830179,4533.488373830179,1361,982,1172
4530.7412260119145,4530.6162260119145,4530.8662260119145,1062,1079,1071
4530.358397237908,4530.233397237908,4530.483397237908,1693,1426,1560
4525.47455639585,4525.34955639585,4525.59955639585,1623,1402,1513
4532.68064753238,4532.55564753238,4532.80564753238,1074,1893,1484
4541.747410608165,4541.622410608165,4541.872410608165,963,2630,1797
4537.270643532563,4537.145643532563,4537.395643532563,921,1324,1123
4534.474261755441,4534.349261755441,4534.599261755441,1459,862,1161
4523.7271419795625,4523.6021419795625,4523.8521419795625,1385,850,1118
4521.991830750332,4521.741830750332,4522.241830750332,1567,1806,1687
4522.910016165009,4522.785016165009,4523.035016165009,2427,1344,1886
4520.494496720845,4520.369496720845,4520.619496720845,1572,1047,1310
4517.658124014193,4517.408124014193,4517.908124014193,1932,743,1338
4525.255138493446,4525.130138493446,4525.380138493446,1249,678,964
4525.514711148361,4525.389711148361,4525.639711148361,1099,2616,1858
4523.448932198032,4523.073932198032,4523.823932198032,1478,571,1025
4531.756172241862,4531.631172241862,4531.881172241862,837,2088,1463
4524.88481295845,4524.63481295845,4525.13481295845,1351,2310,1831
4520.95618711642,4520.83118711642,4521.08118711642,1921,900,1411
4523.192417099502,4523.067417099502,4523.317417099502,946,2455,1701
4515.123933453389,4514.998933453389,4515.248933453389,1647,766,1207
4522.823639685855,4522.448639685855,4523.198639685855,1624,2001,1813
4525.582000738404,4525.457000738404,4525.707000738404,1450,2021,1736
4531.374998521565,4531.124998521565,4531.624998521565,1337,1834,1586
4533.9903154203585,4533.7403154203585,4534.2403154203585,1611,806,1209
4537.807270109704,4537.682270109704,4537.932270109704,2018,1013,1516
4543.7013839465035,4543.4513839465035,4543.9513839465035,1668,1401,1535
4542.368314780745,4542.243314780745,4542.493314780745,1769,2174,1972
4537.484388136844,4537.234388136844,4537.734388136844,1159,1212,1186
4531.750160736126,4531.500160736126,4532.000160736126,848,1951,1400
4528.617030184061,4528.492030184061,4528.742030184061,1350,1881,1616
4532.698458788393,4532.448458788393,4532.948458788393,1598,1583,1591
4536.971849645577,4536.846849645577,4537.096849645577,1388,2183,1786
4543.732638852962,4543.607638852962,4543.857638852962,694,1531,1113
4551.003471518848,4550.753471518848,4551.253471518848,1837,814,1326
4555.009518727498,4554.884518727498,4555.134518727498,2367,846,1607
4548.769091259255,4548.519091259255,4549.019091259255,799,1998,1399
4539.879676699572,4539.754676699572,4540.004676699572,781,926,854
4546.0040357342,4545.7540357342,4546.2540357342,1423,2464,1944
4547.7016020597985,4547.3266020597985,4548.0766020597985,2290,895,1593
4548.294001450261,4548.169001450261,4548.419001450261,2461,1484,1973
4544.444704593191,4544.194704593191,4544.694704593191,897,856,877
4537.015021919889,4536.765021919889,4537.265021919889,592,1539,1066
4552.067479542711,4551.942479542711,4552.192479542711,1116,1241,1179
4561.788513968026,4561.538513968026,4562.038513968026,476,1171,824
4556.594026964763,4556.469026964763,4556.719026964763,1729,2230,1980
4553.445675406975,4553.320675406975,4553.570675406975,926,2161,1544
4553.995626939601,4553.745626939601,4554.245626939601,1229,2744,1987
4558.708835616175,4558.333835616175,4559.083835616175,689,1076,883
4559.486967243969,4559.361967243969,4559.611967243969,1167,514,841
4552.327913281317,4551.952913281317,4552.702913281317,1098,747,923
4551.203129222777,4551.078129222777,4551.328129222777,1431,1772,1602
4553.920343320708,4553.670343320708,4554.170343320708,993,2008,1501
4542.654235544599,4542.404235544599,4542.904235544599,1133,2010,1572
4540.580460358802,4540.455460358802,4540.705460358802,1732,843,1288
4541.298002163739,4541.048002163739,4541.548002163739,992,1867,1430
4546.521331739807,4546.396331739807,4546.646331739807,1419,2156,1788
4547.26590680346,4547.01590680346,4547.51590680346,1068,1189,1129
4551.078935562277,4550.953935562277,4551.203935562277,1879,976,1428
4559.134821250579,4559.009821250579,4559.259821250579,1259,2452,1856
4556.811215238929,4556.561215238929,4557.061215238929,1541,1716,1629
4555.007355490496,4554.882355490496,4555.132355490496,1316,495,906
4555.660737283643,4555.535737283643,4555.785737283643,1317,584,951
4553.888160059642,4553.763160059642,4554.013160059642,1988,1063,1526
4551.026238538593,4550.776238538593,4551.276238538593,718,2113,1416
4552.073933012412,4551.948933012412,4552.198933012412,1387,1200,1294
4551.872833353031,4551.747833353031,4551.997833353031,1720,1011,1366
4546.451329850704,4546.326329850704,4546.576329850704,1218,1867,1543
4545.148066870047,4544.898066870047,4545.398066870047,1832,621,1227
4545.932683692724,4545.682683692724,4546.182683692724,436,1219,828
4541.763035361233,4541.513035361233,4542.013035361233,1150,1037,1094
4545.5740975108565,4545.3240975108565,4545.8240975108565,1292,569,931
4546.829763070655,4546.579763070655,4547.079763070655,1008,1591,1300
4546.9830854457205,4546.8580854457205,4547.1080854457205,691,1690,1191
4551.122056221386,4550.997056221386,4551.247056221386,1772,695,1234
4547.43634283481,4547.31134283481,4547.56134283481,1057,1520,1289
4543.737131654323,4543.487131654323,4543.987131654323,540,1501,1021
4540.935605459108,4540.810605459108,4541.060605459108,1637,2230,1934
4534.747031590841,4534.497031590841,4534.997031590841,1613,2126,1870
4531.574884722677,4531.449884722677,4531.699884722677,1887,1494,1691
4531.095395683758,4530.970395683758,4531.220395683758,1447,484,966
4534.304239725926,4534.179239725926,4534.429239725926,897,1162,1030
4542.791811061672,4542.666811061672,4542.916811061672,500,1115,808
4544.5885988015825,4544.4635988015825,4544.7135988015825,1005,716,861
4547.2207725892,4547.0957725892,4547.3457725892,1894,1203,1549
4550.122655300543,4549.997655300543,4550.247655300543,1691,894,1293
4551.344096457498,4551.219096457498,4551.469096457498,1295,612,954
4541.5283344303925,4541.4033344303925,4541.6533344303925,1673,1350,1512
4533.059615036828,4532.809615036828,4533.309615036828,1431,2374,1903
4529.162350520916,4528.787350520916,4529.537350520916,2122,1307,1715
4537.8053705347165,4537.5553705347165,4538.0553705347165,1088,2161,1625
4539.160445573939,4539.035445573939,4539.285445573939,659,1892,1276
4536.390793410901,4536.265793410901,4536.515793410901,1200,685,943
4537.697134961207,4537.572134961207,4537.822134961207,702,1333,1018
4529.526882393493,4529.401882393493,4529.651882393493,1383,2116,1750
4525.198495369043,4525.073495369043,4525.323495369043,1259,2106,1683
4521.186047040614,4521.061047040614,4521.311047040614,1577,578,1078
4515.8455081128395,4515.4705081128395,4516.2205081128395,1772,1387,1580
4510.35860645939,4510.23360645939,4510.48360645939,1064,1117,1091
4515.847993226231,4515.722993226231,4515.972993226231,2941,1032,1987
4513.884877928446,4513.759877928446,4514.009877928446,1404,613,1009
4511.8467732985855,4511.7217732985855,4511.9717732985855,1391,542,967
4507.319770873912,4507.194770873912,4507.444770873912,1656,1207,1432
4513.381901099078,4513.256901099078,4513.506901099078,1764,1235,1500
4514.813643325727,4514.438643325727,4515.188643325727,1344,1773,1559
4507.8106647905315,4507.6856647905315,4507.9356647905315,1011,2830,1921
4520.370480968433,4520.245480968433,4520.495480968433,1838,1323,1581
4514.344320130215,4514.219320130215,4514.469320130215,826,2235,1531
4510.47931740028,4510.22931740028,4510.72931740028,1074,1383,1229
4496.503373445365,4496.253373445365,4496.753373445365,1940,1011,1476
4496.482122118729,4496.232122118729,4496.732122118729,738,945,842
4496.877012392898,4496.627012392898,4497.127012392898,1436,931,1184
4500.2502504090235,4500.1252504090235,4500.3752504090235,896,1581,1239
4498.5067919610565,4498.1317919610565,4498.8817919610565,2640,899,1770
4498.556133893005,4498.431133893005,4498.681133893005,2193,810,1502
4495.899339182331,4495.649339182331,4496.149339182331,1898,1049,1474
4499.050959749195,4498.925959749195,4499.175959749195,1226,681,954
4502.115759118927,4501.865759118927,4502.365759118927,1789,2014,1902
4497.620456816799,4497.495456816799,4497.745456816799,675,1844,1260
4498.455428228174,4498.205428228174,4498.705428228174,1303,872,1088
4490.589454684546,4490.339454684546,4490.839454684546,970,1599,1285
4491.8819559856465,4491.6319559856465,4492.1319559856465,2533,1166,1850
4479.459112629455,4479.334112629455,4479.584112629455,1227,2042,1635
4483.552457622253,4483.427457622253,4483.677457622253,1598,1375,1487
4482.960232741258,4482.835232741258,4483.085232741258,1087,956,1022
4484.57145967749,4484.32145967749,4484.82145967749,1142,2473,1808
4479.888029702921,4479.763029702921,4480.013029702921,2078,1323,1701
4470.651732605829,4470.401732605829,4470.901732605829,1841,1078,1460
4465.974826318677,4465.724826318677,4466.224826318677,1674,1647,1661
4459.732579920322,4459.607579920322,4459.857579920322,578,1179,879
4458.896238489534,4458.771238489534,4459.021238489534,1108,799,954
4465.083148238596,4464.958148238596,4465.208148238596,1672,669,1171
4462.07306316189,4461.94806316189,4462.19806316189,713,1324,1019
4463.73683732063,4463.61183732063,4463.86183732063,1149,652,901
4463.321467568233,4463.196467568233,4463.446467568233,1089,1006,1048
4460.791621383769,4460.666621383769,4460.916621383769,962,2217,1590
4472.35340173608,4472.22840173608,4472.47840173608,2261,1504,1883
4462.138724266692,4461.763724266692,4462.513724266692,1143,1786,1465
4458.204937543213,4458.079937543213,4458.329937543213,1476,667,1072
4452.674749155398,4452.549749155398,4452.799749155398,1048,817,933
4450.7122472088895,4450.5872472088895,4450.8372472088895,2175,1618,1897
4451.570125179548,4451.195125179548,4451.945125179548,1537,1104,1321
4450.314969170285,4450.189969170285,4450.439969170285,1614,1305,1460
4450.498290962793,4450.248290962793,4450.748290962793,1832,819,1326
4452.633106345069,4452.508106345069,4452.758106345069,912,2165,1539
4450.8107117319005,4450.5607117319005,4451.0607117319005,1800,727,1264
4456.959610977575,4456.834610977575,4457.084610977575,996,1357,1177
4451.176099099862,4451.051099099862,4451.301099099862,1052,1079,1066
4464.08515916083,4463.96015916083,4464.21015916083,1255,1702,1479
4466.719202877943,4466.594202877943,4466.844202877943,818,1201,1010
4470.660790048333,4470.535790048333,4470.785790048333,1405,1100,1253
4482.207838003512,4482.082838003512,4482.332838003512,1130,663,897
4481.090155238384,4480.965155238384,4481.215155238384,1972,1531,1752
4482.399133347675,4482.274133347675,4482.524133347675,657,1032,845
4478.095092755086,4477.845092755086,4478.345092755086,1063,1432,1248
4477.094079937265,4476.844079937265,4477.344079937265,2222,1637,1930
4484.662514815529,4484.412514815529,4484.912514815529,794,1291,1043
4486.0034741660675,4485.7534741660675,4486.2534741660675,1243,444,844
4483.056927354691,4482.931927354691,4483.181927354691,1451,974,1213
4485.7013250915825,4485.5763250915825,4485.8263250915825,909,2592,1751
4479.377473460278,4479.252473460278,4479.502473460278,2336,849,1593
4477.507474431005,4477.382474431005,4477.632474431005,1503,1192,1348
4479.101328803526,4478.976328803526,4479.226328803526,1275,1144,1210
4482.8866118465185,4482.7616118465185,4483.0116118465185,1635,1680,1658
4490.069585433541,4489.819585433541,4490.319585433541,1560,983,1272
4492.423665249315,4492.173665249315,4492.673665249315,1312,617,965
4495.65729798736,4495.40729798736,4495.90729798736,1574,1119,1347
4497.206860895073,4497.081860895073,4497.331860895073,996,2973,1985
4505.067760756637,4504.817760756637,4505.317760756637,1687,782,1235
4507.742340595622,4507.492340595622,4507.992340595622,1514,2009,1762
4511.670400949501,4511.545400949501,4511.795400949501,1727,652,1190
4513.026461233455,4512.776461233455,4513.276461233455,1461,572,1017
4508.868050346787,4508.743050346787,4508.993050346787,408,1215,812
4511.844710431861,4511.469710431861,4512.219710431861,1042,2563,1803
4508.461045684265,4508.336045684265,4508.586045684265,1336,1043,1190
4507.213465658662,4507.088465658662,4507.338465658662,2071,998,1535
4505.40969268841,4505.15969268841,4505.65969268841,1359,1316,1338
4508.100604386468,4507.850604386468,4508.350604386468,842,1757,1300
4513.0753822597135,4512.8253822597135,4513.3253822597135,883,1818,1351
4519.4793573607885,4519.3543573607885,4519.6043573607885,1686,1045,1366
4531.267940678763,4531.017940678763,4531.517940678763,1044,1195,1120
4530.630205411196,4530.505205411196,4530.755205411196,821,1500,1161
4528.573816315523,4528.448816315523,4528.698816315523,1427,846,1137
4517.633444612405,4517.508444612405,4517.758444612405,1426,2559,1993
4507.316298963824,4507.066298963824,4507.566298963824,547,1340,944
4499.9509259320475,4499.8259259320475,4500.0759259320475,988,1421,1205
4503.070725699669,4502.945725699669,4503.195725699669,1036,1921,1479
4495.738895393071,4495.613895393071,4495.863895393071,918,801,860
4492.156444402228,4492.031444402228,4492.281444402228,2035,1462,1749
4496.587985474949,4496.337985474949,4496.837985474949,1441,1574,1508
4509.3149811648445,4509.1899811648445,4509.4399811648445,1322,2193,1758
4512.338139174878,4512.213139174878,4512.463139174878,928,957,943
4514.467758811277,4514.342758811277,4514.592758811277,1931,1132,1532
4518.725887471105,4518.600887471105,4518.850887471105,1336,1069,1203
4511.616072493062,4511.241072493062,4511.991072493062,1157,1922,1540
4507.701126480595,4507.326126480595,4508.076126480595,1919,1566,1743
4506.117241915031,4505.992241915031,4506.242241915031,1565,1912,1739
4508.433958091975,4508.308958091975,4508.558958091975,501,1304,903
4496.1587091203055,4495.9087091203055,4496.4087091203055,2520,1227,1874
4497.626983262469,4497.501983262469,4497.751983262469,1046,1253,1150
4498.353572864198,4498.228572864198,4498.478572864198,1476,1887,1682
4498.2564697185135,4498.0064697185135,4498.5064697185135,1184,2707,1946
4496.881654448648,4496.631654448648,4497.131654448648,1805,1202,1504
4494.421861281762,4494.046861281762,4494.796861281762,2622,1147,1885
4494.502223008612,4494.252223008612,4494.752223008612,1424,1797,1611
4495.246066442652,4495.121066442652,4495.371066442652,2183,1226,1705
4495.584899147163,4495.334899147163,4495.834899147163,1749,2064,1907
4494.694910869747,4494.319910869747,4495.069910869747,1858,699,1279
4493.079200986239,4492.704200986239,4493.454200986239,585,1484,1035
4492.883830086602,4492.758830086602,4493.008830086602,2091,1690,1891
4492.49001325488,4492.11501325488,4492.86501325488,1948,1049,1499
4493.943753804507,4493.693753804507,4494.193753804507,2234,1409,1822
4495.838091393804,4495.713091393804,4495.963091393804,1387,1242,1315
4494.886973333408,4494.761973333408,4495.011973333408,2221,1094,1658
4495.158475801459,4495.033475801459,4495.283475801459,1054,1529,1292
4495.851139530593,4495.726139530593,4495.976139530593,1902,1573,1738
4495.454888688034,4495.329888688034,4495.579888688034,682,1545,1114
4493.867493891817,4493.742493891817,4493.992493891817,1068,2537,1803
4493.760099678551,4493.510099678551,4494.010099678551,1981,1218,1600
4492.788818132025,4492.538818132025,4493.038818132025,620,1681,1151
4491.793801071295,4491.668801071295,4491.918801071295,1550,1013,1282
4489.495334843532,4489.370334843532,4489.620334843532,763,1302,1033
4488.933605015849,4488.683605015849,4489.183605015849,1463,1800,1632
4489.554949520724,4489.304949520724,4489.804949520724,1452,2487,1970
4489.022109137497,4488.897109137497,4489.147109137497,1924,1691,1808
4488.97412821857,4488.84912821857,4489.09912821857,1506,1245,1376
4488.2307724612665,4487.9807724612665,4488.4807724612665,520,1527,1024
4489.977667992914,4489.727667992914,4490.227667992914,1117,1246,1182
4490.453960594262,4490.203960594262,4490.703960594262,870,2045,1458
4494.792380346074,4494.667380346074,4494.917380346074,817,2300,1559
4497.277743526384,4497.152743526384,4497.402743526384,1231,960,1096
4494.526187243598,4494.401187243598,4494.651187243598,917,762,840
4493.975689967847,4493.725689967847,4494.225689967847,877,892,885
4492.820143750811,4492.695143750811,4492.945143750811,1170,1319,1245
4493.841498929906,4493.716498929906,4493.966498929906,1202,2693,1948
4492.9438431972485,4492.8188431972485,4493.0688431972485,2245,1046,1646
4492.80296753496,4492.67796753496,4492.92796753496,1404,653,1029
4492.860363057408,4492.610363057408,4493.110363057408,815,2290,1553
4491.758441144144,4491.508441144144,4492.008441144144,1985,786,1386
4492.35266473653,4492.10266473653,4492.60266473653,998,2541,1770
4493.765146754432,4493.640146754432,4493.890146754432,1336,1133,1235
4496.33236374226,4496.08236374226,4496.58236374226,1960,973,1467
4498.7086277046665,4498.5836277046665,4498.8336277046665,1837,2010,1924
4502.225404427843,4502.100404427843,4502.350404427843,2593,908,1751
4501.59683426412,4501.34683426412,4501.84683426412,2175,836,1506
4501.0716990420215,4500.9466990420215,4501.1966990420215,651,1334,993
4501.55637017775,4501.43137017775,4501.68137017775,1926,803,1365
4499.400373830706,4499.275373830706,4499.525373830706,964,2027,1496
4498.61641103967,4498.49141103967,4498.74141103967,804,1455,1130
4497.395500508398,4497.270500508398,4497.520500508398,1718,1147,1433
4498.4194522013,4498.2944522013,4498.5444522013,2182,1735,1959
4499.095905575486,4498.845905575486,4499.345905575486,1233,552,893
4496.077097861802,4495.952097861802,4496.202097861802,1746,1709,1728
4498.845010946422,4498.595010946422,4499.095010946422,1224,969,1097
4501.9525537422005,4501.8275537422005,4502.0775537422005,758,1619,1189
4502.384085715769,4502.259085715769,4502.509085715769,1805,772,1289
4502.183907020784,4501.808907020784,4502.558907020784,1013,2242,1628
4500.426100923104,4500.301100923104,4500.551100923104,2311,1330,1821
4501.850921395974,4501.600921395974,4502.100921395974,782,1315,1049
4501.77135665408,4501.64635665408,4501.89635665408,1951,932,1442
4502.097264517261,4501.972264517261,4502.222264517261,973,1360,1167
4502.216381031084,4502.091381031084,4502.341381031084,1115,728,922
4504.603927440593,4504.478927440593,4504.728927440593,934,1333,1134
4506.050593376609,4505.925593376609,4506.175593376609,2341,1352,1847
4500.07688304319,4499.95188304319,4500.20188304319,1056,951,1004
4503.201832345533,4502.951832345533,4503.451832345533,1912,1031,1472
4501.918732384665,4501.793732384665,4502.043732384665,813,1276,1045
4501.568014352537,4501.193014352537,4501.943014352537,2140,965,1553
4501.957912624383,4501.832912624383,4502.082912624383,647,1662,1155
4500.801781089981,4500.676781089981,4500.926781089981,1509,1976,1743
4501.824883793989,4501.699883793989,4501.949883793989,888,1201,1045
4501.289161385172,4501.164161385172,4501.414161385172,1728,1423,1576
4501.335833684317,4501.085833684317,4501.585833684317,1099,946,1023
4502.161087231312,4502.036087231312,4502.286087231312,1136,475,806
4501.2319429424,4500.8569429424,4501.6069429424,2234,1345,1790
4499.091485981521,4498.841485981521,4499.341485981521,1692,1215,1454
4499.942019245921,4499.817019245921,4500.067019245921,900,1279,1090
4500.289359449562,4500.039359449562,4500.539359449562,1198,1791,1495
4499.059725504265,4498.934725504265,4499.184725504265,822,1089,956
4494.077584887078,4493.952584887078,4494.202584887078,1004,663,834
4494.91803916864,4494.66803916864,4495.16803916864,1365,1962,1664
4495.461267498122,4495.336267498122,4495.586267498122,2464,829,1647
4494.978983278242,4494.853983278242,4495.103983278242,1334,2623,1979
4496.928067155598,4496.803067155598,4497.053067155598,992,2737,1865
4497.889972706385,4497.639972706385,4498.139972706385,2767,934,1851
4500.223716002698,4500.098716002698,4500.348716002698,1388,1733,1561
4499.000971912366,4498.875971912366,4499.125971912366,1075,1626,1351
4498.946378293977,4498.696378293977,4499.196378293977,2141,1100,1621
4500.081712031562,4499.956712031562,4500.206712031562,2158,917,1538
4497.8519322021275,4497.7269322021275,4497.9769322021275,2802,1187,1995
4498.7181436206065,4498.5931436206065,4498.8431436206065,1515,972,1244
4497.932408221247,4497.682408221247,4498.182408221247,1086,1397,1242
4499.176916611875,4499.051916611875,4499.301916611875,848,1027,938
4500.895830459038,4500.770830459038,4501.020830459038,823,2118,1471
4499.040116503435,4498.915116503435,4499.165116503435,808,1053,931
4499.187159122426,4499.062159122426,4499.312159122426,705,1316,1011
4500.477937474639,4500.352937474639,4500.602937474639,1790,1661,1726
4500.72004296575,4500.47004296575,4500.97004296575,2344,1539,1942
4499.56832669259,4499.44332669259,4499.69332669259,1542,2325,1934
4498.462506501513,4498.337506501513,4498.587506501513,2345,1150,1748
4498.813136546348,4498.563136546348,4499.063136546348,908,1037,973
4499.728936190511,4499.478936190511,4499.978936190511,1634,687,1161
4501.821336247016,4501.696336247016,4501.946336247016,1700,1027,1364
4500.954946201697,4500.704946201697,4501.204946201697,1130,1765,1448
4502.9830581881915,4502.8580581881915,4503.1080581881915,1986,1525,1756
4505.802265939061,4505.677265939061,4505.927265939061,917,1100,1009
4507.91488105764,4507.66488105764,4508.16488105764,838,1531,1185
4509.650017243527,4509.400017243527,4509.900017243527,2215,1356,1786
4510.371632006926,4510.121632006926,4510.621632006926,1219,1726,1473
4509.139397373022,4509.014397373022,4509.264397373022,908,1597,1253
4508.158226362691,4507.908226362691,4508.408226362691,874,2445,1660
4506.287480486106,4506.162480486106,4506.412480486106,1647,1780,1714
4509.591520752331,4509.341520752331,4509.841520752331,2397,1564,1981
4507.779684312253,4507.529684312253,4508.029684312253,1207,2608,1908
4508.032482553354,4507.907482553354,4508.157482553354,1065,2888,1977
4507.856199809422,4507.731199809422,4507.981199809422,1243,1352,1298
4506.586382889105,4506.461382889105,4506.711382889105,1537,2424,1981
4505.771096625319,4505.646096625319,4505.896096625319,1427,702,1065
4504.908132663414,4504.658132663414,4505.158132663414,2565,1280,1923
4504.031513191736,4503.781513191736,4504.281513191736,1540,1459,1500
4506.038085783855,4505.788085783855,4506.288085783855,2173,1710,1942
4504.986560681282,4504.861560681282,4505.111560681282,1257,1314,1286
4501.312475501975,4501.187475501975,4501.437475501975,491,1314,903
4500.189095831267,4499.939095831267,4500.439095831267,929,874,902
4498.654282286137,4498.529282286137,4498.779282286137,860,949,905
4499.396258742211,4499.146258742211,4499.646258742211,1014,1243,1129
4500.05372768746,4499.80372768746,4500.30372768746,2619,874,1747
4500.1825013010475,4499.9325013010475,4500.4325013010475,809,1792,1301
4501.839419255095,4501.714419255095,4501.964419255095,1423,774,1099
4504.240064135977,4504.115064135977,4504.365064135977,1288,443,866
4501.004000362454,4500.879000362454,4501.129000362454,1921,898,1410
4503.626441489514,4503.501441489514,4503.751441489514,1928,1599,1764
4503.128274638688,4503.003274638688,4503.253274638688,2028,915,1472
4501.208504784067,4501.083504784067,4501.333504784067,745,2110,1428
4500.78999579569,4500.66499579569,4500.91499579569,1125,554,840
4500.055081173153,4499.930081173153,4500.180081173153,1627,2236,1932
4499.292370197642,4498.917370197642,4499.667370197642,1193,752,973
4497.497390519577,4497.372390519577,4497.622390519577,1493,1706,1600
4499.860995876657,4499.735995876657,4499.985995876657,867,1608,1238
4500.428933720822,4500.303933720822,4500.553933720822,1384,1055,1220
4501.480558521372,4501.355558521372,4501.605558521372,1470,2235,1853
4503.667895169512,4503.292895169512,4504.042895169512,1056,1385,1221
4503.912175042554,4503.662175042554,4504.162175042554,1360,531,946
4503.794342198225,4503.544342198225,4504.044342198225,1185,1786,1486
4503.048435285207,4502.798435285207,4503.298435285207,1886,1311,1599
4504.424190897712,4504.174190897712,4504.674190897712,1585,846,1216
4503.63815611608,4503.51315611608,4503.76315611608,1159,1136,1148
4503.351923962078,4503.226923962078,4503.476923962078,851,794,823
4503.18652805241,4502.81152805241,4503.56152805241,1208,1231,1220
4506.03603902272,4505.91103902272,4506.16103902272,1414,599,1007
4504.439978343827,4504.189978343827,4504.689978343827,1017,770,894
4506.932314517309,4506.682314517309,4507.182314517309,1705,2058,1882
4508.0347131912085,4507.9097131912085,4508.1597131912085,1002,1351,1177
4508.566984367177,4508.441984367177,4508.691984367177,645,1424,1035
4508.554659817655,4508.304659817655,4508.804659817655,1575,918,1247
4508.158241461185,4507.783241461185,4508.533241461185,1119,546,833
4508.042538547708,4507.792538547708,4508.292538547708,1206,1441,1324
4508.3652877910345,4508.1152877910345,4508.6152877910345,2125,1320,1723
4509.871548759725,4509.621548759725,4510.121548759725,2023,1546,1785
4506.385048778525,4506.260048778525,4506.510048778525,883,920,902
4504.44860726579,4504.32360726579,4504.57360726579,2685,1082,1884
4505.455969936382,4505.330969936382,4505.580969936382,1856,1037,1447
4505.019943347378,4504.894943347378,4505.144943347378,1218,2679,1949
4507.203304814842,4506.953304814842,4507.453304814842,852,1821,1337
4507.235712944964,4507.110712944964,4507.360712944964,732,947,840
4506.5898458931415,4506.3398458931415,4506.8398458931415,1924,1761,1843
4507.627718454192,4507.502718454192,4507.752718454192,1409,872,1141
4506.613785328715,4506.488785328715,4506.738785328715,1638,1153,1396
4505.369620309768,4505.119620309768,4505.619620309768,1905,1026,1466
4506.393009770785,4506.268009770785,4506.518009770785,973,1258,1116
4508.271825009872,4507.896825009872,4508.646825009872,1037,1148,1093
4509.304812919116,4509.179812919116,4509.429812919116,2392,869,1631
4510.0177604315595,4509.7677604315595,4510.2677604315595,1252,2373,1813
4510.108711496274,4509.983711496274,4510.233711496274,1671,1602,1637
4507.250630467364,4507.125630467364,4507.375630467364,748,1203,976
4506.784978097856,4506.534978097856,4507.034978097856,2559,1246,1903
4506.214983392077,4506.089983392077,4506.339983392077,573,1546,1060
4506.850403840895,4506.725403840895,4506.975403840895,1054,1429,1242
4506.791772442252,4506.416772442252,4507.166772442252,1619,2286,1953
4504.953844929338,4504.703844929338,4505.203844929338,2526,1267,1897
4509.369654483524,4509.244654483524,4509.494654483524,582,1515,1049
4509.886737825056,4509.761737825056,4510.011737825056,1253,2666,1960
4508.747418833341,4508.622418833341,4508.872418833341,1817,1406,1612
4506.3552051876995,4506.2302051876995,4506.4802051876995,1716,1099,1408
4505.101487963478,4504.976487963478,4505.226487963478,893,1440,1167
4506.73395730286,4506.48395730286,4506.98395730286,1563,1656,1610
4508.977037236474,4508.727037236474,4509.227037236474,674,1147,911
4509.87128088932,4509.62128088932,4510.12128088932,1128,1493,1311
4510.542765584278,4510.417765584278,4510.667765584278,1184,1669,1427
4511.218674028335,4511.093674028335,4511.343674028335,1986,721,1354
4513.680433617203,4513.555433617203,4513.805433617203,2563,1142,1853
4514.983548837286,4514.608548837286,4515.358548837286,600,1099,850
4513.668346954698,4513.293346954698,4514.043346954698,1153,1032,1093
4512.937224200947,4512.687224200947,4513.187224200947,1078,2793,1936
4515.212171278554,4514.962171278554,4515.462171278554,1155,510,833
4514.57470395074,4514.44970395074,4514.69970395074,2663,1220,1942
4516.75214616352,4516.62714616352,4516.87714616352,1897,982,1440
4516.488897531326,4516.363897531326,4516.613897531326,2515,1186,1851
4517.723938646148,4517.473938646148,4517.973938646148,1456,741,1099
4513.646824274715,4513.521824274715,4513.771824274715,1582,1249,1416
4511.855455597775,4511.730455597775,4511.980455597775,2376,1017,1697
4513.330375943721,4513.205375943721,4513.455375943721,1023,1982,1503
4513.163829357526,4512.913829357526,4513.413829357526,2318,1497,1908
4512.340985602104,4511.965985602104,4512.715985602104,1496,629,1063
4506.647298698723,4506.522298698723,4506.772298698723,2360,1289,1825
4501.944367892521,4501.694367892521,4502.194367892521,2115,750,1433
4498.453598526026,4498.203598526026,4498.703598526026,1505,1498,1502
4496.784686011907,4496.409686011907,4497.159686011907,1468,1381,1425
4492.01621107683,4491.89121107683,4492.14121107683,1940,1903,1922
4487.441087590834,4487.316087590834,4487.566087590834,1250,1487,1369
4482.254230834631,4482.129230834631,4482.379230834631,1151,498,825
4479.627477971788,4479.502477971788,4479.752477971788,1817,1510,1664
4477.560695031839,4477.435695031839,4477.685695031839,931,732,832
4478.872906515906,4478.622906515906,4479.122906515906,1750,881,1316
4480.1680050210325,4480.0430050210325,4480.2930050210325,1880,943,1412
4484.2677256468405,4484.1427256468405,4484.3927256468405,930,757,844
4482.1666455812265,4482.0416455812265,4482.2916455812265,981,938,960
4487.396403205215,4487.271403205215,4487.521403205215,1157,1878,1518
4484.676264660609,4484.551264660609,4484.801264660609,1016,1329,1173
4492.065303904467,4491.940303904467,4492.190303904467,612,1119,866
4485.44073644475,4485.31573644475,4485.56573644475,1190,2181,1686
4493.1353077421945,4492.8853077421945,4493.3853077421945,1751,1322,1537
4487.382244751752,4487.007244751752,4487.757244751752,1297,1602,1450
4486.948395940126,4486.698395940126,4487.198395940126,2222,1749,1986
4485.394204614385,4485.144204614385,4485.644204614385,1108,2193,1651
4481.970048498731,4481.845048498731,4482.095048498731,548,1445,997
4480.732690528324,4480.607690528324,4480.857690528324,623,1758,1191
4471.74438176986,4471.61938176986,4471.86938176986,1478,2167,1823
4471.855155968092,4471.605155968092,4472.105155968092,1391,712,1052
4471.997704689744,4471.747704689744,4472.247704689744,1150,1517,1334
4472.223836271064,4471.973836271064,4472.473836271064,557,1076,817
4469.799812891104,4469.549812891104,4470.049812891104,1736,1487,1612
4474.52264464959,4474.39764464959,4474.64764464959,1813,1722,1768
4483.602112667066,4483.477112667066,4483.727112667066,1998,1573,1786
4484.904519769575,4484.779519769575,4485.029519769575,1486,639,1063
4488.257504152655,4488.132504152655,4488.382504152655,809,952,881
4491.272558200477,4491.147558200477,4491.397558200477,1956,961,1459
4491.164343972219,4491.039343972219,4491.289343972219,1729,1362,1546
4488.213524655,4488.088524655,4488.338524655,2016,879,1448
4479.608709255148,4479.358709255148,4479.858709255148,2090,759,1425
4479.8463034261395,4479.7213034261395,4479.9713034261395,1563,2420,1992
4484.134329380662,4483.884329380662,4484.384329380662,1038,627,833
4484.844243354761,4484.719243354761,4484.969243354761,1684,755,1220
4485.009860214797,4484.759860214797,4485.259860214797,1231,1016,1124
4475.88093509402,4475.75593509402,4476.00593509402,1638,1223,1431
4470.871845409241,4470.621845409241,4471.121845409241,812,2001,1407
4467.756433927211,4467.631433927211,4467.881433927211,2141,1852,1997
4465.927836133262,4465.677836133262,4466.177836133262,1294,629,962
4459.047449282447,4458.922449282447,4459.172449282447,722,1149,936
4464.361463490382,4464.236463490382,4464.486463490382,2568,1259,1914
4464.220591427566,4464.095591427566,4464.345591427566,1932,1255,1594
4462.6892944808,4462.4392944808,4462.9392944808,1657,1212,1435
4465.756511168265,4465.506511168265,4466.006511168265,744,977,861
4460.583529180778,4460.458529180778,4460.708529180778,1694,623,1159
4459.761426366235,4459.386426366235,4460.136426366235,762,1677,1220
4459.946141204875,4459.571141204875,4460.321141204875,706,2079,1393
4466.3116368829915,4466.1866368829915,4466.4366368829915,2064,1547,1806
4467.392512558993,4467.142512558993,4467.642512558993,2748,1235,1992
4464.071678456625,4463.821678456625,4464.321678456625,1119,662,891
4466.489595947028,4466.364595947028,4466.614595947028,1381,698,1040
4464.4929862400695,4464.2429862400695,4464.7429862400695,1232,2455,1844
4457.438822611323,4457.313822611323,4457.563822611323,2232,1397,1815
4455.113966554295,4454.738966554295,4455.488966554295,2090,743,1417
4445.759455419806,4445.634455419806,4445.884455419806,1121,732,927
4451.209454329166,4450.959454329166,4451.459454329166,1705,1498,1602
4449.613383308245,4449.488383308245,4449.738383308245,2246,999,1623
4445.600682237152,4445.475682237152,4445.725682237152,2394,1251,1823
4442.042606648445,4441.917606648445,4442.167606648445,2204,773,1489
4441.865467085147,4441.615467085147,4442.115467085147,1384,537,961
4443.938745241805,4443.813745241805,4444.063745241805,897,1798,1348
4439.042449119294,4438.917449119294,4439.167449119294,2347,1208,1778
4441.8198729672,4441.6948729672,4441.9448729672,1197,526,862
4439.380157637745,4439.255157637745,4439.505157637745,920,2507,1714
4440.426816260036,4440.301816260036,4440.551816260036,1264,1329,1297
4445.120952434621,4444.995952434621,4445.245952434621,1793,1126,1460
4440.422072944711,4440.297072944711,4440.547072944711,2061,1890,1976
4442.942449773093,4442.817449773093,4443.067449773093,2106,1325,1716
4445.323911418353,4445.198911418353,4445.448911418353,2018,751,1385
4444.306493248702,4444.056493248702,4444.556493248702,1773,1942,1858
4440.348507729415,4440.223507729415,4440.473507729415,536,1503,1020
4445.8802040349765,4445.6302040349765,4446.1302040349765,1332,2477,1905
4441.46182273198,4441.33682273198,4441.58682273198,1944,2013,1979
4438.768544429404,4438.643544429404,4438.893544429404,1914,695,1305
4433.355194025137,4433.230194025137,4433.480194025137,1676,719,1198
4430.797285964401,4430.672285964401,4430.922285964401,1293,2500,1897
4430.752678711807,4430.627678711807,4430.877678711807,1510,2473,1992
4434.511069450608,4434.386069450608,4434.636069450608,1980,847,1414
4440.668551045292,4440.543551045292,4440.793551045292,1478,2215,1847
4441.876796924952,4441.501796924952,4442.251796924952,1802,1687,1745
4439.5145290096325,4439.2645290096325,4439.7645290096325,1976,775,1376
4446.459645054559,4446.334645054559,4446.584645054559,1358,751,1055
4447.179681247348,4446.929681247348,4447.429681247348,933,1472,1203
4448.726989617216,4448.351989617216,4449.101989617216,1422,2075,1749
4448.247366224772,4448.122366224772,4448.372366224772,2378,1027,1703
4450.5786685595585,4450.4536685595585,4450.7036685595585,1592,1219,1406
4448.864085044427,4448.739085044427,4448.989085044427,1134,1501,1318
4447.064375081078,4446.689375081078,4447.439375081078,2032,1765,1899
4440.891534591122,4440.641534591122,4441.141534591122,1353,894,1124
4443.827929050343,4443.702929050343,4443.952929050343,1994,1185,1590
4441.98475435823,4441.73475435823,4442.23475435823,1876,1939,1908
4434.476627529089,4434.351627529089,4434.601627529089,1032,2023,1528
4435.723064985171,4435.598064985171,4435.848064985171,910,1077,994
4436.3158253690535,4435.9408253690535,4436.6908253690535,675,974,825
4440.606847728641,4440.481847728641,4440.731847728641,1406,2213,1810
4440.7692172264115,4440.5192172264115,4441.0192172264115,1586,1081,1334
4438.273813648007,4438.023813648007,4438.523813648007,767,864,816
4433.085110970454,4432.835110970454,4433.335110970454,1433,968,1201
4433.298046404427,4433.048046404427,4433.548046404427,961,2212,1587
4434.798807419651,4434.673807419651,4434.923807419651,1388,1663,1526
4442.2977829223,4442.1727829223,4442.4227829223,999,1212,1106
4443.675221012456,4443.550221012456,4443.800221012456,1073,1514,1294
4450.291619370944,4450.166619370944,4450.416619370944,1748,1243,1496
4448.3746502749555,4448.2496502749555,4448.4996502749555,1130,709,920
4447.1089713480405,4446.9839713480405,4447.2339713480405,1843,634,1239
4445.208960759611,4445.083960759611,4445.333960759611,1362,1383,1373
4446.150015721859,4445.900015721859,4446.400015721859,2134,1619,1877
4443.355125057239,4443.230125057239,4443.480125057239,2102,953,1528
4442.942501152739,4442.817501152739,4443.067501152739,1212,1703,1458
4446.348218695306,4446.098218695306,4446.598218695306,1111,2630,1871
4445.9874185047765,4445.8624185047765,4446.1124185047765,1927,840,1384
4441.4938926988625,4441.3688926988625,4441.6188926988625,952,1831,1392
4440.025495216654,4439.900495216654,4440.150495216654,1729,1846,1788
4440.675028834893,4440.425028834893,4440.925028834893,1649,1592,1621
4433.392954807235,4433.142954807235,4433.642954807235,1772,1707,1740
4434.441209775755,4434.316209775755,4434.566209775755,623,1446,1035
4434.970770440617,4434.720770440617,4435.220770440617,993,2286,1640
4431.177074796921,4431.052074796921,4431.302074796921,1387,1970,1679
4428.6480531250045,4428.5230531250045,4428.7730531250045,933,836,885
4432.244340304563,4432.119340304563,4432.369340304563,1141,826,984
4432.217822586708,4432.092822586708,4432.342822586708,2208,791,1500
4433.382121882888,4433.132121882888,4433.632121882888,1251,532,892
4435.591325886339,4435.341325886339,4435.841325886339,1530,2275,1903
4445.231654411701,4444.981654411701,4445.481654411701,1136,1043,1090
4446.931044154379,4446.806044154379,4447.056044154379,2436,819,1628
4449.47954852883,4449.22954852883,4449.72954852883,2497,1454,1976
4446.9769479888555,4446.7269479888555,4447.2269479888555,1259,474,867
4440.992506163362,4440.867506163362,4441.117506163362,1147,776,962
4447.344872313772,4447.219872313772,4447.469872313772,2024,1385,1705
4446.344090653806,4445.969090653806,4446.719090653806,1366,885,1126
4448.082955296471,4447.832955296471,4448.332955296471,864,759,812
4441.553332996125,4441.303332996125,4441.803332996125,2750,1067,1909
4438.771944455852,4438.646944455852,4438.896944455852,888,775,832
4433.855297306384,4433.605297306384,4434.105297306384,1148,2363,1756
4437.620738637793,4437.495738637793,4437.745738637793,1497,1182,1340
4439.536760601428,4439.411760601428,4439.661760601428,1538,1103,1321
4435.4272731132005,4435.1772731132005,4435.6772731132005,1290,2421,1856
4431.328275439935,4431.078275439935,4431.578275439935,2025,1028,1527
4431.609740048784,4431.484740048784,4431.734740048784,528,1175,852
4437.9257892780615,4437.8007892780615,4438.0507892780615,947,954,951
4440.406845422752,4440.031845422752,4440.781845422752,1525,1144,1335
4444.452533942171,4444.327533942171,4444.577533942171,1315,1704,1510
4446.593676763977,4446.218676763977,4446.968676763977,729,1344,1037
4448.055409758944,4447.930409758944,4448.180409758944,870,2397,1634
4445.605768879696,4445.480768879696,4445.730768879696,1535,1270,1403
4449.572238219014,4449.447238219014,4449.697238219014,1252,1381,1317
4454.0242879324,4453.8992879324,4454.1492879324,1057,2904,1981
4457.109147191944,4456.984147191944,4457.234147191944,1420,587,1004
4452.405895198347,4452.280895198347,4452.530895198347,848,1769,1309
4448.611815811864,4448.361815811864,4448.861815811864,850,1115,983
4441.968205328503,4441.843205328503,4442.093205328503,604,1041,823
4444.179908728058,4444.054908728058,4444.304908728058,992,1993,1493
4445.3097339881415,4445.0597339881415,4445.5597339881415,1231,2604,1918
4453.2253777583355,4452.9753777583355,4453.4753777583355,1246,1497,1372
4452.357531261607,4452.107531261607,4452.607531261607,860,1467,1164
4454.881257182633,4454.756257182633,4455.006257182633,950,1003,977
4452.0158259817135,4451.8908259817135,4452.1408259817135,2529,1324,1927
4449.009348953004,4448.884348953004,4449.134348953004,1728,1895,1812
4442.65605579883,4442.53105579883,4442.78105579883,1134,2215,1675
4440.818278403768,4440.693278403768,4440.943278403768,1600,2103,1852
4445.036713707707,4444.911713707707,4445.161713707707,769,886,828
4444.128734332903,4443.753734332903,4444.503734332903,1441,612,1027
4447.548148908469,4447.423148908469,4447.673148908469,1364,1947,1656
4446.2810260198075,4445.9060260198075,4446.6560260198075,727,1020,874
4447.709490999698,4447.584490999698,4447.834490999698,1022,883,953
4450.833821441091,4450.708821441091,4450.958821441091,2149,1490,1820
4451.5878599825655,4451.4628599825655,4451.7128599825655,1506,509,1008
4448.629008086321,4448.379008086321,4448.879008086321,2331,1006,1669
4444.9368353597765,4444.8118353597765,4445.0618353597765,1785,1488,1637
4441.485272563228,4441.235272563228,4441.735272563228,1328,1601,1465
4434.414224154813,4434.289224154813,4434.539224154813,1531,1968,1750
4433.204990065863,4433.079990065863,4433.329990065863,2836,955,1896
4429.390349229492,4429.265349229492,4429.515349229492,1521,518,1020
4430.604373219644,4430.479373219644,4430.729373219644,1771,1166,1469
4431.321973543671,4431.071973543671,4431.571973543671,1280,1385,1333
4431.769445059863,4431.644445059863,4431.894445059863,1768,1159,1464
4429.3075235634105,4429.0575235634105,4429.5575235634105,1479,512,996
4425.93154649618,4425.55654649618,4426.30654649618,491,1174,833
4420.002985170527,4419.752985170527,4420.252985170527,2317,1046,1682
4419.821847062295,4419.696847062295,4419.946847062295,710,1469,1090
4423.551927430052,4423.426927430052,4423.676927430052,1416,833,1125
4423.172431310897,4422.797431310897,4423.547431310897,876,1079,978
4427.5869426981535,4427.4619426981535,4427.7119426981535,2102,1069,1586
4432.0688338365235,4431.9438338365235,4432.1938338365235,836,1303,1070
4434.6060665014775,4434.4810665014775,4434.7310665014775,1189,1198,1194
4434.660288858468,4434.410288858468,4434.910288858468,627,1680,1154
4431.265293644867,4431.140293644867,4431.390293644867,1592,1015,1304
4430.694304624789,4430.319304624789,4431.069304624789,546,1059,803
4439.280435446787,4439.030435446787,4439.530435446787,910,1313,1112
4436.911104718512,4436.661104718512,4437.161104718512,811,2198,1505
4435.2796157266885,4435.1546157266885,4435.4046157266885,2058,1887,1973
4435.111701493391,4434.736701493391,4435.486701493391,963,2526,1745
4433.429703028474,4433.179703028474,4433.679703028474,1801,772,1287
4435.729889300631,4435.354889300631,4436.104889300631,613,1244,929
4433.246212448408,4433.121212448408,4433.371212448408,1897,2046,1972
4429.806311978628,4429.556311978628,4430.056311978628,2279,872,1576
4429.0374234524825,4428.9124234524825,4429.1624234524825,1588,605,1097
4425.541693411015,4425.416693411015,4425.666693411015,1710,1043,1377
4423.483920167908,4423.358920167908,4423.608920167908,1275,584,930
4426.7038519197795,4426.4538519197795,4426.9538519197795,946,2703,1825
4430.8794478801365,4430.6294478801365,4431.1294478801365,1184,611,898
4427.239812753645,4427.114812753645,4427.364812753645,2194,1667,1931
4425.052953381555,4424.927953381555,4425.177953381555,2196,1693,1945
4418.729998110712,4418.479998110712,4418.979998110712,1596,1483,1540
4414.012153966994,4413.887153966994,4414.137153966994,897,2588,1743
4415.83815296812,4415.58815296812,4416.08815296812,513,1264,889
4415.388378119763,4415.138378119763,4415.638378119763,1079,1674,1377
4414.779380138196,4414.654380138196,4414.904380138196,1779,1484,1632
4407.416939261196,4407.291939261196,4407.541939261196,1862,673,1268
4414.392227203132,4414.142227203132,4414.642227203132,1256,2715,1986
4416.206614247596,4416.081614247596,4416.331614247596,1188,1865,1527
4410.797125280386,4410.547125280386,4411.047125280386,2274,1275,1775
4421.26872792158,4421.14372792158,4421.39372792158,1004,1099,1052
4421.327670989165,4421.202670989165,4421.452670989165,1734,897,1316
4417.3829064085,4417.1329064085,4417.6329064085,1050,1491,1271
4424.220111862716,4424.095111862716,4424.345111862716,1056,2459,1758
4419.8374498162075,4419.5874498162075,4420.0874498162075,1653,1662,1658
4411.050178830994,4410.925178830994,4411.175178830994,517,1266,892
4414.936276254272,4414.811276254272,4415.061276254272,1232,1741,1487
4412.076951843162,4411.826951843162,4412.326951843162,1929,1484,1707
4410.671215483657,4410.546215483657,4410.796215483657,977,2808,1893
4406.605449925686,4406.480449925686,4406.730449925686,1014,1493,1254
4418.050665830434,4417.925665830434,4418.175665830434,615,1410,1013
4423.747746631669,4423.497746631669,4423.997746631669,1561,1760,1661
4423.509032233946,4423.384032233946,4423.634032233946,1089,2628,1859
4419.880734642929,4419.755734642929,4420.005734642929,597,1232,915
4419.087000322936,4418.712000322936,4419.462000322936,2426,1039,1733
4419.877635890602,4419.752635890602,4420.002635890602,1035,692,864
4427.703143725034,4427.578143725034,4427.828143725034,992,1275,1134
4424.852655252422,4424.477655252422,4425.227655252422,1527,1718,1623
4427.794732517544,4427.669732517544,4427.919732517544,1132,1525,1329
4431.0576832033985,4430.9326832033985,4431.1826832033985,1372,561,967
4432.848726157933,4432.723726157933,4432.973726157933,1189,1898,1544
4435.791040990421,4435.541040990421,4436.041040990421,638,1075,857
4437.031952979573,4436.906952979573,4437.156952979573,1134,2719,1927
4442.790344558559,4442.665344558559,4442.915344558559,1118,2005,1562
4439.137363725707,4438.887363725707,4439.387363725707,1713,2284,1999
4436.93325551377,4436.80825551377,4437.05825551377,1903,1138,1521
4441.822131899862,4441.697131899862,4441.947131899862,2025,758,1392
4443.370796577982,4443.245796577982,4443.495796577982,1630,973,1302
4441.6578734413415,4441.5328734413415,4441.7828734413415,1035,1602,1319
4431.716183893585,4431.591183893585,4431.841183893585,1537,1592,1565
4431.140418917146,4431.015418917146,4431.265418917146,1014,1143,1079
4433.148326827426,4432.898326827426,4433.398326827426,2646,883,1765
4427.176807783167,4426.926807783167,4427.426807783167,841,1962,1402
4420.082295210043,4419.957295210043,4420.207295210043,1178,2181,1680
4416.357762838798,4416.232762838798,4416.482762838798,740,1299,1020
4422.218698508994,4422.093698508994,4422.343698508994,807,1864,1336
4419.147903234168,4419.022903234168,4419.272903234168,851,1340,1096
4422.107693060073,4421.982693060073,4422.232693060073,1850,1379,1615
4417.368159214887,4416.993159214887,4417.743159214887,1346,1383,1365
4418.543897363641,4418.418897363641,4418.668897363641,570,1591,1081
4420.60713317487,4420.48213317487,4420.73213317487,2353,1214,1784
4418.801165651299,4418.676165651299,4418.926165651299,1252,1619,1436
4422.772657892481,4422.522657892481,4423.022657892481,1234,1597,1416
4419.799685634322,4419.549685634322,4420.049685634322,1614,559,1087
4419.199089768681,4418.824089768681,4419.574089768681,1718,2013,1866
4413.534072892731,4413.409072892731,4413.659072892731,1138,517,828
4422.325289178415,4422.200289178415,4422.450289178415,1608,2241,1925
4426.2563418795235,4426.1313418795235,4426.3813418795235,2226,1051,1639
4423.232126392652,4423.107126392652,4423.357126392652,1100,1205,1153
4417.308619831493,4417.183619831493,4417.433619831493,1599,1860,1730
4416.913969137249,4416.788969137249,4417.038969137249,1032,1675,1354
4411.237086266944,4410.987086266944,4411.487086266944,1331,894,1113
4417.172901466529,4417.047901466529,4417.297901466529,950,2219,1585
4410.03302707701,4409.90802707701,4410.15802707701,701,1158,930
4404.623595847836,4404.373595847836,4404.873595847836,1587,2172,1880
4409.579296294932,4409.454296294932,4409.704296294932,1194,857,1026
4411.06178362658,4410.93678362658,4411.18678362658,771,1874,1323
4410.784972575816,4410.659972575816,4410.909972575816,2263,920,1592
4422.41766561758,4422.16766561758,4422.66766561758,1252,2549,1901
4419.989294384375,4419.739294384375,4420.239294384375,1678,697,1188
4421.219951533919,4420.969951533919,4421.469951533919,1393,2396,1895
4418.062387421796,4417.937387421796,4418.187387421796,1046,1083,1065
4417.581034886957,4417.456034886957,4417.706034886957,1567,538,1053
4425.235600557735,4425.110600557735,4425.360600557735,1028,1261,1145
4425.596194762227,4425.471194762227,4425.721194762227,2252,1149,1701
4427.991607336684,4427.866607336684,4428.116607336684,1674,2265,1970
4432.251915028201,4432.001915028201,4432.501915028201,1233,1170,1202
4429.880186880445,4429.755186880445,4430.005186880445,1806,1111,1459
4428.400658369871,4428.275658369871,4428.525658369871,904,913,909
4425.594148845558,4425.469148845558,4425.719148845558,1672,1765,1719
4428.926610588843,4428.676610588843,4429.176610588843,1455,2366,1911
4434.826379519133,4434.701379519133,4434.951379519133,1014,2525,1770
4431.77410633691,4431.64910633691,4431.89910633691,1096,745,921
4439.625374244329,4439.375374244329,4439.875374244329,1913,932,1423
4436.112118320819,4435.737118320819,4436.487118320819,1483,824,1154
4431.219357744587,4431.094357744587,4431.344357744587,999,1356,1178
4429.332230425854,4429.082230425854,4429.582230425854,1333,850,1092
4429.576923126146,4429.451923126146,4429.701923126146,798,1655,1227
4421.513074729724,4421.388074729724,4421.638074729724,1753,1660,1707
4417.5118981477735,4417.3868981477735,4417.6368981477735,2255,1468,1862
4409.104582681099,4408.979582681099,4409.229582681099,1792,849,1321
4407.061484320509,4406.811484320509,4407.311484320509,2290,1403,1847
4406.915412971008,4406.790412971008,4407.040412971008,1428,1691,1560
4403.99562907398,4403.87062907398,4404.12062907398,2908,1063,1986
4397.379892161614,4397.004892161614,4397.754892161614,2132,989,1561
4401.205850084637,4401.080850084637,4401.330850084637,1992,1121,1557
4404.650386009808,4404.525386009808,4404.775386009808,1965,1250,1608
4393.945790253925,4393.820790253925,4394.070790253925,550,1465,1008
4390.515963914337,4390.390963914337,4390.640963914337,883,2070,1477
4395.815302924263,4395.690302924263,4395.940302924263,1276,493,885
4398.597478189653,4398.472478189653,4398.722478189653,1349,866,1108
4395.720083978025,4395.470083978025,4395.970083978025,1488,825,1157
4388.751143374265,4388.376143374265,4389.126143374265,2020,1365,1693
4396.523120414954,4396.398120414954,4396.648120414954,901,1778,1340
4411.183794142483,4410.808794142483,4411.558794142483,419,1252,836
4411.137870304262,4411.012870304262,4411.262870304262,1749,1186,1468
4401.561516331722,4401.436516331722,4401.686516331722,2316,1399,1858
4403.648743132539,4403.398743132539,4403.898743132539,1690,1223,1457
4407.604559758226,4407.229559758226,4407.979559758226,1537,1344,1441
4412.577550088519,4412.327550088519,4412.827550088519,2385,1250,1818
4407.128613073922,4406.878613073922,4407.378613073922,1043,2064,1554
4420.510506849157,4420.385506849157,4420.635506849157,1469,784,1127
4411.313712859226,4411.188712859226,4411.438712859226,1638,2339,1989
4414.331771635303,4414.206771635303,4414.456771635303,1020,787,904
4414.233359514488,4414.108359514488,4414.358359514488,1078,773,926
4424.044226926789,4423.794226926789,4424.294226926789,1262,447,855
4423.963464881207,4423.713464881207,4424.213464881207,1780,1179,1480
4420.809472755266,4420.559472755266,4421.059472755266,1756,641,1199
4419.0548611727,4418.9298611727,4419.1798611727,1777,2150,1964
4418.085649995599,4417.960649995599,4418.210649995599,593,1384,989
4421.210245737247,4421.085245737247,4421.335245737247,952,953,953
4409.642210500622,4409.517210500622,4409.767210500622,1714,583,1149
4411.88634273805,4411.63634273805,4412.13634273805,1325,2048,1687
4414.251872068895,4414.126872068895,4414.376872068895,882,1763,1323
4419.2769163368,4419.0269163368,4419.5269163368,2522,1047,1785
4420.982136513741,4420.732136513741,4421.232136513741,1204,801,1003
4416.810482490622,4416.685482490622,4416.935482490622,1624,2179,1902
4418.841597718974,4418.716597718974,4418.966597718974,1887,1220,1554
4422.161645161481,4422.036645161481,4422.286645161481,1025,2696,1861
4421.710801703626,4421.335801703626,4422.085801703626,697,1466,1082
4427.412531999827,4427.287531999827,4427.537531999827,1034,2155,1595
4427.5388411611475,4427.2888411611475,4427.7888411611475,2508,1365,1937
4426.7270460133395,4426.6020460133395,4426.8520460133395,1686,1733,1710
4429.028082111974,4428.903082111974,4429.153082111974,784,993,889
4426.662530243895,4426.537530243895,4426.787530243895,1931,1288,1610
4421.221058085489,4420.846058085489,4421.596058085489,735,1788,1262
4423.14142988865,4422.89142988865,4423.39142988865,1536,1681,1609
4419.701700672858,4419.451700672858,4419.951700672858,2096,1875,1986
4411.19338579474,4411.06838579474,4411.31838579474,2324,953,1639
4410.2699472748745,4410.1449472748745,4410.3949472748745,457,1184,821
4413.283079440698,4413.158079440698,4413.408079440698,1350,2477,1914
4410.530578165773,4410.405578165773,4410.655578165773,714,1009,862
4407.979515427493,4407.729515427493,4408.229515427493,1453,596,1025
4401.69200341061,4401.44200341061,4401.94200341061,997,614,806
4401.248429115624,4401.123429115624,4401.373429115624,1785,784,1285
4400.980908096941,4400.855908096941,4401.105908096941,613,1014,814
4400.155779899061,4400.030779899061,4400.280779899061,689,1464,1077
4394.667242850435,4394.417242850435,4394.917242850435,1189,1526,1358
4393.943524298309,4393.818524298309,4394.068524298309,1657,882,1270
4397.690490293636,4397.440490293636,4397.940490293636,735,1156,946
4398.948402732839,4398.823402732839,4399.073402732839,1482,761,1122
4400.862775888341,4400.612775888341,4401.112775888341,1500,817,1159
4397.414043154983,4397.164043154983,4397.664043154983,1885,1120,1503
4393.141699283517,4393.016699283517,4393.266699283517,1274,2139,1707
4396.834110818682,4396.584110818682,4397.084110818682,1417,508,963
4394.152028622657,4394.027028622657,4394.277028622657,1914,1247,1581
4396.652976412641,4396.527976412641,4396.777976412641,1115,1084,1100
4396.064419545461,4395.689419545461,4396.439419545461,1800,751,1276
4400.097097594757,4399.972097594757,4400.222097594757,584,1425,1005
4391.331631058412,4391.206631058412,4391.456631058412,2496,1417,1957
4390.531997297674,4390.281997297674,4390.781997297674,1296,1681,1489
4393.63985028725,4393.38985028725,4393.88985028725,1101,1348,1225
4386.768158173674,4386.643158173674,4386.893158173674,602,1047,825
4391.949995625431,4391.699995625431,4392.199995625431,1463,1816,1640
4379.616868107897,4379.366868107897,4379.866868107897,1528,1273,1401
4381.836010332735,4381.711010332735,4381.961010332735,1419,2316,1868
4372.538752560764,4372.288752560764,4372.788752560764,1293,1438,1366
4364.300373528024,4364.050373528024,4364.550373528024,1556,1023,1290
4362.566668927803,4362.316668927803,4362.816668927803,2277,1210,1744
4365.089061189297,4364.839061189297,4365.339061189297,1305,834,1070
4354.86230109883,4354.73730109883,4354.98730109883,1039,594,817
4351.683368496477,4351.558368496477,4351.808368496477,1207,1786,1497
4353.662424470533,4353.412424470533,4353.912424470533,1669,2172,1921
4350.668022935662,4350.418022935662,4350.918022935662,846,1687,1267
4359.281712593399,4359.156712593399,4359.406712593399,1363,2082,1723
4360.4989779066855,4360.3739779066855,4360.6239779066855,2247,944,1596
4357.3831263716,4357.2581263716,4357.5081263716,879,924,902
4351.857102184047,4351.732102184047,4351.982102184047,1186,1719,1453
4345.898007994764,4345.648007994764,4346.148007994764,1067,1150,1109
4342.976698633395,4342.601698633395,4343.351698633395,1810,1669,1740
4351.291629672933,4351.166629672933,4351.416629672933,888,2065,1477
4344.731575216347,4344.481575216347,4344.981575216347,1489,706,1098
4336.266149444663,4336.141149444663,4336.391149444663,2112,1155,1634
4340.058918839739,4339.933918839739,4340.183918839739,1594,2247,1921
4334.187291255595,4334.062291255595,4334.312291255595,1921,1302,1612
4339.641201645704,4339.516201645704,4339.766201645704,1342,2483,1913
4329.199755505114,4329.074755505114,4329.324755505114,1914,673,1294
4329.171005863341,4329.046005863341,4329.296005863341,1731,904,1318
4326.318861780146,4326.193861780146,4326.443861780146,1899,1724,1812
4319.296635101517,4319.046635101517,4319.546635101517,2182,797,1490
4313.641559026851,4313.516559026851,4313.766559026851,1109,1448,1279
4322.365483559747,4322.240483559747,4322.490483559747,1349,596,973
4320.6688311419975,4320.2938311419975,4321.0438311419975,1564,665,1115
4321.786718634455,4321.661718634455,4321.911718634455,2376,1353,1865
4320.943983052176,4320.693983052176,4321.193983052176,852,1769,1311
4320.872555830694,4320.622555830694,4321.122555830694,858,1547,1203
4321.408723087276,4321.283723087276,4321.533723087276,1965,1232,1599
4322.860956435344,4322.735956435344,4322.985956435344,1156,971,1064
4322.672881982778,4322.547881982778,4322.797881982778,1514,751,1133
4325.7219008467455,4325.5969008467455,4325.8469008467455,1915,1514,1715
4327.684734192936,4327.559734192936,4327.809734192936,675,1282,979
4327.793173054776,4327.543173054776,4328.043173054776,1039,2046,1543
4329.159626499108,4329.034626499108,4329.284626499108,1300,2101,1701
4328.455691164747,4328.205691164747,4328.705691164747,1556,1225,1391
4329.194188638053,4329.069188638053,4329.319188638053,1320,1211,1266
4331.611013327765,4331.236013327765,4331.986013327765,1269,722,996
4332.588989785406,4332.338989785406,4332.838989785406,1823,628,1226
4336.033853223145,4335.908853223145,4336.158853223145,979,2460,1720
4334.87099616044,4334.62099616044,4335.12099616044,2065,1730,1898
4336.68574478405,4336.43574478405,4336.93574478405,1848,1985,1917
4335.30085871966,4335.17585871966,4335.42585871966,1033,1196,1115
4339.095354553676,4338.845354553676,4339.345354553676,1081,944,1013
4339.524632896829,4339.399632896829,4339.649632896829,1221,2760,1991
4340.796440499583,4340.421440499583,4341.171440499583,1992,767,1380
4343.59155330537,4343.46655330537,4343.71655330537,1692,757,1225
4343.615505049803,4343.490505049803,4343.740505049803,1924,829,1377
4343.236898015013,4343.111898015013,4343.361898015013,1721,1720,1721
4340.846686533654,4340.471686533654,4341.221686533654,1124,2865,1995
4340.058424892542,4339.933424892542,4340.183424892542,976,917,947
4340.038025286367,4339.913025286367,4340.163025286367,1441,2104,1773
4340.982602731387,4340.857602731387,4341.107602731387,1089,940,1015
4340.054390980734,4339.929390980734,4340.179390980734,701,1650,1176
4342.060069806377,4341.935069806377,4342.185069806377,1915,1580,1748
4342.029556592129,4341.904556592129,4342.154556592129,1234,1371,1303
4343.715971946817,4343.465971946817,4343.965971946817,1916,1841,1879
4344.601245747694,4344.351245747694,4344.851245747694,2277,1242,1760
4342.99917139592,4342.87417139592,4343.12417139592,1929,1618,1774
4344.302156125083,4344.052156125083,4344.552156125083,1653,1492,1573
4344.0242313206245,4343.8992313206245,4344.1492313206245,1065,1480,1273
4342.223712788756,4341.848712788756,4342.598712788756,975,1104,1040
4342.51708157503,4342.26708157503,4342.76708157503,2125,886,1506
4344.9918957288855,4344.6168957288855,4345.3668957288855,2409,1490,1950
4346.74041693291,4346.61541693291,4346.86541693291,1333,1340,1337
4349.813871278759,4349.688871278759,4349.938871278759,2300,1103,1702
4352.190365228184,4352.065365228184,4352.315365228184,2694,1071,1883
4352.547467140944,4352.297467140944,4352.797467140944,1510,2481,1996
4352.738677527695,4352.613677527695,4352.863677527695,1076,943,1010
4352.885825426789,4352.635825426789,4353.135825426789,1367,1598,1483
4350.071564371838,4349.946564371838,4350.196564371838,1055,776,916
4348.60082998276,4348.47582998276,4348.72582998276,1182,587,885
4352.275839780711,4352.150839780711,4352.400839780711,1778,823,1301
4354.4497198566905,4354.1997198566905,4354.6997198566905,1038,639,839
4352.758530611903,4352.633530611903,4352.883530611903,1775,1544,1660
4352.705114104512,4352.580114104512,4352.830114104512,889,1016,953
4352.804423020695,4352.679423020695,4352.929423020695,1340,1513,1427
4357.465853501199,4357.340853501199,4357.590853501199,1066,1271,1169
4359.518635302748,4359.393635302748,4359.643635302748,799,1240,1020
4359.687547572724,4359.312547572724,4360.062547572724,1359,2568,1964
4360.32777482511,4360.20277482511,4360.45277482511,1372,1715,1544
4360.688694579431,4360.563694579431,4360.813694579431,1660,601,1131
4362.165073210514,4361.790073210514,4362.540073210514,1485,1204,1345
4364.800414251318,4364.675414251318,4364.925414251318,935,782,859
4364.84977094767,4364.72477094767,4364.97477094767,1761,2052,1907
4364.168247670308,4364.043247670308,4364.293247670308,663,1036,850
4365.427062993088,4365.302062993088,4365.552062993088,1233,428,831
4362.139973623114,4362.014973623114,4362.264973623114,828,1271,1050
4360.923276823727,4360.673276823727,4361.173276823727,1123,1562,1343
4357.200758772048,4356.950758772048,4357.450758772048,2012,771,1392
4358.680077772179,4358.555077772179,4358.805077772179,1543,1244,1394
4356.914933459713,4356.664933459713,4357.164933459713,1217,408,813
4356.783690158416,4356.658690158416,4356.908690158416,1256,737,997
4359.735716815645,4359.485716815645,4359.985716815645,1411,1732,1572
4356.242005300663,4355.992005300663,4356.492005300663,1447,2036,1742
4353.445656361428,4353.320656361428,4353.570656361428,1681,1756,1719
4351.38090289716,4351.13090289716,4351.63090289716,2037,1724,1881
4348.664515084152,4348.539515084152,4348.789515084152,1031,2960,1996
4348.4607176047375,4348.3357176047375,4348.5857176047375,2327,1346,1837
4352.388596555895,4352.013596555895,4352.763596555895,765,1530,1148
4350.619991501657,4350.369991501657,4350.869991501657,1238,499,869
4350.8921345004355,4350.6421345004355,4351.1421345004355,1876,1173,1525
4350.163555122828,4350.038555122828,4350.288555122828,1463,2090,1777
4348.083248226582,4347.958248226582,4348.208248226582,1174,1135,1155
4350.956176947464,4350.831176947464,4351.081176947464,1320,1237,1279
4352.538066231425,4352.413066231425,4352.663066231425,1697,1484,1591
4353.459934340057,4353.334934340057,4353.584934340057,1055,1700,1378
4353.637281772301,4353.512281772301,4353.762281772301,1865,1006,1436
4355.952517064322,4355.702517064322,4356.202517064322,615,1322,969
4354.321008227408,4354.196008227408,4354.446008227408,1990,1957,1974
4352.941002409912,4352.816002409912,4353.066002409912,2247,1312,1780
4355.040113633157,4354.915113633157,4355.165113633157,1513,1260,1387
4357.593000747615,4357.468000747615,4357.718000747615,1934,711,1323
4358.656684361759,4358.531684361759,4358.781684361759,1898,1139,1519
4364.120928091837,4363.995928091837,4364.245928091837,1001,1490,1246
4364.477601817234,4364.352601817234,4364.602601817234,1109,766,938
4366.767341998277,4366.517341998277,4367.017341998277,891,2166,1529
4365.70067939636,4365.45067939636,4365.95067939636,1336,821,1079
4365.682198029775,4365.557198029775,4365.807198029775,1605,890,1248
4367.1426512509515,4367.0176512509515,4367.2676512509515,1220,1065,1143
4367.186667453585,4367.061667453585,4367.311667453585,1512,2393,1953
4367.663995656521,4367.413995656521,4367.913995656521,2416,1095,1756
4371.565711593338,4371.190711593338,4371.940711593338,1550,2435,1993
4370.543143533763,4370.418143533763,4370.668143533763,948,941,945
4372.330260645422,4372.205260645422,4372.455260645422,1788,845,1317
4371.6306751574375,4371.3806751574375,4371.8806751574375,1982,1151,1567
4367.875612359873,4367.625612359873,4368.125612359873,1899,824,1362
4368.0502517877885,4367.9252517877885,4368.1752517877885,1277,976,1127
4370.8622391838235,4370.7372391838235,4370.9872391838235,649,1178,914
4370.324771521641,4370.074771521641,4370.574771521641,1532,2239,1886
4366.993250965534,4366.743250965534,4367.243250965534,1608,2119,1864
4369.292133003939,4368.917133003939,4369.667133003939,1138,735,937
4370.644623505194,4370.519623505194,4370.769623505194,636,1777,1207
4375.056075148781,4374.931075148781,4375.181075148781,1641,1442,1542
4374.227410015123,4374.102410015123,4374.352410015123,1476,2453,1965
4374.198522231127,4373.823522231127,4374.573522231127,1281,1208,1245
4373.34094060162,4373.21594060162,4373.46594060162,1749,904,1327
4373.583012198183,4373.458012198183,4373.708012198183,784,1265,1025
4370.659409831411,4370.534409831411,4370.784409831411,2442,1053,1748
4370.662190047188,4370.412190047188,4370.912190047188,1211,1608,1410
4368.51956400242,4368.39456400242,4368.64456400242,2128,1739,1934
4365.129790146909,4364.879790146909,4365.379790146909,889,1226,1058
4368.976088822065,4368.851088822065,4369.101088822065,2108,1187,1648
4363.567323334549,4363.442323334549,4363.692323334549,1295,968,1132
4364.874306179306,4364.624306179306,4365.124306179306,1637,776,1207
4364.508480695484,4364.383480695484,4364.633480695484,747,908,828
4364.773886854298,4364.398886854298,4365.148886854298,1101,1868,1485
4364.599522479593,4364.474522479593,4364.724522479593,1294,1601,1448
4363.256189002938,4363.131189002938,4363.381189002938,836,2067,1452
4363.667377519433,4363.417377519433,4363.917377519433,932,2047,1490
4364.830685697287,4364.580685697287,4365.080685697287,2655,908,1782
4365.8466698319335,4365.5966698319335,4366.0966698319335,1572,1329,1451
4365.615863391702,4365.490863391702,4365.740863391702,1772,1121,1447
4367.3967585546125,4367.2717585546125,4367.5217585546125,1114,1959,1537
4367.621690971273,4367.496690971273,4367.746690971273,790,1243,1017
4369.134467160522,4368.884467160522,4369.384467160522,1771,1042,1407
4367.6857482964215,4367.5607482964215,4367.8107482964215,845,1734,1290
4370.761593037442,4370.511593037442,4371.011593037442,1768,1599,1684
4370.386661700916,4370.136661700916,4370.636661700916,1795,1544,1670
4367.475270903157,4367.350270903157,4367.600270903157,787,2284,1536
4365.210263201758,4365.085263201758,4365.335263201758,1440,1205,1323
4366.591394929842,4366.466394929842,4366.716394929842,1000,1067,1034
4365.61262015111,4365.48762015111,4365.73762015111,1207,2702,1955
4364.873340781524,4364.748340781524,4364.998340781524,805,902,854
4364.105163177713,4363.980163177713,4364.230163177713,1172,441,807
4363.636758094268,4363.386758094268,4363.886758094268,1114,1225,1170
4363.277186998945,4362.902186998945,4363.652186998945,2415,872,1644
4362.095793659424,4361.970793659424,4362.220793659424,1283,1952,1618
4360.7696419915355,4360.6446419915355,4360.8946419915355,537,1158,848
4361.9235112177175,4361.7985112177175,4362.0485112177175,1153,1490,1322
4361.238061467095,4361.113061467095,4361.363061467095,1153,2338,1746
4359.911671145905,4359.786671145905,4360.036671145905,1981,1002,1492
4359.498091758549,4359.373091758549,4359.623091758549,1046,569,808
4358.742642798209,4358.492642798209,4358.992642798209,1419,894,1157
4363.107792967704,4362.982792967704,4363.232792967704,982,1807,1395
4360.902331766183,4360.777331766183,4361.027331766183,1748,907,1328
4355.423330172879,4355.173330172879,4355.673330172879,2646,999,1823
4357.6363406342525,4357.5113406342525,4357.7613406342525,1100,623,862
4357.3084314368225,4357.1834314368225,4357.4334314368225,1528,1323,1426
4358.606763489919,4358.481763489919,4358.731763489919,1306,601,954
4360.175660560453,4360.050660560453,4360.300660560453,2527,1310,1919
4361.439903210986,4361.064903210986,4361.814903210986,1943,896,1420
4359.0051412800385,4358.8801412800385,4359.1301412800385,1845,1592,1719
4356.690111983242,4356.565111983242,4356.815111983242,1742,1533,1638
4355.917612673351,4355.667612673351,4356.167612673351,1830,951,1391
4354.842333976951,4354.717333976951,4354.967333976951,1303,1512,1408
4354.379436223705,4354.254436223705,4354.504436223705,1613,1314,1464
4355.72562266359,4355.60062266359,4355.85062266359,1741,1804,1773
4353.787086045899,4353.537086045899,4354.037086045899,1371,2564,1968
4355.8837243512835,4355.7587243512835,4356.0087243512835,512,1173,843
4356.962585114566,4356.712585114566,4357.212585114566,1303,1664,1484
4358.812920306468,4358.562920306468,4359.062920306468,1821,898,1360
4358.214558070465,4358.089558070465,4358.339558070465,2820,1087,1954
4360.508795898772,4360.383795898772,4360.633795898772,1669,988,1329
4358.903793032045,4358.778793032045,4359.028793032045,2236,1205,1721
4359.047324570997,4358.922324570997,4359.172324570997,868,1763,1316
4356.529118540283,4356.279118540283,4356.779118540283,1355,2254,1805
4355.990690897328,4355.740690897328,4356.240690897328,2644,1021,1833
4352.852455568797,4352.727455568797,4352.977455568797,1689,924,1307
4353.669614515113,4353.544614515113,4353.794614515113,2751,932,1842
4352.514924803366,4352.264924803366,4352.764924803366,1468,1411,1440
4356.733871631301,4356.608871631301,4356.858871631301,1155,1570,1363
4358.151651587531,4358.026651587531,4358.276651587531,2151,864,1508
4352.696797091022,4352.446797091022,4352.946797091022,1976,1333,1655
4353.222799526575,4352.847799526575,4353.597799526575,1956,971,1464
4350.5763260128015,4350.4513260128015,4350.7013260128015,1373,1078,1226
4350.432620450362,4350.307620450362,4350.557620450362,1056,2151,1604
4351.66942468204,4351.41942468204,4351.91942468204,615,1618,1117
4352.353392684563,4352.228392684563,4352.478392684563,734,2023,1379
4353.93498896496,4353.80998896496,4354.05998896496,2150,719,1435
4357.220411895463,4357.095411895463,4357.345411895463,1687,1710,1699
4358.775556685171,4358.525556685171,4359.025556685171,1008,1795,1402
4360.297617477355,4360.047617477355,4360.547617477355,1486,941,1214
4362.308704700232,4362.058704700232,4362.558704700232,1752,1355,1554
4364.696167650296,4364.571167650296,4364.821167650296,1196,2539,1868
4364.364658900378,4364.239658900378,4364.489658900378,1491,1864,1678
4365.3864321059555,4365.2614321059555,4365.5114321059555,1441,2360,1901
4368.2056431384135,4367.8306431384135,4368.5806431384135,1638,2199,1919
4370.338956115066,4370.213956115066,4370.463956115066,1703,850,1277
4370.278594974859,4370.153594974859,4370.403594974859,847,2144,1496
4371.149958373648,4371.024958373648,4371.274958373648,1477,1332,1405
4370.425769062458,4370.050769062458,4370.800769062458,1239,2122,1681
4367.776657650679,4367.651657650679,4367.901657650679,1347,1340,1344
4368.228804719093,4367.978804719093,4368.478804719093,874,931,903
4369.410457106435,4369.285457106435,4369.535457106435,2802,1061,1932
4370.426723026325,4370.051723026325,4370.801723026325,1745,2238,1992
4368.55060173967,4368.42560173967,4368.67560173967,1861,630,1246
4365.60395398835,4365.47895398835,4365.72895398835,1406,1161,1284
4363.037213809586,4362.912213809586,4363.162213809586,1558,733,1146
4362.038213077203,4361.913213077203,4362.163213077203,2198,935,1567
4365.339617061187,4365.089617061187,4365.589617061187,2729,934,1832
4363.020599194712,4362.895599194712,4363.145599194712,820,1251,1036
4358.608140252779,4358.358140252779,4358.858140252779,1612,587,1100
4358.359277788933,4358.234277788933,4358.484277788933,870,1847,1359
4359.004811695039,4358.629811695039,4359.379811695039,539,1146,843
4361.498023114741,4361.373023114741,4361.623023114741,1391,1370,1381
4363.538022732018,4363.413022732018,4363.663022732018,1122,1095,1109
4363.893540449564,4363.768540449564,4364.018540449564,908,1619,1264
4362.860036951007,4362.735036951007,4362.985036951007,868,1571,1220
4361.486315787842,4361.361315787842,4361.611315787842,1162,685,924
4361.35806229611,4361.23306229611,4361.48306229611,1523,606,1065
4360.714374108871,4360.589374108871,4360.839374108871,1278,749,1014
4360.406432492734,4360.281432492734,4360.531432492734,1423,1592,1508
4358.740662836219,4358.615662836219,4358.865662836219,1647,830,1239
4358.130802642966,4358.005802642966,4358.255802642966,1897,1930,1914
4356.871886667823,4356.621886667823,4357.121886667823,1869,1128,1499
4358.444163150021,4358.319163150021,4358.569163150021,2024,1071,1548
4357.966203870826,4357.841203870826,4358.091203870826,1042,1059,1051
4356.6111509588945,4356.3611509588945,4356.8611509588945,1667,772,1220
4356.158307623953,4356.033307623953,4356.283307623953,1407,1044,1226
4355.528756411512,4355.278756411512,4355.778756411512,2108,1405,1757
4357.900521292509,4357.775521292509,4358.025521292509,1365,2604,1985
4358.545788156962,4358.295788156962,4358.795788156962,1350,1557,1454
4360.564582821911,4360.439582821911,4360.689582821911,1570,925,1248
4357.699948362227,4357.449948362227,4357.949948362227,1215,2144,1680
4357.0594665887165,4356.8094665887165,4357.3094665887165,1547,878,1213
4360.261358233394,4360.136358233394,4360.386358233394,1889,1560,1725
4360.4284503301005,4360.3034503301005,4360.5534503301005,1797,1258,1528
4362.063272400989,4361.688272400989,4362.438272400989,773,1044,909
4360.83871319017,4360.46371319017,4361.21371319017,2843,1114,1979
4360.006091566086,4359.756091566086,4360.256091566086,1196,681,939
4361.993988949051,4361.743988949051,4362.243988949051,611,1414,1013
4361.476458714838,4361.351458714838,4361.601458714838,1765,996,1381
4359.350033911992,4359.100033911992,4359.600033911992,2495,1038,1767
4361.75045626429,4361.62545626429,4361.87545626429,958,2409,1684
4362.547920115133,4362.297920115133,4362.797920115133,848,1891,1370
4360.644782954155,4360.519782954155,4360.769782954155,723,2024,1374
4357.363804971825,4357.113804971825,4357.613804971825,989,1784,1387
4357.051667019246,4356.926667019246,4357.176667019246,2255,1204,1730
4353.721858428344,4353.596858428344,4353.846858428344,2117,1534,1826
4353.159809589374,4353.034809589374,4353.284809589374,1223,1444,1334
4350.971177242862,4350.596177242862,4351.346177242862,795,890,843
4350.13637776553,4350.01137776553,4350.26137776553,2003,1892,1948
4349.604921570952,4349.354921570952,4349.854921570952,1745,730,1238
4351.8363298483155,4351.7113298483155,4351.9613298483155,729,1036,883
4352.391256426646,4352.266256426646,4352.516256426646,923,978,951
4352.36756032166,4352.11756032166,4352.61756032166,807,862,835
4351.83253748938,4351.70753748938,4351.95753748938,1760,789,1275
4354.236926846669,4353.986926846669,4354.486926846669,735,2032,1384
4351.823475180275,4351.698475180275,4351.948475180275,1164,609,887
4349.8843812963205,4349.5093812963205,4350.2593812963205,1258,775,1017
4348.399883690915,4348.274883690915,4348.524883690915,1435,1748,1592
4348.74577686135,4348.49577686135,4348.99577686135,884,1101,993
4349.481497976179,4349.356497976179,4349.606497976179,1023,2744,1884
4348.877387226089,4348.627387226089,4349.127387226089,1065,896,981
4349.740181001262,4349.490181001262,4349.990181001262,1530,527,1029
4351.597024119927,4351.472024119927,4351.722024119927,1231,2204,1718
4351.5291206818965,4351.4041206818965,4351.6541206818965,864,2023,1444
4351.2194720366815,4351.0944720366815,4351.3444720366815,1068,729,899
4352.348175473926,4352.223175473926,4352.473175473926,2183,1740,1962
4353.150331151111,4352.900331151111,4353.400331151111,1389,1914,1652
4351.2271271417885,4350.9771271417885,4351.4771271417885,1633,1754,1694
4354.274531518508,4354.149531518508,4354.399531518508,763,1134,949
4355.728205124996,4355.603205124996,4355.853205124996,2136,1375,1756
4356.659312573631,4356.534312573631,4356.784312573631,988,2049,1519
4356.237668100906,4356.112668100906,4356.362668100906,887,2188,1538
4357.657563096273,4357.532563096273,4357.782563096273,779,922,851
4357.096016132712,4356.971016132712,4357.221016132712,2409,1330,1870
4355.539555957435,4355.414555957435,4355.664555957435,2211,1276,1744
4355.523275387636,4355.273275387636,4355.773275387636,1056,825,941
4355.784459406373,4355.409459406373,4356.159459406373,2659,958,1809
4359.112253810786,4358.987253810786,4359.237253810786,1389,1372,1381
4359.55797437463,4359.43297437463,4359.68297437463,1192,1081,1137
4359.035973867758,4358.660973867758,4359.410973867758,1527,886,1207
4358.776944044782,4358.651944044782,4358.901944044782,2187,1448,1818
4360.201497791237,4360.076497791237,4360.326497791237,1789,1600,1695
4360.2206476917145,4359.9706476917145,4360.4706476917145,1467,770,1119
4357.988800486293,4357.613800486293,4358.363800486293,922,1365,1144
4358.239150491891,4358.114150491891,4358.364150491891,1550,1201,1376
4355.518961276426,4355.268961276426,4355.768961276426,1358,2029,1694
4356.4930500018,4356.2430500018,4356.7430500018,752,2139,1446
4354.720996627866,4354.595996627866,4354.845996627866,540,1321,931
4353.064831342555,4352.689831342555,4353.439831342555,1313,1396,1355
4353.410659176179,4353.160659176179,4353.660659176179,1236,1411,1324
4350.5216433247215,4350.3966433247215,4350.6466433247215,1537,2138,1838
4351.309459918748,4351.184459918748,4351.434459918748,1067,822,945
4350.866613228766,4350.616613228766,4351.116613228766,2274,869,1572
4347.999497016912,4347.749497016912,4348.249497016912,2652,1061,1857
4348.062256196521,4347.937256196521,4348.187256196521,1212,1153,1183
4348.692126778306,4348.317126778306,4349.067126778306,1622,757,1190
4350.510042013795,4350.385042013795,4350.635042013795,1766,1371,1569
4350.424958107991,4350.299958107991,4350.549958107991,2365,944,1655
4351.149781365203,4350.899781365203,4351.399781365203,1196,1457,1327
4350.655827080255,4350.405827080255,4350.905827080255,1643,1888,1766
4349.853371095362,4349.728371095362,4349.978371095362,501,1350,926
4348.094838714401,4347.969838714401,4348.219838714401,1783,1892,1838
4347.0721364396895,4346.9471364396895,4347.1971364396895,1320,2277,1799
4347.8561886918205,4347.7311886918205,4347.9811886918205,860,1417,1139
4346.255177368061,4346.130177368061,4346.380177368061,1701,1012,1357
4344.812558533049,4344.687558533049,4344.937558533049,491,1460,976
4347.379065988782,4347.254065988782,4347.504065988782,2261,1572,1917
4347.906837145218,4347.656837145218,4348.156837145218,1310,1667,1489
4347.6498944585965,4347.5248944585965,4347.7748944585965,592,1613,1103
4348.496978057462,4348.371978057462,4348.621978057462,1563,2248,1906
4350.846623419066,4350.471623419066,4351.221623419066,1246,2121,1684
4349.240450485556,4348.990450485556,4349.490450485556,2077,1130,1604
4349.348535593732,4348.973535593732,4349.723535593732,2109,1316,1713
4349.128154097263,4349.003154097263,4349.253154097263,2321,1558,1940
4349.5450172154415,4349.4200172154415,4349.6700172154415,545,1590,1068
4350.944405719497,4350.694405719497,4351.194405719497,2044,1735,1890
4353.249327537065,4353.124327537065,4353.374327537065,769,1546,1158
4351.3777270293285,4351.0027270293285,4351.7527270293285,695,1738,1217
4351.56830732996,4351.44330732996,4351.69330732996,2426,1509,1968
4351.037633530519,4350.912633530519,4351.162633530519,1604,1649,1627
4351.08369229732,4350.95869229732,4351.20869229732,1218,1565,1392
4349.326284137582,4349.201284137582,4349.451284137582,1823,846,1335
4352.347571135186,4352.222571135186,4352.472571135186,1160,2633,1897
4353.465097498521,4353.090097498521,4353.840097498521,725,1548,1137
4354.205092127461,4354.080092127461,4354.330092127461,940,1081,1011
4355.993110927079,4355.618110927079,4356.368110927079,1669,590,1130
4356.91859028937,4356.79359028937,4357.04359028937,1429,2396,1913
4356.972687112087,4356.722687112087,4357.222687112087,1524,1123,1324
4357.680370997551,4357.555370997551,4357.805370997551,1649,2200,1925
4357.64592170382,4357.39592170382,4357.89592170382,2306,1243,1775
4358.88011433412,4358.75511433412,4359.00511433412,1958,1065,1512
4357.901385958689,4357.776385958689,4358.026385958689,1726,871,1299
4356.331363128413,4356.081363128413,4356.581363128413,1292,809,1051
4358.601428891079,4358.226428891079,4358.976428891079,1594,1789,1692
4357.371349391651,4357.246349391651,4357.496349391651,1466,1591,1529
4353.932203411494,4353.682203411494,4354.182203411494,1441,2544,1993
4354.188654485063,4354.063654485063,4354.313654485063,1768,1011,1390
4355.101065104351,4354.726065104351,4355.476065104351,1117,788,953
4355.621012311455,4355.496012311455,4355.746012311455,2317,1480,1899
4354.01768991349,4353.89268991349,4354.14268991349,1450,2001,1726
4352.217702814413,4351.967702814413,4352.467702814413,678,1203,941
4352.891177312315,4352.641177312315,4353.141177312315,951,902,927
4355.305714064775,4355.180714064775,4355.430714064775,1610,1473,1542
4352.623284090528,4352.498284090528,4352.748284090528,1146,473,810
4355.083553067166,4354.958553067166,4355.208553067166,1028,1441,1235
4354.777404128602,4354.527404128602,4355.027404128602,1154,531,843
4355.326711339928,4355.076711339928,4355.576711339928,639,1674,1157
4355.856145070279,4355.731145070279,4355.981145070279,1310,1843,1577
4356.068117505526,4355.943117505526,4356.193117505526,636,1809,1223
4357.1013374402955,4356.9763374402955,4357.2263374402955,1607,942,1275
4357.582176228944,4357.457176228944,4357.707176228944,2155,1356,1756
4360.2603928533545,4360.1353928533545,4360.3853928533545,1340,1983,1662
4359.386275833932,4359.261275833932,4359.511275833932,594,1351,973
4357.986509057752,4357.861509057752,4358.111509057752,1450,1483,1467
4356.6156546084,4356.3656546084,4356.8656546084,1250,421,836
4354.6163652198065,4354.3663652198065,4354.8663652198065,482,1199,841
4357.147936662865,4357.022936662865,4357.272936662865,1568,853,1211
4357.435769419193,4357.310769419193,4357.560769419193,2287,1274,1781
4356.002038963863,4355.877038963863,4356.127038963863,2600,1363,1982
4353.717705338348,4353.467705338348,4353.967705338348,1479,652,1066
4355.1343222534015,4355.0093222534015,4355.2593222534015,1370,2263,1817
4355.184968572876,4354.934968572876,4355.434968572876,1435,1956,1696
4354.751103838136,4354.626103838136,4354.876103838136,670,1027,849
4356.845549195302,4356.720549195302,4356.970549195302,1261,1534,1398
4358.449291916313,4358.199291916313,4358.699291916313,952,981,967
4358.044982568704,4357.919982568704,4358.169982568704,983,1270,1127
4357.501046173405,4357.376046173405,4357.626046173405,574,1387,981
4355.7707816844295,4355.6457816844295,4355.8957816844295,856,2011,1434
4354.242976312273,4354.117976312273,4354.367976312273,902,1025,964
4354.395858462574,4354.145858462574,4354.645858462574,831,1684,1258
4354.357050164847,4354.107050164847,4354.607050164847,2388,985,1687
4354.886679690903,4354.636679690903,4355.136679690903,1545,2116,1831
4358.077699483766,4357.952699483766,4358.202699483766,853,952,903
4359.17975315261,4359.05475315261,4359.30475315261,1352,2311,1832
4358.6323990793335,4358.2573990793335,4359.0073990793335,1341,2272,1807
4358.503673343063,4358.378673343063,4358.628673343063,1272,2331,1802
4358.183651100306,4357.933651100306,4358.433651100306,1483,1020,1252
4355.83422040206,4355.58422040206,4356.08422040206,1108,2055,1582
4355.162218813376,4355.037218813376,4355.287218813376,825,1898,1362
4354.335305474157,4354.210305474157,4354.460305474157,922,2467,1695
4357.214491947153,4356.964491947153,4357.464491947153,1451,522,987
4358.856130551235,4358.731130551235,4358.981130551235,2353,1464,1909
4359.675051274538,4359.425051274538,4359.925051274538,1249,1484,1367
4359.780730667129,4359.655730667129,4359.905730667129,2377,972,1675
4360.338176150639,4360.213176150639,4360.463176150639,990,1703,1347
4361.169883076894,4361.044883076894,4361.294883076894,1319,2626,1973
4361.755764889716,4361.505764889716,4362.005764889716,1192,1321,1257
4363.041807767629,4362.916807767629,4363.166807767629,2597,1048,1823
4365.026435777394,4364.776435777394,4365.276435777394,1463,782,1123
4363.603806633614,4363.353806633614,4363.853806633614,1161,590,876
4363.098794379758,4362.848794379758,4363.348794379758,2749,1090,1920
4361.425693285751,4361.050693285751,4361.800693285751,1621,1614,1618
4364.844061249083,4364.594061249083,4365.094061249083,861,2334,1598
4367.432132702587,4367.182132702587,4367.682132702587,1285,1212,1249
4367.641741261768,4367.516741261768,4367.766741261768,1013,730,872
4367.5385496093495,4367.4135496093495,4367.6635496093495,876,1351,1114
4368.998065334989,4368.873065334989,4369.123065334989,1458,1127,1293
4372.144859748587,4371.894859748587,4372.394859748587,1425,1636,1531
4370.86168366492,4370.61168366492,4371.11168366492,1200,1795,1498
4372.448127347716,4372.323127347716,4372.573127347716,2092,1737,1915
