close,bid,ask,bid_volume,ask_volume,volume
4497.448863747804,4497.323863747804,4497.573863747804,1181,1780,1481
4498.3130917076405,4498.1880917076405,4498.4380917076405,923,2610,1767
4494.9685772566545,4494.8435772566545,4495.0935772566545,898,1537,1218
4493.948318001762,4493.823318001762,4494.073318001762,2030,1513,1772
4495.212596511643,4495.087596511643,4495.337596511643,964,1685,1325
4493.3644174968795,4493.1144174968795,4493.6144174968795,1719,846,1283
4496.247020443338,4496.122020443338,4496.372020443338,2475,1320,1898
4496.95739701978,4496.83239701978,4497.08239701978,2181,1130,1656
4498.277005386334,4498.152005386334,4498.402005386334,1039,1418,1229
4502.27483237432,4502.02483237432,4502.52483237432,985,1014,1000
4505.766190995497,4505.641190995497,4505.891190995497,441,1296,869
4504.309780526587,4504.059780526587,4504.559780526587,2573,1344,1959
4505.483337422154,4505.358337422154,4505.608337422154,977,1478,1228
4505.436253174303,4505.186253174303,4505.686253174303,718,1163,941
4506.52620573472,4506.40120573472,4506.65120573472,1355,2638,1997
4507.609048899022,4507.484048899022,4507.734048899022,1966,1357,1662
4511.1236886905035,4510.8736886905035,4511.3736886905035,1184,2247,1716
4510.717315712831,4510.467315712831,4510.967315712831,598,1247,923
4515.870715117973,4515.745715117973,4515.995715117973,1797,1236,1517
4514.621140829745,4514.496140829745,4514.746140829745,1869,1938,1904
4514.188543172247,4514.063543172247,4514.313543172247,805,856,831
4512.811403235363,4512.436403235363,4513.186403235363,1000,731,866
4513.594957588798,4513.344957588798,4513.844957588798,2184,1721,1953
4512.971549906467,4512.846549906467,4513.096549906467,1125,1840,1483
4514.0210991968725,4513.7710991968725,4514.2710991968725,1378,577,978
4512.209823910657,4511.959823910657,4512.459823910657,769,1224,997
4514.705122569362,4514.455122569362,4514.955122569362,672,1989,1331
4518.713515907388,4518.588515907388,4518.838515907388,983,2036,1510
4522.0312097632695,4521.9062097632695,4522.1562097632695,1932,1041,1487
4518.974076554196,4518.849076554196,4519.099076554196,1936,2029,1983
4516.600717417501,4516.475717417501,4516.725717417501,1145,1464,1305
4516.313656651801,4515.938656651801,4516.688656651801,1780,849,1315
4516.262884378363,4516.137884378363,4516.387884378363,1783,1390,1587
4516.753271713699,4516.628271713699,4516.878271713699,995,1172,1084
4515.477799327708,4515.352799327708,4515.602799327708,1543,1576,1560
4514.769333231696,4514.644333231696,4514.894333231696,1722,1097,1410
4513.426961642931,4513.176961642931,4513.676961642931,1366,2369,1868
4513.938308238934,4513.688308238934,4514.188308238934,1652,2023,1838
4512.834100118478,4512.709100118478,4512.959100118478,2155,1116,1636
4514.0041626622005,4513.8791626622005,4514.1291626622005,1708,1705,1707
4514.063232238355,4513.813232238355,4514.313232238355,2430,1299,1865
4516.03177304335,4515.90677304335,4516.15677304335,2598,1105,1852
4513.959628193124,4513.709628193124,4514.209628193124,2302,1415,1859
4514.771173793973,4514.521173793973,4515.021173793973,1143,1598,1371
4514.082401637038,4513.957401637038,4514.207401637038,2303,824,1564
4514.67171199134,4514.54671199134,4514.79671199134,2150,1327,1739
4514.642371797532,4514.517371797532,4514.767371797532,1595,2032,1814
4518.578073773786,4518.328073773786,4518.828073773786,2267,1438,1853
4520.762342678517,4520.637342678517,4520.887342678517,1799,1256,1528
4521.804430780555,4521.679430780555,4521.929430780555,741,2142,1442
4519.585086038412,4519.460086038412,4519.710086038412,1833,1112,1473
4518.968911556165,4518.843911556165,4519.093911556165,1266,905,1086
4519.846678403381,4519.721678403381,4519.971678403381,1454,663,1059
4519.616249888947,4519.366249888947,4519.866249888947,1697,2260,1979
4514.60804316066,4514.35804316066,4514.85804316066,896,1467,1182
4515.506643927313,4515.381643927313,4515.631643927313,835,1126,981
4515.399302458749,4515.274302458749,4515.524302458749,1836,723,1280
4517.311904766534,4517.186904766534,4517.436904766534,1212,1387,1300
4521.550540855586,4521.425540855586,4521.675540855586,1019,1434,1227
4519.749780744008,4519.499780744008,4519.999780744008,2181,1224,1703
4520.58734179038,4520.21234179038,4520.96234179038,1009,1816,1413
4522.173331449516,4522.048331449516,4522.298331449516,981,1080,1031
4523.640018921471,4523.515018921471,4523.765018921471,1224,2427,1826
4524.558585055287,4524.433585055287,4524.683585055287,814,1353,1084
4524.427378026835,4524.302378026835,4524.552378026835,1528,1931,1730
4525.8936607347805,4525.7686607347805,4526.0186607347805,1297,656,977
4526.331270472058,4526.081270472058,4526.581270472058,1480,927,1204
4526.856631785707,4526.731631785707,4526.981631785707,735,1782,1259
4528.2713487209685,4528.1463487209685,4528.3963487209685,2083,816,1450
4528.054872588065,4527.804872588065,4528.304872588065,720,1185,953
4523.842315091564,4523.592315091564,4524.092315091564,983,2284,1634
4526.707202432933,4526.582202432933,4526.832202432933,817,1048,933
4525.421262496841,4525.046262496841,4525.796262496841,1777,2208,1993
4526.049360922218,4525.924360922218,4526.174360922218,2237,1384,1811
4528.616005221445,4528.491005221445,4528.741005221445,1221,1414,1318
4527.902270734366,4527.527270734366,4528.277270734366,880,937,909
4526.613198768598,4526.488198768598,4526.738198768598,687,1464,1076
4523.615654387083,4523.365654387083,4523.865654387083,1204,2607,1906
4522.972331434404,4522.847331434404,4523.097331434404,1560,1323,1442
4520.297282289067,4520.047282289067,4520.547282289067,1555,1472,1514
4519.884436355964,4519.634436355964,4520.134436355964,1034,1283,1159
4519.650680600382,4519.525680600382,4519.775680600382,604,1165,885
4521.388603619084,4521.138603619084,4521.638603619084,645,1816,1231
4518.554047654132,4518.429047654132,4518.679047654132,1173,1822,1498
4516.778214129627,4516.528214129627,4517.028214129627,1830,675,1253
4516.829236848063,4516.704236848063,4516.954236848063,939,2494,1717
4515.807031343564,4515.432031343564,4516.182031343564,1499,2396,1948
4516.381911909129,4516.256911909129,4516.506911909129,2437,974,1706
4517.629216594211,4517.379216594211,4517.879216594211,1116,2725,1921
4521.500289149354,4521.250289149354,4521.750289149354,602,1743,1173
4522.924614122226,4522.674614122226,4523.174614122226,1524,2143,1834
4517.398258298985,4517.023258298985,4517.773258298985,1264,1847,1556
4516.030946185586,4515.905946185586,4516.155946185586,1358,1983,1671
4518.490068327295,4518.365068327295,4518.615068327295,1344,1615,1480
4516.43141567929,4516.05641567929,4516.80641567929,1048,791,920
4515.897193800268,4515.772193800268,4516.022193800268,1403,910,1157
4518.148556379023,4517.898556379023,4518.398556379023,2255,878,1567
4517.732404090776,4517.357404090776,4518.107404090776,1304,1073,1189
4514.283306560975,4514.033306560975,4514.533306560975,576,1079,828
4512.630398282913,4512.505398282913,4512.755398282913,1448,1369,1409
4511.2426818066515,4510.8676818066515,4511.6176818066515,1205,458,832
4509.3434041616965,4509.2184041616965,4509.4684041616965,742,1075,909
4509.471233140114,4509.346233140114,4509.596233140114,810,923,867
4506.458047257949,4506.333047257949,4506.583047257949,716,2133,1425
4506.64765892739,4506.52265892739,4506.77265892739,620,1601,1111
4507.1717348412985,4507.0467348412985,4507.2967348412985,1896,1809,1853
4504.737725625332,4504.612725625332,4504.862725625332,1070,1855,1463
4507.1127013277455,4506.9877013277455,4507.2377013277455,2670,923,1797
4504.69369249294,4504.56869249294,4504.81869249294,1132,697,915
4502.723956146177,4502.348956146177,4503.098956146177,825,1806,1316
4502.805133011024,4502.680133011024,4502.930133011024,1082,817,950
4499.074698867709,4498.949698867709,4499.199698867709,1512,2281,1897
4499.635705769003,4499.510705769003,4499.760705769003,2383,1108,1746
4498.55279747041,4498.30279747041,4498.80279747041,573,1712,1143
4496.499102155958,4496.249102155958,4496.749102155958,1221,1090,1156
4496.4630845376205,4496.3380845376205,4496.5880845376205,1334,823,1079
4496.98019666868,4496.85519666868,4497.10519666868,1057,764,911
4495.323221152565,4494.948221152565,4495.698221152565,1926,1323,1625
4494.364430432013,4494.239430432013,4494.489430432013,1635,1560,1598
4497.5915141026135,4497.2165141026135,4497.9665141026135,1287,1220,1254
4497.145768291384,4496.895768291384,4497.395768291384,777,1368,1073
4495.93086160818,4495.80586160818,4496.05586160818,837,1356,1097
4491.637667673528,4491.512667673528,4491.762667673528,1793,986,1390
4485.347434694284,4484.972434694284,4485.722434694284,2222,1061,1642
4483.433508304864,4483.183508304864,4483.683508304864,1227,2004,1616
4485.728193123963,4485.603193123963,4485.853193123963,1405,1918,1662
4489.108614040012,4488.983614040012,4489.233614040012,912,737,825
4493.530258093701,4493.405258093701,4493.655258093701,1390,1593,1492
4492.883868355515,4492.758868355515,4493.008868355515,1152,2479,1816
4493.368086828859,4493.243086828859,4493.493086828859,1743,1916,1830
4493.571986152593,4493.321986152593,4493.821986152593,854,1389,1122
4491.734420814456,4491.609420814456,4491.859420814456,760,1363,1062
4496.384171415241,4496.134171415241,4496.634171415241,864,1037,951
4494.100671124184,4493.975671124184,4494.225671124184,937,1854,1396
4491.353080258575,4491.103080258575,4491.603080258575,888,947,918
4495.141086553337,4494.891086553337,4495.391086553337,877,802,840
4497.5519145913795,4497.4269145913795,4497.6769145913795,1010,1751,1381
4496.961689574719,4496.836689574719,4497.086689574719,658,1871,1265
4497.841929023923,4497.466929023923,4498.216929023923,1126,703,915
4498.620232657402,4498.370232657402,4498.870232657402,2469,1472,1971
4493.186857059448,4492.936857059448,4493.436857059448,667,1768,1218
4490.885349564388,4490.760349564388,4491.010349564388,1476,745,1111
4488.016222876804,4487.891222876804,4488.141222876804,1193,2278,1736
4483.756184939729,4483.381184939729,4484.131184939729,1642,1355,1499
4485.5034754835015,4485.2534754835015,4485.7534754835015,1174,515,845
4483.991661240419,4483.866661240419,4484.116661240419,751,1832,1292
4485.709378788247,4485.584378788247,4485.834378788247,2416,891,1654
4487.540430358838,4487.290430358838,4487.790430358838,834,823,829
4491.373116458804,4491.248116458804,4491.498116458804,2641,1202,1922
4494.098581824768,4493.973581824768,4494.223581824768,2406,1193,1800
4496.280412278293,4496.155412278293,4496.405412278293,1661,574,1118
4495.742636634858,4495.492636634858,4495.992636634858,1139,1610,1375
4497.0562592170845,4496.9312592170845,4497.1812592170845,1286,735,1011
4495.246190142992,4495.121190142992,4495.371190142992,1985,1162,1574
4497.042155042456,4496.917155042456,4497.167155042456,2318,1173,1746
4496.292893362163,4496.042893362163,4496.542893362163,907,756,832
4497.39216718581,4497.26716718581,4497.51716718581,1270,707,989
4497.138150841707,4497.013150841707,4497.263150841707,626,1855,1241
4497.549054744399,4497.299054744399,4497.799054744399,940,2155,1548
4497.712347976327,4497.587347976327,4497.837347976327,2128,1239,1684
4495.779390346571,4495.654390346571,4495.904390346571,1254,1237,1246
4499.221556478367,4499.096556478367,4499.346556478367,1063,1348,1206
4497.931632790418,4497.806632790418,4498.056632790418,946,2365,1656
4497.984796579351,4497.734796579351,4498.234796579351,555,1062,809
4502.430969124477,4502.305969124477,4502.555969124477,2806,963,1885
4506.480107866034,4506.105107866034,4506.855107866034,1321,486,904
4508.950105917639,4508.825105917639,4509.075105917639,1658,1965,1812
4509.847661644215,4509.597661644215,4510.097661644215,1549,2416,1983
4511.803443851783,4511.553443851783,4512.053443851783,1581,2276,1929
4514.164890610085,4514.039890610085,4514.289890610085,1202,833,1018
4513.753453904758,4513.628453904758,4513.878453904758,940,751,846
4512.063478997122,4511.813478997122,4512.313478997122,1869,686,1278
4514.6104422193175,4514.3604422193175,4514.8604422193175,1618,1351,1485
4514.183866306098,4514.058866306098,4514.308866306098,2554,1415,1985
4510.65209973096,4510.40209973096,4510.90209973096,1025,1552,1289
4512.848219682533,4512.723219682533,4512.973219682533,1162,441,802
4512.263149931728,4512.138149931728,4512.388149931728,1412,2017,1715
4511.559037802891,4511.434037802891,4511.684037802891,816,2149,1483
4511.2636829618605,4511.1386829618605,4511.3886829618605,961,2344,1653
4510.265112705309,4510.015112705309,4510.515112705309,731,1090,911
4504.1018446419685,4503.9768446419685,4504.2268446419685,942,737,840
4501.803864386025,4501.678864386025,4501.928864386025,1121,2760,1941
4501.965137430621,4501.715137430621,4502.215137430621,1127,652,890
4500.633321807514,4500.508321807514,4500.758321807514,1232,1763,1498
4499.208031981035,4499.083031981035,4499.333031981035,855,1566,1211
4499.067171710061,4498.817171710061,4499.317171710061,747,1158,953
4500.436258243449,4500.311258243449,4500.561258243449,881,1728,1305
4503.440820270113,4503.315820270113,4503.565820270113,2085,982,1534
4503.7088240099965,4503.4588240099965,4503.9588240099965,1678,1031,1355
4502.350130047979,4502.100130047979,4502.600130047979,2387,1536,1962
4499.371200904151,4499.121200904151,4499.621200904151,1281,1264,1273
4500.177538621538,4499.927538621538,4500.427538621538,628,1253,941
4496.962655955849,4496.837655955849,4497.087655955849,1175,764,970
4494.164992097346,4494.039992097346,4494.289992097346,2081,800,1441
4496.752224629092,4496.627224629092,4496.877224629092,831,844,838
4495.02417576807,4494.64917576807,4495.39917576807,840,1159,1000
4495.6160518155575,4495.4910518155575,4495.7410518155575,2496,1137,1817
4492.244923103093,4492.119923103093,4492.369923103093,1753,2240,1997
4492.227969988017,4492.102969988017,4492.352969988017,1114,657,886
4495.430586969915,4495.305586969915,4495.555586969915,1799,986,1393
4496.025040955826,4495.900040955826,4496.150040955826,1202,787,995
4495.54277690383,4495.41777690383,4495.66777690383,757,870,814
4492.308474022311,4492.183474022311,4492.433474022311,840,1849,1345
4489.818987527852,4489.443987527852,4490.193987527852,2363,1522,1943
4495.615407596615,4495.365407596615,4495.865407596615,2598,1379,1989
4500.21052578586,4500.08552578586,4500.33552578586,1025,1042,1034
4499.362882766352,4499.112882766352,4499.612882766352,1156,1547,1352
4497.880401687309,4497.755401687309,4498.005401687309,1164,1375,1270
4503.34150783665,4503.09150783665,4503.59150783665,1825,1010,1418
4500.274204345931,4500.024204345931,4500.524204345931,1331,2056,1694
4499.890163106211,4499.765163106211,4500.015163106211,1851,2030,1941
4498.685434305804,4498.310434305804,4499.060434305804,515,1234,875
4492.004290422737,4491.879290422737,4492.129290422737,1306,509,908
4490.955216730869,4490.830216730869,4491.080216730869,1769,1446,1608
4495.792694097608,4495.542694097608,4496.042694097608,1120,1219,1170
4493.359865449252,4493.234865449252,4493.484865449252,1798,2187,1993
4491.492184500724,4491.242184500724,4491.742184500724,1262,647,955
4491.3554482322525,4491.2304482322525,4491.4804482322525,1283,646,965
4493.383367629441,4493.258367629441,4493.508367629441,868,2055,1462
4499.47955553277,4499.35455553277,4499.60455553277,1302,1265,1284
4503.187619990042,4502.937619990042,4503.437619990042,863,1738,1301
4504.213522896573,4504.088522896573,4504.338522896573,2409,850,1630
4509.806283983421,4509.681283983421,4509.931283983421,722,1435,1079
4509.361382397646,4509.111382397646,4509.611382397646,724,945,835
4511.209114913033,4511.084114913033,4511.334114913033,809,1822,1316
4507.685968186406,4507.560968186406,4507.810968186406,809,1674,1242
4503.5899325157425,4503.3399325157425,4503.8399325157425,1177,652,915
4504.429697053543,4504.179697053543,4504.679697053543,724,1333,1029
4507.795796689198,4507.670796689198,4507.920796689198,1510,1437,1474
4512.084800836032,4511.959800836032,4512.209800836032,651,1356,1004
4518.175783105437,4517.925783105437,4518.425783105437,2143,1010,1577
4516.893732387117,4516.643732387117,4517.143732387117,654,1213,934
4515.396814109849,4515.146814109849,4515.646814109849,878,1733,1306
4515.536436150291,4515.411436150291,4515.661436150291,758,915,837
4516.868184618601,4516.743184618601,4516.993184618601,1144,795,970
4512.856060751932,4512.481060751932,4513.231060751932,1152,1705,1429
4513.909184187069,4513.784184187069,4514.034184187069,2020,943,1482
4511.790996030485,4511.665996030485,4511.915996030485,1435,1678,1557
4508.691381846144,4508.566381846144,4508.816381846144,1316,657,987
4508.081732939927,4507.956732939927,4508.206732939927,1064,2135,1600
4503.70752070861,4503.58252070861,4503.83252070861,1231,1892,1562
4499.437904084965,4499.312904084965,4499.562904084965,1550,1585,1568
4501.096447111386,4500.971447111386,4501.221447111386,664,1501,1083
4500.392692222628,4500.267692222628,4500.517692222628,2609,1288,1949
4500.578416761954,4500.328416761954,4500.828416761954,743,2152,1448
4496.984872512759,4496.734872512759,4497.234872512759,940,1789,1365
4500.621561021143,4500.496561021143,4500.746561021143,1936,879,1408
4497.551003223311,4497.176003223311,4497.926003223311,2373,1594,1984
4502.26542045602,4501.89042045602,4502.64042045602,1342,2437,1890
4503.735554729315,4503.485554729315,4503.985554729315,983,824,904
4502.1214102179165,4501.8714102179165,4502.3714102179165,1861,1138,1500
4499.907222830625,4499.657222830625,4500.157222830625,1613,806,1210
4497.917898458942,4497.667898458942,4498.167898458942,1124,1235,1180
4489.015726861123,4488.890726861123,4489.140726861123,1589,648,1119
4490.169207510155,4489.919207510155,4490.419207510155,1331,688,1010
4492.728378003189,4492.353378003189,4493.103378003189,544,1521,1033
4496.340710885325,4496.215710885325,4496.465710885325,1968,1953,1961
4489.272444207015,4489.147444207015,4489.397444207015,1908,1101,1505
4489.078450870058,4488.828450870058,4489.328450870058,997,1262,1130
4489.895304956533,4489.770304956533,4490.020304956533,765,1374,1070
4488.046287514061,4487.796287514061,4488.296287514061,1038,1943,1491
4487.008668499644,4486.758668499644,4487.258668499644,2311,1512,1912
4483.9925177117475,4483.8675177117475,4484.1175177117475,831,2284,1558
4492.224313448575,4491.974313448575,4492.474313448575,1923,996,1460
4496.6332383269855,4496.3832383269855,4496.8832383269855,1480,2343,1912
4492.940880339967,4492.690880339967,4493.190880339967,1569,1864,1717
4496.384143058585,4496.134143058585,4496.634143058585,1517,2360,1939
4494.703582930982,4494.578582930982,4494.828582930982,1221,782,1002
4483.797755179622,4483.547755179622,4484.047755179622,716,893,805
4482.407168473941,4482.157168473941,4482.657168473941,2037,1342,1690
4476.974661742863,4476.849661742863,4477.099661742863,1872,1369,1621
4479.675027995876,4479.550027995876,4479.800027995876,1430,2185,1808
4479.034555272074,4478.909555272074,4479.159555272074,943,1850,1397
4476.990841770515,4476.740841770515,4477.240841770515,1533,1742,1638
4478.802872895552,4478.677872895552,4478.927872895552,1025,2812,1919
4478.500233465953,4478.125233465953,4478.875233465953,1615,648,1132
4483.473956931706,4483.348956931706,4483.598956931706,1466,1169,1318
4477.658651590129,4477.533651590129,4477.783651590129,2136,1025,1581
4469.5482977223355,4469.4232977223355,4469.6732977223355,1402,927,1165
4465.846422117146,4465.721422117146,4465.971422117146,2248,829,1539
4460.071615641213,4459.946615641213,4460.196615641213,641,1098,870
4461.835411818608,4461.710411818608,4461.960411818608,2409,846,1628
4459.662649623939,4459.537649623939,4459.787649623939,727,1134,931
4452.817509686176,4452.692509686176,4452.942509686176,475,1200,838
4453.445025739806,4453.320025739806,4453.570025739806,1427,602,1015
4450.123182004357,4449.998182004357,4450.248182004357,1432,1041,1237
4452.126615019043,4452.001615019043,4452.251615019043,1288,2281,1785
4449.7196679021245,4449.5946679021245,4449.8446679021245,1336,2041,1689
4442.379589936689,4442.129589936689,4442.629589936689,1860,1225,1543
4446.89393140203,4446.76893140203,4447.01893140203,705,2048,1377
4446.086918225714,4445.836918225714,4446.336918225714,2152,1043,1598
4444.117929135747,4443.992929135747,4444.242929135747,1535,1686,1611
4441.695727736965,4441.570727736965,4441.820727736965,1393,2306,1850
4441.2465391330825,4440.9965391330825,4441.4965391330825,1611,1102,1357
4440.081013734198,4439.956013734198,4440.206013734198,1462,2037,1750
4436.978177276367,4436.853177276367,4437.103177276367,801,890,846
4437.888125429785,4437.638125429785,4438.138125429785,1448,2399,1924
4439.864951432367,4439.739951432367,4439.989951432367,2052,957,1505
4434.5476290746265,4434.4226290746265,4434.6726290746265,1030,2661,1846
4435.576322907608,4435.451322907608,4435.701322907608,563,1270,917
4436.676839945818,4436.426839945818,4436.926839945818,1840,1655,1748
4438.534453968354,4438.159453968354,4438.909453968354,1792,2155,1974
4434.142824519119,4434.017824519119,4434.267824519119,1232,1895,1564
4435.712276761096,4435.587276761096,4435.837276761096,1140,1105,1123
4435.888136080848,4435.763136080848,4436.013136080848,897,800,849
4442.417785782451,4442.292785782451,4442.542785782451,1337,2122,1730
4445.892298041647,4445.642298041647,4446.142298041647,2289,1152,1721
4438.473239171348,4438.098239171348,4438.848239171348,1128,2683,1906
4440.729304868664,4440.354304868664,4441.104304868664,1518,1963,1741
4437.326725118489,4437.201725118489,4437.451725118489,758,1353,1056
4437.3192357015505,4437.0692357015505,4437.5692357015505,1990,801,1396
4438.557837187217,4438.307837187217,4438.807837187217,1058,2049,1554
4442.977964728634,4442.852964728634,4443.102964728634,1230,1201,1216
4449.441896571914,4449.191896571914,4449.691896571914,1727,2110,1919
4448.521808845662,4448.396808845662,4448.646808845662,1162,1675,1419
4457.975136023805,4457.850136023805,4458.100136023805,1954,1033,1494
4456.897786266309,4456.647786266309,4457.147786266309,1153,554,854
4457.121225276036,4456.996225276036,4457.246225276036,1193,572,883
4457.986269378786,4457.611269378786,4458.361269378786,1687,2134,1911
4451.933671945948,4451.808671945948,4452.058671945948,790,2019,1405
4450.033700474353,4449.783700474353,4450.283700474353,1735,724,1230
4454.25492846399,4454.12992846399,4454.37992846399,1275,2112,1694
4452.694782400561,4452.569782400561,4452.819782400561,829,1716,1273
4452.128895487607,4451.878895487607,4452.378895487607,696,941,819
4458.09407141083,4457.96907141083,4458.21907141083,1315,1026,1171
4455.906730246031,4455.531730246031,4456.281730246031,1380,1159,1270
4453.331312600503,4453.206312600503,4453.456312600503,1864,1427,1646
4453.513765658287,4453.263765658287,4453.763765658287,1875,714,1295
4457.388403443462,4457.263403443462,4457.513403443462,1818,1431,1625
4459.3525842698255,4459.2275842698255,4459.4775842698255,1754,929,1342
4457.636384693204,4457.511384693204,4457.761384693204,659,1686,1173
4461.363092747195,4461.113092747195,4461.613092747195,1859,776,1318
4460.500138097171,4460.250138097171,4460.750138097171,2207,1620,1914
4457.987833376602,4457.862833376602,4458.112833376602,2160,1481,1821
4455.355893441817,4455.230893441817,4455.480893441817,999,1668,1334
4456.666086122704,4456.416086122704,4456.916086122704,1353,1854,1604
4456.357326836999,4456.232326836999,4456.482326836999,2702,949,1826
4461.119689851716,4460.869689851716,4461.369689851716,1479,1492,1486
4465.823698951368,4465.448698951368,4466.198698951368,661,1670,1166
4460.43866412597,4460.31366412597,4460.56366412597,569,1356,963
4460.028262609386,4459.903262609386,4460.153262609386,2081,1512,1797
4456.016379922288,4455.641379922288,4456.391379922288,1203,858,1031
4456.482290474967,4456.357290474967,4456.607290474967,1344,1613,1479
4453.612834566255,4453.487834566255,4453.737834566255,1074,689,882
4458.023125764969,4457.773125764969,4458.273125764969,1978,1203,1591
4453.253453214717,4453.128453214717,4453.378453214717,1230,1749,1490
4451.757406747673,4451.632406747673,4451.882406747673,1094,1137,1116
4449.593188217236,4449.343188217236,4449.843188217236,1524,1543,1534
4448.771856585471,4448.521856585471,4449.021856585471,642,997,820
4451.605670414109,4451.480670414109,4451.730670414109,1990,895,1443
4453.576042328448,4453.326042328448,4453.826042328448,2131,892,1512
4449.067121582096,4448.942121582096,4449.192121582096,1428,1977,1703
4452.6618005685805,4452.5368005685805,4452.7868005685805,1336,1625,1481
4453.261007056618,4453.136007056618,4453.386007056618,1203,1762,1483
4456.838089016905,4456.588089016905,4457.088089016905,815,2294,1555
4452.73432249198,4452.60932249198,4452.85932249198,1002,2797,1900
4450.533907362525,4450.408907362525,4450.658907362525,1746,769,1258
4444.687807283909,4444.437807283909,4444.937807283909,1471,490,981
4446.1300281029435,4446.0050281029435,4446.2550281029435,1939,1690,1815
4446.113533605771,4445.988533605771,4446.238533605771,1835,1652,1744
4450.065047781839,4449.815047781839,4450.315047781839,706,1183,945
4450.850178526628,4450.725178526628,4450.975178526628,823,1200,1012
4453.282351799173,4453.157351799173,4453.407351799173,1210,1703,1457
4450.629538144274,4450.379538144274,4450.879538144274,1350,535,943
4456.127752303084,4456.002752303084,4456.252752303084,1500,981,1241
4460.228245415231,4459.978245415231,4460.478245415231,2389,1596,1993
4461.820748958195,4461.570748958195,4462.070748958195,1793,758,1276
4455.601100743039,4455.226100743039,4455.976100743039,823,1928,1376
4455.815985750356,4455.690985750356,4455.940985750356,1596,1209,1403
4456.238015842551,4456.113015842551,4456.363015842551,1638,1509,1574
4458.344920071012,4458.219920071012,4458.469920071012,1385,554,970
4455.557301353204,4455.307301353204,4455.807301353204,1406,1241,1324
4457.031873195103,4456.781873195103,4457.281873195103,863,910,887
4455.786527469824,4455.536527469824,4456.036527469824,1324,1159,1242
4461.437140714579,4461.312140714579,4461.562140714579,1518,1939,1729
4460.374049484848,4460.124049484848,4460.624049484848,817,2120,1469
4459.334820726929,4459.209820726929,4459.459820726929,1675,1738,1707
4461.481345091495,4461.356345091495,4461.606345091495,2756,1175,1966
4463.393013981692,4463.268013981692,4463.518013981692,1279,2264,1772
4463.911326869049,4463.786326869049,4464.036326869049,733,1980,1357
4459.353020522448,4459.228020522448,4459.478020522448,1535,1792,1664
4452.902359220251,4452.527359220251,4453.277359220251,1497,1558,1528
4449.712331197217,4449.587331197217,4449.837331197217,2354,1351,1853
4452.093643877868,4451.843643877868,4452.343643877868,1919,1850,1885
4451.206604362603,4451.081604362603,4451.331604362603,1102,2179,1641
4452.0364317763315,4451.7864317763315,4452.2864317763315,1011,2576,1794
4456.429636972748,4456.304636972748,4456.554636972748,842,1103,973
4456.430383308633,4456.180383308633,4456.680383308633,1407,678,1043
4464.763183490792,4464.638183490792,4464.888183490792,2551,1192,1872
4460.5064477637625,4460.2564477637625,4460.7564477637625,1299,2468,1884
4457.6738457328065,4457.5488457328065,4457.7988457328065,2270,901,1586
4459.0218695081785,4458.8968695081785,4459.1468695081785,1659,1728,1694
4464.82650803405,4464.57650803405,4465.07650803405,2298,1663,1981
4466.648153698393,4466.398153698393,4466.898153698393,1450,539,995
4471.083401693736,4470.708401693736,4471.458401693736,1545,1646,1596
4467.949893627259,4467.699893627259,4468.199893627259,1574,1487,1531
4473.761634821971,4473.636634821971,4473.886634821971,1031,954,993
4471.891481261949,4471.516481261949,4472.266481261949,1419,932,1176
4468.016241891748,4467.891241891748,4468.141241891748,1683,2292,1988
4467.732537898578,4467.482537898578,4467.982537898578,677,956,817
4474.057292592333,4473.932292592333,4474.182292592333,972,1307,1140
4481.6888924188,4481.3138924188,4482.0638924188,2185,1404,1795
4480.780039150898,4480.655039150898,4480.905039150898,733,1008,871
4485.843514702969,4485.718514702969,4485.968514702969,1325,1394,1360
4485.90513860263,4485.78013860263,4486.03013860263,1031,942,987
4489.215674688168,4488.965674688168,4489.465674688168,1553,1620,1587
4485.925064697522,4485.800064697522,4486.050064697522,1711,1456,1584
4479.623866705836,4479.248866705836,4479.998866705836,967,1148,1058
4475.974341833187,4475.599341833187,4476.349341833187,1577,930,1254
4473.046683401258,4472.921683401258,4473.171683401258,611,1752,1182
4474.662299388596,4474.537299388596,4474.787299388596,1289,2254,1772
4474.666068613571,4474.291068613571,4475.041068613571,935,2720,1828
4476.049094234174,4475.924094234174,4476.174094234174,1648,2143,1896
4475.9243203380865,4475.7993203380865,4476.0493203380865,939,2394,1667
4477.0699873712765,4476.8199873712765,4477.3199873712765,1470,627,1049
4479.161267429785,4478.911267429785,4479.411267429785,1962,1089,1526
4474.630139822465,4474.380139822465,4474.880139822465,1371,1674,1523
4465.832650751318,4465.707650751318,4465.957650751318,1161,612,887
4459.747340515971,4459.622340515971,4459.872340515971,1970,691,1331
4463.004749799534,4462.879749799534,4463.129749799534,1693,876,1285
4464.268496239143,4464.018496239143,4464.518496239143,1600,1401,1501
4464.521974231815,4464.146974231815,4464.896974231815,1397,2486,1942
4464.4913555327485,4464.2413555327485,4464.7413555327485,975,1938,1457
4467.365204240503,4467.240204240503,4467.490204240503,2180,1583,1882
4465.846726998892,4465.721726998892,4465.971726998892,1257,2118,1688
4469.389590172558,4469.139590172558,4469.639590172558,1775,828,1302
4475.077294063254,4474.952294063254,4475.202294063254,1033,812,923
4478.736499219654,4478.486499219654,4478.986499219654,1744,1251,1498
4478.618496296544,4478.368496296544,4478.868496296544,632,1835,1234
4479.224920366045,4478.974920366045,4479.474920366045,834,1353,1094
4480.061981041616,4479.936981041616,4480.186981041616,2456,1279,1868
4476.820462935178,4476.695462935178,4476.945462935178,645,1356,1001
4472.501440569878,4472.376440569878,4472.626440569878,1166,2125,1646
4473.242942848893,4472.992942848893,4473.492942848893,1384,1705,1545
4476.943019640988,4476.818019640988,4477.068019640988,2424,1003,1714
4477.488678324372,4477.113678324372,4477.863678324372,2459,1102,1781
4474.561525658013,4474.436525658013,4474.686525658013,609,1514,1062
4475.53998804258,4475.41498804258,4475.66498804258,1312,831,1072
4476.217754792745,4476.092754792745,4476.342754792745,1547,1616,1582
4480.507010869178,4480.382010869178,4480.632010869178,1751,1154,1453
4473.5378416864305,4473.2878416864305,4473.7878416864305,1891,1190,1541
4475.316912050943,4475.191912050943,4475.441912050943,781,1208,995
4481.486607047269,4481.361607047269,4481.611607047269,1235,960,1098
4477.844352480418,4477.719352480418,4477.969352480418,899,2122,1511
4475.970563424517,4475.845563424517,4476.095563424517,809,1476,1143
4481.80020082846,4481.67520082846,4481.92520082846,1200,691,946
4481.113425078471,4480.863425078471,4481.363425078471,2071,1794,1933
4474.592951422421,4474.467951422421,4474.717951422421,1585,952,1269
4473.71013234132,4473.46013234132,4473.96013234132,2393,1578,1986
4465.422300280236,4465.047300280236,4465.797300280236,810,2013,1412
4459.8185851945,4459.5685851945,4460.0685851945,1580,1469,1525
4461.452267941115,4461.202267941115,4461.702267941115,1190,2181,1686
4457.340361603428,4457.090361603428,4457.590361603428,2277,1044,1661
4455.764489902276,4455.639489902276,4455.889489902276,1875,1046,1461
4453.775660676014,4453.650660676014,4453.900660676014,752,1269,1011
4453.918256370179,4453.793256370179,4454.043256370179,2169,1400,1785
4451.979140856617,4451.854140856617,4452.104140856617,1199,2232,1716
4460.809931754281,4460.434931754281,4461.184931754281,2555,992,1774
4459.44701782221,4459.07201782221,4459.82201782221,1459,1782,1621
4462.240970886227,4462.115970886227,4462.365970886227,1326,1045,1186
4466.577975610775,4466.452975610775,4466.702975610775,751,2032,1392
4470.778293319695,4470.528293319695,4471.028293319695,1505,890,1198
4465.173645704799,4465.048645704799,4465.298645704799,810,813,812
4473.5153494310525,4473.3903494310525,4473.6403494310525,551,1122,837
4471.905533415888,4471.780533415888,4472.030533415888,2098,1815,1957
4470.040318264938,4469.915318264938,4470.165318264938,634,1479,1057
4461.881861206333,4461.756861206333,4462.006861206333,1393,518,956
4459.655406885173,4459.530406885173,4459.780406885173,573,1652,1113
4460.915908890417,4460.790908890417,4461.040908890417,1023,2510,1767
4459.5853696325175,4459.3353696325175,4459.8353696325175,1975,688,1332
4460.841416382465,4460.591416382465,4461.091416382465,1601,648,1125
4459.4716673414905,4459.2216673414905,4459.7216673414905,1504,2113,1809
4451.545648194225,4451.295648194225,4451.795648194225,1735,656,1196
4449.614175153215,4449.364175153215,4449.864175153215,888,1431,1160
4451.258452291095,4451.133452291095,4451.383452291095,2661,1230,1946
4453.110644901981,4452.985644901981,4453.235644901981,1282,2601,1942
4455.824082380315,4455.699082380315,4455.949082380315,1296,1209,1253
4454.216716376998,4454.091716376998,4454.341716376998,839,1916,1378
4453.597280607361,4453.472280607361,4453.722280607361,916,1371,1144
4448.820322701164,4448.695322701164,4448.945322701164,1224,2751,1988
4455.167426526404,4454.917426526404,4455.417426526404,483,1184,834
4459.728122101966,4459.353122101966,4460.103122101966,812,843,828
4464.397814052716,4464.022814052716,4464.772814052716,1265,1538,1402
4464.154552146036,4463.904552146036,4464.404552146036,495,1380,938
4464.438393892299,4464.313393892299,4464.563393892299,1903,1370,1637
4468.375550936995,4468.250550936995,4468.500550936995,2118,1775,1947
4468.393440531095,4468.018440531095,4468.768440531095,2236,921,1579
4462.342835390813,4461.967835390813,4462.717835390813,1324,1137,1231
4468.063354706795,4467.938354706795,4468.188354706795,1350,1221,1286
4466.819040363631,4466.444040363631,4467.194040363631,1782,931,1357
4465.930032798237,4465.680032798237,4466.180032798237,1319,576,948
4462.850946924321,4462.475946924321,4463.225946924321,902,1241,1072
4467.76446483615,4467.38946483615,4468.13946483615,1704,729,1217
4469.649703898902,4469.274703898902,4470.024703898902,916,1603,1260
4467.563176833343,4467.438176833343,4467.688176833343,2039,1634,1837
4467.755222212455,4467.630222212455,4467.880222212455,1538,653,1096
4466.564057264627,4466.314057264627,4466.814057264627,1406,1189,1298
4470.612412172633,4470.362412172633,4470.862412172633,1907,1296,1602
4471.167362483279,4470.792362483279,4471.542362483279,1447,846,1147
4467.770189372254,4467.645189372254,4467.895189372254,1875,1514,1695
4475.376010113651,4475.126010113651,4475.626010113651,1070,1029,1050
4469.807927053357,4469.557927053357,4470.057927053357,1489,1880,1685
4465.246102468493,4464.996102468493,4465.496102468493,1184,1157,1171
4465.583786986866,4465.458786986866,4465.708786986866,1825,1838,1832
4465.804124616884,4465.679124616884,4465.929124616884,1655,1232,1444
4465.301303973928,4465.051303973928,4465.551303973928,617,1522,1070
4465.861717833354,4465.736717833354,4465.986717833354,732,977,855
4473.190018299577,4472.940018299577,4473.440018299577,1205,2224,1715
4468.547263726526,4468.297263726526,4468.797263726526,2084,1039,1562
4467.87863004666,4467.62863004666,4468.12863004666,1759,1008,1384
4467.217539069107,4467.092539069107,4467.342539069107,1393,810,1102
4470.061180684018,4469.936180684018,4470.186180684018,1471,1502,1487
4479.803188526999,4479.678188526999,4479.928188526999,1125,1872,1499
4482.618879061669,4482.368879061669,4482.868879061669,1188,2489,1839
4487.913569697286,4487.538569697286,4488.288569697286,1211,744,978
4485.6604316205185,4485.4104316205185,4485.9104316205185,2651,944,1798
4484.812346067411,4484.687346067411,4484.937346067411,534,1413,974
4490.06933579769,4489.94433579769,4490.19433579769,1047,778,913
4487.391561241689,4487.266561241689,4487.516561241689,1969,1532,1751
4483.782881644806,4483.407881644806,4484.157881644806,851,1396,1124
4486.503146706524,4486.378146706524,4486.628146706524,1064,1133,1099
4479.8323146609355,4479.7073146609355,4479.9573146609355,598,1257,928
4472.837254000233,4472.712254000233,4472.962254000233,728,891,810
4476.14337385059,4476.01837385059,4476.26837385059,1686,1691,1689
4475.412206362338,4475.287206362338,4475.537206362338,1349,1636,1493
4476.199184501159,4476.074184501159,4476.324184501159,2487,1312,1900
4467.130389736105,4466.880389736105,4467.380389736105,1349,710,1030
4461.941617782404,4461.816617782404,4462.066617782404,1007,1210,1109
4468.328278316357,4468.203278316357,4468.453278316357,1315,1300,1308
4470.4343093383795,4470.1843093383795,4470.6843093383795,763,1644,1204
4467.924732720942,4467.799732720942,4468.049732720942,1172,641,907
4469.663638620804,4469.538638620804,4469.788638620804,898,1191,1045
4467.705927099803,4467.580927099803,4467.830927099803,824,965,895
4458.5525009063385,4458.3025009063385,4458.8025009063385,720,1213,967
4466.467845087756,4466.342845087756,4466.592845087756,1738,1661,1700
4474.484179533154,4474.359179533154,4474.609179533154,1723,760,1242
4478.888227609011,4478.763227609011,4479.013227609011,1817,1636,1727
4476.624940227875,4476.374940227875,4476.874940227875,2141,1606,1874
4473.445728889322,4473.070728889322,4473.820728889322,2019,1290,1655
4473.547675748298,4473.422675748298,4473.672675748298,875,2336,1606
4473.879189563684,4473.754189563684,4474.004189563684,930,2073,1502
4473.222982878431,4472.847982878431,4473.597982878431,851,2310,1581
4476.082186299962,4475.957186299962,4476.207186299962,1662,757,1210
4477.971302733298,4477.846302733298,4478.096302733298,1594,1287,1441
4480.559790725683,4480.309790725683,4480.809790725683,913,864,889
4481.170377403224,4480.920377403224,4481.420377403224,1086,1089,1088
4477.714544541103,4477.464544541103,4477.964544541103,758,993,876
4478.649778633846,4478.399778633846,4478.899778633846,1569,2412,1991
4477.351825369559,4477.226825369559,4477.476825369559,803,2038,1421
4480.086598434781,4479.836598434781,4480.336598434781,1002,705,854
4473.876555134107,4473.751555134107,4474.001555134107,1015,626,821
4475.319017186495,4475.069017186495,4475.569017186495,599,1112,856
4476.624412550061,4476.374412550061,4476.874412550061,555,1058,807
4476.459612430052,4476.209612430052,4476.709612430052,1011,850,931
4480.367006827895,4480.242006827895,4480.492006827895,1621,1678,1650
4479.400915945512,4479.275915945512,4479.525915945512,1245,2328,1787
4471.566604687808,4471.191604687808,4471.941604687808,1303,1146,1225
4475.984668758657,4475.859668758657,4476.109668758657,880,1945,1413
4474.518483073916,4474.393483073916,4474.643483073916,1076,2377,1727
4478.627318009871,4478.502318009871,4478.752318009871,919,1706,1313
4480.684166812871,4480.559166812871,4480.809166812871,817,1886,1352
4478.969679438735,4478.594679438735,4479.344679438735,1120,543,832
4469.546573312652,4469.296573312652,4469.796573312652,1109,1908,1509
4465.622554351848,4465.372554351848,4465.872554351848,1451,1486,1469
4461.034100522995,4460.909100522995,4461.159100522995,1429,1374,1402
4461.030331845544,4460.905331845544,4461.155331845544,1084,1177,1131
4465.0865685375475,4464.9615685375475,4465.2115685375475,1353,720,1037
4460.366465905108,4460.241465905108,4460.491465905108,1221,1046,1134
4461.337681286727,4461.212681286727,4461.462681286727,1159,736,948
4468.028548050767,4467.778548050767,4468.278548050767,875,1130,1003
4463.281709744075,4463.031709744075,4463.531709744075,569,1340,955
4467.310225848086,4467.185225848086,4467.435225848086,1387,1230,1309
4463.102937088547,4462.852937088547,4463.352937088547,2686,1025,1856
4467.630705459002,4467.505705459002,4467.755705459002,1052,1273,1163
4468.32400841911,4468.07400841911,4468.57400841911,841,1026,934
4471.681845243917,4471.556845243917,4471.806845243917,1064,2435,1750
4473.646193577745,4473.271193577745,4474.021193577745,1190,1825,1508
4471.227391640117,4471.102391640117,4471.352391640117,937,2448,1693
4466.6367281463345,4466.2617281463345,4467.0117281463345,2504,1427,1966
4462.434499614719,4462.184499614719,4462.684499614719,935,1002,969
4465.924292469519,4465.799292469519,4466.049292469519,806,2415,1611
4465.699146662497,4465.449146662497,4465.949146662497,1484,2169,1827
4462.320057969074,4461.945057969074,4462.695057969074,855,1578,1217
4464.480731649112,4464.355731649112,4464.605731649112,666,1689,1178
4461.0198172347555,4460.7698172347555,4461.2698172347555,2521,930,1726
4464.896725009692,4464.771725009692,4465.021725009692,2278,897,1588
4466.687710113687,4466.437710113687,4466.937710113687,862,1379,1121
4462.524391548128,4462.399391548128,4462.649391548128,1626,1311,1469
4465.7853953188105,4465.6603953188105,4465.9103953188105,1205,2420,1813
4465.872483283558,4465.622483283558,4466.122483283558,1286,1043,1165
4467.770631715556,4467.395631715556,4468.145631715556,610,1601,1106
4462.510036955469,4462.260036955469,4462.760036955469,1613,1458,1536
4460.004792772928,4459.879792772928,4460.129792772928,1381,666,1024
4461.67322120539,4461.54822120539,4461.79822120539,1755,1116,1436
4463.88494125449,4463.50994125449,4464.25994125449,698,1605,1152
4465.649575990633,4465.524575990633,4465.774575990633,1127,996,1062
4465.172057374126,4464.922057374126,4465.422057374126,1183,1238,1211
4464.394702395774,4464.269702395774,4464.519702395774,1232,2545,1889
4464.59439314663,4464.34439314663,4464.84439314663,1419,628,1024
4465.837379073675,4465.712379073675,4465.962379073675,1436,1659,1548
4469.642192909192,4469.517192909192,4469.767192909192,1424,651,1038
4474.174998261586,4474.049998261586,4474.299998261586,838,1183,1011
4477.132380317845,4476.757380317845,4477.507380317845,2443,1412,1928
4480.778492261471,4480.528492261471,4481.028492261471,1974,1997,1986
4479.41444107995,4479.16444107995,4479.66444107995,883,1840,1362
4491.887810035045,4491.762810035045,4492.012810035045,1513,1790,1652
4490.693992742396,4490.318992742396,4491.068992742396,1178,1657,1418
4496.894853124366,4496.519853124366,4497.269853124366,2050,909,1480
4491.939842955613,4491.814842955613,4492.064842955613,2316,1281,1799
4494.338556902989,4493.963556902989,4494.713556902989,1211,1078,1145
4494.299453423174,4494.174453423174,4494.424453423174,678,1633,1156
4497.095684125571,4496.970684125571,4497.220684125571,1041,2788,1915
4495.913052201929,4495.663052201929,4496.163052201929,1700,855,1278
4498.3286961718795,4498.2036961718795,4498.4536961718795,548,1069,809
4496.329532981359,4496.204532981359,4496.454532981359,784,2349,1567
4495.674035048469,4495.299035048469,4496.049035048469,1581,1302,1442
4499.050631435717,4498.925631435717,4499.175631435717,849,2382,1616
4504.658512624058,4504.408512624058,4504.908512624058,1872,1465,1669
4511.002083622533,4510.877083622533,4511.127083622533,1152,465,809
4511.1093608900865,4510.8593608900865,4511.3593608900865,1182,599,891
4515.43874723905,4515.31374723905,4515.56374723905,1869,1584,1727
4521.091395867159,4520.966395867159,4521.216395867159,865,2022,1444
4518.696257455351,4518.321257455351,4519.071257455351,711,2048,1380
4526.031100840664,4525.906100840664,4526.156100840664,900,1709,1305
4529.506572740176,4529.256572740176,4529.756572740176,873,1984,1429
4530.254471710525,4530.129471710525,4530.379471710525,1478,1351,1415
4534.707154474845,4534.582154474845,4534.832154474845,521,1172,847
4540.462414433411,4540.212414433411,4540.712414433411,752,1049,901
4536.314854661389,4536.064854661389,4536.564854661389,2410,1165,1788
4534.467958197791,4534.342958197791,4534.592958197791,1594,1525,1560
4532.1778058237605,4531.9278058237605,4532.4278058237605,839,2294,1567
4540.185383800733,4540.060383800733,4540.310383800733,1131,1676,1404
4543.041551344515,4542.916551344515,4543.166551344515,1797,1146,1472
4546.845879859992,4546.470879859992,4547.220879859992,1227,2226,1727
4546.851252263652,4546.726252263652,4546.976252263652,1577,590,1084
4546.874780005678,4546.624780005678,4547.124780005678,2490,1347,1919
4551.650598195187,4551.400598195187,4551.900598195187,1164,719,942
4544.458757869658,4544.333757869658,4544.583757869658,2089,1196,1643
4550.548904441819,4550.298904441819,4550.798904441819,2320,1095,1708
4548.303632035391,4548.178632035391,4548.428632035391,994,1613,1304
4542.635401122006,4542.385401122006,4542.885401122006,2591,908,1750
4544.538802558576,4544.163802558576,4544.913802558576,1124,1189,1157
4551.673960561304,4551.423960561304,4551.923960561304,790,959,875
4550.083469109433,4549.958469109433,4550.208469109433,2314,1213,1764
4551.656121832645,4551.531121832645,4551.781121832645,1614,2371,1993
4559.031081117334,4558.781081117334,4559.281081117334,1958,1405,1682
4561.952608935352,4561.827608935352,4562.077608935352,1164,1549,1357
4569.88689913607,4569.63689913607,4570.13689913607,1915,856,1386
4569.343238004324,4568.968238004324,4569.718238004324,951,1542,1247
4561.352352593621,4561.227352593621,4561.477352593621,668,1243,956
4562.37039407529,4562.12039407529,4562.62039407529,1848,779,1314
4558.5875839774,4558.4625839774,4558.7125839774,945,1564,1255
4554.221404853311,4554.096404853311,4554.346404853311,2130,1683,1907
4558.290940702363,4558.040940702363,4558.540940702363,673,1476,1075
4559.662367525603,4559.412367525603,4559.912367525603,1018,941,980
4562.215806083686,4562.090806083686,4562.340806083686,1594,1943,1769
4561.813190478656,4561.688190478656,4561.938190478656,1698,825,1262
4560.796885816792,4560.671885816792,4560.921885816792,1694,1119,1407
4555.69371256022,4555.56871256022,4555.81871256022,1734,1919,1827
4561.567303567443,4561.442303567443,4561.692303567443,1306,2197,1752
4561.422474511844,4561.297474511844,4561.547474511844,1000,2787,1894
4564.607545230795,4564.482545230795,4564.732545230795,1334,931,1133
4570.92778756803,4570.80278756803,4571.05278756803,775,1136,956
4560.628320342745,4560.378320342745,4560.878320342745,1562,1881,1722
4561.243406841782,4560.993406841782,4561.493406841782,2649,1176,1913
4560.980111345942,4560.855111345942,4561.105111345942,717,1384,1051
4557.631014883246,4557.506014883246,4557.756014883246,2216,1395,1806
4565.3792098091535,4565.2542098091535,4565.5042098091535,947,1378,1163
4572.782473182787,4572.532473182787,4573.032473182787,960,1223,1092
4573.2801067719665,4573.1551067719665,4573.4051067719665,1672,1837,1755
4575.558089325178,4575.433089325178,4575.683089325178,1294,2407,1851
4579.671889734421,4579.546889734421,4579.796889734421,881,1096,989
4575.431275553484,4575.306275553484,4575.556275553484,609,1074,842
4576.228155564528,4576.103155564528,4576.353155564528,782,1667,1225
4576.477997487363,4576.352997487363,4576.602997487363,989,2116,1553
4573.574103909511,4573.449103909511,4573.699103909511,1352,1069,1211
4569.581518848002,4569.456518848002,4569.706518848002,1412,1015,1214
4575.2267206548495,4575.1017206548495,4575.3517206548495,2353,1622,1988
4575.4050772106,4575.2800772106,4575.5300772106,641,1120,881
4575.094257473938,4574.844257473938,4575.344257473938,1917,1968,1943
4578.767108732478,4578.642108732478,4578.892108732478,2533,1126,1830
4575.591377733701,4575.466377733701,4575.716377733701,2368,1339,1854
4576.0327534380085,4575.9077534380085,4576.1577534380085,1664,1063,1364
4580.170737489052,4580.045737489052,4580.295737489052,2440,1455,1948
4582.054230094238,4581.679230094238,4582.429230094238,882,2647,1765
4586.19688177671,4586.07188177671,4586.32188177671,1207,776,992
4576.472314501627,4576.347314501627,4576.597314501627,1819,1982,1901
4577.669373364297,4577.294373364297,4578.044373364297,1123,2654,1889
4575.986475213661,4575.611475213661,4576.361475213661,986,675,831
4570.401874568174,4570.276874568174,4570.526874568174,2240,1097,1669
4565.135662918024,4564.760662918024,4565.510662918024,1598,1577,1588
4558.864149360508,4558.739149360508,4558.989149360508,1335,746,1041
4561.967751217051,4561.592751217051,4562.342751217051,754,959,857
4576.367554235684,4575.992554235684,4576.742554235684,1064,2909,1987
4574.357200889366,4574.232200889366,4574.482200889366,1086,1919,1503
4576.480625935682,4576.355625935682,4576.605625935682,1146,2473,1810
4572.5566628594825,4572.3066628594825,4572.8066628594825,1413,980,1197
4574.112537061924,4573.987537061924,4574.237537061924,2440,885,1663
4577.5283776941,4577.4033776941,4577.6533776941,1152,879,1016
4571.099867064053,4570.849867064053,4571.349867064053,1176,1285,1231
4562.5749561018565,4562.3249561018565,4562.8249561018565,1867,1700,1784
4564.405178499525,4564.280178499525,4564.530178499525,1332,2153,1743
4566.702368775218,4566.577368775218,4566.827368775218,2220,1033,1627
4570.220723606798,4569.970723606798,4570.470723606798,1866,1311,1589
4566.099509549131,4565.974509549131,4566.224509549131,1984,1457,1721
4564.112197732737,4563.987197732737,4564.237197732737,1712,1213,1463
4568.381915392482,4568.131915392482,4568.631915392482,1207,1094,1151
4573.222632571873,4573.097632571873,4573.347632571873,1373,2482,1928
4574.4171310400025,4574.1671310400025,4574.6671310400025,819,1088,954
4574.560763508295,4574.435763508295,4574.685763508295,1964,1291,1628
4577.041444829643,4576.791444829643,4577.291444829643,1901,850,1376
4570.584910867947,4570.334910867947,4570.834910867947,1387,1002,1195
4568.397370084749,4568.147370084749,4568.647370084749,1279,1910,1595
4567.026198869201,4566.651198869201,4567.401198869201,695,1526,1111
4563.928202297905,4563.803202297905,4564.053202297905,636,1195,916
4558.521139000329,4558.271139000329,4558.771139000329,1925,1346,1636
4562.1254791037145,4562.0004791037145,4562.2504791037145,599,1310,955
4562.492780870202,4562.367780870202,4562.617780870202,1630,1631,1631
4563.25041974848,4562.87541974848,4563.62541974848,2031,1850,1941
4564.374448856495,4564.249448856495,4564.499448856495,796,965,881
4557.810780694468,4557.435780694468,4558.185780694468,981,1598,1290
4566.050354942767,4565.800354942767,4566.300354942767,980,1305,1143
4566.952013862394,4566.702013862394,4567.202013862394,1533,2196,1865
4568.495541113661,4568.120541113661,4568.870541113661,1009,1118,1064
4566.099826875438,4565.849826875438,4566.349826875438,2053,862,1458
4565.800470095618,4565.675470095618,4565.925470095618,800,2297,1549
4568.809761212446,4568.684761212446,4568.934761212446,717,1632,1175
4565.285443876365,4565.160443876365,4565.410443876365,2452,1385,1919
4566.7431280358805,4566.6181280358805,4566.8681280358805,2231,1520,1876
4561.730018174301,4561.480018174301,4561.980018174301,1428,1185,1307
4557.587495455522,4557.462495455522,4557.712495455522,1219,2262,1741
4547.952068133305,4547.702068133305,4548.202068133305,1103,2240,1672
4544.218539502163,4543.968539502163,4544.468539502163,916,2683,1800
4550.2455764462575,4549.9955764462575,4550.4955764462575,1857,1096,1477
4540.656058841145,4540.531058841145,4540.781058841145,938,2161,1550
4540.155739213704,4540.030739213704,4540.280739213704,2224,909,1567
4534.928577687259,4534.678577687259,4535.178577687259,2070,1781,1926
4534.156923222738,4533.906923222738,4534.406923222738,1503,1452,1478
4533.163094547957,4533.038094547957,4533.288094547957,1917,1218,1568
4529.170644762823,4529.045644762823,4529.295644762823,1223,1696,1460
4532.371284411782,4531.996284411782,4532.746284411782,1282,1963,1623
4532.802949023335,4532.427949023335,4533.177949023335,1249,1382,1316
4535.926461460688,4535.801461460688,4536.051461460688,1167,2056,1612
4529.452058050058,4529.327058050058,4529.577058050058,1884,1705,1795
4536.61998286328,4536.24498286328,4536.99498286328,754,1499,1127
4534.763963011548,4534.638963011548,4534.888963011548,1084,2357,1721
4537.640133523358,4537.515133523358,4537.765133523358,2050,951,1501
4526.754653368067,4526.629653368067,4526.879653368067,1811,1742,1777
4515.513351106441,4515.388351106441,4515.638351106441,1001,886,944
4511.756842982897,4511.631842982897,4511.881842982897,1682,701,1192
4515.933248094432,4515.808248094432,4516.058248094432,1770,1527,1649
4521.605888002925,4521.230888002925,4521.980888002925,1280,2679,1980
4517.946353881208,4517.571353881208,4518.321353881208,636,1135,886
4514.591719900006,4514.466719900006,4514.716719900006,2442,1527,1985
4513.766514839273,4513.641514839273,4513.891514839273,847,1910,1379
4509.723762288742,4509.598762288742,4509.848762288742,1531,1456,1494
4501.867861957643,4501.742861957643,4501.992861957643,2370,1137,1754
4500.513565450828,4500.263565450828,4500.763565450828,1364,2059,1712
4495.781744454814,4495.406744454814,4496.156744454814,2007,1040,1524
4493.518541373202,4493.393541373202,4493.643541373202,1454,585,1020
4496.181474789137,4496.056474789137,4496.306474789137,1010,629,820
4495.242733414723,4495.117733414723,4495.367733414723,1119,700,910
4490.711837873961,4490.461837873961,4490.961837873961,1748,1193,1471
4485.874444005627,4485.624444005627,4486.124444005627,1539,1782,1661
4483.276222981232,4483.151222981232,4483.401222981232,1618,2379,1999
4489.6615605857305,4489.5365605857305,4489.7865605857305,2042,685,1364
4488.7584717214195,4488.6334717214195,4488.8834717214195,1640,1131,1386
4484.870284013931,4484.745284013931,4484.995284013931,1566,1215,1391
4487.083027329322,4486.833027329322,4487.333027329322,656,1733,1195
4485.916005703828,4485.791005703828,4486.041005703828,2298,1043,1671
4479.25813143489,4479.00813143489,4479.50813143489,1182,1791,1487
4470.019890399967,4469.769890399967,4470.269890399967,1067,626,847
4469.940798703578,4469.815798703578,4470.065798703578,1233,2310,1772
4465.741693957686,4465.616693957686,4465.866693957686,1185,1824,1505
4464.988930848896,4464.613930848896,4465.363930848896,936,2711,1824
4466.428772605178,4466.053772605178,4466.803772605178,908,1823,1366
4464.934433389753,4464.809433389753,4465.059433389753,1257,1706,1482
4462.078979176421,4461.953979176421,4462.203979176421,1468,1919,1694
4464.611874192137,4464.486874192137,4464.736874192137,1056,1017,1037
4461.589492601785,4461.464492601785,4461.714492601785,1660,741,1201
4461.212949048277,4461.087949048277,4461.337949048277,1186,1219,1203
4470.450077687188,4470.325077687188,4470.575077687188,842,965,904
4466.873471742863,4466.748471742863,4466.998471742863,1256,1179,1218
4465.253038228323,4465.003038228323,4465.503038228323,1444,823,1134
4459.013222624889,4458.888222624889,4459.138222624889,707,1100,904
4455.809897481847,4455.559897481847,4456.059897481847,1027,626,827
4456.8184762381115,4456.5684762381115,4457.0684762381115,1272,1911,1592
4461.35246601912,4460.97746601912,4461.72746601912,2697,1190,1944
4461.991682286845,4461.866682286845,4462.116682286845,1132,1059,1096
4463.357634397408,4463.232634397408,4463.482634397408,1136,1605,1371
4461.244808356418,4461.119808356418,4461.369808356418,2182,1545,1864
4450.276976985818,4450.151976985818,4450.401976985818,1216,909,1063
4450.069568652879,4449.944568652879,4450.194568652879,2251,1390,1821
4458.134470029335,4458.009470029335,4458.259470029335,1444,1713,1579
4463.59275507861,4463.46775507861,4463.71775507861,1566,547,1057
4464.471011608579,4464.346011608579,4464.596011608579,1208,2163,1686
4462.203120949752,4462.078120949752,4462.328120949752,451,1324,888
4458.972099646973,4458.847099646973,4459.097099646973,2218,1369,1794
4452.788974381741,4452.663974381741,4452.913974381741,1907,642,1275
4454.824215352022,4454.574215352022,4455.074215352022,757,900,829
4448.544057802856,4448.294057802856,4448.794057802856,984,1173,1079
4452.251668263274,4452.001668263274,4452.501668263274,1327,1526,1427
4451.040486931452,4450.790486931452,4451.290486931452,1779,878,1329
4442.2174934064005,4442.0924934064005,4442.3424934064005,1252,2471,1862
4432.209654779541,4432.084654779541,4432.334654779541,2742,1197,1970
4430.036012263664,4429.911012263664,4430.161012263664,2850,965,1908
4429.746113476425,4429.621113476425,4429.871113476425,670,1755,1213
4429.275573286611,4429.025573286611,4429.525573286611,1332,727,1030
4425.789839422014,4425.539839422014,4426.039839422014,2099,852,1476
4425.403370313758,4425.278370313758,4425.528370313758,1128,499,814
4426.574615563996,4426.449615563996,4426.699615563996,988,2547,1768
4434.136297626084,4433.886297626084,4434.386297626084,1432,1375,1404
4434.801104728061,4434.551104728061,4435.051104728061,864,2571,1718
4434.418612327019,4434.293612327019,4434.543612327019,807,2292,1550
4430.233629330863,4429.858629330863,4430.608629330863,2554,931,1743
4427.5190072998075,4427.3940072998075,4427.6440072998075,1266,1501,1384
4431.47071649737,4431.22071649737,4431.72071649737,932,1891,1412
4420.790162808315,4420.665162808315,4420.915162808315,977,1694,1336
4418.054680270869,4417.929680270869,4418.179680270869,2250,933,1592
4419.164348702951,4419.039348702951,4419.289348702951,822,1757,1290
4415.743355397892,4415.618355397892,4415.868355397892,672,1141,907
4418.523449284772,4418.273449284772,4418.773449284772,1686,683,1185
4415.203484752577,4414.953484752577,4415.453484752577,1609,802,1206
4411.460195992118,4411.210195992118,4411.710195992118,1294,929,1112
4414.406227428979,4414.281227428979,4414.531227428979,1260,1977,1619
4414.119495968372,4413.869495968372,4414.369495968372,1113,2622,1868
4420.073852027453,4419.823852027453,4420.323852027453,706,1607,1157
4419.5025382123495,4419.3775382123495,4419.6275382123495,2637,1288,1963
4413.15257230208,4413.02757230208,4413.27757230208,2109,1130,1620
4414.197388811183,4413.947388811183,4414.447388811183,1247,598,923
4410.193849267951,4410.068849267951,4410.318849267951,907,2038,1473
4409.382460325998,4409.132460325998,4409.632460325998,2693,904,1799
4409.867981888295,4409.617981888295,4410.117981888295,995,886,941
4410.4340615537285,4410.3090615537285,4410.5590615537285,2440,1119,1780
4413.296704881191,4413.046704881191,4413.546704881191,1912,1781,1847
4417.974141954684,4417.849141954684,4418.099141954684,774,1869,1322
4424.914624533236,4424.664624533236,4425.164624533236,1072,1619,1346
4425.59146855297,4425.21646855297,4425.96646855297,882,2483,1683
4427.4057351637175,4427.2807351637175,4427.5307351637175,2174,1729,1952
4425.630998063351,4425.380998063351,4425.880998063351,2217,810,1514
4423.408085550273,4423.283085550273,4423.533085550273,607,1414,1011
4425.490964934039,4425.365964934039,4425.615964934039,695,1528,1112
4426.7048279747105,4426.5798279747105,4426.8298279747105,976,1821,1399
4421.677087298101,4421.427087298101,4421.927087298101,2051,1922,1987
4419.104509502658,4418.854509502658,4419.354509502658,845,2352,1599
4418.162583647291,4418.037583647291,4418.287583647291,840,875,858
4421.174506433992,4421.049506433992,4421.299506433992,1839,1512,1676
4421.559267844347,4421.434267844347,4421.684267844347,1796,2019,1908
4423.7656240923925,4423.6406240923925,4423.8906240923925,956,1933,1445
4428.7004922433725,4428.5754922433725,4428.8254922433725,916,1827,1372
4431.827630801097,4431.702630801097,4431.952630801097,795,966,881
4430.975233867384,4430.725233867384,4431.225233867384,818,1001,910
4429.764314714785,4429.639314714785,4429.889314714785,1068,1423,1246
4430.390483539921,4430.265483539921,4430.515483539921,1707,2184,1946
4428.644375876013,4428.394375876013,4428.894375876013,2083,1630,1857
4431.907732793758,4431.782732793758,4432.032732793758,886,1713,1300
4428.206873182785,4428.081873182785,4428.331873182785,892,2615,1754
4426.544096143651,4426.419096143651,4426.669096143651,1337,548,943
4423.75101492608,4423.62601492608,4423.87601492608,2285,1658,1972
4425.924815095224,4425.799815095224,4426.049815095224,1446,675,1061
4429.567540445172,4429.192540445172,4429.942540445172,2740,939,1840
4426.83785992356,4426.71285992356,4426.96285992356,873,1428,1151
4425.907033635312,4425.657033635312,4426.157033635312,918,2143,1531
4433.224612993793,4433.099612993793,4433.349612993793,1818,1335,1577
4430.600209662578,4430.350209662578,4430.850209662578,776,949,863
4428.158308116551,4428.033308116551,4428.283308116551,2214,1317,1766
4428.6289028076035,4428.5039028076035,4428.7539028076035,1491,646,1069
4427.870375741136,4427.620375741136,4428.120375741136,1514,1949,1732
4424.628950983692,4424.378950983692,4424.878950983692,1097,1294,1196
4423.808998085825,4423.683998085825,4423.933998085825,2392,1251,1822
4416.662206018168,4416.537206018168,4416.787206018168,1955,966,1461
4417.749332481981,4417.624332481981,4417.874332481981,1643,2342,1993
4421.461752703982,4421.336752703982,4421.586752703982,1851,1910,1881
4424.364607026458,4424.114607026458,4424.614607026458,1503,2244,1874
4425.541913636784,4425.291913636784,4425.791913636784,1452,565,1009
4424.104930160817,4423.854930160817,4424.354930160817,2284,881,1583
4424.80420328751,4424.67920328751,4424.92920328751,1372,1019,1196
4416.805135089867,4416.555135089867,4417.055135089867,1862,1351,1607
4419.281418768834,4419.156418768834,4419.406418768834,1397,2452,1925
4421.360050827466,4421.235050827466,4421.485050827466,1046,599,823
4426.064436552127,4425.689436552127,4426.439436552127,1624,1575,1600
4422.885826596233,4422.760826596233,4423.010826596233,1612,1187,1400
4421.574572301261,4421.324572301261,4421.824572301261,1596,1409,1503
4422.159767995669,4422.034767995669,4422.284767995669,743,1366,1055
4421.392122071232,4421.142122071232,4421.642122071232,2578,1017,1798
4423.184362265419,4423.059362265419,4423.309362265419,1279,960,1120
4421.239638071961,4421.114638071961,4421.364638071961,1109,2452,1781
4421.997882499202,4421.622882499202,4422.372882499202,1896,1969,1933
4422.829899179303,4422.704899179303,4422.954899179303,1907,782,1345
4425.531596315278,4425.406596315278,4425.656596315278,1842,1985,1914
4425.2223521634805,4425.0973521634805,4425.3473521634805,1296,1569,1433
4424.46347622283,4424.33847622283,4424.58847622283,2078,1387,1733
4427.767360087216,4427.642360087216,4427.892360087216,1158,987,1073
4430.789404684715,4430.539404684715,4431.039404684715,1054,1959,1507
4424.846492241517,4424.721492241517,4424.971492241517,1824,889,1357
4428.075968230525,4427.950968230525,4428.200968230525,1814,661,1238
4434.582006256466,4434.457006256466,4434.707006256466,772,2015,1394
4431.57575338912,4431.32575338912,4431.82575338912,974,1055,1015
4426.879478082862,4426.629478082862,4427.129478082862,1270,981,1126
4418.032995896801,4417.907995896801,4418.157995896801,563,1156,860
4419.8682272900705,4419.6182272900705,4420.1182272900705,995,2912,1954
4425.587461689025,4425.462461689025,4425.712461689025,1467,1790,1629
4427.481279689027,4427.106279689027,4427.856279689027,959,1498,1229
4431.1685301141715,4431.0435301141715,4431.2935301141715,767,1100,934
4437.239148418263,4437.114148418263,4437.364148418263,932,1665,1299
4436.43075909462,4436.18075909462,4436.68075909462,1972,1841,1907
4441.380377732867,4441.130377732867,4441.630377732867,921,770,846
4446.186893566315,4445.936893566315,4446.436893566315,1772,1299,1536
4445.001144269429,4444.876144269429,4445.126144269429,1700,945,1323
4438.642308708648,4438.392308708648,4438.892308708648,1260,647,954
4439.904955193491,4439.779955193491,4440.029955193491,894,1745,1320
4441.361577959727,4441.236577959727,4441.486577959727,1212,1131,1172
4441.590209532281,4441.340209532281,4441.840209532281,1967,760,1364
4437.424828831836,4437.299828831836,4437.549828831836,2380,1233,1807
4437.49136936311,4437.36636936311,4437.61636936311,1129,1682,1406
4432.788039653427,4432.413039653427,4433.163039653427,485,1380,933
4437.660259555689,4437.535259555689,4437.785259555689,1703,1214,1459
4444.275720110138,4444.025720110138,4444.525720110138,1798,1361,1580
4449.620374097523,4449.495374097523,4449.745374097523,1305,1280,1293
4441.983857696781,4441.858857696781,4442.108857696781,1234,873,1054
4442.400608050766,4442.275608050766,4442.525608050766,630,1703,1167
4441.893159857329,4441.768159857329,4442.018159857329,1910,783,1347
4444.199931022947,4443.949931022947,4444.449931022947,1805,652,1229
4442.512288836547,4442.387288836547,4442.637288836547,834,2029,1432
4446.791860342924,4446.541860342924,4447.041860342924,1147,498,823
4453.582871670704,4453.457871670704,4453.707871670704,1197,566,882
4454.492714778113,4454.367714778113,4454.617714778113,1986,1721,1854
4448.249115714846,4447.999115714846,4448.499115714846,1127,878,1003
4448.332868113971,4448.082868113971,4448.582868113971,946,2255,1601
4448.186247622544,4448.061247622544,4448.311247622544,742,1511,1127
4450.674126488782,4450.549126488782,4450.799126488782,1020,2883,1952
4446.777120831502,4446.652120831502,4446.902120831502,1776,1489,1633
4445.298416685861,4445.173416685861,4445.423416685861,1870,1341,1606
4448.042862622121,4447.917862622121,4448.167862622121,704,911,808
4447.926306027801,4447.676306027801,4448.176306027801,1167,1368,1268
4447.125133890418,4447.000133890418,4447.250133890418,1207,616,912
4441.575864333232,4441.450864333232,4441.700864333232,1160,1669,1415
4442.978853533111,4442.728853533111,4443.228853533111,1289,1032,1161
4439.647090003961,4439.522090003961,4439.772090003961,1213,2120,1667
4446.145413378531,4446.020413378531,4446.270413378531,787,1586,1187
4444.905125163927,4444.530125163927,4445.280125163927,1575,2398,1987
4456.734663944119,4456.609663944119,4456.859663944119,835,810,823
4456.3441200129755,4456.2191200129755,4456.4691200129755,1960,909,1435
4462.357971242462,4462.107971242462,4462.607971242462,705,1674,1190
4462.048729651734,4461.798729651734,4462.298729651734,607,1820,1214
4458.402987505708,4458.277987505708,4458.527987505708,981,2670,1826
4456.737706068113,4456.487706068113,4456.987706068113,1207,412,810
4452.504525823913,4452.254525823913,4452.754525823913,1210,487,849
4450.107980762218,4449.857980762218,4450.357980762218,1858,1659,1759
4454.776487372962,4454.526487372962,4455.026487372962,2715,1134,1925
4450.968022817889,4450.593022817889,4451.343022817889,2482,1175,1829
4450.855261206392,4450.605261206392,4451.105261206392,2347,888,1618
4455.896967717259,4455.771967717259,4456.021967717259,928,2781,1855
4459.595589255138,4459.470589255138,4459.720589255138,1880,1545,1713
4457.555255953691,4457.430255953691,4457.680255953691,1261,2262,1762
4456.968166480135,4456.843166480135,4457.093166480135,2077,1522,1800
4453.6567698281415,4453.5317698281415,4453.7817698281415,872,1817,1345
4457.329842484347,4457.204842484347,4457.454842484347,2102,1061,1582
4454.940530948867,4454.815530948867,4455.065530948867,1718,675,1197
4457.622221233902,4457.372221233902,4457.872221233902,1471,674,1073
4454.75293404393,4454.62793404393,4454.87793404393,864,1747,1306
4451.292717695858,4451.167717695858,4451.417717695858,2283,1022,1653
4446.870925036789,4446.620925036789,4447.120925036789,726,1951,1339
4447.74976697141,4447.62476697141,4447.87476697141,1209,2548,1879
4448.293622303562,4448.168622303562,4448.418622303562,1293,2622,1958
4447.795146340741,4447.545146340741,4448.045146340741,1366,2549,1958
4452.129455232504,4451.879455232504,4452.379455232504,1165,1812,1489
4452.571945315289,4452.446945315289,4452.696945315289,1352,1775,1564
4455.146725759237,4454.896725759237,4455.396725759237,1398,1233,1316
4456.359199835264,4456.234199835264,4456.484199835264,1455,1468,1462
4458.15449956017,4457.90449956017,4458.40449956017,1047,2284,1666
4462.645826641062,4462.520826641062,4462.770826641062,894,2673,1784
4462.845627859104,4462.720627859104,4462.970627859104,970,2331,1651
4465.528852375902,4465.403852375902,4465.653852375902,712,901,807
4456.866613279193,4456.741613279193,4456.991613279193,822,1103,963
4457.8748045371685,4457.6248045371685,4458.1248045371685,2762,1209,1986
4455.081249076458,4454.956249076458,4455.206249076458,1570,2305,1938
4462.611454255945,4462.486454255945,4462.736454255945,993,1500,1247
4465.497877721554,4465.372877721554,4465.622877721554,2588,895,1742
4460.004265164088,4459.879265164088,4460.129265164088,2018,1845,1932
4457.183631210975,4457.058631210975,4457.308631210975,855,1982,1419
4451.3673144368795,4451.2423144368795,4451.4923144368795,1093,698,896
4447.252768585883,4447.002768585883,4447.502768585883,1451,592,1022
4447.702076675534,4447.577076675534,4447.827076675534,1721,2176,1949
4441.318083299591,4441.193083299591,4441.443083299591,1048,697,873
4436.735241528874,4436.610241528874,4436.860241528874,2554,1265,1910
4437.343143931564,4437.218143931564,4437.468143931564,704,1451,1078
4437.949504224728,4437.699504224728,4438.199504224728,1349,1510,1430
4439.8993569963095,4439.5243569963095,4440.2743569963095,977,1186,1082
4442.227915543499,4442.102915543499,4442.352915543499,952,2035,1494
4449.085195247777,4448.835195247777,4449.335195247777,1611,744,1178
4444.673003138097,4444.423003138097,4444.923003138097,987,2158,1573
4441.248339390917,4441.123339390917,4441.373339390917,1001,674,838
4437.9771858246495,4437.8521858246495,4438.1021858246495,921,798,860
4436.184470289869,4436.059470289869,4436.309470289869,981,1330,1156
4433.678900605446,4433.553900605446,4433.803900605446,687,1226,957
4432.154268661357,4431.904268661357,4432.404268661357,834,2287,1561
4434.195512158582,4433.945512158582,4434.445512158582,2337,954,1646
4430.590396695899,4430.465396695899,4430.715396695899,1555,584,1070
4429.418782331381,4429.168782331381,4429.668782331381,915,1062,989
4432.390507619019,4432.265507619019,4432.515507619019,1901,1668,1785
4430.548729860444,4430.423729860444,4430.673729860444,1150,601,876
4426.567239338069,4426.442239338069,4426.692239338069,1398,2283,1841
4427.3196305647825,4427.1946305647825,4427.4446305647825,584,1263,924
4429.9459895012715,4429.6959895012715,4430.1959895012715,602,1049,826
4428.758790764785,4428.633790764785,4428.883790764785,1016,671,844
4429.105672152407,4428.855672152407,4429.355672152407,1120,2557,1839
4437.172249362908,4437.047249362908,4437.297249362908,1286,2105,1696
4440.878472486201,4440.753472486201,4441.003472486201,971,2428,1700
4442.285704806055,4442.160704806055,4442.410704806055,819,2304,1562
4440.705797304245,4440.580797304245,4440.830797304245,1678,1917,1798
4438.293768342868,4438.043768342868,4438.543768342868,1055,920,988
4438.890509407089,4438.765509407089,4439.015509407089,1208,447,828
4439.072213356125,4438.822213356125,4439.322213356125,1781,1322,1552
4440.557667666411,4440.432667666411,4440.682667666411,1877,1056,1467
4440.449146993714,4440.324146993714,4440.574146993714,1462,1427,1445
4443.1193768028625,4442.9943768028625,4443.2443768028625,944,1453,1199
4441.295341273361,4441.170341273361,4441.420341273361,1179,2590,1885
4444.470200842121,4444.220200842121,4444.720200842121,1806,747,1277
4443.507545761715,4443.382545761715,4443.632545761715,1727,1994,1861
4443.41722923415,4443.04222923415,4443.79222923415,857,2492,1675
4441.548341769902,4441.298341769902,4441.798341769902,2353,1014,1684
4441.593050319165,4441.468050319165,4441.718050319165,1306,1679,1493
4438.219055423892,4438.094055423892,4438.344055423892,956,1587,1272
4437.455434197522,4437.330434197522,4437.580434197522,1107,1098,1103
4438.801927607057,4438.676927607057,4438.926927607057,2023,954,1489
4439.685480849581,4439.310480849581,4440.060480849581,1110,2795,1953
4439.1350854868215,4439.0100854868215,4439.2600854868215,2728,1263,1996
4433.207375309233,4433.082375309233,4433.332375309233,1008,2475,1742
4433.767909669812,4433.642909669812,4433.892909669812,2057,1602,1830
4432.4882659680425,4432.2382659680425,4432.7382659680425,960,2511,1736
4431.569017280791,4431.444017280791,4431.694017280791,1514,1631,1573
4429.064527598513,4428.939527598513,4429.189527598513,1327,2464,1896
4430.835007162108,4430.585007162108,4431.085007162108,610,1733,1172
4431.550981757826,4431.425981757826,4431.675981757826,2912,1029,1971
4432.440511814048,4432.190511814048,4432.690511814048,869,2392,1631
4430.533095741791,4430.408095741791,4430.658095741791,1936,1891,1914
4432.052669569392,4431.677669569392,4432.427669569392,2247,1622,1935
4429.646408655653,4429.521408655653,4429.771408655653,1682,809,1246
4427.8637317771345,4427.6137317771345,4428.1137317771345,1710,895,1303
4431.091020406182,4430.716020406182,4431.466020406182,593,1088,841
4429.685246210669,4429.560246210669,4429.810246210669,869,962,916
4432.181432375836,4432.056432375836,4432.306432375836,1392,1629,1511
4436.44670692783,4436.32170692783,4436.57170692783,1366,1125,1246
4433.384618660034,4433.259618660034,4433.509618660034,2022,1609,1816
4436.232355994123,4436.107355994123,4436.357355994123,1275,1008,1142
4440.388942648174,4440.263942648174,4440.513942648174,1677,1678,1678
4448.678313995096,4448.428313995096,4448.928313995096,995,748,872
4452.679395117602,4452.554395117602,4452.804395117602,1069,1218,1144
4455.455362508269,4455.205362508269,4455.705362508269,1177,2356,1767
4458.967378151482,4458.592378151482,4459.342378151482,1449,818,1134
4455.1092322539225,4454.9842322539225,4455.2342322539225,2479,1062,1771
4450.123426554795,4449.873426554795,4450.373426554795,1074,2261,1668
4445.177653186901,4445.052653186901,4445.302653186901,1652,641,1147
4448.373437141731,4448.248437141731,4448.498437141731,1382,537,960
4445.399184534563,4445.274184534563,4445.524184534563,2704,993,1849
4446.050366795689,4445.800366795689,4446.300366795689,1054,1183,1119
4445.922113140794,4445.797113140794,4446.047113140794,1550,1533,1542
4448.355568922863,4448.105568922863,4448.605568922863,1984,951,1468
4447.473852114281,4447.348852114281,4447.598852114281,1213,556,885
4446.216651782225,4445.966651782225,4446.466651782225,2405,1114,1760
4446.584827208367,4446.209827208367,4446.959827208367,1039,596,818
4444.3604982425395,4444.1104982425395,4444.6104982425395,922,927,925
4447.351565583176,4447.226565583176,4447.476565583176,1418,2189,1804
4445.868887084922,4445.618887084922,4446.118887084922,577,1244,911
4445.751652372086,4445.501652372086,4446.001652372086,772,2167,1470
4441.637771526809,4441.387771526809,4441.887771526809,411,1208,810
4444.193698979123,4444.068698979123,4444.318698979123,446,1165,806
4446.708392592385,4446.458392592385,4446.958392592385,1443,762,1103
4445.751708493182,4445.626708493182,4445.876708493182,1307,2214,1761
4443.34572395827,4443.22072395827,4443.47072395827,1466,2493,1980
4442.552821395426,4442.302821395426,4442.802821395426,1374,1673,1524
4438.746452115276,4438.621452115276,4438.871452115276,1438,1215,1327
4437.93268297311,4437.80768297311,4438.05768297311,856,795,826
4437.271576335874,4437.021576335874,4437.521576335874,2157,828,1493
4431.2996032516385,4431.0496032516385,4431.5496032516385,1274,2155,1715
4430.805006960588,4430.680006960588,4430.930006960588,2327,824,1576
4432.597590846925,4432.347590846925,4432.847590846925,2710,1177,1944
4432.20765274564,4431.95765274564,4432.45765274564,1089,1038,1064
4427.774046876865,4427.649046876865,4427.899046876865,1070,1903,1487
4429.367589614465,4429.242589614465,4429.492589614465,1888,921,1405
4429.838349056737,4429.713349056737,4429.963349056737,1162,1047,1105
4432.780727507699,4432.655727507699,4432.905727507699,1308,1947,1628
4432.969198743387,4432.719198743387,4433.219198743387,1829,942,1386
4431.861954301182,4431.736954301182,4431.986954301182,1110,1277,1194
4430.418113240412,4430.293113240412,4430.543113240412,1538,1455,1497
4429.254042447117,4429.129042447117,4429.379042447117,1526,2369,1948
4431.347765401998,4431.097765401998,4431.597765401998,2475,842,1659
4436.561852270526,4436.311852270526,4436.811852270526,851,1462,1157
4438.035175230839,4437.660175230839,4438.410175230839,2129,1594,1862
4433.600836254569,4433.475836254569,4433.725836254569,865,2016,1441
4439.006065455589,4438.756065455589,4439.256065455589,1246,1519,1383
4436.010734462188,4435.635734462188,4436.385734462188,1848,1543,1696
4438.131473044583,4438.006473044583,4438.256473044583,957,1168,1063
4433.840468723502,4433.715468723502,4433.965468723502,2374,1229,1802
4433.316473741142,4433.191473741142,4433.441473741142,2292,991,1642
4437.82208659897,4437.69708659897,4437.94708659897,2246,1453,1850
4439.169907220075,4439.044907220075,4439.294907220075,983,1776,1380
4445.454670402168,4445.329670402168,4445.579670402168,1874,1297,1586
4444.8962582916565,4444.7712582916565,4445.0212582916565,1151,1016,1084
4439.79807287985,4439.54807287985,4440.04807287985,1140,479,810
4436.867982273393,4436.617982273393,4437.117982273393,601,1230,916
4436.475525346968,4436.350525346968,4436.600525346968,1078,1635,1357
4439.695722881773,4439.570722881773,4439.820722881773,1152,2213,1683
4439.661175183425,4439.411175183425,4439.911175183425,595,1072,834
4441.596110795141,4441.471110795141,4441.721110795141,1752,777,1265
4438.65652872609,4438.53152872609,4438.78152872609,767,1476,1122
4440.510710321017,4440.385710321017,4440.635710321017,1060,1595,1328
4442.616229550866,4442.491229550866,4442.741229550866,925,1632,1279
4440.999137264665,4440.749137264665,4441.249137264665,1738,1525,1632
4438.071958413556,4437.946958413556,4438.196958413556,853,1106,980
4441.8831913596105,4441.6331913596105,4442.1331913596105,892,1167,1030
4443.291766657002,4443.166766657002,4443.416766657002,1923,1334,1629
4440.572621145014,4440.322621145014,4440.822621145014,2497,1322,1910
4435.177690068378,4434.927690068378,4435.427690068378,1197,1288,1243
4433.656681451795,4433.281681451795,4434.031681451795,1157,1034,1096
4431.754469881412,4431.629469881412,4431.879469881412,707,1636,1172
4428.546076144988,4428.421076144988,4428.671076144988,1560,1519,1540
4429.569408635116,4429.194408635116,4429.944408635116,1953,682,1318
4429.486143732139,4429.361143732139,4429.611143732139,1780,1763,1772
4428.854031408874,4428.479031408874,4429.229031408874,2062,903,1483
4430.456790949026,4430.331790949026,4430.581790949026,1398,847,1123
4430.836062321714,4430.711062321714,4430.961062321714,2221,1700,1961
4429.196737049018,4428.946737049018,4429.446737049018,1111,1750,1431
4429.646043589481,4429.521043589481,4429.771043589481,533,1544,1039
4426.7602435872905,4426.6352435872905,4426.8852435872905,1466,2113,1790
4428.727378138123,4428.477378138123,4428.977378138123,966,1181,1074
4427.383605115859,4427.258605115859,4427.508605115859,1571,2142,1857
4431.921174570795,4431.796174570795,4432.046174570795,662,1173,918
4433.403119528547,4433.153119528547,4433.653119528547,1008,671,840
4428.388824314507,4428.013824314507,4428.763824314507,1430,1423,1427
4428.790329981615,4428.665329981615,4428.915329981615,993,1852,1423
4429.865024886485,4429.740024886485,4429.990024886485,2231,1610,1921
4428.9891524860695,4428.6141524860695,4429.3641524860695,1052,2471,1762
4431.019856816829,4430.769856816829,4431.269856816829,2755,1196,1976
4432.466647871437,4432.216647871437,4432.716647871437,1317,736,1027
4437.875389590962,4437.625389590962,4438.125389590962,1648,1679,1664
4436.039126776176,4435.914126776176,4436.164126776176,873,1200,1037
4434.610236044177,4434.360236044177,4434.860236044177,1992,1585,1789
4438.981186399239,4438.856186399239,4439.106186399239,1936,1445,1691
4447.456095416751,4447.331095416751,4447.581095416751,896,1605,1251
4449.303500175556,4449.178500175556,4449.428500175556,598,1339,969
4449.48647134385,4449.23647134385,4449.73647134385,673,1586,1130
4448.327741231547,4448.202741231547,4448.452741231547,2281,1222,1752
4444.0741805785265,4443.8241805785265,4444.3241805785265,1936,855,1396
4440.299586347659,4440.174586347659,4440.424586347659,1061,1222,1142
4443.149948476313,4442.899948476313,4443.399948476313,1955,1134,1545
4443.196752669327,4442.821752669327,4443.571752669327,1907,1106,1507
4443.272318348219,4443.147318348219,4443.397318348219,687,1122,905
4445.257010150456,4445.007010150456,4445.507010150456,621,1390,1006
4447.211530639248,4447.086530639248,4447.336530639248,886,1263,1075
4451.279864130693,4451.029864130693,4451.529864130693,1186,861,1024
4447.894161984775,4447.769161984775,4448.019161984775,715,1374,1045
4444.920899624192,4444.795899624192,4445.045899624192,1564,1711,1638
4445.773027886545,4445.523027886545,4446.023027886545,1358,965,1162
4445.097313411543,4444.847313411543,4445.347313411543,1428,839,1134
4439.637462406674,4439.512462406674,4439.762462406674,1399,2204,1802
4441.150712028811,4440.900712028811,4441.400712028811,1384,1351,1368
4439.763478057458,4439.638478057458,4439.888478057458,1385,1062,1224
4433.661807274225,4433.536807274225,4433.786807274225,962,1201,1082
4436.694446349707,4436.444446349707,4436.944446349707,1729,1656,1693
4437.130996269126,4437.005996269126,4437.255996269126,1974,1829,1902
4440.117157318695,4439.867157318695,4440.367157318695,1469,1972,1721
4441.871751822217,4441.746751822217,4441.996751822217,671,1452,1062
4439.952372037696,4439.827372037696,4440.077372037696,962,903,933
4437.529614589505,4437.279614589505,4437.779614589505,728,2127,1428
4439.902732559453,4439.652732559453,4440.152732559453,836,1709,1273
4443.398785221791,4443.023785221791,4443.773785221791,1580,865,1223
4439.238129075052,4439.113129075052,4439.363129075052,633,1212,923
4434.0260677584665,4433.9010677584665,4434.1510677584665,1176,1645,1411
4436.536321583167,4436.286321583167,4436.786321583167,829,866,848
4438.528090987217,4438.403090987217,4438.653090987217,2319,1244,1782
4436.9402081583885,4436.6902081583885,4437.1902081583885,1550,2031,1791
4437.658989533924,4437.533989533924,4437.783989533924,1012,1549,1281
4432.1622369656,4431.9122369656,4432.4122369656,902,2005,1454
4430.17172183342,4430.04672183342,4430.29672183342,904,921,913
4427.429439821236,4427.179439821236,4427.679439821236,1980,1007,1494
4426.080968593976,4425.955968593976,4426.205968593976,2360,1247,1804
4422.099897394703,4421.974897394703,4422.224897394703,968,1115,1042
4416.769507143513,4416.644507143513,4416.894507143513,1667,1374,1521
4420.359515695892,4419.984515695892,4420.734515695892,1455,2346,1901
4423.405716407005,4423.280716407005,4423.530716407005,1243,976,1110
4426.204320722353,4426.079320722353,4426.329320722353,664,1989,1327
4422.108447294027,4421.983447294027,4422.233447294027,1216,565,891
4423.5828680492805,4423.3328680492805,4423.8328680492805,587,1122,855
4424.161853583866,4423.786853583866,4424.536853583866,740,1241,991
4422.075930283055,4421.950930283055,4422.200930283055,1511,2374,1943
4423.074428979105,4422.699428979105,4423.449428979105,1502,1835,1669
4423.213205162344,4423.088205162344,4423.338205162344,732,2187,1460
4428.058742426226,4427.933742426226,4428.183742426226,624,1447,1036
4423.56429871507,4423.43929871507,4423.68929871507,1455,1344,1400
4423.206741933422,4423.081741933422,4423.331741933422,2823,1032,1928
4423.531587068876,4423.406587068876,4423.656587068876,1822,1533,1678
4425.064893190107,4424.814893190107,4425.314893190107,770,1181,976
4421.719495767189,4421.594495767189,4421.844495767189,1114,2395,1755
4419.65177754422,4419.27677754422,4420.02677754422,987,2676,1832
4418.874004684234,4418.624004684234,4419.124004684234,1146,2177,1662
4418.276100034041,4418.151100034041,4418.401100034041,1244,479,862
4416.715369678963,4416.590369678963,4416.840369678963,1255,1200,1228
4418.005077384238,4417.880077384238,4418.130077384238,2278,983,1631
4418.321192235578,4418.196192235578,4418.446192235578,1733,746,1240
4419.139259102193,4418.889259102193,4419.389259102193,1607,1126,1367
4420.521578795508,4420.271578795508,4420.771578795508,1703,1622,1663
4420.572747675184,4420.447747675184,4420.697747675184,1930,1491,1711
4426.455086536924,4426.205086536924,4426.705086536924,1118,1037,1078
4427.001821598349,4426.876821598349,4427.126821598349,830,1617,1224
4429.159034381696,4429.034034381696,4429.284034381696,1030,1675,1353
4432.483044743708,4432.358044743708,4432.608044743708,1732,1721,1727
4428.768580009492,4428.643580009492,4428.893580009492,1278,1039,1159
4429.29633181795,4429.04633181795,4429.54633181795,1805,766,1286
4428.342093311647,4428.217093311647,4428.467093311647,753,1040,897
4434.005300947373,4433.880300947373,4434.130300947373,1452,1755,1604
4438.523625151436,4438.398625151436,4438.648625151436,784,1225,1005
4438.867356404044,4438.492356404044,4439.242356404044,1311,708,1010
4439.9693240414545,4439.8443240414545,4440.0943240414545,1701,670,1186
4440.635776031081,4440.510776031081,4440.760776031081,1726,1221,1474
4435.3645981678055,4434.9895981678055,4435.7395981678055,862,1619,1241
4427.172993485111,4427.047993485111,4427.297993485111,2017,1724,1871
4430.943493706965,4430.818493706965,4431.068493706965,729,1570,1150
4419.148564179574,4419.023564179574,4419.273564179574,1956,1393,1675
4417.542955003945,4417.292955003945,4417.792955003945,495,1364,930
4427.531701621243,4427.406701621243,4427.656701621243,2048,1447,1748
4424.947054877683,4424.822054877683,4425.072054877683,739,1312,1026
4422.848606565902,4422.598606565902,4423.098606565902,901,1568,1235
4420.899222125593,4420.774222125593,4421.024222125593,1135,2392,1764
4416.489319707388,4416.239319707388,4416.739319707388,676,1853,1265
4409.941971182972,4409.691971182972,4410.191971182972,1499,2344,1922
4407.685507757663,4407.310507757663,4408.060507757663,555,1174,865
4407.191862354538,4406.941862354538,4407.441862354538,1333,1044,1189
4402.793921072338,4402.668921072338,4402.918921072338,1343,922,1133
4407.716407863197,4407.466407863197,4407.966407863197,904,1143,1024
4405.061917095769,4404.811917095769,4405.311917095769,2639,1288,1964
4405.8869277864815,4405.7619277864815,4406.0119277864815,1560,1057,1309
4401.520294482822,4401.395294482822,4401.645294482822,1357,2476,1917
4405.613838950183,4405.488838950183,4405.738838950183,1729,1598,1664
4405.897435828367,4405.772435828367,4406.022435828367,2116,1707,1912
4407.45490705786,4407.32990705786,4407.57990705786,1705,1062,1384
4404.464093353388,4404.339093353388,4404.589093353388,1535,1406,1471
4411.45549344976,4411.33049344976,4411.58049344976,1318,1525,1422
4416.224473049155,4416.099473049155,4416.349473049155,1384,2213,1799
4414.870928868753,4414.745928868753,4414.995928868753,1156,839,998
4407.975277886683,4407.850277886683,4408.100277886683,1029,860,945
4412.78756045464,4412.66256045464,4412.91256045464,1349,1246,1298
4407.871457080382,4407.621457080382,4408.121457080382,1263,1730,1497
4409.536822709202,4409.411822709202,4409.661822709202,1970,1047,1509
4409.229017953282,4409.104017953282,4409.354017953282,2217,1316,1767
4405.8215568038795,4405.6965568038795,4405.9465568038795,2256,1031,1644
4404.144387804155,4403.894387804155,4404.394387804155,598,1355,977
4401.970318908731,4401.845318908731,4402.095318908731,770,1891,1331
4398.741139783057,4398.491139783057,4398.991139783057,2365,1180,1773
4390.710331462233,4390.585331462233,4390.835331462233,1302,1401,1352
4388.632986867901,4388.507986867901,4388.757986867901,2308,1501,1905
4392.147040621437,4391.897040621437,4392.397040621437,1497,2018,1758
4389.8391080822585,4389.7141080822585,4389.9641080822585,1413,1460,1437
4389.348874496919,4389.223874496919,4389.473874496919,1595,2366,1981
4381.136011677575,4380.761011677575,4381.511011677575,894,949,922
4374.459304549668,4374.084304549668,4374.834304549668,592,1687,1140
4368.8499974111455,4368.7249974111455,4368.9749974111455,1844,1401,1623
4364.093160866862,4363.968160866862,4364.218160866862,758,1349,1054
4360.019022895636,4359.644022895636,4360.394022895636,1522,1617,1570
4367.254344083381,4367.129344083381,4367.379344083381,2463,1280,1872
4368.568617574992,4368.443617574992,4368.693617574992,728,1073,901
4372.552992008159,4372.427992008159,4372.677992008159,798,1735,1267
4371.94285284442,4371.56785284442,4372.31785284442,1926,1275,1601
4374.924814183543,4374.799814183543,4375.049814183543,1056,701,879
4378.057699953017,4377.932699953017,4378.182699953017,1239,840,1040
4375.55837112824,4375.30837112824,4375.80837112824,600,1231,916
4375.542117225514,4375.292117225514,4375.792117225514,747,1036,892
4377.228666497165,4377.103666497165,4377.353666497165,1471,522,997
4375.06668540887,4374.69168540887,4375.44168540887,1884,1651,1768
4381.1535226020505,4380.7785226020505,4381.5285226020505,1151,888,1020
4383.32923927772,4382.95423927772,4383.70423927772,1567,1520,1544
4377.3946946888,4377.1446946888,4377.6446946888,1633,1804,1719
4382.391137345981,4382.141137345981,4382.641137345981,998,1147,1073
4387.425627646739,4387.050627646739,4387.800627646739,1856,1027,1442
4386.542466332162,4386.417466332162,4386.667466332162,894,2095,1495
4384.28532221029,4384.16032221029,4384.41032221029,843,1848,1346
4385.625243189779,4385.500243189779,4385.750243189779,2152,1267,1710
4385.0510193990785,4384.9260193990785,4385.1760193990785,1734,1563,1649
4384.870137886823,4384.620137886823,4385.120137886823,881,1642,1262
4389.849916856514,4389.724916856514,4389.974916856514,2195,1314,1755
4388.552779014683,4388.302779014683,4388.802779014683,1058,2435,1747
4390.23453847502,4390.10953847502,4390.35953847502,1474,1357,1416
4394.3183442312,4394.1933442312,4394.4433442312,680,1495,1088
4397.849284867708,4397.724284867708,4397.974284867708,1882,1359,1621
4395.706699423775,4395.581699423775,4395.831699423775,2125,1322,1724
4393.094634484926,4392.969634484926,4393.219634484926,1619,1422,1521
4400.016828909912,4399.641828909912,4400.391828909912,1075,716,896
4395.105371472362,4394.980371472362,4395.230371472362,1520,1079,1300
4401.076356552328,4400.701356552328,4401.451356552328,930,2393,1662
4396.976563809386,4396.851563809386,4397.101563809386,1409,1008,1209
4398.714883933495,4398.464883933495,4398.964883933495,1505,810,1158
4403.698765071744,4403.448765071744,4403.948765071744,1499,1888,1694
4407.68710438068,4407.43710438068,4407.93710438068,1218,2105,1662
4407.588345036677,4407.463345036677,4407.713345036677,1944,1887,1916
4403.136418412857,4402.886418412857,4403.386418412857,878,2143,1511
4395.44623523798,4395.19623523798,4395.69623523798,2011,1214,1613
4397.752529826339,4397.627529826339,4397.877529826339,638,1269,954
4401.229571077178,4401.104571077178,4401.354571077178,810,1021,916
4404.128881044125,4404.003881044125,4404.253881044125,1282,1275,1279
4406.405832722572,4406.280832722572,4406.530832722572,2275,1478,1877
4406.942951082541,4406.692951082541,4407.192951082541,886,1099,993
4404.839363932988,4404.589363932988,4405.089363932988,555,1070,813
4413.860369796656,4413.610369796656,4414.110369796656,1592,2151,1872
4415.094493180946,4414.844493180946,4415.344493180946,916,2623,1770
4417.576083897363,4417.326083897363,4417.826083897363,837,2156,1497
4413.840333861761,4413.590333861761,4414.090333861761,2272,1141,1707
4409.921236689958,4409.671236689958,4410.171236689958,1121,2276,1699
4408.691031941564,4408.566031941564,4408.816031941564,439,1300,870
4412.973624031397,4412.848624031397,4413.098624031397,1817,802,1310
4406.375532906269,4406.125532906269,4406.625532906269,1634,1431,1533
4404.842401619508,4404.717401619508,4404.967401619508,1027,878,953
4407.416871769818,4407.041871769818,4407.791871769818,1978,905,1442
4409.22028293285,4409.09528293285,4409.34528293285,1985,1246,1616
4403.152045263785,4402.902045263785,4403.402045263785,1588,1345,1467
4406.383842936832,4406.258842936832,4406.508842936832,873,2338,1606
4410.97961480508,4410.85461480508,4411.10461480508,944,1707,1326
4409.885194671954,4409.760194671954,4410.010194671954,802,1819,1311
4407.744027410963,4407.619027410963,4407.869027410963,2056,1419,1738
4398.760927333345,4398.635927333345,4398.885927333345,1700,871,1286
4400.160331019607,4399.910331019607,4400.410331019607,801,1310,1056
4406.40135143071,4406.15135143071,4406.65135143071,425,1176,801
4409.229727233758,4409.104727233758,4409.354727233758,1683,1320,1502
4409.790629959812,4409.665629959812,4409.915629959812,1090,1897,1494
4417.48230581196,4417.35730581196,4417.60730581196,827,1710,1269
4410.646662748275,4410.396662748275,4410.896662748275,2797,1108,1953
4406.934952041639,4406.809952041639,4407.059952041639,513,1516,1015
4404.281770833958,4404.031770833958,4404.531770833958,2398,1305,1852
4404.327636781671,4404.202636781671,4404.452636781671,2169,1446,1808
4403.8084443752105,4403.4334443752105,4404.1834443752105,699,1308,1004
4398.929435623802,4398.679435623802,4399.179435623802,1508,1041,1275
4404.281320816468,4404.156320816468,4404.406320816468,969,2030,1500
4397.3077172875655,4397.1827172875655,4397.4327172875655,1122,1753,1438
4406.228621779477,4405.853621779477,4406.603621779477,829,1288,1059
4403.152597340455,4402.902597340455,4403.402597340455,1964,1725,1845
4403.77320663876,4403.52320663876,4404.02320663876,2075,1032,1554
4398.766067399717,4398.641067399717,4398.891067399717,2145,1220,1683
4399.400437364848,4399.275437364848,4399.525437364848,1763,1228,1496
4401.788554968285,4401.663554968285,4401.913554968285,755,1390,1073
4392.898303605433,4392.773303605433,4393.023303605433,471,1174,823
4394.84890444201,4394.72390444201,4394.97390444201,1368,561,965
4395.458161318654,4395.333161318654,4395.583161318654,1228,1771,1500
4401.054348337612,4400.804348337612,4401.304348337612,1367,2346,1857
4396.213225391532,4395.963225391532,4396.463225391532,1141,1392,1267
4397.021286348869,4396.896286348869,4397.146286348869,1568,715,1142
4395.168331108731,4395.043331108731,4395.293331108731,806,1615,1211
4404.468385142622,4404.343385142622,4404.593385142622,1538,637,1088
4404.597478280427,4404.472478280427,4404.722478280427,1584,1959,1772
4405.392962851576,4405.017962851576,4405.767962851576,1723,1852,1788
4396.202717009671,4395.952717009671,4396.452717009671,629,994,812
4391.757951853376,4391.382951853376,4392.132951853376,611,998,805
4391.158319442112,4390.908319442112,4391.408319442112,911,1844,1378
4388.671528742947,4388.546528742947,4388.796528742947,1012,655,834
4383.742716654327,4383.617716654327,4383.867716654327,2033,1364,1699
4382.927622226758,4382.802622226758,4383.052622226758,2301,1162,1732
4382.60235603201,4382.35235603201,4382.85235603201,505,1448,977
4375.212183948138,4374.962183948138,4375.462183948138,1888,757,1323
4376.967671621391,4376.842671621391,4377.092671621391,1746,2065,1906
4372.42154614889,4372.29654614889,4372.54654614889,1345,2064,1705
4370.802118874754,4370.677118874754,4370.927118874754,1355,2088,1722
4363.455027597069,4363.330027597069,4363.580027597069,1673,1174,1424
4361.6182416730335,4361.4932416730335,4361.7432416730335,1111,1016,1064
4361.658612731423,4361.408612731423,4361.908612731423,1180,537,859
4362.118574994289,4361.993574994289,4362.243574994289,845,1106,976
4360.142985876598,4359.767985876598,4360.517985876598,1390,1939,1665
4359.706871921106,4359.581871921106,4359.831871921106,2364,1189,1777
4362.071511950134,4361.946511950134,4362.196511950134,1477,566,1022
4364.250976247103,4364.125976247103,4364.375976247103,946,2165,1556
4366.363038039556,4366.238038039556,4366.488038039556,984,653,819
4368.691054460265,4368.566054460265,4368.816054460265,643,1796,1220
4364.563565409849,4364.313565409849,4364.813565409849,1000,2277,1639
4363.49355298488,4363.36855298488,4363.61855298488,1415,2564,1990
4364.998582793169,4364.748582793169,4365.248582793169,1095,1884,1490
4368.5345930250705,4368.2845930250705,4368.7845930250705,1916,1685,1801
4373.967057678083,4373.842057678083,4374.092057678083,693,1852,1273
4376.410158923054,4376.160158923054,4376.660158923054,704,1865,1285
4369.1965813155375,4368.9465813155375,4369.4465813155375,1457,1382,1420
4370.919270248206,4370.794270248206,4371.044270248206,2325,1596,1961
4362.007200243476,4361.882200243476,4362.132200243476,2919,982,1951
4355.188849354341,4354.938849354341,4355.438849354341,1366,461,914
4351.580420435808,4351.205420435808,4351.955420435808,2259,1216,1738
4354.4119559437295,4354.2869559437295,4354.5369559437295,1106,1137,1122
4361.5318331986155,4361.2818331986155,4361.7818331986155,953,2516,1735
4364.2478642828755,4364.1228642828755,4364.3728642828755,1095,1126,1111
4367.966810292944,4367.716810292944,4368.216810292944,965,1932,1449
4364.397527452593,4364.147527452593,4364.647527452593,2285,1394,1840
4356.649909079895,4356.524909079895,4356.774909079895,1421,1856,1639
4351.594650063573,4351.469650063573,4351.719650063573,994,1919,1457
4356.409346148077,4356.159346148077,4356.659346148077,1997,1550,1774
4352.93988347533,4352.68988347533,4353.18988347533,508,1361,935
4351.338595981486,4351.088595981486,4351.588595981486,1460,1869,1665
4355.356477197746,4355.106477197746,4355.606477197746,671,1398,1035
4345.57199233076,4345.44699233076,4345.69699233076,1221,2362,1792
4344.903716775678,4344.653716775678,4345.153716775678,1836,781,1309
4348.196974222855,4348.071974222855,4348.321974222855,1378,2215,1797
4346.599825246816,4346.349825246816,4346.849825246816,936,1463,1200
4342.549019750324,4342.424019750324,4342.674019750324,859,970,915
4343.827895499249,4343.702895499249,4343.952895499249,1270,1713,1492
4348.991891585639,4348.741891585639,4349.241891585639,677,1338,1008
4344.265443303608,4343.890443303608,4344.640443303608,1076,957,1017
4338.444203310093,4338.319203310093,4338.569203310093,2138,761,1450
4331.115994942381,4330.990994942381,4331.240994942381,1252,2373,1813
4331.054110458472,4330.929110458472,4331.179110458472,1790,1391,1591
4325.419337469645,4325.294337469645,4325.544337469645,1238,2649,1944
4327.922145685149,4327.797145685149,4328.047145685149,882,2395,1639
4329.682612148121,4329.432612148121,4329.932612148121,870,1251,1061
4336.295021845813,4336.170021845813,4336.420021845813,1244,1167,1206
4342.615493304217,4342.490493304217,4342.740493304217,1242,2149,1696
4343.6912283384245,4343.4412283384245,4343.9412283384245,890,1889,1390
4345.669685818829,4345.544685818829,4345.794685818829,1795,766,1281
4348.168331586506,4348.043331586506,4348.293331586506,1958,683,1321
4348.873439634137,4348.623439634137,4349.123439634137,1190,1039,1115
4351.607585853119,4351.482585853119,4351.732585853119,544,1563,1054
4353.025834581705,4352.900834581705,4353.150834581705,1230,959,1095
4350.322579611866,4350.197579611866,4350.447579611866,2487,1218,1853
4348.781214784858,4348.656214784858,4348.906214784858,1133,1950,1542
4352.594732047674,4352.344732047674,4352.844732047674,707,1086,897
4352.060638156375,4351.810638156375,4352.310638156375,1064,1757,1411
4356.316851296617,4356.191851296617,4356.441851296617,2250,1733,1992
4357.957533296965,4357.707533296965,4358.207533296965,657,956,807
4356.373396133995,4355.998396133995,4356.748396133995,1833,1626,1730
4361.492237853303,4361.367237853303,4361.617237853303,1221,470,846
4365.003319269614,4364.753319269614,4365.253319269614,790,1163,977
4372.494113673998,4372.369113673998,4372.619113673998,2075,1198,1637
4372.464044561356,4372.339044561356,4372.589044561356,2140,1163,1652
4373.49580421949,4373.37080421949,4373.62080421949,1655,1268,1462
4375.638269231664,4375.513269231664,4375.763269231664,556,1069,813
4375.8299185811275,4375.4549185811275,4376.2049185811275,1761,2170,1966
4383.493954559617,4383.243954559617,4383.743954559617,1169,864,1017
4378.220908406208,4377.970908406208,4378.470908406208,1637,2346,1992
4375.8447459311865,4375.5947459311865,4376.0947459311865,1851,2146,1999
4371.784911717847,4371.409911717847,4372.159911717847,1635,870,1253
4370.917903933127,4370.667903933127,4371.167903933127,1535,1192,1364
4367.935904759625,4367.685904759625,4368.185904759625,941,2282,1612
4362.722044499596,4362.472044499596,4362.972044499596,598,1695,1147
4365.497904953254,4365.372904953254,4365.622904953254,1973,1686,1830
4369.98184890455,4369.85684890455,4370.10684890455,701,1690,1196
4367.572477605107,4367.447477605107,4367.697477605107,1977,1254,1616
4368.373315858211,4368.123315858211,4368.623315858211,695,1006,851
4377.320581619961,4377.070581619961,4377.570581619961,2069,1246,1658
4376.5183725325915,4376.2683725325915,4376.7683725325915,1255,1854,1555
4379.415271259049,4379.290271259049,4379.540271259049,928,2317,1623
4384.521614266648,4384.396614266648,4384.646614266648,1733,892,1313
4388.6216026138145,4388.2466026138145,4388.9966026138145,2483,1412,1948
4387.549539267817,4387.424539267817,4387.674539267817,1273,1372,1323
4385.243755142444,4385.118755142444,4385.368755142444,2061,1412,1737
4383.731144824754,4383.356144824754,4384.106144824754,2190,1581,1886
4386.491712885997,4386.366712885997,4386.616712885997,1537,846,1192
4384.441950208019,4384.316950208019,4384.566950208019,1207,2482,1845
4387.375746305423,4387.250746305423,4387.500746305423,1498,1553,1526
4386.0769788770585,4385.9519788770585,4386.2019788770585,2138,765,1452
4387.0014592794605,4386.8764592794605,4387.1264592794605,1366,1893,1630
4390.344995174106,4390.219995174106,4390.469995174106,929,2242,1586
4393.5779862128875,4393.3279862128875,4393.8279862128875,1392,601,997
4386.591233855815,4386.466233855815,4386.716233855815,1631,852,1242
4394.169953419945,4394.044953419945,4394.294953419945,1909,810,1360
4398.5932933727145,4398.4682933727145,4398.7182933727145,1008,2951,1980
4396.617826112081,4396.492826112081,4396.742826112081,1961,1072,1517
4396.809708857311,4396.684708857311,4396.934708857311,1921,1946,1934
4398.599931944598,4398.349931944598,4398.849931944598,778,1307,1043
4396.066272772477,4395.941272772477,4396.191272772477,2159,1026,1593
4398.115956718697,4397.865956718697,4398.365956718697,1503,1984,1744
4404.211530481978,4404.086530481978,4404.336530481978,2625,994,1810
4409.363584638254,4408.988584638254,4409.738584638254,631,1238,935
4410.2031059042165,4409.9531059042165,4410.4531059042165,1748,669,1209
4409.222307078918,4409.097307078918,4409.347307078918,2293,1260,1777
4412.867239259115,4412.617239259115,4413.117239259115,2092,725,1409
4408.335802391748,4408.210802391748,4408.460802391748,988,831,910
4408.104627495115,4407.979627495115,4408.229627495115,1048,993,1021
4410.952927824649,4410.702927824649,4411.202927824649,555,1116,836
4411.385998723324,4411.260998723324,4411.510998723324,1425,1710,1568
4411.61617919838,4411.36617919838,4411.86617919838,556,1191,874
4413.90957965641,4413.53457965641,4414.28457965641,1734,1903,1819
4413.015215852957,4412.890215852957,4413.140215852957,1183,618,901
4419.1997655747855,4418.8247655747855,4419.5747655747855,1446,2103,1775
4427.949176613267,4427.824176613267,4428.074176613267,1021,666,844
4428.550013466191,4428.425013466191,4428.675013466191,1125,1286,1206
4424.13433291451,4424.00933291451,4424.25933291451,864,943,904
4429.584948363677,4429.459948363677,4429.709948363677,1991,782,1387
4431.390249184472,4431.265249184472,4431.515249184472,856,1251,1054
4431.6769255699255,4431.5519255699255,4431.8019255699255,2780,1179,1980
4433.347435719309,4433.097435719309,4433.597435719309,1868,1705,1787
4432.349868114236,4432.224868114236,4432.474868114236,2656,897,1777
4432.85096896617,4432.72596896617,4432.97596896617,1388,2351,1870
4429.260732523999,4429.010732523999,4429.510732523999,1832,923,1378
4427.014055475421,4426.764055475421,4427.264055475421,1529,2308,1919
4420.569083256647,4420.444083256647,4420.694083256647,1137,2590,1864
4418.364655855012,4417.989655855012,4418.739655855012,528,1521,1025
4420.813775665256,4420.688775665256,4420.938775665256,2605,1118,1862
4419.02071964934,4418.89571964934,4419.14571964934,1374,835,1105
4418.587280134801,4418.212280134801,4418.962280134801,540,1577,1059
4412.901865762425,4412.776865762425,4413.026865762425,1138,883,1011
4417.295351098606,4417.170351098606,4417.420351098606,2129,812,1471
4418.415299998703,4418.290299998703,4418.540299998703,1008,955,982
4418.868414133119,4418.743414133119,4418.993414133119,829,1378,1104
4413.117199559137,4412.742199559137,4413.492199559137,1360,1107,1234
4411.72774271386,4411.47774271386,4411.97774271386,923,1522,1223
4411.236942765724,4411.111942765724,4411.361942765724,2324,1205,1765
4415.769829041082,4415.519829041082,4416.019829041082,1437,1372,1405
4408.071306372649,4407.821306372649,4408.321306372649,1821,1184,1503
4403.198800396798,4403.073800396798,4403.323800396798,2299,1288,1794
4410.302656685088,4410.177656685088,4410.427656685088,916,699,808
4408.197621025888,4407.947621025888,4408.447621025888,1348,2303,1826
4416.226188085735,4416.101188085735,4416.351188085735,2720,1201,1961
4411.988452687682,4411.613452687682,4412.363452687682,1546,883,1215
4409.471135092226,4409.221135092226,4409.721135092226,2021,1364,1693
4412.932762279829,4412.807762279829,4413.057762279829,1101,590,846
4414.3178557927995,4414.1928557927995,4414.4428557927995,510,1361,936
4410.212971480686,4409.837971480686,4410.587971480686,992,1871,1432
4409.6925015285005,4409.5675015285005,4409.8175015285005,1059,1968,1514
4409.9388373005195,4409.8138373005195,4410.0638373005195,1019,1240,1130
4401.834185762196,4401.709185762196,4401.959185762196,1860,747,1304
4400.220686453909,4400.095686453909,4400.345686453909,2151,1314,1733
4399.094265737308,4398.969265737308,4399.219265737308,1919,874,1397
4403.282804014644,4403.157804014644,4403.407804014644,1082,1129,1106
4404.086453333995,4403.836453333995,4404.336453333995,2325,988,1657
4404.212985611404,4403.837985611404,4404.587985611404,852,1701,1277
4404.708783784342,4404.583783784342,4404.833783784342,1105,1530,1318
4402.898925298892,4402.648925298892,4403.148925298892,581,1408,995
4402.537342413606,4402.412342413606,4402.662342413606,2253,904,1579
4393.845587822535,4393.720587822535,4393.970587822535,941,744,843
4396.663748442406,4396.288748442406,4397.038748442406,1834,1499,1667
4410.286600846651,4410.161600846651,4410.411600846651,1520,2383,1952
4406.484383357608,4406.359383357608,4406.609383357608,1002,893,948
4404.401231237618,4404.276231237618,4404.526231237618,1101,2082,1592
4404.403022296433,4404.278022296433,4404.528022296433,1315,1288,1302
4407.571298668005,4407.446298668005,4407.696298668005,837,970,904
4410.050568634603,4409.800568634603,4410.300568634603,2292,1549,1921
4415.277855345491,4415.152855345491,4415.402855345491,2122,1423,1773
4415.807033283688,4415.682033283688,4415.932033283688,1638,1505,1572
4415.921819107791,4415.796819107791,4416.046819107791,1454,751,1103
4420.845124292269,4420.720124292269,4420.970124292269,877,1608,1243
4414.215894616019,4413.965894616019,4414.465894616019,1936,1345,1641
4412.964450915248,4412.839450915248,4413.089450915248,2258,1425,1842
4415.163350169789,4415.038350169789,4415.288350169789,1398,1687,1543
4411.946247170576,4411.821247170576,4412.071247170576,1716,1193,1455
4415.710026861542,4415.585026861542,4415.835026861542,912,801,857
4415.289546009006,4415.164546009006,4415.414546009006,1212,1729,1471
4413.538663151611,4413.413663151611,4413.663663151611,1534,1279,1407
4408.514831720804,4408.389831720804,4408.639831720804,1904,1745,1825
4405.777840977737,4405.652840977737,4405.902840977737,1133,730,932
4403.266146185139,4403.141146185139,4403.391146185139,2099,940,1520
4409.236723200493,4409.111723200493,4409.361723200493,1708,581,1145
4408.689071320568,4408.564071320568,4408.814071320568,2126,1211,1669
4408.767883417108,4408.517883417108,4409.017883417108,2405,1050,1728
4412.70267701127,4412.57767701127,4412.82767701127,1487,1354,1421
4410.044820237501,4409.919820237501,4410.169820237501,1242,903,1073
4407.9145404389965,4407.7895404389965,4408.0395404389965,1502,775,1139
4411.237146869876,4410.862146869876,4411.612146869876,1286,1943,1615
4407.63773347002,4407.38773347002,4407.88773347002,1299,1514,1407
4409.501417495386,4409.251417495386,4409.751417495386,1222,1411,1317
4405.24170442415,4404.99170442415,4405.49170442415,1645,2014,1830
4400.568167660845,4400.443167660845,4400.693167660845,2326,1569,1948
4398.7227427736025,4398.4727427736025,4398.9727427736025,1282,939,1111
4398.662178676659,4398.537178676659,4398.787178676659,1168,751,960
4402.265019389784,4402.140019389784,4402.390019389784,483,1128,806
4396.921220387546,4396.546220387546,4397.296220387546,970,1875,1423
4397.252672771515,4397.127672771515,4397.377672771515,2133,866,1500
4395.015690031968,4394.765690031968,4395.265690031968,616,1109,863
4390.6362683801435,4390.5112683801435,4390.7612683801435,1750,897,1324
4383.8671484669185,4383.6171484669185,4384.1171484669185,1679,734,1207
4389.055406052112,4388.930406052112,4389.180406052112,796,989,893
4393.008679071172,4392.883679071172,4393.133679071172,757,1652,1205
4394.949762174177,4394.824762174177,4395.074762174177,994,1757,1376
4398.873896796559,4398.498896796559,4399.248896796559,2209,1496,1853
4401.715414602816,4401.590414602816,4401.840414602816,1411,580,996
4406.254327518043,4406.129327518043,4406.379327518043,1550,1659,1605
4400.605290065343,4400.355290065343,4400.855290065343,1798,749,1274
4402.016802033207,4401.891802033207,4402.141802033207,710,2031,1371
4400.602843615693,4400.352843615693,4400.852843615693,2845,1066,1956
4400.048100320905,4399.923100320905,4400.173100320905,1078,2417,1748
4401.924616391505,4401.799616391505,4402.049616391505,2398,1095,1747
4398.422663914305,4398.172663914305,4398.672663914305,1697,1292,1495
4399.857000977152,4399.732000977152,4399.982000977152,2662,1223,1943
4400.1891946832175,4400.0641946832175,4400.3141946832175,1306,2351,1829
4393.826453855479,4393.576453855479,4394.076453855479,1784,697,1241
4394.888975023613,4394.763975023613,4395.013975023613,1196,1245,1221
4396.017483895022,4395.892483895022,4396.142483895022,896,1401,1149
4395.10262979716,4394.97762979716,4395.22762979716,1275,984,1130
4396.409726362537,4396.159726362537,4396.659726362537,705,1384,1045
4393.983073514378,4393.858073514378,4394.108073514378,1272,1289,1281
4393.8680913751405,4393.6180913751405,4394.1180913751405,733,1952,1343
4393.3402420184475,4393.2152420184475,4393.4652420184475,1433,1136,1285
4392.82791379179,4392.70291379179,4392.95291379179,1273,538,906
4389.169886153284,4388.919886153284,4389.419886153284,1017,1590,1304
4385.3058139316945,4385.0558139316945,4385.5558139316945,1724,1633,1679
4378.8570853809615,4378.7320853809615,4378.9820853809615,1008,1979,1494
4386.844380137361,4386.719380137361,4386.969380137361,1382,1721,1552
4386.581439542083,4386.331439542083,4386.831439542083,1734,1823,1779
4392.040595142961,4391.790595142961,4392.290595142961,1420,1777,1599
4393.938370522228,4393.813370522228,4394.063370522228,1826,1553,1690
4387.653711478623,4387.403711478623,4387.903711478623,1871,1496,1684
4387.230212965597,4386.980212965597,4387.480212965597,1362,991,1177
4387.6865400016595,4387.4365400016595,4387.9365400016595,1277,2468,1873
4386.840323975862,4386.590323975862,4387.090323975862,959,1886,1423
4390.297183977391,4390.172183977391,4390.422183977391,2243,920,1582
4392.391145890998,4392.266145890998,4392.516145890998,1927,1556,1742
4395.651127307578,4395.401127307578,4395.901127307578,1717,2204,1961
4395.942667769115,4395.817667769115,4396.067667769115,1970,1567,1769
4394.546054472986,4394.421054472986,4394.671054472986,1056,981,1019
4393.146043561136,4393.021043561136,4393.271043561136,1394,1681,1538
4391.30408528557,4391.17908528557,4391.42908528557,1010,2795,1903
4387.039941967227,4386.914941967227,4387.164941967227,777,1616,1197
4384.012778847659,4383.887778847659,4384.137778847659,1666,2071,1869
4381.5100668593395,4381.1350668593395,4381.8850668593395,1105,1430,1268
4380.440093819541,4380.065093819541,4380.815093819541,1411,876,1144
4383.274102095288,4383.024102095288,4383.524102095288,1378,715,1047
4381.701504694043,4381.451504694043,4381.951504694043,1027,1066,1047
4382.660327249681,4382.535327249681,4382.785327249681,1376,683,1030
4382.15648164155,4382.03148164155,4382.28148164155,1418,701,1060
4382.589220764122,4382.339220764122,4382.839220764122,2627,1224,1926
4384.252365884802,4384.002365884802,4384.502365884802,1087,1760,1424
4383.495332200685,4383.370332200685,4383.620332200685,772,2107,1440
4388.088713137313,4387.963713137313,4388.213713137313,1048,1973,1511
4390.353317616318,4390.103317616318,4390.603317616318,1578,667,1123
4392.29170683505,4392.16670683505,4392.41670683505,788,1871,1330
4389.749748708188,4389.624748708188,4389.874748708188,2069,1538,1804
4385.830962977647,4385.705962977647,4385.955962977647,2431,1550,1991
4382.406662509407,4382.281662509407,4382.531662509407,916,1451,1184
4385.697738570337,4385.572738570337,4385.822738570337,933,1732,1333
4386.116698967003,4385.991698967003,4386.241698967003,1543,1038,1291
4387.371325559229,4387.246325559229,4387.496325559229,1441,1876,1659
4385.966686498612,4385.841686498612,4386.091686498612,1527,1536,1532
4385.1807003973045,4384.9307003973045,4385.4307003973045,2039,1580,1810
4386.260979791352,4386.135979791352,4386.385979791352,1433,2402,1918
4386.098928717999,4385.973928717999,4386.223928717999,1777,1874,1826
4384.545361338244,4384.295361338244,4384.795361338244,1273,818,1046
4382.760583090112,4382.635583090112,4382.885583090112,764,2105,1435
4377.652458747851,4377.527458747851,4377.777458747851,1620,1921,1771
4377.436549880678,4377.186549880678,4377.686549880678,1309,2662,1986
4377.767818956719,4377.642818956719,4377.892818956719,1004,2655,1830
4380.134507982674,4380.009507982674,4380.259507982674,1274,1941,1608
4377.648270362642,4377.523270362642,4377.773270362642,1697,1090,1394
4378.476771709348,4378.351771709348,4378.601771709348,1397,1798,1598
4376.0779755529065,4375.9529755529065,4376.2029755529065,1672,2015,1844
4376.948370783964,4376.823370783964,4377.073370783964,2168,837,1503
4377.826649105925,4377.701649105925,4377.951649105925,1685,1390,1538
4378.617584387948,4378.367584387948,4378.867584387948,754,1435,1095
4379.628316662723,4379.378316662723,4379.878316662723,1056,1859,1458
4383.939099705026,4383.814099705026,4384.064099705026,2416,1125,1771
4386.183764854181,4385.808764854181,4386.558764854181,1499,2362,1931
4390.417096894062,4390.292096894062,4390.542096894062,1397,1670,1534
4390.391328974303,4390.266328974303,4390.516328974303,2318,1403,1861
4390.106134349845,4389.981134349845,4390.231134349845,1483,1418,1451
4387.418150419635,4387.043150419635,4387.793150419635,2337,1498,1918
4386.4806455466,4386.3556455466,4386.6056455466,1063,602,833
4388.267305977056,4388.142305977056,4388.392305977056,747,1966,1357
4387.350340305467,4387.225340305467,4387.475340305467,2018,1037,1528
4388.043678171574,4387.668678171574,4388.418678171574,741,1360,1051
4385.139337734497,4385.014337734497,4385.264337734497,2042,701,1372
4382.526392363149,4382.401392363149,4382.651392363149,1162,1661,1412
4384.780182803268,4384.655182803268,4384.905182803268,599,1678,1139
4387.883053762658,4387.758053762658,4388.008053762658,2405,1156,1781
4386.899172359621,4386.524172359621,4387.274172359621,1662,699,1181
4390.720350240885,4390.595350240885,4390.845350240885,1710,861,1286
4390.428679802843,4390.303679802843,4390.553679802843,1288,477,883
4392.170652591176,4391.920652591176,4392.420652591176,2034,1933,1984
4392.371149229608,4392.121149229608,4392.621149229608,872,749,811
4390.842874282581,4390.592874282581,4391.092874282581,657,1718,1188
4387.034088575726,4386.659088575726,4387.409088575726,1772,1493,1633
4386.43124893427,4386.18124893427,4386.68124893427,2430,1445,1938
4385.682202476151,4385.432202476151,4385.932202476151,2178,1401,1790
4383.723973671706,4383.598973671706,4383.848973671706,1615,1050,1333
4383.471615955117,4383.346615955117,4383.596615955117,2144,1817,1981
4381.711480461202,4381.461480461202,4381.961480461202,563,1372,968
4379.068008950344,4378.943008950344,4379.193008950344,1634,2095,1865
4380.225151043673,4379.975151043673,4380.475151043673,1002,1165,1084
4381.648922632023,4381.398922632023,4381.898922632023,1152,1299,1226
4387.018606460087,4386.768606460087,4387.268606460087,726,1303,1015
4390.5722378995,4390.4472378995,4390.6972378995,1583,1068,1326
4390.0610122040125,4389.9360122040125,4390.1860122040125,941,1116,1029
4387.102990388696,4386.852990388696,4387.352990388696,1260,459,860
4388.63710953077,4388.38710953077,4388.88710953077,1291,1500,1396
4387.535447013882,4387.285447013882,4387.785447013882,1147,1444,1296
4386.517044986339,4386.392044986339,4386.642044986339,2080,1131,1606
4385.7677876455655,4385.5177876455655,4386.0177876455655,2585,1138,1862
4383.404279552176,4383.279279552176,4383.529279552176,1500,1711,1606
4382.432610496383,4382.307610496383,4382.557610496383,2020,953,1487
4383.289643423198,4383.164643423198,4383.414643423198,820,1515,1168
4381.824139187608,4381.699139187608,4381.949139187608,1376,1471,1424
4379.352459090825,4378.977459090825,4379.727459090825,2267,844,1556
4379.377124457705,4379.002124457705,4379.752124457705,1516,2269,1893
4379.903526610149,4379.778526610149,4380.028526610149,2036,1607,1822
4377.705892461898,4377.455892461898,4377.955892461898,988,2493,1741
4378.067948037684,4377.942948037684,4378.192948037684,914,2121,1518
4377.965346814498,4377.715346814498,4378.215346814498,1303,2136,1720
4378.080005809755,4377.955005809755,4378.205005809755,1272,2155,1714
4379.719429360392,4379.594429360392,4379.844429360392,1210,677,944
4381.938408381922,4381.813408381922,4382.063408381922,774,1817,1296
4383.610740360055,4383.485740360055,4383.735740360055,513,1352,933
4383.663523509473,4383.538523509473,4383.788523509473,2744,1133,1939
4381.232961939171,4381.107961939171,4381.357961939171,2377,1442,1910
4377.877689119345,4377.752689119345,4378.002689119345,1837,1810,1824
4378.771561533028,4378.646561533028,4378.896561533028,891,1504,1198
4373.748098973467,4373.623098973467,4373.873098973467,1095,2362,1729
4374.079621246159,4373.954621246159,4374.204621246159,1272,653,963
4372.749086242682,4372.374086242682,4373.124086242682,1983,850,1417
4372.300774336477,4372.175774336477,4372.425774336477,1630,879,1255
4370.332032549555,4370.082032549555,4370.582032549555,2197,1736,1967
4370.417665767713,4370.292665767713,4370.542665767713,1555,2196,1876
4374.546240063199,4374.421240063199,4374.671240063199,1342,755,1049
4372.146514527692,4371.771514527692,4372.521514527692,1116,1669,1393
4370.181253820022,4370.056253820022,4370.306253820022,960,793,877
4370.55690319951,4370.18190319951,4370.93190319951,793,1824,1309
4369.0592000906245,4368.9342000906245,4369.1842000906245,1830,1597,1714
4366.387923221802,4366.262923221802,4366.512923221802,1176,1009,1093
4366.267590455601,4366.142590455601,4366.392590455601,1277,1060,1169
4371.131516804294,4370.881516804294,4371.381516804294,2842,1057,1950
4371.362349923506,4371.237349923506,4371.487349923506,764,1867,1316
4375.523700222585,4375.398700222585,4375.648700222585,1256,877,1067
4379.093236288494,4378.968236288494,4379.218236288494,1002,717,860
4378.834531219294,4378.584531219294,4379.084531219294,1609,1018,1314
4377.450459416474,4377.200459416474,4377.700459416474,737,1454,1096
4380.7149062614935,4380.5899062614935,4380.8399062614935,591,1590,1091
4382.1556448449055,4382.0306448449055,4382.2806448449055,2131,1430,1781
4380.251892943015,4380.001892943015,4380.501892943015,1239,1454,1347
4379.857305705745,4379.732305705745,4379.982305705745,1262,1279,1271
4379.423190246117,4379.298190246117,4379.548190246117,1585,1330,1458
4381.514770397644,4381.389770397644,4381.639770397644,644,1263,954
4382.4935072409735,4382.2435072409735,4382.7435072409735,2487,1030,1759
4383.6248880357725,4383.4998880357725,4383.7498880357725,1183,2136,1660
4382.578327704891,4382.328327704891,4382.828327704891,1250,2177,1714
4383.29934424252,4383.17434424252,4383.42434424252,2270,1467,1869
4386.6743767726475,4386.2993767726475,4387.0493767726475,1248,2113,1681
4386.907291671897,4386.782291671897,4387.032291671897,869,2344,1607
4385.489701043404,4385.239701043404,4385.739701043404,1592,877,1235
4388.825538228257,4388.700538228257,4388.950538228257,2351,1538,1945
4386.9774316876565,4386.8524316876565,4387.1024316876565,1221,2418,1820
4390.347611511202,4390.222611511202,4390.472611511202,2271,1476,1874
4390.421826245428,4390.296826245428,4390.546826245428,2867,960,1914
4390.894821394893,4390.769821394893,4391.019821394893,1161,740,951
4389.730419307634,4389.355419307634,4390.105419307634,1719,740,1230
4388.828713277186,4388.453713277186,4389.203713277186,1069,2270,1670
4393.892380024851,4393.767380024851,4394.017380024851,2523,1412,1968
4400.087975488089,4399.962975488089,4400.212975488089,1516,573,1045
4395.6895939662545,4395.3145939662545,4396.0645939662545,1799,1256,1528
4395.49819840224,4395.37319840224,4395.62319840224,840,769,805
4393.649178216654,4393.524178216654,4393.774178216654,808,1991,1400
4396.141229713125,4396.016229713125,4396.266229713125,1445,600,1023
4397.773582160068,4397.648582160068,4397.898582160068,850,2417,1634
4393.575508687328,4393.450508687328,4393.700508687328,776,1479,1128
4399.10974530257,4398.98474530257,4399.23474530257,1426,1671,1549
4396.080503597895,4395.955503597895,4396.205503597895,1340,1787,1564
4395.2585484318,4395.1335484318,4395.3835484318,1893,1756,1825
4393.053087566438,4392.803087566438,4393.303087566438,1679,1276,1478
4393.459597492339,4393.209597492339,4393.709597492339,1325,2514,1920
4388.17034802637,4388.04534802637,4388.29534802637,1827,832,1330
4387.089054830021,4386.964054830021,4387.214054830021,2178,1547,1863
4388.097955164588,4387.972955164588,4388.222955164588,1586,583,1085
4387.2434151878,4387.1184151878,4387.3684151878,904,2319,1612
4390.87678121453,4390.62678121453,4391.12678121453,1397,1200,1299
4393.105799440609,4392.980799440609,4393.230799440609,1599,1452,1526
4393.458366201049,4393.208366201049,4393.708366201049,1435,2376,1906
4397.532148511544,4397.407148511544,4397.657148511544,541,1216,879
4396.563603196544,4396.438603196544,4396.688603196544,1114,2453,1784
4395.242053175249,4395.117053175249,4395.367053175249,735,1200,968
4396.075942461136,4395.825942461136,4396.325942461136,1361,1924,1643
4394.003676166728,4393.878676166728,4394.128676166728,640,963,802
4392.897214299691,4392.772214299691,4393.022214299691,1870,1939,1905
4394.037799437661,4393.787799437661,4394.287799437661,904,2431,1668
4391.7243266471205,4391.5993266471205,4391.8493266471205,1072,967,1020
4392.449685277647,4392.324685277647,4392.574685277647,1726,893,1310
4389.767773903828,4389.517773903828,4390.017773903828,1814,1525,1670
4390.944416326013,4390.694416326013,4391.194416326013,1265,2552,1909
4387.925463249883,4387.800463249883,4388.050463249883,1856,981,1419
4388.713362071009,4388.588362071009,4388.838362071009,1020,1221,1121
4393.343020701493,4393.218020701493,4393.468020701493,1630,1175,1403
4394.1614156701,4394.0364156701,4394.2864156701,1015,1124,1070
4396.2062954460125,4396.0812954460125,4396.3312954460125,1212,1829,1521
4394.072988980691,4393.822988980691,4394.322988980691,1514,1733,1624
4396.615309585653,4396.240309585653,4396.990309585653,1008,1925,1467
4393.696785571329,4393.571785571329,4393.821785571329,893,1502,1198
4391.674587426369,4391.424587426369,4391.924587426369,1116,509,813
4392.663057625468,4392.538057625468,4392.788057625468,1279,1566,1423
4392.69776217402,4392.32276217402,4393.07276217402,1031,1522,1277
4394.869614908752,4394.619614908752,4395.119614908752,1664,919,1292
4393.13004308493,4393.00504308493,4393.25504308493,518,1161,840
4394.702819775083,4394.327819775083,4395.077819775083,1502,2293,1898
4396.392803440683,4396.267803440683,4396.517803440683,1955,1992,1974
4395.455949954704,4395.330949954704,4395.580949954704,723,1644,1184
4396.655582729253,4396.405582729253,4396.905582729253,1466,1857,1662
4394.649603904933,4394.399603904933,4394.899603904933,1584,1803,1694
4395.711353601146,4395.586353601146,4395.836353601146,535,1276,906
4393.163204561498,4393.038204561498,4393.288204561498,806,1169,988
4397.078348438596,4396.828348438596,4397.328348438596,1150,1527,1339
4396.560466058747,4396.435466058747,4396.685466058747,1418,2181,1800
4395.634674351967,4395.509674351967,4395.759674351967,2071,1720,1896
4395.48014853003,4395.23014853003,4395.73014853003,2303,1080,1692
4394.351799755763,4394.101799755763,4394.601799755763,1475,548,1012
4393.8132228906115,4393.6882228906115,4393.9382228906115,1539,530,1035
4392.459839421877,4392.334839421877,4392.584839421877,1003,1766,1385
4391.987248410751,4391.737248410751,4392.237248410751,2103,1032,1568
4394.456995099371,4394.331995099371,4394.581995099371,1174,2349,1762
4398.161212154209,4398.036212154209,4398.286212154209,1338,1249,1294
4399.604913365704,4399.354913365704,4399.854913365704,1508,1137,1323
4400.750141243565,4400.500141243565,4401.000141243565,2600,1137,1869
4398.4884488218595,4398.3634488218595,4398.6134488218595,1520,919,1220
4395.310812866222,4395.185812866222,4395.435812866222,1479,1818,1649
4395.41156805196,4395.28656805196,4395.53656805196,846,1095,971
4395.760498705123,4395.635498705123,4395.885498705123,637,1020,829
4408.010096511091,4407.885096511091,4408.135096511091,1238,643,941
4413.74472253879,4413.61972253879,4413.86972253879,765,1850,1308
4410.482591088852,4410.357591088852,4410.607591088852,799,1812,1306
4407.840750651634,4407.590750651634,4408.090750651634,1320,2117,1719
4395.82889320675,4395.70389320675,4395.95389320675,1048,2341,1695
4398.847942217518,4398.597942217518,4399.097942217518,891,2370,1631
4402.851978212134,4402.726978212134,4402.976978212134,1605,1342,1474
4408.101750497485,4407.976750497485,4408.226750497485,794,873,834
4412.560886616574,4412.310886616574,4412.810886616574,1150,477,814
4415.895169716946,4415.770169716946,4416.020169716946,1061,1118,1090
4417.938472623181,4417.563472623181,4418.313472623181,2373,838,1606
4420.349294539969,4420.099294539969,4420.599294539969,610,1515,1063
4424.17922863539,4423.92922863539,4424.42922863539,1364,479,922
4430.501437215072,4430.376437215072,4430.626437215072,1177,2716,1947
4433.492495431288,4433.117495431288,4433.867495431288,622,1471,1047
4437.043291365489,4436.793291365489,4437.293291365489,1004,2205,1605
4431.89365726683,4431.64365726683,4432.14365726683,1330,2029,1680
4431.186121329344,4431.061121329344,4431.311121329344,842,1729,1286
4423.402629073332,4423.277629073332,4423.527629073332,885,1728,1307
4424.558362007309,4424.183362007309,4424.933362007309,588,1571,1080
4424.1759567788085,4424.0509567788085,4424.3009567788085,1542,525,1034
4416.799265436836,4416.674265436836,4416.924265436836,2330,919,1625
4422.802451329862,4422.677451329862,4422.927451329862,1842,1713,1778
4419.496192369634,4419.371192369634,4419.621192369634,1878,1271,1575
4415.2447332451475,4415.1197332451475,4415.3697332451475,1280,1295,1288
4408.937487092628,4408.812487092628,4409.062487092628,2555,1308,1932
4404.693788553223,4404.443788553223,4404.943788553223,702,1567,1135
4403.164509550681,4402.914509550681,4403.414509550681,2701,1172,1937
4407.861239671919,4407.611239671919,4408.111239671919,1419,512,966
4412.279240778573,4412.154240778573,4412.404240778573,691,964,828
4408.949431194213,4408.824431194213,4409.074431194213,1405,624,1015
4402.4978721008365,4402.2478721008365,4402.7478721008365,1478,1761,1620
4404.873482787338,4404.748482787338,4404.998482787338,1676,905,1291
4407.185129553954,4407.060129553954,4407.310129553954,2186,1651,1919
4402.858807806079,4402.733807806079,4402.983807806079,1059,1332,1196
4405.341315541752,4405.216315541752,4405.466315541752,1577,710,1144
4410.966081147687,4410.841081147687,4411.091081147687,635,1290,963
4418.556891782264,4418.181891782264,4418.931891782264,1606,2311,1959
4424.86161724205,4424.73661724205,4424.98661724205,991,2160,1576
4425.050732332201,4424.925732332201,4425.175732332201,1456,1099,1278
4422.44551777392,4422.32051777392,4422.57051777392,1416,1913,1665
4420.441075199817,4420.316075199817,4420.566075199817,786,1777,1282
4416.1711208103825,4415.9211208103825,4416.4211208103825,2010,1213,1612
4408.271843247624,4408.146843247624,4408.396843247624,1120,2301,1711
4422.264170585864,4422.139170585864,4422.389170585864,2298,1337,1818
4416.79669033797,4416.67169033797,4416.92169033797,1968,2027,1998
4417.319373336123,4417.194373336123,4417.444373336123,1992,1671,1832
4409.122143491072,4408.872143491072,4409.372143491072,1482,1409,1446
4411.514144403311,4411.389144403311,4411.639144403311,695,1062,879
4406.411324273324,4406.161324273324,4406.661324273324,1240,755,998
4413.629664300214,4413.379664300214,4413.879664300214,1974,1569,1772
4423.172217742045,4422.797217742045,4423.547217742045,1675,1414,1545
4428.821078619024,4428.571078619024,4429.071078619024,1628,1949,1789
4433.2703174390535,4432.8953174390535,4433.6453174390535,1939,1774,1857
4429.89852819437,4429.64852819437,4430.14852819437,1618,727,1173
4425.489723556885,4425.364723556885,4425.614723556885,1265,468,867
4432.982610848107,4432.732610848107,4433.232610848107,1750,1621,1686
4423.893519174567,4423.643519174567,4424.143519174567,2223,1132,1678
4421.365574322945,4421.240574322945,4421.490574322945,1948,975,1462
4421.478181150751,4421.353181150751,4421.603181150751,1384,707,1046
4418.949669848457,4418.824669848457,4419.074669848457,1262,1285,1274
4422.38633022374,4422.13633022374,4422.63633022374,2362,1599,1981
4418.487160234813,4418.362160234813,4418.612160234813,1907,1252,1580
4421.68016807048,4421.55516807048,4421.80516807048,1677,822,1250
4401.355773484838,4400.980773484838,4401.730773484838,1527,1106,1317
4403.028463308742,4402.778463308742,4403.278463308742,1523,614,1069
4408.563010233003,4408.313010233003,4408.813010233003,725,1738,1232
4403.49536097294,4403.37036097294,4403.62036097294,1630,2105,1868
4402.856090091624,4402.731090091624,4402.981090091624,2753,1038,1896
4403.30334091532,4402.92834091532,4403.67834091532,1875,1302,1589
4409.159032138111,4408.784032138111,4409.534032138111,2522,939,1731
4402.9240793722765,4402.7990793722765,4403.0490793722765,731,2062,1397
4409.404323844074,4409.279323844074,4409.529323844074,1088,1609,1349
4412.944284914814,4412.819284914814,4413.069284914814,1791,678,1235
4406.6460911631,4406.5210911631,4406.7710911631,1348,855,1102
4406.329472587244,4406.079472587244,4406.579472587244,1583,936,1260
4399.54620192385,4399.42120192385,4399.67120192385,1049,1368,1209
4397.400876234883,4397.275876234883,4397.525876234883,908,1387,1148
4393.666314133453,4393.541314133453,4393.791314133453,1080,1993,1537
4397.336497686023,4397.086497686023,4397.586497686023,1303,576,940
4395.2954408966825,4395.1704408966825,4395.4204408966825,2784,1121,1953
4395.715182083019,4395.590182083019,4395.840182083019,970,1031,1001
4398.206039939554,4397.956039939554,4398.456039939554,2000,821,1411
4397.417369582851,4397.292369582851,4397.542369582851,1582,1573,1578
4404.705429053963,4404.580429053963,4404.830429053963,1023,2546,1785
4400.465729777746,4400.340729777746,4400.590729777746,2106,797,1452
4394.492761071208,4394.367761071208,4394.617761071208,890,2113,1502
4392.193779499599,4392.068779499599,4392.318779499599,2175,1640,1908
4387.785498676326,4387.535498676326,4388.035498676326,1634,1091,1363
4391.9878266788355,4391.8628266788355,4392.1128266788355,1005,1072,1039
4390.225940075984,4390.100940075984,4390.350940075984,1130,751,941
4398.621787327278,4398.371787327278,4398.871787327278,1836,691,1264
4388.962704572329,4388.587704572329,4389.337704572329,1553,1764,1659
4383.928566197382,4383.803566197382,4384.053566197382,1478,2041,1760
4382.224714568574,4382.099714568574,4382.349714568574,924,1991,1458
4391.453605198485,4391.203605198485,4391.703605198485,1115,2456,1786
4394.708678305226,4394.583678305226,4394.833678305226,2281,1030,1656
4398.356274800256,4398.231274800256,4398.481274800256,785,1560,1173
4400.962467788926,4400.712467788926,4401.212467788926,694,1563,1129
4406.901601786831,4406.776601786831,4407.026601786831,752,1037,895
4401.310007354476,4401.185007354476,4401.435007354476,2480,1001,1741
4402.834900535927,4402.709900535927,4402.959900535927,1270,2519,1895
4396.68188322848,4396.30688322848,4397.05688322848,1032,1023,1028
4400.115723116232,4399.990723116232,4400.240723116232,1415,1634,1525
4400.647029779263,4400.522029779263,4400.772029779263,1292,797,1045
4405.282540521153,4405.157540521153,4405.407540521153,947,1766,1357
4402.844844184724,4402.469844184724,4403.219844184724,1937,694,1316
4400.450425436408,4400.200425436408,4400.700425436408,2280,779,1530
4397.808038315425,4397.558038315425,4398.058038315425,600,1463,1032
4397.19423403743,4397.06923403743,4397.31923403743,1256,805,1031
4394.344156035772,4394.094156035772,4394.594156035772,1901,1242,1572
4397.466505493279,4397.341505493279,4397.591505493279,1476,697,1087
4396.037067201548,4395.912067201548,4396.162067201548,1684,1305,1495
4409.107114841001,4408.982114841001,4409.232114841001,2189,984,1587
4404.146170644088,4403.896170644088,4404.396170644088,1336,1141,1239
4402.679367657916,4402.429367657916,4402.929367657916,1337,2098,1718
4405.438593983529,4405.313593983529,4405.563593983529,2019,1244,1632
4400.7269214653115,4400.4769214653115,4400.9769214653115,1013,2000,1507
4388.473504355505,4388.348504355505,4388.598504355505,2654,1089,1872
4385.792740451959,4385.667740451959,4385.917740451959,2983,1014,1999
4387.840258947622,4387.590258947622,4388.090258947622,889,2206,1548
4388.279480019697,4388.154480019697,4388.404480019697,933,752,843
4393.851686681493,4393.726686681493,4393.976686681493,1581,968,1275
4395.39575004461,4395.27075004461,4395.52075004461,588,1583,1086
4400.6860475455205,4400.3110475455205,4401.0610475455205,2749,1144,1947
4406.832203647043,4406.582203647043,4407.082203647043,2160,1311,1736
4408.432475800051,4408.182475800051,4408.682475800051,2332,1235,1784
4403.231600941317,4402.856600941317,4403.606600941317,2608,1055,1832
4404.549637141441,4404.424637141441,4404.674637141441,735,1702,1219
4416.886284741769,4416.636284741769,4417.136284741769,1464,1861,1663
4428.000844427665,4427.750844427665,4428.250844427665,1185,1270,1228
4425.56808251538,4425.44308251538,4425.69308251538,567,1084,826
4423.038364693499,4422.913364693499,4423.163364693499,605,1266,936
4413.3186962921645,4413.1936962921645,4413.4436962921645,1471,1368,1420
4410.955860636741,4410.830860636741,4411.080860636741,692,907,800
4414.546286917526,4414.421286917526,4414.671286917526,1136,2743,1940
4412.296473433719,4412.171473433719,4412.421473433719,601,1490,1046
4410.897930881533,4410.522930881533,4411.272930881533,1138,2115,1627
4415.6566830533775,4415.5316830533775,4415.7816830533775,1075,1200,1138
4420.98299269369,4420.73299269369,4421.23299269369,1844,1755,1800
4416.42981970757,4416.05481970757,4416.80481970757,1548,1797,1673
4425.7165513646305,4425.4665513646305,4425.9665513646305,1470,1177,1324
4427.575175715159,4427.450175715159,4427.700175715159,1741,794,1268
4420.699172364096,4420.574172364096,4420.824172364096,897,736,817
4422.684291408282,4422.434291408282,4422.934291408282,875,1944,1410
4429.885523168768,4429.760523168768,4430.010523168768,765,1358,1062
4429.147551927514,4428.772551927514,4429.522551927514,1073,1126,1100
4427.376965469506,4427.251965469506,4427.501965469506,1573,528,1051
4429.38007462719,4429.00507462719,4429.75507462719,866,2587,1727
4428.171532378411,4428.046532378411,4428.296532378411,2812,999,1906
4421.090385345714,4420.965385345714,4421.215385345714,1452,1339,1396
4418.721154656911,4418.596154656911,4418.846154656911,1886,973,1430
4407.4279235799695,4407.3029235799695,4407.5529235799695,1193,2770,1982
4416.079159389396,4415.954159389396,4416.204159389396,2059,1704,1882
4415.585277943532,4415.460277943532,4415.710277943532,1256,1933,1595
4414.892769653864,4414.642769653864,4415.142769653864,1599,1724,1662
4414.65320693,4414.40320693,4414.90320693,1487,832,1160
4421.514195672606,4421.389195672606,4421.639195672606,1680,1975,1828
4414.27757039283,4414.15257039283,4414.40257039283,2180,777,1479
4412.487913102023,4412.362913102023,4412.612913102023,1147,1368,1258
4411.651051624057,4411.526051624057,4411.776051624057,2256,893,1575
4409.816857081673,4409.566857081673,4410.066857081673,1209,2676,1943
4407.904964020012,4407.779964020012,4408.029964020012,671,1436,1054
4402.236511932365,4401.986511932365,4402.486511932365,705,1024,865
4398.683935375224,4398.558935375224,4398.808935375224,2346,1507,1927
4405.062446537197,4404.812446537197,4405.312446537197,717,1894,1306
4403.793787496506,4403.668787496506,4403.918787496506,1107,2332,1720
4410.238122206163,4410.113122206163,4410.363122206163,2034,925,1480
4403.846697325399,4403.721697325399,4403.971697325399,1274,695,985
4407.484738681672,4407.359738681672,4407.609738681672,1110,1461,1286
4404.5307772412525,4404.4057772412525,4404.6557772412525,2001,1860,1931
4403.9882563152305,4403.8632563152305,4404.1132563152305,582,1029,806
4398.917519002101,4398.542519002101,4399.292519002101,1218,2237,1728
4408.249951290045,4408.124951290045,4408.374951290045,1290,2497,1894
4406.731393834234,4406.481393834234,4406.981393834234,1857,1520,1689
4411.681673192287,4411.556673192287,4411.806673192287,919,1742,1331
4417.9791302516105,4417.8541302516105,4418.1041302516105,1436,1335,1386
4422.704608436639,4422.579608436639,4422.829608436639,2013,798,1406
4415.810985536085,4415.435985536085,4416.185985536085,1448,1861,1655
4413.894388629321,4413.769388629321,4414.019388629321,1028,2269,1649
4422.815716733749,4422.690716733749,4422.940716733749,1035,1486,1261
4416.097846471988,4415.722846471988,4416.472846471988,1860,1635,1748
4421.1254929710985,4421.0004929710985,4421.2504929710985,1124,759,942
4430.763866575249,4430.513866575249,4431.013866575249,677,1914,1296
4434.222034346928,4434.097034346928,4434.347034346928,1312,2195,1754
4429.798472451862,4429.673472451862,4429.923472451862,2143,1166,1655
4431.893269481335,4431.643269481335,4432.143269481335,1101,1524,1313
4438.306038519601,4438.056038519601,4438.556038519601,602,1515,1059
4438.300655668966,4438.175655668966,4438.425655668966,1902,765,1334
4446.347591181032,4446.222591181032,4446.472591181032,1228,841,1035
4459.107250280514,4458.982250280514,4459.232250280514,767,940,854
4455.135695300644,4454.885695300644,4455.385695300644,791,1354,1073
4449.054234540443,4448.804234540443,4449.304234540443,2006,851,1429
4445.823375371645,4445.698375371645,4445.948375371645,926,1761,1344
4440.241505076712,4439.991505076712,4440.491505076712,2525,858,1692
4442.321990407404,4442.196990407404,4442.446990407404,1595,1708,1652
4436.095546107569,4435.845546107569,4436.345546107569,1121,2088,1605
4430.813680371874,4430.563680371874,4431.063680371874,2237,1714,1976
4425.326921590738,4424.951921590738,4425.701921590738,1781,1144,1463
4423.42523699147,4423.17523699147,4423.67523699147,2107,934,1521
4423.92587781766,4423.80087781766,4424.05087781766,2283,1012,1648
4420.995792897814,4420.870792897814,4421.120792897814,846,2231,1539
4424.542361298081,4424.417361298081,4424.667361298081,991,2704,1848
4426.263342627306,4425.888342627306,4426.638342627306,1370,981,1176
4424.493300535912,4424.368300535912,4424.618300535912,679,1756,1218
4424.247257523345,4424.122257523345,4424.372257523345,865,2060,1463
4422.474497367088,4422.224497367088,4422.724497367088,2784,1003,1894
4420.089273980589,4419.964273980589,4420.214273980589,1084,2609,1847
4420.844102945048,4420.719102945048,4420.969102945048,1175,2208,1692
4423.820417259648,4423.570417259648,4424.070417259648,1767,984,1376
4426.369508570694,4426.244508570694,4426.494508570694,2429,1434,1932
4425.0388670856955,4424.9138670856955,4425.1638670856955,800,1551,1176
4427.192090493919,4426.942090493919,4427.442090493919,1071,1994,1533
4428.268000875827,4427.893000875827,4428.643000875827,784,1075,930
4426.593960954138,4426.343960954138,4426.843960954138,2311,1458,1885
4425.098824790242,4424.973824790242,4425.223824790242,657,1782,1220
4424.903799301786,4424.528799301786,4425.278799301786,1161,2352,1757
4425.180437399087,4425.055437399087,4425.305437399087,1042,1173,1108
4425.914289212183,4425.664289212183,4426.164289212183,1704,2129,1917
4429.784386684334,4429.534386684334,4430.034386684334,869,1588,1229
4429.162658862109,4429.037658862109,4429.287658862109,592,1243,918
4431.878865725468,4431.753865725468,4432.003865725468,2403,888,1646
4430.515941022233,4430.265941022233,4430.765941022233,1975,906,1441
4429.985210951988,4429.860210951988,4430.110210951988,1904,1471,1688
4432.1730976419285,4431.7980976419285,4432.5480976419285,1388,767,1078
4433.707742771323,4433.457742771323,4433.957742771323,1374,1033,1204
4435.486145351805,4435.361145351805,4435.611145351805,760,2255,1508
4436.087719968416,4435.962719968416,4436.212719968416,1522,1297,1410
4438.490091878009,4438.365091878009,4438.615091878009,1107,1662,1385
4434.598479200987,4434.473479200987,4434.723479200987,1601,858,1230
4431.230715298425,4430.980715298425,4431.480715298425,1239,2492,1866
4430.933000690268,4430.683000690268,4431.183000690268,2514,1191,1853
4431.408309134675,4431.158309134675,4431.658309134675,2319,802,1561
4429.446659802768,4429.196659802768,4429.696659802768,1066,1659,1363
4427.437155087566,4427.187155087566,4427.687155087566,991,838,915
4425.742933912571,4425.617933912571,4425.867933912571,1346,849,1098
4423.511768791666,4423.386768791666,4423.636768791666,1274,1769,1522
4422.121512514102,4421.996512514102,4422.246512514102,1237,1048,1143
4422.14511526511,4422.02011526511,4422.27011526511,2540,1447,1994
4423.8939397674585,4423.6439397674585,4424.1439397674585,1414,1007,1211
4420.635336591218,4420.510336591218,4420.760336591218,1019,1828,1424
4421.624312899537,4421.499312899537,4421.749312899537,2344,1101,1723
4421.892994125435,4421.767994125435,4422.017994125435,1706,1069,1388
4420.1926320908815,4419.9426320908815,4420.4426320908815,1211,456,834
4418.283952200447,4418.158952200447,4418.408952200447,996,659,828
4417.816792676809,4417.691792676809,4417.941792676809,1512,2123,1818
4417.289594149059,4416.914594149059,4417.664594149059,2614,941,1778
4414.903955064479,4414.778955064479,4415.028955064479,1525,1940,1733
4412.670865942343,4412.545865942343,4412.795865942343,1316,1021,1169
4412.396568133754,4412.021568133754,4412.771568133754,1026,691,859
4410.383548787336,4410.258548787336,4410.508548787336,1530,739,1135
4406.000096092945,4405.875096092945,4406.125096092945,2285,1632,1959
4405.266856834038,4405.141856834038,4405.391856834038,854,1307,1081
4408.053213335572,4407.803213335572,4408.303213335572,852,873,863
4410.73877162458,4410.61377162458,4410.86377162458,2741,1096,1919
4408.880694047138,4408.505694047138,4409.255694047138,881,988,935
4413.30007415678,4413.05007415678,4413.55007415678,723,940,832
4414.118574546258,4413.868574546258,4414.368574546258,828,923,876
4414.786604196762,4414.661604196762,4414.911604196762,638,1179,909
4416.862629341771,4416.737629341771,4416.987629341771,1038,619,829
4417.742778382971,4417.617778382971,4417.867778382971,2741,1112,1927
4417.672029003277,4417.422029003277,4417.922029003277,2853,1074,1964
4416.408391207983,4416.158391207983,4416.658391207983,1564,581,1073
4414.827916395747,4414.702916395747,4414.952916395747,1758,711,1235
4417.290970187776,4416.915970187776,4417.665970187776,1319,2650,1985
4415.671477306587,4415.421477306587,4415.921477306587,1720,651,1186
4414.089938703699,4413.964938703699,4414.214938703699,1270,1461,1366
4413.693845293171,4413.318845293171,4414.068845293171,1183,1612,1398
4413.870440449871,4413.620440449871,4414.120440449871,872,2459,1666
4413.258030515085,4413.133030515085,4413.383030515085,978,1545,1262
4415.704007356568,4415.454007356568,4415.954007356568,1142,2061,1602
4416.613289465854,4416.363289465854,4416.863289465854,608,1687,1148
4415.186366468812,4415.061366468812,4415.311366468812,1040,639,840
4410.17975555164,4409.92975555164,4410.42975555164,2117,1798,1958
4411.663462327149,4411.413462327149,4411.913462327149,1277,546,912
4408.509025503036,4408.384025503036,4408.634025503036,1177,950,1064
4409.612667963331,4409.487667963331,4409.737667963331,953,1520,1237
4409.284328000956,4409.159328000956,4409.409328000956,846,1473,1160
4408.343381530814,4408.218381530814,4408.468381530814,2577,1410,1994
4408.629613091611,4408.504613091611,4408.754613091611,1786,1061,1424
4408.663333996313,4408.538333996313,4408.788333996313,2444,1381,1913
4412.847481068874,4412.597481068874,4413.097481068874,2507,1064,1786
4413.140635216079,4412.890635216079,4413.390635216079,1053,936,995
4413.299171660813,4413.049171660813,4413.549171660813,771,2290,1531
4411.956573793932,4411.831573793932,4412.081573793932,1167,2678,1923
4413.909536726711,4413.784536726711,4414.034536726711,1340,545,943
4412.69366538936,4412.56866538936,4412.81866538936,1809,2010,1910
4411.5773783996865,4411.3273783996865,4411.8273783996865,1623,1490,1557
4412.322403943658,4412.072403943658,4412.572403943658,1450,1603,1527
4415.920644048889,4415.545644048889,4416.295644048889,1288,833,1061
4412.727590845963,4412.602590845963,4412.852590845963,1322,2273,1798
4413.953164987704,4413.828164987704,4414.078164987704,825,2036,1431
4413.24084474678,4413.11584474678,4413.36584474678,916,2647,1782
4411.989415553791,4411.864415553791,4412.114415553791,1316,1795,1556
4409.85642687271,4409.73142687271,4409.98142687271,512,1527,1020
4406.303139672145,4406.178139672145,4406.428139672145,1392,2481,1937
4404.579703786507,4404.454703786507,4404.704703786507,1088,757,923
4406.067999603527,4405.942999603527,4406.192999603527,1724,1801,1763
4406.355803667237,4406.230803667237,4406.480803667237,920,1637,1279
4403.510416417854,4403.385416417854,4403.635416417854,1450,1637,1544
4402.081352135886,4401.956352135886,4402.206352135886,2446,1123,1785
4399.995539202633,4399.620539202633,4400.370539202633,819,1854,1337
4402.369650374031,4402.244650374031,4402.494650374031,1502,1777,1640
4402.874089241101,4402.749089241101,4402.999089241101,2161,794,1478
4402.752607774403,4402.627607774403,4402.877607774403,996,2117,1557
4402.964067474168,4402.714067474168,4403.214067474168,469,1200,835
4402.568456860069,4402.443456860069,4402.693456860069,1168,1323,1246
4404.009435340567,4403.759435340567,4404.259435340567,1441,2078,1760
4406.835443949761,4406.585443949761,4407.085443949761,845,976,911
4403.7578443280045,4403.6328443280045,4403.8828443280045,1538,2031,1785
4406.071217672575,4405.946217672575,4406.196217672575,865,1354,1110
4403.229309613709,4402.979309613709,4403.479309613709,2298,1097,1698
4404.485401712167,4404.360401712167,4404.610401712167,1733,642,1188
4401.646134339228,4401.271134339228,4402.021134339228,937,2044,1491
4401.777944645055,4401.652944645055,4401.902944645055,2224,1131,1678
4404.8974827889315,4404.6474827889315,4405.1474827889315,1797,1610,1704
4405.442660945289,4405.317660945289,4405.567660945289,797,2338,1568
4405.17645978873,4405.05145978873,4405.30145978873,1807,1086,1447
4403.221707202804,4403.096707202804,4403.346707202804,425,1200,813
4404.080324943634,4403.955324943634,4404.205324943634,1149,1822,1486
4405.55642812104,4405.30642812104,4405.80642812104,2151,1490,1821
4400.664935452458,4400.414935452458,4400.914935452458,1163,938,1051
4398.897556764178,4398.772556764178,4399.022556764178,712,999,856
4394.785800343998,4394.660800343998,4394.910800343998,1551,1084,1318
4394.542662379143,4394.292662379143,4394.792662379143,638,1569,1104
4393.935247753417,4393.810247753417,4394.060247753417,1914,1211,1563
4394.948655033834,4394.823655033834,4395.073655033834,1335,840,1088
4395.578624687522,4395.453624687522,4395.703624687522,863,1378,1121
4400.469268266552,4400.344268266552,4400.594268266552,999,2042,1521
4401.907442365103,4401.782442365103,4402.032442365103,1470,739,1105
4403.320790499941,4403.195790499941,4403.445790499941,1109,1016,1063
4401.451317260337,4401.076317260337,4401.826317260337,1200,955,1078
4398.799370532587,4398.674370532587,4398.924370532587,587,1664,1126
4399.766864843155,4399.641864843155,4399.891864843155,1905,1824,1865
4401.6115571456885,4401.4865571456885,4401.7365571456885,1195,1530,1363
4402.2588038684835,4402.1338038684835,4402.3838038684835,1137,1638,1388
4398.923186056108,4398.673186056108,4399.173186056108,1181,1356,1269
4393.452682462917,4393.327682462917,4393.577682462917,1755,1206,1481
4392.939673485153,4392.564673485153,4393.314673485153,1779,1896,1838
4397.092260830011,4396.967260830011,4397.217260830011,2019,1398,1709
4397.374787100544,4397.249787100544,4397.499787100544,1946,693,1320
4397.921497609018,4397.796497609018,4398.046497609018,788,885,837
4400.507310650076,4400.257310650076,4400.757310650076,1324,797,1061
4398.2247347559905,4398.0997347559905,4398.3497347559905,801,1964,1383
4397.6681231808725,4397.5431231808725,4397.7931231808725,831,782,807
4394.983540535035,4394.858540535035,4395.108540535035,940,2107,1524
4393.7373124428,4393.3623124428,4394.1123124428,936,1549,1243
4395.137408242416,4395.012408242416,4395.262408242416,1462,581,1022
4395.217317805955,4395.092317805955,4395.342317805955,2435,1238,1837
4393.6145093023915,4393.4895093023915,4393.7395093023915,641,1238,940
4390.770386080257,4390.520386080257,4391.020386080257,1651,1732,1692
4393.9993519398595,4393.8743519398595,4394.1243519398595,1512,543,1028
4394.852406378761,4394.727406378761,4394.977406378761,928,2065,1497
4395.89228116041,4395.64228116041,4396.14228116041,609,1558,1084
4390.934592938393,4390.809592938393,4391.059592938393,1156,1889,1523
4389.865406624769,4389.615406624769,4390.115406624769,2020,1487,1754
4391.230816059974,4390.980816059974,4391.480816059974,1286,2031,1659
4392.067559662541,4391.942559662541,4392.192559662541,1230,2309,1770
4396.843277157888,4396.593277157888,4397.093277157888,1581,1118,1350
4397.242994998386,4397.117994998386,4397.367994998386,1775,1136,1456
4394.973567923982,4394.723567923982,4395.223567923982,1282,1953,1618
4400.663941154641,4400.288941154641,4401.038941154641,787,1026,907
4400.337860302561,4400.212860302561,4400.462860302561,2154,1627,1891
4403.64819152864,4403.52319152864,4403.77319152864,1750,1237,1494
4403.633130370217,4403.383130370217,4403.883130370217,1138,2113,1626
4406.295183826311,4406.045183826311,4406.545183826311,1252,807,1030
4404.961572846692,4404.836572846692,4405.086572846692,536,1441,989
4405.44561230744,4405.32061230744,4405.57061230744,1714,1969,1842
4401.543625474789,4401.418625474789,4401.668625474789,2551,1414,1983
4397.187077511058,4396.937077511058,4397.437077511058,1582,1331,1457
4397.378024850891,4397.003024850891,4397.753024850891,1896,1125,1511
4396.448351816602,4396.323351816602,4396.573351816602,1275,2426,1851
4395.865458719702,4395.740458719702,4395.990458719702,1201,1370,1286
4394.851499239533,4394.601499239533,4395.101499239533,882,777,830
4393.7151743186905,4393.5901743186905,4393.8401743186905,1735,1718,1727
4396.1056510004555,4395.9806510004555,4396.2306510004555,2154,1561,1858
4399.943121820089,4399.693121820089,4400.193121820089,1914,1635,1775
4398.398942370099,4398.148942370099,4398.648942370099,1308,463,886
4400.082177876215,4399.957177876215,4400.207177876215,1491,1502,1497
4397.892216885372,4397.767216885372,4398.017216885372,1240,717,979
4396.6973763805045,4396.4473763805045,4396.9473763805045,1178,2291,1735
4397.650963810853,4397.400963810853,4397.900963810853,811,2164,1488
4397.698916385924,4397.448916385924,4397.948916385924,1919,1836,1878
4398.356181356586,4398.231181356586,4398.481181356586,1342,1201,1272
4398.413358223576,4398.288358223576,4398.538358223576,576,1401,989
4393.376396208623,4393.251396208623,4393.501396208623,1722,1111,1417
4392.9437831160585,4392.8187831160585,4393.0687831160585,1341,1770,1556
4393.667144585429,4393.542144585429,4393.792144585429,1058,1289,1174
4394.192732084107,4394.067732084107,4394.317732084107,1980,1783,1882
4392.222368198128,4391.847368198128,4392.597368198128,947,824,886
4390.729119218118,4390.604119218118,4390.854119218118,1378,743,1061
4389.381391964784,4389.131391964784,4389.631391964784,1458,735,1097
4389.291587394352,4389.166587394352,4389.416587394352,1420,923,1172
4392.3944477169425,4392.1444477169425,4392.6444477169425,1839,1304,1572
4395.934124733611,4395.684124733611,4396.184124733611,2157,824,1491
4396.295074916264,4396.170074916264,4396.420074916264,2309,1130,1720
4396.975245403018,4396.850245403018,4397.100245403018,1183,634,909
4396.289929256455,4396.164929256455,4396.414929256455,1082,1585,1334
4395.937249223058,4395.812249223058,4396.062249223058,1866,1453,1660
4394.109738560463,4393.859738560463,4394.359738560463,2592,1255,1924
4389.31295064307,4389.06295064307,4389.56295064307,2376,1435,1906
4383.181607572109,4383.056607572109,4383.306607572109,2258,1033,1646
4380.700671597063,4380.325671597063,4381.075671597063,1774,661,1218
4388.21728133896,4388.09228133896,4388.34228133896,2055,1094,1575
4391.825429231835,4391.700429231835,4391.950429231835,914,815,865
4386.611955223544,4386.486955223544,4386.736955223544,1237,1070,1154
4392.782990208974,4392.657990208974,4392.907990208974,944,2369,1657
4396.682611114754,4396.432611114754,4396.932611114754,2456,1065,1761
4395.5607421940085,4395.3107421940085,4395.8107421940085,2509,910,1710
4389.684723905547,4389.559723905547,4389.809723905547,1081,2224,1653
4384.411839041954,4384.286839041954,4384.536839041954,1815,626,1221
4390.123150971817,4389.873150971817,4390.373150971817,845,2412,1629
4381.199042610017,4380.949042610017,4381.449042610017,1199,876,1038
4385.536433514127,4385.411433514127,4385.661433514127,1614,1713,1664
4393.050807633173,4392.800807633173,4393.300807633173,1330,2257,1794
4391.91336035283,4391.78836035283,4392.03836035283,1020,1007,1014
4387.858811300979,4387.483811300979,4388.233811300979,1412,553,983
4390.464823943455,4390.214823943455,4390.714823943455,551,1420,986
4388.120590940998,4387.870590940998,4388.370590940998,1588,931,1260
4394.178282932168,4393.803282932168,4394.553282932168,872,2571,1722
4389.1364014346045,4389.0114014346045,4389.2614014346045,731,1018,875
4382.775248301209,4382.525248301209,4383.025248301209,1343,452,898
4376.905341670504,4376.780341670504,4377.030341670504,1080,1751,1416
4375.828264399428,4375.703264399428,4375.953264399428,986,2533,1760
4378.828629422004,4378.453629422004,4379.203629422004,1738,807,1273
4382.446111424538,4382.321111424538,4382.571111424538,2093,890,1492
4385.223323527329,4384.973323527329,4385.473323527329,1575,918,1247
4392.602866911332,4392.227866911332,4392.977866911332,1381,2028,1705
4383.1674987051265,4383.0424987051265,4383.2924987051265,722,1971,1347
4385.118166048451,4384.993166048451,4385.243166048451,619,1350,985
4395.577986040558,4395.452986040558,4395.702986040558,546,1313,930
4388.654078920897,4388.404078920897,4388.904078920897,2487,1430,1959
4382.4318621758675,4382.3068621758675,4382.5568621758675,2198,957,1578
4385.386375811998,4385.136375811998,4385.636375811998,1198,2433,1816
4386.831025788741,4386.706025788741,4386.956025788741,1582,731,1157
4383.472318352829,4383.347318352829,4383.597318352829,2505,1350,1928
4386.122060666529,4385.872060666529,4386.372060666529,876,849,863
4382.272227084188,4382.022227084188,4382.522227084188,2565,1070,1818
4391.82036492544,4391.69536492544,4391.94536492544,827,1138,983
4386.238875253157,4385.863875253157,4386.613875253157,530,1373,952
4390.672994414018,4390.547994414018,4390.797994414018,1954,1915,1935
4385.10640472496,4384.85640472496,4385.35640472496,2404,1269,1837
4391.424446264942,4391.299446264942,4391.549446264942,800,1245,1023
4388.66087113711,4388.28587113711,4389.03587113711,1866,1073,1470
4387.517509676287,4387.392509676287,4387.642509676287,1185,454,820
4386.688009177428,4386.563009177428,4386.813009177428,1048,577,813
4394.675865518787,4394.550865518787,4394.800865518787,1710,1619,1665
4398.721123802769,4398.596123802769,4398.846123802769,2040,1059,1550
4395.140776830503,4395.015776830503,4395.265776830503,1866,733,1300
4403.8449736125895,4403.5949736125895,4404.0949736125895,2090,1455,1773
4414.5840705248065,4414.4590705248065,4414.7090705248065,906,699,803
4415.075105674759,4414.825105674759,4415.325105674759,986,2257,1622
4415.55619024638,4415.18119024638,4415.93119024638,724,1195,960
4425.2899056179685,4425.0399056179685,4425.5399056179685,830,889,860
4420.03933143804,4419.66433143804,4420.41433143804,2422,1077,1750
4421.394492944939,4421.269492944939,4421.519492944939,1318,673,996
4418.872361364635,4418.747361364635,4418.997361364635,536,1317,927
4422.9165845469115,4422.7915845469115,4423.0415845469115,730,1669,1200
4413.694572929621,4413.319572929621,4414.069572929621,811,1452,1132
4410.162568303766,4410.037568303766,4410.287568303766,1670,913,1292
4411.668279391234,4411.543279391234,4411.793279391234,2195,930,1563
4413.531282076746,4413.406282076746,4413.656282076746,1982,1285,1634
4413.752795800035,4413.377795800035,4414.127795800035,2102,1089,1596
4419.963657061732,4419.838657061732,4420.088657061732,1482,815,1149
4422.270043583253,4422.020043583253,4422.520043583253,851,882,867
4419.701399874763,4419.326399874763,4420.076399874763,1359,1626,1493
4423.61878295885,4423.36878295885,4423.86878295885,980,1387,1184
4427.228523819508,4427.103523819508,4427.353523819508,573,1258,916
4426.80433609936,4426.67933609936,4426.92933609936,1770,1441,1606
4429.806311904845,4429.681311904845,4429.931311904845,1068,1289,1179
4433.353301802422,4433.228301802422,4433.478301802422,2033,740,1387
4425.608071523074,4425.483071523074,4425.733071523074,998,751,875
4436.660278191719,4436.535278191719,4436.785278191719,2237,924,1581
4441.672058737237,4441.422058737237,4441.922058737237,2862,999,1931
4448.359719754926,4448.109719754926,4448.609719754926,1653,1068,1361
4442.02267074348,4441.89767074348,4442.14767074348,1351,1120,1236
4444.32785951287,4443.95285951287,4444.70285951287,2388,1425,1907
4443.832525324078,4443.707525324078,4443.957525324078,758,2271,1515
4443.35885122321,4443.23385122321,4443.48385122321,1642,2119,1881
4443.082157066159,4442.707157066159,4443.457157066159,711,1986,1349
4439.961241289988,4439.586241289988,4440.336241289988,1613,1228,1421
4439.38153830752,4439.25653830752,4439.50653830752,593,1094,844
4445.731959339371,4445.606959339371,4445.856959339371,1020,781,901
4451.800016679446,4451.675016679446,4451.925016679446,1445,974,1210
4454.671503829811,4454.421503829811,4454.921503829811,2189,1674,1932
4455.744479814143,4455.619479814143,4455.869479814143,920,1481,1201
4452.753637828722,4452.628637828722,4452.878637828722,1150,2455,1803
4460.222768731307,4459.972768731307,4460.472768731307,692,1363,1028
4452.780066230177,4452.655066230177,4452.905066230177,1404,755,1080
4451.70329355077,4451.32829355077,4452.07829355077,831,1034,933
4443.556937883979,4443.431937883979,4443.681937883979,868,2481,1675
4434.664562860299,4434.539562860299,4434.789562860299,1070,1939,1505
4433.487895642786,4433.362895642786,4433.612895642786,1545,1380,1463
4425.164320067703,4425.039320067703,4425.289320067703,1651,976,1314
4431.16001034258,4431.03501034258,4431.28501034258,559,1430,995
4423.9083661284485,4423.7833661284485,4424.0333661284485,1345,996,1171
4427.734917662941,4427.359917662941,4428.109917662941,1171,726,949
4417.191349976298,4417.066349976298,4417.316349976298,1492,1241,1367
4419.192786425195,4419.067786425195,4419.317786425195,2258,1013,1636
4413.521636185446,4413.271636185446,4413.771636185446,1451,1246,1349
4416.287711390653,4415.912711390653,4416.662711390653,1214,655,935
4408.19564524197,4407.94564524197,4408.44564524197,1726,1937,1832
4402.938672223392,4402.813672223392,4403.063672223392,1009,936,973
4408.596015003564,4408.346015003564,4408.846015003564,895,1630,1263
4414.597076223097,4414.472076223097,4414.722076223097,1820,1205,1513
4413.831160582798,4413.706160582798,4413.956160582798,1255,2490,1873
4410.432513685929,4410.307513685929,4410.557513685929,1439,682,1061
4417.013919685584,4416.638919685584,4417.388919685584,2491,1352,1922
4419.450704092079,4419.325704092079,4419.575704092079,1071,1458,1265
4418.250603412163,4418.125603412163,4418.375603412163,1918,1273,1596
4420.031640960143,4419.906640960143,4420.156640960143,2501,998,1750
4418.0625795432325,4417.6875795432325,4418.4375795432325,1057,1048,1053
4413.526752385781,4413.401752385781,4413.651752385781,932,2731,1832
4414.641519825309,4414.266519825309,4415.016519825309,1730,903,1317
4417.557205554113,4417.432205554113,4417.682205554113,1901,1260,1581
4417.752650656586,4417.627650656586,4417.877650656586,1250,907,1079
4411.984999982148,4411.734999982148,4412.234999982148,994,1063,1029
4418.948864559111,4418.698864559111,4419.198864559111,1666,739,1203
4416.786283390837,4416.661283390837,4416.911283390837,1462,1715,1589
4413.228252164735,4413.103252164735,4413.353252164735,2213,836,1525
4406.371346569205,4406.246346569205,4406.496346569205,1286,1027,1157
4404.111775939575,4403.986775939575,4404.236775939575,804,1845,1325
4403.892611935713,4403.767611935713,4404.017611935713,867,1028,948
4412.207424860805,4412.082424860805,4412.332424860805,1208,1229,1219
4409.712432260916,4409.587432260916,4409.837432260916,1060,1257,1159
4407.903015842149,4407.778015842149,4408.028015842149,2587,1002,1795
4400.0521533682,4399.6771533682,4400.4271533682,1219,1454,1337
4401.734614602401,4401.609614602401,4401.859614602401,746,1161,954
4401.902224241504,4401.777224241504,4402.027224241504,1599,1726,1663
4399.798578854081,4399.423578854081,4400.173578854081,1213,2424,1819
4395.9649229348315,4395.8399229348315,4396.0899229348315,1267,1132,1200
4402.76923278977,4402.64423278977,4402.89423278977,900,1195,1048
4403.0851421919015,4402.9601421919015,4403.2101421919015,1158,1851,1505
4401.551830085917,4401.426830085917,4401.676830085917,1935,2000,1968
4396.822372969192,4396.697372969192,4396.947372969192,725,1214,970
4396.145845447699,4396.020845447699,4396.270845447699,1948,685,1317
4395.846088010274,4395.721088010274,4395.971088010274,505,1280,893
4402.850046098613,4402.725046098613,4402.975046098613,1744,1735,1740
4404.6599142537425,4404.5349142537425,4404.7849142537425,1650,555,1103
4405.46843134088,4405.34343134088,4405.59343134088,1489,1866,1678
4405.495720558696,4405.120720558696,4405.870720558696,1428,1073,1251
4403.425491197582,4403.050491197582,4403.800491197582,1663,1548,1606
4403.482415249713,4403.357415249713,4403.607415249713,1775,634,1205
4402.681703820664,4402.556703820664,4402.806703820664,1581,1008,1295
4400.330603296838,4400.205603296838,4400.455603296838,734,1451,1093
4404.108704270051,4403.983704270051,4404.233704270051,1095,2420,1758
4401.238634480608,4400.988634480608,4401.488634480608,1057,1092,1075
4399.52789263709,4399.40289263709,4399.65289263709,1201,1556,1379
4402.940402024278,4402.815402024278,4403.065402024278,1463,1244,1354
4399.207318025079,4399.082318025079,4399.332318025079,1433,842,1138
4397.906113396926,4397.781113396926,4398.031113396926,1987,1204,1596
4398.2257238972825,4397.9757238972825,4398.4757238972825,948,1687,1318
4404.470677349389,4404.220677349389,4404.720677349389,1964,1477,1721
4412.331350478036,4412.206350478036,4412.456350478036,1867,1438,1653
4412.637957952798,4412.512957952798,4412.762957952798,900,2691,1796
4411.116626396056,4410.991626396056,4411.241626396056,1625,934,1280
4411.891443337441,4411.641443337441,4412.141443337441,674,1063,869
4407.722966894399,4407.597966894399,4407.847966894399,667,1490,1079
4414.168209519906,4413.918209519906,4414.418209519906,761,1674,1218
4410.899448164144,4410.774448164144,4411.024448164144,1203,1018,1111
4414.6968482486445,4414.4468482486445,4414.9468482486445,577,1090,834
4418.618127582978,4418.368127582978,4418.868127582978,1447,1334,1391
4421.239589971075,4420.989589971075,4421.489589971075,2542,905,1724
4429.898013888264,4429.773013888264,4430.023013888264,2039,1910,1975
4430.9167375623065,4430.7917375623065,4431.0417375623065,2026,1179,1603
4420.705273836894,4420.580273836894,4420.830273836894,599,1480,1040
4424.410276482392,4424.285276482392,4424.535276482392,1178,1143,1161
4423.854212894629,4423.479212894629,4424.229212894629,1218,2187,1703
4430.526416136159,4430.401416136159,4430.651416136159,2542,1233,1888
4434.7364868930745,4434.3614868930745,4435.1114868930745,1488,611,1050
4437.956327160169,4437.831327160169,4438.081327160169,1697,1426,1562
4447.154060368918,4447.029060368918,4447.279060368918,2298,1445,1872
4442.836071496467,4442.711071496467,4442.961071496467,1425,2472,1949
4439.906940265485,4439.656940265485,4440.156940265485,1826,749,1288
4442.6062353947,4442.4812353947,4442.7312353947,667,1046,857
4446.5245768050145,4446.3995768050145,4446.6495768050145,1327,2218,1773
4446.817555442582,4446.442555442582,4447.192555442582,1816,775,1296
4452.422642841609,4452.297642841609,4452.547642841609,1339,1952,1646
4452.954053858966,4452.704053858966,4453.204053858966,1725,1338,1532
4456.822917304405,4456.697917304405,4456.947917304405,1851,1562,1707
4457.316722550336,4457.191722550336,4457.441722550336,872,2431,1652
4459.1543773231,4459.0293773231,4459.2793773231,1472,505,989
4465.980163452968,4465.855163452968,4466.105163452968,1245,940,1093
4467.429520283101,4467.304520283101,4467.554520283101,2746,1171,1959
4458.518451914832,4458.393451914832,4458.643451914832,943,2302,1623
4461.958386810737,4461.833386810737,4462.083386810737,813,2324,1569
4467.806165381862,4467.556165381862,4468.056165381862,1101,1712,1407
4468.137664170761,4468.012664170761,4468.262664170761,954,1859,1407
4466.733541116214,4466.608541116214,4466.858541116214,1667,1658,1663
4459.816254190569,4459.566254190569,4460.066254190569,914,867,891
4465.8208658627145,4465.6958658627145,4465.9458658627145,1216,2719,1968
4477.220766514785,4477.095766514785,4477.345766514785,2782,1111,1947
4481.681128105727,4481.306128105727,4482.056128105727,1715,912,1314
4479.518220458537,4479.393220458537,4479.643220458537,1948,1127,1538
4491.246855054108,4490.996855054108,4491.496855054108,816,1123,970
4492.605967514853,4492.355967514853,4492.855967514853,504,1277,891
4484.455795630375,4484.205795630375,4484.705795630375,1586,1191,1389
4480.910610348198,4480.660610348198,4481.160610348198,943,1668,1306
4472.849269394499,4472.599269394499,4473.099269394499,2116,1237,1677
4477.863518840231,4477.738518840231,4477.988518840231,879,976,928
4482.986094735732,4482.611094735732,4483.361094735732,1327,1150,1239
4486.886922335022,4486.636922335022,4487.136922335022,2388,1047,1718
4483.091316480179,4482.966316480179,4483.216316480179,896,829,863
4479.303437630974,4479.053437630974,4479.553437630974,613,1406,1010
4478.993444060493,4478.868444060493,4479.118444060493,996,697,847
4485.492121058038,4485.367121058038,4485.617121058038,1732,1277,1505
4488.263339824266,4488.138339824266,4488.388339824266,1004,2349,1677
4489.12934370816,4488.87934370816,4489.37934370816,2947,1030,1989
4494.037798520424,4493.662798520424,4494.412798520424,1065,2370,1718
4492.916601779124,4492.791601779124,4493.041601779124,1808,1087,1448
4492.897117265386,4492.647117265386,4493.147117265386,1600,1867,1734
4488.585386101958,4488.460386101958,4488.710386101958,1397,2582,1990
4484.994783498655,4484.869783498655,4485.119783498655,2155,998,1577
4489.902566224513,4489.777566224513,4490.027566224513,2768,1225,1997
4491.286612951946,4491.161612951946,4491.411612951946,2377,1412,1895
4491.120838018476,4490.995838018476,4491.245838018476,1196,1049,1123
4496.476990374996,4496.226990374996,4496.726990374996,2110,1419,1765
4496.611600162785,4496.361600162785,4496.861600162785,747,1790,1269
4489.991937415708,4489.866937415708,4490.116937415708,2366,1505,1936
4489.695914996718,4489.570914996718,4489.820914996718,1792,619,1206
4496.974988439265,4496.849988439265,4497.099988439265,884,881,883
4496.081256609886,4495.706256609886,4496.456256609886,1585,2290,1938
4502.53736366994,4502.28736366994,4502.78736366994,1119,984,1052
4500.303744135519,4500.178744135519,4500.428744135519,2053,914,1484
4497.124584727743,4496.999584727743,4497.249584727743,1115,1194,1155
4500.319815794088,4500.194815794088,4500.444815794088,1073,1686,1380
4505.441530715172,4505.316530715172,4505.566530715172,1354,1721,1538
4502.314624398923,4502.189624398923,4502.439624398923,1723,848,1286
4505.314800859396,4505.064800859396,4505.564800859396,2033,1606,1820
4506.830526094749,4506.455526094749,4507.205526094749,1416,1167,1292
4516.459405777498,4516.084405777498,4516.834405777498,1768,1653,1711
4522.276302280266,4522.151302280266,4522.401302280266,1147,1606,1377
4522.07170723445,4521.94670723445,4522.19670723445,1199,2288,1744
4515.605830072807,4515.480830072807,4515.730830072807,2652,1311,1982
4522.459852164853,4522.334852164853,4522.584852164853,1222,1681,1452
4520.637922219062,4520.512922219062,4520.762922219062,861,1462,1162
4522.562046151797,4522.437046151797,4522.687046151797,1629,1610,1620
4511.5597311815845,4511.3097311815845,4511.8097311815845,1276,603,940
4510.516138938737,4510.391138938737,4510.641138938737,890,1035,963
4511.010359404881,4510.635359404881,4511.385359404881,941,1020,981
4508.618356972749,4508.493356972749,4508.743356972749,1317,2192,1755
4513.255013245391,4513.130013245391,4513.380013245391,1019,1382,1201
4513.160332139676,4513.035332139676,4513.285332139676,1154,2159,1657
4518.128294744955,4517.878294744955,4518.378294744955,1283,494,889
4516.686317091828,4516.561317091828,4516.811317091828,771,1588,1180
4510.868400366647,4510.743400366647,4510.993400366647,2259,880,1570
4512.781118536534,4512.656118536534,4512.906118536534,1101,2824,1963
4508.084290789991,4507.959290789991,4508.209290789991,1121,846,984
4507.002782395486,4506.877782395486,4507.127782395486,470,1205,838
4507.4105319419,4507.1605319419,4507.6605319419,2551,1298,1925
4502.007604218998,4501.882604218998,4502.132604218998,1448,1211,1330
4497.2377604600115,4497.1127604600115,4497.3627604600115,1241,1710,1476
4495.43714685664,4495.18714685664,4495.68714685664,1038,1445,1242
4498.835581940028,4498.710581940028,4498.960581940028,2701,1290,1996
4506.589777585686,4506.339777585686,4506.839777585686,1274,1397,1336
4509.249801023781,4508.999801023781,4509.499801023781,1323,1482,1403
4508.919861847051,4508.794861847051,4509.044861847051,781,970,876
4502.358624221947,4502.233624221947,4502.483624221947,2048,1835,1942
4498.961287487898,4498.836287487898,4499.086287487898,2827,1036,1932
4504.35751460862,4504.23251460862,4504.48251460862,859,1568,1214
4510.025021675423,4509.775021675423,4510.275021675423,1548,647,1098
4501.99002806406,4501.74002806406,4502.24002806406,1517,1010,1264
4506.110374641557,4505.860374641557,4506.360374641557,853,1870,1362
4507.125042905489,4507.000042905489,4507.250042905489,715,1244,980
4508.600878144587,4508.350878144587,4508.850878144587,1045,2676,1861
4506.366260177823,4506.241260177823,4506.491260177823,1329,888,1109
4513.903039093173,4513.653039093173,4514.153039093173,1257,2376,1817
4517.238805235932,4517.113805235932,4517.363805235932,2127,1054,1591
4518.5996181016535,4518.4746181016535,4518.7246181016535,1047,736,892
4515.405827509031,4515.155827509031,4515.655827509031,1505,608,1057
4512.080785050318,4511.830785050318,4512.330785050318,667,1154,911
4508.38821921968,4508.26321921968,4508.51321921968,1109,1224,1167
4501.885861466143,4501.760861466143,4502.010861466143,2295,938,1617
4500.909099330128,4500.784099330128,4501.034099330128,1192,2123,1658
4500.713667160818,4500.588667160818,4500.838667160818,2310,1483,1897
4504.2174883814805,4504.0924883814805,4504.3424883814805,696,1677,1187
4508.558954784504,4508.433954784504,4508.683954784504,1154,931,1043
4513.355890182318,4513.230890182318,4513.480890182318,796,2133,1465
4511.7678454569295,4511.6428454569295,4511.8928454569295,851,1864,1358
4505.060036483094,4504.935036483094,4505.185036483094,732,1067,900
4507.7517055626295,4507.6267055626295,4507.8767055626295,1154,909,1032
4508.632235386451,4508.507235386451,4508.757235386451,845,2004,1425
4504.139217975223,4504.014217975223,4504.264217975223,1312,1459,1386
4507.227609802222,4507.102609802222,4507.352609802222,1106,1923,1515
4508.585355422854,4508.335355422854,4508.835355422854,2310,1609,1960
4508.692751958847,4508.567751958847,4508.817751958847,1869,1560,1715
4505.479840699764,4505.104840699764,4505.854840699764,2018,1593,1806
4504.930333294749,4504.555333294749,4505.305333294749,1350,1109,1230
4506.4874615853805,4506.3624615853805,4506.6124615853805,1146,1729,1438
4499.716148951195,4499.341148951195,4500.091148951195,663,1702,1183
4503.874074359524,4503.749074359524,4503.999074359524,1798,1427,1613
4505.6096937622815,4505.4846937622815,4505.7346937622815,1627,920,1274
4504.51216977491,4504.26216977491,4504.76216977491,2327,1170,1749
4507.968350644016,4507.593350644016,4508.343350644016,956,1307,1132
4511.21342439069,4511.08842439069,4511.33842439069,1295,1022,1159
4511.583016782758,4511.458016782758,4511.708016782758,1077,1278,1178
4513.451551913315,4513.326551913315,4513.576551913315,1868,827,1348
4513.070689360138,4512.820689360138,4513.320689360138,1159,2360,1760
4519.682706242438,4519.557706242438,4519.807706242438,733,1050,892
4517.814051956312,4517.689051956312,4517.939051956312,1789,786,1288
4520.624998679832,4520.249998679832,4520.999998679832,447,1260,854
4516.501301895438,4516.376301895438,4516.626301895438,2091,730,1411
4525.779802929245,4525.529802929245,4526.029802929245,1290,645,968
4522.302096515724,4522.177096515724,4522.427096515724,905,748,827
4530.789239525524,4530.539239525524,4531.039239525524,633,1584,1109
4521.9875338329975,4521.8625338329975,4522.1125338329975,1339,1118,1229
4525.7920958991035,4525.6670958991035,4525.9170958991035,1092,2531,1812
4530.906503088443,4530.781503088443,4531.031503088443,2452,1013,1733
4526.465097823752,4526.090097823752,4526.840097823752,1268,967,1118
4526.182700009238,4526.057700009238,4526.307700009238,581,1282,932
4529.13554337326,4529.01054337326,4529.26054337326,840,1739,1290
4524.332128063906,4524.207128063906,4524.457128063906,1421,1462,1442
4524.547657043385,4524.422657043385,4524.672657043385,2280,1673,1977
4525.515710741781,4525.265710741781,4525.765710741781,1813,1638,1726
4521.278812284562,4521.153812284562,4521.403812284562,780,991,886
4526.999900278842,4526.624900278842,4527.374900278842,1340,1273,1307
4528.976572008356,4528.851572008356,4529.101572008356,2086,1489,1788
4539.508348766675,4539.258348766675,4539.758348766675,929,2752,1841
4535.536908248912,4535.411908248912,4535.661908248912,915,728,822
4531.207839674648,4531.082839674648,4531.332839674648,1910,1391,1651
4535.956381012074,4535.706381012074,4536.206381012074,1111,748,930
4538.108338663638,4537.983338663638,4538.233338663638,1260,1707,1484
4541.518987945091,4541.268987945091,4541.768987945091,1771,1602,1687
4538.1196536544285,4537.7446536544285,4538.4946536544285,917,2504,1711
4543.170686707017,4543.045686707017,4543.295686707017,498,1133,816
4541.745692196688,4541.620692196688,4541.870692196688,797,1942,1370
4536.199384707828,4536.074384707828,4536.324384707828,2668,1183,1926
4536.422573752409,4536.297573752409,4536.547573752409,1564,833,1199
4529.34109175713,4529.09109175713,4529.59109175713,794,1217,1006
4527.027259842519,4526.777259842519,4527.277259842519,713,1134,924
4525.056631065888,4524.931631065888,4525.181631065888,907,1298,1103
4528.245551470654,4528.120551470654,4528.370551470654,1363,730,1047
4522.506451703104,4522.381451703104,4522.631451703104,1310,1421,1366
4511.991026373522,4511.741026373522,4512.241026373522,1713,798,1256
4513.936030245364,4513.811030245364,4514.061030245364,1282,2681,1982
4514.2636949423495,4514.1386949423495,4514.3886949423495,1241,488,865
4511.41391426979,4511.28891426979,4511.53891426979,1333,1648,1491
4506.2987293880615,4506.1737293880615,4506.4237293880615,833,1824,1329
4504.9214291635,4504.6714291635,4505.1714291635,1929,778,1354
4501.84640847879,4501.72140847879,4501.97140847879,1115,692,904
4504.458407597089,4504.333407597089,4504.583407597089,479,1222,851
4511.9171128104135,4511.7921128104135,4512.0421128104135,547,1224,886
4515.754315619764,4515.504315619764,4516.004315619764,989,2426,1708
4518.343130481655,4518.093130481655,4518.593130481655,792,989,891
4523.196622305539,4523.071622305539,4523.321622305539,920,2289,1605
4519.271299753845,4519.146299753845,4519.396299753845,730,1149,940
4514.835929443675,4514.710929443675,4514.960929443675,1027,1656,1342
4513.899501598605,4513.774501598605,4514.024501598605,1181,544,863
4518.575062523089,4518.450062523089,4518.700062523089,1198,1139,1169
4517.416262041711,4517.291262041711,4517.541262041711,1745,1224,1485
4516.19649586547,4516.07149586547,4516.32149586547,1632,939,1286
4515.081670937015,4514.956670937015,4515.206670937015,1044,595,820
4514.16448822201,4514.03948822201,4514.28948822201,2534,1411,1973
4518.193836182001,4517.943836182001,4518.443836182001,1031,1710,1371
4521.99769735395,4521.87269735395,4522.12269735395,1031,2596,1814
4529.088343683553,4528.963343683553,4529.213343683553,1215,2516,1866
4521.6397694772595,4521.5147694772595,4521.7647694772595,1825,1780,1803
4514.749421664301,4514.499421664301,4514.999421664301,888,1221,1055
4516.132509916598,4515.882509916598,4516.382509916598,2057,876,1467
4516.664569990347,4516.414569990347,4516.914569990347,1190,1057,1124
4517.700121391027,4517.325121391027,4518.075121391027,856,1485,1171
4514.346564400964,4513.971564400964,4514.721564400964,968,2011,1490
4519.24379280578,4518.99379280578,4519.49379280578,840,1391,1116
4518.530441245369,4518.405441245369,4518.655441245369,1423,1984,1704
4517.810522562944,4517.560522562944,4518.060522562944,1095,1518,1307
4515.53400165586,4515.40900165586,4515.65900165586,1515,1644,1580
4514.188624933112,4514.063624933112,4514.313624933112,776,1031,904
4515.069562443101,4514.944562443101,4515.194562443101,1375,786,1081
4513.833577164482,4513.583577164482,4514.083577164482,983,1622,1303
4518.357285531356,4518.107285531356,4518.607285531356,2408,1481,1945
4514.700818149012,4514.575818149012,4514.825818149012,1175,2410,1793
4512.709827958387,4512.459827958387,4512.959827958387,778,1179,979
4512.58047529344,4512.45547529344,4512.70547529344,1574,1061,1318
4511.538561946983,4511.163561946983,4511.913561946983,870,1273,1072
4512.598039539759,4512.223039539759,4512.973039539759,1353,1428,1391
4507.880773185024,4507.755773185024,4508.005773185024,800,1151,976
4506.817863358486,4506.692863358486,4506.942863358486,2364,983,1674
4499.047125734536,4498.922125734536,4499.172125734536,879,1746,1313
4499.11546624494,4498.99046624494,4499.24046624494,1063,1170,1117
4497.411184262982,4497.286184262982,4497.536184262982,1297,2614,1956
4502.191622460985,4502.066622460985,4502.316622460985,1014,1303,1159
4506.335484663263,4506.085484663263,4506.585484663263,1441,1778,1610
4502.176506283154,4502.051506283154,4502.301506283154,1572,741,1157
4499.329488380455,4499.204488380455,4499.454488380455,1457,1486,1472
4503.463103074853,4503.213103074853,4503.713103074853,1836,1495,1666
4501.215064682124,4501.090064682124,4501.340064682124,2260,1409,1835
4504.0787850307615,4503.9537850307615,4504.2037850307615,1194,1075,1135
4505.349595138072,4505.224595138072,4505.474595138072,652,1189,921
4505.73768152164,4505.61268152164,4505.86268152164,932,2591,1762
4503.883249664457,4503.758249664457,4504.008249664457,1379,1500,1440
4503.679823546749,4503.554823546749,4503.804823546749,1382,2355,1869
4502.658967114873,4502.408967114873,4502.908967114873,1430,1487,1459
4495.242959929179,4494.867959929179,4495.617959929179,1422,709,1066
4498.744435360247,4498.494435360247,4498.994435360247,968,2337,1653
4501.927236257045,4501.802236257045,4502.052236257045,667,1042,855
4503.625334737629,4503.500334737629,4503.750334737629,2464,1077,1771
4499.276142718265,4499.151142718265,4499.401142718265,943,1862,1403
4503.106192280072,4502.856192280072,4503.356192280072,758,1127,943
4506.281570689567,4505.906570689567,4506.656570689567,2280,1287,1784
4513.936543697241,4513.686543697241,4514.186543697241,1886,961,1424
4508.132400919006,4508.007400919006,4508.257400919006,1152,783,968
4509.954006712785,4509.829006712785,4510.079006712785,1356,2167,1762
4504.464732921729,4504.339732921729,4504.589732921729,1045,574,810
4505.8894189039,4505.7644189039,4506.0144189039,1603,1498,1551
4508.052744644779,4507.677744644779,4508.427744644779,1006,2463,1735
4509.3349985366085,4509.2099985366085,4509.4599985366085,1385,830,1108
4512.061433423452,4511.936433423452,4512.186433423452,1389,1946,1668
4507.328570830765,4507.078570830765,4507.578570830765,630,1873,1252
4511.981664430954,4511.856664430954,4512.106664430954,741,1746,1244
4511.540120198969,4511.415120198969,4511.665120198969,2155,988,1572
4507.645673211568,4507.520673211568,4507.770673211568,788,811,800
4509.295928625069,4509.170928625069,4509.420928625069,1417,2420,1919
4507.1518706626675,4507.0268706626675,4507.2768706626675,1257,524,891
4507.500626874507,4507.375626874507,4507.625626874507,1680,1597,1639
4509.090295068619,4508.965295068619,4509.215295068619,1348,1597,1473
4507.560556724504,4507.185556724504,4507.935556724504,1010,1583,1297
4504.852674124473,4504.727674124473,4504.977674124473,1796,751,1274
4512.127269467375,4511.877269467375,4512.377269467375,1836,1183,1510
4514.229973714877,4513.979973714877,4514.479973714877,1809,2088,1949
4516.4756918062985,4516.2256918062985,4516.7256918062985,849,2156,1503
4515.579670122596,4515.329670122596,4515.829670122596,1015,696,856
4511.516852209449,4511.391852209449,4511.641852209449,2230,1313,1772
4510.314250790531,4510.064250790531,4510.564250790531,2074,1039,1557
4512.058582778234,4511.808582778234,4512.308582778234,832,1023,928
4515.0455486148585,4514.7955486148585,4515.2955486148585,970,2551,1761
4517.190905667275,4517.065905667275,4517.315905667275,1395,1136,1266
4515.263218352395,4515.138218352395,4515.388218352395,1768,1657,1713
4513.728089972512,4513.603089972512,4513.853089972512,1546,1993,1770
4517.282230312789,4517.157230312789,4517.407230312789,954,2443,1699
4515.234406043784,4514.984406043784,4515.484406043784,1421,2140,1781
4516.096674369051,4515.971674369051,4516.221674369051,1196,747,972
4513.991732888988,4513.866732888988,4514.116732888988,2346,1197,1772
4518.076820072225,4517.701820072225,4518.451820072225,490,1111,801
4520.336227937778,4520.086227937778,4520.586227937778,1424,1361,1393
4520.270784185478,4519.895784185478,4520.645784185478,1489,512,1001
4518.561694289377,4518.436694289377,4518.686694289377,1445,1658,1552
4518.371212476525,4518.246212476525,4518.496212476525,1843,842,1343
4516.445525425396,4516.320525425396,4516.570525425396,1097,2570,1834
4516.413251446573,4516.288251446573,4516.538251446573,2377,1288,1833
4517.795906690292,4517.670906690292,4517.920906690292,595,1056,826
4516.497732518989,4516.122732518989,4516.872732518989,1371,890,1131
4517.064885116737,4516.814885116737,4517.314885116737,1543,734,1139
4520.601871191032,4520.226871191032,4520.976871191032,1030,1427,1229
4520.883383061264,4520.758383061264,4521.008383061264,1266,1075,1171
4518.495217357325,4518.370217357325,4518.620217357325,1790,1015,1403
4521.665128249081,4521.540128249081,4521.790128249081,1683,842,1263
4518.504952428455,4518.379952428455,4518.629952428455,1535,678,1107
4519.464900282131,4519.339900282131,4519.589900282131,1209,2238,1724
4520.434873975795,4520.184873975795,4520.684873975795,464,1359,912
4521.75812738664,4521.50812738664,4522.00812738664,1896,1019,1458
4520.968258985012,4520.718258985012,4521.218258985012,1533,1344,1439
4521.970909772125,4521.845909772125,4522.095909772125,2028,1523,1776
4522.418563198521,4522.293563198521,4522.543563198521,999,1614,1307
4520.568903041417,4520.443903041417,4520.693903041417,1288,553,921
4516.505941466906,4516.380941466906,4516.630941466906,1170,1143,1157
4516.964036434983,4516.839036434983,4517.089036434983,675,932,804
4523.413853357821,4523.288853357821,4523.538853357821,856,1933,1395
4523.514622688811,4523.139622688811,4523.889622688811,1714,873,1294
4521.57811700831,4521.45311700831,4521.70311700831,784,1099,942
4521.770651148176,4521.645651148176,4521.895651148176,1764,1555,1660
4518.309670848445,4518.184670848445,4518.434670848445,988,1225,1107
4521.501921468389,4521.126921468389,4521.876921468389,1423,1434,1429
4520.547373431683,4520.422373431683,4520.672373431683,1020,677,849
4518.78680067931,4518.66180067931,4518.91180067931,1634,1713,1674
4520.854424715851,4520.729424715851,4520.979424715851,787,1390,1089
4519.420216432348,4519.170216432348,4519.670216432348,1031,830,931
4524.953103775904,4524.703103775904,4525.203103775904,1326,2133,1730
4520.307054275743,4520.057054275743,4520.557054275743,1675,1062,1369
4519.77542910651,4519.65042910651,4519.90042910651,656,1027,842
4517.737549888868,4517.487549888868,4517.987549888868,2142,1663,1903
4521.8621650939585,4521.6121650939585,4522.1121650939585,2254,1073,1664
4522.851950929823,4522.726950929823,4522.976950929823,732,981,857
4519.066699320942,4518.816699320942,4519.316699320942,860,1647,1254
4522.670902543558,4522.545902543558,4522.795902543558,1423,1998,1711
4524.191697813714,4524.066697813714,4524.316697813714,1786,603,1195
4525.928013737589,4525.553013737589,4526.303013737589,1663,1640,1652
4524.035304957806,4523.660304957806,4524.410304957806,1241,1032,1137
4526.832625399132,4526.582625399132,4527.082625399132,1294,2457,1876
4529.543690497715,4529.293690497715,4529.793690497715,2883,1110,1997
4525.991132906607,4525.741132906607,4526.241132906607,1777,1268,1523
4528.082865513997,4527.957865513997,4528.207865513997,1254,1477,1366
4534.0168972566835,4533.8918972566835,4534.1418972566835,1336,2197,1767
4535.443720725317,4535.318720725317,4535.568720725317,914,1803,1359
4535.65420543167,4535.52920543167,4535.77920543167,722,1177,950
4535.446854681961,4535.321854681961,4535.571854681961,1243,2252,1748
4538.771463495408,4538.396463495408,4539.146463495408,1139,2858,1999
4532.955493432442,4532.830493432442,4533.080493432442,589,1680,1135
4531.400041409326,4531.275041409326,4531.525041409326,896,741,819
4531.024561024524,4530.774561024524,4531.274561024524,981,1054,1018
4532.836068232925,4532.711068232925,4532.961068232925,1629,1224,1427
4537.619333621802,4537.494333621802,4537.744333621802,1494,1635,1565
4541.275560812449,4541.025560812449,4541.525560812449,1271,1116,1194
4543.021471032694,4542.896471032694,4543.146471032694,1055,718,887
4543.998351106856,4543.748351106856,4544.248351106856,1621,840,1231
4548.237881915498,4547.987881915498,4548.487881915498,673,966,820
4550.694837597594,4550.569837597594,4550.819837597594,1261,1054,1158
4549.436864350856,4549.311864350856,4549.561864350856,1406,719,1063
4547.972992312569,4547.722992312569,4548.222992312569,659,1304,982
4544.167534697266,4544.042534697266,4544.292534697266,2328,1557,1943
4543.780651373519,4543.655651373519,4543.905651373519,1085,792,939
4555.811742901761,4555.561742901761,4556.061742901761,1292,609,951
4552.845958681214,4552.720958681214,4552.970958681214,770,1307,1039
4556.059667238452,4555.809667238452,4556.309667238452,1714,733,1224
4554.471673020836,4554.346673020836,4554.596673020836,1890,1011,1451
4556.039639999603,4555.664639999603,4556.414639999603,1002,1083,1043
4558.067630976927,4557.942630976927,4558.192630976927,1147,902,1025
4560.312396320467,4560.187396320467,4560.437396320467,858,2285,1572
4555.7236448790945,4555.5986448790945,4555.8486448790945,964,1743,1354
4552.359455111675,4552.234455111675,4552.484455111675,1193,2078,1636
4548.939523596523,4548.564523596523,4549.314523596523,839,780,810
4550.7612623847,4550.6362623847,4550.8862623847,1601,1772,1687
4549.262623891515,4549.137623891515,4549.387623891515,1406,1307,1357
4555.493604434308,4555.243604434308,4555.743604434308,687,1200,944
4556.019985940796,4555.894985940796,4556.144985940796,770,1933,1352
4557.381632758962,4557.256632758962,4557.506632758962,837,1426,1132
4556.886978806912,4556.761978806912,4557.011978806912,1048,1747,1398
4556.882567796125,4556.632567796125,4557.132567796125,1806,2169,1988
4557.672412802368,4557.547412802368,4557.797412802368,2230,1585,1908
4553.712270742541,4553.587270742541,4553.837270742541,1600,1241,1421
4553.918708040713,4553.793708040713,4554.043708040713,1169,460,815
4554.1676313732405,4553.9176313732405,4554.4176313732405,1404,1361,1383
4551.222566680352,4551.097566680352,4551.347566680352,742,1465,1104
4550.010276697392,4549.760276697392,4550.260276697392,1075,1224,1150
4547.202620202143,4546.952620202143,4547.452620202143,1593,2214,1904
4547.258390482604,4547.133390482604,4547.383390482604,1148,1727,1438
4547.242763706368,4547.117763706368,4547.367763706368,1223,1142,1183
4546.26835886093,4546.01835886093,4546.51835886093,1300,781,1041
4544.409078136796,4544.284078136796,4544.534078136796,1417,940,1179
4537.588861803736,4537.213861803736,4537.963861803736,1635,1648,1642
4535.314254912573,4535.064254912573,4535.564254912573,553,1570,1062
4530.324290638243,4530.199290638243,4530.449290638243,1872,1253,1563
4529.300101061816,4529.050101061816,4529.550101061816,1653,1282,1468
4525.462366614362,4525.337366614362,4525.587366614362,1290,2491,1891
4519.980673867229,4519.855673867229,4520.105673867229,1207,860,1034
4518.887441845328,4518.637441845328,4519.137441845328,1397,1210,1304
4523.836391614741,4523.711391614741,4523.961391614741,1958,1607,1783
4524.859130044863,4524.734130044863,4524.984130044863,2127,870,1499
4523.123953303602,4522.873953303602,4523.373953303602,1185,2316,1751
4521.649267455083,4521.524267455083,4521.774267455083,1304,761,1033
4523.046074731058,4522.796074731058,4523.296074731058,2083,936,1510
4522.971909290233,4522.721909290233,4523.221909290233,846,1743,1295
4521.021449670166,4520.896449670166,4521.146449670166,2585,1404,1995
4522.456506317079,4522.206506317079,4522.706506317079,1155,1468,1312
4523.98038696996,4523.85538696996,4524.10538696996,1374,1731,1553
4525.3285629404345,4525.0785629404345,4525.5785629404345,2627,1044,1836
4523.848196795807,4523.723196795807,4523.973196795807,1430,1223,1327
4520.827727513724,4520.702727513724,4520.952727513724,851,1714,1283
4517.903044092181,4517.778044092181,4518.028044092181,1215,1082,1149
4516.525213526337,4516.275213526337,4516.775213526337,1628,1477,1553
4518.326675731161,4518.201675731161,4518.451675731161,1132,2393,1763
4517.1173234789785,4516.7423234789785,4517.4923234789785,908,2387,1648
4518.160119127462,4517.910119127462,4518.410119127462,2321,1524,1923
4517.444959914816,4517.194959914816,4517.694959914816,1307,1874,1591
4518.072035853054,4517.822035853054,4518.322035853054,1201,2436,1819
4520.874938989501,4520.749938989501,4520.999938989501,1129,632,881
4521.1646043765295,4521.0396043765295,4521.2896043765295,643,1702,1173
4525.391691088211,4525.266691088211,4525.516691088211,1956,1199,1578
4519.989165564977,4519.864165564977,4520.114165564977,1184,2695,1940
4520.106839814173,4519.981839814173,4520.231839814173,624,1455,1040
4519.009824809857,4518.884824809857,4519.134824809857,1044,1405,1225
4517.745514593831,4517.620514593831,4517.870514593831,756,1179,968
4521.581993163318,4521.456993163318,4521.706993163318,2017,1238,1628
4524.576845092728,4524.451845092728,4524.701845092728,1979,1708,1844
4528.125366461372,4527.875366461372,4528.375366461372,1484,973,1229
4528.8190561076435,4528.6940561076435,4528.9440561076435,1911,1624,1768
4528.114651037712,4527.989651037712,4528.239651037712,1037,1236,1137
4532.28857764585,4532.16357764585,4532.41357764585,2012,1913,1963
4534.473659270385,4534.348659270385,4534.598659270385,1695,858,1277
4530.698169155318,4530.573169155318,4530.823169155318,1391,934,1163
4527.371080452702,4527.121080452702,4527.621080452702,632,1723,1178
4535.3459853935965,4535.2209853935965,4535.4709853935965,676,1667,1172
4531.808915988603,4531.558915988603,4532.058915988603,1502,1263,1383
4529.8271200215695,4529.7021200215695,4529.9521200215695,842,1083,963
4528.7003923509255,4528.5753923509255,4528.8253923509255,1494,825,1160
4526.702528215889,4526.577528215889,4526.827528215889,1165,856,1011
4525.058423123139,4524.933423123139,4525.183423123139,814,1069,942
4526.781368715229,4526.656368715229,4526.906368715229,764,1009,887
4525.30623626178,4525.18123626178,4525.43123626178,2102,1625,1864
4524.141557201677,4524.016557201677,4524.266557201677,1805,1422,1614
4522.602730465651,4522.477730465651,4522.727730465651,2079,1880,1980
4522.918851620347,4522.668851620347,4523.168851620347,1383,1148,1266
4517.854291351184,4517.604291351184,4518.104291351184,601,1746,1174
4518.889755942289,4518.639755942289,4519.139755942289,1732,873,1303
4517.201180153643,4517.076180153643,4517.326180153643,1606,1555,1581
4518.2433916828295,4517.8683916828295,4518.6183916828295,671,1840,1256
4517.686323277481,4517.561323277481,4517.811323277481,1458,2011,1735
4517.098283495984,4516.973283495984,4517.223283495984,1762,1143,1453
4522.801134376341,4522.676134376341,4522.926134376341,1854,929,1392
4520.732601876565,4520.482601876565,4520.982601876565,1420,2091,1756
4519.113537204295,4518.738537204295,4519.488537204295,1640,1589,1615
4522.802968081263,4522.552968081263,4523.052968081263,2194,753,1474
4525.696739417865,4525.571739417865,4525.821739417865,527,1150,839
4523.513834917115,4523.263834917115,4523.763834917115,951,1534,1243
4520.792890046781,4520.667890046781,4520.917890046781,1022,2683,1853
4524.065128634885,4523.815128634885,4524.315128634885,821,1810,1316
4521.651481410565,4521.401481410565,4521.901481410565,1854,1765,1810
4519.474796245704,4519.349796245704,4519.599796245704,815,1188,1002
4522.138678006629,4522.013678006629,4522.263678006629,918,1119,1019
4524.147750605634,4524.022750605634,4524.272750605634,2157,1378,1768
4523.646996385738,4523.271996385738,4524.021996385738,1332,1209,1271
4523.006034958597,4522.881034958597,4523.131034958597,2079,1742,1911
4523.51576355627,4523.39076355627,4523.64076355627,1551,1262,1407
4521.828884024202,4521.703884024202,4521.953884024202,1075,2696,1886
4523.607743909091,4523.232743909091,4523.982743909091,1973,932,1453
4519.725585207828,4519.600585207828,4519.850585207828,1518,719,1119
4524.2729906885315,4524.1479906885315,4524.3979906885315,1881,638,1260
4526.518872332024,4526.393872332024,4526.643872332024,1385,1026,1206
4525.5308808067975,4525.4058808067975,4525.6558808067975,1720,943,1332
4524.751081455199,4524.501081455199,4525.001081455199,1518,1039,1279
4522.98521137116,4522.86021137116,4523.11021137116,1007,1774,1391
4523.212553603184,4523.087553603184,4523.337553603184,605,1504,1055
4521.547137711408,4521.297137711408,4521.797137711408,2229,790,1510
4522.085186235685,4521.960186235685,4522.210186235685,2230,1731,1981
4521.885781990791,4521.510781990791,4522.260781990791,1192,1071,1132
4521.37036434492,4521.24536434492,4521.49536434492,2259,830,1545
4522.766866360151,4522.641866360151,4522.891866360151,1142,2295,1719
4518.82607842166,4518.57607842166,4519.07607842166,2381,914,1648
4523.563844195887,4523.188844195887,4523.938844195887,1713,1402,1558
4524.588979422401,4524.463979422401,4524.713979422401,1955,718,1337
4527.757413566388,4527.507413566388,4528.007413566388,1391,2524,1958
4527.228084384447,4527.103084384447,4527.353084384447,621,1766,1194
4528.547702573645,4528.297702573645,4528.797702573645,1217,1156,1187
4525.1478890346,4524.8978890346,4525.3978890346,2645,1132,1889
4524.1162373000825,4523.9912373000825,4524.2412373000825,1441,2506,1974
4525.650984914173,4525.525984914173,4525.775984914173,1298,1681,1490
4522.503521780698,4522.253521780698,4522.753521780698,1386,565,976
4524.671306217713,4524.546306217713,4524.796306217713,1808,1613,1711
4524.799992318644,4524.674992318644,4524.924992318644,1577,1852,1715
4524.24347973379,4524.11847973379,4524.36847973379,1402,1189,1296
4522.190542228518,4521.940542228518,4522.440542228518,757,1690,1224
4525.351218559136,4525.101218559136,4525.601218559136,1290,1415,1353
4526.425468123373,4526.300468123373,4526.550468123373,1324,623,974
4524.095218918316,4523.970218918316,4524.220218918316,878,2501,1690
4524.772576165368,4524.647576165368,4524.897576165368,677,1008,843
4527.181204028372,4527.056204028372,4527.306204028372,1491,722,1107
4530.8140441114765,4530.5640441114765,4531.0640441114765,1622,875,1249
4528.960665031374,4528.835665031374,4529.085665031374,716,895,806
4528.076515806065,4527.951515806065,4528.201515806065,1572,2193,1883
4528.544324953531,4528.294324953531,4528.794324953531,1332,981,1157
4528.873998137773,4528.498998137773,4529.248998137773,508,1205,857
4528.7980990993065,4528.6730990993065,4528.9230990993065,1375,1164,1270
4529.964396016464,4529.714396016464,4530.214396016464,1292,2233,1763
4530.487631373227,4530.237631373227,4530.737631373227,1653,1242,1448
4528.775747187079,4528.400747187079,4529.150747187079,1279,606,943
4528.677470630359,4528.427470630359,4528.927470630359,1197,490,844
4525.1104533890875,4524.9854533890875,4525.2354533890875,2887,1016,1952
4524.6120016994955,4524.4870016994955,4524.7370016994955,691,922,807
4524.699127432534,4524.574127432534,4524.824127432534,1333,1232,1283
4525.439926946327,4525.314926946327,4525.564926946327,1203,2416,1810
4525.300371090077,4525.175371090077,4525.425371090077,2163,1786,1975
4524.177451684739,4524.052451684739,4524.302451684739,803,1210,1007
4524.556287512305,4524.181287512305,4524.931287512305,1421,1808,1615
4523.992228280725,4523.617228280725,4524.367228280725,1673,1290,1482
4522.122405925238,4521.997405925238,4522.247405925238,684,2037,1361
4519.147678403622,4519.022678403622,4519.272678403622,1594,1965,1780
4519.190735534703,4518.940735534703,4519.440735534703,1007,2708,1858
4520.721181377634,4520.471181377634,4520.971181377634,1892,807,1350
4519.067454286173,4518.817454286173,4519.317454286173,2727,1092,1910
4518.094837847969,4517.844837847969,4518.344837847969,1345,978,1162
4519.208489037985,4519.083489037985,4519.333489037985,1627,1696,1662
4520.119009355252,4519.994009355252,4520.244009355252,811,2352,1582
4519.0798411454025,4518.9548411454025,4519.2048411454025,1116,2155,1636
4522.044219783968,4521.919219783968,4522.169219783968,1608,1097,1353
4524.4360827617065,4524.3110827617065,4524.5610827617065,1194,2275,1735
4523.926804908671,4523.801804908671,4524.051804908671,979,758,869
4522.350673275901,4521.975673275901,4522.725673275901,2794,1189,1992
4525.453179544586,4525.203179544586,4525.703179544586,1187,1596,1392
4523.413515669843,4523.288515669843,4523.538515669843,1272,519,896
4524.076947417763,4523.951947417763,4524.201947417763,2231,1150,1691
4520.970775621823,4520.845775621823,4521.095775621823,1623,1726,1675
4519.794667451212,4519.669667451212,4519.919667451212,1780,749,1265
4522.675682899749,4522.550682899749,4522.800682899749,1192,419,806
4525.76770099852,4525.39270099852,4526.14270099852,932,861,897
4522.878392354695,4522.753392354695,4523.003392354695,1543,2164,1854
4518.965081146446,4518.715081146446,4519.215081146446,1537,1362,1450
4520.0187280739365,4519.7687280739365,4520.2687280739365,2552,1143,1848
4516.8666518022155,4516.7416518022155,4516.9916518022155,473,1258,866
4516.758381489341,4516.633381489341,4516.883381489341,741,1222,982
4516.183285156407,4515.933285156407,4516.433285156407,1763,604,1184
4515.501029005876,4515.251029005876,4515.751029005876,1621,1022,1322
4515.244095743668,4514.994095743668,4515.494095743668,532,1391,962
4513.386956227652,4513.261956227652,4513.511956227652,1510,2009,1760
4510.210637383598,4509.960637383598,4510.460637383598,579,1054,817
4511.524552844318,4511.399552844318,4511.649552844318,2366,1579,1973
4514.149308929416,4513.899308929416,4514.399308929416,683,926,805
4512.55089667717,4512.30089667717,4512.80089667717,1820,1097,1459
4509.016972537681,4508.891972537681,4509.141972537681,1625,1164,1395
4507.322446285378,4507.197446285378,4507.447446285378,1042,575,809
4502.467155068467,4502.342155068467,4502.592155068467,1444,1477,1461
4501.580514615851,4501.455514615851,4501.705514615851,1499,1288,1394
4503.865314993234,4503.740314993234,4503.990314993234,1219,1968,1594
4502.072324152873,4501.822324152873,4502.322324152873,1467,1814,1641
4502.813971066239,4502.688971066239,4502.938971066239,894,1247,1071
4507.32321248706,4506.94821248706,4507.69821248706,591,1242,917
4508.952692302262,4508.702692302262,4509.202692302262,2461,1362,1912
4511.761405141945,4511.511405141945,4512.011405141945,1746,1165,1456
4511.5761078022215,4511.4511078022215,4511.7011078022215,1459,794,1127
4514.870220768693,4514.745220768693,4514.995220768693,1517,584,1051
4514.926693830147,4514.801693830147,4515.051693830147,652,1077,865
4512.742604475631,4512.617604475631,4512.867604475631,1852,619,1236
4516.803923745886,4516.678923745886,4516.928923745886,1696,1717,1707
4518.51459080248,4518.26459080248,4518.76459080248,2069,1164,1617
4512.853974215243,4512.603974215243,4513.103974215243,2422,979,1701
4509.859888284767,4509.734888284767,4509.984888284767,1311,970,1141
4509.6321053708125,4509.2571053708125,4510.0071053708125,1709,1092,1401
4508.228882713549,4507.853882713549,4508.603882713549,1326,1229,1278
4506.249933870714,4505.999933870714,4506.499933870714,784,1877,1331
4502.7334565612,4502.3584565612,4503.1084565612,2751,920,1836
4499.784807280164,4499.534807280164,4500.034807280164,832,1531,1182
4499.603583979011,4499.353583979011,4499.853583979011,1647,1626,1637
4500.741547271938,4500.366547271938,4501.116547271938,1310,1979,1645
4498.24999045445,4498.12499045445,4498.37499045445,2548,869,1709
4494.777958953325,4494.652958953325,4494.902958953325,1152,1277,1215
4496.262251930478,4496.012251930478,4496.512251930478,653,1130,892
4494.352591011262,4494.102591011262,4494.602591011262,964,1061,1013
4489.414651066465,4489.164651066465,4489.664651066465,712,905,809
4488.557918912175,4488.182918912175,4488.932918912175,1934,815,1375
4488.947127916154,4488.822127916154,4489.072127916154,1106,1007,1057
4491.864993553494,4491.739993553494,4491.989993553494,1375,2344,1860
4494.551190129716,4494.426190129716,4494.676190129716,504,1483,994
4488.388529357927,4488.263529357927,4488.513529357927,1938,1049,1494
4487.589124572347,4487.464124572347,4487.714124572347,1548,733,1141
4484.878795422692,4484.753795422692,4485.003795422692,1112,957,1035
4482.157541238764,4481.907541238764,4482.407541238764,1191,2152,1672
4480.689315968472,4480.564315968472,4480.814315968472,1939,1706,1823
4484.801276334141,4484.676276334141,4484.926276334141,1267,2724,1996
4485.550707436294,4485.425707436294,4485.675707436294,1212,537,875
4485.03170761703,4484.90670761703,4485.15670761703,2193,1730,1962
4481.2880430637815,4481.1630430637815,4481.4130430637815,1028,2641,1835
4480.861058284405,4480.611058284405,4481.111058284405,918,819,869
4482.262140661138,4482.137140661138,4482.387140661138,491,1312,902
4484.8292934195015,4484.7042934195015,4484.9542934195015,769,1306,1038
4483.082446524909,4482.957446524909,4483.207446524909,1135,2226,1681
4481.9899943452065,4481.7399943452065,4482.2399943452065,956,2691,1824
4479.109222248545,4478.859222248545,4479.359222248545,1053,1562,1308
4480.0741280285265,4479.9491280285265,4480.1991280285265,2021,834,1428
4482.987333622809,4482.862333622809,4483.112333622809,957,2676,1817
4481.090222871879,4480.965222871879,4481.215222871879,2132,819,1476
4481.093815307312,4480.718815307312,4481.468815307312,2224,1507,1866
4479.694604932863,4479.569604932863,4479.819604932863,1469,1322,1396
4480.418279244257,4480.168279244257,4480.668279244257,1038,611,825
4478.849022502245,4478.724022502245,4478.974022502245,1696,877,1287
4480.095346831289,4479.970346831289,4480.220346831289,1124,849,987
4482.065486302388,4481.815486302388,4482.315486302388,1926,1249,1588
4482.843214463408,4482.593214463408,4483.093214463408,570,1049,810
4483.843490056091,4483.593490056091,4484.093490056091,2535,1360,1948
4484.4442929927145,4484.1942929927145,4484.6942929927145,2089,1652,1871
4482.21435606494,4481.96435606494,4482.46435606494,1908,751,1330
4483.416899181402,4483.041899181402,4483.791899181402,1199,514,857
4482.531176259,4482.406176259,4482.656176259,1777,1486,1632
4481.9934091910745,4481.6184091910745,4482.3684091910745,1108,681,895
4476.913309275067,4476.788309275067,4477.038309275067,884,1549,1217
4474.382303270138,4474.257303270138,4474.507303270138,951,828,890
4473.353985068852,4472.978985068852,4473.728985068852,1458,2121,1790
4471.251033854133,4471.126033854133,4471.376033854133,878,927,903
4468.009435680887,4467.884435680887,4468.134435680887,673,1766,1220
4464.592714785559,4464.342714785559,4464.842714785559,597,1630,1114
4463.597328549253,4463.347328549253,4463.847328549253,1648,919,1284
4463.079926335604,4462.829926335604,4463.329926335604,1114,1473,1294
4462.0235805937555,4461.8985805937555,4462.1485805937555,1232,1247,1240
4462.684768989854,4462.559768989854,4462.809768989854,1357,1964,1661
4465.607823890826,4465.482823890826,4465.732823890826,1306,2299,1803
4468.037016631935,4467.787016631935,4468.287016631935,1131,1076,1104
4467.895209765086,4467.645209765086,4468.145209765086,2075,1148,1612
4468.233850342474,4468.108850342474,4468.358850342474,1445,1860,1653
4468.644422349045,4468.519422349045,4468.769422349045,1948,1197,1573
4467.917891359695,4467.792891359695,4468.042891359695,1177,1128,1153
4469.8527350812565,4469.7277350812565,4469.9777350812565,2075,778,1427
4469.360636968112,4469.110636968112,4469.610636968112,948,1155,1052
4468.8748583317,4468.7498583317,4468.9998583317,1482,691,1087
4470.875599532121,4470.750599532121,4471.000599532121,2218,1685,1952
4472.048084435156,4471.923084435156,4472.173084435156,1150,2405,1778
4470.220950384842,4469.970950384842,4470.470950384842,1602,1661,1632
4468.017121485627,4467.767121485627,4468.267121485627,2198,1625,1912
4467.162706450535,4467.037706450535,4467.287706450535,1377,1128,1253
4470.969519992847,4470.719519992847,4471.219519992847,1927,856,1392
4472.5724538131235,4472.4474538131235,4472.6974538131235,811,1084,948
4470.690002973494,4470.315002973494,4471.065002973494,2205,1718,1962
4469.226464766717,4469.101464766717,4469.351464766717,2134,733,1434
4470.884255577566,4470.634255577566,4471.134255577566,693,1694,1194
4470.53008034566,4470.28008034566,4470.78008034566,744,1593,1169
4469.673734539793,4469.423734539793,4469.923734539793,1114,913,1014
4470.1524499542065,4470.0274499542065,4470.2774499542065,1534,2153,1844
4467.664832709296,4467.539832709296,4467.789832709296,1375,644,1010
4466.138564997115,4465.888564997115,4466.388564997115,549,1480,1015
4471.181863995341,4471.056863995341,4471.306863995341,2207,1422,1815
4467.520305978187,4467.395305978187,4467.645305978187,1205,2710,1958
4464.920861062399,4464.795861062399,4465.045861062399,1172,1847,1510
4463.936736967624,4463.811736967624,4464.061736967624,1605,1796,1701
4466.072658162856,4465.947658162856,4466.197658162856,953,2204,1579
4467.07609214453,4466.95109214453,4467.20109214453,2134,1521,1828
4467.977759292921,4467.727759292921,4468.227759292921,1260,2593,1927
4470.839881866379,4470.589881866379,4471.089881866379,2236,1145,1691
4471.509909797554,4471.259909797554,4471.759909797554,958,1419,1189
4476.588297904981,4476.463297904981,4476.713297904981,864,809,837
4479.6073191601145,4479.4823191601145,4479.7323191601145,1715,794,1255
4477.380113439538,4477.130113439538,4477.630113439538,1242,2641,1942
4467.713935329952,4467.588935329952,4467.838935329952,1970,1601,1786
4470.485932018384,4470.235932018384,4470.735932018384,1098,587,843
4472.4624729044735,4472.3374729044735,4472.5874729044735,816,2047,1432
