close,bid,ask,bid_volume,ask_volume,volume
4501.1114818620945,4500.9864818620945,4501.2364818620945,719,2062,1391
4499.639668430354,4499.389668430354,4499.889668430354,1487,1218,1353
4497.6781443095715,4497.5531443095715,4497.8031443095715,2594,1327,1961
4499.10431165787,4498.85431165787,4499.35431165787,2769,1114,1942
4499.338224044056,4499.213224044056,4499.463224044056,1465,2082,1774
4497.391012269643,4497.266012269643,4497.516012269643,1234,1301,1268
4494.737591976215,4494.362591976215,4495.112591976215,1762,1791,1777
4490.326983183676,4490.076983183676,4490.576983183676,1285,1208,1247
4493.840561622771,4493.465561622771,4494.215561622771,1915,1130,1523
4495.549875948187,4495.424875948187,4495.674875948187,997,2650,1824
4499.709875175557,4499.584875175557,4499.834875175557,1027,2770,1899
4500.653882898877,4500.403882898877,4500.903882898877,1441,1136,1289
4499.263006001289,4499.013006001289,4499.513006001289,898,2037,1468
4499.853523361493,4499.728523361493,4499.978523361493,766,1745,1256
4500.346084880196,4500.221084880196,4500.471084880196,610,1573,1092
4499.099361015709,4498.974361015709,4499.224361015709,1819,1070,1445
4500.0007324236885,4499.8757324236885,4500.1257324236885,1910,691,1301
4502.953735642612,4502.828735642612,4503.078735642612,2080,1483,1782
4499.24024057245,4498.99024057245,4499.49024057245,2011,1264,1638
4497.341872273573,4496.966872273573,4497.716872273573,2815,1014,1915
4495.089969825374,4494.839969825374,4495.339969825374,1247,1174,1211
4495.782020777631,4495.407020777631,4496.157020777631,957,1540,1249
4494.030762731214,4493.780762731214,4494.280762731214,881,724,803
4493.029037403519,4492.904037403519,4493.154037403519,854,943,899
4492.411638508017,4492.161638508017,4492.661638508017,684,1449,1067
4492.367946990164,4492.242946990164,4492.492946990164,855,758,807
4487.2396726466495,4486.9896726466495,4487.4896726466495,870,2513,1692
4486.031505918493,4485.906505918493,4486.156505918493,1116,2119,1618
4484.238651594643,4484.113651594643,4484.363651594643,1479,966,1223
4483.2345179824315,4482.9845179824315,4483.4845179824315,1831,1698,1765
4480.828994641666,4480.703994641666,4480.953994641666,483,1320,902
4484.352387243074,4484.227387243074,4484.477387243074,1117,568,843
4480.395210179123,4480.270210179123,4480.520210179123,928,1153,1041
4478.133308169677,4478.008308169677,4478.258308169677,918,1127,1023
4480.00350937638,4479.87850937638,4480.12850937638,1897,1234,1566
4482.706227739361,4482.456227739361,4482.956227739361,1017,1000,1009
4484.924853406059,4484.799853406059,4485.049853406059,795,982,889
4482.824542181183,4482.699542181183,4482.949542181183,1807,788,1298
4485.728530131775,4485.603530131775,4485.853530131775,2285,1656,1971
4487.103612649864,4486.853612649864,4487.353612649864,2936,1039,1988
4486.703916948835,4486.453916948835,4486.953916948835,653,1494,1074
4488.924444651997,4488.799444651997,4489.049444651997,1537,2214,1876
4488.727810581088,4488.602810581088,4488.852810581088,1252,2731,1992
4494.29877635006,4494.17377635006,4494.42377635006,1293,2042,1668
4494.239003586612,4493.864003586612,4494.614003586612,1641,1320,1481
4485.787862740584,4485.662862740584,4485.912862740584,2048,1799,1924
4489.021293060318,4488.771293060318,4489.271293060318,1472,757,1115
4489.799158546804,4489.549158546804,4490.049158546804,1946,1165,1556
4490.414579859098,4490.039579859098,4490.789579859098,1395,2324,1860
4490.088155845674,4489.963155845674,4490.213155845674,2096,1759,1928
4492.461504741955,4492.336504741955,4492.586504741955,1440,849,1145
4489.069077108895,4488.819077108895,4489.319077108895,1281,982,1132
4487.127450826731,4486.877450826731,4487.377450826731,1265,532,899
4487.72263713584,4487.59763713584,4487.84763713584,1770,839,1305
4487.828171276411,4487.578171276411,4488.078171276411,1510,511,1011
4489.252043964853,4488.877043964853,4489.627043964853,1143,2692,1918
4489.120768876975,4488.995768876975,4489.245768876975,2540,1281,1911
4487.6233871115155,4487.4983871115155,4487.7483871115155,1215,700,958
4488.870246221471,4488.745246221471,4488.995246221471,1632,867,1250
4488.144079817325,4488.019079817325,4488.269079817325,1572,1971,1772
4488.933445065678,4488.683445065678,4489.183445065678,815,996,906
4487.238710860722,4487.113710860722,4487.363710860722,1431,480,956
4487.432318908208,4487.307318908208,4487.557318908208,1723,1676,1700
4487.94090466871,4487.56590466871,4488.31590466871,495,1248,872
4489.424791211323,4489.299791211323,4489.549791211323,1375,2086,1731
4490.762788938988,4490.387788938988,4491.137788938988,1623,746,1185
4494.887003022663,4494.762003022663,4495.012003022663,935,2134,1535
4491.926078542392,4491.676078542392,4492.176078542392,1199,2484,1842
4487.522205528721,4487.272205528721,4487.772205528721,1427,682,1055
4493.129960198975,4493.004960198975,4493.254960198975,825,906,866
4490.784338167093,4490.534338167093,4491.034338167093,504,1141,823
4492.553041544142,4492.428041544142,4492.678041544142,1831,1360,1596
4491.135612155743,4491.010612155743,4491.260612155743,943,1686,1315
4488.851949185913,4488.726949185913,4488.976949185913,914,2593,1754
4487.214519610588,4486.964519610588,4487.464519610588,2321,1130,1726
4486.479367858741,4486.354367858741,4486.604367858741,670,1459,1065
4484.3244221772475,4484.0744221772475,4484.5744221772475,1195,468,832
4485.482666613883,4485.357666613883,4485.607666613883,1529,1066,1298
4484.426836222996,4484.301836222996,4484.551836222996,1522,2241,1882
4487.692735544758,4487.442735544758,4487.942735544758,1063,870,967
4487.647408703461,4487.397408703461,4487.897408703461,1840,919,1380
4490.017282464508,4489.892282464508,4490.142282464508,1379,820,1100
4490.994262530905,4490.869262530905,4491.119262530905,1243,2082,1663
4490.68586991038,4490.43586991038,4490.93586991038,1878,1077,1478
4492.7210709544215,4492.5960709544215,4492.8460709544215,1975,1472,1724
4493.060462797806,4492.810462797806,4493.310462797806,2088,1663,1876
4490.760273537987,4490.510273537987,4491.010273537987,977,694,836
4487.920824066974,4487.795824066974,4488.045824066974,1105,1224,1165
4490.728747060133,4490.603747060133,4490.853747060133,1049,1750,1400
4489.732089331545,4489.357089331545,4490.107089331545,690,1213,952
4487.016825016057,4486.891825016057,4487.141825016057,1361,1636,1499
4488.001729121193,4487.876729121193,4488.126729121193,937,2032,1485
4490.096727799346,4489.971727799346,4490.221727799346,1408,915,1162
4489.773057874499,4489.398057874499,4490.148057874499,795,2312,1554
4489.25619579307,4489.00619579307,4489.50619579307,1088,871,980
4486.934155259101,4486.684155259101,4487.184155259101,822,1467,1145
4489.112256526535,4488.862256526535,4489.362256526535,461,1374,918
4494.611230757455,4494.361230757455,4494.861230757455,1247,866,1057
4496.3673156130735,4496.1173156130735,4496.6173156130735,2404,1591,1998
4493.632605128822,4493.382605128822,4493.882605128822,1173,648,911
4495.329529157868,4495.204529157868,4495.454529157868,908,1499,1204
4493.346291966509,4493.096291966509,4493.596291966509,1143,698,921
4491.563287773843,4491.438287773843,4491.688287773843,2021,1616,1819
4492.241097134179,4491.991097134179,4492.491097134179,1211,1988,1600
4493.420022187381,4493.045022187381,4493.795022187381,628,1367,998
4493.15672662235,4493.03172662235,4493.28172662235,1066,717,892
4496.437754172378,4496.062754172378,4496.812754172378,1192,1457,1325
4498.616151170936,4498.366151170936,4498.866151170936,764,911,838
4498.883613868125,4498.633613868125,4499.133613868125,814,1775,1295
4500.148088607907,4499.898088607907,4500.398088607907,2289,1258,1774
4503.163015975331,4503.038015975331,4503.288015975331,790,1995,1393
4502.167458448246,4502.042458448246,4502.292458448246,1251,1392,1322
4504.69092148756,4504.56592148756,4504.81592148756,1534,1915,1725
4510.602455972324,4510.352455972324,4510.852455972324,744,1115,930
4512.416359011724,4512.291359011724,4512.541359011724,1772,1965,1869
4514.828083081967,4514.703083081967,4514.953083081967,1393,1100,1247
4514.755205683209,4514.505205683209,4515.005205683209,1151,1838,1495
4512.56763301345,4512.44263301345,4512.69263301345,1609,1728,1669
4514.261545561899,4514.136545561899,4514.386545561899,789,2346,1568
4511.838978323042,4511.463978323042,4512.213978323042,613,1502,1058
4512.96501280344,4512.59001280344,4513.34001280344,1635,888,1262
4512.53496624037,4512.28496624037,4512.78496624037,1606,1601,1604
4514.391725366371,4514.141725366371,4514.641725366371,732,895,814
4518.135655089742,4517.760655089742,4518.510655089742,1851,1168,1510
4520.632632013639,4520.382632013639,4520.882632013639,1337,656,997
4521.590161734312,4521.340161734312,4521.840161734312,2417,1124,1771
4521.781913456639,4521.531913456639,4522.031913456639,1883,728,1306
4517.2837977973195,4517.1587977973195,4517.4087977973195,1037,2538,1788
4509.723626316823,4509.473626316823,4509.973626316823,1298,783,1041
4511.145834212651,4511.020834212651,4511.270834212651,777,1686,1232
4508.578374952305,4508.203374952305,4508.953374952305,1532,1207,1370
4507.315345351619,4507.190345351619,4507.440345351619,1106,653,880
4505.002773607899,4504.877773607899,4505.127773607899,2632,1191,1912
4508.730707601785,4508.605707601785,4508.855707601785,1049,2504,1777
4513.159380449838,4512.909380449838,4513.409380449838,1331,2396,1864
4518.898699009547,4518.773699009547,4519.023699009547,1142,1153,1148
4519.666471822307,4519.541471822307,4519.791471822307,2144,1109,1627
4521.712194761183,4521.462194761183,4521.962194761183,1591,624,1108
4524.421186386865,4524.046186386865,4524.796186386865,1171,1652,1412
4525.085765419406,4524.960765419406,4525.210765419406,1779,2104,1942
4523.225847660834,4522.850847660834,4523.600847660834,997,2128,1563
4525.599501665476,4525.474501665476,4525.724501665476,1396,555,976
4520.166826983018,4520.041826983018,4520.291826983018,2304,1439,1872
4525.541049169834,4525.416049169834,4525.666049169834,648,1437,1043
4527.710784559503,4527.460784559503,4527.960784559503,1060,767,914
4528.648075282108,4528.523075282108,4528.773075282108,1794,1225,1510
4528.06973033196,4527.69473033196,4528.44473033196,728,1161,945
4531.168535072081,4530.918535072081,4531.418535072081,1109,746,928
4530.421980052739,4530.296980052739,4530.546980052739,1049,1964,1507
4528.850291210121,4528.725291210121,4528.975291210121,857,1618,1238
4524.180614162009,4523.930614162009,4524.430614162009,2170,1005,1588
4523.91048155561,4523.78548155561,4524.03548155561,1040,2139,1590
4517.9395273131695,4517.5645273131695,4518.3145273131695,1490,1679,1585
4518.533037193744,4518.408037193744,4518.658037193744,2274,1249,1762
4518.216567884498,4517.966567884498,4518.466567884498,1390,839,1115
4517.76398804293,4517.63898804293,4517.88898804293,1495,2444,1970
4514.977350857425,4514.852350857425,4515.102350857425,1284,565,925
4517.067667679244,4516.817667679244,4517.317667679244,821,786,804
4514.505508963842,4514.255508963842,4514.755508963842,1582,1133,1358
4514.266888526233,4514.141888526233,4514.391888526233,844,777,811
4516.371287358249,4516.246287358249,4516.496287358249,1765,712,1239
4515.688672841753,4515.438672841753,4515.938672841753,1931,1022,1477
4516.292910148317,4516.167910148317,4516.417910148317,826,2061,1444
4513.235926915756,4513.110926915756,4513.360926915756,1403,482,943
4513.084325678278,4512.959325678278,4513.209325678278,1207,1118,1163
4511.854472058701,4511.604472058701,4512.104472058701,1424,923,1174
4511.902867972291,4511.777867972291,4512.027867972291,2176,1279,1728
4508.8455441757105,4508.7205441757105,4508.9705441757105,1847,1612,1730
4512.762353390582,4512.637353390582,4512.887353390582,1136,763,950
4514.20422739564,4514.07922739564,4514.32922739564,2278,1121,1700
4513.845226996596,4513.720226996596,4513.970226996596,716,1701,1209
4510.9217805631215,4510.7967805631215,4511.0467805631215,1694,1745,1720
4510.3830520597,4510.2580520597,4510.5080520597,1038,957,998
4511.47505839394,4511.22505839394,4511.72505839394,1281,2270,1776
4513.013623776204,4512.763623776204,4513.263623776204,2017,1144,1581
4510.983407763845,4510.858407763845,4511.108407763845,840,1191,1016
4515.036890959311,4514.661890959311,4515.411890959311,1338,2159,1749
4513.3394343328855,4513.0894343328855,4513.5894343328855,625,1506,1066
4517.215925019076,4517.090925019076,4517.340925019076,496,1401,949
4521.116548186979,4520.866548186979,4521.366548186979,1437,480,959
4522.069667878888,4521.819667878888,4522.319667878888,1971,1272,1622
4517.200994814991,4517.075994814991,4517.325994814991,2032,1479,1756
4512.71356060856,4512.46356060856,4512.96356060856,1191,512,852
4510.485704736462,4510.360704736462,4510.610704736462,1704,1431,1568
4509.577047863563,4509.452047863563,4509.702047863563,719,1194,957
4504.180274016034,4503.930274016034,4504.430274016034,2073,1264,1669
4506.8774469185455,4506.6274469185455,4507.1274469185455,1489,2156,1823
4504.973809049435,4504.848809049435,4505.098809049435,2016,739,1378
4498.855229861641,4498.730229861641,4498.980229861641,1324,593,959
4499.88870798881,4499.76370798881,4500.01370798881,2288,1377,1833
4493.214098115773,4492.964098115773,4493.464098115773,888,2257,1573
4490.296719038916,4490.046719038916,4490.546719038916,1040,1851,1446
4483.694515491366,4483.569515491366,4483.819515491366,1787,618,1203
4481.864322962023,4481.614322962023,4482.114322962023,2195,1190,1693
4481.171964747698,4480.921964747698,4481.421964747698,999,2614,1807
4481.140985833396,4480.765985833396,4481.515985833396,1522,1397,1460
4482.345341122498,4482.095341122498,4482.595341122498,1440,2307,1874
4481.498253397465,4481.373253397465,4481.623253397465,1833,1134,1484
4483.925123648877,4483.800123648877,4484.050123648877,1760,2041,1901
4486.234849422402,4486.109849422402,4486.359849422402,581,1232,907
4484.346599057025,4484.221599057025,4484.471599057025,1450,1777,1614
4481.95450164961,4481.82950164961,4482.07950164961,1304,481,893
4480.231672366854,4479.981672366854,4480.481672366854,2488,1169,1829
4479.596597583634,4479.346597583634,4479.846597583634,754,1009,882
4484.213441179328,4484.088441179328,4484.338441179328,1569,938,1254
4484.561575068168,4484.311575068168,4484.811575068168,538,1171,855
4483.955296064131,4483.830296064131,4484.080296064131,1350,1269,1310
4487.174771847084,4487.049771847084,4487.299771847084,1628,1093,1361
4487.442945390524,4487.067945390524,4487.817945390524,1692,1089,1391
4489.556749993893,4489.431749993893,4489.681749993893,1717,1160,1439
4490.002812272354,4489.752812272354,4490.252812272354,910,1361,1136
4488.932979689378,4488.807979689378,4489.057979689378,1195,2288,1742
4487.851427800982,4487.726427800982,4487.976427800982,1759,1846,1803
4489.910261884863,4489.785261884863,4490.035261884863,979,728,854
4487.19028102309,4487.06528102309,4487.31528102309,1449,2404,1927
4485.636738711706,4485.386738711706,4485.886738711706,1025,1422,1224
4484.973116527434,4484.598116527434,4485.348116527434,1301,2322,1812
4485.6605045480865,4485.4105045480865,4485.9105045480865,1702,1099,1401
4483.605491300252,4483.230491300252,4483.980491300252,1127,2474,1801
4487.15157170799,4487.02657170799,4487.27657170799,2639,964,1802
4485.798968353208,4485.548968353208,4486.048968353208,1779,1268,1524
4486.132997882329,4486.007997882329,4486.257997882329,2683,1204,1944
4480.892505000365,4480.767505000365,4481.017505000365,777,1142,960
4479.724848457403,4479.599848457403,4479.849848457403,2207,1298,1753
4484.504580920529,4484.379580920529,4484.629580920529,942,891,917
4483.694810237877,4483.444810237877,4483.944810237877,2315,1232,1774
4481.673886296588,4481.298886296588,4482.048886296588,1415,2518,1967
4483.050402389137,4482.925402389137,4483.175402389137,2155,862,1509
4485.103965136101,4484.853965136101,4485.353965136101,1922,841,1382
4483.776080189806,4483.401080189806,4484.151080189806,1077,790,934
4485.434932648854,4485.309932648854,4485.559932648854,706,903,805
4487.677996432433,4487.427996432433,4487.927996432433,1257,1292,1275
4484.998136915124,4484.748136915124,4485.248136915124,1517,1616,1567
4485.45858764254,4485.33358764254,4485.58358764254,2018,949,1484
4488.214701354198,4487.964701354198,4488.464701354198,845,1996,1421
4492.227120290607,4492.102120290607,4492.352120290607,1373,2066,1720
4493.980654213597,4493.855654213597,4494.105654213597,553,1454,1004
4491.239437931968,4491.114437931968,4491.364437931968,1876,1499,1688
4491.18948477717,4491.06448477717,4491.31448477717,1543,1124,1334
4492.240169218238,4492.115169218238,4492.365169218238,2223,1108,1666
4494.299344436715,4494.174344436715,4494.424344436715,1900,1039,1470
4493.864607933158,4493.614607933158,4494.114607933158,2186,1787,1987
4500.313805633677,4500.188805633677,4500.438805633677,1772,663,1218
4499.3789865171375,4499.1289865171375,4499.6289865171375,1201,2100,1651
4499.1710420546115,4499.0460420546115,4499.2960420546115,1344,1661,1503
4500.308021247658,4499.933021247658,4500.683021247658,1389,1372,1381
4499.336117258244,4499.211117258244,4499.461117258244,1449,1554,1502
4502.158158517693,4501.783158517693,4502.533158517693,1252,2137,1695
4500.778520872723,4500.653520872723,4500.903520872723,834,867,851
4496.843589690245,4496.593589690245,4497.093589690245,1084,703,894
4493.152682019491,4492.777682019491,4493.527682019491,656,1457,1057
4492.292892662624,4492.042892662624,4492.542892662624,1238,1033,1136
4489.629928233677,4489.504928233677,4489.754928233677,1023,1568,1296
4489.202451343366,4488.952451343366,4489.452451343366,1107,902,1005
4489.519206952083,4489.394206952083,4489.644206952083,1603,2338,1971
4488.85864662462,4488.73364662462,4488.98364662462,1208,1575,1392
4489.360978293203,4489.235978293203,4489.485978293203,2835,1102,1969
4490.1358526148015,4489.8858526148015,4490.3858526148015,1861,1964,1913
4490.125021015906,4489.875021015906,4490.375021015906,1754,1927,1841
4489.821651053013,4489.446651053013,4490.196651053013,1288,1235,1262
4490.181021342537,4490.056021342537,4490.306021342537,2902,1057,1980
4489.797506933939,4489.672506933939,4489.922506933939,1378,2193,1786
4492.596460500316,4492.346460500316,4492.846460500316,2156,827,1492
4493.876416840654,4493.501416840654,4494.251416840654,832,1231,1032
4492.327698695221,4492.202698695221,4492.452698695221,1012,717,865
4492.090790691852,4491.840790691852,4492.340790691852,2512,1295,1904
4494.086355817898,4493.961355817898,4494.211355817898,1040,719,880
4493.932068735071,4493.557068735071,4494.307068735071,1437,1312,1375
4497.2825970572885,4497.1575970572885,4497.4075970572885,1277,1476,1377
4495.750559890379,4495.375559890379,4496.125559890379,1300,521,911
4497.636957332704,4497.511957332704,4497.761957332704,974,1585,1280
4501.538989403769,4501.413989403769,4501.663989403769,1999,1814,1907
4501.507587743934,4501.382587743934,4501.632587743934,1588,999,1294
4499.905213862639,4499.780213862639,4500.030213862639,1195,1512,1354
4501.799993953891,4501.549993953891,4502.049993953891,1104,827,966
4501.68923608872,4501.56423608872,4501.81423608872,592,1103,848
4500.943991968171,4500.818991968171,4501.068991968171,1036,1369,1203
4498.952255745274,4498.577255745274,4499.327255745274,1544,1017,1281
4499.116719601496,4498.991719601496,4499.241719601496,675,1278,977
4502.199034140929,4501.949034140929,4502.449034140929,1407,1598,1503
4497.164101189875,4497.039101189875,4497.289101189875,1048,1903,1476
4499.820234409851,4499.445234409851,4500.195234409851,1040,1589,1315
4499.102522772569,4498.977522772569,4499.227522772569,1024,2097,1561
4500.486841977483,4500.236841977483,4500.736841977483,1568,1093,1331
4499.306868107344,4499.181868107344,4499.431868107344,2465,1398,1932
4499.772699798218,4499.647699798218,4499.897699798218,1643,1934,1789
4500.21302854835,4500.08802854835,4500.33802854835,1292,779,1036
4499.4222943105515,4499.2972943105515,4499.5472943105515,2421,1322,1872
4498.612340146801,4498.487340146801,4498.737340146801,2523,922,1723
4498.616889202385,4498.366889202385,4498.866889202385,1235,1386,1311
4494.924517532959,4494.799517532959,4495.049517532959,2490,909,1700
4494.97899347369,4494.85399347369,4495.10399347369,1285,2032,1659
4495.573751078209,4495.448751078209,4495.698751078209,2189,1088,1639
4494.900695823743,4494.775695823743,4495.025695823743,672,1587,1130
4491.874382695946,4491.749382695946,4491.999382695946,1245,2592,1919
4491.6648844165065,4491.5398844165065,4491.7898844165065,1987,820,1404
4491.825728301246,4491.700728301246,4491.950728301246,761,934,848
4495.776276454367,4495.651276454367,4495.901276454367,1406,945,1176
4497.2927890841975,4497.0427890841975,4497.5427890841975,1575,1616,1596
4495.890624459879,4495.640624459879,4496.140624459879,1020,689,855
4498.089708868878,4497.964708868878,4498.214708868878,1797,672,1235
4497.600265385598,4497.225265385598,4497.975265385598,2092,1755,1924
4500.431643355267,4500.181643355267,4500.681643355267,865,1728,1297
4499.435469921697,4499.310469921697,4499.560469921697,1661,1318,1490
4501.691040963251,4501.441040963251,4501.941040963251,1470,1801,1636
4501.361793056453,4501.111793056453,4501.611793056453,1670,583,1127
4498.330687023579,4498.205687023579,4498.455687023579,1252,1229,1241
4497.157427476764,4496.907427476764,4497.407427476764,1883,1164,1524
4493.514782220574,4493.264782220574,4493.764782220574,2464,1179,1822
4493.648076190355,4493.523076190355,4493.773076190355,567,1290,929
4495.056467661984,4494.931467661984,4495.181467661984,2159,1160,1660
4496.0382676552235,4495.9132676552235,4496.1632676552235,1882,1319,1601
4493.176210437187,4493.051210437187,4493.301210437187,1239,766,1003
4491.97594209091,4491.85094209091,4492.10094209091,2547,1154,1851
4496.44543099628,4496.32043099628,4496.57043099628,753,2222,1488
4497.623937064596,4497.373937064596,4497.873937064596,1504,555,1030
4498.331131918436,4497.956131918436,4498.706131918436,693,912,803
4499.886446380611,4499.761446380611,4500.011446380611,1998,675,1337
4497.818905283738,4497.693905283738,4497.943905283738,1970,1811,1891
4497.774799043436,4497.649799043436,4497.899799043436,2100,803,1452
4497.5106956606705,4497.3856956606705,4497.6356956606705,1494,1517,1506
4497.169717165306,4496.919717165306,4497.419717165306,1051,880,966
4495.799459402046,4495.674459402046,4495.924459402046,766,1033,900
4495.475819963951,4495.100819963951,4495.850819963951,1729,1598,1664
4495.46387778098,4495.33887778098,4495.58887778098,1779,952,1366
4493.511581460363,4493.386581460363,4493.636581460363,1223,2674,1949
4493.080374195278,4492.830374195278,4493.330374195278,683,1788,1236
4491.781233859727,4491.656233859727,4491.906233859727,2258,1337,1798
4492.220841822201,4492.095841822201,4492.345841822201,770,1495,1133
4493.961560377485,4493.711560377485,4494.211560377485,1289,592,941
4493.361033336746,4493.111033336746,4493.611033336746,1749,722,1236
4492.95648939962,4492.70648939962,4493.20648939962,1524,2467,1996
4494.509676015179,4494.384676015179,4494.634676015179,2066,1049,1558
4492.728415272832,4492.353415272832,4493.103415272832,1124,2019,1572
4492.693301203243,4492.443301203243,4492.943301203243,1236,1539,1388
4494.617901589048,4494.367901589048,4494.867901589048,1702,1241,1472
4494.28982399451,4494.16482399451,4494.41482399451,1208,991,1100
4493.55481046766,4493.30481046766,4493.80481046766,1075,2354,1715
4495.381241970025,4495.256241970025,4495.506241970025,1939,1514,1727
4493.301208191324,4493.176208191324,4493.426208191324,1091,1474,1283
4494.086872228103,4493.961872228103,4494.211872228103,1383,554,969
4494.687563981592,4494.437563981592,4494.937563981592,1263,2438,1851
4495.467437861393,4495.217437861393,4495.717437861393,782,1493,1138
4493.965553056279,4493.715553056279,4494.215553056279,1158,507,833
4493.108367389915,4492.983367389915,4493.233367389915,1298,2077,1688
4492.042485588549,4491.917485588549,4492.167485588549,1619,1012,1316
4493.6093641837715,4493.4843641837715,4493.7343641837715,764,1711,1238
4493.188711647773,4493.063711647773,4493.313711647773,1474,779,1127
4493.078738332605,4492.953738332605,4493.203738332605,1367,706,1037
4495.530854258053,4495.405854258053,4495.655854258053,1444,531,988
4497.2765982715555,4497.1515982715555,4497.4015982715555,791,1812,1302
4497.327308565878,4497.202308565878,4497.452308565878,1095,890,993
4500.142674225409,4499.892674225409,4500.392674225409,1629,882,1256
4499.857280020929,4499.482280020929,4500.232280020929,927,878,903
4499.531678147303,4499.406678147303,4499.656678147303,1321,514,918
4495.475047625139,4495.350047625139,4495.600047625139,1285,1122,1204
4497.137240768797,4497.012240768797,4497.262240768797,1709,746,1228
4496.337764109354,4496.212764109354,4496.462764109354,718,1091,905
4498.527704296249,4498.402704296249,4498.652704296249,1638,637,1138
4496.883988582141,4496.633988582141,4497.133988582141,1476,527,1002
4494.6073700117195,4494.4823700117195,4494.7323700117195,933,722,828
4494.337580075861,4494.212580075861,4494.462580075861,1009,1506,1258
4492.37969121473,4492.25469121473,4492.50469121473,1522,1817,1670
4490.731734571491,4490.606734571491,4490.856734571491,1763,856,1310
4491.779177441923,4491.654177441923,4491.904177441923,2588,939,1764
4487.9218013474365,4487.7968013474365,4488.0468013474365,657,1692,1175
4485.479956795476,4485.354956795476,4485.604956795476,809,1094,952
4484.802087421843,4484.552087421843,4485.052087421843,1329,1764,1547
4483.747575426051,4483.622575426051,4483.872575426051,2157,1452,1805
4486.249420552763,4485.999420552763,4486.499420552763,758,1935,1347
4490.473923782804,4490.348923782804,4490.598923782804,1081,880,981
4493.518719976974,4493.393719976974,4493.643719976974,1182,591,887
4494.417362054081,4494.292362054081,4494.542362054081,2333,888,1611
4491.422703196227,4491.172703196227,4491.672703196227,978,2607,1793
4491.923008956212,4491.673008956212,4492.173008956212,929,1376,1153
4491.761263547072,4491.636263547072,4491.886263547072,2506,1089,1798
4491.849257168247,4491.599257168247,4492.099257168247,1522,2169,1846
4488.369408136723,4488.244408136723,4488.494408136723,1033,2282,1658
4486.443475157657,4486.318475157657,4486.568475157657,2008,1835,1922
4488.244718231659,4487.869718231659,4488.619718231659,1380,1605,1493
4488.819195095238,4488.569195095238,4489.069195095238,1715,1506,1611
4489.725633844574,4489.350633844574,4490.100633844574,1772,1219,1496
4491.016516018026,4490.891516018026,4491.141516018026,606,1523,1065
4493.271826073867,4493.146826073867,4493.396826073867,2672,1051,1862
4493.473603182923,4493.223603182923,4493.723603182923,931,1864,1398
4491.877344676164,4491.752344676164,4492.002344676164,1628,1071,1350
4491.904470936402,4491.779470936402,4492.029470936402,1570,1689,1630
4491.531910299284,4491.156910299284,4491.906910299284,1070,2209,1640
4492.780821330631,4492.655821330631,4492.905821330631,832,895,864
4498.104989054522,4497.979989054522,4498.229989054522,499,1452,976
4500.182708299304,4499.807708299304,4500.557708299304,1030,1035,1033
4497.552095924684,4497.302095924684,4497.802095924684,1921,1506,1714
4494.143824693387,4493.768824693387,4494.518824693387,1274,1017,1146
4498.135280910919,4497.885280910919,4498.385280910919,636,1367,1002
4501.053373690452,4500.928373690452,4501.178373690452,1972,697,1335
4503.323180409364,4503.073180409364,4503.573180409364,1377,2454,1916
4503.067186648834,4502.942186648834,4503.192186648834,807,840,824
4501.106023142117,4500.856023142117,4501.356023142117,1477,1308,1393
4502.257787606638,4502.132787606638,4502.382787606638,1211,674,943
4502.947597899393,4502.697597899393,4503.197597899393,1661,1948,1805
4509.4446568022295,4509.3196568022295,4509.5696568022295,1112,831,972
4510.759495400024,4510.634495400024,4510.884495400024,1301,2006,1654
4508.5820506591335,4508.3320506591335,4508.8320506591335,1883,830,1357
4513.096815980299,4512.846815980299,4513.346815980299,790,2105,1448
4513.0647297002915,4512.9397297002915,4513.1897297002915,735,1744,1240
4514.421721588269,4514.171721588269,4514.671721588269,1880,903,1392
4506.4300269881205,4506.0550269881205,4506.8050269881205,1347,1056,1202
4504.794264665171,4504.544264665171,4505.044264665171,1595,1994,1795
4502.686844670379,4502.436844670379,4502.936844670379,1124,1011,1068
4500.8514487154025,4500.7264487154025,4500.9764487154025,2105,1312,1709
4503.728874163325,4503.353874163325,4504.103874163325,1505,932,1219
4503.056864170868,4502.931864170868,4503.181864170868,1190,2143,1667
4499.668660506665,4499.543660506665,4499.793660506665,2255,1416,1836
4500.549999745604,4500.174999745604,4500.924999745604,603,1760,1182
4506.528382467858,4506.403382467858,4506.653382467858,1335,572,954
4505.603490251444,4505.353490251444,4505.853490251444,1749,1134,1442
4509.9717187927845,4509.8467187927845,4510.0967187927845,1489,2324,1907
4508.174564317602,4508.049564317602,4508.299564317602,903,1982,1443
4505.5535836228655,4505.4285836228655,4505.6785836228655,1166,841,1004
4507.943101579892,4507.818101579892,4508.068101579892,1289,1328,1309
4509.200909477494,4509.075909477494,4509.325909477494,1304,1627,1466
4504.00292143882,4503.75292143882,4504.25292143882,1624,825,1225
4501.159237676174,4501.034237676174,4501.284237676174,1682,1153,1418
4503.921677328867,4503.796677328867,4504.046677328867,648,1539,1094
4505.442156993349,4505.067156993349,4505.817156993349,640,1051,846
4509.651042720823,4509.526042720823,4509.776042720823,1601,692,1147
4507.269181935482,4507.144181935482,4507.394181935482,1276,2595,1936
4511.102842754068,4510.977842754068,4511.227842754068,2099,1112,1606
4516.602840564652,4516.477840564652,4516.727840564652,1776,1283,1530
4519.579559356583,4519.204559356583,4519.954559356583,1143,2212,1678
4520.128299887624,4520.003299887624,4520.253299887624,1197,2708,1953
4524.179434427112,4524.054434427112,4524.304434427112,1871,1664,1768
4526.334280466085,4526.084280466085,4526.584280466085,1051,1758,1405
4521.919818372308,4521.794818372308,4522.044818372308,2374,1505,1940
4520.534321275426,4520.284321275426,4520.784321275426,1964,1029,1497
4522.944015991983,4522.819015991983,4523.069015991983,1364,1813,1589
4525.065708149495,4524.815708149495,4525.315708149495,1180,2171,1676
4530.535978670893,4530.410978670893,4530.660978670893,2556,1005,1781
4533.313511565142,4532.938511565142,4533.688511565142,589,1070,830
4532.777472247138,4532.527472247138,4533.027472247138,651,1000,826
4531.591142651701,4531.341142651701,4531.841142651701,2167,724,1446
4532.105051016146,4531.980051016146,4532.230051016146,2529,1258,1894
4530.976017539355,4530.726017539355,4531.226017539355,1771,2158,1965
4526.660524548896,4526.535524548896,4526.785524548896,855,2142,1499
4530.464022502841,4530.339022502841,4530.589022502841,1101,1630,1366
4533.656577091083,4533.531577091083,4533.781577091083,766,1779,1273
4535.036735235744,4534.911735235744,4535.161735235744,1596,1985,1791
4540.793254010263,4540.418254010263,4541.168254010263,970,1213,1092
4539.882847474377,4539.632847474377,4540.132847474377,1054,633,844
4539.285403093074,4539.160403093074,4539.410403093074,1130,1727,1429
4536.394450643531,4536.269450643531,4536.519450643531,725,1046,886
4541.157351581427,4541.032351581427,4541.282351581427,1135,1120,1128
4540.0767522680835,4539.9517522680835,4540.2017522680835,1450,909,1180
4540.1172649136115,4539.9922649136115,4540.2422649136115,1892,1819,1856
4538.8611434097675,4538.7361434097675,4538.9861434097675,2173,1000,1587
4532.591066802401,4532.341066802401,4532.841066802401,1394,1033,1214
4530.047275303386,4529.922275303386,4530.172275303386,1341,2346,1844
4533.524765515719,4533.274765515719,4533.774765515719,1941,1052,1497
4527.2115809562,4527.0865809562,4527.3365809562,2014,1423,1719
4530.568473035659,4530.443473035659,4530.693473035659,1913,1214,1564
4530.731734774007,4530.606734774007,4530.856734774007,1802,1785,1794
4522.895661452302,4522.770661452302,4523.020661452302,770,1059,915
4526.310588499202,4526.060588499202,4526.560588499202,1883,2056,1970
4528.232861526436,4527.982861526436,4528.482861526436,788,1245,1017
4526.52371637545,4526.39871637545,4526.64871637545,2290,1053,1672
4524.7509116729825,4524.6259116729825,4524.8759116729825,1337,1764,1551
4522.202029138986,4522.077029138986,4522.327029138986,1009,2408,1709
4521.552668652651,4521.302668652651,4521.802668652651,1137,1564,1351
4523.94622462686,4523.82122462686,4524.07122462686,2269,1522,1896
4527.557015213469,4527.432015213469,4527.682015213469,1986,747,1367
4526.5808286269585,4526.4558286269585,4526.7058286269585,501,1320,911
4528.703701695386,4528.578701695386,4528.828701695386,1821,1060,1441
4531.3434078020755,4531.0934078020755,4531.5934078020755,1156,1215,1186
4533.346760335265,4533.096760335265,4533.596760335265,1149,1268,1209
4536.449078322043,4536.324078322043,4536.574078322043,2347,1110,1729
4530.391849559884,4530.266849559884,4530.516849559884,1279,2654,1967
4531.047578605698,4530.922578605698,4531.172578605698,2809,1168,1989
4532.015656734981,4531.765656734981,4532.265656734981,1503,750,1127
4535.575376246299,4535.325376246299,4535.825376246299,1078,1149,1114
4533.142303584793,4533.017303584793,4533.267303584793,1483,528,1006
4536.788002298707,4536.663002298707,4536.913002298707,876,1945,1411
4541.709143217204,4541.459143217204,4541.959143217204,904,1363,1134
4537.991840688641,4537.866840688641,4538.116840688641,1113,1770,1442
4539.548903545337,4539.423903545337,4539.673903545337,1890,983,1437
4537.715332070885,4537.590332070885,4537.840332070885,1295,1660,1478
4539.211046233109,4538.836046233109,4539.586046233109,1316,667,992
4541.111174736993,4540.986174736993,4541.236174736993,898,1421,1160
4538.772749286437,4538.522749286437,4539.022749286437,2072,1597,1835
4536.7541319468255,4536.6291319468255,4536.8791319468255,2569,966,1768
4533.5238550481035,4533.2738550481035,4533.7738550481035,964,1459,1212
4534.118104257558,4533.993104257558,4534.243104257558,1419,1202,1311
4538.143923385958,4538.018923385958,4538.268923385958,943,1646,1295
4542.364717222684,4542.239717222684,4542.489717222684,1366,511,939
4536.8341193098995,4536.4591193098995,4537.2091193098995,1270,431,851
4533.822789483733,4533.572789483733,4534.072789483733,2957,1014,1986
4529.782109278849,4529.657109278849,4529.907109278849,2638,1043,1841
4532.308554476628,4532.183554476628,4532.433554476628,1314,1791,1553
4531.9540255918255,4531.8290255918255,4532.0790255918255,1599,2160,1880
4538.071415525835,4537.946415525835,4538.196415525835,1385,748,1067
4540.880340715601,4540.755340715601,4541.005340715601,2833,1112,1973
4546.088824330521,4545.838824330521,4546.338824330521,1727,738,1233
4544.890935473047,4544.640935473047,4545.140935473047,2847,1042,1945
4541.940085711622,4541.815085711622,4542.065085711622,2414,1503,1959
4538.76095943347,4538.51095943347,4539.01095943347,911,2650,1781
4536.581058681607,4536.456058681607,4536.706058681607,1649,578,1114
4532.720189340751,4532.345189340751,4533.095189340751,1385,720,1053
4532.691607589921,4532.441607589921,4532.941607589921,1100,1107,1104
4529.990962232221,4529.865962232221,4530.115962232221,1057,1814,1436
4532.198314405989,4532.073314405989,4532.323314405989,1522,1993,1758
4533.500145482418,4533.250145482418,4533.750145482418,1153,1000,1077
4537.474461385111,4537.224461385111,4537.724461385111,1129,804,967
4538.60736590634,4538.35736590634,4538.85736590634,564,1107,836
4536.882304237021,4536.632304237021,4537.132304237021,971,1686,1329
4536.096526742541,4535.971526742541,4536.221526742541,1078,1165,1122
4538.867338001918,4538.742338001918,4538.992338001918,1430,1109,1270
4539.384664009341,4539.259664009341,4539.509664009341,1090,2427,1759
4539.074902259756,4538.699902259756,4539.449902259756,678,1621,1150
4540.570411002457,4540.320411002457,4540.820411002457,1123,2258,1691
4546.658839762799,4546.533839762799,4546.783839762799,2636,1109,1873
4552.8527245133855,4552.7277245133855,4552.9777245133855,1498,947,1223
4554.481130969114,4554.231130969114,4554.731130969114,1107,644,876
4549.337552282134,4549.212552282134,4549.462552282134,1489,2452,1971
4550.264483900686,4549.889483900686,4550.639483900686,938,1893,1416
4553.544515458131,4553.169515458131,4553.919515458131,1562,1843,1703
4549.2538833956005,4549.0038833956005,4549.5038833956005,1393,786,1090
4553.751898071777,4553.626898071777,4553.876898071777,744,1031,888
4551.380043898223,4551.255043898223,4551.505043898223,1648,1369,1509
4546.71559333359,4546.59059333359,4546.84059333359,1680,1213,1447
4543.946472558776,4543.696472558776,4544.196472558776,894,1549,1222
4544.902326008212,4544.777326008212,4545.027326008212,1051,2074,1563
4545.091868886484,4544.966868886484,4545.216868886484,708,1807,1258
4546.434696137197,4546.184696137197,4546.684696137197,1312,1327,1320
4543.79523573135,4543.67023573135,4543.92023573135,2025,1330,1678
4539.760889874241,4539.385889874241,4540.135889874241,1042,2743,1893
4538.315659006028,4538.190659006028,4538.440659006028,930,2609,1770
4542.483947441125,4542.358947441125,4542.608947441125,1582,1115,1349
4536.857216454285,4536.482216454285,4537.232216454285,2443,852,1648
4540.060504652119,4539.935504652119,4540.185504652119,853,924,889
4542.342308874757,4542.217308874757,4542.467308874757,1221,1370,1296
4546.76084015594,4546.38584015594,4547.13584015594,515,1134,825
4547.46134958278,4547.33634958278,4547.58634958278,1122,1803,1463
4545.836839954046,4545.711839954046,4545.961839954046,1055,612,834
4542.6298703565435,4542.3798703565435,4542.8798703565435,942,2363,1653
4546.979139010022,4546.854139010022,4547.104139010022,2793,1164,1979
4548.006159958762,4547.756159958762,4548.256159958762,2184,799,1492
4546.133739055674,4545.883739055674,4546.383739055674,1347,712,1030
4545.1202359303625,4544.7452359303625,4545.4952359303625,1726,1701,1714
4546.35709724861,4546.23209724861,4546.48209724861,1110,1343,1227
4545.20886600587,4545.08386600587,4545.33386600587,984,723,854
4544.835353183153,4544.710353183153,4544.960353183153,891,1294,1093
4543.713434823723,4543.588434823723,4543.838434823723,1393,2236,1815
4545.95225637311,4545.57725637311,4546.32725637311,2050,1051,1551
4543.560518329992,4543.435518329992,4543.685518329992,660,1177,919
4543.279333659239,4543.154333659239,4543.404333659239,1995,924,1460
4541.779523700256,4541.654523700256,4541.904523700256,2142,959,1551
4542.629063716687,4542.504063716687,4542.754063716687,2299,1230,1765
4543.16598025249,4543.04098025249,4543.29098025249,570,1705,1138
4546.822158648486,4546.572158648486,4547.072158648486,1364,813,1089
4545.058132672471,4544.933132672471,4545.183132672471,1117,928,1023
4548.118182669101,4547.993182669101,4548.243182669101,1165,488,827
4548.231143640908,4548.106143640908,4548.356143640908,2617,1102,1860
4549.525056625926,4549.400056625926,4549.650056625926,1259,654,957
4548.347857037088,4548.222857037088,4548.472857037088,1576,925,1251
4551.2666121070515,4551.0166121070515,4551.5166121070515,2193,1320,1757
4544.778925924394,4544.653925924394,4544.903925924394,1794,1579,1687
4547.543522298051,4547.418522298051,4547.668522298051,1827,754,1291
4554.069905216896,4553.944905216896,4554.194905216896,1933,1382,1658
4555.5129434280825,4555.2629434280825,4555.7629434280825,661,1034,848
4552.14866372857,4551.77366372857,4552.52366372857,609,1538,1074
4549.70199203233,4549.32699203233,4550.07699203233,1482,1569,1526
4549.604892978777,4549.354892978777,4549.854892978777,2204,1507,1856
4545.30482037352,4544.92982037352,4545.67982037352,989,2244,1617
4540.6017037389665,4540.2267037389665,4540.9767037389665,749,1914,1332
4536.811489231454,4536.686489231454,4536.936489231454,462,1217,840
4538.05683995244,4537.68183995244,4538.43183995244,798,1565,1182
4537.993875599879,4537.618875599879,4538.368875599879,1431,2494,1963
4540.666887525839,4540.541887525839,4540.791887525839,910,2187,1549
4542.955741940149,4542.705741940149,4543.205741940149,720,2085,1403
4542.866510544498,4542.741510544498,4542.991510544498,1270,1677,1474
4542.215957999725,4541.965957999725,4542.465957999725,1621,578,1100
4539.97083773764,4539.72083773764,4540.22083773764,2368,1049,1709
4541.9612029309665,4541.7112029309665,4542.2112029309665,1119,1172,1146
4543.868356063999,4543.618356063999,4544.118356063999,1117,1934,1526
4543.264266062667,4543.139266062667,4543.389266062667,714,1471,1093
4539.604238088004,4539.479238088004,4539.729238088004,1940,1135,1538
4547.620097404354,4547.370097404354,4547.870097404354,1337,1174,1256
4548.78048965559,4548.65548965559,4548.90548965559,2323,878,1601
4548.808094078856,4548.558094078856,4549.058094078856,1426,1435,1431
4547.4406039204705,4547.0656039204705,4547.8156039204705,1510,2211,1861
4545.540070906634,4545.415070906634,4545.665070906634,1544,875,1210
4549.985950367804,4549.860950367804,4550.110950367804,2855,972,1914
4548.839631218208,4548.714631218208,4548.964631218208,1948,729,1339
4545.0596460868055,4544.9346460868055,4545.1846460868055,1177,2632,1905
4547.641443564389,4547.516443564389,4547.766443564389,766,2215,1491
4549.808891193515,4549.683891193515,4549.933891193515,1157,1926,1542
4550.221042876412,4550.096042876412,4550.346042876412,1757,942,1350
4553.491155777171,4553.366155777171,4553.616155777171,1426,861,1144
4555.782931670589,4555.532931670589,4556.032931670589,1226,1739,1483
4551.58804486578,4551.33804486578,4551.83804486578,1202,1489,1346
4544.648555791234,4544.273555791234,4545.023555791234,2475,878,1677
4548.253027721456,4547.878027721456,4548.628027721456,2502,1197,1850
4545.769052498031,4545.644052498031,4545.894052498031,740,1215,978
4545.207202064083,4544.832202064083,4545.582202064083,1214,511,863
4550.684856387376,4550.559856387376,4550.809856387376,1070,687,879
4547.402905070356,4547.027905070356,4547.777905070356,2095,1182,1639
4545.887795204944,4545.512795204944,4546.262795204944,1438,657,1048
4544.996021968513,4544.871021968513,4545.121021968513,495,1302,899
4543.149130881718,4542.899130881718,4543.399130881718,1004,2395,1700
4541.879726478112,4541.629726478112,4542.129726478112,1266,1195,1231
4543.678398882602,4543.428398882602,4543.928398882602,1103,1502,1303
4542.455845230655,4542.205845230655,4542.705845230655,1423,2382,1903
4541.626158232305,4541.501158232305,4541.751158232305,1152,2839,1996
4537.8859771928355,4537.7609771928355,4538.0109771928355,865,1206,1036
4537.358901643493,4536.983901643493,4537.733901643493,1151,2472,1812
4540.593093263777,4540.343093263777,4540.843093263777,2005,896,1451
4533.419318235806,4533.169318235806,4533.669318235806,1971,854,1413
4533.728229071498,4533.603229071498,4533.853229071498,2130,1207,1669
4526.586653499816,4526.336653499816,4526.836653499816,888,1455,1172
4528.243013561761,4527.993013561761,4528.493013561761,1585,574,1080
4531.494783125025,4531.369783125025,4531.619783125025,1513,594,1054
4534.7139846899745,4534.3389846899745,4535.0889846899745,1507,738,1123
4529.505526252928,4529.380526252928,4529.630526252928,1600,2341,1971
4529.139221195965,4529.014221195965,4529.264221195965,1615,1104,1360
4526.326890997192,4526.201890997192,4526.451890997192,817,1932,1375
4529.7844365225665,4529.5344365225665,4530.0344365225665,2658,923,1791
4527.3827896106895,4527.1327896106895,4527.6327896106895,1235,1316,1276
4526.186339995595,4525.936339995595,4526.436339995595,718,2103,1411
4522.089117067272,4521.964117067272,4522.214117067272,2381,1240,1811
4514.462130460588,4514.212130460588,4514.712130460588,2099,1666,1883
4512.795018379364,4512.545018379364,4513.045018379364,1269,590,930
4509.775214141554,4509.650214141554,4509.900214141554,1028,1849,1439
4506.602620325052,4506.477620325052,4506.727620325052,461,1186,824
4506.36467928584,4506.23967928584,4506.48967928584,648,1451,1050
4509.871046232321,4509.746046232321,4509.996046232321,740,1455,1098
4506.8910984819195,4506.7660984819195,4507.0160984819195,914,1367,1141
4504.0735242763485,4503.8235242763485,4504.3235242763485,2417,1014,1716
4503.102494231682,4502.727494231682,4503.477494231682,1177,1866,1522
4494.462376216376,4494.087376216376,4494.837376216376,2035,770,1403
4496.8749507899465,4496.7499507899465,4496.9999507899465,511,1108,810
4496.020649190704,4495.895649190704,4496.145649190704,1497,526,1012
4500.573377458975,4500.198377458975,4500.948377458975,907,2566,1737
4498.677512622132,4498.552512622132,4498.802512622132,522,1503,1013
4500.5012197472015,4500.2512197472015,4500.7512197472015,1203,668,936
4501.834754510802,4501.709754510802,4501.959754510802,1896,1175,1536
4503.307400229975,4503.182400229975,4503.432400229975,1885,1166,1526
4503.177851309262,4503.052851309262,4503.302851309262,786,1319,1053
4504.836981030342,4504.711981030342,4504.961981030342,737,948,843
4511.33037178013,4511.20537178013,4511.45537178013,2319,990,1655
4509.059733400137,4508.934733400137,4509.184733400137,1476,809,1143
4507.064246535741,4506.939246535741,4507.189246535741,1315,1614,1465
4505.729724960003,4505.604724960003,4505.854724960003,1695,1442,1569
4503.120412645255,4502.870412645255,4503.370412645255,1099,1204,1152
4503.060239839016,4502.935239839016,4503.185239839016,1404,1571,1488
4506.248844602088,4506.123844602088,4506.373844602088,720,889,805
4506.604293404186,4506.479293404186,4506.729293404186,1151,894,1023
4510.152377175622,4509.902377175622,4510.402377175622,1514,593,1054
4505.6290450273655,4505.5040450273655,4505.7540450273655,648,1297,973
4505.887075195258,4505.637075195258,4506.137075195258,1368,2333,1851
4503.576210075175,4503.451210075175,4503.701210075175,1547,556,1052
4502.1280213179125,4501.7530213179125,4502.5030213179125,562,1321,942
4499.7221138065415,4499.5971138065415,4499.8471138065415,932,2707,1820
4502.7805519290805,4502.6555519290805,4502.9055519290805,1370,825,1098
4500.633971550603,4500.508971550603,4500.758971550603,700,1733,1217
4500.265125324452,4499.890125324452,4500.640125324452,975,1602,1289
4499.463875552506,4499.088875552506,4499.838875552506,674,961,818
4505.102756994328,4504.977756994328,4505.227756994328,961,1622,1292
4509.035694868865,4508.910694868865,4509.160694868865,1181,1374,1278
4512.078369071183,4511.828369071183,4512.328369071183,2164,1325,1745
4515.704239450149,4515.454239450149,4515.954239450149,1552,1663,1608
4519.179422089639,4519.054422089639,4519.304422089639,2414,1197,1806
4520.282235145958,4520.157235145958,4520.407235145958,2080,1597,1839
4516.46366570956,4516.33866570956,4516.58866570956,1799,2056,1928
4513.776199028914,4513.651199028914,4513.901199028914,1770,1877,1824
4505.023491963771,4504.898491963771,4505.148491963771,2530,843,1687
4503.914123994608,4503.664123994608,4504.164123994608,1617,1534,1576
4504.62247938355,4504.49747938355,4504.74747938355,1659,1710,1685
4504.6821112121615,4504.5571112121615,4504.8071112121615,1578,2091,1835
4501.755903342897,4501.630903342897,4501.880903342897,1003,2206,1605
4503.019665154096,4502.894665154096,4503.144665154096,719,1736,1228
4508.1870040633485,4507.9370040633485,4508.4370040633485,932,1721,1327
4511.524312961234,4511.399312961234,4511.649312961234,1268,1619,1444
4520.4445048757525,4520.3195048757525,4520.5695048757525,1353,760,1057
4524.203778389412,4524.078778389412,4524.328778389412,1101,2744,1923
4523.703334044882,4523.578334044882,4523.828334044882,1665,1578,1622
4528.735717534839,4528.610717534839,4528.860717534839,1588,1439,1514
4529.258480808815,4529.008480808815,4529.508480808815,1285,1530,1408
4534.245394666787,4534.120394666787,4534.370394666787,1036,733,885
4535.269276668288,4535.144276668288,4535.394276668288,1995,1928,1962
4536.5991376753045,4536.4741376753045,4536.7241376753045,792,811,802
4526.289728422677,4526.164728422677,4526.414728422677,1802,697,1250
4526.669550316633,4526.544550316633,4526.794550316633,1250,1275,1263
4519.544865824103,4519.294865824103,4519.794865824103,1016,1587,1302
4520.857454987633,4520.732454987633,4520.982454987633,1581,926,1254
4517.906543945291,4517.656543945291,4518.156543945291,890,1061,976
4519.093064423251,4518.968064423251,4519.218064423251,1874,783,1329
4522.977226139035,4522.602226139035,4523.352226139035,1751,1448,1600
4521.295650964331,4521.045650964331,4521.545650964331,1005,1432,1219
4523.204677778476,4522.954677778476,4523.454677778476,992,1941,1467
4522.361182046137,4522.236182046137,4522.486182046137,1954,1847,1901
4529.529680739715,4529.154680739715,4529.904680739715,1434,1679,1557
4525.854502000011,4525.604502000011,4526.104502000011,989,612,801
4522.788256734565,4522.413256734565,4523.163256734565,2610,1241,1926
4530.145265890848,4529.895265890848,4530.395265890848,1166,2675,1921
4530.620997914054,4530.370997914054,4530.870997914054,1403,684,1044
4535.917326419297,4535.792326419297,4536.042326419297,2138,1323,1731
4531.579059118655,4531.454059118655,4531.704059118655,2443,1214,1829
4531.69527657972,4531.44527657972,4531.94527657972,1209,2008,1609
4528.164903363994,4527.789903363994,4528.539903363994,958,759,859
4529.258853704284,4529.008853704284,4529.508853704284,1556,1973,1765
4534.485234157952,4534.360234157952,4534.610234157952,1344,827,1086
4530.014942233376,4529.639942233376,4530.389942233376,1098,2033,1566
4525.357926180747,4525.232926180747,4525.482926180747,1402,1069,1236
4528.273137000679,4527.898137000679,4528.648137000679,1434,1415,1425
4520.75665024117,4520.63165024117,4520.88165024117,1351,1628,1490
4520.666344154939,4520.541344154939,4520.791344154939,771,1858,1315
4523.6448405420115,4523.3948405420115,4523.8948405420115,1028,753,891
4523.437390727475,4523.312390727475,4523.562390727475,1841,746,1294
4525.704948843161,4525.454948843161,4525.954948843161,759,1858,1309
4526.360816312365,4526.110816312365,4526.610816312365,1164,2573,1869
4528.728577632884,4528.603577632884,4528.853577632884,1049,1370,1210
4536.623279152984,4536.498279152984,4536.748279152984,1456,1033,1245
4534.280228671863,4534.030228671863,4534.530228671863,956,2129,1543
4536.955802941963,4536.705802941963,4537.205802941963,2182,1057,1620
4532.593472828073,4532.468472828073,4532.718472828073,2409,886,1648
4536.975535542704,4536.725535542704,4537.225535542704,1000,1355,1178
4540.073770486776,4539.823770486776,4540.323770486776,1005,1390,1198
4544.550774571909,4544.425774571909,4544.675774571909,1530,1485,1508
4546.949654175472,4546.824654175472,4547.074654175472,1443,772,1108
4548.084112819868,4547.834112819868,4548.334112819868,996,2583,1790
4544.2807330373835,4544.0307330373835,4544.5307330373835,1928,1681,1805
4545.641291830076,4545.516291830076,4545.766291830076,1012,1407,1210
4548.377514126197,4548.127514126197,4548.627514126197,1311,548,930
4547.375640224861,4547.250640224861,4547.500640224861,1074,1641,1358
4545.85854296949,4545.73354296949,4545.98354296949,1143,1078,1111
4541.0814665406,4540.7064665406,4541.4564665406,707,1418,1063
4539.115134390044,4538.865134390044,4539.365134390044,2318,795,1557
4537.719019276406,4537.469019276406,4537.969019276406,1440,723,1082
4536.341972553522,4536.216972553522,4536.466972553522,1198,793,996
4528.119305847745,4527.994305847745,4528.244305847745,1253,2142,1698
4526.499025694401,4526.249025694401,4526.749025694401,1504,2421,1963
4529.231411740481,4529.106411740481,4529.356411740481,2719,1206,1963
4534.26389141116,4534.13889141116,4534.38889141116,769,1160,965
4542.212952519044,4541.962952519044,4542.462952519044,1232,999,1116
4537.06525612487,4536.94025612487,4537.19025612487,1359,1148,1254
4540.225374854063,4540.100374854063,4540.350374854063,1164,925,1045
4544.63385095801,4544.50885095801,4544.75885095801,1815,832,1324
4547.569620066018,4547.319620066018,4547.819620066018,1115,2830,1973
4552.916634598853,4552.791634598853,4553.041634598853,2360,1101,1731
4555.424767650162,4555.299767650162,4555.549767650162,1482,739,1111
4551.808535151391,4551.683535151391,4551.933535151391,1645,1196,1421
4551.960457073563,4551.835457073563,4552.085457073563,1005,2266,1636
4552.002690864438,4551.877690864438,4552.127690864438,664,1497,1081
4555.196934838774,4554.946934838774,4555.446934838774,1209,430,820
4556.7555964383,4556.3805964383,4557.1305964383,1588,1023,1306
4553.716868491161,4553.591868491161,4553.841868491161,2177,1746,1962
4560.048597180545,4559.798597180545,4560.298597180545,1088,2357,1723
4560.393681810466,4560.268681810466,4560.518681810466,1414,635,1025
4558.584396784733,4558.334396784733,4558.834396784733,2438,847,1643
4555.204497717442,4554.829497717442,4555.579497717442,1144,2213,1679
4553.478618751555,4553.353618751555,4553.603618751555,1986,1105,1546
4552.661292623035,4552.536292623035,4552.786292623035,2722,949,1836
4554.472430534293,4554.347430534293,4554.597430534293,1241,636,939
4552.5435626193885,4552.4185626193885,4552.6685626193885,2068,1883,1976
4546.209681475693,4546.084681475693,4546.334681475693,781,1184,983
4550.8346997036115,4550.7096997036115,4550.9596997036115,1066,2067,1567
4549.353783112627,4549.103783112627,4549.603783112627,1184,1181,1183
4549.614250270124,4549.489250270124,4549.739250270124,1046,743,895
4548.866997528501,4548.491997528501,4549.241997528501,1284,967,1126
4544.534624959274,4544.409624959274,4544.659624959274,1386,591,989
4539.760158455163,4539.635158455163,4539.885158455163,1227,2478,1853
4542.857378049265,4542.732378049265,4542.982378049265,1103,676,890
4544.3083357450305,4544.1833357450305,4544.4333357450305,2616,1185,1901
4545.1899088763275,4545.0649088763275,4545.3149088763275,1278,1203,1241
4544.03623495039,4543.91123495039,4544.16123495039,2247,938,1593
4545.176558416152,4544.926558416152,4545.426558416152,1293,1220,1257
4547.635035345897,4547.510035345897,4547.760035345897,642,1195,919
4553.607057868229,4553.482057868229,4553.732057868229,973,1204,1089
4554.106359655475,4553.856359655475,4554.356359655475,1744,1217,1481
4558.418112219422,4558.168112219422,4558.668112219422,1419,1914,1667
4559.114090453013,4558.989090453013,4559.239090453013,1714,1451,1583
4560.691897716402,4560.566897716402,4560.816897716402,880,1141,1011
4561.302211804102,4561.177211804102,4561.427211804102,1102,1995,1549
4558.9927945861655,4558.6177945861655,4559.3677945861655,1745,1512,1629
4561.4438806185235,4561.3188806185235,4561.5688806185235,1641,1052,1347
4560.178195789404,4560.053195789404,4560.303195789404,1454,1041,1248
4557.821444526504,4557.571444526504,4558.071444526504,2259,1542,1901
4551.07957036403,4550.95457036403,4551.20457036403,1319,1132,1226
4551.175216159616,4551.050216159616,4551.300216159616,2196,1235,1716
4543.227201303935,4543.102201303935,4543.352201303935,798,1683,1241
4542.959507954422,4542.834507954422,4543.084507954422,625,1742,1184
4545.643251827403,4545.518251827403,4545.768251827403,1071,1088,1080
4539.884472142813,4539.634472142813,4540.134472142813,1145,2256,1701
4537.649966716948,4537.399966716948,4537.899966716948,1368,1003,1186
4544.288059725936,4543.913059725936,4544.663059725936,624,1821,1223
4543.962020652488,4543.837020652488,4544.087020652488,1482,1653,1568
4542.461803800688,4542.211803800688,4542.711803800688,1447,542,995
4545.170209489476,4545.045209489476,4545.295209489476,2197,1554,1876
4554.582789502751,4554.457789502751,4554.707789502751,710,1153,932
4554.088696790942,4553.963696790942,4554.213696790942,868,1907,1388
4554.84076854897,4554.59076854897,4555.09076854897,1233,1978,1606
4555.659181842306,4555.409181842306,4555.909181842306,761,1702,1232
4560.92072026921,4560.67072026921,4561.17072026921,1930,1137,1534
4561.029915495439,4560.904915495439,4561.154915495439,2431,1392,1912
4567.680918877704,4567.555918877704,4567.805918877704,1272,1261,1267
4570.30817115551,4570.05817115551,4570.55817115551,1765,1486,1626
4570.98832871685,4570.73832871685,4571.23832871685,1782,1999,1891
4573.756652334276,4573.506652334276,4574.006652334276,1619,1172,1396
4567.668065293859,4567.543065293859,4567.793065293859,1825,1996,1911
4571.4148170406015,4571.2898170406015,4571.5398170406015,1010,851,931
4570.432407589231,4570.182407589231,4570.682407589231,878,811,845
4571.823683171064,4571.573683171064,4572.073683171064,1018,717,868
4576.517578738398,4576.267578738398,4576.767578738398,1848,707,1278
4576.426450911201,4576.301450911201,4576.551450911201,953,914,934
4574.036248018237,4573.786248018237,4574.286248018237,742,1395,1069
4570.216357670238,4569.966357670238,4570.466357670238,1769,1892,1831
4572.503380994701,4572.378380994701,4572.628380994701,2188,1445,1817
4565.017125819748,4564.892125819748,4565.142125819748,1059,1150,1105
4559.5979800699015,4559.2229800699015,4559.9729800699015,976,1359,1168
4564.998355889246,4564.623355889246,4565.373355889246,1923,834,1379
4564.307022637583,4564.182022637583,4564.432022637583,2137,1558,1848
4563.171892086857,4563.046892086857,4563.296892086857,1206,955,1081
4564.43523541232,4564.31023541232,4564.56023541232,2286,1443,1865
4561.203645246307,4561.078645246307,4561.328645246307,2452,971,1712
4561.640016579358,4561.390016579358,4561.890016579358,944,1061,1003
4561.597115625334,4561.472115625334,4561.722115625334,1996,1671,1834
4560.416131577024,4560.291131577024,4560.541131577024,859,2240,1550
4562.72630893687,4562.60130893687,4562.85130893687,1129,1630,1380
4564.529655662716,4564.404655662716,4564.654655662716,1589,1152,1371
4564.146330328948,4563.896330328948,4564.396330328948,1305,1984,1645
4570.67883936155,4570.55383936155,4570.80383936155,1672,2325,1999
4573.206192034267,4573.081192034267,4573.331192034267,873,2402,1638
4573.247056817173,4573.122056817173,4573.372056817173,1116,889,1003
4575.234357417001,4575.109357417001,4575.359357417001,1726,1103,1415
4576.047570894817,4575.922570894817,4576.172570894817,808,931,870
4577.751956422099,4577.626956422099,4577.876956422099,2043,1820,1932
4579.044340640664,4578.794340640664,4579.294340640664,1702,889,1296
4571.896455102196,4571.771455102196,4572.021455102196,1522,665,1094
4576.543947191837,4576.293947191837,4576.793947191837,1863,1878,1871
4575.375304126773,4575.250304126773,4575.500304126773,1187,740,964
4573.625195616556,4573.500195616556,4573.750195616556,1377,804,1091
4579.88615329702,4579.76115329702,4580.01115329702,1623,926,1275
4578.269922130472,4578.019922130472,4578.519922130472,2107,1782,1945
4573.93172386952,4573.80672386952,4574.05672386952,1136,2135,1636
4573.263949236003,4573.138949236003,4573.388949236003,605,1702,1154
4574.109853992749,4573.734853992749,4574.484853992749,1568,1101,1335
4576.2748970066705,4576.0248970066705,4576.5248970066705,1968,1445,1707
4579.154976034262,4579.029976034262,4579.279976034262,1401,1434,1418
4580.765331811458,4580.390331811458,4581.140331811458,1342,2081,1712
4581.8487570199795,4581.7237570199795,4581.9737570199795,1697,742,1220
4578.48117238484,4578.10617238484,4578.85617238484,1135,1204,1170
4575.354057051145,4575.229057051145,4575.479057051145,2885,1106,1996
4575.8380762472325,4575.4630762472325,4576.2130762472325,1940,659,1300
4578.643490753549,4578.393490753549,4578.893490753549,2552,1307,1930
4580.3595092017595,4580.2345092017595,4580.4845092017595,594,1739,1167
4580.05658806047,4579.80658806047,4580.30658806047,684,1425,1055
4580.388267398698,4580.263267398698,4580.513267398698,1871,1460,1666
4579.911232099993,4579.786232099993,4580.036232099993,532,1269,901
4583.72125842629,4583.59625842629,4583.84625842629,1033,2716,1875
4587.548949734673,4587.423949734673,4587.673949734673,2173,1298,1736
4586.806256097625,4586.681256097625,4586.931256097625,971,1188,1080
4587.019651340483,4586.894651340483,4587.144651340483,858,1705,1282
4592.201809076148,4592.076809076148,4592.326809076148,1501,998,1250
4593.137578681258,4593.012578681258,4593.262578681258,862,1239,1051
4595.8584246658265,4595.7334246658265,4595.9834246658265,1436,1987,1712
4591.783515029501,4591.533515029501,4592.033515029501,1783,1090,1437
4583.639081944055,4583.514081944055,4583.764081944055,606,1499,1053
4586.404592296401,4586.154592296401,4586.654592296401,1282,2477,1880
4583.033648884776,4582.908648884776,4583.158648884776,833,1956,1395
4579.460198260006,4579.335198260006,4579.585198260006,976,1675,1326
4576.136224587477,4576.011224587477,4576.261224587477,1345,2088,1717
4574.339520710523,4574.089520710523,4574.589520710523,1108,1209,1159
4573.680047150345,4573.430047150345,4573.930047150345,2050,939,1495
4578.438218500136,4578.313218500136,4578.563218500136,1799,646,1223
4579.288136799767,4579.163136799767,4579.413136799767,893,788,841
4572.53893008857,4572.16393008857,4572.91393008857,1623,1870,1747
4573.593481502112,4573.468481502112,4573.718481502112,1377,1400,1389
4573.0163831009,4572.8913831009,4573.1413831009,1301,2360,1831
4569.910337204794,4569.660337204794,4570.160337204794,2137,1812,1975
4570.347955909726,4570.097955909726,4570.597955909726,1787,738,1263
4574.424786338511,4574.174786338511,4574.674786338511,1627,1340,1484
4576.383289527004,4576.258289527004,4576.508289527004,1251,894,1073
4572.38352025476,4572.13352025476,4572.63352025476,1176,595,886
4574.744110867977,4574.369110867977,4575.119110867977,2662,1131,1897
4572.556115353644,4572.431115353644,4572.681115353644,762,1119,941
4576.666757709078,4576.541757709078,4576.791757709078,2394,1539,1967
4578.419621587007,4578.294621587007,4578.544621587007,1124,935,1030
4581.20094836507,4580.95094836507,4581.45094836507,2444,831,1638
4578.175406287329,4577.925406287329,4578.425406287329,1494,1695,1595
4575.5370775000365,4575.4120775000365,4575.6620775000365,1211,2590,1901
4575.2602423068165,4575.1352423068165,4575.3852423068165,697,1170,934
4572.864625972437,4572.739625972437,4572.989625972437,712,1959,1336
4573.082766209508,4572.957766209508,4573.207766209508,2379,1606,1993
4568.425321480143,4568.175321480143,4568.675321480143,796,1371,1084
4570.374596278073,4570.249596278073,4570.499596278073,1907,870,1389
4572.395644166441,4572.270644166441,4572.520644166441,871,1840,1356
4575.244138102486,4574.994138102486,4575.494138102486,1744,1153,1449
4572.136093192902,4571.886093192902,4572.386093192902,1612,1693,1653
4572.108952130877,4571.983952130877,4572.233952130877,1030,2137,1584
4569.949920166953,4569.824920166953,4570.074920166953,1478,1569,1524
4571.517059526204,4571.392059526204,4571.642059526204,804,1191,998
4571.830250100151,4571.455250100151,4572.205250100151,412,1231,822
4563.863070204397,4563.613070204397,4564.113070204397,1505,1428,1467
4562.381098362173,4562.256098362173,4562.506098362173,2727,1252,1990
4562.252781646722,4562.127781646722,4562.377781646722,1462,617,1040
4565.741274358639,4565.616274358639,4565.866274358639,1562,559,1061
4563.893469633567,4563.643469633567,4564.143469633567,1437,2012,1725
4565.456166709017,4565.331166709017,4565.581166709017,1474,515,995
4571.023363123959,4570.898363123959,4571.148363123959,1208,2627,1918
4569.557453252349,4569.432453252349,4569.682453252349,805,1862,1334
4570.643428158368,4570.393428158368,4570.893428158368,1243,1680,1462
4571.737067739545,4571.612067739545,4571.862067739545,1947,820,1384
4571.229369510035,4570.979369510035,4571.479369510035,1708,1013,1361
4574.0093377878375,4573.7593377878375,4574.2593377878375,698,2015,1357
4572.182361335137,4572.057361335137,4572.307361335137,1949,950,1450
4571.341086062187,4571.216086062187,4571.466086062187,1227,664,946
4573.235580299637,4572.860580299637,4573.610580299637,2240,981,1611
4572.09665415772,4571.84665415772,4572.34665415772,2210,1683,1947
4563.953086465654,4563.828086465654,4564.078086465654,1623,2310,1967
4559.919183806693,4559.669183806693,4560.169183806693,1563,1124,1344
4561.302952427415,4560.927952427415,4561.677952427415,690,1449,1070
4561.13342286872,4560.88342286872,4561.38342286872,1111,770,941
4560.350238092236,4560.225238092236,4560.475238092236,1550,2145,1848
4557.200914407678,4557.075914407678,4557.325914407678,772,2205,1489
4554.510422328656,4554.385422328656,4554.635422328656,1954,1085,1520
4556.960814048706,4556.835814048706,4557.085814048706,2025,1140,1583
4555.840702634615,4555.590702634615,4556.090702634615,1419,1126,1273
4555.574164541514,4555.324164541514,4555.824164541514,888,1199,1044
4556.239236524335,4556.114236524335,4556.364236524335,1365,1812,1589
4558.7520249543295,4558.5020249543295,4559.0020249543295,2232,1091,1662
4552.671094345956,4552.546094345956,4552.796094345956,1537,692,1115
4548.784644119404,4548.659644119404,4548.909644119404,797,2140,1469
4544.963643178165,4544.838643178165,4545.088643178165,1265,852,1059
4548.026250546807,4547.901250546807,4548.151250546807,2579,1000,1790
4543.256241938326,4543.131241938326,4543.381241938326,993,1224,1109
4539.980322636042,4539.855322636042,4540.105322636042,1349,1002,1176
4538.931657439563,4538.806657439563,4539.056657439563,915,1558,1237
4537.807771246792,4537.557771246792,4538.057771246792,770,1931,1351
4538.871182951221,4538.746182951221,4538.996182951221,692,977,835
4538.746710313114,4538.371710313114,4539.121710313114,973,1386,1180
4542.074926154966,4541.949926154966,4542.199926154966,1760,883,1322
4543.488177185422,4543.363177185422,4543.613177185422,1640,909,1275
4543.90064396152,4543.65064396152,4544.15064396152,694,1741,1218
4545.744310808888,4545.619310808888,4545.869310808888,1203,1486,1345
4541.443174380812,4541.193174380812,4541.693174380812,703,1262,983
4543.561433473607,4543.436433473607,4543.686433473607,1293,2166,1730
4547.348649550494,4547.223649550494,4547.473649550494,1512,1611,1562
4546.669332258347,4546.294332258347,4547.044332258347,1492,683,1088
4551.122250735576,4550.997250735576,4551.247250735576,1613,616,1115
4551.358932626715,4550.983932626715,4551.733932626715,1126,1123,1125
4554.646596259196,4554.521596259196,4554.771596259196,1236,1355,1296
4558.078374354796,4557.953374354796,4558.203374354796,2744,1141,1943
4555.022539274429,4554.897539274429,4555.147539274429,1087,2190,1639
4550.851287555819,4550.726287555819,4550.976287555819,2945,1028,1987
4544.81735669256,4544.56735669256,4545.06735669256,963,1906,1435
4541.677989042662,4541.552989042662,4541.802989042662,1490,1379,1435
4544.6484999003405,4544.3984999003405,4544.8984999003405,918,2185,1552
4542.113633283863,4541.863633283863,4542.363633283863,737,1056,897
4541.605824283248,4541.480824283248,4541.730824283248,1031,2524,1778
4540.561515322943,4540.436515322943,4540.686515322943,622,1779,1201
4541.25422497555,4541.12922497555,4541.37922497555,953,1050,1002
4543.605219688054,4543.355219688054,4543.855219688054,1194,505,850
4546.063789288671,4545.938789288671,4546.188789288671,1416,1229,1323
4548.101156627243,4547.976156627243,4548.226156627243,741,1666,1204
4549.994339215183,4549.869339215183,4550.119339215183,1687,1032,1360
4549.211986391584,4548.961986391584,4549.461986391584,948,841,895
4549.767483280255,4549.517483280255,4550.017483280255,1017,1860,1439
4545.474985679009,4545.349985679009,4545.599985679009,1654,891,1273
4543.9581928255075,4543.8331928255075,4544.0831928255075,1702,843,1273
4541.882200146248,4541.632200146248,4542.132200146248,2078,1193,1636
4542.038178485598,4541.913178485598,4542.163178485598,1375,2442,1909
4541.53059866101,4541.40559866101,4541.65559866101,1585,2012,1799
4541.392146489326,4541.267146489326,4541.517146489326,1150,1117,1134
4543.565472925003,4543.440472925003,4543.690472925003,881,1230,1056
4544.253923367631,4544.128923367631,4544.378923367631,1553,2412,1983
4545.923313711586,4545.798313711586,4546.048313711586,2257,1226,1742
4549.323639918054,4549.198639918054,4549.448639918054,2367,1032,1700
4549.1563509809575,4548.9063509809575,4549.4063509809575,1247,1774,1511
4547.756675314067,4547.506675314067,4548.006675314067,585,1574,1080
4547.958003912197,4547.833003912197,4548.083003912197,2065,860,1463
4547.076051110571,4546.951051110571,4547.201051110571,816,1227,1022
4538.7945670428135,4538.5445670428135,4539.0445670428135,2327,1310,1819
4539.860298327158,4539.735298327158,4539.985298327158,2294,941,1618
4541.795334560148,4541.670334560148,4541.920334560148,771,2214,1493
4538.206041127599,4537.956041127599,4538.456041127599,1077,1626,1352
4536.4030990117235,4536.0280990117235,4536.7780990117235,1093,1642,1368
4540.90206344796,4540.77706344796,4541.02706344796,1342,2559,1951
4543.056902472677,4542.806902472677,4543.306902472677,1145,2166,1656
4550.749445706456,4550.499445706456,4550.999445706456,1166,1755,1461
4547.2864665509815,4547.1614665509815,4547.4114665509815,1923,1016,1470
4549.298973335631,4549.173973335631,4549.423973335631,504,1319,912
4551.939215337454,4551.689215337454,4552.189215337454,1830,1389,1610
4551.352951070909,4550.977951070909,4551.727951070909,1436,593,1015
4549.0373446950625,4548.9123446950625,4549.1623446950625,2093,1592,1843
4552.251012406876,4552.001012406876,4552.501012406876,2481,1298,1890
4551.310637064066,4551.185637064066,4551.435637064066,759,1986,1373
4554.022668434994,4553.772668434994,4554.272668434994,1001,1400,1201
4554.194653188135,4554.069653188135,4554.319653188135,1247,2524,1886
4553.548093704947,4553.298093704947,4553.798093704947,757,1610,1184
4552.063064205128,4551.938064205128,4552.188064205128,1007,690,849
4550.390401925438,4550.265401925438,4550.515401925438,1295,724,1010
4549.400322314392,4549.150322314392,4549.650322314392,856,1051,954
4549.387024477859,4549.262024477859,4549.512024477859,2651,938,1795
4550.952122956773,4550.702122956773,4551.202122956773,1296,1851,1574
4549.827243416984,4549.577243416984,4550.077243416984,2088,719,1404
4546.687262962571,4546.437262962571,4546.937262962571,1932,983,1458
4548.474941032924,4548.349941032924,4548.599941032924,820,1165,993
4549.1520398082075,4548.9020398082075,4549.4020398082075,1344,669,1007
4554.908698855832,4554.658698855832,4555.158698855832,1412,1795,1604
4553.5668599939645,4553.3168599939645,4553.8168599939645,1907,746,1327
4551.737228166623,4551.362228166623,4552.112228166623,1411,536,974
4551.350101702373,4551.225101702373,4551.475101702373,1274,735,1005
4551.9076306667685,4551.7826306667685,4552.0326306667685,973,1994,1484
4547.865946731969,4547.615946731969,4548.115946731969,1016,813,915
4545.263500746624,4545.138500746624,4545.388500746624,941,1118,1030
4548.914063578947,4548.664063578947,4549.164063578947,1250,1337,1294
4551.412936386871,4551.162936386871,4551.662936386871,1149,1386,1268
4553.390864297454,4553.015864297454,4553.765864297454,1070,867,969
4554.394338474713,4554.269338474713,4554.519338474713,1113,952,1033
4554.937551607507,4554.812551607507,4555.062551607507,2195,1754,1975
4553.812144979841,4553.687144979841,4553.937144979841,1163,1086,1125
4553.983589327853,4553.858589327853,4554.108589327853,844,2033,1439
4554.404574566831,4554.154574566831,4554.654574566831,1192,2457,1825
4554.855318625895,4554.730318625895,4554.980318625895,824,1955,1390
4556.321209763368,4555.946209763368,4556.696209763368,907,1358,1133
4556.094545770333,4555.719545770333,4556.469545770333,724,1451,1088
4557.65156694413,4557.52656694413,4557.77656694413,2471,1144,1808
4559.060484862929,4558.810484862929,4559.310484862929,865,882,874
4558.767599851372,4558.517599851372,4559.017599851372,2682,1035,1859
4556.289138373302,4556.164138373302,4556.414138373302,1380,625,1003
4554.672186801296,4554.422186801296,4554.922186801296,2129,1096,1613
4554.823177543409,4554.448177543409,4555.198177543409,1886,693,1290
4553.523108952575,4553.273108952575,4553.773108952575,898,1393,1146
4554.264971038751,4554.139971038751,4554.389971038751,816,1545,1181
4554.8011047901855,4554.5511047901855,4555.0511047901855,1292,1807,1550
4552.9754144946855,4552.6004144946855,4553.3504144946855,1224,1197,1211
4554.109577287223,4553.859577287223,4554.359577287223,1305,1326,1316
4555.268553267108,4555.143553267108,4555.393553267108,1398,669,1034
4552.902908969171,4552.777908969171,4553.027908969171,1153,1194,1174
4553.520863019759,4553.395863019759,4553.645863019759,1049,1028,1039
4555.081374771402,4554.956374771402,4555.206374771402,2342,1491,1917
4555.071283656909,4554.821283656909,4555.321283656909,1179,1582,1381
4553.731665044557,4553.481665044557,4553.981665044557,1602,985,1294
4552.736133656533,4552.361133656533,4553.111133656533,1344,1173,1259
4551.635217988758,4551.510217988758,4551.760217988758,1020,2523,1772
4552.291194847864,4552.166194847864,4552.416194847864,1402,1733,1568
4551.197477224954,4551.072477224954,4551.322477224954,1339,1648,1494
4551.288821163878,4551.163821163878,4551.413821163878,1171,688,930
4554.629595034592,4554.504595034592,4554.754595034592,1378,1155,1267
4554.914606661764,4554.789606661764,4555.039606661764,2507,1320,1914
4553.56926669321,4553.44426669321,4553.69426669321,815,908,862
4553.810838685992,4553.685838685992,4553.935838685992,1179,448,814
4552.1329870445525,4552.0079870445525,4552.2579870445525,823,1004,914
4551.046600816189,4550.921600816189,4551.171600816189,638,1085,862
4551.658785406515,4551.408785406515,4551.908785406515,1111,2596,1854
4553.988339637437,4553.738339637437,4554.238339637437,1083,870,977
4553.458010091123,4553.333010091123,4553.583010091123,1090,2699,1895
4550.9323518707815,4550.6823518707815,4551.1823518707815,798,2209,1504
4548.884723836079,4548.634723836079,4549.134723836079,1189,2664,1927
4549.911357673807,4549.786357673807,4550.036357673807,1780,847,1314
4547.32320152895,4547.07320152895,4547.57320152895,1191,408,800
4546.795504091962,4546.670504091962,4546.920504091962,1608,1235,1422
4546.954174038561,4546.579174038561,4547.329174038561,2160,1495,1828
4546.167037547274,4546.042037547274,4546.292037547274,1116,1271,1194
4546.47333444758,4546.22333444758,4546.72333444758,1201,1058,1130
4546.487005136017,4546.237005136017,4546.737005136017,693,1046,870
4544.489108187209,4544.364108187209,4544.614108187209,1404,801,1103
4543.689921545617,4543.564921545617,4543.814921545617,1512,1843,1678
4544.34312971978,4544.09312971978,4544.59312971978,874,2483,1679
4546.59868375812,4546.47368375812,4546.72368375812,926,2585,1756
4546.3853839083895,4546.2603839083895,4546.5103839083895,912,2107,1510
4545.980009884124,4545.855009884124,4546.105009884124,1481,1566,1524
4548.969098963523,4548.719098963523,4549.219098963523,812,1541,1177
4551.044471832578,4550.794471832578,4551.294471832578,885,962,924
4551.376979404109,4551.001979404109,4551.751979404109,2456,1295,1876
4551.962809154084,4551.837809154084,4552.087809154084,1526,835,1181
4550.8896617524915,4550.6396617524915,4551.1396617524915,936,1485,1211
4554.44281346815,4554.06781346815,4554.81781346815,2005,834,1420
4552.257285017693,4552.007285017693,4552.507285017693,1069,532,801
4551.063574964631,4550.938574964631,4551.188574964631,937,754,846
4550.126073622746,4550.001073622746,4550.251073622746,1050,1219,1135
4549.812596394553,4549.562596394553,4550.062596394553,666,1427,1047
4549.4928586600245,4549.2428586600245,4549.7428586600245,1736,1161,1449
4550.018444114546,4549.893444114546,4550.143444114546,1216,2115,1666
4551.934978946578,4551.684978946578,4552.184978946578,1639,2222,1931
4551.086052314056,4550.836052314056,4551.336052314056,1048,2931,1990
4551.715891194037,4551.465891194037,4551.965891194037,2086,811,1449
4549.145606253688,4548.895606253688,4549.395606253688,1768,747,1258
4549.779338231362,4549.654338231362,4549.904338231362,1195,942,1069
4547.313731901543,4547.063731901543,4547.563731901543,1374,957,1166
4547.093990484026,4546.718990484026,4547.468990484026,1409,850,1130
4546.101066348562,4545.976066348562,4546.226066348562,659,1846,1253
4546.538964224742,4546.413964224742,4546.663964224742,1895,1314,1605
4545.441521897652,4545.316521897652,4545.566521897652,1719,1962,1841
4544.700731921819,4544.575731921819,4544.825731921819,1105,680,893
4542.850549827543,4542.475549827543,4543.225549827543,2549,1180,1865
4542.521686388711,4542.396686388711,4542.646686388711,1993,1604,1799
4542.598374320977,4542.348374320977,4542.848374320977,615,1794,1205
4544.505621293194,4544.255621293194,4544.755621293194,1214,1417,1316
4546.881865820797,4546.756865820797,4547.006865820797,909,2432,1671
4548.939422251866,4548.689422251866,4549.189422251866,1582,929,1256
4548.214737382065,4548.089737382065,4548.339737382065,1736,1243,1490
4551.47584558897,4551.35084558897,4551.60084558897,906,959,933
4552.070859669092,4551.945859669092,4552.195859669092,2395,1298,1847
4547.2720202021555,4546.8970202021555,4547.6470202021555,1637,836,1237
4547.042996566572,4546.792996566572,4547.292996566572,1152,1937,1545
4547.483706878981,4547.233706878981,4547.733706878981,651,1004,828
4546.155545009406,4546.030545009406,4546.280545009406,2198,1005,1602
4547.071238542264,4546.821238542264,4547.321238542264,1950,1013,1482
4543.30514370023,4543.05514370023,4543.55514370023,930,1009,970
4542.697691340169,4542.322691340169,4543.072691340169,1458,2501,1980
4542.875729653514,4542.625729653514,4543.125729653514,2109,758,1434
4539.583159416376,4539.458159416376,4539.708159416376,1024,2127,1576
4541.467216320608,4541.092216320608,4541.842216320608,825,1490,1158
4544.557701622239,4544.432701622239,4544.682701622239,1248,1217,1233
4543.2752605075375,4543.1502605075375,4543.4002605075375,1410,2155,1783
4543.815546307746,4543.690546307746,4543.940546307746,1411,654,1033
4543.614073986412,4543.364073986412,4543.864073986412,1566,2423,1995
4543.35799640631,4543.23299640631,4543.48299640631,2071,1090,1581
4542.276593760033,4542.151593760033,4542.401593760033,2016,901,1459
4541.241693253554,4541.116693253554,4541.366693253554,1372,1093,1233
4542.213590455609,4541.963590455609,4542.463590455609,2003,1146,1575
4543.685561431757,4543.560561431757,4543.810561431757,1465,1220,1343
4543.54652652854,4543.42152652854,4543.67152652854,752,1499,1126
4540.276888191119,4540.151888191119,4540.401888191119,843,1524,1184
4537.1071854669335,4536.8571854669335,4537.3571854669335,2547,1072,1810
4537.524354452285,4537.399354452285,4537.649354452285,1079,1644,1362
4537.335376646996,4537.085376646996,4537.585376646996,748,2085,1417
4536.651657823227,4536.401657823227,4536.901657823227,1564,707,1136
4534.855609340003,4534.730609340003,4534.980609340003,1126,1807,1467
4531.299621970241,4531.174621970241,4531.424621970241,1462,2035,1749
4530.872754579637,4530.747754579637,4530.997754579637,2043,1406,1725
4534.504437941559,4534.129437941559,4534.879437941559,1868,1423,1646
4530.128098347244,4530.003098347244,4530.253098347244,934,1935,1435
4529.641424786437,4529.516424786437,4529.766424786437,2084,697,1391
4528.540480266227,4528.290480266227,4528.790480266227,1344,795,1070
4526.89744011112,4526.77244011112,4527.02244011112,2715,1224,1970
4528.558933400489,4528.433933400489,4528.683933400489,1079,940,1010
4528.002534717694,4527.627534717694,4528.377534717694,2253,816,1535
4529.85073266151,4529.60073266151,4530.10073266151,798,1447,1123
4531.297751885803,4531.047751885803,4531.547751885803,972,2373,1673
4532.785572070624,4532.660572070624,4532.910572070624,2053,1914,1984
4529.1819162192905,4528.9319162192905,4529.4319162192905,917,2358,1638
4525.6849657923485,4525.4349657923485,4525.9349657923485,595,1464,1030
4527.817909723223,4527.692909723223,4527.942909723223,2181,778,1480
4527.4099604042485,4527.2849604042485,4527.5349604042485,683,1598,1141
4530.366390660024,4529.991390660024,4530.741390660024,1088,1031,1060
4525.567900108645,4525.442900108645,4525.692900108645,1861,1246,1554
4524.493546212965,4524.368546212965,4524.618546212965,810,2085,1448
4525.025560126963,4524.650560126963,4525.400560126963,1007,2510,1759
4525.327041307762,4525.202041307762,4525.452041307762,2177,1814,1996
4522.873151740193,4522.748151740193,4522.998151740193,1807,624,1216
4520.220942328056,4520.095942328056,4520.345942328056,1037,886,962
4518.824034644065,4518.699034644065,4518.949034644065,985,864,925
4518.172981653454,4518.047981653454,4518.297981653454,1649,1822,1736
4514.729735176983,4514.604735176983,4514.854735176983,630,1337,984
4510.58557048167,4510.46057048167,4510.71057048167,1170,1759,1465
4508.586496517144,4508.461496517144,4508.711496517144,1138,1057,1098
4506.242010253722,4506.117010253722,4506.367010253722,761,1346,1054
4502.813297902992,4502.438297902992,4503.188297902992,955,1776,1366
4500.313113032205,4500.188113032205,4500.438113032205,1344,1369,1357
4500.010645532957,4499.885645532957,4500.135645532957,2520,1339,1930
4499.0139318970205,4498.8889318970205,4499.1389318970205,1451,2226,1839
4500.533418866779,4500.408418866779,4500.658418866779,1434,2061,1748
4498.803700402358,4498.553700402358,4499.053700402358,1038,923,981
4500.270068039181,4500.145068039181,4500.395068039181,1353,586,970
4499.974663945473,4499.849663945473,4500.099663945473,731,986,859
4500.312029531255,4500.062029531255,4500.562029531255,1348,1943,1646
4497.836455608632,4497.586455608632,4498.086455608632,1614,2287,1951
4498.22490091628,4498.09990091628,4498.34990091628,1569,1712,1641
4495.119859495796,4494.994859495796,4495.244859495796,1719,1972,1846
4499.149606162068,4498.774606162068,4499.524606162068,2468,1371,1920
4496.389762734001,4496.264762734001,4496.514762734001,2081,1020,1551
4497.671312591248,4497.421312591248,4497.921312591248,1955,1276,1616
4496.171652107486,4496.046652107486,4496.296652107486,1300,1419,1360
4494.206292673778,4494.081292673778,4494.331292673778,2588,941,1765
4491.176236081799,4491.051236081799,4491.301236081799,2025,1854,1940
4488.802324911692,4488.677324911692,4488.927324911692,480,1267,874
4488.574604749245,4488.449604749245,4488.699604749245,1867,1512,1690
4489.519641518874,4489.269641518874,4489.769641518874,2403,958,1681
4490.095946710548,4489.845946710548,4490.345946710548,710,1209,960
4493.651784563364,4493.401784563364,4493.901784563364,705,972,839
4497.78028325689,4497.53028325689,4498.03028325689,1275,2446,1861
4495.888748892733,4495.763748892733,4496.013748892733,2496,953,1725
4494.9408936201235,4494.6908936201235,4495.1908936201235,1382,623,1003
4495.714966711332,4495.589966711332,4495.839966711332,1211,2534,1873
4495.211972504627,4494.836972504627,4495.586972504627,1463,2092,1778
4492.940935233189,4492.815935233189,4493.065935233189,1668,1779,1724
4491.537353578866,4491.287353578866,4491.787353578866,878,783,831
4489.48248358312,4489.10748358312,4489.85748358312,818,1583,1201
4488.204942687587,4487.954942687587,4488.454942687587,2431,1524,1978
4488.070333260105,4487.695333260105,4488.445333260105,787,816,802
4487.226368851311,4487.101368851311,4487.351368851311,1605,638,1122
4486.953766722119,4486.703766722119,4487.203766722119,925,1468,1197
4488.604841169157,4488.354841169157,4488.854841169157,1604,1349,1477
4485.347051152127,4485.222051152127,4485.472051152127,1148,1151,1150
4484.120681677984,4483.995681677984,4484.245681677984,1140,2063,1602
4484.361560948241,4484.236560948241,4484.486560948241,1702,1889,1796
4486.227736962906,4486.102736962906,4486.352736962906,1251,1016,1134
4485.772126241866,4485.647126241866,4485.897126241866,939,1888,1414
4486.8639340675745,4486.7389340675745,4486.9889340675745,1100,763,932
4488.7128166689445,4488.5878166689445,4488.8378166689445,764,1243,1004
4491.220539372506,4491.095539372506,4491.345539372506,1088,1751,1420
4476.679704857247,4476.554704857247,4476.804704857247,950,1575,1263
4473.4886040101455,4473.3636040101455,4473.6136040101455,1936,835,1386
4479.921923863155,4479.671923863155,4480.171923863155,821,1348,1085
4471.9080518090195,4471.5330518090195,4472.2830518090195,1105,1266,1186
4474.23738620551,4474.11238620551,4474.36238620551,1839,1254,1547
4484.531107620093,4484.281107620093,4484.781107620093,1133,2036,1585
4484.653983442412,4484.528983442412,4484.778983442412,1384,857,1121
4480.766679254741,4480.516679254741,4481.016679254741,1235,2428,1832
4482.671900261829,4482.296900261829,4483.046900261829,1217,1502,1360
4478.643296208985,4478.393296208985,4478.893296208985,1062,1689,1376
4476.268542394794,4476.018542394794,4476.518542394794,2049,1572,1811
4471.4225020491585,4471.2975020491585,4471.5475020491585,586,1311,949
4466.576171587105,4466.451171587105,4466.701171587105,1214,963,1089
4467.9623572584,4467.5873572584,4468.3373572584,1818,1813,1816
4464.536864377363,4464.411864377363,4464.661864377363,2723,1172,1948
4467.895840226472,4467.520840226472,4468.270840226472,831,844,838
4468.15340580096,4468.02840580096,4468.27840580096,1471,2436,1954
4469.489816141825,4469.364816141825,4469.614816141825,837,982,910
4471.798007430276,4471.673007430276,4471.923007430276,1057,2230,1644
4467.871670229145,4467.746670229145,4467.996670229145,1161,944,1053
4463.344250752026,4463.219250752026,4463.469250752026,977,1904,1441
4462.621597488226,4462.496597488226,4462.746597488226,1625,1468,1547
4469.809389090841,4469.684389090841,4469.934389090841,1163,868,1016
4463.465726305983,4463.340726305983,4463.590726305983,2590,1395,1993
4458.872386774375,4458.622386774375,4459.122386774375,1237,1838,1538
4454.855879327769,4454.480879327769,4455.230879327769,786,2273,1530
4454.167869501081,4454.042869501081,4454.292869501081,1705,2134,1920
4453.51304556885,4453.26304556885,4453.76304556885,780,2011,1396
4453.889029010135,4453.639029010135,4454.139029010135,1928,941,1435
4447.758186959108,4447.633186959108,4447.883186959108,826,1785,1306
4438.266981687436,4438.141981687436,4438.391981687436,1096,623,860
4448.651243160718,4448.526243160718,4448.776243160718,965,748,857
4456.2533071159505,4456.1283071159505,4456.3783071159505,1697,2228,1963
4449.06927520336,4448.94427520336,4449.19427520336,774,1023,899
4455.542201377326,4455.292201377326,4455.792201377326,1652,1149,1401
4456.966338841429,4456.841338841429,4457.091338841429,442,1261,852
4450.8384568506835,4450.7134568506835,4450.9634568506835,1467,1104,1286
4456.899042993737,4456.649042993737,4457.149042993737,836,1275,1056
4460.568143899825,4460.443143899825,4460.693143899825,1349,2204,1777
4458.811968672507,4458.561968672507,4459.061968672507,1173,530,852
4464.874974859747,4464.499974859747,4465.249974859747,1654,889,1272
4458.90279148755,4458.65279148755,4459.15279148755,2109,1382,1746
4451.648331724165,4451.523331724165,4451.773331724165,2612,1259,1936
4452.45664168629,4452.20664168629,4452.70664168629,967,932,950
4448.724936616353,4448.474936616353,4448.974936616353,936,2069,1503
4452.989223732429,4452.864223732429,4453.114223732429,2176,1651,1914
4459.738762571418,4459.363762571418,4460.113762571418,2350,1573,1962
4463.111586109196,4462.861586109196,4463.361586109196,563,1626,1095
4463.248235089219,4463.123235089219,4463.373235089219,1061,1106,1084
4473.759963633435,4473.509963633435,4474.009963633435,1871,1982,1927
4472.221885205808,4472.096885205808,4472.346885205808,2144,1443,1794
4473.156999475337,4472.906999475337,4473.406999475337,1046,883,965
4482.062338130362,4481.812338130362,4482.312338130362,1443,1128,1286
4479.19960011924,4479.07460011924,4479.32460011924,672,1621,1147
4481.83532332057,4481.71032332057,4481.96032332057,2442,1339,1891
4482.518643090501,4482.268643090501,4482.768643090501,1580,955,1268
4483.691646548293,4483.566646548293,4483.816646548293,941,680,811
4486.661915702504,4486.536915702504,4486.786915702504,563,1532,1048
4484.705859205478,4484.455859205478,4484.955859205478,709,1372,1041
4494.5311387198635,4494.4061387198635,4494.6561387198635,2308,1145,1727
4500.102763112244,4499.852763112244,4500.352763112244,1130,1143,1137
4499.407083328259,4499.157083328259,4499.657083328259,1731,1174,1453
4498.737650773548,4498.612650773548,4498.862650773548,1284,869,1077
4510.022236324329,4509.772236324329,4510.272236324329,1649,1004,1327
4512.373335467236,4512.123335467236,4512.623335467236,1187,1304,1246
4509.567996191552,4509.317996191552,4509.817996191552,743,1434,1089
4510.703345950375,4510.328345950375,4511.078345950375,705,1028,867
4507.8495871775,4507.5995871775,4508.0995871775,1416,759,1088
4508.6567742965635,4508.2817742965635,4509.0317742965635,986,1435,1211
4501.005543896782,4500.880543896782,4501.130543896782,1567,1212,1390
4504.342167754608,4504.217167754608,4504.467167754608,1607,1708,1658
4503.118155129319,4502.993155129319,4503.243155129319,1668,569,1119
4497.676286761299,4497.426286761299,4497.926286761299,1027,1040,1034
4500.767432806708,4500.642432806708,4500.892432806708,1120,1155,1138
4494.6408346949975,4494.3908346949975,4494.8908346949975,631,1324,978
4489.276748068993,4489.151748068993,4489.401748068993,1222,737,980
4490.115428515858,4489.865428515858,4490.365428515858,2091,1390,1741
4488.887291330876,4488.762291330876,4489.012291330876,1814,1213,1514
4491.759772097715,4491.634772097715,4491.884772097715,1388,2077,1733
4490.535851531552,4490.410851531552,4490.660851531552,1561,1470,1516
4483.204823251804,4482.829823251804,4483.579823251804,784,2285,1535
4479.670030663598,4479.545030663598,4479.795030663598,1363,1836,1600
4484.751183551998,4484.501183551998,4485.001183551998,889,932,911
4480.205262828315,4480.080262828315,4480.330262828315,1195,2690,1943
4485.64794490764,4485.39794490764,4485.89794490764,1497,1580,1539
4481.739070228972,4481.614070228972,4481.864070228972,1136,2259,1698
4487.570866015271,4487.445866015271,4487.695866015271,1171,824,998
4479.327305473198,4479.077305473198,4479.577305473198,1526,2247,1887
4484.235480106712,4483.985480106712,4484.485480106712,762,1711,1237
4476.071517437063,4475.821517437063,4476.321517437063,2184,731,1458
4471.504272237205,4471.379272237205,4471.629272237205,1095,1430,1263
4469.376890670169,4469.251890670169,4469.501890670169,1583,2050,1817
4464.228553220508,4463.978553220508,4464.478553220508,784,923,854
4471.174874737078,4470.799874737078,4471.549874737078,1524,1653,1589
4464.095278554065,4463.970278554065,4464.220278554065,1785,2046,1916
4460.735951453084,4460.610951453084,4460.860951453084,1864,1675,1770
4461.7817639538225,4461.6567639538225,4461.9067639538225,1583,718,1151
4454.40841166885,4454.28341166885,4454.53341166885,930,2253,1592
4458.188540530067,4458.063540530067,4458.313540530067,1551,2080,1816
4449.524227256188,4449.149227256188,4449.899227256188,1812,1015,1414
4458.8116133992935,4458.5616133992935,4459.0616133992935,1146,1361,1254
4453.385015148127,4453.260015148127,4453.510015148127,1101,2766,1934
4451.47939682917,4451.22939682917,4451.72939682917,1145,1714,1430
4458.169504960175,4457.794504960175,4458.544504960175,1330,1477,1404
4460.57610199077,4460.45110199077,4460.70110199077,1088,2275,1682
4461.3551589507,4461.1051589507,4461.6051589507,1366,1875,1621
4465.757868964736,4465.632868964736,4465.882868964736,1854,719,1287
4468.711683962101,4468.586683962101,4468.836683962101,1701,1588,1645
4461.075521687739,4460.950521687739,4461.200521687739,1683,614,1149
4459.931406608763,4459.806406608763,4460.056406608763,1712,1173,1443
4451.922511176722,4451.797511176722,4452.047511176722,1272,1255,1264
4451.705476296889,4451.455476296889,4451.955476296889,1232,787,1010
4455.476732082822,4455.226732082822,4455.726732082822,1061,1116,1089
4455.752451933529,4455.627451933529,4455.877451933529,676,991,834
4446.169643180895,4446.044643180895,4446.294643180895,835,836,836
4439.019286398518,4438.894286398518,4439.144286398518,2080,1141,1611
4441.168192054296,4441.043192054296,4441.293192054296,971,2726,1849
4436.272310232259,4436.147310232259,4436.397310232259,1118,1315,1217
4436.638809207946,4436.513809207946,4436.763809207946,1835,888,1362
4438.513381335961,4438.263381335961,4438.763381335961,1163,626,895
4442.740525016758,4442.490525016758,4442.990525016758,559,1170,865
4436.331912984176,4436.206912984176,4436.456912984176,575,1602,1089
4433.491166675958,4433.241166675958,4433.741166675958,1144,1783,1464
4427.154973987538,4427.029973987538,4427.279973987538,1455,1636,1546
4425.531751421045,4425.156751421045,4425.906751421045,602,1569,1086
4421.337728054882,4421.087728054882,4421.587728054882,869,1966,1418
4432.612584348046,4432.487584348046,4432.737584348046,1047,1714,1381
4426.808496401149,4426.683496401149,4426.933496401149,1150,2061,1606
4425.611235337401,4425.361235337401,4425.861235337401,1169,1342,1256
4426.515709764431,4426.390709764431,4426.640709764431,790,867,829
4433.9975639241,4433.7475639241,4434.2475639241,1098,1317,1208
4427.535199291922,4427.410199291922,4427.660199291922,1028,2313,1671
4429.874259057756,4429.749259057756,4429.999259057756,951,1022,987
4424.89663540669,4424.77163540669,4425.02163540669,931,938,935
4424.208794819208,4423.958794819208,4424.458794819208,1284,895,1090
4426.240858603551,4425.990858603551,4426.490858603551,1733,1698,1716
4415.603284415379,4415.478284415379,4415.728284415379,723,1742,1233
4409.802164312535,4409.677164312535,4409.927164312535,1289,2520,1905
4409.139397830655,4409.014397830655,4409.264397830655,887,1864,1376
4399.705413845277,4399.455413845277,4399.955413845277,730,1757,1244
4403.079214620349,4402.704214620349,4403.454214620349,875,1008,942
4405.607127081789,4405.482127081789,4405.732127081789,1688,1507,1598
4405.258297851613,4405.133297851613,4405.383297851613,1712,1673,1693
4407.424790390358,4407.299790390358,4407.549790390358,2406,1207,1807
4411.388807124934,4411.263807124934,4411.513807124934,1106,797,952
4409.635375499725,4409.510375499725,4409.760375499725,1479,2210,1845
4399.499749060915,4399.374749060915,4399.624749060915,895,784,840
4397.368344096148,4397.243344096148,4397.493344096148,2064,935,1500
4403.599577838435,4403.224577838435,4403.974577838435,2015,1590,1803
4403.4496845920685,4403.1996845920685,4403.6996845920685,1985,712,1349
4395.065466318282,4394.940466318282,4395.190466318282,1535,1576,1556
4392.300741867461,4392.175741867461,4392.425741867461,773,934,854
4392.871460941865,4392.746460941865,4392.996460941865,988,2887,1938
4388.372847104705,4388.247847104705,4388.497847104705,2316,1559,1938
4390.04653048314,4389.92153048314,4390.17153048314,1759,956,1358
4388.818915524872,4388.568915524872,4389.068915524872,1668,563,1116
4392.175962632316,4391.925962632316,4392.425962632316,2546,1111,1829
4394.694792112697,4394.444792112697,4394.944792112697,1315,1500,1408
4388.893399195677,4388.768399195677,4389.018399195677,1307,2204,1756
4387.910999129971,4387.785999129971,4388.035999129971,1545,534,1040
4388.86690460946,4388.74190460946,4388.99190460946,2267,1478,1873
4387.961017029651,4387.836017029651,4388.086017029651,954,1303,1129
4387.735597163857,4387.610597163857,4387.860597163857,1467,1826,1647
4381.209543965917,4381.084543965917,4381.334543965917,974,1225,1100
4383.929310407719,4383.679310407719,4384.179310407719,1774,1167,1471
4382.681955899608,4382.306955899608,4383.056955899608,1641,722,1182
4385.492231748164,4385.242231748164,4385.742231748164,1241,1282,1262
4393.114633344621,4392.864633344621,4393.364633344621,2245,1430,1838
4392.991891862801,4392.741891862801,4393.241891862801,1157,1578,1368
4384.748133761118,4384.623133761118,4384.873133761118,1970,1191,1581
4391.832070062198,4391.582070062198,4392.082070062198,920,1469,1195
4393.5481609427015,4393.1731609427015,4393.9231609427015,896,2355,1626
4403.41856391633,4403.29356391633,4403.54356391633,1294,499,897
4398.283005739577,4398.158005739577,4398.408005739577,1317,1692,1505
4392.314788227868,4392.064788227868,4392.564788227868,1037,734,886
4398.551767849725,4398.426767849725,4398.676767849725,2435,1434,1935
4392.54336518231,4392.41836518231,4392.66836518231,2254,1213,1734
4390.627637918947,4390.377637918947,4390.877637918947,1448,653,1051
4394.208048191348,4394.083048191348,4394.333048191348,2019,874,1447
4392.391774550798,4392.266774550798,4392.516774550798,2552,1411,1982
4398.639431536221,4398.514431536221,4398.764431536221,1430,1079,1255
4399.319297932687,4399.194297932687,4399.444297932687,1076,787,932
4394.730401244726,4394.605401244726,4394.855401244726,1550,1447,1499
4391.619561956127,4391.494561956127,4391.744561956127,1009,1156,1083
4394.595871436557,4394.470871436557,4394.720871436557,657,1894,1276
4395.660238502153,4395.410238502153,4395.910238502153,694,1485,1090
4394.936206462105,4394.686206462105,4395.186206462105,1342,571,957
4396.325607125092,4396.200607125092,4396.450607125092,1452,979,1216
4395.677601992545,4395.427601992545,4395.927601992545,973,824,899
4397.204521507899,4397.079521507899,4397.329521507899,1261,672,967
4399.6408715743955,4399.3908715743955,4399.8908715743955,1191,448,820
4402.319562109438,4402.069562109438,4402.569562109438,2020,825,1423
4402.313102380672,4402.188102380672,4402.438102380672,1945,1794,1870
4406.890420667297,4406.765420667297,4407.015420667297,987,2188,1588
4403.332397617183,4403.207397617183,4403.457397617183,928,1351,1140
4407.275746914981,4407.150746914981,4407.400746914981,775,920,848
4406.972464690088,4406.847464690088,4407.097464690088,933,1524,1229
4409.871022515066,4409.621022515066,4410.121022515066,2464,889,1677
4410.802284751096,4410.677284751096,4410.927284751096,2075,856,1466
4410.305754934772,4410.055754934772,4410.555754934772,1359,956,1158
4410.461449819774,4410.336449819774,4410.586449819774,2179,1008,1594
4412.689464039662,4412.314464039662,4413.064464039662,1237,730,984
4411.854783047334,4411.729783047334,4411.979783047334,1408,1199,1304
4413.977190144779,4413.852190144779,4414.102190144779,782,1105,944
4414.538004651902,4414.413004651902,4414.663004651902,1141,1432,1287
4414.15917037565,4414.03417037565,4414.28417037565,1386,603,995
4412.435723219573,4412.185723219573,4412.685723219573,1977,1588,1783
4411.583704111472,4411.458704111472,4411.708704111472,503,1444,974
4414.3421083203,4414.2171083203,4414.4671083203,1704,1025,1365
4412.913344555418,4412.788344555418,4413.038344555418,2110,1513,1812
4410.832653636409,4410.707653636409,4410.957653636409,2582,1375,1979
4417.231940337691,4417.106940337691,4417.356940337691,1269,1792,1531
4417.763679716106,4417.388679716106,4418.138679716106,1526,1027,1277
4418.933775862249,4418.683775862249,4419.183775862249,2108,1319,1714
4418.561366206168,4418.436366206168,4418.686366206168,1151,1258,1205
4419.571779187042,4419.321779187042,4419.821779187042,471,1326,899
4418.29943804244,4418.17443804244,4418.42443804244,1002,1243,1123
4416.230208130076,4416.105208130076,4416.355208130076,1407,648,1028
4417.814495681942,4417.564495681942,4418.064495681942,2051,1734,1893
4421.523474563801,4421.398474563801,4421.648474563801,1213,1780,1497
4421.236100609162,4421.111100609162,4421.361100609162,1063,1562,1313
4420.373348228661,4420.248348228661,4420.498348228661,1537,2122,1830
4424.143001609886,4423.768001609886,4424.518001609886,742,1821,1282
4426.07272554678,4425.94772554678,4426.19772554678,1673,1696,1685
4424.696701287976,4424.446701287976,4424.946701287976,2164,1209,1687
4425.123096974655,4424.873096974655,4425.373096974655,979,2480,1730
4426.760529708207,4426.635529708207,4426.885529708207,1224,701,963
4426.0534117849575,4425.9284117849575,4426.1784117849575,729,1780,1255
4426.922436426353,4426.797436426353,4427.047436426353,2587,1102,1845
4423.632323182086,4423.507323182086,4423.757323182086,1137,2840,1989
4418.534573591264,4418.409573591264,4418.659573591264,1667,1844,1756
4419.267754128483,4419.142754128483,4419.392754128483,1490,537,1014
4417.398443407932,4417.148443407932,4417.648443407932,1647,1110,1379
4415.247378677669,4414.872378677669,4415.622378677669,2471,882,1677
4414.542805873912,4414.417805873912,4414.667805873912,1486,2043,1765
4412.6705452373635,4412.4205452373635,4412.9205452373635,1276,515,896
4412.067561266609,4411.692561266609,4412.442561266609,1199,2498,1849
4408.924981141249,4408.799981141249,4409.049981141249,1003,712,858
4412.21809991196,4412.09309991196,4412.34309991196,1032,1957,1495
4412.798021229763,4412.673021229763,4412.923021229763,1204,555,880
4411.866524004749,4411.491524004749,4412.241524004749,827,1752,1290
4414.304059842417,4414.179059842417,4414.429059842417,1414,641,1028
4409.11360263991,4408.98860263991,4409.23860263991,544,1381,963
4409.402963241841,4409.027963241841,4409.777963241841,2513,1236,1875
4412.042807702101,4411.667807702101,4412.417807702101,563,1114,839
4410.451284622218,4410.326284622218,4410.576284622218,851,1904,1378
4407.972470950131,4407.722470950131,4408.222470950131,1685,2274,1980
4406.76509688623,4406.39009688623,4407.14009688623,2703,1240,1972
4405.941622547808,4405.691622547808,4406.191622547808,1085,2184,1635
4402.861964898298,4402.736964898298,4402.986964898298,1658,1073,1366
4403.130207048776,4402.755207048776,4403.505207048776,1608,1205,1407
4404.599728318522,4404.349728318522,4404.849728318522,860,825,843
4404.834379657699,4404.584379657699,4405.084379657699,1902,957,1430
4406.454116666522,4406.204116666522,4406.704116666522,867,752,810
4405.327370703923,4405.077370703923,4405.577370703923,2172,1339,1756
4409.043491406475,4408.918491406475,4409.168491406475,986,1523,1255
4413.447413672017,4413.197413672017,4413.697413672017,1811,1536,1674
4406.409016805413,4406.284016805413,4406.534016805413,1336,607,972
4405.9270099661235,4405.8020099661235,4406.0520099661235,965,980,973
4403.313123483698,4403.188123483698,4403.438123483698,1454,1751,1603
4404.947567384354,4404.822567384354,4405.072567384354,2406,901,1654
4401.96770210229,4401.71770210229,4402.21770210229,1032,2739,1886
4397.459339424022,4397.334339424022,4397.584339424022,1198,2473,1836
4400.55711103445,4400.30711103445,4400.80711103445,880,727,804
4405.476130415372,4405.226130415372,4405.726130415372,1002,2777,1890
4405.471656191669,4405.346656191669,4405.596656191669,1560,525,1043
4410.335764877359,4410.085764877359,4410.585764877359,2006,1549,1778
4411.738828958658,4411.488828958658,4411.988828958658,573,1468,1021
4414.922790021643,4414.797790021643,4415.047790021643,1017,2284,1651
4411.018095460951,4410.768095460951,4411.268095460951,830,891,861
4415.937527038762,4415.812527038762,4416.062527038762,1846,1557,1702
4418.441582231604,4418.316582231604,4418.566582231604,992,1437,1215
4419.749995346845,4419.624995346845,4419.874995346845,2311,920,1616
4422.206754155253,4422.081754155253,4422.331754155253,1677,842,1260
4425.097472783923,4424.847472783923,4425.347472783923,1526,1641,1584
4428.035249937864,4427.910249937864,4428.160249937864,1281,738,1010
4429.4634394843315,4429.3384394843315,4429.5884394843315,2044,939,1492
4430.069483082447,4429.819483082447,4430.319483082447,1295,600,948
4429.313017389188,4429.063017389188,4429.563017389188,2471,1482,1977
4435.013396230569,4434.763396230569,4435.263396230569,620,1601,1111
4435.2910336540845,4435.1660336540845,4435.4160336540845,1272,1281,1277
4434.124432594117,4433.874432594117,4434.374432594117,1852,901,1377
4431.577021804745,4431.202021804745,4431.952021804745,2462,831,1647
4431.216360581464,4431.091360581464,4431.341360581464,666,1393,1030
4432.720539179374,4432.595539179374,4432.845539179374,1107,1762,1435
4432.295412393336,4432.045412393336,4432.545412393336,1823,1968,1896
4432.304684193701,4432.179684193701,4432.429684193701,1530,2079,1805
4428.818207596258,4428.568207596258,4429.068207596258,1775,878,1327
4427.820602908954,4427.570602908954,4428.070602908954,710,1511,1111
4429.3327738633925,4429.0827738633925,4429.5827738633925,1667,830,1249
4427.190331210712,4427.065331210712,4427.315331210712,921,1894,1408
4429.072627175341,4428.822627175341,4429.322627175341,489,1280,885
4425.017679909741,4424.892679909741,4425.142679909741,1062,2647,1855
4420.245044017542,4420.120044017542,4420.370044017542,930,2203,1567
4422.219438771012,4422.094438771012,4422.344438771012,1466,771,1119
4422.334257347199,4422.209257347199,4422.459257347199,2664,1109,1887
4424.606474958537,4424.481474958537,4424.731474958537,2311,1294,1803
4429.6385818601575,4429.5135818601575,4429.7635818601575,1106,1991,1549
4427.236160284456,4427.111160284456,4427.361160284456,736,2013,1375
4430.821821742602,4430.696821742602,4430.946821742602,2271,802,1537
4433.369537451825,4432.994537451825,4433.744537451825,1125,834,980
4435.821818937662,4435.446818937662,4436.196818937662,1118,763,941
4437.722711898439,4437.597711898439,4437.847711898439,1282,1361,1322
4436.121179297983,4435.746179297983,4436.496179297983,2819,1078,1949
4438.3027915013945,4438.1777915013945,4438.4277915013945,1354,1787,1571
4437.106906559768,4436.856906559768,4437.356906559768,617,1048,833
4437.346828865474,4437.221828865474,4437.471828865474,1658,1029,1344
4438.101117050499,4437.976117050499,4438.226117050499,1510,657,1084
4438.611609471156,4438.486609471156,4438.736609471156,984,2925,1955
4439.622926625662,4439.497926625662,4439.747926625662,788,977,883
4438.890494835596,4438.515494835596,4439.265494835596,757,1564,1161
4439.1094576551,4438.9844576551,4439.2344576551,926,1649,1288
4439.69839993623,4439.57339993623,4439.82339993623,1321,2282,1802
4437.239771250219,4437.114771250219,4437.364771250219,1749,1024,1387
4436.476225801453,4436.351225801453,4436.601225801453,1721,1844,1783
4434.9753094482485,4434.8503094482485,4435.1003094482485,564,1241,903
4437.215828299672,4436.840828299672,4437.590828299672,891,946,919
4438.146675656955,4437.771675656955,4438.521675656955,1514,1923,1719
4440.119157208498,4439.869157208498,4440.369157208498,1111,2232,1672
4437.772532677043,4437.647532677043,4437.897532677043,1737,834,1286
4440.612303719705,4440.487303719705,4440.737303719705,1116,1603,1360
4443.442589893796,4443.192589893796,4443.692589893796,1657,1682,1670
4444.154902609785,4444.029902609785,4444.279902609785,1940,1775,1858
4442.985081936416,4442.860081936416,4443.110081936416,995,1312,1154
4442.737510663936,4442.487510663936,4442.987510663936,465,1380,923
4443.108031184014,4442.983031184014,4443.233031184014,2105,1196,1651
4439.192607882525,4439.067607882525,4439.317607882525,695,998,847
4436.8933259731,4436.5183259731,4437.2683259731,1048,813,931
4436.535085410696,4436.410085410696,4436.660085410696,1494,1469,1482
4439.6578498357285,4439.5328498357285,4439.7828498357285,755,996,876
4440.2443465447495,4439.9943465447495,4440.4943465447495,2149,1512,1831
4437.217809778213,4437.092809778213,4437.342809778213,1285,1122,1204
4435.297288348184,4435.047288348184,4435.547288348184,847,1640,1244
4434.825144307966,4434.575144307966,4435.075144307966,1376,2183,1780
4434.421196271389,4434.296196271389,4434.546196271389,485,1344,915
4437.750670443473,4437.375670443473,4438.125670443473,1670,851,1261
4437.870842634605,4437.745842634605,4437.995842634605,1785,930,1358
4437.897372053574,4437.772372053574,4438.022372053574,1463,1890,1677
4439.1973992526,4439.0723992526,4439.3223992526,1453,1054,1254
4443.460396502316,4443.335396502316,4443.585396502316,511,1444,978
4440.182441718664,4440.057441718664,4440.307441718664,1132,2017,1575
4439.6585013194135,4439.4085013194135,4439.9085013194135,1480,1747,1614
4440.751742626229,4440.626742626229,4440.876742626229,2012,737,1375
4442.070037262018,4441.820037262018,4442.320037262018,1293,2092,1693
4440.8556323027415,4440.6056323027415,4441.1056323027415,1745,1628,1687
4440.185194512999,4439.935194512999,4440.435194512999,1821,1390,1606
4444.6335684913365,4444.5085684913365,4444.7585684913365,942,2335,1639
4443.454610482692,4443.204610482692,4443.704610482692,1207,2608,1908
4445.100630585357,4444.975630585357,4445.225630585357,1615,796,1206
4446.775052888468,4446.650052888468,4446.900052888468,1408,483,946
4444.850599355509,4444.600599355509,4445.100599355509,1272,1331,1302
4443.766259442039,4443.641259442039,4443.891259442039,1838,1465,1652
4445.298481466526,4445.173481466526,4445.423481466526,1497,1652,1575
4447.928254887481,4447.803254887481,4448.053254887481,973,1888,1431
4445.911105642061,4445.786105642061,4446.036105642061,1846,1549,1698
4444.752957338481,4444.502957338481,4445.002957338481,965,1880,1423
4445.173702972492,4444.923702972492,4445.423702972492,831,1256,1044
4447.781374344076,4447.656374344076,4447.906374344076,2881,1066,1974
4445.70925673207,4445.58425673207,4445.83425673207,1141,2128,1635
4447.687117687713,4447.437117687713,4447.937117687713,716,923,820
4449.471947658952,4449.346947658952,4449.596947658952,1413,1472,1443
4449.522032990802,4449.272032990802,4449.772032990802,1953,1694,1824
4448.195192124072,4447.945192124072,4448.445192124072,695,1826,1261
4450.246465769687,4450.121465769687,4450.371465769687,1027,1432,1230
4451.669052170967,4451.544052170967,4451.794052170967,2020,1353,1687
4450.985710358048,4450.610710358048,4451.360710358048,1094,2427,1761
4451.830633763551,4451.705633763551,4451.955633763551,2157,880,1519
4453.474362914125,4453.224362914125,4453.724362914125,908,909,909
4450.731924501072,4450.481924501072,4450.981924501072,1549,2180,1865
4447.209825132228,4447.084825132228,4447.334825132228,1496,611,1054
4445.178655462772,4445.053655462772,4445.303655462772,1482,1669,1576
4444.957122452529,4444.832122452529,4445.082122452529,1057,1016,1037
4441.991020502107,4441.866020502107,4442.116020502107,2408,835,1622
4443.389270560788,4443.264270560788,4443.514270560788,1598,2173,1886
4441.548225786707,4441.423225786707,4441.673225786707,804,1367,1086
4443.922654706182,4443.672654706182,4444.172654706182,1117,2324,1721
4441.44978650102,4441.32478650102,4441.57478650102,2506,957,1732
4441.378810411714,4441.128810411714,4441.628810411714,552,1449,1001
4442.809391616357,4442.559391616357,4443.059391616357,854,2075,1465
4437.151980059279,4437.026980059279,4437.276980059279,602,1547,1075
4434.925949627434,4434.800949627434,4435.050949627434,1234,603,919
4434.785111492819,4434.660111492819,4434.910111492819,1093,2560,1827
4437.912018428704,4437.787018428704,4438.037018428704,2279,1338,1809
4439.191005929121,4439.066005929121,4439.316005929121,659,1070,865
4440.037629033507,4439.662629033507,4440.412629033507,957,1432,1195
4444.578003611946,4444.453003611946,4444.703003611946,2285,1448,1867
4446.294615039536,4446.169615039536,4446.419615039536,792,1525,1159
4450.578810457492,4450.203810457492,4450.953810457492,1239,2540,1890
4449.737960421158,4449.362960421158,4450.112960421158,809,1210,1010
4448.305059840186,4447.930059840186,4448.680059840186,914,1423,1169
4447.474614969222,4447.349614969222,4447.599614969222,1864,1027,1446
4444.124803504295,4443.999803504295,4444.249803504295,1711,2160,1936
4443.488637937213,4443.113637937213,4443.863637937213,1590,679,1135
4440.626420889368,4440.376420889368,4440.876420889368,1414,1289,1352
4441.49416198966,4441.24416198966,4441.74416198966,1578,1121,1350
4439.8846891026,4439.5096891026,4440.2596891026,992,883,938
4440.794550435464,4440.419550435464,4441.169550435464,772,2077,1425
4435.301647384995,4435.176647384995,4435.426647384995,1572,1123,1348
4435.0903392976425,4434.8403392976425,4435.3403392976425,644,1195,920
4438.371919537588,4438.246919537588,4438.496919537588,1732,2233,1983
4437.2977396900205,4437.1727396900205,4437.4227396900205,2057,1856,1957
4434.5606243465445,4434.3106243465445,4434.8106243465445,843,1146,995
4432.2930431426275,4432.1680431426275,4432.4180431426275,1309,1186,1248
4433.588188666015,4433.338188666015,4433.838188666015,869,1668,1269
4429.792363692416,4429.667363692416,4429.917363692416,516,1107,812
4433.541275712767,4433.416275712767,4433.666275712767,1196,967,1082
4436.984509182089,4436.859509182089,4437.109509182089,1927,1032,1480
4436.736095935028,4436.611095935028,4436.861095935028,1675,854,1265
4433.606903159954,4433.481903159954,4433.731903159954,996,2589,1793
4430.417873677264,4430.292873677264,4430.542873677264,1541,1414,1478
4429.232240704081,4428.982240704081,4429.482240704081,2601,1000,1801
4427.173010808398,4427.048010808398,4427.298010808398,2360,795,1578
4429.398032193313,4429.273032193313,4429.523032193313,1748,1009,1379
4427.027885149613,4426.902885149613,4427.152885149613,1636,1725,1681
4425.327424167747,4425.202424167747,4425.452424167747,1779,1714,1747
4424.909566475828,4424.784566475828,4425.034566475828,1625,1454,1540
4423.84604657644,4423.59604657644,4424.09604657644,1349,836,1093
4423.502327308682,4423.377327308682,4423.627327308682,956,1719,1338
4425.604097146255,4425.479097146255,4425.729097146255,1780,1241,1511
4428.380676684696,4428.130676684696,4428.630676684696,1354,793,1074
4431.706288887181,4431.456288887181,4431.956288887181,2626,1309,1968
4428.826826543306,4428.701826543306,4428.951826543306,812,1781,1297
4431.14329632025,4431.01829632025,4431.26829632025,1610,1427,1519
4427.931919494419,4427.806919494419,4428.056919494419,718,1481,1100
4428.833958564435,4428.583958564435,4429.083958564435,1252,2553,1903
4427.094312017546,4426.844312017546,4427.344312017546,1274,1949,1612
4425.3868836158335,4425.1368836158335,4425.6368836158335,1157,662,910
4427.469801184185,4427.344801184185,4427.594801184185,2084,1877,1981
4425.716152150915,4425.466152150915,4425.966152150915,1837,930,1384
4428.650161372008,4428.400161372008,4428.900161372008,787,1870,1329
4424.484223752338,4424.359223752338,4424.609223752338,2303,866,1585
4428.475157213059,4428.350157213059,4428.600157213059,1656,1109,1383
4424.890142087082,4424.765142087082,4425.015142087082,2545,1258,1902
4424.67232163377,4424.54732163377,4424.79732163377,755,1150,953
4425.653181005157,4425.278181005157,4426.028181005157,1975,1908,1942
4429.416256409642,4429.166256409642,4429.666256409642,1454,665,1060
4431.693262392837,4431.443262392837,4431.943262392837,959,892,926
4434.510477211874,4434.260477211874,4434.760477211874,2079,1314,1697
4434.56172153511,4434.43672153511,4434.68672153511,2263,1318,1791
4434.657089080427,4434.407089080427,4434.907089080427,1130,635,883
4436.372379115116,4436.247379115116,4436.497379115116,1695,1020,1358
4434.2233262536965,4434.0983262536965,4434.3483262536965,1842,1175,1509
4434.843802365319,4434.593802365319,4435.093802365319,2332,1185,1759
4434.987843875277,4434.862843875277,4435.112843875277,1676,1085,1381
4430.227097611369,4429.977097611369,4430.477097611369,2630,1029,1830
4428.440454066407,4428.315454066407,4428.565454066407,2651,1248,1950
4431.413616996458,4431.288616996458,4431.538616996458,1639,1166,1403
4433.257879075729,4432.882879075729,4433.632879075729,1794,727,1261
4434.731183790959,4434.606183790959,4434.856183790959,1006,1797,1402
4434.00506534597,4433.88006534597,4434.13006534597,969,2782,1876
4440.019982890324,4439.894982890324,4440.144982890324,2032,883,1458
4440.326981760781,4440.201981760781,4440.451981760781,532,1161,847
4438.810844758627,4438.685844758627,4438.935844758627,2364,1599,1982
4435.349178228958,4435.099178228958,4435.599178228958,2598,873,1736
4438.275714589448,4438.150714589448,4438.400714589448,1523,1884,1704
4439.570358954459,4439.320358954459,4439.820358954459,1838,1765,1802
4437.804804804996,4437.679804804996,4437.929804804996,592,1043,818
4435.88134016132,4435.75634016132,4436.00634016132,1951,1306,1629
4432.918145645602,4432.793145645602,4433.043145645602,957,1418,1188
4434.732065658267,4434.482065658267,4434.982065658267,2235,1240,1738
4436.414703330227,4436.289703330227,4436.539703330227,852,1541,1197
4436.756524663609,4436.631524663609,4436.881524663609,1176,2285,1731
4437.641763406092,4437.391763406092,4437.891763406092,2225,1640,1933
4435.051346904238,4434.926346904238,4435.176346904238,1694,943,1319
4436.306251200984,4436.056251200984,4436.556251200984,1756,1469,1613
4438.594150938841,4438.219150938841,4438.969150938841,1377,514,946
4434.123061778548,4433.998061778548,4434.248061778548,1301,2680,1991
4427.7760324961655,4427.6510324961655,4427.9010324961655,2083,790,1437
4431.415473152029,4431.290473152029,4431.540473152029,729,2072,1401
4429.8936934388685,4429.5186934388685,4430.2686934388685,2453,1134,1794
4434.340293177053,4434.215293177053,4434.465293177053,1722,1449,1586
4432.738722782361,4432.488722782361,4432.988722782361,834,2243,1539
4436.500804069142,4436.375804069142,4436.625804069142,1214,901,1058
4436.6341385302685,4436.5091385302685,4436.7591385302685,828,1033,931
4436.867024309913,4436.742024309913,4436.992024309913,581,1418,1000
4437.543846361411,4437.293846361411,4437.793846361411,2361,1072,1717
4438.037658080313,4437.662658080313,4438.412658080313,1559,588,1074
4440.566780687055,4440.441780687055,4440.691780687055,1972,947,1460
4444.727119487688,4444.477119487688,4444.977119487688,1073,530,802
4441.064609301931,4440.939609301931,4441.189609301931,777,970,874
4436.1967391746875,4436.0717391746875,4436.3217391746875,2523,1012,1768
4435.923176290918,4435.673176290918,4436.173176290918,1639,1736,1688
4434.832786164885,4434.582786164885,4435.082786164885,2029,1060,1545
4434.045248291194,4433.920248291194,4434.170248291194,2199,1744,1972
4433.390014493795,4433.265014493795,4433.515014493795,2087,1088,1588
4434.255554161381,4433.880554161381,4434.630554161381,1533,1798,1666
4426.79669973664,4426.54669973664,4427.04669973664,1679,1342,1511
4425.32990193802,4425.20490193802,4425.45490193802,1474,775,1125
4424.352603376536,4424.102603376536,4424.602603376536,697,1902,1300
4423.2957978264985,4423.1707978264985,4423.4207978264985,1099,2766,1933
4423.798220292187,4423.548220292187,4424.048220292187,895,2552,1724
4423.591647005382,4423.341647005382,4423.841647005382,1219,1718,1469
4424.249084458081,4424.124084458081,4424.374084458081,544,1243,894
4424.860434128989,4424.735434128989,4424.985434128989,2421,1272,1847
4427.547768333224,4427.422768333224,4427.672768333224,1248,2331,1790
4429.120105006909,4428.745105006909,4429.495105006909,1490,1913,1702
4428.867522664329,4428.617522664329,4429.117522664329,1301,896,1099
4427.1100053120745,4426.8600053120745,4427.3600053120745,2349,1554,1952
4428.267155266482,4427.892155266482,4428.642155266482,1185,1584,1385
4429.627210888013,4429.502210888013,4429.752210888013,1251,768,1010
4429.338258567447,4429.213258567447,4429.463258567447,1805,2070,1938
4429.650108529596,4429.525108529596,4429.775108529596,1081,1012,1047
4429.459882862524,4429.334882862524,4429.584882862524,1573,600,1087
4430.0342274802715,4429.9092274802715,4430.1592274802715,735,1696,1216
4434.418855364244,4434.293855364244,4434.543855364244,978,903,941
4434.64723150813,4434.52223150813,4434.77223150813,731,928,830
4438.743946535878,4438.618946535878,4438.868946535878,1166,1343,1255
4433.493689261004,4433.118689261004,4433.868689261004,1255,2230,1743
4431.750880421163,4431.375880421163,4432.125880421163,1483,542,1013
4430.300082817857,4430.175082817857,4430.425082817857,1025,1798,1412
4431.369361712504,4431.244361712504,4431.494361712504,1099,1406,1253
4431.598943695721,4431.473943695721,4431.723943695721,790,1623,1207
4431.499440720915,4431.374440720915,4431.624440720915,1480,1789,1635
4428.309499896648,4428.184499896648,4428.434499896648,783,1404,1094
4429.478218864136,4429.353218864136,4429.603218864136,1111,1038,1075
4428.49260677073,4428.36760677073,4428.61760677073,1648,1267,1458
4437.606845304568,4437.481845304568,4437.731845304568,1016,2233,1625
4436.813334376238,4436.688334376238,4436.938334376238,509,1188,849
4436.8258475333305,4436.7008475333305,4436.9508475333305,1100,2337,1719
4436.585433718094,4436.210433718094,4436.960433718094,1117,886,1002
4435.388537900369,4435.263537900369,4435.513537900369,648,1791,1220
4435.723746818724,4435.348746818724,4436.098746818724,1773,1092,1433
4432.929705058803,4432.679705058803,4433.179705058803,2536,1453,1995
4436.8366188279615,4436.7116188279615,4436.9616188279615,918,815,867
4437.295461218548,4437.170461218548,4437.420461218548,1259,2186,1723
4434.680341927311,4434.555341927311,4434.805341927311,1651,808,1230
4432.066791688312,4431.941791688312,4432.191791688312,1478,869,1174
4429.217308048979,4429.092308048979,4429.342308048979,984,1201,1093
4430.098920553134,4429.848920553134,4430.348920553134,1197,548,873
4430.955230392573,4430.830230392573,4431.080230392573,1108,1711,1410
4429.34423125708,4429.09423125708,4429.59423125708,1611,562,1087
4428.532991167656,4428.157991167656,4428.907991167656,834,1179,1007
4428.324556698919,4428.199556698919,4428.449556698919,1362,1131,1247
4430.324923720566,4430.199923720566,4430.449923720566,978,721,850
4432.545810791599,4432.295810791599,4432.795810791599,621,1694,1158
4438.691559336228,4438.441559336228,4438.941559336228,956,1221,1089
4438.667666148427,4438.417666148427,4438.917666148427,1960,1307,1634
4439.247961436734,4439.122961436734,4439.372961436734,941,1986,1464
4440.159196594866,4440.034196594866,4440.284196594866,1742,2209,1976
4442.459297830856,4442.209297830856,4442.709297830856,714,1095,905
4441.545634866399,4441.420634866399,4441.670634866399,1042,705,874
4441.704267181153,4441.579267181153,4441.829267181153,1910,1233,1572
4441.646082964869,4441.521082964869,4441.771082964869,2291,1120,1706
4441.534869991093,4441.409869991093,4441.659869991093,2808,1113,1961
4444.3382913794385,4444.0882913794385,4444.5882913794385,1641,1484,1563
4444.732757549704,4444.357757549704,4445.107757549704,1459,2240,1850
4442.73183273312,4442.35683273312,4443.10683273312,1676,783,1230
4443.5498956157535,4443.2998956157535,4443.7998956157535,1172,917,1045
4445.478314867425,4445.353314867425,4445.603314867425,1524,1383,1454
4443.594569881737,4443.469569881737,4443.719569881737,1493,1932,1713
4442.352998704554,4442.227998704554,4442.477998704554,1769,1620,1695
4441.257545506152,4441.007545506152,4441.507545506152,1277,2192,1735
4442.544997805357,4442.419997805357,4442.669997805357,869,1276,1073
4448.600166045446,4448.350166045446,4448.850166045446,824,809,817
4452.620205857172,4452.370205857172,4452.870205857172,1486,2439,1963
4454.381890654737,4454.256890654737,4454.506890654737,1130,2737,1934
4455.476805658004,4455.226805658004,4455.726805658004,2427,1506,1967
4452.654439226445,4452.529439226445,4452.779439226445,1763,1694,1729
4456.260926925353,4456.135926925353,4456.385926925353,1182,809,996
4456.326899883409,4456.201899883409,4456.451899883409,894,799,847
4453.770664593438,4453.520664593438,4454.020664593438,2140,807,1474
4454.34183378071,4454.09183378071,4454.59183378071,1126,2869,1998
4454.0816772104445,4453.9566772104445,4454.2066772104445,1288,1271,1280
4454.3829673948385,4454.2579673948385,4454.5079673948385,1141,2136,1639
4459.412190433137,4459.037190433137,4459.787190433137,669,1706,1188
4462.051660113152,4461.926660113152,4462.176660113152,2556,1403,1980
4466.086131933885,4465.961131933885,4466.211131933885,645,1644,1145
4463.921197704877,4463.796197704877,4464.046197704877,1431,1302,1367
4463.398998237633,4463.148998237633,4463.648998237633,792,1701,1247
4463.488052712372,4463.238052712372,4463.738052712372,1925,1988,1957
4463.5439930194125,4463.4189930194125,4463.6689930194125,1611,694,1153
4469.714159662827,4469.589159662827,4469.839159662827,752,1481,1117
4472.254055881915,4472.004055881915,4472.504055881915,2084,1457,1771
4473.989186748383,4473.864186748383,4474.114186748383,1638,1917,1778
4473.7694517929085,4473.6444517929085,4473.8944517929085,845,2080,1463
4474.842946008374,4474.592946008374,4475.092946008374,1719,1020,1370
4470.639602280886,4470.264602280886,4471.014602280886,1461,2126,1794
4468.210336101903,4467.960336101903,4468.460336101903,1374,1343,1359
4465.693913040358,4465.568913040358,4465.818913040358,1022,1203,1113
4465.633916576865,4465.508916576865,4465.758916576865,1386,975,1181
4468.607695642054,4468.357695642054,4468.857695642054,798,1469,1134
4467.287360699809,4467.162360699809,4467.412360699809,1471,1792,1632
4468.400738760636,4468.275738760636,4468.525738760636,1652,1465,1559
4465.175174734033,4465.050174734033,4465.300174734033,1610,1745,1678
4464.033071437474,4463.783071437474,4464.283071437474,2245,1672,1959
4463.398623023908,4463.273623023908,4463.523623023908,2015,944,1480
4462.446857256042,4462.196857256042,4462.696857256042,2669,1070,1870
4461.847513756373,4461.722513756373,4461.972513756373,1211,1302,1257
4462.1495828971765,4462.0245828971765,4462.2745828971765,1164,671,918
4465.998931111076,4465.873931111076,4466.123931111076,2354,1255,1805
4458.698163841751,4458.573163841751,4458.823163841751,940,1575,1258
4455.660339332684,4455.535339332684,4455.785339332684,1620,2203,1912
4456.932150158134,4456.807150158134,4457.057150158134,575,1488,1032
4455.616617094787,4455.491617094787,4455.741617094787,1005,2044,1525
4460.614650393913,4460.489650393913,4460.739650393913,1409,1316,1363
4461.153552239263,4460.903552239263,4461.403552239263,834,1209,1022
4462.517160570321,4462.392160570321,4462.642160570321,1262,2489,1876
4460.644021421001,4460.519021421001,4460.769021421001,1533,1972,1753
4461.742329028486,4461.617329028486,4461.867329028486,2081,1860,1971
4467.919623118346,4467.794623118346,4468.044623118346,832,1687,1260
4459.702180120736,4459.577180120736,4459.827180120736,1700,621,1161
4454.564094383484,4454.189094383484,4454.939094383484,1048,2361,1705
4457.039308499822,4456.914308499822,4457.164308499822,1101,2834,1968
4455.546721776365,4455.296721776365,4455.796721776365,970,1487,1229
4462.833807852852,4462.583807852852,4463.083807852852,2251,1094,1673
4461.706349887748,4461.456349887748,4461.956349887748,1154,691,923
4457.945651020937,4457.695651020937,4458.195651020937,687,990,839
4462.24878874066,4461.99878874066,4462.49878874066,1598,1697,1648
4460.426818243496,4460.301818243496,4460.551818243496,867,1614,1241
4460.45262662177,4460.32762662177,4460.57762662177,1612,2203,1908
4463.1943543390835,4462.9443543390835,4463.4443543390835,1968,1031,1500
4458.819750512242,4458.694750512242,4458.944750512242,1701,1276,1489
4456.419932298023,4456.294932298023,4456.544932298023,1780,2115,1948
4453.524812420466,4453.399812420466,4453.649812420466,708,1143,926
4449.717028151938,4449.592028151938,4449.842028151938,623,1088,856
4445.87168599347,4445.74668599347,4445.99668599347,967,2850,1909
4442.417401620683,4442.292401620683,4442.542401620683,1461,1322,1392
4442.695210586145,4442.570210586145,4442.820210586145,1722,731,1227
4447.195870887378,4446.945870887378,4447.445870887378,1180,1719,1450
4440.525455177205,4440.275455177205,4440.775455177205,1520,725,1123
4442.154191123986,4441.904191123986,4442.404191123986,1333,924,1129
4440.811905079477,4440.686905079477,4440.936905079477,1599,968,1284
4434.283409780816,4434.158409780816,4434.408409780816,977,2708,1843
4432.531299401124,4432.406299401124,4432.656299401124,1041,1532,1287
4429.891015022757,4429.766015022757,4430.016015022757,1586,1519,1553
4428.054211979086,4427.929211979086,4428.179211979086,2034,835,1435
4432.2510950542755,4432.1260950542755,4432.3760950542755,1318,1485,1402
4431.84172600942,4431.59172600942,4432.09172600942,1986,1885,1936
4433.212343197249,4433.087343197249,4433.337343197249,1103,944,1024
4436.193196309659,4436.068196309659,4436.318196309659,1191,774,983
4439.89327068716,4439.76827068716,4440.01827068716,998,885,942
4432.703263085873,4432.328263085873,4433.078263085873,2253,1080,1667
4439.110923985475,4438.860923985475,4439.360923985475,621,1366,994
4434.546737549341,4434.421737549341,4434.671737549341,779,1522,1151
4433.2331906407235,4433.1081906407235,4433.3581906407235,1314,1103,1209
4427.456628298546,4427.331628298546,4427.581628298546,618,1097,858
4430.374470330037,4430.124470330037,4430.624470330037,2285,1148,1717
4433.629310686666,4433.504310686666,4433.754310686666,1904,1491,1698
4436.209381079496,4436.084381079496,4436.334381079496,2155,722,1439
4430.311163303065,4430.061163303065,4430.561163303065,1381,1404,1393
4439.9101674642925,4439.7851674642925,4440.0351674642925,2039,1602,1821
4438.377664675753,4438.127664675753,4438.627664675753,1811,1214,1513
4439.350989941226,4439.225989941226,4439.475989941226,919,710,815
4446.063718425615,4445.688718425615,4446.438718425615,2294,1437,1866
4448.9926956100335,4448.8676956100335,4449.1176956100335,1153,1264,1209
4454.551870960354,4454.426870960354,4454.676870960354,2037,680,1359
4453.77275979622,4453.52275979622,4454.02275979622,1749,2116,1933
4456.865329592404,4456.490329592404,4457.240329592404,1364,2589,1977
4451.293255355083,4451.168255355083,4451.418255355083,476,1203,840
4454.047551364222,4453.672551364222,4454.422551364222,2037,1222,1630
4458.835669712007,4458.710669712007,4458.960669712007,2136,885,1511
4454.850626824337,4454.600626824337,4455.100626824337,824,1573,1199
4453.525106981431,4453.275106981431,4453.775106981431,1748,1423,1586
4455.5978161671255,4455.4728161671255,4455.7228161671255,1874,1473,1674
4459.785116150934,4459.535116150934,4460.035116150934,691,1168,930
4457.059961771987,4456.934961771987,4457.184961771987,1515,1656,1586
4460.185584709031,4460.060584709031,4460.310584709031,1263,800,1032
4460.417425169365,4460.292425169365,4460.542425169365,1469,1838,1654
4467.453002209887,4467.203002209887,4467.703002209887,2659,1318,1989
4471.2198805268235,4471.0948805268235,4471.3448805268235,2129,1808,1969
4468.825998457971,4468.700998457971,4468.950998457971,1288,1403,1346
4468.021362970454,4467.771362970454,4468.271362970454,753,1616,1185
4471.904391414048,4471.654391414048,4472.154391414048,800,1083,942
4471.030452575804,4470.780452575804,4471.280452575804,1104,2261,1683
4471.705965629822,4471.330965629822,4472.080965629822,803,1776,1290
4475.138953757548,4475.013953757548,4475.263953757548,2509,1394,1952
4475.545002165846,4475.420002165846,4475.670002165846,1455,578,1017
4477.257821185213,4477.132821185213,4477.382821185213,983,800,892
4478.98110883176,4478.85610883176,4479.10610883176,1466,2071,1769
4480.299067477431,4480.174067477431,4480.424067477431,1948,1599,1774
4485.546251889532,4485.171251889532,4485.921251889532,621,1656,1139
4483.840791905945,4483.465791905945,4484.215791905945,957,746,852
4487.7754115594835,4487.6504115594835,4487.9004115594835,2085,1524,1805
4484.587726748242,4484.462726748242,4484.712726748242,977,1650,1314
4481.196282743912,4481.071282743912,4481.321282743912,1348,813,1081
4481.284115754667,4481.034115754667,4481.534115754667,1786,921,1354
4482.6576987232465,4482.5326987232465,4482.7826987232465,2727,1144,1936
4483.241615942813,4483.116615942813,4483.366615942813,1266,1931,1599
4481.728838391356,4481.353838391356,4482.103838391356,1660,2319,1990
4482.232420202257,4482.107420202257,4482.357420202257,822,981,902
4480.098705680306,4479.723705680306,4480.473705680306,1532,1805,1669
4484.839937509237,4484.464937509237,4485.214937509237,690,1153,922
4486.4760743070565,4486.3510743070565,4486.6010743070565,2071,1464,1768
4489.7833355638195,4489.5333355638195,4490.0333355638195,2208,1119,1664
4489.612602127179,4489.487602127179,4489.737602127179,601,1754,1178
4494.653281195738,4494.528281195738,4494.778281195738,591,1304,948
4500.6112217373675,4500.4862217373675,4500.7362217373675,645,1688,1167
4500.496007202367,4500.371007202367,4500.621007202367,1686,1145,1416
4505.951124247623,4505.826124247623,4506.076124247623,1078,699,889
4501.9792047110095,4501.7292047110095,4502.2292047110095,1794,641,1218
4507.293828086894,4507.043828086894,4507.543828086894,2213,1036,1625
4509.297476982047,4509.172476982047,4509.422476982047,1481,982,1232
4512.925289372605,4512.800289372605,4513.050289372605,863,1670,1267
4513.705341526607,4513.455341526607,4513.955341526607,2424,1073,1749
4514.677449587714,4514.552449587714,4514.802449587714,609,1690,1150
4511.371139345985,4511.246139345985,4511.496139345985,1460,815,1138
4512.362205489027,4512.112205489027,4512.612205489027,1261,1354,1308
4509.919696329501,4509.669696329501,4510.169696329501,904,1951,1428
4509.750235767497,4509.500235767497,4510.000235767497,1211,1916,1564
4509.423041351225,4509.298041351225,4509.548041351225,2441,1116,1779
4510.221336127467,4509.971336127467,4510.471336127467,1916,1667,1792
4512.4542761485045,4512.3292761485045,4512.5792761485045,1716,1105,1411
4507.951354153025,4507.826354153025,4508.076354153025,1074,1639,1357
4509.300750650246,4509.175750650246,4509.425750650246,1263,2232,1748
4512.248029175719,4511.998029175719,4512.498029175719,1206,991,1099
4512.11802824002,4511.99302824002,4512.24302824002,2420,945,1683
4508.490601370078,4508.365601370078,4508.615601370078,1147,856,1002
4510.146993907092,4510.021993907092,4510.271993907092,1129,1498,1314
4510.672492963105,4510.547492963105,4510.797492963105,1139,618,879
4507.716958765173,4507.591958765173,4507.841958765173,987,1230,1109
4505.011124423089,4504.761124423089,4505.261124423089,1060,713,887
4498.347447768403,4498.097447768403,4498.597447768403,733,1622,1178
4498.209289786973,4497.959289786973,4498.459289786973,473,1370,922
4488.807549975403,4488.557549975403,4489.057549975403,655,1590,1123
4488.983051321198,4488.858051321198,4489.108051321198,676,1757,1217
4494.445182859548,4494.320182859548,4494.570182859548,1392,2603,1998
4497.403663388327,4497.278663388327,4497.528663388327,670,1307,989
4498.979473988074,4498.854473988074,4499.104473988074,1682,871,1277
4498.992182103874,4498.867182103874,4499.117182103874,1464,749,1107
4499.839050407021,4499.589050407021,4500.089050407021,479,1158,819
4494.542479756828,4494.167479756828,4494.917479756828,1174,621,898
4489.8844070384985,4489.6344070384985,4490.1344070384985,1387,2342,1865
4492.322692275043,4491.947692275043,4492.697692275043,535,1298,917
4489.112603723126,4488.987603723126,4489.237603723126,1339,1352,1346
4489.574335157703,4489.449335157703,4489.699335157703,1670,647,1159
4487.522106346414,4487.397106346414,4487.647106346414,1797,1230,1514
4493.582166135138,4493.457166135138,4493.707166135138,815,1790,1303
4496.891794110455,4496.766794110455,4497.016794110455,1257,1010,1134
4490.569484967256,4490.444484967256,4490.694484967256,429,1218,824
4486.121918162731,4485.871918162731,4486.371918162731,1241,974,1108
4489.436005762259,4489.311005762259,4489.561005762259,1598,2163,1881
4489.9811358696825,4489.6061358696825,4490.3561358696825,2517,970,1744
4484.400755782105,4484.275755782105,4484.525755782105,2260,795,1528
4487.142331788647,4487.017331788647,4487.267331788647,2634,883,1759
4488.278630847068,4488.028630847068,4488.528630847068,2505,1086,1796
4488.865432393538,4488.615432393538,4489.115432393538,496,1213,855
4485.234080437671,4484.984080437671,4485.484080437671,775,1484,1130
4486.324685082396,4486.199685082396,4486.449685082396,2705,1100,1903
4483.785151139202,4483.660151139202,4483.910151139202,1356,1049,1203
4484.400985600277,4484.025985600277,4484.775985600277,2221,1106,1664
4489.543389362326,4489.293389362326,4489.793389362326,1113,606,860
4484.113965489161,4483.988965489161,4484.238965489161,2025,682,1354
4483.573236221729,4483.323236221729,4483.823236221729,2225,926,1576
4486.107695795074,4485.982695795074,4486.232695795074,1423,890,1157
4485.790716300037,4485.665716300037,4485.915716300037,850,2341,1596
4484.013526892571,4483.763526892571,4484.263526892571,1297,1232,1265
4486.640221646268,4486.515221646268,4486.765221646268,1188,2807,1998
4487.140935233713,4487.015935233713,4487.265935233713,1479,740,1110
4493.057160087446,4492.807160087446,4493.307160087446,528,1151,840
4495.421549158812,4495.296549158812,4495.546549158812,1608,959,1284
4493.529381192385,4493.279381192385,4493.779381192385,873,1292,1083
4493.020427409661,4492.645427409661,4493.395427409661,1252,1111,1182
4491.203369606631,4490.828369606631,4491.578369606631,860,831,846
4490.246260377048,4490.121260377048,4490.371260377048,2420,1139,1780
4487.111060796289,4486.986060796289,4487.236060796289,1445,1632,1539
4489.454107633128,4489.204107633128,4489.704107633128,2111,862,1487
4484.241138599106,4483.866138599106,4484.616138599106,1624,1661,1643
4484.4482547291855,4484.1982547291855,4484.6982547291855,782,1515,1149
4488.223281206238,4488.098281206238,4488.348281206238,1420,2073,1747
4495.255602655516,4495.130602655516,4495.380602655516,1439,2518,1979
4503.672131878245,4503.547131878245,4503.797131878245,1703,1946,1825
4502.218382300617,4501.968382300617,4502.468382300617,820,1495,1158
4503.341912162073,4503.216912162073,4503.466912162073,1817,1724,1771
4505.061182799764,4504.686182799764,4505.436182799764,1670,1181,1426
4498.630508204356,4498.505508204356,4498.755508204356,1565,1796,1681
4502.422878709613,4502.297878709613,4502.547878709613,1622,1411,1517
4497.750808314343,4497.500808314343,4498.000808314343,804,2173,1489
4497.294630550309,4497.169630550309,4497.419630550309,2478,1125,1802
4499.43894884482,4499.31394884482,4499.56394884482,1004,1841,1423
4499.712267145075,4499.587267145075,4499.837267145075,1524,1817,1671
4490.707254437317,4490.582254437317,4490.832254437317,1674,1597,1636
4485.337312255945,4485.212312255945,4485.462312255945,709,1412,1061
4478.755760480323,4478.630760480323,4478.880760480323,738,1191,965
4474.744570299132,4474.619570299132,4474.869570299132,2468,1423,1946
4478.315839520168,4478.065839520168,4478.565839520168,827,1298,1063
4483.715158744965,4483.590158744965,4483.840158744965,1154,491,823
4486.908968077251,4486.658968077251,4487.158968077251,1052,571,812
4486.0647461895405,4485.9397461895405,4486.1897461895405,1650,2161,1906
4480.893247081973,4480.643247081973,4481.143247081973,876,1253,1065
4485.405231791387,4485.280231791387,4485.530231791387,865,1264,1065
4484.649156614408,4484.524156614408,4484.774156614408,1131,2280,1706
4482.577441911913,4482.452441911913,4482.702441911913,702,1733,1218
4489.7119214566055,4489.5869214566055,4489.8369214566055,819,958,889
4483.926129054317,4483.676129054317,4484.176129054317,1145,1070,1108
4485.505326364143,4485.380326364143,4485.630326364143,1048,2599,1824
4482.113645955929,4481.988645955929,4482.238645955929,503,1454,979
4482.442325999631,4482.192325999631,4482.692325999631,1600,1505,1553
4479.227181079574,4479.102181079574,4479.352181079574,1137,1140,1139
4474.941052677895,4474.816052677895,4475.066052677895,618,1375,997
4474.1260964872645,4474.0010964872645,4474.2510964872645,2616,909,1763
4471.448599232322,4471.323599232322,4471.573599232322,900,1217,1059
4470.922038348876,4470.672038348876,4471.172038348876,714,1607,1161
4467.042639376663,4466.917639376663,4467.167639376663,530,1199,865
4466.849498929615,4466.724498929615,4466.974498929615,598,1511,1055
4458.080715895331,4457.830715895331,4458.330715895331,2161,1452,1807
4468.232923944521,4468.107923944521,4468.357923944521,1185,442,814
4467.080894161331,4466.955894161331,4467.205894161331,1199,1420,1310
4467.61154711453,4467.48654711453,4467.73654711453,1321,1080,1201
4475.950912042171,4475.825912042171,4476.075912042171,2319,902,1611
4477.375575722003,4477.250575722003,4477.500575722003,2402,1109,1756
4477.584365334311,4477.334365334311,4477.834365334311,681,2018,1350
4476.228820397682,4476.103820397682,4476.353820397682,1468,1537,1503
4464.306709800019,4464.181709800019,4464.431709800019,848,2223,1536
4463.104002575817,4462.854002575817,4463.354002575817,998,1349,1174
4461.396803958386,4461.271803958386,4461.521803958386,1544,1217,1381
4469.062022241845,4468.937022241845,4469.187022241845,1212,877,1045
4470.466064763338,4470.341064763338,4470.591064763338,2079,1608,1844
4471.551296184889,4471.426296184889,4471.676296184889,1844,975,1410
4473.681442380704,4473.306442380704,4474.056442380704,1968,771,1370
4481.574744206377,4481.449744206377,4481.699744206377,1086,843,965
4485.095451559154,4484.970451559154,4485.220451559154,710,1309,1010
4483.253494168374,4483.128494168374,4483.378494168374,2066,1139,1603
4480.401247549457,4480.276247549457,4480.526247549457,1723,990,1357
4481.082331994267,4480.957331994267,4481.207331994267,2012,1749,1881
4480.470657602984,4480.345657602984,4480.595657602984,1416,571,994
4480.9307866429035,4480.8057866429035,4481.0557866429035,1197,978,1088
4483.246313200196,4482.996313200196,4483.496313200196,1836,853,1345
4481.635740930414,4481.510740930414,4481.760740930414,1692,847,1270
4481.106165744204,4480.731165744204,4481.481165744204,2091,718,1405
4477.341410760374,4477.216410760374,4477.466410760374,1271,656,964
4476.457230038785,4476.332230038785,4476.582230038785,1894,835,1365
4469.837426847191,4469.587426847191,4470.087426847191,701,1000,851
4475.6908321901765,4475.5658321901765,4475.8158321901765,1494,1189,1342
4485.444406393253,4485.319406393253,4485.569406393253,682,1479,1081
4487.7889915826045,4487.6639915826045,4487.9139915826045,1164,1397,1281
4486.232631320026,4485.857631320026,4486.607631320026,826,787,807
4487.910022231498,4487.785022231498,4488.035022231498,858,1133,996
4495.369171759233,4495.119171759233,4495.619171759233,1699,1476,1588
4501.444363868283,4501.319363868283,4501.569363868283,1384,931,1158
4506.407721094954,4506.282721094954,4506.532721094954,1833,1476,1655
4506.733149991459,4506.608149991459,4506.858149991459,1534,1223,1379
4505.307244952804,4504.932244952804,4505.682244952804,940,2167,1554
4498.114365497875,4497.739365497875,4498.489365497875,1108,1275,1192
4505.671203109131,4505.546203109131,4505.796203109131,1761,646,1204
4507.596123149612,4507.346123149612,4507.846123149612,1044,2477,1761
4495.871194955192,4495.746194955192,4495.996194955192,2552,1161,1857
4500.777066138665,4500.652066138665,4500.902066138665,790,1577,1184
4498.007905393941,4497.882905393941,4498.132905393941,1139,474,807
4494.446491445183,4494.321491445183,4494.571491445183,2251,1504,1878
4487.329212641238,4487.204212641238,4487.454212641238,1261,984,1123
4493.02566426929,4492.65066426929,4493.40066426929,1225,1068,1147
4490.76730145867,4490.51730145867,4491.01730145867,891,1046,969
4491.636100244836,4491.511100244836,4491.761100244836,569,1528,1049
4492.815561736112,4492.690561736112,4492.940561736112,1350,1287,1319
4492.839325261729,4492.589325261729,4493.089325261729,1503,1042,1273
4490.286778577033,4490.161778577033,4490.411778577033,1125,2486,1806
4487.7314604308185,4487.4814604308185,4487.9814604308185,1413,2044,1729
4488.1513484508,4488.0263484508,4488.2763484508,1834,1643,1739
4486.341381060194,4486.216381060194,4486.466381060194,780,2083,1432
4484.691328888021,4484.441328888021,4484.941328888021,766,875,821
4487.9202248357,4487.7952248357,4488.0452248357,580,1093,837
4489.664356423653,4489.539356423653,4489.789356423653,827,1384,1106
4484.571679755991,4484.321679755991,4484.821679755991,1809,1436,1623
4489.870986787822,4489.745986787822,4489.995986787822,1359,1630,1495
4494.092839730589,4493.967839730589,4494.217839730589,1846,1937,1892
4494.323439293668,4494.198439293668,4494.448439293668,899,1688,1294
4496.940553435326,4496.815553435326,4497.065553435326,1539,2336,1938
4496.803050538992,4496.678050538992,4496.928050538992,2485,1332,1909
4495.81018207288,4495.56018207288,4496.06018207288,1266,1345,1306
4495.776876882578,4495.651876882578,4495.901876882578,1077,1042,1060
4496.86124483036,4496.73624483036,4496.98624483036,486,1373,930
4500.375860935738,4500.125860935738,4500.625860935738,848,1945,1397
4498.834081107815,4498.584081107815,4499.084081107815,1120,1907,1514
4502.826450378076,4502.576450378076,4503.076450378076,1276,911,1094
4505.0657575931855,4504.8157575931855,4505.3157575931855,443,1194,819
4505.528533775123,4505.278533775123,4505.778533775123,690,1991,1341
4504.688534731512,4504.563534731512,4504.813534731512,697,1118,908
4515.6819601826655,4515.5569601826655,4515.8069601826655,1191,928,1060
4508.547679173567,4508.422679173567,4508.672679173567,1679,1940,1810
4509.3899202195025,4509.2649202195025,4509.5149202195025,1030,1591,1311
4511.941660184118,4511.816660184118,4512.066660184118,1413,690,1052
4507.930921664643,4507.555921664643,4508.305921664643,1416,1585,1501
4509.112213495303,4508.862213495303,4509.362213495303,1697,816,1257
4507.362232385065,4507.237232385065,4507.487232385065,542,1423,983
4508.006480447333,4507.631480447333,4508.381480447333,1619,2276,1948
4509.89716772613,4509.64716772613,4510.14716772613,2130,835,1483
4509.848947444584,4509.473947444584,4510.223947444584,699,1478,1089
4507.766838158884,4507.641838158884,4507.891838158884,1817,2062,1940
4506.275092186025,4505.900092186025,4506.650092186025,1426,1873,1650
4495.085346000164,4494.960346000164,4495.210346000164,1105,2850,1978
4494.507485569554,4494.382485569554,4494.632485569554,2186,1135,1661
4496.091614188002,4495.966614188002,4496.216614188002,2286,1063,1675
4501.287169233318,4501.162169233318,4501.412169233318,1294,557,926
4500.359165446962,4499.984165446962,4500.734165446962,1618,1785,1702
4498.589515013045,4498.339515013045,4498.839515013045,1577,1598,1588
4502.698875297352,4502.573875297352,4502.823875297352,720,2139,1430
4501.463081066205,4501.338081066205,4501.588081066205,1584,1257,1421
4495.288583195701,4495.163583195701,4495.413583195701,1158,613,886
4497.8698487304555,4497.7448487304555,4497.9948487304555,1151,2210,1681
4504.272921710117,4504.147921710117,4504.397921710117,2035,1022,1529
4502.793973092858,4502.543973092858,4503.043973092858,1321,870,1096
4500.046670302213,4499.796670302213,4500.296670302213,940,763,852
4498.997270768219,4498.747270768219,4499.247270768219,2452,1363,1908
4497.692936796859,4497.442936796859,4497.942936796859,1247,1790,1519
4502.74885993932,4502.49885993932,4502.99885993932,589,1018,804
4504.441847450635,4504.191847450635,4504.691847450635,2613,922,1768
4514.829862208807,4514.454862208807,4515.204862208807,2163,1592,1878
4508.067857182835,4507.817857182835,4508.317857182835,1571,624,1098
4515.2031369543,4514.8281369543,4515.5781369543,1287,1312,1300
4505.917358698094,4505.542358698094,4506.292358698094,859,1160,1010
4500.284169656242,4500.159169656242,4500.409169656242,794,1789,1292
4496.80276461407,4496.55276461407,4497.05276461407,1035,1744,1390
4489.3603074265475,4489.1103074265475,4489.6103074265475,1254,821,1038
4492.523976954574,4492.273976954574,4492.773976954574,1374,1179,1277
4490.157083911375,4489.907083911375,4490.407083911375,1782,655,1219
4484.316293353574,4484.191293353574,4484.441293353574,508,1409,959
4482.736151126378,4482.486151126378,4482.986151126378,2265,1724,1995
4480.188142927428,4480.063142927428,4480.313142927428,2235,980,1608
4465.922924744551,4465.797924744551,4466.047924744551,698,1147,923
4464.300470144886,4464.175470144886,4464.425470144886,2538,1427,1983
4470.3304149334,4470.2054149334,4470.4554149334,2125,740,1433
4474.205704950624,4474.080704950624,4474.330704950624,1443,674,1059
4466.762614503776,4466.387614503776,4467.137614503776,1379,580,980
4463.374825930229,4462.999825930229,4463.749825930229,1060,2439,1750
4464.13953634745,4464.01453634745,4464.26453634745,1113,1774,1444
4466.591850748313,4466.466850748313,4466.716850748313,741,1026,884
4462.840769147835,4462.590769147835,4463.090769147835,1147,1662,1405
4458.175582925882,4457.925582925882,4458.425582925882,2116,1703,1910
4455.6449289513785,4455.5199289513785,4455.7699289513785,855,1346,1101
4457.306981397063,4456.931981397063,4457.681981397063,830,1113,972
4465.513816870998,4465.388816870998,4465.638816870998,1605,852,1229
4465.882520424967,4465.507520424967,4466.257520424967,845,2440,1643
4468.980815393348,4468.855815393348,4469.105815393348,1414,1935,1675
4467.758619415377,4467.633619415377,4467.883619415377,1737,1234,1486
4465.625396539042,4465.375396539042,4465.875396539042,1358,1303,1331
4458.567344874589,4458.317344874589,4458.817344874589,1246,469,858
4461.025515981922,4460.650515981922,4461.400515981922,1966,769,1368
4466.82533121174,4466.45033121174,4467.20033121174,697,1264,981
4458.848679496859,4458.723679496859,4458.973679496859,1593,842,1218
4457.80383241208,4457.42883241208,4458.17883241208,2170,1007,1589
4465.1687558246695,4464.9187558246695,4465.4187558246695,696,1599,1148
4464.710550939182,4464.335550939182,4465.085550939182,1767,1336,1552
4464.697378501667,4464.572378501667,4464.822378501667,1591,1250,1421
4463.407963843216,4463.032963843216,4463.782963843216,515,1324,920
4462.921209130911,4462.796209130911,4463.046209130911,2206,1159,1683
4457.337021186258,4457.087021186258,4457.587021186258,795,884,840
4459.951103194132,4459.701103194132,4460.201103194132,878,2041,1460
4462.451373057483,4462.326373057483,4462.576373057483,712,1939,1326
4457.803227997164,4457.678227997164,4457.928227997164,652,973,813
4457.58485645746,4457.33485645746,4457.83485645746,1834,1673,1754
4453.006094770079,4452.881094770079,4453.131094770079,985,1154,1070
4454.51149527559,4454.26149527559,4454.76149527559,596,1473,1035
4454.77394426204,4454.64894426204,4454.89894426204,994,655,825
4455.151612330829,4454.901612330829,4455.401612330829,1560,1459,1510
4465.656711821295,4465.531711821295,4465.781711821295,521,1270,896
4462.514211489907,4462.264211489907,4462.764211489907,1494,537,1016
4459.060656447408,4458.685656447408,4459.435656447408,1170,2065,1618
4454.078912895411,4453.953912895411,4454.203912895411,1629,1804,1717
4457.274438936164,4457.149438936164,4457.399438936164,787,1758,1273
4456.825159371454,4456.575159371454,4457.075159371454,901,968,935
4456.183215676607,4455.808215676607,4456.558215676607,646,1523,1085
4457.847053205797,4457.722053205797,4457.972053205797,581,1654,1118
4468.0486125060725,4467.7986125060725,4468.2986125060725,1442,671,1057
4468.715990949586,4468.590990949586,4468.840990949586,1479,842,1161
4468.312216898408,4468.062216898408,4468.562216898408,872,837,855
4469.981180992065,4469.606180992065,4470.356180992065,1073,2282,1678
4472.341426423322,4472.216426423322,4472.466426423322,1718,1359,1539
4474.899983782356,4474.774983782356,4475.024983782356,1289,440,865
4481.595743084415,4481.220743084415,4481.970743084415,1390,2147,1769
4480.452273284775,4480.202273284775,4480.702273284775,2213,858,1536
4483.422314052702,4483.297314052702,4483.547314052702,1027,2904,1966
4479.06249509633,4478.93749509633,4479.18749509633,684,1593,1139
4474.334582340358,4474.209582340358,4474.459582340358,1347,2616,1982
4467.043519994792,4466.793519994792,4467.293519994792,1496,1059,1278
4468.6466921246765,4468.5216921246765,4468.7716921246765,837,1010,924
4464.4659261851575,4464.3409261851575,4464.5909261851575,1945,1518,1732
4460.916704832004,4460.791704832004,4461.041704832004,2624,939,1782
4465.6700927385045,4465.4200927385045,4465.9200927385045,629,1120,875
4459.249350764207,4459.124350764207,4459.374350764207,858,1943,1401
4453.333172964899,4453.208172964899,4453.458172964899,1488,1289,1389
4453.085452293818,4452.960452293818,4453.210452293818,990,931,961
4447.18995148777,4446.81495148777,4447.56495148777,1797,796,1297
4443.580121845562,4443.455121845562,4443.705121845562,703,1796,1250
4442.936642005053,4442.561642005053,4443.311642005053,681,1524,1103
4444.560503851318,4444.435503851318,4444.685503851318,884,1677,1281
4446.338439660587,4446.213439660587,4446.463439660587,1253,1584,1419
4454.05061633874,4453.92561633874,4454.17561633874,1414,1961,1688
4454.91473236314,4454.78973236314,4455.03973236314,1874,1635,1755
4459.426647121362,4459.301647121362,4459.551647121362,1414,1519,1467
4461.754820709705,4461.629820709705,4461.879820709705,1619,1140,1380
4458.03960303037,4457.78960303037,4458.28960303037,1824,999,1412
4451.459991986092,4451.334991986092,4451.584991986092,2251,1444,1848
4454.925252514165,4454.675252514165,4455.175252514165,717,1164,941
4452.4908017327125,4452.2408017327125,4452.7408017327125,1135,1330,1233
4450.801579616411,4450.551579616411,4451.051579616411,1179,1374,1277
4448.304831919447,4448.179831919447,4448.429831919447,992,1247,1120
4446.832166629035,4446.707166629035,4446.957166629035,515,1440,978
4442.356134610712,4442.231134610712,4442.481134610712,1355,1370,1363
4447.667911559953,4447.542911559953,4447.792911559953,1043,2114,1579
4452.01787850375,4451.89287850375,4452.14287850375,1540,1593,1567
4457.6972266271,4457.5722266271,4457.8222266271,1602,1917,1760
4458.6060704898655,4458.4810704898655,4458.7310704898655,1349,1420,1385
4454.642058470609,4454.392058470609,4454.892058470609,1020,709,865
4446.878450615556,4446.753450615556,4447.003450615556,1226,1719,1473
4444.081094860567,4443.956094860567,4444.206094860567,1221,1330,1276
4446.3259105278075,4446.0759105278075,4446.5759105278075,1518,1631,1575
4445.747624614368,4445.622624614368,4445.872624614368,2159,924,1542
4455.311038686852,4455.186038686852,4455.436038686852,2522,989,1756
4455.243740752567,4455.118740752567,4455.368740752567,2327,936,1632
4460.318628333808,4460.193628333808,4460.443628333808,1005,702,854
4454.518569413976,4454.268569413976,4454.768569413976,1785,640,1213
4456.510277013949,4456.385277013949,4456.635277013949,1823,662,1243
4460.8929271695615,4460.7679271695615,4461.0179271695615,2457,1512,1985
4455.544424339172,4455.419424339172,4455.669424339172,1472,1701,1587
4456.240004054599,4456.115004054599,4456.365004054599,2715,1130,1923
4451.479414916352,4451.354414916352,4451.604414916352,2010,1079,1545
4456.702965093895,4456.452965093895,4456.952965093895,1387,870,1129
4453.758932579084,4453.633932579084,4453.883932579084,513,1232,873
4452.119977941244,4451.994977941244,4452.244977941244,1547,1932,1740
4453.489985559804,4453.364985559804,4453.614985559804,1229,634,932
4453.5583755569305,4453.4333755569305,4453.6833755569305,1156,2183,1670
4462.214703050982,4462.089703050982,4462.339703050982,1774,1635,1705
4462.039039091018,4461.789039091018,4462.289039091018,947,686,817
4467.512475203881,4467.387475203881,4467.637475203881,734,1329,1032
4466.978516447858,4466.853516447858,4467.103516447858,1001,1840,1421
4457.587941018854,4457.337941018854,4457.837941018854,1990,1847,1919
4456.434408640245,4456.309408640245,4456.559408640245,962,2133,1548
4450.103728566522,4449.853728566522,4450.353728566522,1571,1432,1502
4451.619823160408,4451.369823160408,4451.869823160408,927,832,880
4449.42072918648,4449.17072918648,4449.67072918648,631,1436,1034
4454.765727861182,4454.640727861182,4454.890727861182,2203,1356,1780
4459.973466917163,4459.723466917163,4460.223466917163,2214,1743,1979
4462.0572840912655,4461.8072840912655,4462.3072840912655,2404,1389,1897
4466.924391824599,4466.674391824599,4467.174391824599,2119,926,1523
4462.927030290433,4462.802030290433,4463.052030290433,945,2216,1581
4458.783685832925,4458.533685832925,4459.033685832925,1831,906,1369
4468.709157328918,4468.459157328918,4468.959157328918,1284,2499,1892
4459.925048279449,4459.800048279449,4460.050048279449,2290,1031,1661
4461.6757025841625,4461.5507025841625,4461.8007025841625,2318,1093,1706
4460.00470362464,4459.87970362464,4460.12970362464,1960,1739,1850
4454.202836840437,4454.077836840437,4454.327836840437,2023,1548,1786
4457.958095553312,4457.583095553312,4458.333095553312,739,1978,1359
4460.339606011517,4460.214606011517,4460.464606011517,913,814,864
4463.983617094337,4463.733617094337,4464.233617094337,1697,2006,1852
4464.238851946141,4464.113851946141,4464.363851946141,838,2207,1523
4464.345375503748,4463.970375503748,4464.720375503748,1260,883,1072
4462.0729607491585,4461.9479607491585,4462.1979607491585,1827,1632,1730
4459.195020543639,4459.070020543639,4459.320020543639,1714,1617,1666
4454.606590888266,4454.481590888266,4454.731590888266,1189,1056,1123
4458.819984899408,4458.694984899408,4458.944984899408,780,1643,1212
4461.693501861005,4461.568501861005,4461.818501861005,1388,539,964
4460.9466728528505,4460.8216728528505,4461.0716728528505,2571,1404,1988
4464.4072807971415,4464.2822807971415,4464.5322807971415,1681,1578,1630
4464.053123642185,4463.803123642185,4464.303123642185,1594,1981,1788
4468.728159940837,4468.478159940837,4468.978159940837,1417,2118,1768
4470.980605638372,4470.855605638372,4471.105605638372,608,1659,1134
4461.100800306518,4460.850800306518,4461.350800306518,1256,2129,1693
4449.261264359525,4449.136264359525,4449.386264359525,1091,958,1025
4441.889756277993,4441.764756277993,4442.014756277993,1286,837,1062
4437.6425034211225,4437.5175034211225,4437.7675034211225,2273,1396,1835
4434.421732153327,4434.171732153327,4434.671732153327,1165,1548,1357
4434.7165468876365,4434.5915468876365,4434.8415468876365,1250,1223,1237
4438.409835269012,4438.284835269012,4438.534835269012,2793,1060,1927
4436.86522796288,4436.74022796288,4436.99022796288,2109,1216,1663
4440.499412699231,4440.249412699231,4440.749412699231,1041,2590,1816
4440.382602823394,4440.257602823394,4440.507602823394,804,1811,1308
4442.965466798149,4442.590466798149,4443.340466798149,1409,488,949
4442.34517119967,4441.97017119967,4442.72017119967,666,1293,980
4438.9994537313005,4438.8744537313005,4439.1244537313005,679,1956,1318
4442.719568787513,4442.469568787513,4442.969568787513,1346,2305,1826
4440.8685893060265,4440.7435893060265,4440.9935893060265,1411,718,1065
4446.565942454013,4446.315942454013,4446.815942454013,908,1309,1109
4450.137547863909,4450.012547863909,4450.262547863909,864,2079,1472
4445.50505318582,4445.38005318582,4445.63005318582,1667,608,1138
4440.514773744151,4440.264773744151,4440.764773744151,2086,1385,1736
4434.621196626169,4434.496196626169,4434.746196626169,1062,715,889
4434.427954862431,4434.302954862431,4434.552954862431,872,1249,1061
4436.693865066089,4436.443865066089,4436.943865066089,1327,1800,1564
4440.445608172308,4440.320608172308,4440.570608172308,1140,1207,1174
4436.017263091995,4435.767263091995,4436.267263091995,1366,1399,1383
4438.141726308107,4437.891726308107,4438.391726308107,2530,1393,1962
4435.762473119763,4435.637473119763,4435.887473119763,2270,1257,1764
4432.429367010061,4432.179367010061,4432.679367010061,1680,1335,1508
4435.177728521797,4435.052728521797,4435.302728521797,1032,957,995
4437.016280735163,4436.766280735163,4437.266280735163,1081,1244,1163
4439.159323504679,4439.034323504679,4439.284323504679,1810,901,1356
4440.755558127853,4440.630558127853,4440.880558127853,1679,1988,1834
4441.296971101718,4441.171971101718,4441.421971101718,1329,756,1043
4440.491539784393,4440.366539784393,4440.616539784393,1572,1069,1321
4438.335442968927,4438.085442968927,4438.585442968927,1091,894,993
4439.109260552745,4438.859260552745,4439.359260552745,513,1150,832
4442.333951595828,4442.083951595828,4442.583951595828,1319,610,965
4442.312039798819,4441.937039798819,4442.687039798819,1065,2790,1928
4446.06297577315,4445.93797577315,4446.18797577315,627,1076,852
4446.466420484894,4446.341420484894,4446.591420484894,938,1197,1068
4441.024892614532,4440.649892614532,4441.399892614532,2192,1223,1708
4441.0120795078765,4440.7620795078765,4441.2620795078765,2285,1300,1793
4444.231642029826,4444.106642029826,4444.356642029826,1665,1428,1547
4443.248260614041,4443.123260614041,4443.373260614041,1238,1157,1198
4442.167429125039,4442.042429125039,4442.292429125039,1494,1527,1511
4441.657988716179,4441.532988716179,4441.782988716179,1558,1033,1296
4439.329745989585,4439.204745989585,4439.454745989585,1075,1028,1052
4440.460832464277,4440.210832464277,4440.710832464277,1923,1448,1686
4442.569901618035,4442.194901618035,4442.944901618035,1250,1319,1285
4443.1384241475635,4443.0134241475635,4443.2634241475635,1071,2288,1680
4439.890660688006,4439.765660688006,4440.015660688006,2081,1270,1676
4436.768048794749,4436.643048794749,4436.893048794749,1181,1522,1352
4437.2889237271065,4436.9139237271065,4437.6639237271065,1289,1448,1369
4443.797974774813,4443.547974774813,4444.047974774813,1574,1707,1641
4450.697483746038,4450.572483746038,4450.822483746038,978,1163,1071
4449.340570723913,4449.090570723913,4449.590570723913,1224,1927,1576
4454.470510320752,4454.345510320752,4454.595510320752,754,903,829
4456.7674841726985,4456.6424841726985,4456.8924841726985,995,952,974
4449.82376415881,4449.69876415881,4449.94876415881,727,2078,1403
4444.711576989956,4444.461576989956,4444.961576989956,1464,955,1210
4444.064409776257,4443.939409776257,4444.189409776257,1839,994,1417
4441.427507416187,4441.302507416187,4441.552507416187,1031,906,969
4438.090326146979,4437.840326146979,4438.340326146979,625,1798,1212
4439.96661324751,4439.84161324751,4440.09161324751,1420,1815,1618
4434.360802174756,4434.235802174756,4434.485802174756,1546,1217,1382
4432.129370957171,4432.004370957171,4432.254370957171,906,775,841
4430.658762801615,4430.408762801615,4430.908762801615,1294,1131,1213
4428.21151989511,4428.08651989511,4428.33651989511,1131,1250,1191
4426.315440153296,4426.065440153296,4426.565440153296,621,1468,1045
4427.124642830001,4426.999642830001,4427.249642830001,2430,1125,1778
4424.663781307489,4424.413781307489,4424.913781307489,943,1036,990
4435.13737205222,4434.76237205222,4435.51237205222,2550,1343,1947
4435.17980431808,4435.05480431808,4435.30480431808,1668,791,1230
4431.001599806771,4430.751599806771,4431.251599806771,754,1135,945
4425.046179838673,4424.921179838673,4425.171179838673,1955,780,1368
4425.797266815129,4425.672266815129,4425.922266815129,1072,649,861
4426.681860353357,4426.431860353357,4426.931860353357,1430,905,1168
4425.505096899397,4425.255096899397,4425.755096899397,621,1456,1039
4423.157058489211,4423.032058489211,4423.282058489211,1281,1054,1168
4422.719518844351,4422.594518844351,4422.844518844351,983,2016,1500
4422.089240766361,4421.964240766361,4422.214240766361,938,879,909
4423.433096316641,4423.183096316641,4423.683096316641,2125,1816,1971
4421.736663937248,4421.486663937248,4421.986663937248,525,1156,841
4417.972435990253,4417.722435990253,4418.222435990253,2491,1432,1962
4421.208368982497,4420.958368982497,4421.458368982497,1913,916,1415
4422.461765302754,4422.336765302754,4422.586765302754,1025,738,882
4419.0241355800135,4418.7741355800135,4419.2741355800135,963,1044,1004
4414.315529734902,4414.190529734902,4414.440529734902,1594,2123,1859
4421.308224825109,4421.058224825109,4421.558224825109,1509,1880,1695
4416.838241183022,4416.713241183022,4416.963241183022,2581,964,1773
4416.260514760195,4416.010514760195,4416.510514760195,1307,2050,1679
4420.722824505644,4420.472824505644,4420.972824505644,1371,1570,1471
4417.325459957117,4417.075459957117,4417.575459957117,1776,1047,1412
4419.494569385269,4419.244569385269,4419.744569385269,716,1045,881
4411.891222342507,4411.766222342507,4412.016222342507,1938,1061,1500
4412.95035021018,4412.70035021018,4413.20035021018,690,1577,1134
4413.436828719976,4413.186828719976,4413.686828719976,1639,918,1279
4412.68561206386,4412.56061206386,4412.81061206386,897,1556,1227
4409.856742257086,4409.606742257086,4410.106742257086,924,1333,1129
4405.844806319554,4405.719806319554,4405.969806319554,1391,720,1056
4406.162726196777,4406.037726196777,4406.287726196777,789,1118,954
4401.5965809564495,4401.3465809564495,4401.8465809564495,491,1274,883
4402.470322055659,4402.345322055659,4402.595322055659,1046,1089,1068
4396.9709891410375,4396.5959891410375,4397.3459891410375,1120,2651,1886
4391.944855359773,4391.819855359773,4392.069855359773,1140,1659,1400
4389.853448114301,4389.603448114301,4390.103448114301,861,1376,1119
4394.648535228251,4394.523535228251,4394.773535228251,2237,1404,1821
4387.984515214748,4387.859515214748,4388.109515214748,786,1045,916
4388.038547045978,4387.913547045978,4388.163547045978,830,1303,1067
4394.079871169795,4393.954871169795,4394.204871169795,1369,476,923
4396.639367534131,4396.514367534131,4396.764367534131,889,1808,1349
4390.035847455515,4389.910847455515,4390.160847455515,944,1451,1198
4399.287653578017,4399.037653578017,4399.537653578017,1491,1312,1402
4399.413393710714,4399.288393710714,4399.538393710714,1503,842,1173
4401.009137703901,4400.884137703901,4401.134137703901,1246,1595,1421
4393.408552854633,4393.283552854633,4393.533552854633,2228,1241,1735
4393.234158562014,4392.984158562014,4393.484158562014,1046,2313,1680
4390.03198642341,4389.90698642341,4390.15698642341,885,2384,1635
4385.432470531412,4385.182470531412,4385.682470531412,2433,1076,1755
4388.47114941418,4388.09614941418,4388.84614941418,1741,880,1311
4391.774336419376,4391.399336419376,4392.149336419376,1057,1134,1096
4390.7624159191355,4390.3874159191355,4391.1374159191355,1361,2226,1794
4389.8457001,4389.7207001,4389.9707001,1247,2276,1762
4385.733635823085,4385.483635823085,4385.983635823085,825,1328,1077
4389.020917252862,4388.895917252862,4389.145917252862,1133,1340,1237
4387.546558746883,4387.421558746883,4387.671558746883,1247,740,994
4394.480278664645,4394.355278664645,4394.605278664645,1965,1520,1743
4390.454757512271,4390.329757512271,4390.579757512271,2082,781,1432
4384.223619105688,4384.098619105688,4384.348619105688,1117,1110,1114
4379.906467233138,4379.781467233138,4380.031467233138,890,1231,1061
4379.728476944877,4379.603476944877,4379.853476944877,1160,2439,1800
4381.022931956953,4380.897931956953,4381.147931956953,608,1343,976
4378.893268898664,4378.643268898664,4379.143268898664,2742,981,1862
4377.508733340282,4377.258733340282,4377.758733340282,1471,2094,1783
4380.157853618906,4379.907853618906,4380.407853618906,728,1995,1362
4382.238305432766,4381.988305432766,4382.488305432766,1827,660,1244
4382.72502319503,4382.60002319503,4382.85002319503,1283,1154,1219
4376.618484709918,4376.493484709918,4376.743484709918,1307,2176,1742
4377.405803104047,4377.280803104047,4377.530803104047,1395,960,1178
4384.133474559423,4383.883474559423,4384.383474559423,1196,433,815
4379.869112798705,4379.744112798705,4379.994112798705,1439,1084,1262
4378.452193351483,4378.202193351483,4378.702193351483,1481,924,1203
4385.106132489473,4384.856132489473,4385.356132489473,1178,511,845
4383.036067375402,4382.911067375402,4383.161067375402,1046,837,942
4387.350411337672,4387.100411337672,4387.600411337672,2543,1168,1856
4386.748269734569,4386.498269734569,4386.998269734569,1591,1320,1456
4384.766757657807,4384.516757657807,4385.016757657807,2225,1482,1854
4384.567764312212,4384.442764312212,4384.692764312212,1342,2395,1869
4393.011612822977,4392.761612822977,4393.261612822977,1092,1315,1204
4395.955051162411,4395.705051162411,4396.205051162411,2250,1253,1752
4394.683483805888,4394.308483805888,4395.058483805888,1128,921,1025
4390.162801318172,4390.037801318172,4390.287801318172,754,1973,1364
4390.051246431199,4389.926246431199,4390.176246431199,828,2143,1486
4384.537241202245,4384.287241202245,4384.787241202245,1758,643,1201
4382.647630970371,4382.522630970371,4382.772630970371,2134,1067,1601
4380.179071997108,4380.054071997108,4380.304071997108,1398,1101,1250
4379.195187502114,4379.070187502114,4379.320187502114,1196,979,1088
4371.518662355485,4371.393662355485,4371.643662355485,889,2532,1711
4369.203172430105,4368.953172430105,4369.453172430105,1110,1337,1224
4367.407087495092,4367.157087495092,4367.657087495092,2192,1115,1654
4374.787636275858,4374.537636275858,4375.037636275858,1065,1358,1212
4372.785725931885,4372.660725931885,4372.910725931885,1211,1220,1216
4370.975099097876,4370.850099097876,4371.100099097876,1499,988,1244
4386.308042652265,4385.933042652265,4386.683042652265,848,1047,948
4384.299411903221,4384.174411903221,4384.424411903221,1143,2648,1896
4382.752368815439,4382.502368815439,4383.002368815439,938,2687,1813
4382.523791010152,4382.398791010152,4382.648791010152,515,1546,1031
4382.511269565485,4382.386269565485,4382.636269565485,2548,1441,1995
4393.237501176919,4392.987501176919,4393.487501176919,2566,929,1748
4388.161640518145,4388.036640518145,4388.286640518145,996,1327,1162
4393.382752405964,4393.257752405964,4393.507752405964,1970,989,1480
4396.93809303887,4396.68809303887,4397.18809303887,2149,1044,1597
4393.503972550488,4393.253972550488,4393.753972550488,1632,1025,1329
4386.945246785201,4386.695246785201,4387.195246785201,2347,1032,1690
4383.858703864638,4383.483703864638,4384.233703864638,1658,1241,1450
4378.539939309222,4378.289939309222,4378.789939309222,1301,690,996
4388.289805047185,4388.039805047185,4388.539805047185,1561,2298,1930
4386.3241450030555,4386.1991450030555,4386.4491450030555,1046,2697,1872
4379.81187126315,4379.68687126315,4379.93687126315,695,1304,1000
4386.118345862049,4385.868345862049,4386.368345862049,1362,1729,1546
4388.570122959869,4388.320122959869,4388.820122959869,1126,2681,1904
4385.602249927441,4385.477249927441,4385.727249927441,967,1062,1015
4395.21622113926,4395.09122113926,4395.34122113926,860,1825,1343
4399.095336927058,4398.845336927058,4399.345336927058,1834,853,1344
4396.213690433086,4396.088690433086,4396.338690433086,2910,991,1951
4401.678500399943,4401.553500399943,4401.803500399943,1515,1708,1612
4401.152076924928,4400.777076924928,4401.527076924928,1317,1600,1459
4413.478272747,4413.353272747,4413.603272747,1043,1104,1074
4407.9215788167585,4407.6715788167585,4408.1715788167585,1409,1320,1365
4402.161178379537,4402.036178379537,4402.286178379537,620,1071,846
4411.1839464096265,4411.0589464096265,4411.3089464096265,1249,2626,1938
4407.1111720186445,4406.9861720186445,4407.2361720186445,580,1183,882
4404.510163995216,4404.385163995216,4404.635163995216,883,920,902
4404.285072401172,4404.035072401172,4404.535072401172,1155,2302,1729
4405.951538226615,4405.826538226615,4406.076538226615,631,1040,836
4413.247335342779,4412.997335342779,4413.497335342779,1363,1690,1527
4418.242986822192,4418.117986822192,4418.367986822192,2641,910,1776
4420.148358529613,4419.773358529613,4420.523358529613,522,1269,896
4411.89871599467,4411.52371599467,4412.27371599467,1333,704,1019
4409.785812874438,4409.535812874438,4410.035812874438,1724,1339,1532
4401.4979347083445,4401.1229347083445,4401.8729347083445,1251,2644,1948
4396.586756784336,4396.461756784336,4396.711756784336,2356,1401,1879
4391.009221336103,4390.759221336103,4391.259221336103,1071,1820,1446
4380.077038721453,4379.952038721453,4380.202038721453,1471,1418,1445
4382.4255547184275,4382.0505547184275,4382.8005547184275,1494,2455,1975
4381.509796919228,4381.259796919228,4381.759796919228,1525,558,1042
4376.514083785031,4376.389083785031,4376.639083785031,1175,2804,1990
4370.685740849143,4370.310740849143,4371.060740849143,1220,1965,1593
4380.692264601029,4380.567264601029,4380.817264601029,511,1464,988
4382.88846312869,4382.63846312869,4383.13846312869,1944,1457,1701
4384.99925290483,4384.87425290483,4385.12425290483,768,1205,987
4380.978932414173,4380.853932414173,4381.103932414173,1106,891,999
4383.77155984051,4383.64655984051,4383.89655984051,1966,1731,1849
4386.852938760646,4386.602938760646,4387.102938760646,756,1729,1243
4390.223852533207,4390.098852533207,4390.348852533207,606,1607,1107
4389.955034108865,4389.705034108865,4390.205034108865,957,694,826
4390.788586339414,4390.538586339414,4391.038586339414,1667,1436,1552
4390.163150120535,4389.913150120535,4390.413150120535,1069,2350,1710
4389.099040167761,4388.974040167761,4389.224040167761,662,1823,1243
4385.17639996067,4384.80139996067,4385.55139996067,1490,2329,1910
4389.823798742624,4389.698798742624,4389.948798742624,1212,1335,1274
4390.929211391371,4390.804211391371,4391.054211391371,707,1366,1037
4384.988995701728,4384.613995701728,4385.363995701728,1397,1852,1625
4388.788995900347,4388.413995900347,4389.163995900347,1188,1109,1149
4387.551570807793,4387.301570807793,4387.801570807793,513,1236,875
4396.317176983481,4396.192176983481,4396.442176983481,1654,1327,1491
4397.889405885996,4397.764405885996,4398.014405885996,2059,1106,1583
4387.64485572987,4387.39485572987,4387.89485572987,1016,2021,1519
4379.706276930911,4379.581276930911,4379.831276930911,1492,1115,1304
4384.561441119824,4384.311441119824,4384.811441119824,1036,2159,1598
4393.192262655873,4393.067262655873,4393.317262655873,678,1079,879
4388.478546903634,4388.353546903634,4388.603546903634,1919,1114,1517
4389.137924592185,4389.012924592185,4389.262924592185,1985,1872,1929
4390.159766367771,4390.034766367771,4390.284766367771,1290,1023,1157
4393.452897753231,4393.327897753231,4393.577897753231,1213,434,824
4395.0465195639445,4394.9215195639445,4395.1715195639445,2329,1080,1705
4393.445678775015,4393.320678775015,4393.570678775015,1020,917,969
4399.280574725831,4399.155574725831,4399.405574725831,593,1006,800
4401.42680172155,4401.17680172155,4401.67680172155,1180,1789,1485
4400.39008438809,4400.26508438809,4400.51508438809,583,1066,825
4393.922197421333,4393.672197421333,4394.172197421333,1227,1350,1289
4386.882936576408,4386.757936576408,4387.007936576408,680,1825,1253
4383.715025812708,4383.590025812708,4383.840025812708,1148,2311,1730
4387.112086376935,4386.862086376935,4387.362086376935,775,2068,1422
4390.95213648592,4390.82713648592,4391.07713648592,1979,740,1360
4388.148232666157,4388.023232666157,4388.273232666157,1470,2099,1785
4383.030580249933,4382.905580249933,4383.155580249933,642,1363,1003
4391.877904708274,4391.627904708274,4392.127904708274,736,2099,1418
4390.380746311121,4390.255746311121,4390.505746311121,1080,1049,1065
4393.555442230045,4393.305442230045,4393.805442230045,2163,968,1566
4395.7776670016565,4395.4026670016565,4396.1526670016565,1407,572,990
4394.58941219189,4394.33941219189,4394.83941219189,1512,1575,1544
4383.777963832834,4383.652963832834,4383.902963832834,2230,1497,1864
4385.802535854301,4385.677535854301,4385.927535854301,2134,1675,1905
4384.515547372735,4384.390547372735,4384.640547372735,1805,2168,1987
4378.613750372932,4378.363750372932,4378.863750372932,1481,2338,1910
4380.983947411866,4380.733947411866,4381.233947411866,1471,846,1159
4379.079432420949,4378.954432420949,4379.204432420949,1477,960,1219
4378.982269416018,4378.857269416018,4379.107269416018,1643,1414,1529
4378.48269996683,4378.35769996683,4378.60769996683,1410,1221,1316
4378.448090952291,4378.198090952291,4378.698090952291,1023,2426,1725
4382.038436658936,4381.913436658936,4382.163436658936,1184,2411,1798
4385.914092666635,4385.789092666635,4386.039092666635,1271,618,945
4399.7647515086865,4399.3897515086865,4400.1397515086865,1364,1711,1538
4395.284415929896,4394.909415929896,4395.659415929896,826,2155,1491
4382.340329382176,4382.090329382176,4382.590329382176,2378,1303,1841
4385.232372677759,4384.982372677759,4385.482372677759,1569,1452,1511
4384.188539098172,4383.938539098172,4384.438539098172,2173,1442,1808
4384.814062957294,4384.689062957294,4384.939062957294,598,1549,1074
4385.081169079585,4384.831169079585,4385.331169079585,1108,1225,1167
4385.534767429801,4385.409767429801,4385.659767429801,1214,417,816
4387.864528756456,4387.739528756456,4387.989528756456,2642,1153,1898
4384.818932684561,4384.443932684561,4385.193932684561,1363,1016,1190
4380.782568978199,4380.657568978199,4380.907568978199,1140,809,975
4374.767624306137,4374.642624306137,4374.892624306137,1194,2397,1796
4373.16640961676,4373.04140961676,4373.29140961676,1330,1401,1366
4375.924301457541,4375.799301457541,4376.049301457541,1202,1753,1478
4377.28646074133,4377.16146074133,4377.41146074133,1077,1718,1398
4389.223305000142,4389.098305000142,4389.348305000142,2490,1369,1930
4386.139875416462,4385.889875416462,4386.389875416462,1330,2365,1848
4382.510274077387,4382.260274077387,4382.760274077387,660,993,827
4382.120800173596,4381.995800173596,4382.245800173596,1537,1438,1488
4375.489402704506,4375.239402704506,4375.739402704506,1083,2430,1757
4375.7943659482635,4375.5443659482635,4376.0443659482635,1381,672,1027
4373.912740774886,4373.662740774886,4374.162740774886,930,1241,1086
4370.07538761622,4369.95038761622,4370.20038761622,2265,868,1567
4372.531904481213,4372.281904481213,4372.781904481213,2357,880,1619
4370.335029275738,4370.210029275738,4370.460029275738,2292,1445,1869
4362.636373944288,4362.386373944288,4362.886373944288,1647,972,1310
4363.75035152039,4363.62535152039,4363.87535152039,2631,1226,1929
4359.697250689452,4359.572250689452,4359.822250689452,1152,1091,1122
4353.72792175137,4353.60292175137,4353.85292175137,1097,706,902
4351.707684637107,4351.332684637107,4352.082684637107,2188,1405,1797
4344.542522385398,4344.292522385398,4344.792522385398,1866,1593,1730
4344.754618093606,4344.629618093606,4344.879618093606,1521,2406,1964
4338.081139881822,4337.831139881822,4338.331139881822,2539,1260,1900
4341.044727899686,4340.919727899686,4341.169727899686,990,1109,1050
4338.282862017179,4338.157862017179,4338.407862017179,1608,761,1185
4333.456821516407,4333.331821516407,4333.581821516407,1476,757,1117
4337.209379355928,4337.084379355928,4337.334379355928,926,677,802
4333.738460855702,4333.613460855702,4333.863460855702,1404,1431,1418
4329.06389418396,4328.68889418396,4329.43889418396,1514,943,1229
4330.817002202455,4330.567002202455,4331.067002202455,1113,486,800
4329.113808784854,4328.738808784854,4329.488808784854,1203,1676,1440
4335.413205963898,4335.288205963898,4335.538205963898,718,1161,940
4340.736009298384,4340.611009298384,4340.861009298384,1954,1573,1764
4334.112270823086,4333.862270823086,4334.362270823086,1725,742,1234
4337.495669518141,4337.370669518141,4337.620669518141,1165,1284,1225
4338.044335150299,4337.669335150299,4338.419335150299,1786,695,1241
4331.425215002736,4331.300215002736,4331.550215002736,1412,1549,1481
4329.252605094915,4329.002605094915,4329.502605094915,1556,841,1199
4323.502960602265,4323.377960602265,4323.627960602265,2583,882,1733
4319.0629436179925,4318.9379436179925,4319.1879436179925,527,1440,984
4322.926052863608,4322.676052863608,4323.176052863608,617,1830,1224
4321.867063091477,4321.742063091477,4321.992063091477,2058,843,1451
4330.852372948108,4330.727372948108,4330.977372948108,1207,2258,1733
4330.282949091742,4330.157949091742,4330.407949091742,1529,586,1058
4328.4631566049975,4328.3381566049975,4328.5881566049975,2886,1011,1949
4325.929617196881,4325.554617196881,4326.304617196881,824,1385,1105
4332.076593736186,4331.951593736186,4332.201593736186,1221,662,942
4339.420526780093,4339.295526780093,4339.545526780093,763,1718,1241
4339.825026614567,4339.700026614567,4339.950026614567,491,1150,821
4334.10902121178,4333.98402121178,4334.23402121178,1792,1225,1509
4332.266280605236,4332.141280605236,4332.391280605236,2678,899,1789
4342.867158010994,4342.742158010994,4342.992158010994,868,2385,1627
4334.387805480182,4334.262805480182,4334.512805480182,646,1149,898
4332.933420001924,4332.808420001924,4333.058420001924,1901,940,1421
4330.845150204079,4330.595150204079,4331.095150204079,1802,989,1396
4332.482438688374,4332.232438688374,4332.732438688374,2330,1467,1899
4322.816108858932,4322.566108858932,4323.066108858932,889,1454,1172
4323.300467698072,4323.175467698072,4323.425467698072,1543,1396,1470
4322.5152108035,4322.3902108035,4322.6402108035,2191,1124,1658
4331.900904959794,4331.650904959794,4332.150904959794,1359,1820,1590
4322.81992411224,4322.69492411224,4322.94492411224,1115,2086,1601
4316.018080108453,4315.893080108453,4316.143080108453,812,797,805
4316.746152643203,4316.621152643203,4316.871152643203,2579,1396,1988
4315.206800535145,4314.956800535145,4315.456800535145,1284,1009,1147
4313.63041030039,4313.50541030039,4313.75541030039,1478,821,1150
4318.7048085678425,4318.4548085678425,4318.9548085678425,1158,1507,1333
4312.730260598693,4312.355260598693,4313.105260598693,534,1221,878
4317.555056196664,4317.430056196664,4317.680056196664,1685,1438,1562
4326.484831595886,4326.109831595886,4326.859831595886,1536,1999,1768
4327.389113603948,4327.264113603948,4327.514113603948,1741,1118,1430
4324.76592414602,4324.39092414602,4325.14092414602,892,2141,1517
4322.653263558599,4322.528263558599,4322.778263558599,1850,1681,1766
4323.236022438926,4323.111022438926,4323.361022438926,1713,1872,1793
4330.420601801757,4330.170601801757,4330.670601801757,2139,1744,1942
4326.538600625043,4326.413600625043,4326.663600625043,973,1390,1182
4321.9775425011485,4321.8525425011485,4322.1025425011485,1789,1152,1471
4319.742809417339,4319.617809417339,4319.867809417339,980,781,881
4320.7724733223295,4320.6474733223295,4320.8974733223295,1743,812,1278
4317.21791253189,4317.09291253189,4317.34291253189,1589,1106,1348
4312.926310330954,4312.801310330954,4313.051310330954,732,2137,1435
4312.419190567212,4312.044190567212,4312.794190567212,1824,1713,1769
4304.487375277486,4304.362375277486,4304.612375277486,743,1552,1148
4300.757368385425,4300.382368385425,4301.132368385425,1182,2121,1652
4303.611345051363,4303.486345051363,4303.736345051363,1482,1693,1588
4311.919020639917,4311.794020639917,4312.044020639917,1524,1567,1546
4312.8746767495295,4312.7496767495295,4312.9996767495295,712,1025,869
4315.473712689124,4315.348712689124,4315.598712689124,1757,614,1186
4317.048728359311,4316.798728359311,4317.298728359311,849,1640,1245
4312.663919421135,4312.413919421135,4312.913919421135,2404,1097,1751
4307.517930918307,4307.392930918307,4307.642930918307,2002,1649,1826
4295.575522214496,4295.325522214496,4295.825522214496,2173,954,1564
4301.399818766551,4301.274818766551,4301.524818766551,1657,686,1172
4303.911093156865,4303.786093156865,4304.036093156865,620,1695,1158
4305.293251339299,4305.168251339299,4305.418251339299,652,1675,1164
4309.155093554415,4309.030093554415,4309.280093554415,2012,859,1436
4311.162012138351,4311.037012138351,4311.287012138351,950,2189,1570
4308.744057753871,4308.494057753871,4308.994057753871,1222,2401,1812
4309.829839107885,4309.704839107885,4309.954839107885,1880,703,1292
4313.174004379182,4313.049004379182,4313.299004379182,1868,1839,1854
4312.1903325011235,4312.0653325011235,4312.3153325011235,1093,574,834
4311.9616073135685,4311.7116073135685,4312.2116073135685,2216,1017,1617
4315.952229260513,4315.827229260513,4316.077229260513,692,1143,918
4324.229348640054,4323.854348640054,4324.604348640054,1485,884,1185
4322.601875892878,4322.476875892878,4322.726875892878,479,1226,853
4322.851515716266,4322.601515716266,4323.101515716266,1164,1997,1581
4324.593305269251,4324.343305269251,4324.843305269251,1549,1932,1741
4323.110654600206,4322.985654600206,4323.235654600206,955,1386,1171
4320.638351783846,4320.388351783846,4320.888351783846,518,1419,969
4319.541161108702,4319.291161108702,4319.791161108702,584,1017,801
4318.166876082864,4318.041876082864,4318.291876082864,2428,1289,1859
4320.28395244086,4320.15895244086,4320.40895244086,1342,1761,1552
4314.927654863848,4314.802654863848,4315.052654863848,1349,2276,1813
4319.526048867828,4319.401048867828,4319.651048867828,2213,888,1551
4320.2078191929695,4320.0828191929695,4320.3328191929695,2154,1203,1679
4320.705701439589,4320.580701439589,4320.830701439589,2035,772,1404
4320.506273806832,4320.381273806832,4320.631273806832,645,1744,1195
4320.892533420708,4320.767533420708,4321.017533420708,1103,1904,1504
4321.777704928178,4321.527704928178,4322.027704928178,2821,1006,1914
4318.9915656242265,4318.8665656242265,4319.1165656242265,1295,1134,1215
4332.665006321144,4332.540006321144,4332.790006321144,1435,828,1132
4329.947987917859,4329.697987917859,4330.197987917859,1205,932,1069
4335.0909061399525,4334.9659061399525,4335.2159061399525,684,1151,918
4339.9694350398395,4339.7194350398395,4340.2194350398395,1253,1432,1343
4340.325156954574,4339.950156954574,4340.700156954574,666,1713,1190
4333.529732661052,4333.279732661052,4333.779732661052,1603,2012,1808
4332.496267091213,4332.246267091213,4332.746267091213,862,2475,1669
4336.2879932886635,4336.0379932886635,4336.5379932886635,2112,733,1423
4335.672280008575,4335.422280008575,4335.922280008575,525,1510,1018
4342.150040169732,4341.900040169732,4342.400040169732,1604,1867,1736
4347.833099813527,4347.458099813527,4348.208099813527,1309,1672,1491
4360.694150283273,4360.569150283273,4360.819150283273,1793,826,1310
4359.82983290367,4359.57983290367,4360.07983290367,662,1793,1228
4375.564329797732,4375.439329797732,4375.689329797732,865,1052,959
4384.6579445062125,4384.5329445062125,4384.7829445062125,970,701,836
4384.638080002057,4384.513080002057,4384.763080002057,1483,1610,1547
4379.674109671464,4379.549109671464,4379.799109671464,937,1626,1282
4387.086198926349,4386.961198926349,4387.211198926349,1521,874,1198
4385.605983443729,4385.230983443729,4385.980983443729,990,801,896
4381.685772291664,4381.560772291664,4381.810772291664,893,1800,1347
4386.322420088459,4386.197420088459,4386.447420088459,916,1867,1392
4388.95077588815,4388.82577588815,4389.07577588815,1297,784,1041
4375.424032022674,4375.174032022674,4375.674032022674,1996,1325,1661
4378.427625168699,4378.302625168699,4378.552625168699,2039,810,1425
4385.379826703381,4385.254826703381,4385.504826703381,1171,436,804
4391.8423790905845,4391.7173790905845,4391.9673790905845,1760,1209,1485
4389.718579145604,4389.468579145604,4389.968579145604,1943,1552,1748
4382.742963324257,4382.617963324257,4382.867963324257,2238,1047,1643
4389.019368133942,4388.894368133942,4389.144368133942,1823,1366,1595
4387.978558181921,4387.853558181921,4388.103558181921,1945,972,1459
4393.294573258872,4393.169573258872,4393.419573258872,1668,1439,1554
4395.518634427446,4395.393634427446,4395.643634427446,1186,629,908
4388.716932034581,4388.466932034581,4388.966932034581,835,1654,1245
4392.000541232924,4391.750541232924,4392.250541232924,811,792,802
4391.755825853386,4391.505825853386,4392.005825853386,1927,1092,1510
4390.313713771571,4390.188713771571,4390.438713771571,937,2434,1686
4384.727822235282,4384.477822235282,4384.977822235282,1177,1516,1347
4386.27908005755,4386.15408005755,4386.40408005755,2815,1004,1910
4378.929448404882,4378.679448404882,4379.179448404882,1254,447,851
4383.82405620836,4383.69905620836,4383.94905620836,1283,886,1085
4377.9713389361705,4377.7213389361705,4378.2213389361705,1802,1369,1586
4384.828829083894,4384.703829083894,4384.953829083894,1143,638,891
4386.504119331325,4386.379119331325,4386.629119331325,1423,1706,1565
4378.1454083350445,4378.0204083350445,4378.2704083350445,1823,1434,1629
4390.970909858139,4390.845909858139,4391.095909858139,1098,851,975
4388.921732576315,4388.796732576315,4389.046732576315,1119,1166,1143
4394.291451627755,4394.166451627755,4394.416451627755,787,1476,1132
4397.236013004988,4396.861013004988,4397.611013004988,1728,1255,1492
4400.904850739786,4400.529850739786,4401.279850739786,943,2164,1554
4404.8792661124635,4404.5042661124635,4405.2542661124635,858,2561,1710
4407.011670726555,4406.761670726555,4407.261670726555,1644,2321,1983
4401.742425656373,4401.492425656373,4401.992425656373,939,1776,1358
4410.567313407908,4410.192313407908,4410.942313407908,564,1593,1079
4408.720642157063,4408.595642157063,4408.845642157063,1036,1233,1135
4405.363135762148,4405.113135762148,4405.613135762148,1168,1991,1580
4402.434159679107,4402.309159679107,4402.559159679107,2222,1445,1834
4405.864846789716,4405.739846789716,4405.989846789716,1128,843,986
4410.214991398227,4409.839991398227,4410.589991398227,2748,983,1866
4414.596285205753,4414.346285205753,4414.846285205753,1176,1209,1193
4422.173453084616,4422.048453084616,4422.298453084616,1115,1618,1367
4423.533037875027,4423.408037875027,4423.658037875027,1316,557,937
4419.671118036962,4419.546118036962,4419.796118036962,2543,1300,1922
4413.030727260399,4412.905727260399,4413.155727260399,1360,2485,1923
4411.306074740166,4411.181074740166,4411.431074740166,1483,2034,1759
4412.220333269972,4411.970333269972,4412.470333269972,1085,884,985
4413.737077522062,4413.487077522062,4413.987077522062,2217,1502,1860
4422.193734561291,4421.943734561291,4422.443734561291,2038,1125,1582
4424.053790534488,4423.803790534488,4424.303790534488,1555,2320,1938
4430.464474680241,4430.214474680241,4430.714474680241,1076,2443,1760
4430.9618431892995,4430.8368431892995,4431.0868431892995,1069,2210,1640
4428.6292562784565,4428.2542562784565,4429.0042562784565,971,922,947
4428.764138429144,4428.639138429144,4428.889138429144,1808,877,1343
4425.4403675071,4425.1903675071,4425.6903675071,2157,1116,1637
4419.0103363306025,4418.7603363306025,4419.2603363306025,1967,904,1436
4410.563323148345,4410.313323148345,4410.813323148345,1181,1542,1362
4418.2030052435075,4418.0780052435075,4418.3280052435075,1647,2204,1926
4420.0124644455655,4419.8874644455655,4420.1374644455655,713,1524,1119
4421.048385636126,4420.923385636126,4421.173385636126,754,1561,1158
4426.4281920683015,4426.3031920683015,4426.5531920683015,2599,1046,1823
4422.254679913103,4422.129679913103,4422.379679913103,1555,538,1047
4420.215967016325,4420.090967016325,4420.340967016325,1165,1602,1384
4425.283428927305,4425.158428927305,4425.408428927305,1888,1895,1892
4421.531140110281,4421.281140110281,4421.781140110281,1184,577,881
4425.478335046459,4425.228335046459,4425.728335046459,785,1210,998
4424.9034419884565,4424.7784419884565,4425.0284419884565,896,2151,1524
4428.680605839161,4428.430605839161,4428.930605839161,822,1727,1275
4433.486283969599,4433.236283969599,4433.736283969599,1620,1131,1376
4443.867236370917,4443.742236370917,4443.992236370917,1564,1847,1706
4456.017485838098,4455.892485838098,4456.142485838098,1440,1807,1624
4446.324345595475,4446.199345595475,4446.449345595475,870,1333,1102
4443.141004315308,4442.766004315308,4443.516004315308,1090,1919,1505
4440.583848135082,4440.458848135082,4440.708848135082,1825,2046,1936
4436.244139373001,4436.119139373001,4436.369139373001,1340,703,1022
4442.247902196808,4442.122902196808,4442.372902196808,2296,1117,1707
4438.772302309845,4438.647302309845,4438.897302309845,847,2306,1577
4436.584857752458,4436.459857752458,4436.709857752458,2269,1702,1986
4443.1913798129535,4443.0663798129535,4443.3163798129535,976,2695,1836
4450.303953104153,4450.178953104153,4450.428953104153,2188,917,1553
4436.111001990161,4435.986001990161,4436.236001990161,1759,1308,1534
4441.148585907765,4440.898585907765,4441.398585907765,1464,1213,1339
4436.447319933079,4436.322319933079,4436.572319933079,1027,1254,1141
4431.595944225087,4431.470944225087,4431.720944225087,1722,1945,1834
4432.656183945345,4432.281183945345,4433.031183945345,1952,1605,1779
4424.556001202045,4424.181001202045,4424.931001202045,1399,960,1180
4426.297293350315,4426.172293350315,4426.422293350315,1188,885,1037
4419.285510177382,4419.160510177382,4419.410510177382,727,1150,939
4411.97675378114,4411.85175378114,4412.10175378114,677,1392,1035
4409.47770912514,4409.35270912514,4409.60270912514,1183,732,958
4406.8538713045355,4406.7288713045355,4406.9788713045355,1479,912,1196
4413.111898502632,4412.736898502632,4413.486898502632,1909,1894,1902
4409.419992313865,4409.044992313865,4409.794992313865,2087,1392,1740
4408.37829228083,4408.12829228083,4408.62829228083,1252,1951,1602
4402.925761179427,4402.550761179427,4403.300761179427,2060,1371,1716
4410.225615641692,4409.850615641692,4410.600615641692,1401,2558,1980
4406.389541459433,4406.139541459433,4406.639541459433,1496,785,1141
4410.101694082367,4409.726694082367,4410.476694082367,1135,1202,1169
4413.218413430264,4413.093413430264,4413.343413430264,635,1796,1216
4410.822623720021,4410.697623720021,4410.947623720021,1211,462,837
4410.324118504052,4410.199118504052,4410.449118504052,1316,2409,1863
4407.828634063508,4407.703634063508,4407.953634063508,710,1367,1039
4406.139010908412,4406.014010908412,4406.264010908412,1671,600,1136
4406.91672080777,4406.66672080777,4407.16672080777,939,868,904
4396.782103276595,4396.657103276595,4396.907103276595,1560,1641,1601
4396.821102376316,4396.696102376316,4396.946102376316,1091,2474,1783
4399.770656867669,4399.520656867669,4400.020656867669,980,2829,1905
4398.206031661182,4398.081031661182,4398.331031661182,1712,755,1234
4400.24467429215,4399.86967429215,4400.61967429215,1979,860,1420
4392.135248125136,4392.010248125136,4392.260248125136,1759,2064,1912
4390.534910814624,4390.409910814624,4390.659910814624,1234,723,979
4391.42522492445,4391.30022492445,4391.55022492445,1563,684,1124
4394.594534193298,4394.469534193298,4394.719534193298,1591,1888,1740
4389.927073612715,4389.802073612715,4390.052073612715,2079,1850,1965
4386.419705909616,4386.294705909616,4386.544705909616,873,1410,1142
4394.611955672579,4394.361955672579,4394.861955672579,1537,1480,1509
4388.374102030949,4388.249102030949,4388.499102030949,1242,2217,1730
4385.49159434523,4385.24159434523,4385.74159434523,540,1119,830
4390.1987293714055,4390.0737293714055,4390.3237293714055,982,849,916
4391.368942524549,4391.243942524549,4391.493942524549,1057,2650,1854
4389.63181186623,4389.25681186623,4390.00681186623,1159,566,863
4390.414570743171,4390.164570743171,4390.664570743171,1509,2310,1910
4395.100305225665,4394.975305225665,4395.225305225665,1737,868,1303
4401.929329890498,4401.804329890498,4402.054329890498,1795,782,1289
4398.629127169386,4398.379127169386,4398.879127169386,2323,1240,1782
4391.117111883684,4390.992111883684,4391.242111883684,1490,1625,1558
4386.876703525641,4386.751703525641,4387.001703525641,877,866,872
4392.383878567349,4392.133878567349,4392.633878567349,1990,1985,1988
4395.917477873176,4395.792477873176,4396.042477873176,1837,1596,1717
4398.281204996297,4398.031204996297,4398.531204996297,1520,601,1061
4403.76811203611,4403.64311203611,4403.89311203611,1451,1752,1602
4404.218683583379,4403.843683583379,4404.593683583379,980,1169,1075
4406.617920648594,4406.492920648594,4406.742920648594,1572,1465,1519
4415.54011638249,4415.41511638249,4415.66511638249,946,2601,1774
4412.5209432429465,4412.3959432429465,4412.6459432429465,1376,1889,1633
4415.481651487199,4415.356651487199,4415.606651487199,967,2218,1593
4411.502827927418,4411.377827927418,4411.627827927418,2034,1785,1910
4407.841676780844,4407.466676780844,4408.216676780844,1206,2375,1791
4413.697821516336,4413.447821516336,4413.947821516336,1784,615,1200
4419.310669781531,4419.185669781531,4419.435669781531,811,1142,977
4420.006967592547,4419.881967592547,4420.131967592547,1107,1634,1371
4419.061378649364,4418.811378649364,4419.311378649364,982,1177,1080
4420.230343128021,4420.105343128021,4420.355343128021,921,1016,969
4418.597660806166,4418.472660806166,4418.722660806166,1680,801,1241
4421.808139755834,4421.683139755834,4421.933139755834,1146,565,856
4424.1304899412025,4423.7554899412025,4424.5054899412025,1030,1567,1299
4426.284725490253,4426.159725490253,4426.409725490253,1082,1693,1388
4428.728467668896,4428.353467668896,4429.103467668896,2397,1452,1925
4428.286401335888,4428.036401335888,4428.536401335888,1381,940,1161
4426.387184315456,4426.262184315456,4426.512184315456,1191,1242,1217
4425.156894935425,4425.031894935425,4425.281894935425,876,891,884
4423.97116439072,4423.84616439072,4424.09616439072,1413,616,1015
4426.031036970278,4425.656036970278,4426.406036970278,837,1462,1150
4427.864087267462,4427.739087267462,4427.989087267462,1326,1223,1275
4427.45005809612,4427.07505809612,4427.82505809612,866,2193,1530
4427.770504826471,4427.645504826471,4427.895504826471,1370,1523,1447
4426.582528729549,4426.332528729549,4426.832528729549,1243,2588,1916
4428.433038942081,4428.308038942081,4428.558038942081,1176,521,849
4426.923833194356,4426.673833194356,4427.173833194356,1838,1339,1589
4424.639518135525,4424.514518135525,4424.764518135525,1245,2556,1901
4425.265568473662,4425.015568473662,4425.515568473662,849,2012,1431
4428.560350787988,4428.435350787988,4428.685350787988,1045,1224,1135
4425.372727965988,4425.247727965988,4425.497727965988,830,1057,944
4422.4592752500885,4422.3342752500885,4422.5842752500885,1169,1676,1423
4420.857109897146,4420.732109897146,4420.982109897146,1840,2007,1924
4417.18522142899,4417.06022142899,4417.31022142899,2104,909,1507
4416.032656049741,4415.782656049741,4416.282656049741,1247,2332,1790
4415.754270305137,4415.629270305137,4415.879270305137,765,1852,1309
4415.0666428063905,4414.9416428063905,4415.1916428063905,1238,1847,1543
4414.200926138564,4413.950926138564,4414.450926138564,1886,1617,1752
4411.106054463394,4410.981054463394,4411.231054463394,708,1183,946
4410.620877223339,4410.370877223339,4410.870877223339,2095,1396,1746
4408.435735725757,4408.310735725757,4408.560735725757,1377,522,950
4405.825005109928,4405.700005109928,4405.950005109928,2237,878,1558
4400.894046553635,4400.769046553635,4401.019046553635,461,1260,861
4401.203197212754,4401.078197212754,4401.328197212754,1226,1159,1193
4404.684767493229,4404.559767493229,4404.809767493229,1099,1942,1521
4407.059277126528,4406.934277126528,4407.184277126528,1264,555,910
4408.431345916586,4408.306345916586,4408.556345916586,861,1854,1358
4409.23755152125,4409.11255152125,4409.36255152125,1461,1792,1627
4407.098188381482,4406.848188381482,4407.348188381482,2139,800,1470
4408.917475488525,4408.792475488525,4409.042475488525,1982,1007,1495
4408.772084475053,4408.647084475053,4408.897084475053,750,2013,1382
4405.798932424124,4405.673932424124,4405.923932424124,1049,580,815
4402.632171443823,4402.257171443823,4403.007171443823,1496,985,1241
4407.3898999284775,4407.2648999284775,4407.5148999284775,1606,1941,1774
4408.601922197581,4408.476922197581,4408.726922197581,676,1089,883
4409.656905026132,4409.531905026132,4409.781905026132,1546,1223,1385
4409.3229042260555,4409.0729042260555,4409.5729042260555,561,1238,900
4407.572883354783,4407.447883354783,4407.697883354783,2900,1057,1979
4405.9659111236915,4405.8409111236915,4406.0909111236915,972,815,894
4406.353766044229,4406.228766044229,4406.478766044229,1285,606,946
4406.831731356442,4406.456731356442,4407.206731356442,1449,1666,1558
4410.275095073963,4410.025095073963,4410.525095073963,920,2417,1669
4407.631841964122,4407.506841964122,4407.756841964122,2757,1006,1882
4406.895284559049,4406.770284559049,4407.020284559049,1956,699,1328
4406.070466940759,4405.945466940759,4406.195466940759,1441,1078,1260
4405.17879258148,4404.92879258148,4405.42879258148,1121,802,962
4405.269279265249,4405.144279265249,4405.394279265249,2518,1279,1899
4404.273989422295,4404.148989422295,4404.398989422295,759,1688,1224
4404.610885281496,4404.485885281496,4404.735885281496,717,1814,1266
4403.548716682442,4403.423716682442,4403.673716682442,1877,928,1403
4401.8220854383235,4401.5720854383235,4402.0720854383235,714,2025,1370
4402.714755348242,4402.589755348242,4402.839755348242,1408,2005,1707
4403.938228284384,4403.813228284384,4404.063228284384,1028,633,831
4405.909165542224,4405.784165542224,4406.034165542224,820,1577,1199
4407.2662699457915,4407.1412699457915,4407.3912699457915,1377,654,1016
4407.222637881892,4406.847637881892,4407.597637881892,1348,1533,1441
4405.037964794165,4404.912964794165,4405.162964794165,640,1511,1076
4402.861243453095,4402.486243453095,4403.236243453095,2455,884,1670
4401.9182644431185,4401.7932644431185,4402.0432644431185,1130,915,1023
4400.613918212165,4400.488918212165,4400.738918212165,734,1659,1197
4398.606730964728,4398.481730964728,4398.731730964728,818,869,844
4399.997918285838,4399.747918285838,4400.247918285838,573,1332,953
4400.153142806738,4399.778142806738,4400.528142806738,1159,1336,1248
4398.655370050958,4398.530370050958,4398.780370050958,1091,2512,1802
4401.888575620824,4401.763575620824,4402.013575620824,1842,1941,1892
4405.417480862648,4405.167480862648,4405.667480862648,1743,1302,1523
4407.58047481129,4407.45547481129,4407.70547481129,1164,1851,1508
4403.395062825733,4403.270062825733,4403.520062825733,1054,1313,1184
4403.950019004283,4403.825019004283,4404.075019004283,2502,1317,1910
4405.139595027312,4405.014595027312,4405.264595027312,1445,584,1015
4405.643380070305,4405.518380070305,4405.768380070305,1074,1971,1523
4404.5585670732335,4404.3085670732335,4404.8085670732335,2178,917,1548
4404.405465960652,4404.280465960652,4404.530465960652,910,1137,1024
4405.500746231413,4405.375746231413,4405.625746231413,1080,1419,1250
4402.905912434005,4402.655912434005,4403.155912434005,1573,1414,1494
4399.046150907141,4398.921150907141,4399.171150907141,936,743,840
4399.3552951402935,4399.2302951402935,4399.4802951402935,912,2427,1670
4399.578065101234,4399.453065101234,4399.703065101234,696,1021,859
4404.493094263437,4404.368094263437,4404.618094263437,1523,794,1159
4407.816786753909,4407.566786753909,4408.066786753909,1074,1671,1373
4405.302708191186,4405.052708191186,4405.552708191186,1123,1144,1134
4405.747403815656,4405.622403815656,4405.872403815656,1627,1154,1391
4406.6417450405015,4406.5167450405015,4406.7667450405015,954,853,904
4407.853473210746,4407.728473210746,4407.978473210746,709,1736,1223
4402.422050541388,4402.172050541388,4402.672050541388,1477,1198,1338
4402.246888683986,4401.996888683986,4402.496888683986,2432,1409,1921
4401.622997711779,4401.497997711779,4401.747997711779,1708,937,1323
4403.106561000908,4402.856561000908,4403.356561000908,818,809,814
4403.347098599392,4403.222098599392,4403.472098599392,2077,1008,1543
4401.12347412005,4400.99847412005,4401.24847412005,1747,2138,1943
4401.957406925422,4401.832406925422,4402.082406925422,1999,1056,1528
4404.8802998430165,4404.7552998430165,4405.0052998430165,1155,2220,1688
4401.037005667357,4400.787005667357,4401.287005667357,2154,771,1463
4399.325341600186,4399.200341600186,4399.450341600186,2314,1189,1752
4398.536389166469,4398.411389166469,4398.661389166469,697,924,811
4396.3738792821705,4396.1238792821705,4396.6238792821705,2317,832,1575
4395.973839490113,4395.848839490113,4396.098839490113,1019,832,926
4395.284806916983,4395.159806916983,4395.409806916983,2919,1038,1979
4396.866081347598,4396.741081347598,4396.991081347598,1946,1079,1513
4396.470821973785,4396.095821973785,4396.845821973785,974,2523,1749
4393.7928924865055,4393.5428924865055,4394.0428924865055,1117,720,919
4391.9498265176435,4391.8248265176435,4392.0748265176435,2400,1301,1851
4394.873887468173,4394.748887468173,4394.998887468173,2380,1071,1726
4392.398861877417,4392.273861877417,4392.523861877417,1205,1412,1309
4394.7373525237035,4394.6123525237035,4394.8623525237035,2684,1149,1917
4399.615089337939,4399.365089337939,4399.865089337939,803,1084,944
4400.439343220456,4400.189343220456,4400.689343220456,1099,2216,1658
4399.8777599769455,4399.6277599769455,4400.1277599769455,696,1181,939
4403.301244095681,4403.176244095681,4403.426244095681,950,1213,1082
4401.710281817358,4401.585281817358,4401.835281817358,2225,1458,1842
4403.35987997785,4403.23487997785,4403.48487997785,844,1155,1000
4400.811359021767,4400.686359021767,4400.936359021767,1878,1121,1500
4404.886211195114,4404.511211195114,4405.261211195114,1447,1018,1233
4405.4819068740135,4405.2319068740135,4405.7319068740135,1709,660,1185
4405.604256878334,4405.354256878334,4405.854256878334,986,2411,1699
4406.627768797592,4406.502768797592,4406.752768797592,2795,1202,1999
4405.748693729376,4405.623693729376,4405.873693729376,1001,614,808
4406.445746750455,4406.070746750455,4406.820746750455,1671,1956,1814
4407.861645938781,4407.736645938781,4407.986645938781,1141,1710,1426
4404.949638763885,4404.699638763885,4405.199638763885,1585,938,1262
4405.110432881871,4404.985432881871,4405.235432881871,2051,1336,1694
4405.8404472832235,4405.7154472832235,4405.9654472832235,2581,1044,1813
4405.109305011957,4404.734305011957,4405.484305011957,1594,1675,1635
4404.155000884163,4404.030000884163,4404.280000884163,1546,697,1122
4405.372580945297,4404.997580945297,4405.747580945297,1766,1085,1426
4412.237203334429,4412.112203334429,4412.362203334429,1969,706,1338
4411.833506213331,4411.708506213331,4411.958506213331,960,1117,1039
4412.888208020059,4412.763208020059,4413.013208020059,1652,2219,1936
4412.501960020524,4412.251960020524,4412.751960020524,1884,1189,1537
4411.062262983377,4410.937262983377,4411.187262983377,1388,835,1112
4412.91725405508,4412.66725405508,4413.16725405508,600,1077,839
4417.119219220647,4416.994219220647,4417.244219220647,549,1574,1062
4414.830525822771,4414.705525822771,4414.955525822771,522,1513,1018
4414.725051112803,4414.475051112803,4414.975051112803,1228,599,914
4413.6972369030045,4413.5722369030045,4413.8222369030045,1541,1258,1400
4410.861355932674,4410.736355932674,4410.986355932674,1027,826,927
4410.458825346481,4410.208825346481,4410.708825346481,738,1101,920
4413.938291863655,4413.813291863655,4414.063291863655,2556,1267,1912
4413.493973608029,4413.368973608029,4413.618973608029,2304,1023,1664
4414.3769297002345,4414.1269297002345,4414.6269297002345,1184,937,1061
4414.033464395721,4413.908464395721,4414.158464395721,1022,1719,1371
4413.5027393193,4413.3777393193,4413.6277393193,1866,805,1336
4412.60670586238,4412.48170586238,4412.73170586238,866,2035,1451
4411.955500709799,4411.830500709799,4412.080500709799,1740,2073,1907
4414.346686772363,4414.096686772363,4414.596686772363,2386,1407,1897
4409.9611870396875,4409.8361870396875,4410.0861870396875,2493,840,1667
4410.345420566273,4410.220420566273,4410.470420566273,1383,1140,1262
4412.897525201098,4412.772525201098,4413.022525201098,959,1670,1315
4412.95938671828,4412.83438671828,4413.08438671828,2241,1296,1769
4411.51052699399,4411.38552699399,4411.63552699399,1630,1853,1742
4413.086251431877,4412.836251431877,4413.336251431877,1370,929,1150
4417.58094110587,4417.33094110587,4417.83094110587,1390,1311,1351
4418.263098996107,4418.138098996107,4418.388098996107,1084,1631,1358
4422.69201630327,4422.44201630327,4422.94201630327,711,1346,1029
4423.011098345131,4422.761098345131,4423.261098345131,1364,1409,1387
4422.591361759204,4422.341361759204,4422.841361759204,885,1406,1146
4421.5969932844255,4421.4719932844255,4421.7219932844255,1416,1687,1552
4422.506290924557,4422.256290924557,4422.756290924557,942,1469,1206
4422.047681766685,4421.922681766685,4422.172681766685,1448,1269,1359
4425.674126419008,4425.424126419008,4425.924126419008,1380,2505,1943
4422.1203664681725,4421.9953664681725,4422.2453664681725,2769,1102,1936
4419.878539786145,4419.753539786145,4420.003539786145,1507,2314,1911
4421.782283384338,4421.657283384338,4421.907283384338,1966,1253,1610
4424.4588301388985,4424.3338301388985,4424.5838301388985,1551,672,1112
4428.071753845623,4427.946753845623,4428.196753845623,2076,1057,1567
4433.00345342639,4432.87845342639,4433.12845342639,849,1258,1054
4432.567658513911,4432.442658513911,4432.692658513911,1982,1315,1649
4432.339042497112,4432.214042497112,4432.464042497112,1786,2185,1986
4431.279255192527,4431.154255192527,4431.404255192527,1270,735,1003
4432.02434341153,4431.89934341153,4432.14934341153,2058,1491,1775
4433.048051835597,4432.798051835597,4433.298051835597,1323,1464,1394
4433.344117155405,4433.094117155405,4433.594117155405,1210,2155,1683
4432.096814282127,4431.971814282127,4432.221814282127,1668,1689,1679
4432.1175700108915,4431.9925700108915,4432.2425700108915,1121,1510,1316
4431.029788587798,4430.779788587798,4431.279788587798,1687,1528,1608
4432.158696611031,4432.033696611031,4432.283696611031,984,2743,1864
4430.966350239624,4430.716350239624,4431.216350239624,1311,910,1111
4432.633794843042,4432.508794843042,4432.758794843042,773,956,865
4428.795488530273,4428.670488530273,4428.920488530273,1028,591,810
4429.698016199346,4429.573016199346,4429.823016199346,2138,963,1551
4427.1746550465,4427.0496550465,4427.2996550465,1105,894,1000
4428.3312588561475,4428.0812588561475,4428.5812588561475,1303,718,1011
4425.790257718029,4425.665257718029,4425.915257718029,1672,765,1219
4428.532997318276,4428.407997318276,4428.657997318276,1166,603,885
4427.441965407746,4427.316965407746,4427.566965407746,1564,1271,1418
4430.100876330119,4429.975876330119,4430.225876330119,1666,1965,1816
4431.584298245647,4431.209298245647,4431.959298245647,1105,2620,1863
4426.983628671461,4426.858628671461,4427.108628671461,799,1918,1359
4425.344883765016,4425.219883765016,4425.469883765016,921,2194,1558
4425.260938243456,4425.135938243456,4425.385938243456,1244,589,917
4424.797814668653,4424.672814668653,4424.922814668653,1703,842,1273
