close,bid,ask,bid_volume,ask_volume,volume
4499.662522969005,4499.537522969005,4499.787522969005,1919,1714,1817
4501.761056240667,4501.636056240667,4501.886056240667,1030,1527,1279
4502.598598229988,4502.473598229988,4502.723598229988,969,2216,1593
4503.857083490703,4503.607083490703,4504.107083490703,1010,1627,1319
4504.124574351638,4503.999574351638,4504.249574351638,2099,1166,1633
4506.9280068337985,4506.6780068337985,4507.1780068337985,1073,1074,1074
4505.901990104437,4505.776990104437,4506.026990104437,1103,1950,1527
4505.046625286239,4504.921625286239,4505.171625286239,1579,1500,1540
4505.504489516228,4505.379489516228,4505.629489516228,1162,1969,1566
4501.69798925116,4501.57298925116,4501.82298925116,799,1658,1229
4500.984720988448,4500.859720988448,4501.109720988448,933,680,807
4502.396539278519,4502.271539278519,4502.521539278519,1711,1404,1558
4504.566679899452,4504.316679899452,4504.816679899452,2722,1169,1946
4505.241237253198,4505.116237253198,4505.366237253198,1977,1844,1911
4507.196294989815,4506.821294989815,4507.571294989815,665,1032,849
4505.492541800441,4505.367541800441,4505.617541800441,1192,2365,1779
4505.325932098816,4505.200932098816,4505.450932098816,1307,748,1028
4509.172426173657,4509.047426173657,4509.297426173657,810,1061,936
4508.768133177854,4508.643133177854,4508.893133177854,2053,998,1526
4505.112799526354,4504.987799526354,4505.237799526354,1008,1211,1110
4502.733785416481,4502.483785416481,4502.983785416481,2119,1122,1621
4505.057055839298,4504.807055839298,4505.307055839298,1112,1145,1129
4506.840724334418,4506.590724334418,4507.090724334418,1854,1747,1801
4504.273195122289,4504.148195122289,4504.398195122289,1817,1258,1538
4502.928461592895,4502.553461592895,4503.303461592895,1613,1212,1413
4504.321582222758,4504.196582222758,4504.446582222758,615,1504,1060
4505.326797552702,4505.076797552702,4505.576797552702,2033,1782,1908
4506.205700122644,4506.080700122644,4506.330700122644,1800,925,1363
4509.022400157206,4508.772400157206,4509.272400157206,1428,1977,1703
4510.152112109679,4510.027112109679,4510.277112109679,542,1505,1024
4510.80360163043,4510.67860163043,4510.92860163043,829,1908,1369
4515.752884200134,4515.627884200134,4515.877884200134,1860,733,1297
4518.377107784581,4518.127107784581,4518.627107784581,2144,1215,1680
4516.1359699814175,4515.8859699814175,4516.3859699814175,1773,1680,1727
4516.302463007674,4516.052463007674,4516.552463007674,2265,1278,1772
4511.841365986735,4511.591365986735,4512.091365986735,1680,2105,1893
4517.30725693547,4517.05725693547,4517.55725693547,573,1710,1142
4519.534873026183,4519.409873026183,4519.659873026183,761,2280,1521
4522.303628407397,4522.178628407397,4522.428628407397,1462,2095,1779
4520.785054077556,4520.660054077556,4520.910054077556,1834,1711,1773
4519.951314831706,4519.826314831706,4520.076314831706,1975,1044,1510
4517.21975845061,4517.09475845061,4517.34475845061,1258,693,976
4517.683164942426,4517.558164942426,4517.808164942426,1025,2644,1835
4516.8377947874,4516.5877947874,4517.0877947874,1334,2273,1804
4519.2909093558565,4519.1659093558565,4519.4159093558565,2148,957,1553
4518.956701464255,4518.831701464255,4519.081701464255,1341,1466,1404
4518.285086758799,4517.910086758799,4518.660086758799,1415,1034,1225
4515.243248629678,4514.993248629678,4515.493248629678,1001,1252,1127
4515.442330667854,4515.317330667854,4515.567330667854,1424,2047,1736
4509.626080667617,4509.376080667617,4509.876080667617,1797,1062,1430
4509.60272265342,4509.47772265342,4509.72772265342,653,1016,835
4508.577942991566,4508.452942991566,4508.702942991566,1203,1218,1211
4512.860809981449,4512.735809981449,4512.985809981449,1076,1979,1528
4510.886982454391,4510.511982454391,4511.261982454391,992,2525,1759
4514.076042009206,4513.951042009206,4514.201042009206,748,2243,1496
4514.199267451613,4514.074267451613,4514.324267451613,1713,1184,1449
4515.918943706927,4515.793943706927,4516.043943706927,935,982,959
4517.6037123821,4517.4787123821,4517.7287123821,1262,1145,1204
4520.141031540927,4520.016031540927,4520.266031540927,672,1081,877
4523.747236638608,4523.497236638608,4523.997236638608,1980,1597,1789
4523.991041874818,4523.616041874818,4524.366041874818,1238,1227,1233
4525.355597592665,4525.230597592665,4525.480597592665,1596,1193,1395
4528.638286763823,4528.388286763823,4528.888286763823,899,796,848
4526.558476266763,4526.433476266763,4526.683476266763,2606,1251,1929
4527.903088001345,4527.778088001345,4528.028088001345,1397,1976,1687
4530.701357432269,4530.451357432269,4530.951357432269,2499,1212,1856
4532.886267183715,4532.636267183715,4533.136267183715,1610,669,1140
4531.449600312372,4531.324600312372,4531.574600312372,1620,1481,1551
4533.450270812678,4533.325270812678,4533.575270812678,1447,942,1195
4533.398233595664,4533.023233595664,4533.773233595664,1241,2604,1923
4531.241338690836,4530.866338690836,4531.616338690836,1833,844,1339
4536.216690395164,4535.966690395164,4536.466690395164,1274,1961,1618
4534.074806663762,4533.949806663762,4534.199806663762,1698,1461,1580
4533.407171129972,4533.282171129972,4533.532171129972,1341,780,1061
4532.649875004349,4532.399875004349,4532.899875004349,1412,737,1075
4531.712895463714,4531.462895463714,4531.962895463714,1520,1319,1420
4530.250819116671,4530.125819116671,4530.375819116671,917,2670,1794
4535.751436394037,4535.501436394037,4536.001436394037,1216,865,1041
4531.994662940461,4531.869662940461,4532.119662940461,1303,896,1100
4530.150553164989,4529.900553164989,4530.400553164989,2305,832,1569
4530.44409531592,4530.31909531592,4530.56909531592,1587,552,1070
4532.997615205003,4532.872615205003,4533.122615205003,1164,677,921
4530.553658863847,4530.178658863847,4530.928658863847,1502,685,1094
4531.930195198344,4531.680195198344,4532.180195198344,2440,1517,1979
4533.341570444149,4533.216570444149,4533.466570444149,2065,1112,1589
4533.238889640192,4532.863889640192,4533.613889640192,1316,1375,1346
4532.145514260628,4531.895514260628,4532.395514260628,661,1356,1009
4532.311654859729,4532.186654859729,4532.436654859729,1830,1501,1666
4530.79770776508,4530.67270776508,4530.92270776508,1162,2393,1778
4530.235737609687,4529.985737609687,4530.485737609687,1156,1383,1270
4528.671089526421,4528.296089526421,4529.046089526421,1928,1241,1585
4528.772260425852,4528.522260425852,4529.022260425852,787,872,830
4528.655319069908,4528.405319069908,4528.905319069908,1266,2265,1766
4528.432626153595,4528.182626153595,4528.682626153595,1187,1014,1101
4526.401690176159,4526.276690176159,4526.526690176159,1027,1386,1207
4527.302491725574,4527.177491725574,4527.427491725574,1358,2541,1950
4526.526683690785,4526.401683690785,4526.651683690785,1761,596,1179
4525.958430957119,4525.833430957119,4526.083430957119,1286,2269,1778
4524.826652408652,4524.701652408652,4524.951652408652,1029,834,932
4526.359794028213,4526.234794028213,4526.484794028213,784,1567,1176
4524.860421248068,4524.735421248068,4524.985421248068,1542,749,1146
4524.40124881692,4524.15124881692,4524.65124881692,889,1410,1150
4526.193136442003,4525.818136442003,4526.568136442003,2463,1106,1785
4523.766641971331,4523.391641971331,4524.141641971331,1329,1906,1618
4526.955245716364,4526.705245716364,4527.205245716364,1045,1658,1352
4527.821840089504,4527.696840089504,4527.946840089504,1471,1346,1409
4522.897613738303,4522.647613738303,4523.147613738303,959,1010,985
4526.339847311001,4526.089847311001,4526.589847311001,781,1332,1057
4527.3298793528675,4527.2048793528675,4527.4548793528675,1912,751,1332
4530.103349404147,4529.853349404147,4530.353349404147,1059,1080,1070
4528.300338192792,4528.050338192792,4528.550338192792,1470,1677,1574
4531.704477644069,4531.454477644069,4531.954477644069,2504,1141,1823
4530.292786983104,4530.167786983104,4530.417786983104,1881,1486,1684
4527.456848947611,4527.331848947611,4527.581848947611,2570,861,1716
4528.62720581057,4528.50220581057,4528.75220581057,1628,803,1216
4530.264648420097,4530.014648420097,4530.514648420097,2238,1029,1634
4531.639250491276,4531.514250491276,4531.764250491276,1842,1509,1676
4531.837304778641,4531.712304778641,4531.962304778641,1054,1277,1166
4532.159733773203,4532.034733773203,4532.284733773203,1727,1558,1643
4536.2616657503395,4535.8866657503395,4536.6366657503395,1897,1296,1597
4537.417551421113,4537.167551421113,4537.667551421113,1661,698,1180
4533.15447015619,4533.02947015619,4533.27947015619,1861,1368,1615
4533.903119798091,4533.528119798091,4534.278119798091,482,1425,954
4532.402257613903,4532.277257613903,4532.527257613903,1560,945,1253
4534.723700918406,4534.473700918406,4534.973700918406,1214,763,989
4532.320864036594,4532.195864036594,4532.445864036594,1358,2339,1849
4528.8955576911285,4528.7705576911285,4529.0205576911285,1172,875,1024
4529.936561422534,4529.811561422534,4530.061561422534,1590,1093,1342
4526.70994269956,4526.45994269956,4526.95994269956,560,1557,1059
4527.682830583219,4527.557830583219,4527.807830583219,2244,1635,1940
4529.045742229606,4528.920742229606,4529.170742229606,1719,2140,1930
4530.798134375567,4530.673134375567,4530.923134375567,2251,1402,1827
4529.327507943758,4529.202507943758,4529.452507943758,2629,1218,1924
4528.014744177538,4527.889744177538,4528.139744177538,1201,1908,1555
4523.795711371095,4523.670711371095,4523.920711371095,776,891,834
4523.928220132627,4523.803220132627,4524.053220132627,1346,1559,1453
4526.247464126631,4525.872464126631,4526.622464126631,1044,2215,1630
4525.67648431049,4525.55148431049,4525.80148431049,2758,1133,1946
4526.91366200997,4526.66366200997,4527.16366200997,1278,535,907
4526.192747268486,4526.067747268486,4526.317747268486,972,1373,1173
4526.845018359176,4526.720018359176,4526.970018359176,2278,1585,1932
4527.074556843452,4526.949556843452,4527.199556843452,1980,1907,1944
4523.707381790984,4523.582381790984,4523.832381790984,946,1817,1382
4524.821580012364,4524.571580012364,4525.071580012364,1200,2365,1783
4526.503109162246,4526.128109162246,4526.878109162246,455,1190,823
4530.929680852184,4530.679680852184,4531.179680852184,707,1218,963
4533.590180377573,4533.465180377573,4533.715180377573,1549,674,1112
4529.98832180692,4529.86332180692,4530.11332180692,637,1026,832
4528.034965950161,4527.909965950161,4528.159965950161,1722,671,1197
4530.346691710378,4530.221691710378,4530.471691710378,796,1541,1169
4530.137441648,4529.762441648,4530.512441648,1700,1147,1424
4530.031625787691,4529.781625787691,4530.281625787691,1259,2150,1705
4529.372667005913,4529.122667005913,4529.622667005913,2108,1421,1765
4531.360870390346,4531.235870390346,4531.485870390346,1628,1319,1474
4531.455199998434,4531.330199998434,4531.580199998434,1463,1402,1433
4532.088982108875,4531.963982108875,4532.213982108875,984,2435,1710
4537.661112626163,4537.286112626163,4538.036112626163,1992,1067,1530
4535.792388850463,4535.667388850463,4535.917388850463,863,2358,1611
4536.861718382922,4536.611718382922,4537.111718382922,1998,699,1349
4539.4967454291955,4539.2467454291955,4539.7467454291955,2349,1266,1808
4540.338938957468,4540.213938957468,4540.463938957468,1585,1830,1708
4535.625788493813,4535.250788493813,4536.000788493813,1091,1916,1504
4535.832222579839,4535.707222579839,4535.957222579839,1247,1768,1508
4537.129514828261,4537.004514828261,4537.254514828261,771,1398,1085
4542.29499387197,4542.04499387197,4542.54499387197,1118,759,939
4540.030550745174,4539.905550745174,4540.155550745174,1802,1911,1857
4542.075509269776,4541.950509269776,4542.200509269776,761,1300,1031
4537.4919491431265,4537.3669491431265,4537.6169491431265,979,894,937
4533.53213790727,4533.28213790727,4533.78213790727,628,1209,919
4534.5104739175185,4534.2604739175185,4534.7604739175185,624,1621,1123
4534.977736294144,4534.852736294144,4535.102736294144,2000,1063,1532
4532.276153876035,4532.026153876035,4532.526153876035,650,1157,904
4531.224695696241,4531.099695696241,4531.349695696241,1450,627,1039
4532.512048221008,4532.387048221008,4532.637048221008,1499,1228,1364
4535.915661645756,4535.540661645756,4536.290661645756,1182,1127,1155
4537.1163391167765,4536.9913391167765,4537.2413391167765,1530,735,1133
4536.547095689822,4536.422095689822,4536.672095689822,2596,1165,1881
4536.122835202581,4535.997835202581,4536.247835202581,1161,620,891
4538.90323531849,4538.52823531849,4539.27823531849,534,1303,919
4536.541665158741,4536.291665158741,4536.791665158741,2037,1046,1542
4534.863656753462,4534.738656753462,4534.988656753462,1118,1053,1086
4529.956740822799,4529.706740822799,4530.206740822799,1208,2673,1941
4530.530013829456,4530.405013829456,4530.655013829456,1355,1328,1342
4528.041396264949,4527.916396264949,4528.166396264949,1380,2373,1877
4526.988410270561,4526.863410270561,4527.113410270561,899,1140,1020
4526.579478556141,4526.454478556141,4526.704478556141,926,2343,1635
4527.648473624561,4527.523473624561,4527.773473624561,798,2329,1564
4530.59571104814,4530.34571104814,4530.84571104814,1887,1300,1594
4529.72342537449,4529.47342537449,4529.97342537449,1197,1996,1597
4530.616467194615,4530.366467194615,4530.866467194615,2370,1169,1770
4528.953358667577,4528.828358667577,4529.078358667577,1373,1570,1472
4527.1463802052185,4527.0213802052185,4527.2713802052185,1278,775,1027
4528.313907272017,4528.188907272017,4528.438907272017,1539,1652,1596
4525.848112044414,4525.723112044414,4525.973112044414,580,1297,939
4520.888509079926,4520.763509079926,4521.013509079926,906,915,911
4528.097177249699,4527.847177249699,4528.347177249699,1439,656,1048
4525.901712139131,4525.651712139131,4526.151712139131,457,1296,877
4528.037432009738,4527.787432009738,4528.287432009738,2193,1312,1753
4529.547115249419,4529.297115249419,4529.797115249419,2387,876,1632
4528.857574252528,4528.732574252528,4528.982574252528,1989,708,1349
4533.537094207938,4533.287094207938,4533.787094207938,1179,1260,1220
4533.120227601999,4532.995227601999,4533.245227601999,915,1424,1170
4535.173125042263,4535.048125042263,4535.298125042263,1259,1606,1433
4534.860483930545,4534.735483930545,4534.985483930545,880,1569,1225
4531.863870027114,4531.738870027114,4531.988870027114,2585,1372,1979
4533.526053026247,4533.401053026247,4533.651053026247,2543,1218,1881
4535.18374970445,4534.80874970445,4535.55874970445,1009,1754,1382
4530.320673972982,4530.195673972982,4530.445673972982,896,2025,1461
4527.917425775361,4527.667425775361,4528.167425775361,1223,1334,1279
4524.1708538806,4523.7958538806,4524.5458538806,2644,1251,1948
4524.095183209706,4523.970183209706,4524.220183209706,2631,1190,1911
4522.2275353710775,4522.1025353710775,4522.3525353710775,1254,1589,1422
4521.191830719642,4521.066830719642,4521.316830719642,1053,2138,1596
4515.5735128470415,4515.4485128470415,4515.6985128470415,1350,1593,1472
4514.671271316069,4514.546271316069,4514.796271316069,423,1248,836
4519.373123652726,4519.248123652726,4519.498123652726,2528,1309,1919
4522.839343062175,4522.464343062175,4523.214343062175,1389,2080,1735
4522.629785731843,4522.379785731843,4522.879785731843,1100,651,876
4523.617025787497,4523.367025787497,4523.867025787497,439,1164,802
4520.729865829958,4520.604865829958,4520.854865829958,738,1993,1366
4515.738643287532,4515.613643287532,4515.863643287532,972,669,821
4517.845199340917,4517.720199340917,4517.970199340917,2196,1787,1992
4518.232372106877,4517.982372106877,4518.482372106877,1381,612,997
4515.923404005927,4515.798404005927,4516.048404005927,1098,2617,1858
4512.31244850637,4512.18744850637,4512.43744850637,2015,694,1355
4519.712379254797,4519.587379254797,4519.837379254797,1137,2794,1966
4518.143713337512,4518.018713337512,4518.268713337512,1078,1285,1182
4522.1242446534125,4521.9992446534125,4522.2492446534125,1680,1363,1522
4518.28366454081,4518.15866454081,4518.40866454081,1371,1574,1473
4518.262819093518,4518.012819093518,4518.512819093518,1474,613,1044
4519.509494284782,4519.259494284782,4519.759494284782,827,1568,1198
4522.38313467137,4522.13313467137,4522.63313467137,1288,1687,1488
4520.825502432413,4520.700502432413,4520.950502432413,1397,896,1147
4524.477462078829,4524.227462078829,4524.727462078829,1887,1336,1612
4528.387762584969,4528.137762584969,4528.637762584969,1181,1372,1277
4528.095562092105,4527.970562092105,4528.220562092105,995,2748,1872
4527.89370240722,4527.76870240722,4528.01870240722,1136,1047,1092
4528.449910675656,4528.199910675656,4528.699910675656,1161,1584,1373
4529.700732040218,4529.575732040218,4529.825732040218,2003,1974,1989
4532.172900795679,4531.922900795679,4532.422900795679,2084,1713,1899
4528.834376506469,4528.709376506469,4528.959376506469,761,1892,1327
4536.210796131069,4535.960796131069,4536.460796131069,1026,2609,1818
4531.560509392762,4531.185509392762,4531.935509392762,2394,1299,1847
4532.847043153997,4532.722043153997,4532.972043153997,2092,1497,1795
4535.275806005212,4535.150806005212,4535.400806005212,996,2925,1961
4532.69667758007,4532.57167758007,4532.82167758007,2070,749,1410
4532.056349061234,4531.806349061234,4532.306349061234,1053,1570,1312
4533.39869897206,4533.27369897206,4533.52369897206,1491,1356,1424
4530.322033082341,4530.197033082341,4530.447033082341,2250,1343,1797
4527.632942801912,4527.382942801912,4527.882942801912,1193,948,1071
4526.807861451043,4526.557861451043,4527.057861451043,1871,650,1261
4526.486435708035,4526.236435708035,4526.736435708035,1941,2036,1989
4521.989381135255,4521.864381135255,4522.114381135255,1505,1364,1435
4522.429950926787,4522.304950926787,4522.554950926787,641,1672,1157
4524.448501616555,4524.323501616555,4524.573501616555,746,1689,1218
4526.6704535187455,4526.5454535187455,4526.7954535187455,852,1137,995
4525.80429422343,4525.42929422343,4526.17929422343,1691,1310,1501
4534.039690274868,4533.914690274868,4534.164690274868,823,820,822
4534.880537827782,4534.755537827782,4535.005537827782,1132,909,1021
4536.762341010265,4536.637341010265,4536.887341010265,1284,2305,1795
4539.501796044266,4539.376796044266,4539.626796044266,883,2008,1446
4536.996924673916,4536.621924673916,4537.371924673916,971,640,806
4552.138281109124,4551.888281109124,4552.388281109124,1703,1326,1515
4546.771027289342,4546.646027289342,4546.896027289342,1794,1521,1658
4544.985582086906,4544.860582086906,4545.110582086906,656,1845,1251
4543.160917886773,4543.035917886773,4543.285917886773,1834,2025,1930
4541.952744803152,4541.577744803152,4542.327744803152,603,1388,996
4543.148265442565,4542.898265442565,4543.398265442565,1110,599,855
4538.25735951196,4538.13235951196,4538.38235951196,778,1309,1044
4543.417234302662,4543.167234302662,4543.667234302662,1318,1897,1608
4550.853123684183,4550.728123684183,4550.978123684183,1717,722,1220
4556.856746860599,4556.731746860599,4556.981746860599,1141,972,1057
4552.423746484824,4552.173746484824,4552.673746484824,2419,1124,1772
4552.463377966854,4552.338377966854,4552.588377966854,986,2027,1507
4553.731424639912,4553.606424639912,4553.856424639912,1788,1581,1685
4546.554038641206,4546.429038641206,4546.679038641206,1457,1878,1668
4547.593586001862,4547.343586001862,4547.843586001862,2599,1218,1909
4541.660637504416,4541.410637504416,4541.910637504416,943,1462,1203
4547.133116460136,4546.758116460136,4547.508116460136,1327,2290,1809
4549.214385944484,4549.089385944484,4549.339385944484,2088,1049,1569
4544.630992002825,4544.380992002825,4544.880992002825,2380,945,1663
4550.611692963469,4550.361692963469,4550.861692963469,1628,1799,1714
4554.581702385014,4554.331702385014,4554.831702385014,2515,1428,1972
4560.1527598880175,4559.9027598880175,4560.4027598880175,1686,977,1332
4561.023293587739,4560.898293587739,4561.148293587739,996,617,807
4560.162962059609,4559.912962059609,4560.412962059609,2228,1463,1846
4562.340561700105,4562.215561700105,4562.465561700105,1608,1205,1407
4562.814782977391,4562.564782977391,4563.064782977391,784,2105,1445
4563.563124182544,4563.313124182544,4563.813124182544,2291,812,1552
4562.014154433334,4561.764154433334,4562.264154433334,1731,890,1311
4561.982006571464,4561.732006571464,4562.232006571464,1055,850,953
4556.112283393776,4555.987283393776,4556.237283393776,1201,794,998
4551.760562578682,4551.635562578682,4551.885562578682,2244,1045,1645
4552.918765834328,4552.793765834328,4553.043765834328,963,1588,1276
4555.939944340783,4555.689944340783,4556.189944340783,648,1793,1221
4552.241329950398,4551.866329950398,4552.616329950398,628,1699,1164
4549.6024597570695,4549.3524597570695,4549.8524597570695,744,1077,911
4540.061387297619,4539.936387297619,4540.186387297619,1323,482,903
4537.121661422702,4536.871661422702,4537.371661422702,723,1126,925
4533.03576752581,4532.91076752581,4533.16076752581,722,1179,951
4539.878553598522,4539.628553598522,4540.128553598522,1165,706,936
4540.781560230653,4540.656560230653,4540.906560230653,1166,1013,1090
4544.933425466921,4544.808425466921,4545.058425466921,1225,1734,1480
4549.710351162534,4549.585351162534,4549.835351162534,734,1755,1245
4550.04028482752,4549.91528482752,4550.16528482752,699,994,847
4544.721531437693,4544.596531437693,4544.846531437693,1964,727,1346
4546.115561606344,4545.865561606344,4546.365561606344,1220,1341,1281
4545.836199545279,4545.586199545279,4546.086199545279,1505,580,1043
4552.893715011196,4552.768715011196,4553.018715011196,2238,1171,1705
4554.158322005637,4554.033322005637,4554.283322005637,2605,1378,1992
4557.322708189354,4557.197708189354,4557.447708189354,1338,2465,1902
4553.764366648477,4553.639366648477,4553.889366648477,2009,1156,1583
4549.183147473385,4548.808147473385,4549.558147473385,2725,1010,1868
4545.306154667792,4545.181154667792,4545.431154667792,1155,514,835
4540.225982092429,4539.850982092429,4540.600982092429,1545,2428,1987
4543.697239174488,4543.572239174488,4543.822239174488,1983,1234,1609
4542.544218769305,4542.419218769305,4542.669218769305,1398,681,1040
4546.039081745947,4545.789081745947,4546.289081745947,780,933,857
4545.74797477449,4545.49797477449,4545.99797477449,1587,824,1206
4544.9579994064225,4544.8329994064225,4545.0829994064225,921,1826,1374
4542.5117390515725,4542.2617390515725,4542.7617390515725,1836,977,1407
4545.959150366948,4545.709150366948,4546.209150366948,1218,1353,1286
4545.316622969167,4545.066622969167,4545.566622969167,1903,902,1403
4545.974650067927,4545.849650067927,4546.099650067927,2603,1278,1941
4542.361701566059,4542.111701566059,4542.611701566059,1219,770,995
4542.593076088597,4542.468076088597,4542.718076088597,862,1205,1034
4542.365307695211,4542.240307695211,4542.490307695211,711,1988,1350
4550.617041062744,4550.492041062744,4550.742041062744,1738,1715,1727
4552.161579237559,4552.036579237559,4552.286579237559,1264,1461,1363
4549.650452832264,4549.525452832264,4549.775452832264,2369,1116,1743
4552.307836305476,4552.182836305476,4552.432836305476,1007,2360,1684
4553.5726786764,4553.4476786764,4553.6976786764,1154,2119,1637
4554.366602540618,4553.991602540618,4554.741602540618,1005,2824,1915
4555.971229852541,4555.846229852541,4556.096229852541,1012,2763,1888
4560.56243439888,4560.43743439888,4560.68743439888,2189,1586,1888
4558.715326188395,4558.590326188395,4558.840326188395,939,1356,1148
4555.90490079088,4555.65490079088,4556.15490079088,2476,1419,1948
4561.722402519217,4561.472402519217,4561.972402519217,1099,1298,1199
4564.597310353562,4564.472310353562,4564.722310353562,790,1789,1290
4570.702480688716,4570.577480688716,4570.827480688716,921,1482,1202
4573.732394794055,4573.607394794055,4573.857394794055,1034,1675,1355
4570.139043815511,4570.014043815511,4570.264043815511,1663,1290,1477
4572.155183900304,4572.030183900304,4572.280183900304,1047,1222,1135
4569.011098729256,4568.886098729256,4569.136098729256,689,1306,998
4571.410777974454,4571.160777974454,4571.660777974454,2225,968,1597
4573.331862277473,4573.081862277473,4573.581862277473,1335,680,1008
4573.681140789747,4573.556140789747,4573.806140789747,1537,940,1239
4568.9847297791775,4568.6097297791775,4569.3597297791775,1913,1690,1802
4566.925075820623,4566.800075820623,4567.050075820623,789,1764,1277
4565.120320106287,4564.870320106287,4565.370320106287,940,1191,1066
4566.6433778646115,4566.3933778646115,4566.8933778646115,910,1939,1425
4567.309860033008,4566.934860033008,4567.684860033008,1498,1299,1399
4571.601240168446,4571.476240168446,4571.726240168446,1029,2962,1996
4570.905763755448,4570.780763755448,4571.030763755448,1556,1059,1308
4564.93214866668,4564.80714866668,4565.05714866668,1004,639,822
4562.766654538812,4562.641654538812,4562.891654538812,1242,2385,1814
4563.536392099471,4563.161392099471,4563.911392099471,900,2531,1716
4563.300166446299,4563.050166446299,4563.550166446299,717,1280,999
4563.085271618207,4562.835271618207,4563.335271618207,806,1147,977
4560.7553975303435,4560.6303975303435,4560.8803975303435,1529,2422,1976
4555.74366239002,4555.49366239002,4555.99366239002,1483,546,1015
4554.575314623441,4554.325314623441,4554.825314623441,1460,2451,1956
4553.071840767856,4552.946840767856,4553.196840767856,1500,539,1020
4544.988467081531,4544.738467081531,4545.238467081531,1491,622,1057
4539.450398571707,4539.325398571707,4539.575398571707,2702,1055,1879
4539.850666952266,4539.725666952266,4539.975666952266,1557,874,1216
4539.573213036691,4539.323213036691,4539.823213036691,2566,999,1783
4537.197165090519,4537.072165090519,4537.322165090519,2277,1266,1772
4537.481357482766,4537.356357482766,4537.606357482766,764,2047,1406
4532.606033715516,4532.481033715516,4532.731033715516,1143,946,1045
4529.857228777054,4529.607228777054,4530.107228777054,1239,2546,1893
4537.499415955338,4537.249415955338,4537.749415955338,2151,1072,1612
4542.359786277493,4542.109786277493,4542.609786277493,1037,1078,1058
4546.258718806384,4546.133718806384,4546.383718806384,1817,1292,1555
4550.037568352882,4549.787568352882,4550.287568352882,1266,2373,1820
4549.6661409517055,4549.5411409517055,4549.7911409517055,2661,1120,1891
4543.854870538256,4543.604870538256,4544.104870538256,1260,2121,1691
4545.515642960953,4545.390642960953,4545.640642960953,1063,1050,1057
4544.193540908029,4544.068540908029,4544.318540908029,957,1698,1328
4544.7581609564595,4544.5081609564595,4545.0081609564595,1034,2283,1659
4542.54802081409,4542.29802081409,4542.79802081409,1460,1817,1639
4536.40822931691,4536.28322931691,4536.53322931691,472,1385,929
4541.6790436771835,4541.5540436771835,4541.8040436771835,1534,2003,1769
4540.291096550884,4540.166096550884,4540.416096550884,1820,1657,1739
4538.896132874563,4538.771132874563,4539.021132874563,637,1088,863
4538.568532550119,4538.443532550119,4538.693532550119,2268,1023,1646
4533.057462630162,4532.807462630162,4533.307462630162,1173,1408,1291
4536.269340171644,4536.019340171644,4536.519340171644,1044,1147,1096
4536.125789002228,4536.000789002228,4536.250789002228,1006,983,995
4530.491976885632,4530.116976885632,4530.866976885632,1165,1756,1461
4531.592527168663,4531.467527168663,4531.717527168663,1468,2149,1809
4536.3471786156215,4536.0971786156215,4536.5971786156215,2370,1433,1902
4542.695987619794,4542.445987619794,4542.945987619794,757,2190,1474
4541.00521271173,4540.88021271173,4541.13021271173,2616,1051,1834
4539.506865841545,4539.131865841545,4539.881865841545,2067,1324,1696
4542.355479170373,4542.230479170373,4542.480479170373,653,1426,1040
4543.6525636686765,4543.4025636686765,4543.9025636686765,2339,1052,1696
4544.047277220889,4543.922277220889,4544.172277220889,2223,1460,1842
4541.1463785071255,4541.0213785071255,4541.2713785071255,1888,1543,1716
4541.301733822938,4540.926733822938,4541.676733822938,652,1039,846
4537.570514150247,4537.195514150247,4537.945514150247,1132,1619,1376
4540.445346885424,4540.320346885424,4540.570346885424,1268,681,975
4538.374134398642,4538.249134398642,4538.499134398642,2158,1577,1868
4544.818797070981,4544.693797070981,4544.943797070981,1742,1731,1737
4540.599709096782,4540.349709096782,4540.849709096782,2022,1117,1570
4543.463706800464,4543.338706800464,4543.588706800464,2366,987,1677
4535.442336582721,4535.192336582721,4535.692336582721,1021,1954,1488
4536.1788437050445,4535.9288437050445,4536.4288437050445,2057,1806,1932
4532.921873993043,4532.796873993043,4533.046873993043,1375,810,1093
4535.691969428289,4535.566969428289,4535.816969428289,913,1598,1256
4534.376464283075,4534.251464283075,4534.501464283075,1863,1156,1510
4545.363667086441,4545.238667086441,4545.488667086441,1015,1232,1124
4546.74760472034,4546.62260472034,4546.87260472034,855,1844,1350
4542.378537095139,4542.128537095139,4542.628537095139,1393,1360,1377
4544.014622031966,4543.889622031966,4544.139622031966,1927,1348,1638
4533.377928519925,4533.252928519925,4533.502928519925,1294,2481,1888
4526.056916861423,4525.806916861423,4526.306916861423,2021,806,1414
4523.952324608071,4523.827324608071,4524.077324608071,1004,2113,1559
4529.803627649705,4529.678627649705,4529.928627649705,1615,2120,1868
4531.336473481109,4531.211473481109,4531.461473481109,1853,2086,1970
4531.204518138129,4530.954518138129,4531.454518138129,680,1071,876
4536.351968992283,4536.226968992283,4536.476968992283,2212,767,1490
4545.478385633443,4545.353385633443,4545.603385633443,1259,842,1051
4547.829159353428,4547.704159353428,4547.954159353428,1723,1752,1738
4549.955558415092,4549.830558415092,4550.080558415092,1760,1675,1718
4562.181044073202,4562.056044073202,4562.306044073202,1649,646,1148
4563.546193945774,4563.421193945774,4563.671193945774,1410,651,1031
4559.041418205204,4558.791418205204,4559.291418205204,1374,2495,1935
4555.690892158648,4555.565892158648,4555.815892158648,873,1474,1174
4555.977766721684,4555.727766721684,4556.227766721684,1450,1339,1395
4551.345069286311,4551.220069286311,4551.470069286311,1827,1038,1433
4547.674863230197,4547.549863230197,4547.799863230197,983,1068,1026
4553.416542221081,4553.166542221081,4553.666542221081,859,1486,1173
4552.362079873964,4552.237079873964,4552.487079873964,1177,428,803
4551.8136798325595,4551.6886798325595,4551.9386798325595,2066,1353,1710
4544.928323033704,4544.803323033704,4545.053323033704,1697,1514,1606
4554.971441912947,4554.721441912947,4555.221441912947,1291,1862,1577
4551.789226873568,4551.664226873568,4551.914226873568,843,1934,1389
4557.3008510296595,4557.0508510296595,4557.5508510296595,951,1106,1029
4562.389661638069,4562.139661638069,4562.639661638069,595,1532,1064
4562.611980968338,4562.486980968338,4562.736980968338,2709,944,1827
4553.9614353609095,4553.8364353609095,4554.0864353609095,2210,1513,1862
4557.765432130378,4557.640432130378,4557.890432130378,2736,1099,1918
4559.123230909151,4558.998230909151,4559.248230909151,1019,1936,1478
4561.775715010529,4561.650715010529,4561.900715010529,1762,961,1362
4553.03367223824,4552.78367223824,4553.28367223824,1377,1934,1656
4559.544881174814,4559.294881174814,4559.794881174814,1486,2213,1850
4563.299323832684,4563.049323832684,4563.549323832684,934,1875,1405
4553.076729289127,4552.826729289127,4553.326729289127,1624,543,1084
4546.189186983657,4546.064186983657,4546.314186983657,729,1652,1191
4546.006677942188,4545.881677942188,4546.131677942188,1389,1824,1607
4548.618769478346,4548.368769478346,4548.868769478346,1509,1594,1552
4548.945385185873,4548.820385185873,4549.070385185873,1559,1040,1300
4544.4194541689085,4544.0444541689085,4544.7944541689085,1434,1289,1362
4546.434086890988,4546.309086890988,4546.559086890988,611,1408,1010
4540.532470491863,4540.407470491863,4540.657470491863,2391,802,1597
4534.798418096372,4534.673418096372,4534.923418096372,946,851,899
4533.117803800944,4532.992803800944,4533.242803800944,926,2441,1684
4527.669408997408,4527.544408997408,4527.794408997408,1401,1554,1478
4528.3478969203015,4528.0978969203015,4528.5978969203015,979,2666,1823
4528.6900694436645,4528.5650694436645,4528.8150694436645,1694,993,1344
4527.312401387285,4527.187401387285,4527.437401387285,1790,1109,1450
4531.9306456681825,4531.6806456681825,4532.1806456681825,1151,960,1056
4533.918252968889,4533.793252968889,4534.043252968889,1029,832,931
4541.770684770766,4541.645684770766,4541.895684770766,1699,740,1220
4542.769373354666,4542.519373354666,4543.019373354666,491,1220,856
4540.076418274761,4539.701418274761,4540.451418274761,2605,926,1766
4548.612926124019,4548.237926124019,4548.987926124019,890,1055,973
4554.063699934243,4553.938699934243,4554.188699934243,2365,1576,1971
4548.701168479905,4548.451168479905,4548.951168479905,1359,656,1008
4549.571950358356,4549.446950358356,4549.696950358356,866,1999,1433
4544.162294920881,4543.912294920881,4544.412294920881,1034,1825,1430
4540.9914833150015,4540.8664833150015,4541.1164833150015,515,1410,963
4537.377797419529,4537.252797419529,4537.502797419529,1213,1130,1172
4543.632231436218,4543.382231436218,4543.882231436218,1022,853,938
4546.0670379850935,4545.8170379850935,4546.3170379850935,1427,1694,1561
4542.612450968184,4542.487450968184,4542.737450968184,2688,1291,1990
4541.3190574930395,4541.1940574930395,4541.4440574930395,1900,1077,1489
4544.602572907513,4544.477572907513,4544.727572907513,2388,953,1671
4545.212492971328,4544.837492971328,4545.587492971328,1426,861,1144
4546.67415997424,4546.42415997424,4546.92415997424,1546,829,1188
4548.674707147975,4548.549707147975,4548.799707147975,2725,1196,1961
4543.5609555000165,4543.4359555000165,4543.6859555000165,1948,1019,1484
4543.786226661384,4543.661226661384,4543.911226661384,1660,1141,1401
4541.748593348155,4541.623593348155,4541.873593348155,2081,1886,1984
4548.6393235207815,4548.5143235207815,4548.7643235207815,2483,888,1686
4551.6053666814405,4551.4803666814405,4551.7303666814405,1776,725,1251
4546.950295131145,4546.575295131145,4547.325295131145,597,1532,1065
4540.849631354106,4540.724631354106,4540.974631354106,1033,2662,1848
4533.971927962313,4533.846927962313,4534.096927962313,1191,962,1077
4526.903674074461,4526.653674074461,4527.153674074461,1621,1146,1384
4536.322480848542,4536.072480848542,4536.572480848542,721,1510,1116
4536.474031048232,4536.349031048232,4536.599031048232,2109,1098,1604
4545.421194182203,4545.296194182203,4545.546194182203,1658,1089,1374
4547.297067696778,4547.047067696778,4547.547067696778,729,1862,1296
4550.709582437755,4550.334582437755,4551.084582437755,953,1266,1110
4550.2756010931125,4550.1506010931125,4550.4006010931125,824,1157,991
4544.331995914377,4544.081995914377,4544.581995914377,1028,1251,1140
4544.142146118558,4543.892146118558,4544.392146118558,1726,713,1220
4550.3317680707405,4550.2067680707405,4550.4567680707405,631,1714,1173
4537.259498784097,4537.009498784097,4537.509498784097,1265,616,941
4538.824104345291,4538.574104345291,4539.074104345291,1611,2094,1853
4536.692903424814,4536.317903424814,4537.067903424814,1498,823,1161
4531.453839594066,4531.203839594066,4531.703839594066,1574,1129,1352
4533.719888149454,4533.594888149454,4533.844888149454,1090,889,990
4540.86041641824,4540.73541641824,4540.98541641824,646,1421,1034
4541.777480588484,4541.527480588484,4542.027480588484,675,1504,1090
4543.667625647669,4543.417625647669,4543.917625647669,825,796,811
4542.284424774975,4542.159424774975,4542.409424774975,1672,1367,1520
4542.884473686584,4542.634473686584,4543.134473686584,2409,1244,1827
4535.851070926023,4535.476070926023,4536.226070926023,1484,523,1004
4539.359244601907,4539.234244601907,4539.484244601907,1272,1847,1560
4535.502846455015,4535.252846455015,4535.752846455015,1352,985,1169
4534.288468378155,4534.163468378155,4534.413468378155,1394,2483,1939
4525.732380637554,4525.607380637554,4525.857380637554,1172,2539,1856
4525.322434044878,4525.197434044878,4525.447434044878,612,1623,1118
4524.046310138827,4523.921310138827,4524.171310138827,1833,1718,1776
4525.081092492695,4524.831092492695,4525.331092492695,1238,627,933
4523.3131913869875,4523.1881913869875,4523.4381913869875,1361,1098,1230
4525.377620179339,4525.252620179339,4525.502620179339,1385,2568,1977
4524.7593627756305,4524.6343627756305,4524.8843627756305,942,2049,1496
4521.7383533454695,4521.6133533454695,4521.8633533454695,1253,2442,1848
4516.957558963251,4516.707558963251,4517.207558963251,1319,2102,1711
4510.129901130929,4510.004901130929,4510.254901130929,1929,1726,1828
4507.049160355449,4506.924160355449,4507.174160355449,866,2353,1610
4508.75776163236,4508.50776163236,4509.00776163236,1916,1331,1624
4512.698952425389,4512.573952425389,4512.823952425389,1657,1028,1343
4512.422279064067,4512.297279064067,4512.547279064067,1375,1124,1250
4516.365300328377,4516.115300328377,4516.615300328377,768,1629,1199
4512.272580439633,4512.147580439633,4512.397580439633,1879,946,1413
4502.229148312065,4502.104148312065,4502.354148312065,854,1715,1285
4504.813475118952,4504.688475118952,4504.938475118952,1244,883,1064
4501.663129770201,4501.538129770201,4501.788129770201,2214,881,1548
4507.766696159451,4507.516696159451,4508.016696159451,760,843,802
4515.716530806076,4515.591530806076,4515.841530806076,2324,1431,1878
4521.335709949524,4521.210709949524,4521.460709949524,1718,2199,1959
4522.680445751555,4522.555445751555,4522.805445751555,1607,1598,1603
4521.461464414674,4521.336464414674,4521.586464414674,1184,1561,1373
4528.499029925325,4528.374029925325,4528.624029925325,1469,2088,1779
4534.915982433924,4534.665982433924,4535.165982433924,1201,1286,1244
4538.180692891393,4538.055692891393,4538.305692891393,1827,2004,1916
4542.799569479102,4542.674569479102,4542.924569479102,1544,1545,1545
4549.0350876669645,4548.9100876669645,4549.1600876669645,1863,1006,1435
4553.2097913905445,4552.9597913905445,4553.4597913905445,876,1241,1059
4557.165866524691,4556.790866524691,4557.540866524691,2468,1301,1885
4551.327745155674,4551.202745155674,4551.452745155674,1603,1780,1692
4540.913441259182,4540.538441259182,4541.288441259182,2324,863,1594
4537.652527402881,4537.402527402881,4537.902527402881,576,1629,1103
4537.089982806434,4536.964982806434,4537.214982806434,1923,1490,1707
4530.973970469628,4530.848970469628,4531.098970469628,1009,1628,1319
4529.350575205602,4529.225575205602,4529.475575205602,1141,2760,1951
4525.390623242535,4525.265623242535,4525.515623242535,636,1287,962
4519.7466399005625,4519.6216399005625,4519.8716399005625,1867,1082,1475
4515.806440657647,4515.681440657647,4515.931440657647,1007,1846,1427
4511.037253406581,4510.912253406581,4511.162253406581,1764,849,1307
4518.060328947931,4517.935328947931,4518.185328947931,921,1276,1099
4513.390628673377,4513.265628673377,4513.515628673377,818,1189,1004
4513.377875675119,4513.252875675119,4513.502875675119,1561,1766,1664
4515.0911240806045,4514.8411240806045,4515.3411240806045,628,1075,852
4517.416744169328,4517.291744169328,4517.541744169328,481,1394,938
4509.108677867252,4508.983677867252,4509.233677867252,1632,813,1223
4512.092012375196,4511.842012375196,4512.342012375196,1265,626,946
4500.43891039491,4500.18891039491,4500.68891039491,2242,861,1552
4502.067607868781,4501.817607868781,4502.317607868781,1413,980,1197
4497.615927963529,4497.365927963529,4497.865927963529,1359,2132,1746
4495.844178019919,4495.719178019919,4495.969178019919,1720,933,1327
4497.736574771489,4497.361574771489,4498.111574771489,952,1341,1147
4496.257531834673,4495.882531834673,4496.632531834673,1121,1170,1146
4496.050344309014,4495.800344309014,4496.300344309014,524,1253,889
4490.658451365194,4490.533451365194,4490.783451365194,1260,2139,1700
4493.699403658378,4493.449403658378,4493.949403658378,1211,2342,1777
4496.121017261202,4495.996017261202,4496.246017261202,1069,1070,1070
4498.442414091426,4498.192414091426,4498.692414091426,1653,1610,1632
4494.497674534025,4494.247674534025,4494.747674534025,675,1598,1137
4488.375483705386,4488.125483705386,4488.625483705386,2661,1134,1898
4487.909506149091,4487.534506149091,4488.284506149091,1895,852,1374
4487.707140300378,4487.582140300378,4487.832140300378,716,2061,1389
4490.159615481458,4490.034615481458,4490.284615481458,1379,1580,1480
4487.248274592281,4487.123274592281,4487.373274592281,2390,1387,1889
4484.898062337286,4484.773062337286,4485.023062337286,883,914,899
4486.483558319423,4486.233558319423,4486.733558319423,1480,1875,1678
4491.348772425019,4491.223772425019,4491.473772425019,668,1469,1069
4490.562066778392,4490.437066778392,4490.687066778392,617,1184,901
4482.989329743308,4482.739329743308,4483.239329743308,1431,2204,1818
4490.269827591739,4489.894827591739,4490.644827591739,1476,2283,1880
4475.994815848557,4475.869815848557,4476.119815848557,2203,780,1492
4476.528680272047,4476.403680272047,4476.653680272047,659,1508,1084
4477.375134355312,4477.250134355312,4477.500134355312,1077,1832,1455
4475.65613617307,4475.53113617307,4475.78113617307,1475,576,1026
4474.372439045395,4474.122439045395,4474.622439045395,1804,951,1378
4468.567574853738,4468.442574853738,4468.692574853738,639,1816,1228
4468.014485132079,4467.764485132079,4468.264485132079,1502,1153,1328
4468.607286098972,4468.357286098972,4468.857286098972,1230,2687,1959
4467.708734604571,4467.583734604571,4467.833734604571,647,1556,1102
4459.391941850209,4459.266941850209,4459.516941850209,1647,710,1179
4458.749448494436,4458.624448494436,4458.874448494436,685,1868,1277
4460.534213106785,4460.409213106785,4460.659213106785,1678,679,1179
4457.85490654937,4457.72990654937,4457.97990654937,1932,1539,1736
4454.031756969831,4453.656756969831,4454.406756969831,1164,683,924
4444.477106764052,4444.352106764052,4444.602106764052,1358,1365,1362
4437.46615328642,4437.09115328642,4437.84115328642,1364,1959,1662
4439.9381961156,4439.8131961156,4440.0631961156,850,2063,1457
4442.403281595973,4442.278281595973,4442.528281595973,1116,1679,1398
4444.057424295634,4443.932424295634,4444.182424295634,1675,948,1312
4450.513090376634,4450.138090376634,4450.888090376634,798,2273,1536
4447.648511685569,4447.523511685569,4447.773511685569,1111,720,916
4449.735770115894,4449.610770115894,4449.860770115894,2738,1041,1890
4450.912651084113,4450.787651084113,4451.037651084113,1453,2024,1739
4451.210486208284,4451.085486208284,4451.335486208284,1250,1735,1493
4449.440684029075,4449.190684029075,4449.690684029075,1241,1132,1187
4449.120974946921,4448.995974946921,4449.245974946921,800,1783,1292
4444.734133303643,4444.609133303643,4444.859133303643,2153,1262,1708
4433.996480379028,4433.871480379028,4434.121480379028,791,1988,1390
4439.198512777531,4438.948512777531,4439.448512777531,2137,856,1497
4444.815909402987,4444.690909402987,4444.940909402987,1431,918,1175
4443.958151321387,4443.708151321387,4444.208151321387,928,957,943
4445.693441362087,4445.443441362087,4445.943441362087,2155,724,1440
4450.286846381667,4450.161846381667,4450.411846381667,820,2069,1445
4445.411778904395,4445.286778904395,4445.536778904395,1374,465,920
4448.834794305534,4448.584794305534,4449.084794305534,1976,1897,1937
4449.336348202194,4449.211348202194,4449.461348202194,1371,960,1166
4440.458390691594,4440.333390691594,4440.583390691594,2060,999,1530
4446.845914657545,4446.720914657545,4446.970914657545,1792,1779,1786
4443.191144457608,4443.066144457608,4443.316144457608,604,1733,1169
4450.790688373092,4450.665688373092,4450.915688373092,2052,703,1378
4447.996518130469,4447.871518130469,4448.121518130469,956,1111,1034
4451.292370532735,4450.917370532735,4451.667370532735,1313,2536,1925
4452.693269274392,4452.568269274392,4452.818269274392,2062,865,1464
4451.545851943823,4451.170851943823,4451.920851943823,937,992,965
4447.193764727985,4446.943764727985,4447.443764727985,2586,1263,1925
4447.996961367637,4447.621961367637,4448.371961367637,1760,2187,1974
4446.989191106659,4446.864191106659,4447.114191106659,1888,945,1417
4440.733250617676,4440.608250617676,4440.858250617676,1878,1931,1905
4433.89943408417,4433.77443408417,4434.02443408417,1239,2142,1691
4428.131691690457,4428.006691690457,4428.256691690457,1735,1284,1510
4425.261739083989,4425.136739083989,4425.386739083989,2009,1290,1650
4418.247634550059,4418.122634550059,4418.372634550059,1243,1820,1532
4425.865818754308,4425.615818754308,4426.115818754308,1604,1155,1380
4428.92636484069,4428.80136484069,4429.05136484069,1690,1009,1350
4426.990180417684,4426.865180417684,4427.115180417684,2573,1278,1926
4419.956317278549,4419.831317278549,4420.081317278549,1813,770,1292
4415.041873852005,4414.791873852005,4415.291873852005,1898,1609,1754
4426.4855867840215,4426.2355867840215,4426.7355867840215,1602,1905,1754
4425.949367317727,4425.574367317727,4426.324367317727,983,972,978
4430.893911703451,4430.518911703451,4431.268911703451,1725,1932,1829
4426.544562811073,4426.419562811073,4426.669562811073,1410,1507,1459
4423.978155264207,4423.728155264207,4424.228155264207,1310,2565,1938
4424.65810213401,4424.40810213401,4424.90810213401,1762,1527,1645
4428.8057076170035,4428.6807076170035,4428.9307076170035,1527,2368,1948
4424.437533732511,4424.312533732511,4424.562533732511,1665,564,1115
4431.095277305668,4430.970277305668,4431.220277305668,576,1691,1134
4428.275195823381,4428.025195823381,4428.525195823381,1546,1435,1491
4438.249818057087,4438.124818057087,4438.374818057087,1544,1553,1549
4434.427963052898,4434.302963052898,4434.552963052898,1032,2185,1609
4433.7483696277095,4433.6233696277095,4433.8733696277095,1034,1247,1141
4430.913727987038,4430.663727987038,4431.163727987038,2235,1532,1884
4432.337914571815,4432.212914571815,4432.462914571815,1090,2761,1926
4430.945638994492,4430.820638994492,4431.070638994492,1151,878,1015
4435.4157644402385,4435.2907644402385,4435.5407644402385,768,1075,922
4430.151767065099,4430.026767065099,4430.276767065099,891,2116,1504
4427.922784237049,4427.672784237049,4428.172784237049,1506,1203,1355
4427.334743023317,4427.209743023317,4427.459743023317,1062,2879,1971
4425.36203815272,4425.11203815272,4425.61203815272,1259,1946,1603
4418.841908183134,4418.716908183134,4418.966908183134,1331,1580,1456
4417.539440862197,4417.414440862197,4417.664440862197,2037,1326,1682
4418.334872761756,4418.209872761756,4418.459872761756,1802,715,1259
4418.211512928273,4417.961512928273,4418.461512928273,1274,779,1027
4415.621622153737,4415.246622153737,4415.996622153737,1525,1800,1663
4418.723188342105,4418.598188342105,4418.848188342105,1276,1247,1262
4408.441419979798,4408.316419979798,4408.566419979798,695,2030,1363
4406.736620985149,4406.611620985149,4406.861620985149,1125,2230,1678
4406.172502777088,4406.047502777088,4406.297502777088,1259,1144,1202
4411.574271023489,4411.449271023489,4411.699271023489,1570,1673,1622
4403.019494087223,4402.894494087223,4403.144494087223,582,1037,810
4407.587900624062,4407.462900624062,4407.712900624062,2299,1212,1756
4407.594346842288,4407.469346842288,4407.719346842288,729,1732,1231
4413.499762725543,4413.249762725543,4413.749762725543,1513,584,1049
4413.153725187995,4413.028725187995,4413.278725187995,1385,1170,1278
4414.60826194461,4414.48326194461,4414.73326194461,2400,1387,1894
4412.073475817862,4411.823475817862,4412.323475817862,1670,577,1124
4411.289146944621,4411.164146944621,4411.414146944621,1183,510,847
4416.694994335269,4416.444994335269,4416.944994335269,1629,1462,1546
4414.673087639242,4414.423087639242,4414.923087639242,1068,1467,1268
4420.428942895092,4420.053942895092,4420.803942895092,1420,619,1020
4413.430472374704,4413.180472374704,4413.680472374704,1827,1702,1765
4412.250583302913,4412.125583302913,4412.375583302913,1357,1118,1238
4414.376954376348,4414.251954376348,4414.501954376348,1961,2022,1992
4412.461552732392,4412.336552732392,4412.586552732392,2647,1162,1905
4407.3635030438545,4407.2385030438545,4407.4885030438545,1206,901,1054
4409.605111955185,4409.480111955185,4409.730111955185,1363,614,989
4407.997921936066,4407.872921936066,4408.122921936066,652,1271,962
4407.688795967927,4407.438795967927,4407.938795967927,902,1471,1187
4403.592264440238,4403.342264440238,4403.842264440238,1226,999,1113
4406.531986689274,4406.406986689274,4406.656986689274,2922,987,1955
4410.669797503319,4410.294797503319,4411.044797503319,2379,1248,1814
4408.6380842574845,4408.3880842574845,4408.8880842574845,830,1341,1086
4402.290616508356,4402.165616508356,4402.415616508356,1949,820,1385
4403.693925498082,4403.318925498082,4404.068925498082,721,1230,976
4398.728018755183,4398.478018755183,4398.978018755183,1473,2230,1852
4404.72588838856,4404.60088838856,4404.85088838856,445,1228,837
4408.526446040931,4408.151446040931,4408.901446040931,1323,2540,1932
4413.9270923088825,4413.8020923088825,4414.0520923088825,951,938,945
4413.056483288617,4412.931483288617,4413.181483288617,550,1211,881
4405.001051226572,4404.876051226572,4405.126051226572,2443,1112,1778
4406.130548334802,4405.880548334802,4406.380548334802,782,1155,969
4395.270752561792,4395.145752561792,4395.395752561792,476,1195,836
4392.09647193511,4391.97147193511,4392.22147193511,2176,897,1537
4390.03746807035,4389.78746807035,4390.28746807035,2074,769,1422
4391.3080728010855,4391.1830728010855,4391.4330728010855,1243,2674,1959
4389.625965080962,4389.250965080962,4390.000965080962,1872,1369,1621
4395.511432031615,4395.136432031615,4395.886432031615,1955,1866,1911
4392.285381435499,4392.160381435499,4392.410381435499,1137,1062,1100
4392.072362819488,4391.947362819488,4392.197362819488,1169,1060,1115
4397.630337626433,4397.380337626433,4397.880337626433,1346,473,910
4396.132184488542,4395.882184488542,4396.382184488542,935,708,822
4395.449466758468,4395.199466758468,4395.699466758468,1633,1876,1755
4389.65499726749,4389.52999726749,4389.77999726749,2802,1087,1945
4393.163286105667,4392.913286105667,4393.413286105667,2014,733,1374
4390.8675221150625,4390.6175221150625,4391.1175221150625,1530,2013,1772
4394.009399306276,4393.759399306276,4394.259399306276,1716,1989,1853
4392.54670319991,4392.29670319991,4392.79670319991,524,1121,823
4389.497397294684,4389.372397294684,4389.622397294684,1402,1579,1491
4388.025847685955,4387.900847685955,4388.150847685955,1437,1824,1631
4391.676448343701,4391.551448343701,4391.801448343701,1479,1882,1681
4389.915474684663,4389.790474684663,4390.040474684663,1212,1329,1271
4384.929184218208,4384.679184218208,4385.179184218208,2514,1099,1807
4380.8674087680265,4380.7424087680265,4380.9924087680265,1676,1291,1484
4380.520374245372,4380.395374245372,4380.645374245372,1034,1537,1286
4391.832502512499,4391.707502512499,4391.957502512499,2336,1591,1964
4395.896232620911,4395.771232620911,4396.021232620911,1096,2615,1856
4395.966633182953,4395.716633182953,4396.216633182953,2152,1621,1887
4388.467077468728,4388.217077468728,4388.717077468728,1155,1390,1273
4384.059126167784,4383.934126167784,4384.184126167784,1323,1068,1196
4384.292679343302,4384.167679343302,4384.417679343302,993,1002,998
4390.191597104527,4389.941597104527,4390.441597104527,2314,1031,1673
4385.875827347363,4385.750827347363,4386.000827347363,1503,1892,1698
4391.3571811090615,4391.2321811090615,4391.4821811090615,2076,839,1458
4389.850190946766,4389.475190946766,4390.225190946766,935,2370,1653
4385.405459397387,4385.280459397387,4385.530459397387,1858,673,1266
4384.582970234056,4384.207970234056,4384.957970234056,1471,1264,1368
4393.267044057753,4393.017044057753,4393.517044057753,1463,928,1196
4391.694107721897,4391.569107721897,4391.819107721897,2345,974,1660
4385.173195112122,4384.923195112122,4385.423195112122,1596,999,1298
4379.188296173786,4378.938296173786,4379.438296173786,1211,682,947
4381.200261082586,4381.075261082586,4381.325261082586,912,2083,1498
4377.627664623682,4377.502664623682,4377.752664623682,2354,1625,1990
4383.333145011565,4383.208145011565,4383.458145011565,1602,767,1185
4390.624474078208,4390.374474078208,4390.874474078208,940,1241,1091
4388.328775627164,4388.078775627164,4388.578775627164,1870,825,1348
4393.403551297739,4393.278551297739,4393.528551297739,1931,786,1359
4392.815355116267,4392.565355116267,4393.065355116267,1011,1610,1311
4392.538204836354,4392.413204836354,4392.663204836354,1113,802,958
4378.938384689019,4378.813384689019,4379.063384689019,1068,791,930
4370.343143327381,4370.218143327381,4370.468143327381,1252,625,939
4374.355404275921,4374.105404275921,4374.605404275921,2628,1033,1831
4376.70987812183,4376.45987812183,4376.95987812183,1512,2089,1801
4377.266946561544,4377.141946561544,4377.391946561544,1288,2221,1755
4377.173754612978,4376.923754612978,4377.423754612978,1097,1988,1543
4365.959299818459,4365.834299818459,4366.084299818459,478,1227,853
4367.837801233917,4367.712801233917,4367.962801233917,1106,773,940
4365.26624166949,4365.14124166949,4365.39124166949,2376,1189,1783
4364.9188304781865,4364.7938304781865,4365.0438304781865,1680,885,1283
4364.965066881005,4364.840066881005,4365.090066881005,1904,1419,1662
4370.652921357679,4370.402921357679,4370.902921357679,821,1522,1172
4367.442153374423,4367.192153374423,4367.692153374423,1141,2708,1925
4368.548094813634,4368.298094813634,4368.798094813634,2475,1290,1883
4375.927216953138,4375.802216953138,4376.052216953138,1790,2095,1943
4376.424408369421,4376.174408369421,4376.674408369421,1892,945,1419
4374.414363173223,4374.289363173223,4374.539363173223,1504,1949,1727
4369.554781886347,4369.429781886347,4369.679781886347,955,1484,1220
4374.630653305535,4374.255653305535,4375.005653305535,959,2194,1577
4372.588221838642,4372.463221838642,4372.713221838642,1708,633,1171
4371.866055598564,4371.741055598564,4371.991055598564,884,1653,1269
4369.913146878354,4369.788146878354,4370.038146878354,881,1586,1234
4373.6413624410425,4373.5163624410425,4373.7663624410425,1557,610,1084
4377.188796912571,4377.063796912571,4377.313796912571,1868,1535,1702
4375.285834623194,4375.035834623194,4375.535834623194,1634,1097,1366
4370.681137539452,4370.431137539452,4370.931137539452,2500,861,1681
4373.0536920554605,4372.8036920554605,4373.3036920554605,1450,697,1074
4375.396842265436,4375.271842265436,4375.521842265436,893,1506,1200
4374.1766087317055,4374.0516087317055,4374.3016087317055,1110,1089,1100
4374.052357792525,4373.927357792525,4374.177357792525,1168,1465,1317
4370.63064887675,4370.50564887675,4370.75564887675,2281,1228,1755
4373.155731747195,4372.905731747195,4373.405731747195,1541,1166,1354
4372.407643579553,4372.282643579553,4372.532643579553,1619,1118,1369
4366.183533817953,4366.058533817953,4366.308533817953,1112,603,858
4372.001106089414,4371.876106089414,4372.126106089414,691,2070,1381
4367.866054087918,4367.491054087918,4368.241054087918,2651,904,1778
4370.947662975053,4370.822662975053,4371.072662975053,952,983,968
4373.194056648851,4373.069056648851,4373.319056648851,891,1044,968
4368.4195209034,4368.1695209034,4368.6695209034,1126,1551,1339
4373.043586795838,4372.918586795838,4373.168586795838,541,1592,1067
4378.791752462862,4378.541752462862,4379.041752462862,720,1627,1174
4378.464695576328,4378.214695576328,4378.714695576328,1100,1405,1253
4383.341008079386,4383.216008079386,4383.466008079386,1434,771,1103
4383.358049591732,4382.983049591732,4383.733049591732,606,1707,1157
4382.592042625103,4382.467042625103,4382.717042625103,909,2092,1501
4370.497657858394,4370.372657858394,4370.622657858394,1316,1167,1242
4381.190779495844,4381.065779495844,4381.315779495844,2830,1121,1976
4384.480926622796,4384.355926622796,4384.605926622796,617,1246,932
4386.077230846861,4385.702230846861,4386.452230846861,1477,1954,1716
4388.201707418396,4388.076707418396,4388.326707418396,2514,1455,1985
4388.102504688089,4387.852504688089,4388.352504688089,746,1409,1078
4390.278725318616,4390.028725318616,4390.528725318616,605,996,801
4391.09311545356,4390.71811545356,4391.46811545356,990,767,879
4395.903184253752,4395.778184253752,4396.028184253752,1224,1681,1453
4397.361458669944,4397.236458669944,4397.486458669944,1649,1878,1764
4392.590124820086,4392.340124820086,4392.840124820086,1506,609,1058
4397.968072090609,4397.718072090609,4398.218072090609,920,729,825
4395.486331416921,4395.361331416921,4395.611331416921,1296,1109,1203
4398.148700085773,4397.898700085773,4398.398700085773,446,1277,862
4393.886833670314,4393.761833670314,4394.011833670314,2457,996,1727
4394.7383694120845,4394.6133694120845,4394.8633694120845,1689,1822,1756
4398.21244143714,4398.08744143714,4398.33744143714,1614,2349,1982
4406.2940492838925,4406.1690492838925,4406.4190492838925,2054,1651,1853
4405.191627369172,4405.066627369172,4405.316627369172,753,1926,1340
4405.331310442266,4405.081310442266,4405.581310442266,748,1769,1259
4405.52028323175,4405.39528323175,4405.64528323175,1549,1652,1601
4406.3213343012285,4406.1963343012285,4406.4463343012285,1216,2495,1856
4409.191414798528,4408.941414798528,4409.441414798528,1573,1788,1681
4407.960921481579,4407.835921481579,4408.085921481579,1762,841,1302
4405.46862147056,4405.34362147056,4405.59362147056,787,1236,1012
4404.857444493044,4404.732444493044,4404.982444493044,765,2042,1404
4406.83251319698,4406.70751319698,4406.95751319698,2478,1371,1925
4408.422268132228,4408.297268132228,4408.547268132228,2346,1395,1871
4410.909909045459,4410.784909045459,4411.034909045459,991,2022,1507
4405.918570230663,4405.793570230663,4406.043570230663,1880,907,1394
4404.902475358772,4404.777475358772,4405.027475358772,1319,850,1085
4401.773999719417,4401.648999719417,4401.898999719417,986,905,946
4403.925242322417,4403.800242322417,4404.050242322417,637,984,811
4402.829098647613,4402.704098647613,4402.954098647613,999,2978,1989
4406.050735255774,4405.800735255774,4406.300735255774,1127,914,1021
4404.9602645122595,4404.8352645122595,4405.0852645122595,964,855,910
4406.704884674982,4406.579884674982,4406.829884674982,1803,750,1277
4407.058907007683,4406.933907007683,4407.183907007683,1500,889,1195
4403.431428543408,4403.056428543408,4403.806428543408,1738,2067,1903
4399.755460817795,4399.630460817795,4399.880460817795,874,2569,1722
4405.967799004153,4405.842799004153,4406.092799004153,1732,1495,1614
4409.497265944083,4409.372265944083,4409.622265944083,743,1360,1052
4411.63767315973,4411.38767315973,4411.88767315973,1491,1386,1439
4410.290575039994,4410.040575039994,4410.540575039994,1222,1653,1438
4411.501128034739,4411.376128034739,4411.626128034739,2227,1290,1759
4412.108172714057,4411.983172714057,4412.233172714057,2484,1191,1838
4413.5962627300505,4413.3462627300505,4413.8462627300505,849,2004,1427
4414.322581875614,4414.072581875614,4414.572581875614,1862,1599,1731
4411.026093506379,4410.901093506379,4411.151093506379,1132,2449,1791
4411.709680010972,4411.584680010972,4411.834680010972,1223,1202,1213
4413.799238814304,4413.549238814304,4414.049238814304,1313,912,1113
4417.805543759047,4417.680543759047,4417.930543759047,2049,958,1504
4419.181133334298,4419.056133334298,4419.306133334298,1455,1666,1561
4420.71414394741,4420.46414394741,4420.96414394741,1329,1222,1276
4422.529160668253,4422.279160668253,4422.779160668253,963,2022,1493
4423.804510871334,4423.554510871334,4424.054510871334,1676,2175,1926
4425.805942715436,4425.680942715436,4425.930942715436,924,2419,1672
4424.696960185367,4424.571960185367,4424.821960185367,1866,773,1320
4424.267597669446,4424.142597669446,4424.392597669446,1169,476,823
4428.337746686493,4428.087746686493,4428.587746686493,1087,1024,1056
4430.613725430703,4430.363725430703,4430.863725430703,1674,921,1298
4424.280250910607,4424.030250910607,4424.530250910607,1243,514,879
4423.904323908953,4423.779323908953,4424.029323908953,2252,1043,1648
4429.491094803288,4429.366094803288,4429.616094803288,2624,1289,1957
4428.525937546953,4428.400937546953,4428.650937546953,1224,1061,1143
4429.349750388187,4429.099750388187,4429.599750388187,1248,973,1111
4428.337662807334,4428.087662807334,4428.587662807334,1653,804,1229
4435.253945066887,4435.003945066887,4435.503945066887,901,1832,1367
4435.965494166898,4435.715494166898,4436.215494166898,1675,662,1169
4437.421850333449,4437.296850333449,4437.546850333449,1700,931,1316
4438.851996352489,4438.601996352489,4439.101996352489,1124,1887,1506
4432.747860955917,4432.622860955917,4432.872860955917,1807,1162,1485
4439.001472445428,4438.876472445428,4439.126472445428,1122,1783,1453
4443.192602113956,4443.067602113956,4443.317602113956,1918,1393,1656
4442.194100447706,4441.944100447706,4442.444100447706,649,1380,1015
4442.391326737843,4442.016326737843,4442.766326737843,1160,625,893
4444.322947217665,4443.947947217665,4444.697947217665,1797,1732,1765
4445.261966899361,4445.011966899361,4445.511966899361,1943,1902,1923
4446.368790231363,4446.243790231363,4446.493790231363,1329,1128,1229
4441.87651372663,4441.75151372663,4442.00151372663,776,1021,899
4442.773273777854,4442.648273777854,4442.898273777854,2236,1025,1631
4442.584904925352,4442.459904925352,4442.709904925352,2614,1367,1991
4441.467934552841,4441.342934552841,4441.592934552841,2524,1313,1919
4435.319678174287,4435.194678174287,4435.444678174287,1587,900,1244
4432.608531187218,4432.358531187218,4432.858531187218,2012,1387,1700
4434.656455059101,4434.531455059101,4434.781455059101,1494,1835,1665
4435.302085094374,4435.177085094374,4435.427085094374,2081,1104,1593
4432.816444535491,4432.691444535491,4432.941444535491,1500,1289,1395
4430.5800935962325,4430.3300935962325,4430.8300935962325,1202,2231,1717
4431.4052751791705,4431.2802751791705,4431.5302751791705,1158,1037,1098
4431.61695430009,4431.49195430009,4431.74195430009,1879,1562,1721
4429.559791854672,4429.434791854672,4429.684791854672,1084,1689,1387
4430.733176947414,4430.483176947414,4430.983176947414,2226,1569,1898
4440.252649825308,4440.127649825308,4440.377649825308,1279,472,876
4442.504313980164,4442.379313980164,4442.629313980164,2199,918,1559
4443.758633662012,4443.633633662012,4443.883633662012,1108,1347,1228
4446.973629112507,4446.848629112507,4447.098629112507,664,1157,911
4445.96682931123,4445.84182931123,4446.09182931123,1143,732,938
4449.467552578923,4449.342552578923,4449.592552578923,2808,979,1894
4451.348974282115,4451.098974282115,4451.598974282115,892,1783,1338
4453.632543001234,4453.382543001234,4453.882543001234,1340,1901,1621
4459.177259787277,4459.052259787277,4459.302259787277,1047,2388,1718
4458.353183385937,4458.228183385937,4458.478183385937,1634,1317,1476
4455.907503449906,4455.782503449906,4456.032503449906,1461,668,1065
4450.559950327023,4450.434950327023,4450.684950327023,1017,1694,1356
4452.89190155504,4452.64190155504,4453.14190155504,1254,2543,1899
4441.269411232884,4441.144411232884,4441.394411232884,760,1549,1155
4434.98975355458,4434.61475355458,4435.36475355458,981,2204,1593
4439.994312561206,4439.744312561206,4440.244312561206,1868,841,1355
4438.752624027483,4438.502624027483,4439.002624027483,1404,2085,1745
4438.8921033289735,4438.7671033289735,4439.0171033289735,1695,738,1217
4439.647376529623,4439.522376529623,4439.772376529623,1415,842,1129
4438.480324921035,4438.355324921035,4438.605324921035,1913,974,1444
4442.998552864231,4442.748552864231,4443.248552864231,872,1489,1181
4443.535258310286,4443.410258310286,4443.660258310286,1445,1030,1238
4445.913527124407,4445.788527124407,4446.038527124407,1734,867,1301
4444.686155142682,4444.561155142682,4444.811155142682,1765,2166,1966
4447.7273757477,4447.6023757477,4447.8523757477,2218,833,1526
4444.1980302696375,4443.8230302696375,4444.5730302696375,644,1719,1182
4445.043511531469,4444.668511531469,4445.418511531469,934,1603,1269
4446.274675067673,4446.149675067673,4446.399675067673,1127,610,869
4443.859454510376,4443.734454510376,4443.984454510376,2073,1314,1694
4445.938108132099,4445.688108132099,4446.188108132099,2350,1567,1959
4442.307596002227,4442.182596002227,4442.432596002227,947,1616,1282
4440.384841059355,4440.259841059355,4440.509841059355,1646,713,1180
4436.356300270045,4436.106300270045,4436.606300270045,2031,1366,1699
4436.4511185724205,4436.3261185724205,4436.5761185724205,1483,2272,1878
4436.755762724953,4436.630762724953,4436.880762724953,1280,2391,1836
4440.074279880075,4439.949279880075,4440.199279880075,1063,2248,1656
4438.735107748804,4438.610107748804,4438.860107748804,1215,1448,1332
4439.759163655134,4439.634163655134,4439.884163655134,1300,1989,1645
4436.034435199932,4435.909435199932,4436.159435199932,1111,726,919
4434.513842835049,4434.388842835049,4434.638842835049,1021,600,811
4437.3448481367595,4437.0948481367595,4437.5948481367595,1333,534,934
4438.957166447003,4438.832166447003,4439.082166447003,2209,1000,1605
4436.990902609427,4436.865902609427,4437.115902609427,2209,1454,1832
4433.5572684882345,4433.3072684882345,4433.8072684882345,2063,1792,1928
4436.502732209171,4436.252732209171,4436.752732209171,1895,1164,1530
4437.825392532079,4437.700392532079,4437.950392532079,2322,1099,1711
4439.368892661299,4439.118892661299,4439.618892661299,1703,1098,1401
4440.894091211785,4440.769091211785,4441.019091211785,1902,1513,1708
4439.746216340659,4439.496216340659,4439.996216340659,568,1505,1037
4438.1220016739335,4437.8720016739335,4438.3720016739335,928,2733,1831
4436.930112708376,4436.805112708376,4437.055112708376,620,1137,879
4440.1026286568895,4439.9776286568895,4440.2276286568895,2425,876,1651
4442.243546945617,4441.993546945617,4442.493546945617,1152,1113,1133
4447.445599399552,4447.195599399552,4447.695599399552,1952,1959,1956
4446.286674893541,4446.036674893541,4446.536674893541,798,1331,1065
4447.08777861295,4446.96277861295,4447.21277861295,2560,941,1751
4447.5213158787665,4447.2713158787665,4447.7713158787665,923,2692,1808
4446.5257147385655,4446.1507147385655,4446.9007147385655,1450,831,1141
4440.759907915729,4440.509907915729,4441.009907915729,1418,971,1195
4446.130056973389,4446.005056973389,4446.255056973389,1675,872,1274
4443.435038256745,4443.185038256745,4443.685038256745,1670,1469,1570
4442.800902382404,4442.675902382404,4442.925902382404,1647,1628,1638
4438.825684031824,4438.700684031824,4438.950684031824,1273,1112,1193
4439.545461187865,4439.295461187865,4439.795461187865,1653,2338,1996
4435.426320365715,4435.301320365715,4435.551320365715,1375,1148,1262
4435.673377513193,4435.548377513193,4435.798377513193,1996,1817,1907
4429.452132953752,4429.327132953752,4429.577132953752,1749,1728,1739
4430.978826164292,4430.853826164292,4431.103826164292,1839,1370,1605
4431.763652226075,4431.638652226075,4431.888652226075,1124,1781,1453
4431.03773303513,4430.78773303513,4431.28773303513,657,1632,1145
4432.9170649548905,4432.7920649548905,4433.0420649548905,1399,2120,1760
4427.991350842718,4427.866350842718,4428.116350842718,1861,1150,1506
4424.492447136134,4424.367447136134,4424.617447136134,2219,1412,1816
4426.115556039031,4425.740556039031,4426.490556039031,1015,2434,1725
4424.752711654746,4424.502711654746,4425.002711654746,1294,1549,1422
4428.512636529957,4428.387636529957,4428.637636529957,2296,1293,1795
4435.828262896318,4435.578262896318,4436.078262896318,713,1430,1072
4434.774001441471,4434.649001441471,4434.899001441471,899,1754,1327
4432.579306068714,4432.454306068714,4432.704306068714,1277,1196,1237
4431.413248562451,4431.288248562451,4431.538248562451,645,1172,909
4432.456835350123,4432.331835350123,4432.581835350123,2245,952,1599
4432.41510982913,4432.16510982913,4432.66510982913,1915,1782,1849
4428.753608149558,4428.378608149558,4429.128608149558,1860,1533,1697
4428.789310954981,4428.414310954981,4429.164310954981,1384,585,985
4426.204640502345,4426.079640502345,4426.329640502345,1165,2238,1702
4424.58842046977,4424.46342046977,4424.71342046977,1395,912,1154
4425.290702360492,4425.165702360492,4425.415702360492,1009,1118,1064
4423.176568390364,4422.801568390364,4423.551568390364,1046,645,846
4418.583202749119,4418.458202749119,4418.708202749119,1103,1424,1264
4421.3252986844755,4420.9502986844755,4421.7002986844755,2078,1117,1598
4424.096967752301,4423.971967752301,4424.221967752301,1257,2136,1697
4424.707944687137,4424.457944687137,4424.957944687137,1434,1623,1529
4423.903514043513,4423.778514043513,4424.028514043513,702,1429,1066
4419.427028856308,4419.302028856308,4419.552028856308,803,1508,1156
4416.552745456736,4416.427745456736,4416.677745456736,2140,1645,1893
4420.088094545905,4419.963094545905,4420.213094545905,1893,1840,1867
4419.413509426598,4419.038509426598,4419.788509426598,1951,1474,1713
4417.737074805036,4417.487074805036,4417.987074805036,1660,1271,1466
4418.169525083724,4417.919525083724,4418.419525083724,1264,535,900
4423.549979133912,4423.424979133912,4423.674979133912,1507,714,1111
4423.458685257166,4423.333685257166,4423.583685257166,1270,1911,1591
4424.566706684526,4424.316706684526,4424.816706684526,1059,984,1022
4423.897442330834,4423.647442330834,4424.147442330834,1730,769,1250
4421.4036858757845,4421.2786858757845,4421.5286858757845,1304,2257,1781
4421.294944110323,4421.169944110323,4421.419944110323,1226,1799,1513
4419.859887079573,4419.734887079573,4419.984887079573,2063,1638,1851
4417.53533972785,4417.28533972785,4417.78533972785,969,1506,1238
4421.278715896992,4421.153715896992,4421.403715896992,2293,990,1642
4424.801530319363,4424.551530319363,4425.051530319363,1878,1229,1554
4424.601122019168,4424.476122019168,4424.726122019168,1579,2154,1867
4428.362482078594,4428.112482078594,4428.612482078594,2096,1703,1900
4431.264228864043,4430.889228864043,4431.639228864043,577,1554,1066
4432.85392820335,4432.72892820335,4432.97892820335,1164,2763,1964
4438.923364831085,4438.798364831085,4439.048364831085,2063,742,1403
4440.819166803274,4440.569166803274,4441.069166803274,693,1182,938
4438.724221531851,4438.599221531851,4438.849221531851,1198,641,920
4443.203207263621,4442.953207263621,4443.453207263621,2490,1493,1992
4449.6744653181495,4449.4244653181495,4449.9244653181495,1247,2704,1976
4449.414494438516,4449.039494438516,4449.789494438516,1550,1937,1744
4444.046340285481,4443.921340285481,4444.171340285481,1922,1153,1538
4445.846360038859,4445.471360038859,4446.221360038859,974,1621,1298
4449.8309774530735,4449.4559774530735,4450.2059774530735,470,1247,859
4448.258857485891,4448.133857485891,4448.383857485891,902,1919,1411
4440.702089992176,4440.577089992176,4440.827089992176,1599,2008,1804
4445.000318855248,4444.750318855248,4445.250318855248,2220,1271,1746
4447.633578065097,4447.508578065097,4447.758578065097,1660,1649,1655
4455.4317485771,4455.3067485771,4455.5567485771,1048,1247,1148
4451.951503804002,4451.576503804002,4452.326503804002,1339,802,1071
4460.613866276404,4460.488866276404,4460.738866276404,2173,1538,1856
4452.339398807386,4452.089398807386,4452.589398807386,1535,578,1057
4448.6333497397245,4448.5083497397245,4448.7583497397245,903,1066,985
4451.870463369511,4451.745463369511,4451.995463369511,1114,541,828
4453.269009745636,4453.144009745636,4453.394009745636,1008,2369,1689
4456.441208133832,4456.316208133832,4456.566208133832,1272,2063,1668
4460.573902894585,4460.323902894585,4460.823902894585,2385,838,1612
4459.946447126255,4459.696447126255,4460.196447126255,1934,1253,1594
4454.751260436839,4454.501260436839,4455.001260436839,1672,1169,1421
4452.597230426881,4452.472230426881,4452.722230426881,1659,1980,1820
4448.750675450412,4448.625675450412,4448.875675450412,2424,1137,1781
4452.258276011576,4452.008276011576,4452.508276011576,799,1518,1159
4453.32420916045,4453.07420916045,4453.57420916045,1231,1682,1457
4463.535015149554,4463.410015149554,4463.660015149554,901,2444,1673
4456.422728670773,4456.047728670773,4456.797728670773,1813,1388,1601
4448.041122399233,4447.791122399233,4448.291122399233,1109,2060,1585
4445.250605642084,4445.000605642084,4445.500605642084,2693,1018,1856
4452.216042137512,4452.091042137512,4452.341042137512,1905,1130,1518
4455.142345932565,4455.017345932565,4455.267345932565,1940,2047,1994
4459.2154026428725,4458.9654026428725,4459.4654026428725,528,1107,818
4457.015928814583,4456.890928814583,4457.140928814583,1763,940,1352
4452.454177535588,4452.204177535588,4452.704177535588,1814,889,1352
4458.133571504318,4457.883571504318,4458.383571504318,1245,1930,1588
4464.214866656604,4464.089866656604,4464.339866656604,1366,2431,1899
4465.736216345004,4465.361216345004,4466.111216345004,861,1696,1279
4458.768942727358,4458.518942727358,4459.018942727358,970,1781,1376
4449.901495635142,4449.776495635142,4450.026495635142,1179,642,911
4453.778612489523,4453.528612489523,4454.028612489523,1380,1503,1442
4449.033173236544,4448.908173236544,4449.158173236544,1596,1013,1305
4443.691587857142,4443.566587857142,4443.816587857142,1260,1031,1146
4446.533854951312,4446.408854951312,4446.658854951312,1439,1276,1358
4455.621347700317,4455.496347700317,4455.746347700317,1450,833,1142
4453.272976244454,4452.897976244454,4453.647976244454,2520,985,1753
4453.333245646788,4453.208245646788,4453.458245646788,720,1025,873
4453.414763018185,4453.164763018185,4453.664763018185,1436,777,1107
4453.55205229729,4453.42705229729,4453.67705229729,1986,969,1478
4453.241510987018,4453.116510987018,4453.366510987018,1627,2018,1823
4447.681410010932,4447.556410010932,4447.806410010932,823,1948,1386
4447.609312621887,4447.484312621887,4447.734312621887,1528,1545,1537
4453.6149412459135,4453.4899412459135,4453.7399412459135,1190,2591,1891
4456.894089035333,4456.769089035333,4457.019089035333,1043,2844,1944
4451.798011459055,4451.673011459055,4451.923011459055,2427,852,1640
4448.282015295225,4448.032015295225,4448.532015295225,870,1173,1022
4444.70357654389,4444.57857654389,4444.82857654389,2210,1223,1717
4439.05366343606,4438.80366343606,4439.30366343606,1186,1801,1494
4439.305586429908,4439.055586429908,4439.555586429908,1697,1162,1430
4442.138335282962,4441.763335282962,4442.513335282962,1835,918,1377
4438.177645291838,4437.927645291838,4438.427645291838,1083,1934,1509
4440.0588967077965,4439.9338967077965,4440.1838967077965,2218,801,1510
4441.681916655904,4441.306916655904,4442.056916655904,2190,1443,1817
4440.871245525893,4440.621245525893,4441.121245525893,829,930,880
4448.8450631248,4448.4700631248,4449.2200631248,473,1174,824
4449.343466718459,4449.093466718459,4449.593466718459,1618,1759,1689
4447.356080183077,4447.106080183077,4447.606080183077,2051,1902,1977
4448.655736054015,4448.405736054015,4448.905736054015,1737,2044,1891
4453.893192657036,4453.518192657036,4454.268192657036,2373,1380,1877
4439.486992863957,4439.236992863957,4439.736992863957,1909,1942,1926
4446.995931083657,4446.870931083657,4447.120931083657,1233,2302,1768
4454.9746889670105,4454.7246889670105,4455.2246889670105,1890,783,1337
4463.050176096328,4462.800176096328,4463.300176096328,967,714,841
4461.771706130309,4461.646706130309,4461.896706130309,884,1105,995
4453.289190497372,4453.164190497372,4453.414190497372,1388,475,932
4458.997172869335,4458.747172869335,4459.247172869335,2047,1196,1622
4456.685563699064,4456.310563699064,4457.060563699064,698,1853,1276
4457.720939436085,4457.470939436085,4457.970939436085,1590,1185,1388
4460.308008292719,4460.183008292719,4460.433008292719,1756,1279,1518
4464.984423875984,4464.859423875984,4465.109423875984,984,2335,1660
4463.444620941203,4463.194620941203,4463.694620941203,966,1881,1424
4462.068084436486,4461.943084436486,4462.193084436486,1043,1442,1243
4460.265157877529,4460.140157877529,4460.390157877529,1878,1245,1562
4457.435236565728,4457.310236565728,4457.560236565728,870,1391,1131
4459.723153509374,4459.348153509374,4460.098153509374,1032,2295,1664
4460.365323279252,4460.240323279252,4460.490323279252,555,1124,840
4455.93691800003,4455.81191800003,4456.06191800003,1199,1302,1251
4449.7672927239,4449.6422927239,4449.8922927239,2019,1552,1786
4456.467778232637,4456.342778232637,4456.592778232637,886,953,920
4460.6854370661285,4460.5604370661285,4460.8104370661285,1376,2467,1922
4452.486182941956,4452.361182941956,4452.611182941956,1966,1041,1504
4454.252269945282,4454.002269945282,4454.502269945282,929,1790,1360
4447.843559439512,4447.468559439512,4448.218559439512,2064,1017,1541
4452.584796100251,4452.459796100251,4452.709796100251,1936,1583,1760
4457.328612369818,4457.078612369818,4457.578612369818,1325,754,1040
4469.691604689034,4469.316604689034,4470.066604689034,1885,1764,1825
4469.4116283192325,4469.1616283192325,4469.6616283192325,1896,1255,1576
4469.532648673794,4469.282648673794,4469.782648673794,2592,929,1761
4467.937808903744,4467.812808903744,4468.062808903744,1299,792,1046
4457.759916905033,4457.509916905033,4458.009916905033,2212,1709,1961
4472.885764093022,4472.510764093022,4473.260764093022,1455,966,1211
4478.2653804981655,4478.0153804981655,4478.5153804981655,1650,2313,1982
4480.7476198951235,4480.6226198951235,4480.8726198951235,1260,1379,1320
4481.048433444119,4480.923433444119,4481.173433444119,1775,796,1286
4482.40146423863,4482.15146423863,4482.65146423863,2084,1049,1567
4484.601427634768,4484.226427634768,4484.976427634768,1565,1120,1343
4484.860569274397,4484.735569274397,4484.985569274397,1544,817,1181
4476.791048481839,4476.666048481839,4476.916048481839,938,2461,1700
4469.393069097686,4469.268069097686,4469.518069097686,1647,1672,1660
4463.24764169157,4463.12264169157,4463.37264169157,1513,984,1249
4469.644415263864,4469.519415263864,4469.769415263864,1292,1931,1612
4468.3795226263,4468.2545226263,4468.5045226263,1527,2424,1976
4472.504080211587,4472.379080211587,4472.629080211587,1001,1222,1112
4477.317352693608,4477.067352693608,4477.567352693608,1818,983,1401
4480.002784325169,4479.877784325169,4480.127784325169,2643,952,1798
4481.9240936217575,4481.7990936217575,4482.0490936217575,949,864,907
4479.762917987137,4479.512917987137,4480.012917987137,1840,1269,1555
4475.111346457664,4474.861346457664,4475.361346457664,527,1194,861
4479.689100018681,4479.439100018681,4479.939100018681,2250,849,1550
4479.838023440385,4479.713023440385,4479.963023440385,1672,1025,1349
4477.867554886344,4477.742554886344,4477.992554886344,795,1574,1185
4477.922799339585,4477.672799339585,4478.172799339585,1574,2271,1923
4481.988450213963,4481.613450213963,4482.363450213963,819,1388,1104
4477.67234078719,4477.42234078719,4477.92234078719,1210,1489,1350
4471.3932205209485,4471.2682205209485,4471.5182205209485,739,1514,1127
4473.965304198774,4473.840304198774,4474.090304198774,2717,1130,1924
4457.986439879705,4457.736439879705,4458.236439879705,1580,841,1211
4457.985146981309,4457.860146981309,4458.110146981309,1071,2234,1653
4453.217925356438,4452.967925356438,4453.467925356438,1272,691,982
4454.069839748709,4453.944839748709,4454.194839748709,1059,1424,1242
4445.204532166437,4445.079532166437,4445.329532166437,1509,2386,1948
4448.845492744161,4448.720492744161,4448.970492744161,557,1198,878
4451.636564800586,4451.511564800586,4451.761564800586,1041,2098,1570
4458.614939702291,4458.489939702291,4458.739939702291,1644,2035,1840
4460.320450357272,4460.195450357272,4460.445450357272,592,1729,1161
4460.819735654736,4460.694735654736,4460.944735654736,2066,1013,1540
4460.656745604681,4460.406745604681,4460.906745604681,2072,807,1440
4465.471255173502,4465.346255173502,4465.596255173502,1258,1631,1445
4466.630674626999,4466.380674626999,4466.880674626999,1168,963,1066
4469.865154376495,4469.740154376495,4469.990154376495,1645,1540,1593
4473.031118555707,4472.906118555707,4473.156118555707,1249,2594,1922
4471.541598046142,4471.291598046142,4471.791598046142,581,1178,880
4471.953730955257,4471.703730955257,4472.203730955257,1276,1065,1171
4474.484706056308,4474.359706056308,4474.609706056308,1780,1887,1834
4472.708957464938,4472.458957464938,4472.958957464938,2249,820,1535
4475.445541641051,4475.320541641051,4475.570541641051,1577,1392,1485
4468.28456736392,4468.03456736392,4468.53456736392,1032,2897,1965
4462.434159078181,4462.309159078181,4462.559159078181,802,1633,1218
4462.012093407434,4461.762093407434,4462.262093407434,1577,1196,1387
4467.3295041929205,4467.0795041929205,4467.5795041929205,894,953,924
4468.920578560019,4468.795578560019,4469.045578560019,1744,649,1197
4465.8643866353505,4465.6143866353505,4466.1143866353505,1145,554,850
4473.397468489393,4473.022468489393,4473.772468489393,782,907,845
4471.59213821392,4471.46713821392,4471.71713821392,1690,1049,1370
4473.113671457973,4472.863671457973,4473.363671457973,1197,1490,1344
4476.636802505895,4476.511802505895,4476.761802505895,1966,1925,1946
4478.133791764106,4478.008791764106,4478.258791764106,841,1252,1047
4482.855834382399,4482.730834382399,4482.980834382399,1350,1723,1537
4484.47908090902,4484.10408090902,4484.85408090902,1304,447,876
4477.398427382674,4477.148427382674,4477.648427382674,2239,1064,1652
4468.752662877797,4468.627662877797,4468.877662877797,1708,1873,1791
4470.770717955634,4470.395717955634,4471.145717955634,983,2674,1829
4474.557335918028,4474.307335918028,4474.807335918028,2047,1072,1560
4475.720797692047,4475.595797692047,4475.845797692047,1102,2715,1909
4477.262704862008,4477.137704862008,4477.387704862008,887,2034,1461
4483.582648933617,4483.332648933617,4483.832648933617,892,1413,1153
4478.959950395157,4478.834950395157,4479.084950395157,2395,1008,1702
4484.12935869413,4484.00435869413,4484.25435869413,805,842,824
4482.84561047846,4482.72061047846,4482.97061047846,2278,1387,1833
4486.307894966225,4485.932894966225,4486.682894966225,971,1682,1327
4487.696284501768,4487.571284501768,4487.821284501768,981,1552,1267
4489.726056469337,4489.601056469337,4489.851056469337,1617,542,1080
4490.72791095185,4490.60291095185,4490.85291095185,2416,1377,1897
4490.412669393646,4490.287669393646,4490.537669393646,1596,1791,1694
4487.447440897946,4487.322440897946,4487.572440897946,624,1377,1001
4484.351782691956,4484.101782691956,4484.601782691956,1342,2155,1749
4487.629044092526,4487.504044092526,4487.754044092526,1707,1484,1596
4492.275630341405,4492.150630341405,4492.400630341405,1433,2484,1959
4493.280194242829,4493.155194242829,4493.405194242829,1877,1820,1849
4493.754820921302,4493.379820921302,4494.129820921302,2663,1278,1971
4482.646278015452,4482.521278015452,4482.771278015452,1044,1067,1056
4486.4726969974345,4486.3476969974345,4486.5976969974345,912,2667,1790
4484.089618769312,4483.964618769312,4484.214618769312,1141,2536,1839
4479.8640194052505,4479.7390194052505,4479.9890194052505,1016,1797,1407
4483.337779828365,4483.212779828365,4483.462779828365,1021,730,876
4483.628060929058,4483.378060929058,4483.878060929058,1807,794,1301
4483.793498964319,4483.668498964319,4483.918498964319,1320,1775,1548
4475.92752253677,4475.80252253677,4476.05252253677,1646,1629,1638
4478.114663345849,4477.989663345849,4478.239663345849,1331,2128,1730
4475.779103589114,4475.654103589114,4475.904103589114,1187,1620,1404
4475.721468444943,4475.471468444943,4475.971468444943,1221,1502,1362
4472.221043354652,4472.096043354652,4472.346043354652,1642,1777,1710
4476.246909205998,4475.996909205998,4476.496909205998,1265,1954,1610
4484.248784679989,4483.998784679989,4484.498784679989,1573,870,1222
4482.572162390276,4482.322162390276,4482.822162390276,1508,2051,1780
4480.156925241678,4479.906925241678,4480.406925241678,1083,2576,1830
4481.867227560865,4481.617227560865,4482.117227560865,1039,722,881
4484.3317429737845,4484.0817429737845,4484.5817429737845,2183,966,1575
4483.277970871507,4483.152970871507,4483.402970871507,996,1851,1424
4480.34885631803,4479.97385631803,4480.72385631803,1979,732,1356
4477.3263496664495,4477.2013496664495,4477.4513496664495,1147,552,850
4476.830349147978,4476.705349147978,4476.955349147978,1654,2223,1939
4480.589891519762,4480.214891519762,4480.964891519762,964,1913,1439
4482.918837663341,4482.793837663341,4483.043837663341,2409,1294,1852
4484.885184240056,4484.760184240056,4485.010184240056,911,2114,1513
4482.009541568905,4481.759541568905,4482.259541568905,2393,1152,1773
4483.62675961418,4483.37675961418,4483.87675961418,857,1418,1138
4480.032400690631,4479.782400690631,4480.282400690631,1346,923,1135
4474.500052547476,4474.250052547476,4474.750052547476,2103,1730,1917
4478.377799383171,4478.127799383171,4478.627799383171,996,1533,1265
4475.97011646998,4475.72011646998,4476.22011646998,1260,2081,1671
4475.938474786846,4475.813474786846,4476.063474786846,1878,1111,1495
4473.9348390777495,4473.8098390777495,4474.0598390777495,1396,1055,1226
4472.250208663,4472.125208663,4472.375208663,1521,1060,1291
4470.015585545842,4469.890585545842,4470.140585545842,869,1246,1058
4471.41738342312,4471.29238342312,4471.54238342312,1322,1531,1427
4476.13663790408,4476.01163790408,4476.26163790408,1258,2641,1950
4474.956177381758,4474.706177381758,4475.206177381758,792,1237,1015
4473.062258845822,4472.937258845822,4473.187258845822,1150,1127,1139
4469.757042610766,4469.507042610766,4470.007042610766,944,2313,1629
4471.838545741995,4471.463545741995,4472.213545741995,838,1507,1173
4469.343158646657,4469.218158646657,4469.468158646657,1123,1208,1166
4468.541046230038,4468.416046230038,4468.666046230038,2567,1114,1841
4471.851290078309,4471.726290078309,4471.976290078309,531,1422,977
4470.140270944795,4469.890270944795,4470.390270944795,1389,2366,1878
4477.286368271865,4477.161368271865,4477.411368271865,906,2099,1503
4475.003733982883,4474.753733982883,4475.253733982883,1215,490,853
4474.862020215468,4474.612020215468,4475.112020215468,1076,789,933
4481.486284440853,4481.361284440853,4481.611284440853,2496,1139,1818
4485.834440513618,4485.709440513618,4485.959440513618,2596,1249,1923
4488.760587132878,4488.510587132878,4489.010587132878,1131,812,972
4491.451298394721,4491.201298394721,4491.701298394721,892,893,893
4493.462895524113,4493.337895524113,4493.587895524113,1973,1190,1582
4492.696938607341,4492.446938607341,4492.946938607341,647,1332,990
4489.568319027375,4489.318319027375,4489.818319027375,1713,858,1286
4488.4130713666445,4488.2880713666445,4488.5380713666445,2044,1545,1795
4492.180963247902,4491.930963247902,4492.430963247902,1709,1476,1593
4491.77019338029,4491.52019338029,4492.02019338029,1596,2191,1894
4490.495369606553,4490.245369606553,4490.745369606553,2285,1126,1706
4490.35426471444,4490.22926471444,4490.47926471444,1531,2344,1938
4491.727073030366,4491.602073030366,4491.852073030366,1211,1036,1124
4492.632272632417,4492.507272632417,4492.757272632417,1907,860,1384
4489.1890680892475,4489.0640680892475,4489.3140680892475,1139,2730,1935
4488.797238884863,4488.422238884863,4489.172238884863,1220,733,977
4487.428059130841,4487.178059130841,4487.678059130841,1367,680,1024
4486.245406497284,4486.120406497284,4486.370406497284,1006,2203,1605
4488.036310850286,4487.911310850286,4488.161310850286,1120,1213,1167
4488.181019863912,4487.931019863912,4488.431019863912,864,2333,1599
4490.662516482921,4490.537516482921,4490.787516482921,992,1499,1246
4487.465198347988,4487.340198347988,4487.590198347988,1060,2373,1717
4487.864455624215,4487.739455624215,4487.989455624215,1921,660,1291
4493.600353467156,4493.475353467156,4493.725353467156,1623,1286,1455
4492.033592012396,4491.908592012396,4492.158592012396,1639,2064,1852
4489.43221258807,4489.30721258807,4489.55721258807,1477,1682,1580
4489.9417956248835,4489.8167956248835,4490.0667956248835,1132,1139,1136
4491.807266846775,4491.682266846775,4491.932266846775,1609,554,1082
4490.807752318835,4490.557752318835,4491.057752318835,1843,1994,1919
4494.197007234033,4493.947007234033,4494.447007234033,1943,1502,1723
4495.560583459542,4495.310583459542,4495.810583459542,476,1141,809
4496.695035898313,4496.570035898313,4496.820035898313,1802,829,1316
4500.225169657136,4500.100169657136,4500.350169657136,718,1541,1130
4497.035379603633,4496.910379603633,4497.160379603633,1422,1023,1223
4499.844824207638,4499.469824207638,4500.219824207638,894,1903,1399
4500.913505600256,4500.788505600256,4501.038505600256,1936,1227,1582
4499.97108716212,4499.72108716212,4500.22108716212,2112,1187,1650
4497.124910910056,4496.999910910056,4497.249910910056,959,764,862
4500.277737572731,4500.027737572731,4500.527737572731,1053,2934,1994
4499.514980526883,4499.389980526883,4499.639980526883,1197,2010,1604
4496.808829047346,4496.433829047346,4497.183829047346,1474,1081,1278
4496.20689954476,4496.08189954476,4496.33189954476,1273,900,1087
4498.533630200864,4498.408630200864,4498.658630200864,1230,979,1105
4500.257256742645,4500.007256742645,4500.507256742645,876,1991,1434
4502.583971373958,4502.333971373958,4502.833971373958,1033,1786,1410
4501.901522761578,4501.776522761578,4502.026522761578,2046,1293,1670
4503.803836715246,4503.678836715246,4503.928836715246,1200,1181,1191
4502.576606139262,4502.451606139262,4502.701606139262,808,2309,1559
4504.361699178115,4504.236699178115,4504.486699178115,859,1072,966
4508.777825628598,4508.527825628598,4509.027825628598,1145,2212,1679
4511.641176228919,4511.516176228919,4511.766176228919,1430,2453,1942
4512.700706317497,4512.450706317497,4512.950706317497,746,1403,1075
4513.641301096871,4513.516301096871,4513.766301096871,2142,1739,1941
4515.864411538799,4515.614411538799,4516.114411538799,715,1148,932
4513.568456106521,4513.193456106521,4513.943456106521,950,1433,1192
4507.141702092892,4507.016702092892,4507.266702092892,1373,2192,1783
4509.880179848229,4509.755179848229,4510.005179848229,1234,869,1052
4512.4743943618205,4512.0993943618205,4512.8493943618205,1227,1958,1593
4508.038576333863,4507.788576333863,4508.288576333863,1301,2032,1667
4505.371113178481,4505.246113178481,4505.496113178481,1468,2427,1948
4503.126731980899,4503.001731980899,4503.251731980899,1282,497,890
4506.561470664652,4506.311470664652,4506.811470664652,1206,2225,1716
4507.2558672262485,4507.1308672262485,4507.3808672262485,2036,1297,1667
4503.5441490817675,4503.4191490817675,4503.6691490817675,1624,1399,1512
4507.321456885979,4507.196456885979,4507.446456885979,775,1920,1348
4511.988987737546,4511.863987737546,4512.113987737546,1146,1817,1482
4512.794283926561,4512.669283926561,4512.919283926561,2322,1445,1884
4511.955668739936,4511.830668739936,4512.080668739936,1116,1375,1246
4514.250813205181,4514.000813205181,4514.500813205181,1453,1642,1548
4514.477705518686,4514.352705518686,4514.602705518686,1040,2435,1738
4514.342178701923,4514.217178701923,4514.467178701923,2154,799,1477
4510.877999271452,4510.627999271452,4511.127999271452,1908,809,1359
4514.881577442121,4514.631577442121,4515.131577442121,909,2664,1787
4518.911288798424,4518.786288798424,4519.036288798424,777,1190,984
4518.625292435908,4518.250292435908,4519.000292435908,653,1106,880
4523.233449634548,4523.108449634548,4523.358449634548,2495,1270,1883
4524.092247501193,4523.717247501193,4524.467247501193,1087,1702,1395
4524.127224169269,4524.002224169269,4524.252224169269,505,1382,944
4530.80756991329,4530.68256991329,4530.93256991329,1334,1465,1400
4532.168939281741,4531.918939281741,4532.418939281741,1295,2658,1977
4534.466198901201,4534.091198901201,4534.841198901201,1176,2657,1917
4537.685161140944,4537.435161140944,4537.935161140944,1743,2132,1938
4537.493407063891,4537.368407063891,4537.618407063891,976,771,874
4538.030600746842,4537.905600746842,4538.155600746842,1262,1603,1433
4538.103468104312,4537.728468104312,4538.478468104312,1961,914,1438
4539.400652309924,4539.275652309924,4539.525652309924,897,2614,1756
4536.423073755319,4536.298073755319,4536.548073755319,1241,988,1115
4538.470133225661,4538.345133225661,4538.595133225661,1396,1065,1231
4541.295160646716,4540.920160646716,4541.670160646716,1747,1086,1417
4540.056275678482,4539.931275678482,4540.181275678482,1427,1730,1579
4536.755636313314,4536.630636313314,4536.880636313314,660,1019,840
4533.75899919206,4533.63399919206,4533.88399919206,1131,2092,1612
4531.442320965266,4531.317320965266,4531.567320965266,1687,1546,1617
4529.313178764656,4529.063178764656,4529.563178764656,729,1398,1064
4528.4357272458265,4528.1857272458265,4528.6857272458265,2030,1205,1618
4531.483419725403,4531.233419725403,4531.733419725403,2560,1183,1872
4524.63360948359,4524.50860948359,4524.75860948359,2515,1116,1816
4525.649177349244,4525.524177349244,4525.774177349244,1201,1626,1414
4523.085087778386,4522.960087778386,4523.210087778386,802,1375,1089
4523.758686596535,4523.633686596535,4523.883686596535,1462,847,1155
4519.005723269302,4518.880723269302,4519.130723269302,1073,858,966
4522.769881664855,4522.644881664855,4522.894881664855,1547,2218,1883
4524.771701709912,4524.646701709912,4524.896701709912,2168,1071,1620
4524.145019506492,4524.020019506492,4524.270019506492,1070,1721,1396
4525.539707079665,4525.414707079665,4525.664707079665,1570,1253,1412
4526.518453538792,4526.393453538792,4526.643453538792,910,809,860
4525.306478260245,4525.181478260245,4525.431478260245,932,861,897
4524.373300809143,4524.248300809143,4524.498300809143,1108,2813,1961
4521.793965890986,4521.543965890986,4522.043965890986,1140,1189,1165
4520.139547961775,4520.014547961775,4520.264547961775,1483,496,990
4520.210654927297,4519.960654927297,4520.460654927297,1021,1710,1366
4519.37899715576,4519.12899715576,4519.62899715576,918,1967,1443
4519.142941682166,4518.892941682166,4519.392941682166,692,1087,890
4523.131339906074,4522.881339906074,4523.381339906074,2634,1105,1870
4525.561514674443,4525.436514674443,4525.686514674443,1449,1222,1336
4526.25139547337,4526.12639547337,4526.37639547337,2041,1262,1652
4529.525314242891,4529.400314242891,4529.650314242891,1241,2272,1757
4529.9396172097895,4529.8146172097895,4530.0646172097895,1354,1265,1310
4528.256605492481,4528.006605492481,4528.506605492481,1354,463,909
4524.655713184027,4524.530713184027,4524.780713184027,1390,1423,1407
4520.326907547588,4520.201907547588,4520.451907547588,1748,891,1320
4525.208621131445,4524.833621131445,4525.583621131445,2737,1124,1931
4526.29053618386,4526.04053618386,4526.54053618386,557,1644,1101
4524.7501934487655,4524.5001934487655,4525.0001934487655,1679,968,1324
4526.909442674117,4526.659442674117,4527.159442674117,2181,1472,1827
4525.220186725333,4525.095186725333,4525.345186725333,679,1882,1281
4521.6447568649655,4521.5197568649655,4521.7697568649655,1022,1011,1017
4520.767597071327,4520.392597071327,4521.142597071327,1000,2437,1719
4526.647213550929,4526.397213550929,4526.897213550929,1114,1037,1076
4526.372675008535,4526.247675008535,4526.497675008535,834,805,820
4528.622588084404,4528.497588084404,4528.747588084404,1544,1387,1466
4530.777161459549,4530.652161459549,4530.902161459549,850,967,909
4529.337926464039,4529.212926464039,4529.462926464039,2097,1274,1686
4531.0504222821355,4530.8004222821355,4531.3004222821355,811,2024,1418
4533.458639351919,4533.333639351919,4533.583639351919,1271,622,947
4537.65851374722,4537.40851374722,4537.90851374722,720,1327,1024
4534.593892092387,4534.218892092387,4534.968892092387,1157,1230,1194
4534.55115126396,4534.30115126396,4534.80115126396,1159,1496,1328
4532.750757657463,4532.625757657463,4532.875757657463,1126,1559,1343
4535.062013999168,4534.812013999168,4535.312013999168,493,1310,902
4538.556011339633,4538.431011339633,4538.681011339633,983,2162,1573
4537.696544393327,4537.571544393327,4537.821544393327,1783,1292,1538
4537.362514144574,4537.237514144574,4537.487514144574,1335,990,1163
4536.113071358688,4535.988071358688,4536.238071358688,768,1287,1028
4531.632629766775,4531.507629766775,4531.757629766775,1247,1096,1172
4535.718207790901,4535.593207790901,4535.843207790901,609,1756,1183
4535.239175301147,4535.114175301147,4535.364175301147,1660,1595,1628
4530.212808348291,4530.087808348291,4530.337808348291,1736,1233,1485
4531.982397977731,4531.857397977731,4532.107397977731,2697,1106,1902
4533.271969329642,4533.146969329642,4533.396969329642,567,1102,835
4532.725134106891,4532.600134106891,4532.850134106891,1499,1700,1600
4532.214068457538,4532.089068457538,4532.339068457538,1329,550,940
4531.757849712199,4531.632849712199,4531.882849712199,2625,1346,1986
4531.340424680017,4531.215424680017,4531.465424680017,871,1668,1270
4533.796145843052,4533.671145843052,4533.921145843052,1711,946,1329
4534.976967327874,4534.851967327874,4535.101967327874,859,1126,993
4538.946683979572,4538.821683979572,4539.071683979572,815,1052,934
4538.413570522696,4538.288570522696,4538.538570522696,1113,750,932
4535.651981091316,4535.526981091316,4535.776981091316,1647,2094,1871
4534.983836501435,4534.858836501435,4535.108836501435,796,2213,1505
4533.614890213314,4533.489890213314,4533.739890213314,1308,581,945
4532.298441630608,4532.173441630608,4532.423441630608,1031,656,844
4529.465619442766,4529.340619442766,4529.590619442766,2095,1384,1740
4531.121674395096,4530.996674395096,4531.246674395096,1424,1021,1223
4528.781803952624,4528.531803952624,4529.031803952624,777,972,875
4528.91367092932,4528.78867092932,4529.03867092932,812,1685,1249
4534.437010089583,4534.062010089583,4534.812010089583,1051,1312,1182
4535.428752592307,4535.303752592307,4535.553752592307,1441,1508,1475
4534.238295834846,4533.863295834846,4534.613295834846,2051,900,1476
4537.185496142322,4537.060496142322,4537.310496142322,1661,2040,1851
4536.343626027526,4536.093626027526,4536.593626027526,2080,837,1459
4537.314408167519,4537.064408167519,4537.564408167519,1087,2104,1596
4536.030000091281,4535.905000091281,4536.155000091281,1955,1800,1878
4535.564578436437,4535.314578436437,4535.814578436437,2276,1389,1833
4533.766308230293,4533.641308230293,4533.891308230293,1929,1692,1811
4531.415869759813,4531.290869759813,4531.540869759813,1673,780,1227
4530.420581951466,4530.045581951466,4530.795581951466,1334,1675,1505
4529.193227370089,4529.068227370089,4529.318227370089,1046,2051,1549
4528.893192776637,4528.643192776637,4529.143192776637,978,1721,1350
4529.2926914378195,4529.1676914378195,4529.4176914378195,1529,784,1157
4527.147450174822,4527.022450174822,4527.272450174822,928,1381,1155
4528.325861255558,4528.200861255558,4528.450861255558,1102,877,990
4528.879682331287,4528.754682331287,4529.004682331287,2738,927,1833
4525.427947049875,4525.302947049875,4525.552947049875,587,1590,1089
4524.134152068797,4524.009152068797,4524.259152068797,1540,841,1191
4523.174130313301,4523.049130313301,4523.299130313301,1203,858,1031
4523.345133457965,4523.220133457965,4523.470133457965,1934,1409,1672
4523.507658214181,4523.382658214181,4523.632658214181,2235,1284,1760
4526.22534686604,4526.10034686604,4526.35034686604,1375,2136,1756
4525.685822301132,4525.560822301132,4525.810822301132,1084,1177,1131
4525.6675525190985,4525.2925525190985,4526.0425525190985,1824,1297,1561
4524.31754590884,4524.19254590884,4524.44254590884,1927,1684,1806
4527.759153121291,4527.634153121291,4527.884153121291,1481,1632,1557
4529.137875656648,4528.887875656648,4529.387875656648,732,2157,1445
4528.118116654369,4527.993116654369,4528.243116654369,1624,2219,1922
4530.9753133932445,4530.7253133932445,4531.2253133932445,1374,1605,1490
4530.480049492141,4530.355049492141,4530.605049492141,929,1408,1169
4531.828281904697,4531.453281904697,4532.203281904697,700,1325,1013
4534.738815400565,4534.613815400565,4534.863815400565,2000,1503,1752
4535.669121445598,4535.294121445598,4536.044121445598,961,1292,1127
4537.7316409344485,4537.6066409344485,4537.8566409344485,1921,1724,1823
4536.405886093583,4536.280886093583,4536.530886093583,815,938,877
4532.21305459952,4531.96305459952,4532.46305459952,1875,1552,1714
4532.878919280284,4532.753919280284,4533.003919280284,1397,586,992
4534.263569532581,4533.888569532581,4534.638569532581,1519,1386,1453
4532.64527628549,4532.52027628549,4532.77027628549,1795,1560,1678
4534.113726191599,4533.863726191599,4534.363726191599,1628,2233,1931
4533.39492050429,4533.26992050429,4533.51992050429,653,1882,1268
4533.475922094627,4533.350922094627,4533.600922094627,952,2377,1665
4532.835881997786,4532.585881997786,4533.085881997786,1781,1336,1559
4531.961853848753,4531.836853848753,4532.086853848753,1497,1790,1644
4529.952499634758,4529.827499634758,4530.077499634758,1529,1118,1324
4532.245042861292,4531.995042861292,4532.495042861292,626,1809,1218
4534.535659121685,4534.285659121685,4534.785659121685,1899,780,1340
4533.059673740829,4532.934673740829,4533.184673740829,2259,962,1611
4535.069248014865,4534.944248014865,4535.194248014865,869,1476,1173
4532.822583102404,4532.572583102404,4533.072583102404,1269,1526,1398
4532.299053510713,4532.049053510713,4532.549053510713,983,2874,1929
4532.823515239777,4532.573515239777,4533.073515239777,1153,672,913
4531.147505859107,4530.772505859107,4531.522505859107,1526,1583,1555
4529.383836974574,4529.258836974574,4529.508836974574,2169,910,1540
4528.506698174436,4528.256698174436,4528.756698174436,1335,2374,1855
4529.590080444573,4529.340080444573,4529.840080444573,1241,940,1091
4529.758767177683,4529.508767177683,4530.008767177683,611,1718,1165
4524.816351859082,4524.691351859082,4524.941351859082,1168,469,819
4523.085128713106,4522.960128713106,4523.210128713106,1517,510,1014
4519.688663928369,4519.438663928369,4519.938663928369,1197,1180,1189
4519.670246404866,4519.545246404866,4519.795246404866,850,1909,1380
4521.04495821201,4520.79495821201,4521.29495821201,875,984,930
4520.656946964951,4520.531946964951,4520.781946964951,623,1500,1062
4521.6152466328285,4521.4902466328285,4521.7402466328285,2047,728,1388
4519.698199611057,4519.448199611057,4519.948199611057,2287,1672,1980
4520.652730125147,4520.527730125147,4520.777730125147,1931,644,1288
4520.19671399868,4519.94671399868,4520.44671399868,1170,999,1085
4519.591866848172,4519.341866848172,4519.841866848172,1895,2014,1955
4520.6855059325,4520.5605059325,4520.8105059325,912,921,917
4517.033338377929,4516.783338377929,4517.283338377929,1615,1432,1524
4517.297137147826,4516.922137147826,4517.672137147826,1749,1468,1609
4517.751990066052,4517.626990066052,4517.876990066052,1216,1589,1403
4516.687423429042,4516.437423429042,4516.937423429042,1324,1337,1331
4516.151470406523,4515.776470406523,4516.526470406523,1164,765,965
4514.2866769975135,4514.1616769975135,4514.4116769975135,1229,894,1062
4514.2461662421865,4514.1211662421865,4514.3711662421865,726,957,842
4516.407135455051,4516.032135455051,4516.782135455051,902,2541,1722
4517.004202787778,4516.754202787778,4517.254202787778,1577,806,1192
4520.153106749147,4519.903106749147,4520.403106749147,1347,1800,1574
4524.7698235832,4524.6448235832,4524.8948235832,1537,886,1212
4524.697089672796,4524.322089672796,4525.072089672796,921,1744,1333
4526.757109812318,4526.632109812318,4526.882109812318,1787,1398,1593
4528.506260681121,4528.256260681121,4528.756260681121,1604,1837,1721
4523.946995803428,4523.821995803428,4524.071995803428,1897,1014,1456
4522.712791697405,4522.587791697405,4522.837791697405,1186,1273,1230
4520.116451310076,4519.991451310076,4520.241451310076,1677,894,1286
4519.448533851133,4519.323533851133,4519.573533851133,1308,1091,1200
4516.432492878999,4516.307492878999,4516.557492878999,1353,1084,1219
4518.450588213418,4518.325588213418,4518.575588213418,1687,1208,1448
4517.3242808591995,4517.1992808591995,4517.4492808591995,1485,1608,1547
4513.98948383381,4513.61448383381,4514.36448383381,710,1813,1262
4513.52327039519,4513.39827039519,4513.64827039519,1616,573,1095
4514.6816877716865,4514.4316877716865,4514.9316877716865,472,1301,887
4513.412699432585,4513.037699432585,4513.787699432585,1797,1486,1642
4511.8501574138345,4511.6001574138345,4512.1001574138345,567,1434,1001
4512.8619740097965,4512.7369740097965,4512.9869740097965,1598,1167,1383
4510.302838672147,4510.052838672147,4510.552838672147,1072,1197,1135
4508.109802359076,4507.859802359076,4508.359802359076,1414,1949,1682
4508.018637742851,4507.893637742851,4508.143637742851,839,778,809
4508.620680107891,4508.245680107891,4508.995680107891,2335,1636,1986
4509.752594360356,4509.627594360356,4509.877594360356,894,1157,1026
4506.962547301193,4506.837547301193,4507.087547301193,1446,1005,1226
4503.537807184642,4503.412807184642,4503.662807184642,1130,577,854
4502.9180827961445,4502.7930827961445,4503.0430827961445,914,2605,1760
4499.974951482374,4499.849951482374,4500.099951482374,1075,2826,1951
4499.3955936631,4499.1455936631,4499.6455936631,998,1065,1032
4498.780139398408,4498.655139398408,4498.905139398408,610,1089,850
4499.865568391304,4499.740568391304,4499.990568391304,1562,1593,1578
4502.032425992364,4501.907425992364,4502.157425992364,1563,1382,1473
4498.637746790942,4498.387746790942,4498.887746790942,1869,1368,1619
4499.467763107569,4499.092763107569,4499.842763107569,1196,1963,1580
4499.986397369239,4499.861397369239,4500.111397369239,1068,837,953
4500.807816596618,4500.682816596618,4500.932816596618,1178,1927,1553
4501.46933585286,4501.34433585286,4501.59433585286,1350,1225,1288
4502.110901391513,4501.860901391513,4502.360901391513,800,2147,1474
4504.188958766301,4504.063958766301,4504.313958766301,1441,1464,1453
4502.743085908863,4502.618085908863,4502.868085908863,738,925,832
4497.983670697742,4497.858670697742,4498.108670697742,2292,1181,1737
4500.309974895541,4500.184974895541,4500.434974895541,1387,2452,1920
4501.6831316475955,4501.5581316475955,4501.8081316475955,864,863,864
4501.65506652245,4501.40506652245,4501.90506652245,751,1382,1067
4502.486112755265,4502.361112755265,4502.611112755265,1394,2463,1929
4503.476401685917,4503.351401685917,4503.601401685917,964,2711,1838
4498.374341223086,4498.124341223086,4498.624341223086,1468,1417,1443
4497.356473388026,4497.231473388026,4497.481473388026,1733,1250,1492
4501.090051558009,4500.965051558009,4501.215051558009,1405,880,1143
4500.109589023396,4499.859589023396,4500.359589023396,1074,705,890
4499.6978290145635,4499.4478290145635,4499.9478290145635,1883,928,1406
4500.152777163006,4500.027777163006,4500.277777163006,1240,1627,1434
4501.69667195264,4501.57167195264,4501.82167195264,908,1381,1145
4502.075438944163,4501.950438944163,4502.200438944163,1294,627,961
4501.1086857957325,4500.8586857957325,4501.3586857957325,2115,1596,1856
4502.322591364109,4502.197591364109,4502.447591364109,1480,1823,1652
4500.474154696137,4500.349154696137,4500.599154696137,1859,1448,1654
4499.095456281088,4498.845456281088,4499.345456281088,1521,776,1149
4497.916305351385,4497.791305351385,4498.041305351385,1136,1271,1204
4497.635496597818,4497.385496597818,4497.885496597818,785,1274,1030
4498.269566649606,4498.144566649606,4498.394566649606,833,1500,1167
4498.3877783338285,4498.1377783338285,4498.6377783338285,2345,1488,1917
4497.5067169748145,4497.3817169748145,4497.6317169748145,2153,1380,1767
4500.69451487073,4500.56951487073,4500.81951487073,930,1385,1158
4498.572171785335,4498.447171785335,4498.697171785335,1647,1562,1605
4499.88054737919,4499.75554737919,4500.00554737919,1010,745,878
4498.12346223229,4497.87346223229,4498.37346223229,2606,1087,1847
4498.4806776312935,4498.2306776312935,4498.7306776312935,1815,1204,1510
4500.4447784316035,4500.1947784316035,4500.6947784316035,2278,1307,1793
4500.379804295068,4500.254804295068,4500.504804295068,2411,1200,1806
4501.519741567921,4501.269741567921,4501.769741567921,1163,1882,1523
4499.07434172473,4498.69934172473,4499.44934172473,1125,1302,1214
4497.52988784977,4497.15488784977,4497.90488784977,1135,652,894
4496.326473687663,4496.201473687663,4496.451473687663,1686,1197,1442
4498.438115039522,4498.313115039522,4498.563115039522,1075,2538,1807
4497.269596784926,4497.019596784926,4497.519596784926,2141,1308,1725
4495.93349602438,4495.55849602438,4496.30849602438,673,1680,1177
4492.925409698899,4492.800409698899,4493.050409698899,653,1012,833
4495.410491098404,4495.160491098404,4495.660491098404,1420,2383,1902
4496.992510528971,4496.867510528971,4497.117510528971,903,768,836
4497.554014118752,4497.429014118752,4497.679014118752,2582,1291,1937
4500.100756647425,4499.975756647425,4500.225756647425,1117,2326,1722
4498.758735208522,4498.383735208522,4499.133735208522,1314,1633,1474
4495.521426434623,4495.271426434623,4495.771426434623,681,1078,880
4496.4808606225715,4496.3558606225715,4496.6058606225715,1752,927,1340
4495.104117733867,4494.979117733867,4495.229117733867,772,1559,1166
4494.915139390488,4494.790139390488,4495.040139390488,2167,1012,1590
4501.07056920258,4500.82056920258,4501.32056920258,2449,1136,1793
4499.046205023251,4498.796205023251,4499.296205023251,1002,2793,1898
4499.03630567025,4498.78630567025,4499.28630567025,1120,1689,1405
4501.6009206007375,4501.4759206007375,4501.7259206007375,1050,677,864
4502.501061645447,4502.376061645447,4502.626061645447,2544,1297,1921
4503.51505382397,4503.39005382397,4503.64005382397,1442,1077,1260
4503.179659337621,4502.929659337621,4503.429659337621,1276,957,1117
4504.913914909646,4504.663914909646,4505.163914909646,857,1684,1271
4506.979418805959,4506.854418805959,4507.104418805959,1615,1152,1384
4505.163381776649,4504.913381776649,4505.413381776649,948,2733,1841
4507.608086021546,4507.483086021546,4507.733086021546,1008,1709,1359
4507.548920130258,4507.298920130258,4507.798920130258,1764,1179,1472
4506.374771494272,4506.249771494272,4506.499771494272,1342,497,920
4507.6672245144355,4507.2922245144355,4508.0422245144355,487,1180,834
4507.96146123553,4507.58646123553,4508.33646123553,1652,2087,1870
4507.746385471834,4507.496385471834,4507.996385471834,1309,2102,1706
4504.341425185877,4504.216425185877,4504.466425185877,1330,723,1027
4502.864560200617,4502.739560200617,4502.989560200617,1216,555,886
4503.039799848799,4502.914799848799,4503.164799848799,1922,1221,1572
4505.103526757288,4504.853526757288,4505.353526757288,1643,960,1302
4502.460188477896,4502.210188477896,4502.710188477896,998,809,904
4504.665675662996,4504.540675662996,4504.790675662996,1674,1945,1810
4504.002467782423,4503.877467782423,4504.127467782423,826,1321,1074
4502.367095411697,4502.117095411697,4502.617095411697,652,1743,1198
4502.385735967052,4502.260735967052,4502.510735967052,1692,1601,1647
4505.701005892374,4505.451005892374,4505.951005892374,2352,843,1598
4506.375266879197,4506.250266879197,4506.500266879197,525,1170,848
4502.766213590327,4502.391213590327,4503.141213590327,1913,1766,1840
4503.300628830964,4503.175628830964,4503.425628830964,1264,1895,1580
4504.290376386969,4504.040376386969,4504.540376386969,2531,1128,1830
4501.32924325716,4501.20424325716,4501.45424325716,2005,988,1497
4497.916424151765,4497.541424151765,4498.291424151765,877,1570,1224
4494.812950953919,4494.687950953919,4494.937950953919,2455,1212,1834
4492.73073316694,4492.35573316694,4493.10573316694,1016,2259,1638
4490.976177481175,4490.851177481175,4491.101177481175,1009,2820,1915
4494.958349392848,4494.833349392848,4495.083349392848,1374,745,1060
4498.142423060499,4498.017423060499,4498.267423060499,1425,832,1129
4490.120303288631,4489.995303288631,4490.245303288631,2294,1045,1670
4482.088376603295,4481.963376603295,4482.213376603295,2217,1554,1886
4476.155547818747,4476.030547818747,4476.280547818747,766,2257,1512
4481.847748565115,4481.472748565115,4482.222748565115,1530,619,1075
4490.210418695254,4489.960418695254,4490.460418695254,667,1046,857
4493.777628086043,4493.652628086043,4493.902628086043,659,940,800
4492.133644136405,4491.883644136405,4492.383644136405,675,1224,950
4486.099413608816,4485.974413608816,4486.224413608816,2426,1407,1917
4491.704188232485,4491.454188232485,4491.954188232485,1981,846,1414
4487.310127884838,4487.185127884838,4487.435127884838,1572,1145,1359
4482.338639704562,4482.213639704562,4482.463639704562,2293,1086,1690
4486.614315966421,4486.239315966421,4486.989315966421,1000,711,856
4495.588057511217,4495.463057511217,4495.713057511217,1234,1539,1387
4489.887764050949,4489.637764050949,4490.137764050949,2396,1169,1783
4487.928620784829,4487.678620784829,4488.178620784829,855,946,901
4485.929718760812,4485.804718760812,4486.054718760812,1531,1668,1600
4495.2993485941715,4495.1743485941715,4495.4243485941715,1009,2838,1924
4500.490462533042,4500.365462533042,4500.615462533042,2009,1910,1960
4501.864703091213,4501.614703091213,4502.114703091213,2058,1315,1687
4505.1074824591515,4504.9824824591515,4505.2324824591515,855,1958,1407
4498.527137404928,4498.402137404928,4498.652137404928,987,984,986
4497.495050845811,4497.370050845811,4497.620050845811,1757,2084,1921
4496.94689852955,4496.82189852955,4497.07189852955,1150,2361,1756
4502.116821764397,4501.991821764397,4502.241821764397,1046,1895,1471
4502.177128467952,4502.052128467952,4502.302128467952,858,913,886
4491.767912231019,4491.517912231019,4492.017912231019,926,1239,1083
4490.7115342201305,4490.3365342201305,4491.0865342201305,1690,791,1241
4489.85632922767,4489.73132922767,4489.98132922767,829,2158,1494
4491.491935475717,4491.366935475717,4491.616935475717,944,1629,1287
4487.6208839844185,4487.4958839844185,4487.7458839844185,1602,1781,1692
4488.092137599938,4487.717137599938,4488.467137599938,1792,709,1251
4481.310948386064,4481.185948386064,4481.435948386064,1390,1805,1598
4481.711794899617,4481.586794899617,4481.836794899617,1367,2178,1773
4489.015168093209,4488.890168093209,4489.140168093209,1819,776,1298
4489.084854961486,4488.709854961486,4489.459854961486,1838,811,1325
4484.415517695335,4484.040517695335,4484.790517695335,923,686,805
4489.615869765202,4489.490869765202,4489.740869765202,1524,1217,1371
4494.847454119239,4494.597454119239,4495.097454119239,1483,830,1157
4497.890100776782,4497.640100776782,4498.140100776782,1016,2533,1775
4495.097953957924,4494.722953957924,4495.472953957924,2313,1106,1710
4505.552002648629,4505.302002648629,4505.802002648629,625,1522,1074
4503.655441751319,4503.530441751319,4503.780441751319,1075,2650,1863
4504.531028899009,4504.281028899009,4504.781028899009,1223,784,1004
4501.637523658922,4501.512523658922,4501.762523658922,1018,2373,1696
4492.950132689356,4492.700132689356,4493.200132689356,456,1265,861
4500.272783388415,4500.147783388415,4500.397783388415,967,1380,1174
4497.816279806975,4497.691279806975,4497.941279806975,1987,942,1465
4496.92349833218,4496.67349833218,4497.17349833218,1676,697,1187
4499.689303710338,4499.564303710338,4499.814303710338,1980,1787,1884
4497.098773892401,4496.973773892401,4497.223773892401,1137,1710,1424
4494.876056881062,4494.626056881062,4495.126056881062,532,1317,925
4493.316705128089,4493.066705128089,4493.566705128089,1172,679,926
4503.100848214448,4502.975848214448,4503.225848214448,2281,1326,1804
4510.751833462899,4510.501833462899,4511.001833462899,1196,2685,1941
4515.105352541894,4514.980352541894,4515.230352541894,924,913,919
4510.600062928862,4510.225062928862,4510.975062928862,1982,685,1334
4508.386152191638,4508.261152191638,4508.511152191638,796,2375,1586
4503.335362623535,4503.210362623535,4503.460362623535,2295,1176,1736
4497.548487249779,4497.423487249779,4497.673487249779,1671,1862,1767
4494.608869117579,4494.233869117579,4494.983869117579,1943,1612,1778
4493.113875680575,4492.863875680575,4493.363875680575,719,1546,1133
4495.173244957466,4495.048244957466,4495.298244957466,2545,1086,1816
4487.648456411588,4487.523456411588,4487.773456411588,573,1670,1122
4485.687649949272,4485.562649949272,4485.812649949272,1037,2124,1581
4489.061326792932,4488.686326792932,4489.436326792932,2372,1363,1868
4494.072212172725,4493.947212172725,4494.197212172725,1081,1992,1537
4495.971344430227,4495.846344430227,4496.096344430227,1112,2715,1914
4500.879999519948,4500.754999519948,4501.004999519948,990,1675,1333
4500.668863495306,4500.418863495306,4500.918863495306,1298,725,1012
4494.952296788435,4494.827296788435,4495.077296788435,1213,1262,1238
4494.48867236713,4494.23867236713,4494.73867236713,1907,1434,1671
4502.949943458048,4502.699943458048,4503.199943458048,1483,566,1025
4503.409456365413,4503.159456365413,4503.659456365413,2092,751,1422
4499.369887337996,4499.244887337996,4499.494887337996,2133,724,1429
4496.326192116098,4496.201192116098,4496.451192116098,1986,1467,1727
4496.7139760418195,4496.5889760418195,4496.8389760418195,946,1543,1245
4491.266320340474,4491.141320340474,4491.391320340474,2076,1257,1667
4490.956671489614,4490.706671489614,4491.206671489614,2329,1542,1936
4490.133170335401,4489.758170335401,4490.508170335401,610,1025,818
4488.986631689296,4488.736631689296,4489.236631689296,2450,1113,1782
4487.011494068282,4486.886494068282,4487.136494068282,1111,926,1019
4483.639890569353,4483.264890569353,4484.014890569353,854,1519,1187
4479.7986614191805,4479.5486614191805,4480.0486614191805,739,1386,1063
4475.344143147943,4475.219143147943,4475.469143147943,487,1400,944
4479.1450956392355,4478.8950956392355,4479.3950956392355,1753,698,1226
4470.9761562424965,4470.7261562424965,4471.2261562424965,1813,1752,1783
4468.1237956289515,4467.9987956289515,4468.2487956289515,1801,840,1321
4472.5828920447675,4472.3328920447675,4472.8328920447675,1139,1970,1555
4465.390942999653,4465.140942999653,4465.640942999653,828,1745,1287
4469.234187185661,4469.109187185661,4469.359187185661,1008,601,805
4467.3982039857665,4467.2732039857665,4467.5232039857665,2348,879,1614
4477.597182476615,4477.472182476615,4477.722182476615,1488,1825,1657
4480.992513516668,4480.742513516668,4481.242513516668,1354,2355,1855
4481.653876752558,4481.528876752558,4481.778876752558,1199,2562,1881
4478.534172029493,4478.284172029493,4478.784172029493,1357,716,1037
4478.663271281459,4478.538271281459,4478.788271281459,1727,646,1187
4476.592854503515,4476.217854503515,4476.967854503515,839,2298,1569
4470.891486341508,4470.766486341508,4471.016486341508,995,2108,1552
4474.937057598128,4474.812057598128,4475.062057598128,2159,998,1579
4469.868958064146,4469.618958064146,4470.118958064146,1413,1208,1311
4475.020811259533,4474.770811259533,4475.270811259533,1333,1748,1541
4477.029289980089,4476.904289980089,4477.154289980089,1886,1681,1784
4482.6336399766515,4482.5086399766515,4482.7586399766515,1031,1694,1363
4486.691500842613,4486.566500842613,4486.816500842613,1296,1159,1228
4485.129277971075,4484.879277971075,4485.379277971075,1403,556,980
4478.84978730798,4478.59978730798,4479.09978730798,1350,1717,1534
4486.220223610487,4486.095223610487,4486.345223610487,896,1955,1426
4483.640636748769,4483.390636748769,4483.890636748769,2026,1049,1538
4482.3832676549255,4482.2582676549255,4482.5082676549255,1094,1465,1280
4475.668033315302,4475.543033315302,4475.793033315302,1845,900,1373
4479.280505055115,4479.030505055115,4479.530505055115,1865,1144,1505
4477.303896144176,4476.928896144176,4477.678896144176,1483,1606,1545
4470.948026382805,4470.823026382805,4471.073026382805,1528,1337,1433
4464.187807615562,4464.062807615562,4464.312807615562,1078,2257,1668
4472.537297015224,4472.287297015224,4472.787297015224,2188,839,1514
4469.876005251237,4469.626005251237,4470.126005251237,870,913,892
4474.595595342279,4474.470595342279,4474.720595342279,1081,662,872
4472.199478033567,4472.074478033567,4472.324478033567,1151,2542,1847
4478.543027488511,4478.418027488511,4478.668027488511,2447,1104,1776
4475.027226125132,4474.777226125132,4475.277226125132,1684,2015,1850
4478.168488456576,4478.043488456576,4478.293488456576,1378,1199,1289
4472.673149755575,4472.548149755575,4472.798149755575,1311,800,1056
4469.173138708038,4469.048138708038,4469.298138708038,1070,779,925
4462.6370355120425,4462.3870355120425,4462.8870355120425,1539,1752,1646
4467.275917063521,4467.025917063521,4467.525917063521,715,888,802
4476.155973737967,4476.030973737967,4476.280973737967,1352,2059,1706
4476.098786243962,4475.973786243962,4476.223786243962,542,1111,827
4474.416487030647,4474.291487030647,4474.541487030647,1287,1498,1393
4477.394420362234,4477.144420362234,4477.644420362234,731,1714,1223
4482.511634171251,4482.386634171251,4482.636634171251,1053,1580,1317
4481.144455852688,4480.769455852688,4481.519455852688,1965,1106,1536
4481.798612254524,4481.673612254524,4481.923612254524,1684,1239,1462
4476.867035263219,4476.742035263219,4476.992035263219,1570,1933,1752
4479.761636075223,4479.636636075223,4479.886636075223,1575,914,1245
4484.88049754671,4484.50549754671,4485.25549754671,1019,678,849
4484.730982238796,4484.605982238796,4484.855982238796,1757,2100,1929
4482.300196559067,4482.050196559067,4482.550196559067,1193,828,1011
4486.372891390619,4485.997891390619,4486.747891390619,2670,1015,1843
4489.645521997037,4489.395521997037,4489.895521997037,1809,1198,1504
4497.893296671281,4497.768296671281,4498.018296671281,1307,502,905
4495.57082313913,4495.44582313913,4495.69582313913,1499,1966,1733
4494.925456374536,4494.675456374536,4495.175456374536,956,663,810
4492.640555269847,4492.515555269847,4492.765555269847,763,1884,1324
4496.413291813839,4496.288291813839,4496.538291813839,1740,1135,1438
4494.605977389853,4494.355977389853,4494.855977389853,1800,1101,1451
4501.926828579118,4501.676828579118,4502.176828579118,1536,939,1238
4501.5306332984865,4501.4056332984865,4501.6556332984865,907,2338,1623
4500.989544499849,4500.864544499849,4501.114544499849,1380,2399,1890
4498.1655816781895,4498.0405816781895,4498.2905816781895,865,2530,1698
4509.421591667439,4509.171591667439,4509.671591667439,2774,1199,1987
4503.050742567179,4502.800742567179,4503.300742567179,2140,839,1490
4501.013036793822,4500.888036793822,4501.138036793822,680,1309,995
4495.726654855711,4495.601654855711,4495.851654855711,2940,1033,1987
4499.707176290736,4499.457176290736,4499.957176290736,1970,1095,1533
4500.99450245675,4500.86950245675,4501.11950245675,1192,2533,1863
4504.933744657221,4504.808744657221,4505.058744657221,2158,1209,1684
4510.2769602325425,4510.0269602325425,4510.5269602325425,855,750,803
4507.717645642767,4507.592645642767,4507.842645642767,872,1683,1278
4508.273134347404,4508.148134347404,4508.398134347404,823,1412,1118
4506.562160400584,4506.437160400584,4506.687160400584,1072,1293,1183
4503.650355393241,4503.525355393241,4503.775355393241,1536,2191,1864
4512.496514780477,4512.371514780477,4512.621514780477,966,1015,991
4516.412436790734,4516.287436790734,4516.537436790734,994,947,971
4519.306217644421,4519.056217644421,4519.556217644421,1360,1755,1558
4512.98580801121,4512.73580801121,4513.23580801121,1564,1785,1675
4513.559681038411,4513.434681038411,4513.684681038411,1789,956,1373
4507.872206723719,4507.622206723719,4508.122206723719,955,2266,1611
4504.7049170395985,4504.5799170395985,4504.8299170395985,2249,1232,1741
4504.536090550645,4504.411090550645,4504.661090550645,777,1728,1253
4507.518437095096,4507.393437095096,4507.643437095096,894,1691,1293
4510.70878815428,4510.45878815428,4510.95878815428,450,1247,849
4510.652890158893,4510.527890158893,4510.777890158893,847,1490,1169
4508.283223766113,4508.033223766113,4508.533223766113,944,1179,1062
4513.20766271018,4513.08266271018,4513.33266271018,2246,849,1548
4505.834125562486,4505.709125562486,4505.959125562486,1372,523,948
4508.648358065192,4508.523358065192,4508.773358065192,848,2193,1521
4502.175705634189,4502.050705634189,4502.300705634189,899,1818,1359
4501.586747759983,4501.461747759983,4501.711747759983,1470,1507,1489
4506.638247495779,4506.513247495779,4506.763247495779,828,1559,1194
4501.21768004309,4500.96768004309,4501.46768004309,725,1514,1120
4490.682784978661,4490.432784978661,4490.932784978661,1584,657,1121
4494.2435824666245,4494.1185824666245,4494.3685824666245,608,1091,850
4491.502935461222,4491.127935461222,4491.877935461222,1485,2222,1854
4484.329305270543,4484.079305270543,4484.579305270543,1713,612,1163
4477.164970177617,4476.914970177617,4477.414970177617,1289,2034,1662
4483.549033435742,4483.424033435742,4483.674033435742,2640,1257,1949
4479.056155821368,4478.931155821368,4479.181155821368,928,1859,1394
4478.4908514919825,4478.3658514919825,4478.6158514919825,1387,610,999
4471.345024388159,4471.095024388159,4471.595024388159,1722,1859,1791
4475.484162710745,4475.234162710745,4475.734162710745,1383,682,1033
4475.787245039915,4475.662245039915,4475.912245039915,2363,1328,1846
4476.911429995161,4476.661429995161,4477.161429995161,1148,1951,1550
4475.874987042816,4475.749987042816,4475.999987042816,641,1164,903
4477.476059850842,4477.226059850842,4477.726059850842,1208,1553,1381
4475.021042807286,4474.771042807286,4475.271042807286,1102,2135,1619
4479.624276927345,4479.499276927345,4479.749276927345,1575,1984,1780
4484.535028938285,4484.285028938285,4484.785028938285,1112,1303,1208
4487.932156021043,4487.807156021043,4488.057156021043,1123,2726,1925
4491.543541669102,4491.418541669102,4491.668541669102,1461,830,1146
4495.464597959775,4495.214597959775,4495.714597959775,2582,1195,1889
4494.202790546086,4493.952790546086,4494.452790546086,1685,2260,1973
4497.722297573095,4497.597297573095,4497.847297573095,1321,452,887
4497.708613454035,4497.583613454035,4497.833613454035,532,1173,853
4488.525643355225,4488.400643355225,4488.650643355225,840,2479,1660
4488.167469267546,4488.042469267546,4488.292469267546,737,1348,1043
4495.660106228955,4495.535106228955,4495.785106228955,1356,781,1069
4498.645423308646,4498.520423308646,4498.770423308646,2751,1176,1964
4496.533405034811,4496.408405034811,4496.658405034811,1719,1498,1609
4494.3316474374005,4494.2066474374005,4494.4566474374005,846,1463,1155
4490.798597462936,4490.673597462936,4490.923597462936,1030,1431,1231
4495.4340939850645,4495.1840939850645,4495.6840939850645,1381,2286,1834
4499.3899524170365,4499.2649524170365,4499.5149524170365,2885,1112,1999
4494.862977793321,4494.737977793321,4494.987977793321,1660,755,1208
4491.644401731775,4491.519401731775,4491.769401731775,1155,2264,1710
4486.874346724911,4486.624346724911,4487.124346724911,515,1516,1016
4488.987359506908,4488.862359506908,4489.112359506908,1173,538,856
4484.653903874841,4484.528903874841,4484.778903874841,898,1261,1080
4491.355008063406,4491.105008063406,4491.605008063406,1535,1110,1323
4487.920601245116,4487.795601245116,4488.045601245116,2578,893,1736
4490.893300264557,4490.768300264557,4491.018300264557,1208,555,882
4487.748998612062,4487.498998612062,4487.998998612062,905,876,891
4487.27575339674,4487.15075339674,4487.40075339674,1415,680,1048
4483.995083922962,4483.870083922962,4484.120083922962,1580,877,1229
4489.980526196014,4489.605526196014,4490.355526196014,694,1599,1147
4493.319171025445,4492.944171025445,4493.694171025445,1736,999,1368
4503.602142943435,4503.477142943435,4503.727142943435,1496,1461,1479
4509.718439946748,4509.468439946748,4509.968439946748,780,1485,1133
4513.085349864799,4512.835349864799,4513.335349864799,1250,2275,1763
4513.312320292965,4513.187320292965,4513.437320292965,2090,1637,1864
4515.459329709433,4515.334329709433,4515.584329709433,1288,2077,1683
4517.824835111026,4517.574835111026,4518.074835111026,467,1276,872
4520.323275595374,4520.198275595374,4520.448275595374,1321,2492,1907
4519.807901065955,4519.682901065955,4519.932901065955,1396,2307,1852
4522.677689028621,4522.427689028621,4522.927689028621,1390,2489,1940
4523.194017392751,4523.069017392751,4523.319017392751,1386,821,1104
4522.954663014316,4522.829663014316,4523.079663014316,1056,2489,1773
4520.093126306666,4519.968126306666,4520.218126306666,583,1340,962
4515.726090933596,4515.601090933596,4515.851090933596,547,1152,850
4515.915899980445,4515.790899980445,4516.040899980445,1969,1046,1508
4517.512983862676,4517.387983862676,4517.637983862676,1432,771,1102
4515.853027777996,4515.728027777996,4515.978027777996,1932,683,1308
4518.261381624464,4518.011381624464,4518.511381624464,1378,1891,1635
4514.256155554014,4514.131155554014,4514.381155554014,2636,1025,1831
4511.723442240055,4511.598442240055,4511.848442240055,1790,1473,1632
4510.731618895341,4510.606618895341,4510.856618895341,850,1099,975
4505.673829409578,4505.548829409578,4505.798829409578,2477,1170,1824
4502.682047715305,4502.557047715305,4502.807047715305,1227,1220,1224
4509.080840130663,4508.955840130663,4509.205840130663,1885,1378,1632
4514.288849536635,4514.038849536635,4514.538849536635,1278,659,969
4519.430850011351,4519.305850011351,4519.555850011351,1649,2148,1899
4522.792053724236,4522.667053724236,4522.917053724236,1757,1776,1767
4525.856573183818,4525.606573183818,4526.106573183818,544,1611,1078
4525.572346930011,4525.197346930011,4525.947346930011,654,1753,1204
4530.698739274062,4530.573739274062,4530.823739274062,1247,1712,1480
4526.8627490706995,4526.7377490706995,4526.9877490706995,2207,1386,1797
4520.676236682,4520.551236682,4520.801236682,1037,1244,1141
4519.100801252597,4518.850801252597,4519.350801252597,1027,1090,1059
4518.347542682571,4518.097542682571,4518.597542682571,644,1075,860
4518.679556599864,4518.554556599864,4518.804556599864,1501,634,1068
4519.752553013887,4519.377553013887,4520.127553013887,1370,1133,1252
4515.274283806386,4515.024283806386,4515.524283806386,1268,2537,1903
4518.623334040963,4518.498334040963,4518.748334040963,1885,740,1313
4522.252522725029,4522.127522725029,4522.377522725029,1763,1416,1590
4518.575794701572,4518.450794701572,4518.700794701572,1931,2060,1996
4519.232034677887,4519.107034677887,4519.357034677887,2356,1553,1955
4522.742646904998,4522.617646904998,4522.867646904998,664,1343,1004
4529.243240664878,4528.993240664878,4529.493240664878,2126,1869,1998
4534.482047689009,4534.357047689009,4534.607047689009,623,1380,1002
4536.189403337025,4535.939403337025,4536.439403337025,1447,2248,1848
4533.552662518226,4533.302662518226,4533.802662518226,1495,1190,1343
4536.969145425453,4536.719145425453,4537.219145425453,819,902,861
4542.874103810388,4542.749103810388,4542.999103810388,833,2358,1596
4543.600805745148,4543.475805745148,4543.725805745148,1211,520,866
4538.220768272968,4537.970768272968,4538.470768272968,1383,2588,1986
4541.274433602189,4541.149433602189,4541.399433602189,2270,1255,1763
4547.76097037258,4547.63597037258,4547.88597037258,1088,2227,1658
4549.846263344372,4549.596263344372,4550.096263344372,870,733,802
4547.296791612121,4547.171791612121,4547.421791612121,1610,1157,1384
4546.761490763994,4546.636490763994,4546.886490763994,800,1505,1153
4548.505442011195,4548.380442011195,4548.630442011195,1540,993,1267
4547.3147512357355,4547.0647512357355,4547.5647512357355,2633,1262,1948
4549.81896219251,4549.69396219251,4549.94396219251,965,2464,1715
4546.148066459082,4545.898066459082,4546.398066459082,1358,1015,1187
4549.703610555298,4549.578610555298,4549.828610555298,632,1371,1002
4554.172750937724,4554.047750937724,4554.297750937724,1446,1805,1626
4548.909855727233,4548.784855727233,4549.034855727233,1557,1388,1473
4546.092223912849,4545.967223912849,4546.217223912849,1375,1104,1240
4544.2029099114825,4544.0779099114825,4544.3279099114825,1533,572,1053
4542.450029509304,4542.325029509304,4542.575029509304,1871,886,1379
4542.91919374114,4542.79419374114,4543.04419374114,1972,837,1405
4542.142672142551,4542.017672142551,4542.267672142551,1622,1841,1732
4544.238555321268,4544.113555321268,4544.363555321268,2449,1144,1797
4542.478021891728,4542.228021891728,4542.728021891728,830,2223,1527
4539.329406959406,4539.204406959406,4539.454406959406,1819,1276,1548
4538.694139170755,4538.569139170755,4538.819139170755,1959,1404,1682
4541.732107462206,4541.357107462206,4542.107107462206,2133,938,1536
4542.381842314984,4542.256842314984,4542.506842314984,1545,1942,1744
4542.526244314103,4542.401244314103,4542.651244314103,711,1178,945
4540.72397647545,4540.47397647545,4540.97397647545,1220,1105,1163
4538.073828175165,4537.948828175165,4538.198828175165,514,1169,842
4538.500392234477,4538.250392234477,4538.750392234477,1046,2175,1611
4543.440333270326,4543.190333270326,4543.690333270326,1512,879,1196
4536.72875684571,4536.60375684571,4536.85375684571,2175,1126,1651
4539.7089838693755,4539.3339838693755,4540.0839838693755,819,1596,1208
4542.142116825622,4541.892116825622,4542.392116825622,949,1302,1126
4541.7682104376045,4541.5182104376045,4542.0182104376045,896,1395,1146
4542.339903347458,4542.089903347458,4542.589903347458,2077,1686,1882
4543.620533854457,4543.495533854457,4543.745533854457,1652,905,1279
4539.883768263349,4539.633768263349,4540.133768263349,589,1022,806
4539.573330096872,4539.448330096872,4539.698330096872,2214,1503,1859
4534.135428052479,4534.010428052479,4534.260428052479,2446,1127,1787
4532.79647494782,4532.67147494782,4532.92147494782,1106,2439,1773
4528.5414779009725,4528.1664779009725,4528.9164779009725,2296,1055,1676
4530.92706714653,4530.80206714653,4531.05206714653,1064,2427,1746
4527.111413824639,4526.986413824639,4527.236413824639,1567,1810,1689
4523.132093978125,4523.007093978125,4523.257093978125,737,2086,1412
4529.628816119748,4529.503816119748,4529.753816119748,2166,863,1515
4531.491054835165,4531.366054835165,4531.616054835165,2457,1222,1840
4528.804567837156,4528.429567837156,4529.179567837156,2109,870,1490
4535.943295673363,4535.568295673363,4536.318295673363,597,1364,981
4532.356093529433,4532.106093529433,4532.606093529433,1786,1067,1427
4535.504480194078,4535.129480194078,4535.879480194078,507,1496,1002
4537.95087239655,4537.82587239655,4538.07587239655,708,1697,1203
4535.128758809999,4535.003758809999,4535.253758809999,1250,1345,1298
4525.161647393847,4525.036647393847,4525.286647393847,1549,1314,1432
4524.293699913142,4524.043699913142,4524.543699913142,1748,755,1252
4522.796265065096,4522.671265065096,4522.921265065096,1150,633,892
4527.686568492877,4527.436568492877,4527.936568492877,1695,1338,1517
4527.117850647918,4526.992850647918,4527.242850647918,1963,1714,1839
4521.9535598526745,4521.5785598526745,4522.3285598526745,1927,1226,1577
4521.10104369342,4520.85104369342,4521.35104369342,1938,1283,1611
4522.457938861854,4522.082938861854,4522.832938861854,1018,2047,1533
4520.14597527561,4519.77097527561,4520.52097527561,2041,1756,1899
4518.316949814049,4518.191949814049,4518.441949814049,1091,1032,1062
4523.934386490529,4523.684386490529,4524.184386490529,1008,1243,1126
4523.334098036244,4523.209098036244,4523.459098036244,2063,1732,1898
4525.119746211765,4524.994746211765,4525.244746211765,1852,1441,1647
4522.281129856455,4521.906129856455,4522.656129856455,1467,2460,1964
4524.702154527048,4524.452154527048,4524.952154527048,1924,763,1344
4529.413050945397,4529.288050945397,4529.538050945397,1085,1882,1484
4523.105840322874,4522.980840322874,4523.230840322874,1813,1160,1487
4522.282645610495,4521.907645610495,4522.657645610495,845,2282,1564
4522.651273095336,4522.276273095336,4523.026273095336,914,829,872
4521.502987515435,4521.377987515435,4521.627987515435,2082,1835,1959
4524.220787095902,4523.970787095902,4524.470787095902,1030,1863,1447
4530.161664170818,4529.911664170818,4530.411664170818,1752,2119,1936
4531.528267139608,4531.278267139608,4531.778267139608,806,2369,1588
4537.254292498897,4537.129292498897,4537.379292498897,887,1866,1377
4540.118699623095,4539.743699623095,4540.493699623095,1261,1740,1501
4540.533312190928,4540.283312190928,4540.783312190928,2600,1089,1845
4536.395212587227,4536.270212587227,4536.520212587227,1374,1067,1221
4538.800892235238,4538.550892235238,4539.050892235238,1769,786,1278
4533.530199957814,4533.405199957814,4533.655199957814,2450,1355,1903
4536.452586686893,4536.327586686893,4536.577586686893,1112,2231,1672
4528.848379740782,4528.473379740782,4529.223379740782,1097,888,993
4531.480654030626,4531.230654030626,4531.730654030626,1316,591,954
4533.665499720179,4533.415499720179,4533.915499720179,1833,1214,1524
4540.854967007228,4540.729967007228,4540.979967007228,1087,2398,1743
4540.678559773128,4540.553559773128,4540.803559773128,494,1213,854
4542.666904857328,4542.416904857328,4542.916904857328,856,1519,1188
4547.426929632399,4547.176929632399,4547.676929632399,1658,885,1272
4553.17223408462,4552.92223408462,4553.42223408462,725,972,849
4547.609152545208,4547.484152545208,4547.734152545208,1216,2731,1974
4547.286932561849,4547.161932561849,4547.411932561849,2906,973,1940
4552.680764949834,4552.555764949834,4552.805764949834,1430,553,992
4558.98686743142,4558.86186743142,4559.11186743142,1594,955,1275
4559.1479990349235,4559.0229990349235,4559.2729990349235,616,1567,1092
4562.484138956352,4562.359138956352,4562.609138956352,1708,2059,1884
4558.245147874629,4557.995147874629,4558.495147874629,2140,1539,1840
4556.689691405322,4556.439691405322,4556.939691405322,1027,778,903
4553.847957133467,4553.722957133467,4553.972957133467,1199,2432,1816
4551.231541933557,4551.106541933557,4551.356541933557,833,2006,1420
4549.457281621997,4549.332281621997,4549.582281621997,1571,2054,1813
4551.632546291013,4551.382546291013,4551.882546291013,532,1125,829
4555.830005352038,4555.580005352038,4556.080005352038,727,1498,1113
4561.679141956645,4561.554141956645,4561.804141956645,1488,2343,1916
4558.494361273143,4558.244361273143,4558.744361273143,1390,1969,1680
4557.734490927177,4557.609490927177,4557.859490927177,952,1083,1018
4559.174540622788,4559.049540622788,4559.299540622788,1874,1285,1580
4560.139952843976,4560.014952843976,4560.264952843976,496,1175,836
4566.411444990904,4566.286444990904,4566.536444990904,616,1085,851
4570.6120758924035,4570.4870758924035,4570.7370758924035,1618,887,1253
4570.497033556046,4570.372033556046,4570.622033556046,1125,1384,1255
4580.778026055158,4580.653026055158,4580.903026055158,1020,1735,1378
4580.251091505566,4580.126091505566,4580.376091505566,2485,920,1703
4581.277721870423,4580.902721870423,4581.652721870423,1945,756,1351
4580.364982404782,4580.114982404782,4580.614982404782,884,1003,944
4582.883977659998,4582.633977659998,4583.133977659998,872,1975,1424
4575.005744784958,4574.755744784958,4575.255744784958,1254,761,1008
4569.8580145841825,4569.7330145841825,4569.9830145841825,1798,885,1342
4573.274552533537,4573.024552533537,4573.524552533537,1096,2619,1858
4572.746958359454,4572.621958359454,4572.871958359454,1787,1112,1450
4568.852579700466,4568.602579700466,4569.102579700466,1609,1146,1378
4571.93362608258,4571.68362608258,4572.18362608258,450,1193,822
4571.74296360457,4571.49296360457,4571.99296360457,1586,1279,1433
4567.589167522325,4567.339167522325,4567.839167522325,770,1263,1017
4569.764272406943,4569.389272406943,4570.139272406943,847,924,886
4571.374339392561,4571.124339392561,4571.624339392561,1317,1788,1553
4569.408992879395,4569.158992879395,4569.658992879395,1074,563,819
4564.387429147325,4564.137429147325,4564.637429147325,2407,1316,1862
4564.805712794711,4564.555712794711,4565.055712794711,1275,2010,1643
4563.957446270115,4563.832446270115,4564.082446270115,1213,518,866
4564.190628544361,4564.065628544361,4564.315628544361,1143,2480,1812
4563.048137810962,4562.923137810962,4563.173137810962,912,1833,1373
4560.422790680072,4560.172790680072,4560.672790680072,1616,1897,1757
4556.664583168607,4556.414583168607,4556.914583168607,2609,1302,1956
4551.592171526179,4551.342171526179,4551.842171526179,665,1318,992
4547.609994069845,4547.359994069845,4547.859994069845,1910,1711,1811
4542.321849361708,4542.196849361708,4542.446849361708,2229,1656,1943
4534.720841743155,4534.595841743155,4534.845841743155,1718,667,1193
4534.686493572807,4534.436493572807,4534.936493572807,1632,2051,1842
4526.392492751031,4526.142492751031,4526.642492751031,1182,1923,1553
4523.158768341122,4523.033768341122,4523.283768341122,727,888,808
4528.389044274247,4528.139044274247,4528.639044274247,781,1258,1020
4523.926080435172,4523.801080435172,4524.051080435172,2191,1478,1835
4523.909055957578,4523.784055957578,4524.034055957578,677,988,833
4517.584147372598,4517.459147372598,4517.709147372598,2453,960,1707
4515.123611611794,4514.998611611794,4515.248611611794,715,1558,1137
4514.822874702912,4514.697874702912,4514.947874702912,1277,482,880
4508.568076714763,4508.318076714763,4508.818076714763,716,1597,1157
4509.113043783175,4508.863043783175,4509.363043783175,2205,798,1502
4511.210264797586,4511.085264797586,4511.335264797586,1557,1384,1471
4510.967478836055,4510.842478836055,4511.092478836055,1340,1833,1587
4506.248537134443,4506.123537134443,4506.373537134443,1303,1680,1492
4512.48028891209,4512.23028891209,4512.73028891209,1959,668,1314
4511.647895339669,4511.522895339669,4511.772895339669,2352,1235,1794
4515.631076946875,4515.381076946875,4515.881076946875,601,1276,939
4516.242552683527,4515.992552683527,4516.492552683527,1612,1243,1428
4512.85252773255,4512.60252773255,4513.10252773255,925,2732,1829
4516.896206893035,4516.521206893035,4517.271206893035,2249,1432,1841
4513.592070626744,4513.467070626744,4513.717070626744,976,1215,1096
4517.07798846449,4516.95298846449,4517.20298846449,1202,1287,1245
4516.772043197531,4516.647043197531,4516.897043197531,1237,1218,1228
4522.057491549561,4521.807491549561,4522.307491549561,1165,1062,1114
4521.801039085394,4521.676039085394,4521.926039085394,954,1733,1344
4515.872026003055,4515.747026003055,4515.997026003055,1700,1471,1586
4517.660739855267,4517.410739855267,4517.910739855267,1382,2029,1706
4524.608714128975,4524.358714128975,4524.858714128975,936,739,838
4522.556288297924,4522.181288297924,4522.931288297924,1636,1229,1433
4523.964812396839,4523.839812396839,4524.089812396839,1250,1113,1182
4525.128547786993,4525.003547786993,4525.253547786993,841,1054,948
4520.7860750901245,4520.6610750901245,4520.9110750901245,1143,2184,1664
4522.080958862548,4521.705958862548,4522.455958862548,1349,2318,1834
4524.383676190893,4524.258676190893,4524.508676190893,1195,2580,1888
4528.104563340797,4527.854563340797,4528.354563340797,2175,952,1564
4522.716108071737,4522.591108071737,4522.841108071737,1709,1626,1668
4512.308699540228,4512.183699540228,4512.433699540228,641,1522,1082
4516.746415291176,4516.621415291176,4516.871415291176,928,1899,1414
4518.205513040308,4518.080513040308,4518.330513040308,1781,1296,1539
4520.984610050942,4520.734610050942,4521.234610050942,899,2330,1615
4522.244909573755,4521.869909573755,4522.619909573755,1453,2458,1956
4525.630753523837,4525.505753523837,4525.755753523837,1891,1736,1814
4540.372719797275,4540.247719797275,4540.497719797275,979,1332,1156
4547.932427965533,4547.807427965533,4548.057427965533,762,1695,1229
4547.577678926108,4547.452678926108,4547.702678926108,586,1013,800
4541.32477382437,4541.19977382437,4541.44977382437,1074,795,935
4543.72025103327,4543.59525103327,4543.84525103327,1233,2678,1956
4539.984970797478,4539.609970797478,4540.359970797478,1741,898,1320
4540.749252793924,4540.624252793924,4540.874252793924,1374,2509,1942
4541.2433855118325,4541.1183855118325,4541.3683855118325,906,2135,1521
4535.187405425893,4534.937405425893,4535.437405425893,1274,1903,1589
4537.409860133008,4537.159860133008,4537.659860133008,2426,917,1672
4535.881738071647,4535.756738071647,4536.006738071647,2090,1633,1862
4540.081024543213,4539.956024543213,4540.206024543213,2484,1329,1907
4549.149915588383,4549.024915588383,4549.274915588383,1555,1624,1590
4551.401123336581,4551.276123336581,4551.526123336581,954,2697,1826
4557.397939285395,4557.272939285395,4557.522939285395,1030,2623,1827
4548.89874025928,4548.77374025928,4549.02374025928,1280,599,940
4545.042204294158,4544.917204294158,4545.167204294158,1301,526,914
4539.01705057701,4538.89205057701,4539.14205057701,1583,928,1256
4534.962092284811,4534.837092284811,4535.087092284811,819,890,855
4539.908561252482,4539.658561252482,4540.158561252482,830,1883,1357
4537.752160401224,4537.627160401224,4537.877160401224,1029,790,910
4551.2544509169065,4551.1294509169065,4551.3794509169065,968,1509,1239
4556.726176158048,4556.601176158048,4556.851176158048,1378,1221,1300
4558.4844926413025,4558.3594926413025,4558.6094926413025,1661,570,1116
4559.724075733949,4559.599075733949,4559.849075733949,686,1039,863
4560.256224558757,4560.131224558757,4560.381224558757,2638,949,1794
4557.930547871471,4557.805547871471,4558.055547871471,1907,1682,1795
4561.196062848434,4561.071062848434,4561.321062848434,1773,1980,1877
4566.789298167548,4566.539298167548,4567.039298167548,2428,1017,1723
4562.850171434954,4562.725171434954,4562.975171434954,1171,2668,1920
4558.45215638933,4558.32715638933,4558.57715638933,839,2268,1554
4558.791156449621,4558.666156449621,4558.916156449621,1096,623,860
4559.199371531225,4558.949371531225,4559.449371531225,1840,1203,1522
4558.256113061343,4558.006113061343,4558.506113061343,1552,1805,1679
4560.166351603481,4559.791351603481,4560.541351603481,2048,1433,1741
4555.122368829577,4554.872368829577,4555.372368829577,1130,1127,1129
4554.20856349695,4553.95856349695,4554.45856349695,1482,699,1091
4554.747877370829,4554.622877370829,4554.872877370829,2130,1841,1986
4558.860055585854,4558.485055585854,4559.235055585854,1526,1387,1457
4558.715742581463,4558.590742581463,4558.840742581463,971,1742,1357
4550.862245433596,4550.487245433596,4551.237245433596,1726,1661,1694
4551.0245225045965,4550.7745225045965,4551.2745225045965,1854,2073,1964
4546.957673180347,4546.707673180347,4547.207673180347,1456,2035,1746
4552.134231077248,4551.884231077248,4552.384231077248,1239,2610,1925
4555.331704958633,4555.206704958633,4555.456704958633,738,1657,1198
4556.52176639099,4556.39676639099,4556.64676639099,1630,1465,1548
4558.258077476878,4558.133077476878,4558.383077476878,1757,740,1249
4558.318993326616,4558.193993326616,4558.443993326616,2262,817,1540
4556.877424214688,4556.752424214688,4557.002424214688,1137,546,842
4562.208067804313,4561.958067804313,4562.458067804313,1277,1854,1566
4563.505040339073,4563.130040339073,4563.880040339073,1986,701,1344
4570.924556480454,4570.674556480454,4571.174556480454,857,952,905
4564.593594704231,4564.343594704231,4564.843594704231,1246,2719,1983
4567.678243735132,4567.553243735132,4567.803243735132,865,1724,1295
4561.963122499813,4561.713122499813,4562.213122499813,2286,1195,1741
4560.979518501133,4560.854518501133,4561.104518501133,1379,1410,1395
4564.25378299432,4564.12878299432,4564.37878299432,1006,915,961
4559.911779539889,4559.786779539889,4560.036779539889,1112,2283,1698
4563.448306938853,4563.073306938853,4563.823306938853,865,2072,1469
4558.68847360868,4558.56347360868,4558.81347360868,1053,1414,1234
4568.5633113476915,4568.3133113476915,4568.8133113476915,1125,840,983
4569.679349777845,4569.554349777845,4569.804349777845,1624,1609,1617
4568.566000249343,4568.441000249343,4568.691000249343,1555,1166,1361
4574.6506218934865,4574.2756218934865,4575.0256218934865,1244,631,938
4577.103514068776,4576.853514068776,4577.353514068776,1207,2638,1923
4579.15240385692,4578.90240385692,4579.40240385692,1536,1241,1389
4581.9966074750455,4581.8716074750455,4582.1216074750455,2584,1029,1807
4578.612788977849,4578.487788977849,4578.737788977849,631,1884,1258
4579.544726905375,4579.419726905375,4579.669726905375,1868,921,1395
4570.096803567534,4569.971803567534,4570.221803567534,1356,1571,1464
4573.8959503257265,4573.6459503257265,4574.1459503257265,771,848,810
4572.1955557209885,4572.0705557209885,4572.3205557209885,1952,745,1349
4576.913222495817,4576.788222495817,4577.038222495817,999,1526,1263
4579.428555909082,4579.303555909082,4579.553555909082,1202,861,1032
4577.501129416077,4577.251129416077,4577.751129416077,1532,1539,1536
4568.173254390233,4567.923254390233,4568.423254390233,1653,1236,1445
4565.8752519491645,4565.7502519491645,4566.0002519491645,1761,1750,1756
4564.488795502455,4564.363795502455,4564.613795502455,948,1073,1011
4566.85024736694,4566.72524736694,4566.97524736694,1896,739,1318
4560.289510670968,4560.164510670968,4560.414510670968,1817,728,1273
4561.143612212371,4561.018612212371,4561.268612212371,1414,2429,1922
4561.52574105864,4561.15074105864,4561.90074105864,1416,2219,1818
4556.165896852261,4555.790896852261,4556.540896852261,1653,1632,1643
4559.099163960377,4558.974163960377,4559.224163960377,753,1678,1216
4559.850550228016,4559.725550228016,4559.975550228016,636,1095,866
4563.693545309839,4563.443545309839,4563.943545309839,2269,1244,1757
4562.765936296169,4562.640936296169,4562.890936296169,992,2541,1767
4563.247659746769,4563.122659746769,4563.372659746769,1167,1436,1302
4564.365830947522,4564.115830947522,4564.615830947522,454,1253,854
4562.832494748439,4562.707494748439,4562.957494748439,843,2234,1539
4560.955280391848,4560.830280391848,4561.080280391848,1438,1019,1229
4563.92766248646,4563.80266248646,4564.05266248646,1207,1604,1406
4565.507199972748,4565.382199972748,4565.632199972748,743,1052,898
4567.329846862196,4567.079846862196,4567.579846862196,1158,771,965
4565.121453298771,4564.996453298771,4565.246453298771,995,2156,1576
4565.616214426107,4565.366214426107,4565.866214426107,1426,1895,1661
4561.488104065724,4561.363104065724,4561.613104065724,1376,885,1131
4561.113643068765,4560.738643068765,4561.488643068765,2024,1955,1990
4555.879865833784,4555.629865833784,4556.129865833784,2084,1199,1642
4557.712238550553,4557.337238550553,4558.087238550553,1539,1372,1456
4556.15038618831,4556.02538618831,4556.27538618831,1556,1345,1451
4556.955067636337,4556.830067636337,4557.080067636337,1919,1128,1524
4557.514734307481,4557.264734307481,4557.764734307481,1029,2080,1555
4559.478996159731,4559.353996159731,4559.603996159731,1103,1696,1400
4546.916414926211,4546.791414926211,4547.041414926211,2373,1386,1880
4541.064293459871,4540.939293459871,4541.189293459871,1464,2177,1821
4536.835734129846,4536.585734129846,4537.085734129846,2081,974,1528
4546.578523690087,4546.203523690087,4546.953523690087,1734,1265,1500
4546.913440832895,4546.663440832895,4547.163440832895,1292,1083,1188
4541.978566251088,4541.853566251088,4542.103566251088,782,1505,1144
4544.734110636073,4544.609110636073,4544.859110636073,855,1826,1341
4543.197661593682,4543.072661593682,4543.322661593682,1232,639,936
4540.213343415902,4539.838343415902,4540.588343415902,1774,1283,1529
4537.600635059165,4537.475635059165,4537.725635059165,1012,1429,1221
4540.903201768292,4540.778201768292,4541.028201768292,1837,1048,1443
4541.096713706042,4540.846713706042,4541.346713706042,1582,1547,1565
4537.9277542043665,4537.6777542043665,4538.1777542043665,1888,2039,1964
4536.352281254697,4536.227281254697,4536.477281254697,869,2098,1484
4538.836223704599,4538.711223704599,4538.961223704599,1055,2214,1635
4536.435367790816,4536.310367790816,4536.560367790816,624,1793,1209
4536.9082268087595,4536.7832268087595,4537.0332268087595,2201,1218,1710
4527.480791131964,4527.230791131964,4527.730791131964,2182,1621,1902
4527.379922361589,4527.254922361589,4527.504922361589,1859,2022,1941
4532.837378832835,4532.462378832835,4533.212378832835,761,1374,1068
4541.35214460256,4541.22714460256,4541.47714460256,2043,786,1415
4539.548568712208,4539.298568712208,4539.798568712208,2224,1113,1669
4545.2880106275425,4545.1630106275425,4545.4130106275425,1452,2285,1869
4539.357219812155,4538.982219812155,4539.732219812155,1363,472,918
4544.734116195726,4544.609116195726,4544.859116195726,1187,2390,1789
4545.024464397375,4544.899464397375,4545.149464397375,1355,1912,1634
4535.941324491275,4535.816324491275,4536.066324491275,1710,1905,1808
4534.396825068812,4534.146825068812,4534.646825068812,1232,609,921
4535.564414263223,4535.314414263223,4535.814414263223,1363,1102,1233
4533.263925913815,4533.138925913815,4533.388925913815,1029,1368,1199
4533.295330953679,4533.170330953679,4533.420330953679,1618,849,1234
4535.33234371508,4535.08234371508,4535.58234371508,1051,1558,1305
4524.988426846074,4524.738426846074,4525.238426846074,2168,1401,1785
4530.313733723508,4530.188733723508,4530.438733723508,2172,817,1495
4527.762266510562,4527.637266510562,4527.887266510562,857,1704,1281
4534.382993702067,4534.257993702067,4534.507993702067,699,2080,1390
4527.891939706915,4527.766939706915,4528.016939706915,1316,547,932
4526.997672380185,4526.622672380185,4527.372672380185,1382,929,1156
4525.208392452089,4524.958392452089,4525.458392452089,1956,1633,1795
4527.332684065774,4526.957684065774,4527.707684065774,1860,1171,1516
4529.266498224013,4529.016498224013,4529.516498224013,1224,1285,1255
4530.436416032842,4530.186416032842,4530.686416032842,1661,1340,1501
4532.570176717807,4532.445176717807,4532.695176717807,934,861,898
4529.182040452342,4529.057040452342,4529.307040452342,1846,1943,1895
4526.922966425581,4526.547966425581,4527.297966425581,1514,1027,1271
4528.861371324093,4528.736371324093,4528.986371324093,2331,1018,1675
4529.4062159675705,4529.2812159675705,4529.5312159675705,1072,1847,1460
4528.121108353021,4527.996108353021,4528.246108353021,1608,1557,1583
4527.538560548834,4527.413560548834,4527.663560548834,1143,810,977
4533.705481180955,4533.455481180955,4533.955481180955,2253,1142,1698
4533.376998548427,4533.251998548427,4533.501998548427,1282,1223,1253
4528.420359604545,4528.295359604545,4528.545359604545,1558,535,1047
4525.2965086515005,4525.1715086515005,4525.4215086515005,1247,450,849
4528.559072259995,4528.309072259995,4528.809072259995,1700,2099,1900
4530.377788911872,4530.127788911872,4530.627788911872,2074,1915,1995
4527.902525517445,4527.777525517445,4528.027525517445,1285,786,1036
4534.919167629602,4534.794167629602,4535.044167629602,1335,1832,1584
4537.864736751596,4537.739736751596,4537.989736751596,1097,840,969
4540.177214912252,4540.052214912252,4540.302214912252,1472,2131,1802
4545.296292106309,4545.046292106309,4545.546292106309,1105,1932,1519
4549.22905878995,4549.10405878995,4549.35405878995,1159,2236,1698
4553.313692007745,4553.188692007745,4553.438692007745,2238,1101,1670
4552.622763689275,4552.497763689275,4552.747763689275,2016,1763,1890
4554.212135624153,4554.087135624153,4554.337135624153,2053,1780,1917
4556.505237836124,4556.130237836124,4556.880237836124,1431,1844,1638
4557.782725879734,4557.657725879734,4557.907725879734,1749,650,1200
4554.139309466517,4554.014309466517,4554.264309466517,2289,1538,1914
4550.5165258727875,4550.3915258727875,4550.6415258727875,889,1770,1330
4550.59266516273,4550.34266516273,4550.84266516273,2070,935,1503
4551.047552332727,4550.672552332727,4551.422552332727,2414,1319,1867
4558.51480834179,4558.38980834179,4558.63980834179,1059,1114,1087
4559.547383191473,4559.422383191473,4559.672383191473,1676,2113,1895
4560.850854256506,4560.725854256506,4560.975854256506,757,1412,1085
4559.222459719657,4558.972459719657,4559.472459719657,730,1345,1038
4559.057304021057,4558.932304021057,4559.182304021057,930,1267,1099
4561.882520906321,4561.632520906321,4562.132520906321,1191,1884,1538
4556.2782404044965,4556.1532404044965,4556.4032404044965,1553,1128,1341
4556.136649500514,4555.886649500514,4556.386649500514,906,1159,1033
4559.7977647440175,4559.5477647440175,4560.0477647440175,766,1225,996
4563.924364260737,4563.799364260737,4564.049364260737,615,1672,1144
4558.247114547431,4557.997114547431,4558.497114547431,2344,835,1590
4561.297930248994,4561.047930248994,4561.547930248994,1164,1139,1152
4557.658850117401,4557.408850117401,4557.908850117401,1614,547,1081
4560.580412790224,4560.455412790224,4560.705412790224,2460,1097,1779
4558.0286916433015,4557.9036916433015,4558.1536916433015,597,1470,1034
4561.419873157719,4561.294873157719,4561.544873157719,1219,652,936
4560.456046429566,4560.331046429566,4560.581046429566,1945,1256,1601
4561.643439225512,4561.518439225512,4561.768439225512,1778,2053,1916
4560.870634272431,4560.745634272431,4560.995634272431,907,912,910
4557.132713418783,4556.882713418783,4557.382713418783,1275,2414,1845
4555.306070651595,4555.181070651595,4555.431070651595,906,2097,1502
4561.8513425399315,4561.6013425399315,4562.1013425399315,1637,1418,1528
4555.8977918691235,4555.7727918691235,4556.0227918691235,1807,802,1305
4556.010672925513,4555.885672925513,4556.135672925513,649,1256,953
4560.019517837425,4559.894517837425,4560.144517837425,1650,845,1248
4551.684026052695,4551.559026052695,4551.809026052695,1084,1285,1185
4546.297618339966,4546.172618339966,4546.422618339966,1159,1572,1366
4546.161931066648,4546.036931066648,4546.286931066648,1971,724,1348
4541.614440165044,4541.489440165044,4541.739440165044,1910,1385,1648
4537.988886737684,4537.863886737684,4538.113886737684,695,1210,953
4536.246252050503,4536.121252050503,4536.371252050503,812,1163,988
4543.1899921888025,4543.0649921888025,4543.3149921888025,714,2007,1361
4542.116746916391,4541.991746916391,4542.241746916391,1181,1194,1188
4545.911921731099,4545.786921731099,4546.036921731099,1300,1175,1238
4545.295403513583,4545.170403513583,4545.420403513583,1708,891,1300
4540.202250565155,4539.952250565155,4540.452250565155,1561,836,1199
4543.271023959125,4543.021023959125,4543.521023959125,1747,672,1210
4546.6715308187895,4546.5465308187895,4546.7965308187895,1994,969,1482
4549.799843804553,4549.674843804553,4549.924843804553,925,1384,1155
4553.037628634173,4552.662628634173,4553.412628634173,518,1155,837
4552.19601970865,4552.07101970865,4552.32101970865,1942,1329,1636
4547.665769890248,4547.415769890248,4547.915769890248,639,1400,1020
4550.394803619347,4550.269803619347,4550.519803619347,1189,628,909
4547.934722975091,4547.809722975091,4548.059722975091,1709,608,1159
4550.043701532922,4549.918701532922,4550.168701532922,2103,864,1484
4550.4778908695125,4550.3528908695125,4550.6028908695125,1217,2094,1656
4551.142611894551,4551.017611894551,4551.267611894551,1317,548,933
4551.549090545806,4551.424090545806,4551.674090545806,1857,1094,1476
4551.261364496412,4551.011364496412,4551.511364496412,914,1779,1347
4551.388894496024,4551.138894496024,4551.638894496024,888,1389,1139
4554.202064538345,4554.077064538345,4554.327064538345,1119,1566,1343
4552.1241716662835,4551.8741716662835,4552.3741716662835,713,1702,1208
4553.213099746322,4553.088099746322,4553.338099746322,881,1202,1042
4549.815530630416,4549.565530630416,4550.065530630416,1345,564,955
4550.977051757142,4550.852051757142,4551.102051757142,985,2460,1723
4549.909396313134,4549.784396313134,4550.034396313134,1355,596,976
4552.966277356065,4552.841277356065,4553.091277356065,865,1296,1081
4550.727831298961,4550.602831298961,4550.852831298961,1409,1844,1627
4551.304368242904,4550.929368242904,4551.679368242904,663,1306,985
4547.751759571945,4547.626759571945,4547.876759571945,861,1238,1050
4551.432247998395,4551.307247998395,4551.557247998395,511,1282,897
4550.941313896074,4550.816313896074,4551.066313896074,1059,2316,1688
4544.685620241546,4544.560620241546,4544.810620241546,1185,1486,1336
4538.840846449679,4538.715846449679,4538.965846449679,2078,1305,1692
4540.9278370622815,4540.5528370622815,4541.3028370622815,871,1556,1214
4538.480638674703,4538.230638674703,4538.730638674703,1814,1215,1515
4537.222128741578,4536.972128741578,4537.472128741578,546,1167,857
4540.310718029931,4540.185718029931,4540.435718029931,876,1149,1013
4546.911256888132,4546.661256888132,4547.161256888132,678,1307,993
4547.0118099215815,4546.8868099215815,4547.1368099215815,1169,1062,1116
4545.937087402847,4545.812087402847,4546.062087402847,1556,727,1142
4542.794784936667,4542.669784936667,4542.919784936667,1347,2218,1783
4546.32765693008,4546.20265693008,4546.45265693008,1204,2067,1636
4546.826839311339,4546.701839311339,4546.951839311339,1002,2183,1593
4550.294296710107,4550.169296710107,4550.419296710107,1622,1665,1644
4545.4764047871595,4545.3514047871595,4545.6014047871595,1963,1622,1793
4546.896122330483,4546.771122330483,4547.021122330483,1665,734,1200
4548.366504423694,4548.241504423694,4548.491504423694,1365,1144,1255
4550.630782564136,4550.505782564136,4550.755782564136,2140,893,1517
4557.088198036722,4556.838198036722,4557.338198036722,1913,1822,1868
4562.0385315056365,4561.9135315056365,4562.1635315056365,1743,596,1170
4559.852071828473,4559.727071828473,4559.977071828473,1502,1087,1295
4561.570612730279,4561.320612730279,4561.820612730279,1999,1686,1843
4564.274944924778,4564.024944924778,4564.524944924778,597,1190,894
4568.3058358511635,4568.1808358511635,4568.4308358511635,1159,2296,1728
4572.375008944774,4572.250008944774,4572.500008944774,1063,822,943
4573.7730264733245,4573.6480264733245,4573.8980264733245,1094,2813,1954
4570.687690634307,4570.562690634307,4570.812690634307,1370,1215,1293
4565.193125022693,4565.068125022693,4565.318125022693,770,1097,934
4563.819672990039,4563.569672990039,4564.069672990039,954,1843,1399
4563.930121766919,4563.555121766919,4564.305121766919,594,1323,959
4565.130634471042,4564.880634471042,4565.380634471042,1911,1790,1851
4570.361356742732,4570.111356742732,4570.611356742732,1419,1550,1485
4576.554025479939,4576.179025479939,4576.929025479939,1446,1271,1359
4579.028055272585,4578.778055272585,4579.278055272585,1973,1122,1548
4580.179773211073,4580.054773211073,4580.304773211073,1530,1347,1439
4580.808318242935,4580.433318242935,4581.183318242935,2164,1691,1928
4574.478980659279,4574.353980659279,4574.603980659279,2113,1558,1836
4579.379224361203,4579.254224361203,4579.504224361203,1845,1156,1501
4582.327084297339,4582.202084297339,4582.452084297339,1003,614,809
4582.7855884642095,4582.5355884642095,4583.0355884642095,2126,1419,1773
4583.660475862113,4583.285475862113,4584.035475862113,1000,1663,1332
4586.0247919194835,4585.8997919194835,4586.1497919194835,1004,2967,1986
4585.417032394133,4585.292032394133,4585.542032394133,1018,1603,1311
4581.795763280934,4581.670763280934,4581.920763280934,1370,2347,1859
4582.5264968464535,4582.2764968464535,4582.7764968464535,1312,525,919
4587.039522032293,4586.914522032293,4587.164522032293,2699,1052,1876
4592.567353110496,4592.317353110496,4592.817353110496,1420,1969,1695
4594.927020715175,4594.802020715175,4595.052020715175,2146,735,1441
4589.6684372046475,4589.4184372046475,4589.9184372046475,1801,694,1248
4592.754741876796,4592.504741876796,4593.004741876796,825,968,897
4594.104985881016,4593.979985881016,4594.229985881016,1705,1328,1517
4588.948815163727,4588.823815163727,4589.073815163727,832,1637,1235
4584.920132988464,4584.545132988464,4585.295132988464,954,905,930
4582.093063787058,4581.843063787058,4582.343063787058,1234,943,1089
4585.74813053981,4585.62313053981,4585.87313053981,1540,2291,1916
4587.270880570633,4586.895880570633,4587.645880570633,2006,713,1360
4587.378037419721,4587.253037419721,4587.503037419721,957,2834,1896
4591.108377498862,4590.983377498862,4591.233377498862,598,1541,1070
4591.922358240476,4591.797358240476,4592.047358240476,1832,1335,1584
4587.7350579178865,4587.6100579178865,4587.8600579178865,1232,2381,1807
4586.002057753152,4585.877057753152,4586.127057753152,465,1362,914
4588.467664268756,4588.217664268756,4588.717664268756,1703,1702,1703
4589.483826262924,4589.233826262924,4589.733826262924,1246,1063,1155
4596.010137874716,4595.760137874716,4596.260137874716,835,894,865
4593.747314975504,4593.497314975504,4593.997314975504,815,1604,1210
4600.038269723799,4599.913269723799,4600.163269723799,1118,2035,1577
4602.348443717655,4602.223443717655,4602.473443717655,2723,1196,1960
4603.674698087327,4603.549698087327,4603.799698087327,1419,2118,1769
4605.9936241904,4605.8686241904,4606.1186241904,1228,1541,1385
4603.936139260426,4603.811139260426,4604.061139260426,1915,1248,1582
4604.124137107089,4603.999137107089,4604.249137107089,1317,1180,1249
4603.4853904533265,4603.3603904533265,4603.6103904533265,1215,1546,1381
4606.6337156017225,4606.2587156017225,4607.0087156017225,1140,2747,1944
4606.403599780768,4606.278599780768,4606.528599780768,1629,1334,1482
4605.134566806351,4605.009566806351,4605.259566806351,411,1226,819
4604.441407774771,4604.316407774771,4604.566407774771,1434,2129,1782
4604.375375899186,4604.000375899186,4604.750375899186,1848,1431,1640
4607.978454411753,4607.853454411753,4608.103454411753,1047,2242,1645
4606.302877491329,4606.177877491329,4606.427877491329,738,1947,1343
4607.825407580199,4607.700407580199,4607.950407580199,1327,668,998
4608.14437859764,4607.89437859764,4608.39437859764,1308,621,965
4606.751846987945,4606.501846987945,4607.001846987945,1291,1372,1332
4607.738350474082,4607.613350474082,4607.863350474082,1627,1662,1645
4611.53737261672,4611.28737261672,4611.78737261672,1672,2193,1933
4606.26084700441,4606.13584700441,4606.38584700441,1722,1273,1498
4602.835159490692,4602.710159490692,4602.960159490692,1803,1396,1600
4603.060346391558,4602.935346391558,4603.185346391558,1546,1801,1674
4607.700018618347,4607.575018618347,4607.825018618347,1781,616,1199
4610.556572406819,4610.306572406819,4610.806572406819,1139,2734,1937
4610.285904171413,4610.035904171413,4610.535904171413,856,2077,1467
4606.601745010079,4606.226745010079,4606.976745010079,1290,637,964
4607.384067705571,4607.259067705571,4607.509067705571,2412,1255,1834
4611.24345950743,4611.11845950743,4611.36845950743,1376,1565,1471
4601.804424822382,4601.679424822382,4601.929424822382,1996,811,1404
4605.096300312713,4604.846300312713,4605.346300312713,1390,913,1152
4608.553458312909,4608.428458312909,4608.678458312909,1428,1933,1681
4608.133945240348,4608.008945240348,4608.258945240348,804,2367,1586
4602.291600197332,4602.166600197332,4602.416600197332,816,2081,1449
4605.223846491758,4605.098846491758,4605.348846491758,1379,1516,1448
4605.517746988737,4605.142746988737,4605.892746988737,1832,1291,1562
4606.530350760499,4606.280350760499,4606.780350760499,977,640,809
4601.925352165082,4601.800352165082,4602.050352165082,1223,2012,1618
4599.171929634337,4598.921929634337,4599.421929634337,1354,1571,1463
4595.805104369714,4595.680104369714,4595.930104369714,1376,869,1123
4596.584741751051,4596.459741751051,4596.709741751051,2190,1755,1973
4597.727335910888,4597.477335910888,4597.977335910888,584,1265,925
4594.542468977794,4594.417468977794,4594.667468977794,1435,1094,1265
4592.578339150112,4592.328339150112,4592.828339150112,1609,2106,1858
4590.652893422469,4590.527893422469,4590.777893422469,1186,1353,1270
4585.817057222654,4585.442057222654,4586.192057222654,660,1947,1304
4584.036000257968,4583.911000257968,4584.161000257968,824,2063,1444
4584.1679303681185,4584.0429303681185,4584.2929303681185,1794,1581,1688
4579.736668032284,4579.611668032284,4579.861668032284,2468,1103,1786
4580.528053447648,4580.403053447648,4580.653053447648,740,1083,912
4587.467747917559,4587.342747917559,4587.592747917559,1494,1527,1511
4592.235845949988,4592.110845949988,4592.360845949988,663,1046,855
4595.479093788536,4595.354093788536,4595.604093788536,1204,1229,1217
4595.708315180201,4595.458315180201,4595.958315180201,1420,1637,1529
4595.848629725312,4595.598629725312,4596.098629725312,596,1419,1008
4593.5384678131,4593.4134678131,4593.6634678131,1449,1028,1239
4596.648481904931,4596.523481904931,4596.773481904931,1270,637,954
4596.537457791995,4596.412457791995,4596.662457791995,1234,511,873
4594.915274324719,4594.790274324719,4595.040274324719,612,1503,1058
4598.827416559124,4598.452416559124,4599.202416559124,1566,1255,1411
4604.193653801271,4604.068653801271,4604.318653801271,1386,585,986
4600.200020705516,4599.950020705516,4600.450020705516,1086,2761,1924
4603.734471832739,4603.609471832739,4603.859471832739,612,1831,1222
4597.334247425927,4597.084247425927,4597.584247425927,787,978,883
4592.52594572573,4592.40094572573,4592.65094572573,2473,1032,1753
4600.765591155522,4600.640591155522,4600.890591155522,721,2026,1374
4598.22945338906,4597.97945338906,4598.47945338906,704,1411,1058
4600.160117590313,4599.785117590313,4600.535117590313,1476,1059,1268
4600.534121966003,4600.284121966003,4600.784121966003,2824,1151,1988
4599.350153969042,4599.225153969042,4599.475153969042,1730,2205,1968
4606.090283044724,4605.715283044724,4606.465283044724,1353,1344,1349
4602.737477919657,4602.487477919657,4602.987477919657,1025,1494,1260
4597.577097248794,4597.327097248794,4597.827097248794,1717,1594,1656
4589.391368630466,4589.266368630466,4589.516368630466,1893,1590,1742
4588.200001701739,4588.075001701739,4588.325001701739,915,938,927
4585.012285286157,4584.887285286157,4585.137285286157,2442,1341,1892
4589.533804780039,4589.408804780039,4589.658804780039,1010,2611,1811
4589.301271411127,4589.176271411127,4589.426271411127,1426,1213,1320
4587.999168073102,4587.749168073102,4588.249168073102,1871,932,1402
4586.725777609551,4586.600777609551,4586.850777609551,1449,1340,1395
4583.636995907751,4583.511995907751,4583.761995907751,1259,2190,1725
4583.086457142425,4582.961457142425,4583.211457142425,1054,2329,1692
4585.007378815491,4584.882378815491,4585.132378815491,1710,1529,1620
4588.188014666014,4587.938014666014,4588.438014666014,1142,1315,1229
4590.103492876679,4589.978492876679,4590.228492876679,977,2666,1822
4595.870142956156,4595.620142956156,4596.120142956156,1853,1394,1624
4598.3141554239555,4598.1891554239555,4598.4391554239555,2569,860,1715
4602.861810769537,4602.486810769537,4603.236810769537,999,934,967
4599.514804229769,4599.264804229769,4599.764804229769,2156,1227,1692
4602.102307283185,4601.977307283185,4602.227307283185,1461,2170,1816
4599.021856448632,4598.896856448632,4599.146856448632,1474,1909,1692
4602.966135641682,4602.841135641682,4603.091135641682,845,1112,979
4599.526416746596,4599.276416746596,4599.776416746596,1500,507,1004
4599.026867635583,4598.901867635583,4599.151867635583,832,1733,1283
4601.535982157053,4601.285982157053,4601.785982157053,1569,830,1200
4603.428653063944,4603.053653063944,4603.803653063944,1299,1496,1398
4607.892611333615,4607.767611333615,4608.017611333615,1205,764,985
4596.316538608288,4595.941538608288,4596.691538608288,2653,890,1772
4594.637143681065,4594.512143681065,4594.762143681065,894,1549,1222
4591.423711054233,4591.298711054233,4591.548711054233,2219,1426,1823
4596.320532697483,4596.070532697483,4596.570532697483,778,1607,1193
4598.122077233004,4597.997077233004,4598.247077233004,665,1014,840
4591.280318474065,4591.155318474065,4591.405318474065,1756,1801,1779
4591.858191045224,4591.733191045224,4591.983191045224,815,948,882
4593.710878329002,4593.335878329002,4594.085878329002,609,1198,904
4602.134314351867,4602.009314351867,4602.259314351867,1196,745,971
4594.354652935867,4594.104652935867,4594.604652935867,712,1633,1173
4595.1948912375265,4595.0698912375265,4595.3198912375265,1715,648,1182
4591.236248527035,4590.861248527035,4591.611248527035,1966,1045,1506
4589.366991499852,4589.241991499852,4589.491991499852,597,1102,850
4597.36614630607,4597.11614630607,4597.61614630607,1172,1441,1307
4595.014576354509,4594.889576354509,4595.139576354509,1871,1894,1883
4599.826488284494,4599.701488284494,4599.951488284494,1461,2324,1893
4601.947966374404,4601.822966374404,4602.072966374404,881,1078,980
4611.180121545357,4611.055121545357,4611.305121545357,1985,1682,1834
4610.996039691313,4610.746039691313,4611.246039691313,1358,473,916
4612.188534991499,4612.063534991499,4612.313534991499,2519,1186,1853
4607.843744843359,4607.718744843359,4607.968744843359,950,739,845
4613.030268627505,4612.780268627505,4613.280268627505,2524,1387,1956
4609.037526198885,4608.912526198885,4609.162526198885,2451,934,1693
4608.42200303679,4608.29700303679,4608.54700303679,1274,1225,1250
4608.897159719382,4608.522159719382,4609.272159719382,2133,1680,1907
4610.592557881314,4610.467557881314,4610.717557881314,969,1622,1296
4610.576697760715,4610.451697760715,4610.701697760715,2405,1170,1788
4603.124860689386,4602.874860689386,4603.374860689386,2485,846,1666
4604.65626582553,4604.53126582553,4604.78126582553,714,1889,1302
4598.455407044021,4598.080407044021,4598.830407044021,1700,1757,1729
4592.241110021532,4592.116110021532,4592.366110021532,1092,819,956
4597.043776747696,4596.793776747696,4597.293776747696,2159,1444,1802
4597.516468357722,4597.391468357722,4597.641468357722,1246,2611,1929
4598.824981737669,4598.699981737669,4598.949981737669,2739,1192,1966
4600.91848985377,4600.79348985377,4601.04348985377,2126,1225,1676
4602.800345273478,4602.675345273478,4602.925345273478,1431,1372,1402
4603.641725336809,4603.516725336809,4603.766725336809,1568,1785,1677
4595.369680368763,4595.244680368763,4595.494680368763,1763,1028,1396
4596.5316612554,4596.1566612554,4596.9066612554,1068,1727,1398
4596.75880254476,4596.63380254476,4596.88380254476,953,1274,1114
4598.626794770014,4598.501794770014,4598.751794770014,2550,1343,1947
4601.987576335403,4601.737576335403,4602.237576335403,1080,2581,1831
4603.895626318125,4603.770626318125,4604.020626318125,1114,979,1047
4603.794062642882,4603.669062642882,4603.919062642882,1192,829,1011
4598.211367260412,4598.086367260412,4598.336367260412,2575,956,1766
4604.303828330927,4604.178828330927,4604.428828330927,1810,1843,1827
4610.238835704262,4609.863835704262,4610.613835704262,1124,1037,1081
4613.364905389443,4613.239905389443,4613.489905389443,2345,1040,1693
4612.748069856476,4612.623069856476,4612.873069856476,906,2019,1463
4610.3826453348365,4610.1326453348365,4610.6326453348365,890,1213,1052
4606.512603157432,4606.137603157432,4606.887603157432,1463,512,988
4597.974355729548,4597.849355729548,4598.099355729548,755,1490,1123
4593.495268383325,4593.245268383325,4593.745268383325,1227,2178,1703
4594.092451152579,4593.842451152579,4594.342451152579,1337,2130,1734
4585.682135085891,4585.432135085891,4585.932135085891,784,1629,1207
4590.916422458413,4590.541422458413,4591.291422458413,1267,784,1026
4593.991141854035,4593.866141854035,4594.116141854035,1412,499,956
4600.936585158783,4600.686585158783,4601.186585158783,880,2231,1556
4605.248561103585,4605.123561103585,4605.373561103585,851,984,918
4603.019729094221,4602.769729094221,4603.269729094221,2088,1415,1752
4599.943449575664,4599.693449575664,4600.193449575664,1478,1123,1301
4606.507761279761,4606.257761279761,4606.757761279761,478,1427,953
4602.460638945859,4602.335638945859,4602.585638945859,814,1679,1247
4600.875336122582,4600.750336122582,4601.000336122582,812,951,882
4594.175312311781,4594.050312311781,4594.300312311781,1733,1676,1705
4600.479303933376,4600.354303933376,4600.604303933376,785,1086,936
4599.827896948517,4599.702896948517,4599.952896948517,1212,967,1090
4607.3279606054075,4607.2029606054075,4607.4529606054075,1527,1090,1309
4611.6709975524145,4611.5459975524145,4611.7959975524145,565,1238,902
4615.744668871097,4615.494668871097,4615.994668871097,1622,2335,1979
4613.068323303268,4612.943323303268,4613.193323303268,601,1788,1195
4605.449468737588,4605.324468737588,4605.574468737588,1123,1236,1180
4608.7857053441585,4608.6607053441585,4608.9107053441585,1557,2388,1973
4611.355925637714,4611.105925637714,4611.605925637714,1768,1889,1829
4618.762439436115,4618.512439436115,4619.012439436115,1264,2447,1856
4623.2485812673885,4623.1235812673885,4623.3735812673885,839,1850,1345
4628.674072754583,4628.424072754583,4628.924072754583,518,1291,905
4630.73257453399,4630.60757453399,4630.85757453399,1804,715,1260
4635.705596115715,4635.455596115715,4635.955596115715,1823,736,1280
4634.122486718075,4633.997486718075,4634.247486718075,2618,1243,1931
4634.690817848881,4634.565817848881,4634.815817848881,482,1267,875
4639.768719121731,4639.518719121731,4640.018719121731,1179,2260,1720
4637.420540664606,4637.170540664606,4637.670540664606,2020,1697,1859
4625.840331478523,4625.715331478523,4625.965331478523,1306,447,877
4622.3756466307905,4622.2506466307905,4622.5006466307905,764,1167,966
4626.116374569186,4625.991374569186,4626.241374569186,606,995,801
4634.067259412956,4633.942259412956,4634.192259412956,1192,1399,1296
4627.008458227728,4626.758458227728,4627.258458227728,2835,994,1915
4629.171683097771,4629.046683097771,4629.296683097771,1283,494,889
4623.289301560152,4623.164301560152,4623.414301560152,1130,1815,1473
4626.217106509062,4625.967106509062,4626.467106509062,899,1140,1020
4625.572316920574,4625.197316920574,4625.947316920574,515,1542,1029
4631.532750508853,4631.407750508853,4631.657750508853,1461,1556,1509
4634.609568182637,4634.484568182637,4634.734568182637,1048,2565,1807
4638.725312464702,4638.600312464702,4638.850312464702,1328,2357,1843
4634.5869910093315,4634.2119910093315,4634.9619910093315,1482,1883,1683
4630.945846530406,4630.695846530406,4631.195846530406,450,1233,842
4635.129499145434,4634.879499145434,4635.379499145434,1062,2209,1636
4634.722866460263,4634.597866460263,4634.847866460263,1957,748,1353
4636.730216433239,4636.605216433239,4636.855216433239,2294,919,1607
4631.895567726701,4631.520567726701,4632.270567726701,1704,2213,1959
4638.2125925738665,4638.0875925738665,4638.3375925738665,936,2561,1749
4641.895227679369,4641.770227679369,4642.020227679369,1652,1355,1504
4637.963172958153,4637.713172958153,4638.213172958153,1070,989,1030
4643.199726681495,4643.074726681495,4643.324726681495,2085,882,1484
4647.733294419477,4647.358294419477,4648.108294419477,908,1945,1427
4643.677046219277,4643.427046219277,4643.927046219277,1326,1931,1629
4644.201539297359,4644.076539297359,4644.326539297359,653,1722,1188
4649.321685453227,4648.946685453227,4649.696685453227,1543,904,1224
4649.903231611773,4649.653231611773,4650.153231611773,1936,1027,1482
4643.22177800274,4642.97177800274,4643.47177800274,732,1951,1342
4644.136071779714,4644.011071779714,4644.261071779714,2374,929,1652
4650.239635100264,4650.114635100264,4650.364635100264,958,945,952
4652.773043140603,4652.648043140603,4652.898043140603,1574,1513,1544
4650.038443235523,4649.913443235523,4650.163443235523,2483,1224,1854
4652.427714847785,4652.177714847785,4652.677714847785,889,2612,1751
4649.610464183284,4649.485464183284,4649.735464183284,1070,1611,1341
4650.965181102534,4650.715181102534,4651.215181102534,2296,897,1597
4652.5174035759555,4652.3924035759555,4652.6424035759555,1529,706,1118
4647.864301208086,4647.739301208086,4647.989301208086,920,1813,1367
4648.9727676504035,4648.8477676504035,4649.0977676504035,681,1528,1105
4645.480212681601,4645.355212681601,4645.605212681601,1336,1549,1443
4646.472036062812,4646.347036062812,4646.597036062812,1937,802,1370
4643.668427046004,4643.543427046004,4643.793427046004,1851,852,1352
4640.82509903511,4640.45009903511,4641.20009903511,1028,2543,1786
4641.680457577892,4641.555457577892,4641.805457577892,716,1463,1090
4638.529540384003,4638.404540384003,4638.654540384003,791,1250,1021
4634.76440484813,4634.63940484813,4634.88940484813,1958,811,1385
4637.310454205745,4637.185454205745,4637.435454205745,1602,1995,1799
4643.362955115111,4643.237955115111,4643.487955115111,1458,939,1199
4636.109766522984,4635.984766522984,4636.234766522984,1766,1279,1523
4638.6930513474435,4638.3180513474435,4639.0680513474435,1469,658,1064
4639.44772293901,4639.32272293901,4639.57272293901,1453,682,1068
4636.1960930812065,4636.0710930812065,4636.3210930812065,867,844,856
4630.087987190928,4629.962987190928,4630.212987190928,1157,2658,1908
4624.421780832445,4624.046780832445,4624.796780832445,1738,733,1236
4625.104169632164,4624.729169632164,4625.479169632164,1191,506,849
4630.023159709251,4629.773159709251,4630.273159709251,1882,1273,1578
4634.7894760392865,4634.6644760392865,4634.9144760392865,751,1278,1015
4623.985461442899,4623.610461442899,4624.360461442899,1242,1793,1518
4629.6687208406875,4629.5437208406875,4629.7937208406875,1221,1022,1122
4622.735162108713,4622.485162108713,4622.985162108713,1222,2505,1864
4626.422232341855,4626.297232341855,4626.547232341855,2006,1805,1906
4629.722524741601,4629.597524741601,4629.847524741601,850,1947,1399
4627.794554090825,4627.544554090825,4628.044554090825,1783,2002,1893
4621.117347194083,4620.992347194083,4621.242347194083,1688,1873,1781
4620.035111195735,4619.660111195735,4620.410111195735,1147,1698,1423
4619.744956039241,4619.619956039241,4619.869956039241,989,2610,1800
4620.909817817173,4620.784817817173,4621.034817817173,1338,949,1144
4625.9223767466065,4625.7973767466065,4626.0473767466065,1036,1787,1412
4626.1577336727105,4625.9077336727105,4626.4077336727105,1032,1117,1075
4624.306365600687,4624.181365600687,4624.431365600687,2690,1209,1950
4620.707933470491,4620.582933470491,4620.832933470491,1031,684,858
4619.583092035159,4619.333092035159,4619.833092035159,939,744,842
4616.476715110755,4616.351715110755,4616.601715110755,1261,2268,1765
4615.931971499423,4615.806971499423,4616.056971499423,2268,1033,1651
4610.997283900757,4610.872283900757,4611.122283900757,1149,1844,1497
4609.669776356111,4609.419776356111,4609.919776356111,1086,1395,1241
4610.857549112721,4610.482549112721,4611.232549112721,1341,932,1137
4612.821399764644,4612.696399764644,4612.946399764644,1591,562,1077
4611.094899429776,4610.844899429776,4611.344899429776,1896,783,1340
4612.003680763906,4611.753680763906,4612.253680763906,936,1559,1248
4617.76696641186,4617.64196641186,4617.89196641186,1954,911,1433
4616.433476413376,4616.308476413376,4616.558476413376,2687,918,1803
4613.970696814647,4613.845696814647,4614.095696814647,1763,992,1378
4613.029548454528,4612.904548454528,4613.154548454528,678,1699,1189
4614.2035465380895,4614.0785465380895,4614.3285465380895,1468,817,1143
4612.724993997917,4612.599993997917,4612.849993997917,915,2096,1506
4611.628402045301,4611.503402045301,4611.753402045301,1322,2673,1998
4613.6136995022525,4613.2386995022525,4613.9886995022525,500,1135,818
4611.670900959344,4611.295900959344,4612.045900959344,2236,1365,1801
4611.9421885976835,4611.6921885976835,4612.1921885976835,2296,1455,1876
4609.374500088964,4609.249500088964,4609.499500088964,2220,1173,1697
4610.901601626452,4610.776601626452,4611.026601626452,1638,669,1154
4607.299369107883,4607.049369107883,4607.549369107883,2239,1062,1651
4608.251869987427,4607.876869987427,4608.626869987427,1887,1264,1576
4609.083520027822,4608.708520027822,4609.458520027822,585,1522,1054
4605.285419899751,4605.160419899751,4605.410419899751,1507,1798,1653
4604.108306012734,4603.858306012734,4604.358306012734,1483,2004,1744
4603.864574446006,4603.614574446006,4604.114574446006,1875,660,1268
4604.870108002227,4604.620108002227,4605.120108002227,2263,1726,1995
4602.810199626643,4602.685199626643,4602.935199626643,1631,1588,1610
4602.3609531361635,4602.1109531361635,4602.6109531361635,1740,1043,1392
4602.272471720543,4602.022471720543,4602.522471720543,1686,765,1226
4603.323146754919,4603.198146754919,4603.448146754919,881,1066,974
4603.821429644875,4603.696429644875,4603.946429644875,1155,1092,1124
4603.927403702109,4603.552403702109,4604.302403702109,814,899,857
4602.440942423889,4602.315942423889,4602.565942423889,775,2092,1434
4607.172482947897,4607.047482947897,4607.297482947897,2752,1039,1896
4611.328495502898,4611.203495502898,4611.453495502898,624,1201,913
4614.347384354355,4614.222384354355,4614.472384354355,2064,881,1473
4615.167272164637,4615.042272164637,4615.292272164637,1039,1468,1254
4617.011838284057,4616.886838284057,4617.136838284057,1089,596,843
4615.827459018472,4615.702459018472,4615.952459018472,1680,965,1323
4616.299585260903,4616.174585260903,4616.424585260903,907,2290,1599
4616.479660397461,4616.354660397461,4616.604660397461,1227,2586,1907
4614.904896918849,4614.779896918849,4615.029896918849,688,1247,968
4615.670533812494,4615.295533812494,4616.045533812494,1502,1825,1664
4613.089379524137,4612.964379524137,4613.214379524137,1795,1186,1491
4611.333188268377,4611.208188268377,4611.458188268377,1182,1755,1469
4607.200034262774,4607.075034262774,4607.325034262774,1394,931,1163
4610.339933119751,4610.214933119751,4610.464933119751,1012,1469,1241
4610.218149512642,4610.093149512642,4610.343149512642,1182,1667,1425
4608.839315343302,4608.714315343302,4608.964315343302,690,963,827
4605.993678647258,4605.618678647258,4606.368678647258,1607,1318,1463
4617.168878324925,4617.043878324925,4617.293878324925,1622,1365,1494
4617.6717195063,4617.5467195063,4617.7967195063,825,896,861
4615.772716318908,4615.522716318908,4616.022716318908,1152,739,946
4619.098753790101,4618.848753790101,4619.348753790101,2224,1521,1873
4619.06668412758,4618.94168412758,4619.19168412758,1631,1048,1340
4621.511789843901,4621.386789843901,4621.636789843901,1219,644,932
4625.627729653846,4625.252729653846,4626.002729653846,1680,701,1191
4625.585996428933,4625.460996428933,4625.710996428933,1106,727,917
4625.931963197886,4625.806963197886,4626.056963197886,1915,2058,1987
4627.806798504535,4627.681798504535,4627.931798504535,2148,1663,1906
4625.365452041352,4625.240452041352,4625.490452041352,1848,2081,1965
4625.292964187591,4625.167964187591,4625.417964187591,1359,1650,1505
4626.692555970272,4626.442555970272,4626.942555970272,1390,1127,1259
4628.997899508764,4628.872899508764,4629.122899508764,1692,2031,1862
4630.394291625478,4630.144291625478,4630.644291625478,2118,1061,1590
4632.404030030669,4632.279030030669,4632.529030030669,948,1815,1382
4634.531601910268,4634.406601910268,4634.656601910268,1159,1186,1173
4632.276083149006,4632.151083149006,4632.401083149006,1039,698,869
4633.826212478339,4633.576212478339,4634.076212478339,1403,2098,1751
4632.261484084182,4632.011484084182,4632.511484084182,1148,1029,1089
4626.960039423173,4626.835039423173,4627.085039423173,1058,1055,1057
4631.864113077464,4631.739113077464,4631.989113077464,1586,587,1087
4629.064981123699,4628.814981123699,4629.314981123699,1083,1122,1103
4629.047703988736,4628.797703988736,4629.297703988736,1058,2255,1657
4627.272205911879,4627.147205911879,4627.397205911879,1333,1734,1534
4627.77336050811,4627.64836050811,4627.89836050811,1095,1840,1468
4629.076926867866,4628.951926867866,4629.201926867866,517,1364,941
4623.620818401823,4623.495818401823,4623.745818401823,2449,884,1667
4621.023611689673,4620.773611689673,4621.273611689673,1448,1157,1303
4620.744252143373,4620.369252143373,4621.119252143373,655,1580,1118
4621.236849410609,4621.111849410609,4621.361849410609,1880,983,1432
4620.689292219558,4620.314292219558,4621.064292219558,2107,1104,1606
4617.994950278389,4617.869950278389,4618.119950278389,1558,1833,1696
4622.040419978223,4621.915419978223,4622.165419978223,1168,2107,1638
4617.480528258106,4617.355528258106,4617.605528258106,764,903,834
4620.468576321013,4620.218576321013,4620.718576321013,763,1932,1348
4623.602100804266,4623.352100804266,4623.852100804266,1182,2061,1622
4625.775432334347,4625.525432334347,4626.025432334347,2393,1230,1812
4626.465014914307,4626.340014914307,4626.590014914307,1278,1759,1519
4628.712504365869,4628.462504365869,4628.962504365869,880,835,858
4631.700393087547,4631.575393087547,4631.825393087547,2237,1744,1991
4630.268356289633,4630.143356289633,4630.393356289633,1070,1441,1256
4632.651868593713,4632.526868593713,4632.776868593713,1061,2114,1588
4634.9011194692575,4634.7761194692575,4635.0261194692575,1238,1635,1437
4634.714213163569,4634.464213163569,4634.964213163569,982,629,806
4638.802942675796,4638.677942675796,4638.927942675796,1866,733,1300
4630.720882717028,4630.345882717028,4631.095882717028,1617,614,1116
4631.199103118151,4631.074103118151,4631.324103118151,2332,1119,1726
4630.585503974648,4630.210503974648,4630.960503974648,1718,697,1208
4629.963412348931,4629.713412348931,4630.213412348931,1155,1842,1499
4632.178321913885,4632.053321913885,4632.303321913885,1938,1337,1638
4633.64145146243,4633.39145146243,4633.89145146243,1409,1960,1685
4633.356694860608,4633.231694860608,4633.481694860608,1745,710,1228
4632.107677101142,4631.982677101142,4632.232677101142,1246,631,939
4630.267578554053,4630.142578554053,4630.392578554053,1921,1780,1851
4631.506125822563,4631.381125822563,4631.631125822563,1744,1915,1830
4635.206746115388,4635.081746115388,4635.331746115388,2242,779,1511
4638.43058082238,4638.05558082238,4638.80558082238,1000,1641,1321
4636.708975899442,4636.333975899442,4637.083975899442,1584,2321,1953
4641.802729190223,4641.677729190223,4641.927729190223,1862,2033,1948
4644.697993364408,4644.572993364408,4644.822993364408,824,981,903
4645.961312298944,4645.836312298944,4646.086312298944,1176,1285,1231
4642.662787035184,4642.537787035184,4642.787787035184,714,943,829
4646.188402775998,4646.063402775998,4646.313402775998,1202,493,848
4641.610396391784,4641.360396391784,4641.860396391784,1046,1527,1287
4638.715023826338,4638.590023826338,4638.840023826338,425,1244,835
4639.345052302081,4639.220052302081,4639.470052302081,1102,535,819
4639.035135878919,4638.910135878919,4639.160135878919,1209,1040,1125
4638.300774996767,4638.175774996767,4638.425774996767,1693,1300,1497
4636.07425316297,4635.94925316297,4636.19925316297,631,1490,1061
4635.470937404546,4635.345937404546,4635.595937404546,2448,993,1721
4629.732604189582,4629.482604189582,4629.982604189582,2924,1001,1963
4633.677329604004,4633.427329604004,4633.927329604004,1206,2457,1832
4638.110466414122,4637.985466414122,4638.235466414122,1324,1155,1240
4638.320636315612,4638.195636315612,4638.445636315612,551,1502,1027
4638.412056346709,4638.287056346709,4638.537056346709,992,1669,1331
4639.961309842351,4639.711309842351,4640.211309842351,1748,1405,1577
4638.303745687692,4637.928745687692,4638.678745687692,986,2247,1617
4641.985286220635,4641.735286220635,4642.235286220635,1093,1350,1222
4642.459496184185,4642.334496184185,4642.584496184185,2168,1799,1984
4636.071856190438,4635.821856190438,4636.321856190438,1724,1449,1587
4633.214511511114,4632.964511511114,4633.464511511114,1223,624,924
4625.805049643395,4625.680049643395,4625.930049643395,1137,2346,1742
4624.052443467804,4623.802443467804,4624.302443467804,1620,1305,1463
4629.056443981006,4628.931443981006,4629.181443981006,1826,1559,1693
4626.6547562662,4626.2797562662,4627.0297562662,1829,1540,1685
4625.641633110842,4625.516633110842,4625.766633110842,1712,1827,1770
4622.316988275828,4622.066988275828,4622.566988275828,1633,926,1280
4617.385117668556,4617.135117668556,4617.635117668556,2474,861,1668
4611.943274967489,4611.818274967489,4612.068274967489,1436,523,980
4609.209871684333,4609.084871684333,4609.334871684333,1430,2329,1880
4609.211557980989,4609.086557980989,4609.336557980989,921,2008,1465
4608.163036980555,4608.038036980555,4608.288036980555,1793,796,1295
4603.812523306646,4603.687523306646,4603.937523306646,1404,1653,1529
4599.2495546393675,4599.1245546393675,4599.3745546393675,1380,1709,1545
4593.932933731233,4593.807933731233,4594.057933731233,1202,587,895
4594.566967501931,4594.441967501931,4594.691967501931,811,1654,1233
4597.694591979905,4597.569591979905,4597.819591979905,1032,2239,1636
4595.348622504635,4595.098622504635,4595.598622504635,906,1805,1356
4594.875738817726,4594.625738817726,4595.125738817726,1020,801,911
4595.664630390365,4595.539630390365,4595.789630390365,1215,664,940
4596.894670516283,4596.769670516283,4597.019670516283,2151,1714,1933
4597.994586532228,4597.869586532228,4598.119586532228,1327,462,895
4596.095826337135,4595.970826337135,4596.220826337135,1346,1345,1346
4593.948956098526,4593.823956098526,4594.073956098526,2394,805,1600
4592.399331521817,4592.274331521817,4592.524331521817,2015,786,1401
4591.774027495862,4591.649027495862,4591.899027495862,1228,1787,1508
4600.0456020721895,4599.9206020721895,4600.1706020721895,2137,1020,1579
4603.533699788609,4603.408699788609,4603.658699788609,1616,1217,1417
4600.970856149169,4600.595856149169,4601.345856149169,2099,1508,1804
4598.684902833868,4598.309902833868,4599.059902833868,1775,922,1349
4596.822177612365,4596.697177612365,4596.947177612365,1059,2338,1699
4598.816301125698,4598.566301125698,4599.066301125698,1811,1762,1787
4602.697541413831,4602.572541413831,4602.822541413831,1320,2057,1689
4604.049340726855,4603.924340726855,4604.174340726855,867,2328,1598
4602.893871921984,4602.518871921984,4603.268871921984,1387,2306,1847
4606.351618258417,4606.101618258417,4606.601618258417,2571,886,1729
4605.928900428819,4605.803900428819,4606.053900428819,2351,972,1662
4609.801446988159,4609.676446988159,4609.926446988159,1476,651,1064
4608.781787230472,4608.531787230472,4609.031787230472,2266,1129,1698
4607.339838758202,4607.089838758202,4607.589838758202,1770,693,1232
4606.367078632519,4606.117078632519,4606.617078632519,1408,1615,1512
4607.24915456344,4607.12415456344,4607.37415456344,1549,2346,1948
4607.66844394666,4607.41844394666,4607.91844394666,978,1261,1120
4605.676386076591,4605.426386076591,4605.926386076591,1671,1024,1348
4604.592165248752,4604.342165248752,4604.842165248752,1119,1380,1250
4599.908513988809,4599.783513988809,4600.033513988809,1869,1008,1439
4600.399037418246,4600.274037418246,4600.524037418246,1048,875,962
4599.331878945553,4599.206878945553,4599.456878945553,709,1714,1212
4598.937388944663,4598.562388944663,4599.312388944663,682,983,833
4603.79303339165,4603.41803339165,4604.16803339165,1650,1061,1356
4600.220776863731,4599.970776863731,4600.470776863731,2595,1180,1888
4597.364489566287,4597.114489566287,4597.614489566287,2449,914,1682
4598.0589211278575,4597.9339211278575,4598.1839211278575,1204,489,847
4596.717226855915,4596.467226855915,4596.967226855915,729,1128,929
4595.7319286253005,4595.6069286253005,4595.8569286253005,1699,1440,1570
4594.840776983108,4594.715776983108,4594.965776983108,2251,1646,1949
4593.874575138949,4593.749575138949,4593.999575138949,1309,1300,1305
4599.8775356776305,4599.7525356776305,4600.0025356776305,1757,1646,1702
4596.39488992847,4596.14488992847,4596.64488992847,1903,1818,1861
4597.286849761907,4597.161849761907,4597.411849761907,1611,984,1298
4596.9157369887025,4596.7907369887025,4597.0407369887025,630,1153,892
4596.1920777892665,4596.0670777892665,4596.3170777892665,804,1837,1321
4594.599662276351,4594.474662276351,4594.724662276351,2127,712,1420
4594.679909989585,4594.554909989585,4594.804909989585,845,1630,1238
4598.383615523617,4598.258615523617,4598.508615523617,951,2600,1776
4595.21731359622,4595.09231359622,4595.34231359622,573,1538,1056
4595.114704461149,4594.864704461149,4595.364704461149,1230,1369,1300
4595.542126130543,4595.417126130543,4595.667126130543,1467,654,1061
4598.207675894982,4597.832675894982,4598.582675894982,773,1294,1034
4599.432377566273,4599.182377566273,4599.682377566273,764,2007,1386
4601.726741501775,4601.601741501775,4601.851741501775,1007,718,863
4604.869315923103,4604.744315923103,4604.994315923103,1071,2470,1771
4602.222854022022,4602.097854022022,4602.347854022022,1334,1369,1352
4599.276783434083,4599.151783434083,4599.401783434083,555,1126,841
4600.872185942268,4600.497185942268,4601.247185942268,1886,1753,1820
4600.04974601326,4599.79974601326,4600.29974601326,1277,1188,1233
4601.459311921481,4601.334311921481,4601.584311921481,1751,1948,1850
4600.178119270365,4600.053119270365,4600.303119270365,2047,932,1490
4599.934872522823,4599.809872522823,4600.059872522823,916,835,876
4599.763772140288,4599.513772140288,4600.013772140288,834,1433,1134
4598.509377458209,4598.259377458209,4598.759377458209,1406,1471,1439
4598.843149728846,4598.718149728846,4598.968149728846,569,1098,834
4598.204794072783,4597.954794072783,4598.454794072783,953,1408,1181
4598.752018281602,4598.627018281602,4598.877018281602,895,2458,1677
4601.177420055042,4600.927420055042,4601.427420055042,1591,1634,1613
4598.871957925772,4598.621957925772,4599.121957925772,1297,1138,1218
4596.334231261911,4596.084231261911,4596.584231261911,984,2227,1606
4595.989777058403,4595.864777058403,4596.114777058403,2449,920,1685
4592.98952572372,4592.86452572372,4593.11452572372,1406,2169,1788
4589.989631928483,4589.864631928483,4590.114631928483,2517,1144,1831
4591.072415099525,4590.697415099525,4591.447415099525,1814,1161,1488
4588.379835453823,4588.004835453823,4588.754835453823,769,1214,992
4588.091895208388,4587.966895208388,4588.216895208388,1796,1251,1524
4586.217391152249,4586.092391152249,4586.342391152249,987,1228,1108
4580.9960605232345,4580.8710605232345,4581.1210605232345,914,1705,1310
4580.407847504739,4580.282847504739,4580.532847504739,2327,1656,1992
4581.040278176732,4580.665278176732,4581.415278176732,541,1462,1002
4580.671675508948,4580.421675508948,4580.921675508948,1114,2769,1942
4580.40918828532,4580.15918828532,4580.65918828532,1804,1955,1880
4579.313251227959,4579.188251227959,4579.438251227959,2046,1727,1887
4577.640529070002,4577.515529070002,4577.765529070002,955,822,889
4576.519658428086,4576.394658428086,4576.644658428086,1033,1516,1275
4575.198028444446,4575.073028444446,4575.323028444446,2606,1127,1867
4574.820902349708,4574.695902349708,4574.945902349708,1570,1893,1732
4578.261604389289,4578.136604389289,4578.386604389289,1978,1889,1934
4576.929400604667,4576.679400604667,4577.179400604667,813,1278,1046
4573.65605291288,4573.40605291288,4573.90605291288,1115,1460,1288
4573.00554051215,4572.75554051215,4573.25554051215,1360,463,912
4570.789982393911,4570.664982393911,4570.914982393911,775,1708,1242
4573.978100302098,4573.853100302098,4574.103100302098,1067,770,919
4573.876703456812,4573.626703456812,4574.126703456812,889,1474,1182
4572.771438457944,4572.646438457944,4572.896438457944,1452,629,1041
4569.437764984186,4569.312764984186,4569.562764984186,1571,1180,1376
4570.678149544663,4570.553149544663,4570.803149544663,1138,1611,1375
4572.556804084319,4572.431804084319,4572.681804084319,1310,1469,1390
4575.841470712676,4575.716470712676,4575.966470712676,742,1785,1264
4574.365548760918,4574.240548760918,4574.490548760918,1206,1013,1110
4574.378091948021,4574.253091948021,4574.503091948021,1408,699,1054
4574.085840196411,4573.960840196411,4574.210840196411,1448,801,1125
4574.172466360292,4574.047466360292,4574.297466360292,1529,1260,1395
4571.184169512363,4571.059169512363,4571.309169512363,1302,1231,1267
4570.809317110205,4570.684317110205,4570.934317110205,818,1393,1106
4571.553766453676,4571.303766453676,4571.803766453676,1576,903,1240
4569.163933353736,4569.038933353736,4569.288933353736,2786,1029,1908
4569.181723128322,4569.056723128322,4569.306723128322,2127,798,1463
4566.91162604654,4566.78662604654,4567.03662604654,2225,880,1553
4563.502915953638,4563.377915953638,4563.627915953638,1726,2203,1965
4562.72894749338,4562.60394749338,4562.85394749338,1645,1290,1468
4563.423267840011,4563.298267840011,4563.548267840011,734,1141,938
4562.621376945659,4562.371376945659,4562.871376945659,630,1739,1185
4561.683245751273,4561.558245751273,4561.808245751273,736,937,837
4558.546757413189,4558.421757413189,4558.671757413189,1012,1883,1448
4560.843334779538,4560.468334779538,4561.218334779538,1429,530,980
4563.794343990249,4563.544343990249,4564.044343990249,2056,1459,1758
4566.28825551136,4566.16325551136,4566.41325551136,1697,1516,1607
4567.705811754414,4567.580811754414,4567.830811754414,725,1082,904
4572.195423165075,4572.070423165075,4572.320423165075,1176,1023,1100
4572.710644663814,4572.460644663814,4572.960644663814,626,1213,920
4573.485356777816,4573.235356777816,4573.735356777816,1259,2108,1684
4574.825099627356,4574.450099627356,4575.200099627356,1149,1352,1251
4573.247753041191,4573.122753041191,4573.372753041191,1285,832,1059
4570.164395815922,4570.039395815922,4570.289395815922,2024,1521,1773
4574.134850650684,4574.009850650684,4574.259850650684,1112,1147,1130
4573.946974140337,4573.821974140337,4574.071974140337,905,2096,1501
4569.998544861719,4569.748544861719,4570.248544861719,2250,1333,1792
4568.3624606066605,4568.2374606066605,4568.4874606066605,2612,929,1771
4565.6409604906785,4565.3909604906785,4565.8909604906785,2510,1167,1839
4565.593000691003,4565.468000691003,4565.718000691003,1999,1022,1511
4562.424248883135,4562.174248883135,4562.674248883135,1452,1043,1248
4563.021977908754,4562.896977908754,4563.146977908754,685,1474,1080
4561.060367376647,4560.810367376647,4561.310367376647,1673,1198,1436
4559.087518206231,4558.837518206231,4559.337518206231,1693,1294,1494
4560.961128682666,4560.586128682666,4561.336128682666,1014,1709,1362
4561.042044697467,4560.917044697467,4561.167044697467,1235,734,985
4560.348658664447,4560.098658664447,4560.598658664447,974,2769,1872
4559.950814090935,4559.700814090935,4560.200814090935,1061,1972,1517
4561.531058011536,4561.406058011536,4561.656058011536,464,1151,808
4560.099682751755,4559.849682751755,4560.349682751755,894,1365,1130
4559.426849779818,4559.301849779818,4559.551849779818,1475,1006,1241
4557.347524541385,4557.097524541385,4557.597524541385,713,998,856
4558.732182116551,4558.607182116551,4558.857182116551,785,1010,898
4558.36089159826,4558.23589159826,4558.48589159826,702,1275,989
4559.196914741543,4559.071914741543,4559.321914741543,1595,1472,1534
4560.138106952913,4559.888106952913,4560.388106952913,1800,793,1297
4559.637518999686,4559.262518999686,4560.012518999686,1226,1091,1159
4561.876909380598,4561.751909380598,4562.001909380598,2150,1777,1964
4558.276336930271,4558.151336930271,4558.401336930271,978,1671,1325
4562.156312231382,4561.781312231382,4562.531312231382,1218,1805,1512
4561.699226349867,4561.449226349867,4561.949226349867,1738,1185,1462
4560.579537293899,4560.329537293899,4560.829537293899,2293,1176,1735
4555.502703496385,4555.377703496385,4555.627703496385,1153,2106,1630
4557.374035121193,4557.124035121193,4557.624035121193,1682,1349,1516
4557.45168121456,4557.20168121456,4557.70168121456,1764,1541,1653
4558.200052296761,4557.950052296761,4558.450052296761,936,2743,1840
4556.508593354148,4556.383593354148,4556.633593354148,1133,2618,1876
4559.954721168334,4559.829721168334,4560.079721168334,963,986,975
4558.414998245139,4558.289998245139,4558.539998245139,1350,2239,1795
4559.1746469357295,4559.0496469357295,4559.2996469357295,1008,1833,1421
4557.496991794278,4557.371991794278,4557.621991794278,871,1156,1014
4555.304438466047,4555.179438466047,4555.429438466047,1369,2606,1988
4553.028667626414,4552.903667626414,4553.153667626414,2167,884,1526
4551.484143993728,4551.109143993728,4551.859143993728,2238,1751,1995
4548.955055747431,4548.830055747431,4549.080055747431,1372,2365,1869
4548.216367294249,4547.966367294249,4548.466367294249,1730,2171,1951
4546.788411162195,4546.663411162195,4546.913411162195,860,1199,1030
4544.990552247636,4544.740552247636,4545.240552247636,934,2777,1856
4542.950946991844,4542.700946991844,4543.200946991844,2371,1476,1924
4541.4044835732,4541.2794835732,4541.5294835732,967,672,820
4540.526507906673,4540.276507906673,4540.776507906673,1394,2323,1859
4540.964997686765,4540.714997686765,4541.214997686765,1964,1565,1765
4544.338988175744,4544.213988175744,4544.463988175744,729,2088,1409
4546.5156779107865,4546.3906779107865,4546.6406779107865,711,1496,1104
4548.573297598476,4548.323297598476,4548.823297598476,1247,1276,1262
4545.548446285996,4545.423446285996,4545.673446285996,1365,626,996
4547.7541792166285,4547.5041792166285,4548.0041792166285,1408,593,1001
4547.256620615282,4547.131620615282,4547.381620615282,830,1097,964
4543.788923712503,4543.663923712503,4543.913923712503,1727,1100,1414
4542.273790793359,4542.148790793359,4542.398790793359,572,1655,1114
4546.1901274796655,4546.0651274796655,4546.3151274796655,1408,1025,1217
4548.018600273569,4547.643600273569,4548.393600273569,1939,2044,1992
4545.134885237894,4545.009885237894,4545.259885237894,2066,1243,1655
4544.54837145067,4544.42337145067,4544.67337145067,1824,1337,1581
4545.841402188218,4545.716402188218,4545.966402188218,830,2269,1550
4547.573006681377,4547.198006681377,4547.948006681377,1905,1740,1823
4547.491487865345,4547.366487865345,4547.616487865345,1832,1641,1737
4547.7739778418945,4547.6489778418945,4547.8989778418945,2361,922,1642
4549.645904858591,4549.395904858591,4549.895904858591,1146,2077,1612
4550.304246494938,4550.179246494938,4550.429246494938,826,1627,1227
4548.208185173632,4548.083185173632,4548.333185173632,672,1181,927
4548.768928810723,4548.643928810723,4548.893928810723,1635,1024,1330
4548.630266815004,4548.505266815004,4548.755266815004,868,1055,962
4548.14598232181,4548.02098232181,4548.27098232181,1927,926,1427
4547.2195297010685,4546.9695297010685,4547.4695297010685,2302,993,1648
4546.395970030677,4546.270970030677,4546.520970030677,902,2441,1672
4546.785594880207,4546.535594880207,4547.035594880207,1201,464,833
4548.813078839357,4548.563078839357,4549.063078839357,1811,850,1331
4548.083593072282,4547.958593072282,4548.208593072282,782,1717,1250
4549.779660071106,4549.404660071106,4550.154660071106,780,1091,936
4546.882216349081,4546.632216349081,4547.132216349081,952,1965,1459
4547.468789967856,4547.218789967856,4547.718789967856,2601,1374,1988
4548.016067939748,4547.891067939748,4548.141067939748,980,809,895
4544.854881926697,4544.729881926697,4544.979881926697,1380,745,1063
4544.910443895719,4544.660443895719,4545.160443895719,1301,2180,1741
4547.945134657431,4547.695134657431,4548.195134657431,1184,1121,1153
4548.875443010871,4548.750443010871,4549.000443010871,527,1500,1014
4546.021290058876,4545.896290058876,4546.146290058876,1720,715,1218
4545.107881227397,4544.857881227397,4545.357881227397,955,1468,1212
4544.210967365504,4544.085967365504,4544.335967365504,1943,694,1319
4541.744692313513,4541.369692313513,4542.119692313513,663,1642,1153
4541.485567236624,4541.360567236624,4541.610567236624,1259,1062,1161
4540.802177029209,4540.427177029209,4541.177177029209,2730,1113,1922
4541.567169406115,4541.442169406115,4541.692169406115,1829,756,1293
4544.052411063177,4543.927411063177,4544.177411063177,1358,627,993
4544.618145983736,4544.493145983736,4544.743145983736,1642,1417,1530
4544.781579741198,4544.656579741198,4544.906579741198,1118,1801,1460
4547.377942609153,4547.127942609153,4547.627942609153,712,1029,871
4545.164369887896,4545.039369887896,4545.289369887896,1241,1448,1345
4547.0783562235165,4546.9533562235165,4547.2033562235165,1658,895,1277
4547.842943619666,4547.717943619666,4547.967943619666,561,1096,829
4543.722570705385,4543.472570705385,4543.972570705385,916,1907,1412
4542.731059069069,4542.606059069069,4542.856059069069,853,2334,1594
4542.329596563829,4542.204596563829,4542.454596563829,1336,2417,1877
4544.15698681719,4543.90698681719,4544.40698681719,1221,696,959
4549.953114884279,4549.828114884279,4550.078114884279,1462,2005,1734
4552.158167620655,4552.033167620655,4552.283167620655,2356,891,1624
4552.609519890375,4552.359519890375,4552.859519890375,1157,2054,1606
4551.382147749073,4551.257147749073,4551.507147749073,1177,702,940
4549.366429940401,4549.116429940401,4549.616429940401,2448,1059,1754
4551.968361511708,4551.843361511708,4552.093361511708,2122,1259,1691
4549.626665334075,4549.501665334075,4549.751665334075,1593,570,1082
4547.616684139808,4547.366684139808,4547.866684139808,502,1301,902
4547.624038342292,4547.374038342292,4547.874038342292,1942,937,1440
4550.280894044935,4549.905894044935,4550.655894044935,1024,1289,1157
4547.38903850088,4547.26403850088,4547.51403850088,2238,1391,1815
4544.969534507206,4544.844534507206,4545.094534507206,2006,1439,1723
4546.730183388977,4546.355183388977,4547.105183388977,1013,1934,1474
4546.18234742201,4545.93234742201,4546.43234742201,983,1508,1246
4542.968285919116,4542.718285919116,4543.218285919116,943,2052,1498
4542.522961387046,4542.397961387046,4542.647961387046,2586,1341,1964
4539.931717355324,4539.806717355324,4540.056717355324,1187,946,1067
4541.588054351832,4541.463054351832,4541.713054351832,958,813,886
4541.663972101088,4541.413972101088,4541.913972101088,857,1286,1072
4538.647950352784,4538.522950352784,4538.772950352784,1812,1177,1495
4535.989450402489,4535.739450402489,4536.239450402489,1095,2660,1878
4535.890434666068,4535.515434666068,4536.265434666068,1433,2102,1768
