close,bid,ask,bid_volume,ask_volume,volume
4495.886771320255,4495.761771320255,4496.011771320255,2837,972,1905
4494.891716933239,4494.641716933239,4495.141716933239,636,1527,1082
4495.825313995754,4495.450313995754,4496.200313995754,1021,878,950
4493.917627771013,4493.542627771013,4494.292627771013,2019,1272,1646
4494.962604411633,4494.837604411633,4495.087604411633,519,1410,965
4493.385506161667,4493.135506161667,4493.635506161667,1666,1321,1494
4494.6146127459515,4494.4896127459515,4494.7396127459515,2184,1101,1643
4495.265510306881,4495.015510306881,4495.515510306881,2231,1552,1892
4497.669611198254,4497.544611198254,4497.794611198254,1657,988,1323
4498.0036414189935,4497.8786414189935,4498.1286414189935,744,1637,1191
4497.471671414313,4497.346671414313,4497.596671414313,2015,954,1485
4502.011281483517,4501.886281483517,4502.136281483517,1022,2805,1914
4502.574848298141,4502.324848298141,4502.824848298141,1949,1340,1645
4504.170269018012,4504.045269018012,4504.295269018012,923,992,958
4506.4730818571525,4506.2230818571525,4506.7230818571525,891,1538,1215
4503.777825200892,4503.652825200892,4503.902825200892,1330,789,1060
4505.228350100685,4505.103350100685,4505.353350100685,1296,2007,1652
4506.92112466838,4506.79612466838,4507.04612466838,1082,781,932
4505.361654991485,4505.111654991485,4505.611654991485,593,1208,901
4506.368009687202,4506.118009687202,4506.618009687202,1175,2728,1952
4506.871641081377,4506.746641081377,4506.996641081377,1688,1369,1529
4507.886462621632,4507.636462621632,4508.136462621632,955,2706,1831
4508.00556046209,4507.88056046209,4508.13056046209,1403,494,949
4508.478638016697,4508.353638016697,4508.603638016697,2090,981,1536
4508.472641627509,4508.222641627509,4508.722641627509,983,2910,1947
4509.402685050031,4509.277685050031,4509.527685050031,1379,842,1111
4507.573162406946,4507.448162406946,4507.698162406946,1574,2397,1986
4505.276863691011,4505.151863691011,4505.401863691011,630,1333,982
4503.235039036681,4503.110039036681,4503.360039036681,1234,855,1045
4504.335826964026,4504.085826964026,4504.585826964026,1409,604,1007
4505.367118360444,4505.117118360444,4505.617118360444,1064,579,822
4504.073395255064,4503.823395255064,4504.323395255064,1260,715,988
4502.654584375509,4502.404584375509,4502.904584375509,2224,1639,1932
4502.802699437057,4502.552699437057,4503.052699437057,2055,1906,1981
4502.859151169665,4502.609151169665,4503.109151169665,896,2629,1763
4505.028060293601,4504.903060293601,4505.153060293601,1536,701,1119
4503.157534374256,4502.907534374256,4503.407534374256,2135,1454,1795
4503.29872974306,4503.17372974306,4503.42372974306,1895,1410,1653
4504.984076286422,4504.859076286422,4505.109076286422,874,853,864
4506.724392395053,4506.599392395053,4506.849392395053,1281,2708,1995
4504.779825151341,4504.529825151341,4505.029825151341,999,626,813
4504.398063555353,4504.273063555353,4504.523063555353,709,1614,1162
4502.761706418175,4502.511706418175,4503.011706418175,1689,1364,1527
4501.185128645555,4500.935128645555,4501.435128645555,1719,884,1302
4498.63615568532,4498.51115568532,4498.76115568532,636,1703,1170
4499.413983420641,4499.163983420641,4499.663983420641,1017,1274,1146
4499.029099545906,4498.779099545906,4499.279099545906,666,995,831
4497.002224397809,4496.877224397809,4497.127224397809,720,2137,1429
4498.1587385837465,4498.0337385837465,4498.2837385837465,1630,737,1184
4496.733842320389,4496.608842320389,4496.858842320389,1340,2129,1735
4499.342827511296,4499.217827511296,4499.467827511296,2208,1537,1873
4498.160853875844,4497.910853875844,4498.410853875844,1477,2146,1812
4500.828684052051,4500.578684052051,4501.078684052051,1754,1443,1599
4501.7078126171655,4501.5828126171655,4501.8328126171655,1274,1831,1553
4499.181789528128,4499.056789528128,4499.306789528128,1182,1535,1359
4499.524512738193,4499.399512738193,4499.649512738193,2776,1183,1980
4497.240981095713,4497.115981095713,4497.365981095713,417,1190,804
4500.567936300271,4500.442936300271,4500.692936300271,954,2729,1842
4496.1324044469875,4495.8824044469875,4496.3824044469875,1473,612,1043
4497.457182674146,4497.332182674146,4497.582182674146,1725,1252,1489
4497.075108369963,4496.950108369963,4497.200108369963,1713,1634,1674
4495.674601969809,4495.549601969809,4495.799601969809,2181,1532,1857
4500.2635220543325,4500.1385220543325,4500.3885220543325,1264,901,1083
4502.929956963042,4502.554956963042,4503.304956963042,903,1480,1192
4504.350153277853,4504.225153277853,4504.475153277853,2555,1184,1870
4507.57292281338,4507.44792281338,4507.69792281338,2093,764,1429
4512.1676328608655,4511.9176328608655,4512.4176328608655,1454,1525,1490
4509.828682969204,4509.578682969204,4510.078682969204,1550,2255,1903
4512.874707706158,4512.624707706158,4513.124707706158,972,2573,1773
4516.024049159352,4515.774049159352,4516.274049159352,1622,1663,1643
4522.318980218949,4522.193980218949,4522.443980218949,922,1211,1067
4521.822890624254,4521.697890624254,4521.947890624254,903,1464,1184
4520.166084143108,4520.041084143108,4520.291084143108,1860,801,1331
4519.773619059655,4519.523619059655,4520.023619059655,1933,660,1297
4524.373521475485,4524.248521475485,4524.498521475485,2654,1301,1978
4525.408465785812,4525.158465785812,4525.658465785812,1281,1398,1340
4524.406555788199,4524.281555788199,4524.531555788199,528,1433,981
4525.342718239956,4525.217718239956,4525.467718239956,545,1500,1023
4526.257927776899,4526.132927776899,4526.382927776899,1123,732,928
4523.169373020557,4523.044373020557,4523.294373020557,1538,1655,1597
4522.793387587269,4522.668387587269,4522.918387587269,860,843,852
4520.704910773766,4520.579910773766,4520.829910773766,1990,1941,1966
4517.511555798105,4517.136555798105,4517.886555798105,1056,1401,1229
4516.176272141896,4515.926272141896,4516.426272141896,1818,1609,1714
4517.223552348951,4517.098552348951,4517.348552348951,1154,1227,1191
4518.161123334042,4518.036123334042,4518.286123334042,1678,1153,1416
4515.171370817433,4515.046370817433,4515.296370817433,929,1484,1207
4515.34035282628,4515.21535282628,4515.46535282628,1246,947,1097
4514.512350082549,4514.387350082549,4514.637350082549,872,759,816
4517.813180550743,4517.688180550743,4517.938180550743,1808,1253,1531
4517.415588160394,4517.165588160394,4517.665588160394,1032,1485,1259
4521.871600936247,4521.621600936247,4522.121600936247,2222,1365,1794
4517.683639213469,4517.433639213469,4517.933639213469,1168,2507,1838
4515.6328782631435,4515.3828782631435,4515.8828782631435,861,800,831
4512.521238389265,4512.271238389265,4512.771238389265,1889,850,1370
4516.78215808174,4516.53215808174,4517.03215808174,676,1565,1121
4520.596898433624,4520.471898433624,4520.721898433624,1454,1601,1528
4516.02117861964,4515.89617861964,4516.14617861964,1173,1676,1425
4516.1897067384025,4515.9397067384025,4516.4397067384025,1079,914,997
4512.777733763603,4512.402733763603,4513.152733763603,1674,803,1239
4512.173805959131,4511.923805959131,4512.423805959131,1540,591,1066
4511.433500544019,4511.183500544019,4511.683500544019,1626,1023,1325
4508.797395357871,4508.547395357871,4509.047395357871,1349,1332,1341
4506.923772541696,4506.798772541696,4507.048772541696,2055,778,1417
4508.059915641202,4507.934915641202,4508.184915641202,1925,1726,1826
4506.390082584864,4506.265082584864,4506.515082584864,1526,1815,1671
4503.836030829598,4503.711030829598,4503.961030829598,1304,1609,1457
4505.489692485556,4505.364692485556,4505.614692485556,2218,979,1599
4501.803841122897,4501.553841122897,4502.053841122897,1033,1892,1463
4501.936993425427,4501.811993425427,4502.061993425427,1158,471,815
4505.716407904901,4505.591407904901,4505.841407904901,544,1463,1004
4506.656062662103,4506.531062662103,4506.781062662103,2174,1775,1975
4511.368501818095,4511.243501818095,4511.493501818095,965,2394,1680
4508.267745971385,4508.142745971385,4508.392745971385,1362,2417,1890
4508.908345551356,4508.783345551356,4509.033345551356,1185,2712,1949
4505.979022757854,4505.854022757854,4506.104022757854,1015,1942,1479
4508.759655811233,4508.509655811233,4509.009655811233,2039,870,1455
4508.577461295402,4508.452461295402,4508.702461295402,1884,1611,1748
4504.377038331967,4504.127038331967,4504.627038331967,1571,986,1279
4505.079420526436,4504.954420526436,4505.204420526436,1770,1363,1567
4507.850067723481,4507.725067723481,4507.975067723481,1837,1962,1900
4504.763833568704,4504.513833568704,4505.013833568704,752,909,831
4505.491920650211,4505.366920650211,4505.616920650211,2454,1477,1966
4504.928099243529,4504.678099243529,4505.178099243529,883,2086,1485
4505.4124308492455,4505.2874308492455,4505.5374308492455,1372,1321,1347
4507.404561443939,4507.279561443939,4507.529561443939,1250,1339,1295
4507.780652355604,4507.405652355604,4508.155652355604,1091,1400,1246
4508.673078453632,4508.548078453632,4508.798078453632,1574,2237,1906
4512.645269338366,4512.520269338366,4512.770269338366,991,778,885
4510.344382055103,4510.219382055103,4510.469382055103,2370,985,1678
4507.964554853683,4507.839554853683,4508.089554853683,1358,2167,1763
4507.725406498784,4507.350406498784,4508.100406498784,1968,1833,1901
4509.5670930219,4509.4420930219,4509.6920930219,744,2159,1452
4511.769617187494,4511.644617187494,4511.894617187494,869,2004,1437
4508.104304574867,4507.854304574867,4508.354304574867,1942,2003,1973
4508.040591300032,4507.915591300032,4508.165591300032,2267,1092,1680
4510.26596351055,4510.14096351055,4510.39096351055,1788,1327,1558
4511.379254817387,4511.254254817387,4511.504254817387,1066,1093,1080
4513.0035975400915,4512.7535975400915,4513.2535975400915,821,964,893
4514.844711319891,4514.719711319891,4514.969711319891,592,1361,977
4516.171517549087,4516.046517549087,4516.296517549087,895,1472,1184
4517.807786652903,4517.682786652903,4517.932786652903,1336,2041,1689
4519.132586356575,4518.882586356575,4519.382586356575,1672,1361,1517
4519.189854400656,4519.064854400656,4519.314854400656,1470,1685,1578
4518.992642847342,4518.742642847342,4519.242642847342,1273,1614,1444
4514.874524831817,4514.749524831817,4514.999524831817,904,1025,965
4515.806450884032,4515.681450884032,4515.931450884032,1753,624,1189
4514.69761048689,4514.57261048689,4514.82261048689,1225,1976,1601
4514.494300805044,4514.369300805044,4514.619300805044,2231,1142,1687
4513.069192962071,4512.819192962071,4513.319192962071,2101,1142,1622
4512.173038477009,4511.923038477009,4512.423038477009,1253,2138,1696
4512.109170710079,4511.984170710079,4512.234170710079,1293,482,888
4511.050822038603,4510.800822038603,4511.300822038603,827,906,867
4515.848334044269,4515.598334044269,4516.098334044269,2026,1737,1882
4518.801785526018,4518.676785526018,4518.926785526018,1323,1176,1250
4519.490126774056,4519.365126774056,4519.615126774056,1776,1601,1689
4520.195798180302,4519.945798180302,4520.445798180302,1260,879,1070
4522.922973387333,4522.672973387333,4523.172973387333,1096,2327,1712
4524.321615474563,4524.196615474563,4524.446615474563,2411,858,1635
4523.958225434406,4523.833225434406,4524.083225434406,1924,1417,1671
4519.070340889269,4518.945340889269,4519.195340889269,1640,1223,1432
4516.617959463043,4516.367959463043,4516.867959463043,1787,2026,1907
4514.287782229083,4514.037782229083,4514.537782229083,659,1932,1296
4517.660484971614,4517.535484971614,4517.785484971614,2498,1285,1892
4517.2076743061525,4516.8326743061525,4517.5826743061525,664,1309,987
4519.527373700956,4519.277373700956,4519.777373700956,1323,1190,1257
4520.1524313621385,4519.9024313621385,4520.4024313621385,1396,2259,1828
4519.8783175593935,4519.7533175593935,4520.0033175593935,2563,936,1750
4520.652395605666,4520.402395605666,4520.902395605666,973,830,902
4523.077866407132,4522.827866407132,4523.327866407132,2263,1426,1845
4523.606350724511,4523.481350724511,4523.731350724511,1949,1720,1835
4522.278795999222,4522.153795999222,4522.403795999222,741,1710,1226
4522.8835901391985,4522.6335901391985,4523.1335901391985,1550,1465,1508
4519.794324885849,4519.419324885849,4520.169324885849,763,1590,1177
4523.152023077896,4523.027023077896,4523.277023077896,1439,630,1035
4519.47890161586,4519.35390161586,4519.60390161586,1292,637,965
4521.203054751651,4520.953054751651,4521.453054751651,1769,698,1234
4518.824285953314,4518.699285953314,4518.949285953314,2629,1066,1848
4521.2441177177725,4521.1191177177725,4521.3691177177725,1808,2075,1942
4522.568636254147,4522.443636254147,4522.693636254147,1287,1094,1191
4527.211940106767,4526.961940106767,4527.461940106767,1491,2194,1843
4528.167429637091,4528.042429637091,4528.292429637091,500,1175,838
4529.72363256463,4529.47363256463,4529.97363256463,615,1814,1215
4531.765615066127,4531.515615066127,4532.015615066127,1145,980,1063
4533.529026267343,4533.404026267343,4533.654026267343,1040,567,804
4534.672611241682,4534.547611241682,4534.797611241682,2119,838,1479
4536.093883401396,4535.843883401396,4536.343883401396,1708,1917,1813
4536.828160598132,4536.453160598132,4537.203160598132,876,2485,1681
4535.236031843778,4535.111031843778,4535.361031843778,853,1182,1018
4532.88906407213,4532.76406407213,4533.01406407213,1909,1420,1665
4530.797346613009,4530.547346613009,4531.047346613009,2207,1300,1754
4531.826491568679,4531.576491568679,4532.076491568679,815,1356,1086
4533.528285529956,4533.403285529956,4533.653285529956,1465,2096,1781
4534.116200527283,4533.991200527283,4534.241200527283,901,2104,1503
4534.532752599376,4534.407752599376,4534.657752599376,460,1347,904
4535.656586746544,4535.406586746544,4535.906586746544,1532,1439,1486
4533.689362090613,4533.564362090613,4533.814362090613,542,1603,1073
4536.5493311865785,4536.4243311865785,4536.6743311865785,825,884,855
4532.140725450694,4532.015725450694,4532.265725450694,1773,2136,1955
4528.776221978126,4528.526221978126,4529.026221978126,1912,1957,1935
4526.614761983113,4526.489761983113,4526.739761983113,1927,1184,1556
4526.260827047854,4526.135827047854,4526.385827047854,2196,1241,1719
4523.286383032593,4523.161383032593,4523.411383032593,1232,1827,1530
4521.986377859957,4521.611377859957,4522.361377859957,734,1273,1004
4522.625187886662,4522.500187886662,4522.750187886662,979,1492,1236
4521.391898635031,4521.266898635031,4521.516898635031,1150,761,956
4524.509521341949,4524.259521341949,4524.759521341949,2360,1311,1836
4519.8040633218825,4519.6790633218825,4519.9290633218825,1814,701,1258
4524.2754342937005,4524.1504342937005,4524.4004342937005,1318,2489,1904
4526.459621281103,4526.334621281103,4526.584621281103,2230,789,1510
4528.804647861547,4528.679647861547,4528.929647861547,433,1282,858
4531.458563804592,4531.208563804592,4531.708563804592,2811,942,1877
4531.857742231509,4531.732742231509,4531.982742231509,1045,2882,1964
4538.318916864539,4538.193916864539,4538.443916864539,1717,2148,1933
4534.6061780136315,4534.4811780136315,4534.7311780136315,1160,975,1068
4534.387761805653,4534.137761805653,4534.637761805653,1239,810,1025
4532.490861750918,4532.365861750918,4532.615861750918,1255,812,1034
4533.364678326582,4533.239678326582,4533.489678326582,1161,456,809
4530.306195768853,4530.181195768853,4530.431195768853,962,959,961
4530.655982522514,4530.530982522514,4530.780982522514,1395,578,987
4533.367953533783,4533.242953533783,4533.492953533783,780,1161,971
4535.23901359283,4534.98901359283,4535.48901359283,1705,1630,1668
4536.119551585029,4535.994551585029,4536.244551585029,620,1341,981
4529.422471548429,4529.297471548429,4529.547471548429,1411,716,1064
4528.999033189229,4528.874033189229,4529.124033189229,636,1077,857
4527.276205720754,4527.151205720754,4527.401205720754,1010,2069,1540
4533.720966683236,4533.470966683236,4533.970966683236,966,807,887
4536.9900779034615,4536.8650779034615,4537.1150779034615,2019,1632,1826
4535.631187239604,4535.506187239604,4535.756187239604,881,914,898
4537.572393641354,4537.447393641354,4537.697393641354,1460,801,1131
4537.921719759305,4537.671719759305,4538.171719759305,605,1184,895
4527.836998455818,4527.711998455818,4527.961998455818,1880,1585,1733
4531.910288434894,4531.535288434894,4532.285288434894,2425,1070,1748
4528.209520199722,4527.959520199722,4528.459520199722,993,626,810
4531.253900530793,4531.128900530793,4531.378900530793,2442,1451,1947
4524.357507023153,4524.232507023153,4524.482507023153,1306,1979,1643
4526.581250784974,4526.456250784974,4526.706250784974,876,1763,1320
4525.726489076474,4525.601489076474,4525.851489076474,1528,741,1135
4527.701521744424,4527.576521744424,4527.826521744424,746,1385,1066
4531.539275438649,4531.164275438649,4531.914275438649,1895,904,1400
4529.77557754117,4529.52557754117,4530.02557754117,960,2223,1592
4536.639682960128,4536.514682960128,4536.764682960128,612,1023,818
4534.945206401446,4534.820206401446,4535.070206401446,1454,979,1217
4533.286192583939,4533.161192583939,4533.411192583939,826,1975,1401
4534.110059779324,4533.860059779324,4534.360059779324,1605,1872,1739
4530.875762475359,4530.750762475359,4531.000762475359,1211,2256,1734
4530.57729223047,4530.45229223047,4530.70229223047,1354,1613,1484
4534.358495323492,4534.108495323492,4534.608495323492,851,1058,955
4532.224485368542,4531.849485368542,4532.599485368542,1282,2675,1979
4533.145595493346,4532.895595493346,4533.395595493346,781,1368,1075
4541.475910652299,4541.225910652299,4541.725910652299,980,2031,1506
4536.840137081095,4536.590137081095,4537.090137081095,490,1253,872
4534.794372032963,4534.419372032963,4535.169372032963,1593,706,1150
4536.492161563953,4536.242161563953,4536.742161563953,1100,1461,1281
4538.30058668366,4538.05058668366,4538.55058668366,1098,627,863
4537.438317761655,4537.188317761655,4537.688317761655,1432,1661,1547
4534.368301238449,4534.243301238449,4534.493301238449,1862,1007,1435
4529.446105717561,4529.196105717561,4529.696105717561,2148,1259,1704
4527.501198185016,4527.376198185016,4527.626198185016,989,1608,1299
4531.401066242265,4531.151066242265,4531.651066242265,2110,787,1449
4532.097416559864,4531.847416559864,4532.347416559864,1033,2842,1938
4530.687700247361,4530.437700247361,4530.937700247361,752,1347,1050
4528.852426365293,4528.602426365293,4529.102426365293,787,1698,1243
4533.137363177175,4533.012363177175,4533.262363177175,1400,581,991
4535.162215081605,4535.037215081605,4535.287215081605,1776,1587,1682
4536.79268015138,4536.54268015138,4537.04268015138,1303,2508,1906
4543.097205589367,4542.972205589367,4543.222205589367,2215,840,1528
4542.58179649599,4542.45679649599,4542.70679649599,1393,1606,1500
4541.176092541714,4540.801092541714,4541.551092541714,1210,2419,1815
4541.668475480878,4541.543475480878,4541.793475480878,1377,2498,1938
4546.4508190466795,4546.3258190466795,4546.5758190466795,1805,1526,1666
4545.71695349831,4545.34195349831,4546.09195349831,1983,756,1370
4541.817320854394,4541.567320854394,4542.067320854394,2207,918,1563
4543.698323080737,4543.573323080737,4543.823323080737,2177,1120,1649
4543.617860713758,4543.367860713758,4543.867860713758,2066,1499,1783
4542.367797088696,4542.242797088696,4542.492797088696,977,1804,1391
4538.924174798924,4538.549174798924,4539.299174798924,531,1122,827
4542.730921450024,4542.480921450024,4542.980921450024,2200,1063,1632
4539.693866962858,4539.568866962858,4539.818866962858,1405,570,988
4534.024677028465,4533.899677028465,4534.149677028465,910,1283,1097
4527.134235231268,4526.884235231268,4527.384235231268,2015,1892,1954
4526.183399275181,4526.058399275181,4526.308399275181,1761,850,1306
4528.542853460329,4528.417853460329,4528.667853460329,683,996,840
4525.145263163985,4525.020263163985,4525.270263163985,862,2421,1642
4525.31575184684,4525.19075184684,4525.44075184684,993,1664,1329
4531.969004944664,4531.594004944664,4532.344004944664,791,1486,1139
4528.252290931018,4528.127290931018,4528.377290931018,933,772,853
4524.809352102129,4524.684352102129,4524.934352102129,2475,1322,1899
4520.2235754512585,4520.0985754512585,4520.3485754512585,1886,1017,1452
4522.0121653799615,4521.7621653799615,4522.2621653799615,737,1764,1251
4516.335290204902,4516.210290204902,4516.460290204902,1281,1726,1504
4517.939010365814,4517.689010365814,4518.189010365814,1599,666,1133
4513.502759357348,4513.377759357348,4513.627759357348,1014,1129,1072
4511.568221689209,4511.443221689209,4511.693221689209,1200,1601,1401
4507.364073539349,4507.239073539349,4507.489073539349,1340,1143,1242
4508.407557565337,4508.282557565337,4508.532557565337,1217,1568,1393
4505.503102793186,4505.128102793186,4505.878102793186,755,958,857
4504.584652470535,4504.459652470535,4504.709652470535,1916,2001,1959
4509.20454478591,4509.07954478591,4509.32954478591,1065,876,971
4500.949640660645,4500.699640660645,4501.199640660645,1425,1064,1245
4503.435476648742,4503.310476648742,4503.560476648742,1366,1639,1503
4503.5606765467965,4503.4356765467965,4503.6856765467965,1364,2305,1835
4497.704595503761,4497.454595503761,4497.954595503761,745,1900,1323
4491.668044491418,4491.293044491418,4492.043044491418,1995,728,1362
4493.304803394209,4493.179803394209,4493.429803394209,2278,1291,1785
4493.2434809842425,4492.9934809842425,4493.4934809842425,1694,1537,1616
4494.511080496914,4494.261080496914,4494.761080496914,2066,837,1452
4496.593108084669,4496.468108084669,4496.718108084669,887,1154,1021
4504.53218504162,4504.40718504162,4504.65718504162,1514,2071,1793
4506.043110416296,4505.918110416296,4506.168110416296,2219,1178,1699
4504.547730345572,4504.297730345572,4504.797730345572,1819,1306,1563
4502.135863435976,4502.010863435976,4502.260863435976,1309,1580,1445
4503.546294250981,4503.296294250981,4503.796294250981,738,1815,1277
4507.647245302784,4507.397245302784,4507.897245302784,2586,1397,1992
4513.256775650087,4513.131775650087,4513.381775650087,942,1667,1305
4518.435141342714,4518.310141342714,4518.560141342714,2024,877,1451
4517.833820202656,4517.458820202656,4518.208820202656,2275,962,1619
4521.995671945965,4521.745671945965,4522.245671945965,1306,1627,1467
4517.425318389442,4517.050318389442,4517.800318389442,2122,1731,1927
4518.034953919543,4517.909953919543,4518.159953919543,852,1815,1334
4515.743418921911,4515.618418921911,4515.868418921911,1614,837,1226
4519.2567221640375,4519.1317221640375,4519.3817221640375,1588,1225,1407
4516.9002398304465,4516.7752398304465,4517.0252398304465,1017,1030,1024
4517.8274801710795,4517.7024801710795,4517.9524801710795,1290,1637,1464
4519.545448045441,4519.420448045441,4519.670448045441,1803,1620,1712
4518.61073598563,4518.48573598563,4518.73573598563,2251,1574,1913
4516.329750652901,4516.204750652901,4516.454750652901,979,1378,1179
4515.605678356875,4515.355678356875,4515.855678356875,1518,803,1161
4521.40924172373,4521.28424172373,4521.53424172373,1822,1997,1910
4518.040913376893,4517.790913376893,4518.290913376893,1385,1192,1289
4519.676939432934,4519.551939432934,4519.801939432934,1732,1699,1716
4521.754213729776,4521.504213729776,4522.004213729776,1130,1755,1443
4524.881195709609,4524.756195709609,4525.006195709609,1562,2089,1826
4519.9988183587475,4519.8738183587475,4520.1238183587475,1278,1509,1394
4523.901033861146,4523.776033861146,4524.026033861146,2623,1366,1995
4522.626669592417,4522.376669592417,4522.876669592417,1429,2536,1983
4522.512764298886,4522.262764298886,4522.762764298886,706,1489,1098
4520.098970045176,4519.723970045176,4520.473970045176,1449,1680,1565
4526.874936669931,4526.499936669931,4527.249936669931,1989,1140,1565
4519.239040946859,4519.114040946859,4519.364040946859,2431,974,1703
4518.217063388498,4517.842063388498,4518.592063388498,983,1614,1299
4517.794837475487,4517.669837475487,4517.919837475487,834,1321,1078
4520.24056571824,4520.11556571824,4520.36556571824,1953,1782,1868
4525.242668547406,4524.992668547406,4525.492668547406,2166,827,1497
4528.223598785796,4528.098598785796,4528.348598785796,1163,2542,1853
4527.06719086222,4526.81719086222,4527.31719086222,725,2074,1400
4529.385885107411,4529.260885107411,4529.510885107411,1207,562,885
4528.584578802567,4528.459578802567,4528.709578802567,1569,1360,1465
4528.603858281619,4528.353858281619,4528.853858281619,1603,716,1160
4532.5946809758025,4532.3446809758025,4532.8446809758025,1031,924,978
4536.121822268787,4535.871822268787,4536.371822268787,1112,1483,1298
4540.018968845455,4539.768968845455,4540.268968845455,1832,1827,1830
4542.628352955961,4542.253352955961,4543.003352955961,1427,1234,1331
4548.5290992941855,4548.4040992941855,4548.6540992941855,1333,924,1129
4542.293810774323,4542.043810774323,4542.543810774323,1120,633,877
4541.034741961692,4540.909741961692,4541.159741961692,1683,1460,1572
4536.379689349356,4536.254689349356,4536.504689349356,2060,1357,1709
4538.375867177533,4538.250867177533,4538.500867177533,1197,1064,1131
4538.294253402744,4538.044253402744,4538.544253402744,2162,1561,1862
4540.0709095688835,4539.8209095688835,4540.3209095688835,487,1204,846
4535.946923264808,4535.821923264808,4536.071923264808,1137,520,829
4535.152283401134,4535.027283401134,4535.277283401134,2053,1016,1535
4532.640204328721,4532.515204328721,4532.765204328721,866,1449,1158
4530.6895019970625,4530.5645019970625,4530.8145019970625,997,702,850
4531.423493625968,4531.173493625968,4531.673493625968,1709,1638,1674
4536.520713210969,4536.395713210969,4536.645713210969,870,1577,1224
4542.055308140393,4541.930308140393,4542.180308140393,993,1562,1278
4541.039912926011,4540.914912926011,4541.164912926011,806,837,822
4536.43749627961,4536.31249627961,4536.56249627961,792,1047,920
4535.583120342158,4535.458120342158,4535.708120342158,900,1659,1280
4533.931882558146,4533.806882558146,4534.056882558146,1332,1595,1464
4536.555783511675,4536.430783511675,4536.680783511675,999,1010,1005
4535.649941342285,4535.524941342285,4535.774941342285,734,1319,1027
4540.992420463088,4540.867420463088,4541.117420463088,2045,1832,1939
4541.491236869307,4541.366236869307,4541.616236869307,1113,720,917
4544.810424456107,4544.685424456107,4544.935424456107,1482,1695,1589
4548.903019837249,4548.778019837249,4549.028019837249,795,1086,941
4549.274657374389,4549.024657374389,4549.524657374389,733,984,859
4552.282640257905,4552.157640257905,4552.407640257905,2043,896,1470
4547.809260918207,4547.684260918207,4547.934260918207,2148,1539,1844
4543.750138053105,4543.500138053105,4544.000138053105,2322,1543,1933
4541.031733557682,4540.906733557682,4541.156733557682,2627,1076,1852
4539.77634715785,4539.65134715785,4539.90134715785,1399,1476,1438
4541.1687897704,4540.9187897704,4541.4187897704,1533,630,1082
4541.64381964764,4541.39381964764,4541.89381964764,1637,800,1219
4541.671885051816,4541.546885051816,4541.796885051816,1371,502,937
4542.373228926333,4542.248228926333,4542.498228926333,1798,1009,1404
4544.316936005292,4544.191936005292,4544.441936005292,2650,1147,1899
4541.262052504038,4540.887052504038,4541.637052504038,1826,855,1341
4540.856361894574,4540.481361894574,4541.231361894574,1884,1659,1772
4544.270352465296,4544.145352465296,4544.395352465296,1462,1729,1596
4547.478355899488,4547.228355899488,4547.728355899488,1569,2262,1916
4546.717034082022,4546.467034082022,4546.967034082022,1880,845,1363
4548.512583227475,4548.262583227475,4548.762583227475,1326,699,1013
4552.549829276646,4552.424829276646,4552.674829276646,1378,2211,1795
4553.639726590428,4553.514726590428,4553.764726590428,1103,1566,1335
4554.409781891648,4554.159781891648,4554.659781891648,850,1677,1264
4550.317020537335,4550.067020537335,4550.567020537335,1470,723,1097
4554.871260798063,4554.746260798063,4554.996260798063,1088,1295,1192
4558.643180969354,4558.518180969354,4558.768180969354,1141,858,1000
4565.523180247107,4565.398180247107,4565.648180247107,1285,1294,1290
4570.203016580915,4570.078016580915,4570.328016580915,1565,1810,1688
4579.306248184024,4579.181248184024,4579.431248184024,549,1056,803
4581.8488945483805,4581.5988945483805,4582.0988945483805,1448,1541,1495
4580.597120960938,4580.472120960938,4580.722120960938,2072,1733,1903
4570.799791653548,4570.549791653548,4571.049791653548,1498,851,1175
4580.382643960744,4580.257643960744,4580.507643960744,843,1052,948
4592.040521844487,4591.665521844487,4592.415521844487,1342,2217,1780
4595.442740077262,4595.192740077262,4595.692740077262,1893,1434,1664
4602.592413927929,4602.342413927929,4602.842413927929,2541,1402,1972
4604.145634977371,4604.020634977371,4604.270634977371,1274,645,960
4602.7542463001955,4602.6292463001955,4602.8792463001955,467,1268,868
4612.800194429964,4612.675194429964,4612.925194429964,1032,1343,1188
4621.316001170714,4621.066001170714,4621.566001170714,1158,1981,1570
4616.46431243877,4616.21431243877,4616.71431243877,931,936,934
4621.760324360943,4621.635324360943,4621.885324360943,1006,2551,1779
4627.337074567182,4627.087074567182,4627.587074567182,1885,922,1404
4626.0685055330805,4625.9435055330805,4626.1935055330805,2151,1064,1608
4627.934337842501,4627.559337842501,4628.309337842501,1148,2755,1952
4631.676944916031,4631.551944916031,4631.801944916031,1094,805,950
4632.696870700377,4632.446870700377,4632.946870700377,1238,1485,1362
4640.939184513126,4640.814184513126,4641.064184513126,2380,997,1689
4644.803168972365,4644.553168972365,4645.053168972365,906,1165,1036
4643.366017876344,4643.241017876344,4643.491017876344,2585,1376,1981
4638.2469350825295,4638.1219350825295,4638.3719350825295,2172,1327,1750
4628.699175893248,4628.574175893248,4628.824175893248,694,1485,1090
4626.761399050129,4626.386399050129,4627.136399050129,2866,979,1923
4629.878455638699,4629.753455638699,4630.003455638699,2261,1278,1770
4642.484513831537,4642.359513831537,4642.609513831537,1167,564,866
4644.599113766286,4644.474113766286,4644.724113766286,660,1223,942
4641.7099214355185,4641.4599214355185,4641.9599214355185,653,1864,1259
4651.086132119471,4650.961132119471,4651.211132119471,935,2612,1774
4649.859609424553,4649.734609424553,4649.984609424553,2019,844,1432
4652.6455360028,4652.3955360028,4652.8955360028,1566,1771,1669
4656.680787858403,4656.555787858403,4656.805787858403,1250,2507,1879
4646.034422575255,4645.659422575255,4646.409422575255,2124,845,1485
4638.879759438315,4638.629759438315,4639.129759438315,1308,2563,1936
4634.26756936521,4634.14256936521,4634.39256936521,627,1108,868
4637.7106833164435,4637.3356833164435,4638.0856833164435,1953,820,1387
4635.255651565272,4635.130651565272,4635.380651565272,445,1288,867
4628.082329599676,4627.832329599676,4628.332329599676,934,1985,1460
4612.829575556243,4612.579575556243,4613.079575556243,640,1253,947
4611.59340311268,4611.34340311268,4611.84340311268,2001,692,1347
4610.722464045442,4610.472464045442,4610.972464045442,1148,1847,1498
4601.309365354489,4600.934365354489,4601.684365354489,1002,2749,1876
4593.705368298697,4593.580368298697,4593.830368298697,1550,685,1118
4596.283049307096,4596.033049307096,4596.533049307096,811,2276,1544
4603.417278398774,4603.292278398774,4603.542278398774,863,2078,1471
4598.241738593787,4597.991738593787,4598.491738593787,2100,759,1430
4587.354888568308,4587.229888568308,4587.479888568308,1063,2048,1556
4584.932290677254,4584.807290677254,4585.057290677254,2881,1038,1960
4591.476315824811,4591.226315824811,4591.726315824811,1299,1284,1292
4596.00170444067,4595.62670444067,4596.37670444067,2418,1341,1880
4590.207008059402,4590.082008059402,4590.332008059402,875,1878,1377
4585.799206310805,4585.674206310805,4585.924206310805,2021,840,1431
4594.401075257002,4594.276075257002,4594.526075257002,1472,2019,1746
4599.6572862546545,4599.5322862546545,4599.7822862546545,1961,1148,1555
4598.304713343166,4598.054713343166,4598.554713343166,2179,792,1486
4594.565092313721,4594.315092313721,4594.815092313721,1503,2144,1824
4595.786184028092,4595.536184028092,4596.036184028092,1104,939,1022
4592.33088737033,4591.95588737033,4592.70588737033,2539,954,1747
4590.214069182233,4590.089069182233,4590.339069182233,1070,787,929
4584.309855764729,4584.059855764729,4584.559855764729,1189,2382,1786
4585.778370280601,4585.653370280601,4585.903370280601,626,1045,836
4585.517220928673,4585.392220928673,4585.642220928673,1559,1240,1400
4591.909353093812,4591.659353093812,4592.159353093812,2529,856,1693
4587.676831546323,4587.301831546323,4588.051831546323,1545,1680,1613
4591.285025738761,4591.160025738761,4591.410025738761,2530,947,1739
4587.515267042049,4587.265267042049,4587.765267042049,1563,1708,1636
4596.653150850156,4596.528150850156,4596.778150850156,2652,1139,1896
4593.448831014769,4593.198831014769,4593.698831014769,1884,1325,1605
4594.270422636879,4594.020422636879,4594.520422636879,1679,1334,1507
4591.343676356031,4591.093676356031,4591.593676356031,2658,985,1822
4599.425768435215,4599.175768435215,4599.675768435215,1941,1982,1962
4603.049561415591,4602.924561415591,4603.174561415591,1510,1819,1665
4607.483482367826,4607.358482367826,4607.608482367826,1515,1534,1525
4599.874039906772,4599.749039906772,4599.999039906772,724,1191,958
4597.401333329292,4597.276333329292,4597.526333329292,2279,1220,1750
4589.118243540372,4588.993243540372,4589.243243540372,2389,904,1647
4581.817229484119,4581.567229484119,4582.067229484119,1496,1605,1551
4584.809415809195,4584.559415809195,4585.059415809195,1595,1126,1361
4583.230675641137,4582.980675641137,4583.480675641137,2455,1340,1898
4577.242600166305,4576.992600166305,4577.492600166305,1783,1470,1627
4579.297622555616,4579.047622555616,4579.547622555616,1236,1111,1174
4580.625750220852,4580.375750220852,4580.875750220852,1046,2275,1661
4581.134088395429,4580.884088395429,4581.384088395429,1850,761,1306
4578.843884814284,4578.593884814284,4579.093884814284,1391,1224,1308
4575.6628821283475,4575.5378821283475,4575.7878821283475,2338,1075,1707
4573.8129741411385,4573.6879741411385,4573.9379741411385,644,1231,938
4575.951828362733,4575.826828362733,4576.076828362733,1028,1767,1398
4581.406350641464,4581.281350641464,4581.531350641464,1035,1744,1390
4585.429024232337,4585.179024232337,4585.679024232337,2485,976,1731
4581.466893708806,4581.341893708806,4581.591893708806,1360,635,998
4574.960982845033,4574.835982845033,4575.085982845033,1193,1904,1549
4572.238458702209,4572.113458702209,4572.363458702209,1478,1261,1370
4570.74316023736,4570.61816023736,4570.86816023736,1915,1946,1931
4563.377013583168,4563.002013583168,4563.752013583168,1826,1695,1761
4567.360554733812,4567.235554733812,4567.485554733812,964,1655,1310
4563.9929639248485,4563.6179639248485,4564.3679639248485,1121,744,933
4563.832523346073,4563.707523346073,4563.957523346073,1270,1435,1353
4568.326424238899,4568.076424238899,4568.576424238899,784,1219,1002
4579.115780090644,4578.865780090644,4579.365780090644,947,794,871
4584.442844150394,4584.317844150394,4584.567844150394,1051,1286,1169
4595.104299044072,4594.854299044072,4595.354299044072,531,1208,870
4578.335721513152,4578.210721513152,4578.460721513152,1264,1315,1290
4586.282008152929,4586.032008152929,4586.532008152929,1951,1602,1777
4576.395641256963,4576.020641256963,4576.770641256963,1116,2283,1700
4573.437088974063,4573.312088974063,4573.562088974063,2662,1017,1840
4573.497996749673,4573.372996749673,4573.622996749673,1128,1777,1453
4569.868574561443,4569.743574561443,4569.993574561443,666,1159,913
4567.738549472692,4567.613549472692,4567.863549472692,1925,936,1431
4570.57964730523,4570.45464730523,4570.70464730523,1000,1651,1326
4570.963374692183,4570.838374692183,4571.088374692183,1510,721,1116
4568.501532483798,4568.251532483798,4568.751532483798,1140,503,822
4565.714329200508,4565.589329200508,4565.839329200508,2297,868,1583
4564.999251839454,4564.874251839454,4565.124251839454,1783,826,1305
4568.232386959411,4567.982386959411,4568.482386959411,1254,1799,1527
4557.018922291453,4556.768922291453,4557.268922291453,1277,1178,1228
4562.570024370703,4562.445024370703,4562.695024370703,1580,927,1254
4571.456860139906,4571.206860139906,4571.706860139906,2282,1497,1890
4564.101996752213,4563.976996752213,4564.226996752213,1414,487,951
4575.9179134514025,4575.7929134514025,4576.0429134514025,1414,1949,1682
4577.61022144684,4577.36022144684,4577.86022144684,1803,986,1395
4572.129400783145,4572.004400783145,4572.254400783145,838,1677,1258
4562.695556323075,4562.570556323075,4562.820556323075,1281,588,935
4571.796113734736,4571.546113734736,4572.046113734736,1425,2472,1949
4570.962325036503,4570.587325036503,4571.337325036503,1026,2019,1523
4573.533662892898,4573.408662892898,4573.658662892898,2694,907,1801
4576.363843596141,4576.238843596141,4576.488843596141,886,1329,1108
4588.704128890157,4588.579128890157,4588.829128890157,847,1890,1369
4587.881624096324,4587.756624096324,4588.006624096324,2282,1047,1665
4585.97467542231,4585.84967542231,4586.09967542231,1538,961,1250
4585.227800894747,4585.102800894747,4585.352800894747,764,2249,1507
4580.943163938476,4580.818163938476,4581.068163938476,1221,2388,1805
4577.248476444569,4577.123476444569,4577.373476444569,1015,846,931
4582.318199774544,4582.068199774544,4582.568199774544,1045,1848,1447
4582.669523149131,4582.419523149131,4582.919523149131,1108,723,916
4586.050231482009,4585.800231482009,4586.300231482009,1819,1102,1461
4585.580183480448,4585.330183480448,4585.830183480448,1558,619,1089
4591.6975933765525,4591.4475933765525,4591.9475933765525,1103,500,802
4604.363258099135,4604.113258099135,4604.613258099135,978,1287,1133
4612.148907424051,4612.023907424051,4612.273907424051,514,1283,899
4610.472326233805,4610.347326233805,4610.597326233805,1175,1834,1505
4612.57854476668,4612.45354476668,4612.70354476668,1663,2116,1890
4614.114710236128,4613.989710236128,4614.239710236128,2094,1093,1594
4611.172149297641,4610.922149297641,4611.422149297641,1431,508,970
4618.998003227857,4618.873003227857,4619.123003227857,2255,1004,1630
4600.713679517435,4600.588679517435,4600.838679517435,594,1235,915
4613.667502203492,4613.542502203492,4613.792502203492,1954,733,1344
4607.195304908471,4607.070304908471,4607.320304908471,2459,1370,1915
4606.4359697767095,4606.3109697767095,4606.5609697767095,1010,987,999
4607.678954709187,4607.428954709187,4607.928954709187,854,1927,1391
4604.707522715333,4604.457522715333,4604.957522715333,887,888,888
4597.789227782327,4597.539227782327,4598.039227782327,1563,2278,1921
4602.168059857838,4602.043059857838,4602.293059857838,2185,1754,1970
4604.814906627271,4604.689906627271,4604.939906627271,686,937,812
4608.946471809169,4608.821471809169,4609.071471809169,1400,1095,1248
4603.171163490667,4602.921163490667,4603.421163490667,727,908,818
4595.825877384672,4595.700877384672,4595.950877384672,850,2115,1483
4593.147023542041,4592.897023542041,4593.397023542041,1218,1315,1267
4589.595492646801,4589.470492646801,4589.720492646801,2191,810,1501
4590.903100319812,4590.653100319812,4591.153100319812,1286,671,979
4599.660463442407,4599.410463442407,4599.910463442407,2291,922,1607
4605.449526735098,4605.324526735098,4605.574526735098,1281,2204,1743
4602.8462170933135,4602.7212170933135,4602.9712170933135,1869,680,1275
4603.68654930217,4603.43654930217,4603.93654930217,1800,1373,1587
4598.946070815549,4598.821070815549,4599.071070815549,604,1505,1055
4596.322512124427,4596.197512124427,4596.447512124427,1773,1122,1448
4596.928012807722,4596.803012807722,4597.053012807722,1169,454,812
4599.9966981664775,4599.7466981664775,4600.2466981664775,1129,714,922
4596.1742215226195,4596.0492215226195,4596.2992215226195,1054,1791,1423
4596.8439103583205,4596.7189103583205,4596.9689103583205,1377,1166,1272
4600.626455619067,4600.501455619067,4600.751455619067,1772,1005,1389
4597.133706106237,4596.883706106237,4597.383706106237,1851,1414,1633
4603.630120268263,4603.380120268263,4603.880120268263,1854,671,1263
4606.027268743851,4605.902268743851,4606.152268743851,1373,590,982
4608.143162056713,4607.768162056713,4608.518162056713,1330,445,888
4609.212556087052,4608.962556087052,4609.462556087052,1249,1580,1415
4613.20665952435,4613.08165952435,4613.33165952435,1939,1560,1750
4613.176669474582,4613.051669474582,4613.301669474582,1382,2369,1876
4619.879388333883,4619.629388333883,4620.129388333883,2539,1310,1925
4608.6164908341825,4608.3664908341825,4608.8664908341825,567,1506,1037
4608.769395309219,4608.394395309219,4609.144395309219,547,1522,1035
4602.169494348763,4602.044494348763,4602.294494348763,1349,1250,1300
4604.25096090411,4604.12596090411,4604.37596090411,1416,2533,1975
4613.378740255471,4613.253740255471,4613.503740255471,637,1770,1204
4604.820458179923,4604.695458179923,4604.945458179923,1227,990,1109
4603.394114392214,4603.269114392214,4603.519114392214,923,880,902
4611.849526987253,4611.474526987253,4612.224526987253,2308,1405,1857
4608.843517723258,4608.718517723258,4608.968517723258,2106,1117,1612
4593.973622892795,4593.848622892795,4594.098622892795,990,803,897
4591.297592181545,4591.172592181545,4591.422592181545,1371,690,1031
4588.462128147193,4588.337128147193,4588.587128147193,796,1313,1055
4586.767151740623,4586.392151740623,4587.142151740623,1276,2553,1915
4585.089759564879,4584.964759564879,4585.214759564879,1600,1215,1408
4581.967444698023,4581.592444698023,4582.342444698023,2116,1723,1920
4580.248886544341,4580.123886544341,4580.373886544341,1596,1489,1543
4583.304168296914,4583.054168296914,4583.554168296914,1636,565,1101
4592.472413575498,4592.347413575498,4592.597413575498,1887,1104,1496
4597.978533484355,4597.728533484355,4598.228533484355,586,1315,951
4599.203564126346,4599.078564126346,4599.328564126346,1771,1322,1547
4600.65730494608,4600.53230494608,4600.78230494608,2517,924,1721
4603.278792130356,4603.153792130356,4603.403792130356,1651,1190,1421
4597.565283254248,4597.190283254248,4597.940283254248,804,953,879
4598.90497312692,4598.65497312692,4599.15497312692,1088,2671,1880
4597.234487712087,4596.859487712087,4597.609487712087,664,1235,950
4597.803186693817,4597.678186693817,4597.928186693817,1185,1776,1481
4597.774755782904,4597.399755782904,4598.149755782904,988,1151,1070
4593.183311437651,4592.933311437651,4593.433311437651,1807,1918,1863
4588.997515658519,4588.622515658519,4589.372515658519,1473,1186,1330
4584.930756324274,4584.680756324274,4585.180756324274,721,1426,1074
4587.094540701561,4586.719540701561,4587.469540701561,1165,770,968
4586.220451559074,4586.095451559074,4586.345451559074,1147,816,982
4587.495867705402,4587.370867705402,4587.620867705402,495,1174,835
4578.962204506226,4578.837204506226,4579.087204506226,2716,1151,1934
4579.070059098744,4578.945059098744,4579.195059098744,714,1153,934
4578.377636472591,4578.252636472591,4578.502636472591,1166,695,931
4574.269170102288,4574.144170102288,4574.394170102288,931,1218,1075
4576.15069380337,4576.02569380337,4576.27569380337,1667,1930,1799
4575.19010902332,4574.81510902332,4575.56510902332,1903,1134,1519
4575.0710691203885,4574.9460691203885,4575.1960691203885,839,2094,1467
4579.015668721937,4578.640668721937,4579.390668721937,1352,735,1044
4580.731009169042,4580.606009169042,4580.856009169042,2067,1558,1813
4579.951296314607,4579.826296314607,4580.076296314607,2236,1745,1991
4582.181206495227,4582.056206495227,4582.306206495227,2468,1303,1886
4583.335686695638,4583.210686695638,4583.460686695638,1634,1653,1644
4586.2105204290365,4585.9605204290365,4586.4605204290365,1968,1141,1555
4587.517545194973,4587.392545194973,4587.642545194973,782,2217,1500
4582.158039517007,4582.033039517007,4582.283039517007,1252,563,908
4584.3600800388485,4584.2350800388485,4584.4850800388485,1570,1965,1768
4584.674354176287,4584.549354176287,4584.799354176287,775,1398,1087
4585.9129968231955,4585.7879968231955,4586.0379968231955,1135,1382,1259
4585.7673597741905,4585.5173597741905,4586.0173597741905,1649,866,1258
4578.511096013975,4578.386096013975,4578.636096013975,731,1518,1125
4573.679151411715,4573.304151411715,4574.054151411715,2205,1468,1837
4573.117739979996,4572.867739979996,4573.367739979996,962,1315,1139
4577.5566738252,4577.3066738252,4577.8066738252,1019,1966,1493
4576.926465394956,4576.801465394956,4577.051465394956,1885,754,1320
4582.197700139976,4582.072700139976,4582.322700139976,1864,985,1425
4580.687691309139,4580.562691309139,4580.812691309139,1933,1860,1897
4584.363530177845,4584.238530177845,4584.488530177845,1919,1932,1926
4585.855735180315,4585.730735180315,4585.980735180315,2053,1676,1865
4587.367968617924,4587.242968617924,4587.492968617924,2249,1420,1835
4594.385027100433,4594.135027100433,4594.635027100433,1050,1295,1173
4597.478837039813,4597.103837039813,4597.853837039813,737,1654,1196
4601.017102941117,4600.892102941117,4601.142102941117,1075,710,893
4599.117638871574,4598.992638871574,4599.242638871574,1259,1350,1305
4598.022448798359,4597.897448798359,4598.147448798359,1067,590,829
4597.055465445375,4596.930465445375,4597.180465445375,1714,1767,1741
4594.020290728898,4593.895290728898,4594.145290728898,1025,2366,1696
4591.610390946578,4591.485390946578,4591.735390946578,870,2113,1492
4590.466359928894,4590.341359928894,4590.591359928894,1277,1916,1597
4588.474625743617,4588.349625743617,4588.599625743617,1697,834,1266
4587.892129048966,4587.767129048966,4588.017129048966,2441,1088,1765
4589.275201458615,4589.150201458615,4589.400201458615,1705,892,1299
4590.277005298278,4590.027005298278,4590.527005298278,1515,1296,1406
4591.982715593543,4591.607715593543,4592.357715593543,2259,1308,1784
4589.447435759696,4589.322435759696,4589.572435759696,619,1232,926
4587.128480887527,4586.753480887527,4587.503480887527,887,1098,993
4590.845997382772,4590.470997382772,4591.220997382772,897,796,847
4588.68387020592,4588.55887020592,4588.80887020592,2148,1507,1828
4588.317647687922,4588.067647687922,4588.567647687922,907,1082,995
4589.934857469851,4589.809857469851,4590.059857469851,1351,1342,1347
4590.508206082969,4590.383206082969,4590.633206082969,2046,1051,1549
4593.179391707528,4593.054391707528,4593.304391707528,1435,1812,1624
4595.452603562491,4595.202603562491,4595.702603562491,1690,617,1154
4591.271264742923,4591.021264742923,4591.521264742923,1235,534,885
4588.892875539302,4588.767875539302,4589.017875539302,1951,1496,1724
4587.0138065264855,4586.8888065264855,4587.1388065264855,946,1951,1449
4588.627916799816,4588.377916799816,4588.877916799816,1284,2321,1803
4591.326067342065,4591.201067342065,4591.451067342065,685,1402,1044
4590.36613650711,4590.11613650711,4590.61613650711,2453,1440,1947
4591.106049746438,4590.981049746438,4591.231049746438,860,2111,1486
4591.548801903887,4591.423801903887,4591.673801903887,894,2105,1500
4583.115102423523,4582.990102423523,4583.240102423523,680,1215,948
4588.781488234093,4588.656488234093,4588.906488234093,1262,2497,1880
4588.363795331949,4588.113795331949,4588.613795331949,2131,990,1561
4587.072007565097,4586.822007565097,4587.322007565097,1059,980,1020
4587.583564340574,4587.333564340574,4587.833564340574,1056,2805,1931
4587.778762685786,4587.528762685786,4588.028762685786,2319,1326,1823
4584.478945080199,4584.353945080199,4584.603945080199,2020,1375,1698
4586.3694556153605,4586.2444556153605,4586.4944556153605,2493,1086,1790
4589.85065082089,4589.60065082089,4590.10065082089,1785,1986,1886
4591.501236700172,4591.251236700172,4591.751236700172,1531,602,1067
4593.678757715196,4593.553757715196,4593.803757715196,1426,525,976
4590.968573802692,4590.718573802692,4591.218573802692,1000,2129,1565
4592.541401859894,4592.416401859894,4592.666401859894,1457,934,1196
4594.936236600858,4594.811236600858,4595.061236600858,1928,1587,1758
4592.18594895141,4592.06094895141,4592.31094895141,1529,1332,1431
4591.514092218726,4591.264092218726,4591.764092218726,1517,634,1076
4592.105378659329,4591.980378659329,4592.230378659329,1747,1982,1865
4594.809221125022,4594.684221125022,4594.934221125022,1629,1658,1644
4595.358544609242,4595.233544609242,4595.483544609242,1290,695,993
4592.426331182601,4592.176331182601,4592.676331182601,1129,1394,1262
4597.849893204122,4597.599893204122,4598.099893204122,1395,1764,1580
4591.407171542075,4591.282171542075,4591.532171542075,889,1386,1138
4589.82508186844,4589.57508186844,4590.07508186844,776,1911,1344
4592.267306642183,4592.142306642183,4592.392306642183,2356,1511,1934
4586.535755061076,4586.285755061076,4586.785755061076,919,1198,1059
4587.177339034947,4587.052339034947,4587.302339034947,2439,980,1710
4589.128310362946,4589.003310362946,4589.253310362946,1310,519,915
4589.934189800942,4589.809189800942,4590.059189800942,1004,2185,1595
4589.404751952745,4589.279751952745,4589.529751952745,1532,675,1104
4586.595552566103,4586.470552566103,4586.720552566103,527,1228,878
4583.362619174935,4583.112619174935,4583.612619174935,1407,1152,1280
4580.706744991444,4580.581744991444,4580.831744991444,865,1580,1223
4581.44103404684,4581.06603404684,4581.81603404684,1513,2230,1872
4575.377281271252,4575.252281271252,4575.502281271252,1414,549,982
4570.510021346417,4570.385021346417,4570.635021346417,2166,831,1499
4565.734187900653,4565.609187900653,4565.859187900653,941,2692,1817
4563.541146986793,4563.416146986793,4563.666146986793,1643,2308,1976
4566.0979978435225,4565.9729978435225,4566.2229978435225,1564,1945,1755
4564.724414798361,4564.599414798361,4564.849414798361,987,1686,1337
4563.577936626834,4563.452936626834,4563.702936626834,1477,1776,1627
4564.802688411519,4564.677688411519,4564.927688411519,992,2229,1611
4564.917693690568,4564.667693690568,4565.167693690568,2068,1021,1545
4569.996236726093,4569.871236726093,4570.121236726093,1462,1825,1644
4569.779708799389,4569.654708799389,4569.904708799389,794,831,813
4570.722019567491,4570.597019567491,4570.847019567491,459,1328,894
4572.139482008546,4572.014482008546,4572.264482008546,1196,2709,1953
4569.952755069925,4569.827755069925,4570.077755069925,2080,1551,1816
4570.543427528314,4570.418427528314,4570.668427528314,1627,686,1157
4564.469904052701,4564.094904052701,4564.844904052701,1662,1077,1370
4561.733332047496,4561.358332047496,4562.108332047496,1019,874,947
4561.598541397555,4561.348541397555,4561.848541397555,756,1735,1246
4561.259279356965,4561.009279356965,4561.509279356965,1989,1812,1901
4556.7311037105155,4556.6061037105155,4556.8561037105155,1327,2352,1840
4558.644192480213,4558.519192480213,4558.769192480213,832,2303,1568
4561.488422456303,4561.363422456303,4561.613422456303,1690,1377,1534
4558.622336962449,4558.372336962449,4558.872336962449,1275,862,1069
4559.58107584296,4559.20607584296,4559.95607584296,897,2096,1497
4558.252383298001,4557.877383298001,4558.627383298001,1786,1361,1574
4563.752515283824,4563.627515283824,4563.877515283824,1082,655,869
4558.849037306398,4558.724037306398,4558.974037306398,929,1024,977
4560.036614315157,4559.786614315157,4560.286614315157,809,1416,1113
4562.812992864432,4562.562992864432,4563.062992864432,961,744,853
4567.3096329543205,4567.0596329543205,4567.5596329543205,881,946,914
4565.47207892089,4565.34707892089,4565.59707892089,1238,1087,1163
4568.887252510321,4568.762252510321,4569.012252510321,1089,2718,1904
4572.9631916122935,4572.8381916122935,4573.0881916122935,1263,1676,1470
4572.743641033358,4572.493641033358,4572.993641033358,2474,1315,1895
4568.207522923632,4568.082522923632,4568.332522923632,855,2468,1662
4566.661128980128,4566.536128980128,4566.786128980128,2489,1092,1791
4569.439502248462,4569.064502248462,4569.814502248462,1588,529,1059
4571.088956259548,4570.963956259548,4571.213956259548,1949,1164,1557
4567.535043286896,4567.410043286896,4567.660043286896,1004,2731,1868
4559.493750839598,4559.368750839598,4559.618750839598,1932,909,1421
4560.4030257722525,4560.0280257722525,4560.7780257722525,753,872,813
4559.438612709184,4559.313612709184,4559.563612709184,2103,906,1505
4563.124591549861,4562.874591549861,4563.374591549861,1634,1641,1638
4568.891493135637,4568.766493135637,4569.016493135637,814,869,842
4571.360439005788,4571.235439005788,4571.485439005788,538,1327,933
4575.04812236924,4574.92312236924,4575.17312236924,2408,1297,1853
4573.770526988075,4573.645526988075,4573.895526988075,2130,1629,1880
4574.081397986163,4573.956397986163,4574.206397986163,1233,562,898
4570.3372540453665,4570.2122540453665,4570.4622540453665,2164,1823,1994
4574.632821846842,4574.382821846842,4574.882821846842,1467,1052,1260
4575.2050098342925,4575.0800098342925,4575.3300098342925,1362,587,975
4576.349033160797,4576.099033160797,4576.599033160797,772,1287,1030
4573.805628507928,4573.680628507928,4573.930628507928,797,830,814
4570.908645679475,4570.533645679475,4571.283645679475,841,1742,1292
4568.735570571578,4568.485570571578,4568.985570571578,685,1700,1193
4567.015350742048,4566.890350742048,4567.140350742048,750,1089,920
4570.3570271476,4570.2320271476,4570.4820271476,1086,1521,1304
4570.5464912309235,4570.2964912309235,4570.7964912309235,1415,838,1127
4573.5014332499495,4573.3764332499495,4573.6264332499495,1393,484,939
4573.902507954615,4573.777507954615,4574.027507954615,2072,883,1478
4575.835918003663,4575.585918003663,4576.085918003663,1578,773,1176
4570.95779460515,4570.83279460515,4571.08279460515,1004,1065,1035
4569.163153549802,4568.913153549802,4569.413153549802,2408,1111,1760
4568.355337401347,4568.230337401347,4568.480337401347,1505,830,1168
4569.571325656042,4569.446325656042,4569.696325656042,1273,1386,1330
4572.557146677515,4572.432146677515,4572.682146677515,750,1577,1164
4564.865152548822,4564.740152548822,4564.990152548822,2428,1377,1903
4568.745656807298,4568.620656807298,4568.870656807298,2200,919,1560
4560.554912752364,4560.179912752364,4560.929912752364,1521,1840,1681
4562.386681007734,4562.136681007734,4562.636681007734,1203,2758,1981
4565.78176977029,4565.53176977029,4566.03176977029,445,1178,812
4565.695788887523,4565.570788887523,4565.820788887523,1108,843,976
4567.17223294702,4566.79723294702,4567.54723294702,1223,1760,1492
4569.6402852914225,4569.3902852914225,4569.8902852914225,963,1440,1202
4570.434155642659,4570.309155642659,4570.559155642659,2136,1155,1646
4570.201411066864,4569.951411066864,4570.451411066864,942,1991,1467
4571.924091247049,4571.799091247049,4572.049091247049,734,1269,1002
4570.673413261888,4570.298413261888,4571.048413261888,2272,925,1599
4569.258637138833,4569.008637138833,4569.508637138833,1652,721,1187
4568.167304459296,4568.042304459296,4568.292304459296,989,642,816
4564.619891016792,4564.369891016792,4564.869891016792,1006,2419,1713
4566.143331482657,4566.018331482657,4566.268331482657,1191,1076,1134
4565.328783255488,4565.203783255488,4565.453783255488,677,1906,1292
4566.773776693611,4566.398776693611,4567.148776693611,683,1474,1079
4570.429853962813,4570.179853962813,4570.679853962813,1686,1213,1450
4566.340857458057,4566.215857458057,4566.465857458057,1250,1777,1514
4566.43380049746,4566.30880049746,4566.55880049746,2215,1458,1837
4566.7051038983545,4566.5801038983545,4566.8301038983545,1916,1813,1865
4564.869884142275,4564.744884142275,4564.994884142275,645,1328,987
4562.153370599661,4562.028370599661,4562.278370599661,1079,2834,1957
4564.025454003552,4563.775454003552,4564.275454003552,2239,1190,1715
4563.220542042058,4562.970542042058,4563.470542042058,1462,1285,1374
4566.058716168367,4565.808716168367,4566.308716168367,1282,647,965
4564.220747299447,4563.845747299447,4564.595747299447,1730,1647,1689
4568.152040283531,4567.777040283531,4568.527040283531,1246,1707,1477
4575.245845075952,4575.120845075952,4575.370845075952,525,1474,1000
4584.018260984388,4583.768260984388,4584.268260984388,1729,1734,1732
4581.775146457749,4581.650146457749,4581.900146457749,818,843,831
4582.745603714061,4582.495603714061,4582.995603714061,2004,1933,1969
4577.733078748908,4577.358078748908,4578.108078748908,1235,1730,1483
4579.394577037443,4579.144577037443,4579.644577037443,1470,1757,1614
4576.785407117774,4576.660407117774,4576.910407117774,1839,992,1416
4568.684160641671,4568.434160641671,4568.934160641671,1199,1624,1412
4575.440755645717,4575.190755645717,4575.690755645717,2290,1125,1708
4573.6083731732815,4573.4833731732815,4573.7333731732815,2063,1756,1910
4577.018986316816,4576.768986316816,4577.268986316816,1319,670,995
4578.166977295016,4578.041977295016,4578.291977295016,1180,1921,1551
4571.028070798112,4570.903070798112,4571.153070798112,1219,1092,1156
4568.4676165475585,4568.3426165475585,4568.5926165475585,629,1460,1045
4568.52509434194,4568.40009434194,4568.65009434194,924,803,864
4566.131266335077,4566.006266335077,4566.256266335077,907,2576,1742
4571.500366244492,4571.250366244492,4571.750366244492,2558,1233,1896
4570.819769929883,4570.694769929883,4570.944769929883,1144,761,953
4573.724286456653,4573.599286456653,4573.849286456653,1479,552,1016
4572.338555373187,4572.088555373187,4572.588555373187,1244,739,992
4570.197615287751,4570.072615287751,4570.322615287751,869,776,823
4576.12194368765,4575.99694368765,4576.24694368765,630,1781,1206
4587.137122758395,4587.012122758395,4587.262122758395,623,1148,886
4583.257009315803,4583.132009315803,4583.382009315803,1880,1755,1818
4588.593318034819,4588.468318034819,4588.718318034819,1748,2093,1921
4588.964465716768,4588.714465716768,4589.214465716768,2212,891,1552
4589.953588107869,4589.703588107869,4590.203588107869,1202,795,999
4593.656396670071,4593.531396670071,4593.781396670071,1751,678,1215
4593.561907137223,4593.436907137223,4593.686907137223,791,1172,982
4589.553279898656,4589.428279898656,4589.678279898656,2121,1768,1945
4585.988175454087,4585.863175454087,4586.113175454087,983,736,860
4582.7217453697995,4582.5967453697995,4582.8467453697995,779,1596,1188
4571.33788154868,4571.08788154868,4571.58788154868,1039,1828,1434
4578.68865834811,4578.56365834811,4578.81365834811,1619,552,1086
4581.112533206604,4580.862533206604,4581.362533206604,1800,1811,1806
4577.0243806172975,4576.8993806172975,4577.1493806172975,736,2047,1392
4584.21015579755,4583.96015579755,4584.46015579755,1199,434,817
4582.101072290068,4581.976072290068,4582.226072290068,998,661,830
4580.4596809896375,4580.2096809896375,4580.7096809896375,1657,1564,1611
4581.968681835422,4581.593681835422,4582.343681835422,1594,1865,1730
4572.867115812701,4572.742115812701,4572.992115812701,1344,691,1018
4573.027886942669,4572.902886942669,4573.152886942669,1182,1287,1235
4573.9932862397245,4573.8682862397245,4574.1182862397245,415,1186,801
4572.459213109504,4572.209213109504,4572.709213109504,1451,1040,1246
4572.844454204031,4572.719454204031,4572.969454204031,2365,1036,1701
4571.481133793084,4571.356133793084,4571.606133793084,935,712,824
4578.792950251265,4578.667950251265,4578.917950251265,856,1747,1302
4573.858164398189,4573.608164398189,4574.108164398189,1212,2083,1648
4571.854495842502,4571.479495842502,4572.229495842502,1940,1297,1619
4564.618935897213,4564.493935897213,4564.743935897213,2045,926,1486
4568.563465958358,4568.313465958358,4568.813465958358,1147,1360,1254
4578.66096250882,4578.53596250882,4578.78596250882,1708,727,1218
4577.606137461612,4577.481137461612,4577.731137461612,554,1471,1013
4573.68401222128,4573.43401222128,4573.93401222128,2513,1336,1925
4578.162164424516,4577.787164424516,4578.537164424516,1334,2473,1904
4579.169830701334,4578.919830701334,4579.419830701334,2565,1046,1806
4576.400308848153,4576.275308848153,4576.525308848153,1625,2342,1984
4576.807386404716,4576.682386404716,4576.932386404716,2134,1849,1992
4572.637133814614,4572.512133814614,4572.762133814614,1253,2446,1850
4576.398267581113,4576.273267581113,4576.523267581113,1494,1119,1307
4572.7554097977045,4572.6304097977045,4572.8804097977045,1958,1541,1750
4564.584226551077,4564.209226551077,4564.959226551077,2096,1865,1981
4558.377305158282,4558.252305158282,4558.502305158282,1208,445,827
4559.509860346231,4559.259860346231,4559.759860346231,1573,750,1162
4561.823131553149,4561.698131553149,4561.948131553149,795,2368,1582
4562.95052128053,4562.82552128053,4563.07552128053,830,1409,1120
4555.478940312615,4555.228940312615,4555.728940312615,1820,1441,1631
4556.287711872281,4556.037711872281,4556.537711872281,1042,1717,1380
4553.129276412239,4553.004276412239,4553.254276412239,2755,990,1873
4551.895454541411,4551.770454541411,4552.020454541411,1224,1149,1187
4557.072011385127,4556.822011385127,4557.322011385127,613,1082,848
4561.679742279732,4561.554742279732,4561.804742279732,1432,2477,1955
4564.155544106846,4564.030544106846,4564.280544106846,801,1762,1282
4561.746393949704,4561.621393949704,4561.871393949704,1319,574,947
4571.538008439458,4571.413008439458,4571.663008439458,1085,804,945
4573.7178626030645,4573.4678626030645,4573.9678626030645,1137,2582,1860
4572.542619571187,4572.292619571187,4572.792619571187,2819,948,1884
4572.850616756999,4572.600616756999,4573.100616756999,660,1031,846
4573.664473909392,4573.289473909392,4574.039473909392,1360,481,921
4579.353319237616,4579.228319237616,4579.478319237616,1419,486,953
4579.637488189558,4579.512488189558,4579.762488189558,1826,1961,1894
4583.336975950439,4583.211975950439,4583.461975950439,1236,2687,1962
4582.712062921761,4582.587062921761,4582.837062921761,1252,2393,1823
4579.450179967971,4579.325179967971,4579.575179967971,2346,975,1661
4572.613351864638,4572.488351864638,4572.738351864638,1420,715,1068
4579.63328466893,4579.25828466893,4580.00828466893,2705,1010,1858
4585.535170119942,4585.285170119942,4585.785170119942,1583,922,1253
4591.3670537794915,4591.1170537794915,4591.6170537794915,749,1122,936
4599.563558344755,4599.313558344755,4599.813558344755,2127,770,1449
4607.321720020767,4607.196720020767,4607.446720020767,1943,936,1440
4609.568540470925,4609.443540470925,4609.693540470925,1553,1570,1562
4615.334764043606,4615.209764043606,4615.459764043606,1609,2000,1805
4616.885454548873,4616.760454548873,4617.010454548873,1052,2487,1770
4620.145034335858,4620.020034335858,4620.270034335858,841,888,865
4622.410774271175,4622.160774271175,4622.660774271175,935,2126,1531
4621.410910927977,4621.285910927977,4621.535910927977,563,1292,928
4614.469035158886,4614.344035158886,4614.594035158886,749,970,860
4613.532057775557,4613.407057775557,4613.657057775557,797,2034,1416
4601.570050881044,4601.445050881044,4601.695050881044,858,1029,944
4601.202485016216,4600.952485016216,4601.452485016216,1115,2310,1713
4596.6767276477085,4596.5517276477085,4596.8017276477085,659,1318,989
4600.223338524594,4599.848338524594,4600.598338524594,774,1975,1375
4599.508439407939,4599.258439407939,4599.758439407939,1527,2312,1920
4598.081349641311,4597.831349641311,4598.331349641311,573,1172,873
4600.67087536448,4600.54587536448,4600.79587536448,578,1369,974
4597.5055796927645,4597.3805796927645,4597.6305796927645,1279,1412,1346
4601.640398905243,4601.265398905243,4602.015398905243,548,1493,1021
4599.67243321559,4599.54743321559,4599.79743321559,1204,495,850
4598.575167074979,4598.450167074979,4598.700167074979,1021,2554,1788
4591.826004785142,4591.576004785142,4592.076004785142,686,2005,1346
4592.245512584508,4591.995512584508,4592.495512584508,1925,1696,1811
4592.37900906108,4592.25400906108,4592.50400906108,639,1162,901
4593.746248405117,4593.621248405117,4593.871248405117,2337,1048,1693
4605.818447841259,4605.693447841259,4605.943447841259,1146,509,828
4603.374870957116,4603.249870957116,4603.499870957116,525,1522,1024
4603.392049575424,4603.142049575424,4603.642049575424,1055,974,1015
4605.8452273588655,4605.7202273588655,4605.9702273588655,2055,1564,1810
4609.404949061632,4609.279949061632,4609.529949061632,1001,2302,1652
4607.99828665078,4607.62328665078,4608.37328665078,2307,1092,1700
4605.2283261468065,4605.1033261468065,4605.3533261468065,2229,1178,1704
4606.16790114536,4605.79290114536,4606.54290114536,1135,762,949
4609.977110430754,4609.727110430754,4610.227110430754,1400,2519,1960
4606.077763923095,4605.827763923095,4606.327763923095,1357,1738,1548
4606.373685682765,4606.248685682765,4606.498685682765,846,1943,1395
4603.496412312492,4603.371412312492,4603.621412312492,1871,1630,1751
4598.733802045105,4598.358802045105,4599.108802045105,841,2266,1554
4599.93493174041,4599.68493174041,4600.18493174041,1405,862,1134
4597.914938437319,4597.664938437319,4598.164938437319,1301,1336,1319
4596.62066667652,4596.49566667652,4596.74566667652,1427,1630,1529
4604.257130101426,4604.132130101426,4604.382130101426,1586,1563,1575
4602.813167163713,4602.563167163713,4603.063167163713,802,1283,1043
4599.9572450312035,4599.8322450312035,4600.0822450312035,1267,1624,1446
4596.330386109282,4596.205386109282,4596.455386109282,1893,1704,1799
4588.748375945929,4588.498375945929,4588.998375945929,1629,1226,1428
4586.318764902241,4586.193764902241,4586.443764902241,1368,2083,1726
4589.887765693924,4589.637765693924,4590.137765693924,1690,761,1226
4581.871200498738,4581.496200498738,4582.246200498738,2102,731,1417
4588.53900416731,4588.28900416731,4588.78900416731,782,1597,1190
4590.55343992346,4590.42843992346,4590.67843992346,1187,696,942
4593.6206577243065,4593.4956577243065,4593.7456577243065,1621,1034,1328
4597.028653426559,4596.903653426559,4597.153653426559,1418,601,1010
4597.5702910398995,4597.4452910398995,4597.6952910398995,1601,696,1149
4597.635254397873,4597.260254397873,4598.010254397873,1199,768,984
4597.262831890021,4597.137831890021,4597.387831890021,1032,1773,1403
4594.132838007181,4594.007838007181,4594.257838007181,1991,1976,1984
4596.863846509543,4596.738846509543,4596.988846509543,859,1024,942
4599.355165902102,4599.230165902102,4599.480165902102,1367,592,980
4602.111810460352,4601.986810460352,4602.236810460352,1516,2389,1953
4602.337948476596,4602.212948476596,4602.462948476596,2109,1316,1713
4601.312717943057,4601.187717943057,4601.437717943057,839,1094,967
4597.6712616622435,4597.5462616622435,4597.7962616622435,567,1506,1037
4594.686485632992,4594.436485632992,4594.936485632992,1922,1639,1781
4594.254963317639,4594.004963317639,4594.504963317639,1409,1500,1455
4595.9636958200435,4595.8386958200435,4596.0886958200435,2301,1270,1786
4594.5762335716545,4594.4512335716545,4594.7012335716545,1284,1227,1256
4600.853989229299,4600.603989229299,4601.103989229299,1411,2528,1970
4597.462398173941,4597.337398173941,4597.587398173941,570,1525,1048
4596.691469106176,4596.316469106176,4597.066469106176,2486,1227,1857
4599.177661285062,4598.927661285062,4599.427661285062,861,1114,988
4597.0934334631065,4596.9684334631065,4597.2184334631065,1150,1835,1493
4598.540369068745,4598.415369068745,4598.665369068745,1104,1831,1468
4605.101293607459,4604.976293607459,4605.226293607459,1044,749,897
4603.171690406252,4602.921690406252,4603.421690406252,1415,722,1069
4595.998490741416,4595.748490741416,4596.248490741416,1018,2335,1677
4602.024021368369,4601.649021368369,4602.399021368369,1625,1784,1705
4603.92515892518,4603.80015892518,4604.05015892518,778,951,865
4611.9499192728435,4611.8249192728435,4612.0749192728435,929,2082,1506
4602.4679706064635,4602.3429706064635,4602.5929706064635,832,1225,1029
4601.770784309561,4601.520784309561,4602.020784309561,1691,858,1275
4599.918866761519,4599.668866761519,4600.168866761519,1198,1131,1165
4606.07823570996,4605.95323570996,4606.20323570996,2538,1009,1774
4611.980621126953,4611.855621126953,4612.105621126953,1973,718,1346
4608.479065053329,4608.229065053329,4608.729065053329,763,1516,1140
4604.703393269645,4604.578393269645,4604.828393269645,1561,530,1046
4605.455526594752,4605.330526594752,4605.580526594752,2290,1157,1724
4609.206818633844,4609.081818633844,4609.331818633844,1194,1059,1127
4610.70330833192,4610.57830833192,4610.82830833192,1079,1640,1360
4614.640104241221,4614.265104241221,4615.015104241221,1479,1382,1431
4611.404629851736,4611.279629851736,4611.529629851736,1618,2117,1868
4610.219514739317,4610.094514739317,4610.344514739317,946,1889,1418
4605.880110367816,4605.755110367816,4606.005110367816,1098,1601,1350
4599.268368687611,4599.143368687611,4599.393368687611,1739,1144,1442
4592.097742597546,4591.972742597546,4592.222742597546,1541,1838,1690
4587.43046067072,4587.30546067072,4587.55546067072,2024,687,1356
4577.289099905892,4577.164099905892,4577.414099905892,910,1057,984
4577.874059373976,4577.749059373976,4577.999059373976,1693,864,1279
4575.667977612745,4575.542977612745,4575.792977612745,517,1112,815
4580.353070783205,4580.228070783205,4580.478070783205,2135,858,1497
4581.522388572809,4581.272388572809,4581.772388572809,2698,919,1809
4591.033832522112,4590.908832522112,4591.158832522112,1108,985,1047
4587.10956470657,4586.98456470657,4587.23456470657,1943,744,1344
4589.498644270522,4589.248644270522,4589.748644270522,1108,1033,1071
4590.576067146556,4590.451067146556,4590.701067146556,1532,1701,1617
4591.454902292724,4591.079902292724,4591.829902292724,857,2290,1574
4591.983083142019,4591.858083142019,4592.108083142019,1689,704,1197
4592.230309524821,4591.980309524821,4592.480309524821,1198,2085,1642
4590.655306634814,4590.405306634814,4590.905306634814,1287,2522,1905
4588.913258966772,4588.538258966772,4589.288258966772,2248,1363,1806
4588.40172525332,4588.27672525332,4588.52672525332,1230,1839,1535
4587.076117622728,4586.826117622728,4587.326117622728,778,827,803
4586.123550262526,4585.998550262526,4586.248550262526,2333,1598,1966
4581.314447123007,4580.939447123007,4581.689447123007,2245,1606,1926
4587.927451109968,4587.802451109968,4588.052451109968,1884,1569,1727
4594.512006951265,4594.137006951265,4594.887006951265,914,2579,1747
4596.827990468253,4596.702990468253,4596.952990468253,602,1113,858
4592.46727302445,4592.34227302445,4592.59227302445,1888,857,1373
4591.5203695122245,4591.2703695122245,4591.7703695122245,1798,1281,1540
4592.369250764941,4592.244250764941,4592.494250764941,1371,2082,1727
4598.322758182517,4598.197758182517,4598.447758182517,1942,755,1349
4599.123239428231,4598.873239428231,4599.373239428231,2081,934,1508
4594.382059208948,4594.007059208948,4594.757059208948,2309,956,1633
4591.7020700454905,4591.3270700454905,4592.0770700454905,1715,1936,1826
4586.281683606355,4586.031683606355,4586.531683606355,1277,1010,1144
4584.10504362518,4583.98004362518,4584.23004362518,2597,1312,1955
4578.713188097213,4578.588188097213,4578.838188097213,2394,1241,1818
4571.675266253414,4571.550266253414,4571.800266253414,844,877,861
4575.778073775472,4575.653073775472,4575.903073775472,749,1878,1314
4577.479125547616,4577.229125547616,4577.729125547616,2385,1012,1699
4578.216037382429,4578.091037382429,4578.341037382429,2889,1076,1983
4578.922392887771,4578.547392887771,4579.297392887771,1666,1515,1591
4577.950171708038,4577.825171708038,4578.075171708038,1423,2128,1776
4574.360149823612,4574.235149823612,4574.485149823612,1741,1948,1845
4571.510329725205,4571.135329725205,4571.885329725205,2608,1265,1937
4568.809909057841,4568.684909057841,4568.934909057841,2274,1607,1941
4568.245482132781,4568.120482132781,4568.370482132781,1200,2111,1656
4561.90733635217,4561.65733635217,4562.15733635217,1221,2382,1802
4564.124478604065,4563.999478604065,4564.249478604065,2501,1454,1978
4566.031796478908,4565.906796478908,4566.156796478908,2114,905,1510
4573.2590149278485,4573.1340149278485,4573.3840149278485,1983,1114,1549
4569.582766557779,4569.457766557779,4569.707766557779,1090,1907,1499
4568.260186594968,4567.885186594968,4568.635186594968,566,1353,960
4565.8526846635095,4565.7276846635095,4565.9776846635095,1707,1128,1418
4565.633494622455,4565.508494622455,4565.758494622455,919,1718,1319
4562.654807373651,4562.279807373651,4563.029807373651,1742,1307,1525
4563.908069614405,4563.783069614405,4564.033069614405,1590,1631,1611
4563.978962997958,4563.853962997958,4564.103962997958,759,1488,1124
4561.4772408119925,4561.3522408119925,4561.6022408119925,1677,1672,1675
4563.237902152389,4563.112902152389,4563.362902152389,1437,2218,1828
4564.211378003542,4564.086378003542,4564.336378003542,594,1225,910
4562.259361484438,4562.134361484438,4562.384361484438,1520,1377,1449
4561.412290942889,4561.287290942889,4561.537290942889,1548,1763,1656
4563.7903820794245,4563.4153820794245,4564.1653820794245,1629,1088,1359
4560.650312630982,4560.525312630982,4560.775312630982,1188,2343,1766
4564.22306176982,4564.09806176982,4564.34806176982,1074,935,1005
4564.889415354861,4564.764415354861,4565.014415354861,1193,668,931
4562.26410100264,4562.13910100264,4562.38910100264,2132,1567,1850
4554.721332930149,4554.596332930149,4554.846332930149,1039,718,879
4553.988053775645,4553.738053775645,4554.238053775645,1090,513,802
4552.735932228112,4552.485932228112,4552.985932228112,1512,1159,1336
4548.624242278259,4548.374242278259,4548.874242278259,2196,1561,1879
4548.705739005363,4548.580739005363,4548.830739005363,1122,1697,1410
4551.762272743719,4551.512272743719,4552.012272743719,1208,2669,1939
4558.119256342774,4557.994256342774,4558.244256342774,1837,1488,1663
4553.991377546895,4553.866377546895,4554.116377546895,1188,2741,1965
4555.908049989036,4555.783049989036,4556.033049989036,1737,836,1287
4555.738907815711,4555.613907815711,4555.863907815711,1605,1740,1673
4556.163332767858,4555.788332767858,4556.538332767858,974,1215,1095
4566.543468214287,4566.418468214287,4566.668468214287,1416,565,991
4571.960409277966,4571.835409277966,4572.085409277966,998,1903,1451
4579.6623456724565,4579.5373456724565,4579.7873456724565,942,805,874
4579.459945495092,4579.334945495092,4579.584945495092,935,2376,1656
4578.309140728533,4578.059140728533,4578.559140728533,935,1576,1256
4574.97928179318,4574.72928179318,4575.22928179318,2472,957,1715
4573.404320911947,4573.279320911947,4573.529320911947,1020,1717,1369
4574.529716788183,4574.154716788183,4574.904716788183,1358,1091,1225
4575.9779989131985,4575.6029989131985,4576.3529989131985,1617,798,1208
4575.724439605882,4575.599439605882,4575.849439605882,2190,797,1494
4567.240571375452,4567.115571375452,4567.365571375452,955,2542,1749
4565.733114698302,4565.608114698302,4565.858114698302,2325,1620,1973
4564.5100901465175,4564.3850901465175,4564.6350901465175,2032,1141,1587
4562.700812830492,4562.325812830492,4563.075812830492,553,1414,984
4557.721298833777,4557.596298833777,4557.846298833777,539,1240,890
4564.938898554323,4564.813898554323,4565.063898554323,1588,1007,1298
4563.182244595088,4562.932244595088,4563.432244595088,1676,925,1301
4561.519351012009,4561.269351012009,4561.769351012009,2279,820,1550
4561.343711951814,4561.218711951814,4561.468711951814,1836,1013,1425
4561.438870198812,4561.313870198812,4561.563870198812,1648,717,1183
4564.921062551053,4564.796062551053,4565.046062551053,1955,902,1429
4559.568194223362,4559.318194223362,4559.818194223362,740,1547,1144
4557.364510783487,4557.239510783487,4557.489510783487,2041,1350,1696
4553.773873846422,4553.648873846422,4553.898873846422,2152,1431,1792
4549.481988542499,4549.356988542499,4549.606988542499,1689,1844,1767
4555.067474915059,4554.817474915059,4555.317474915059,822,1451,1137
4556.073039993712,4555.948039993712,4556.198039993712,1124,2255,1690
4557.384918588206,4557.259918588206,4557.509918588206,1259,2412,1836
4556.347387332131,4556.097387332131,4556.597387332131,1108,777,943
4556.191973198142,4556.066973198142,4556.316973198142,1207,444,826
4555.399729291164,4555.149729291164,4555.649729291164,2367,1536,1952
4558.374755028785,4558.249755028785,4558.499755028785,2143,1840,1992
4555.040109429177,4554.915109429177,4555.165109429177,707,1198,953
4551.525781960878,4551.400781960878,4551.650781960878,1258,427,843
4552.581458735947,4552.206458735947,4552.956458735947,1223,484,854
4553.606008612763,4553.481008612763,4553.731008612763,1644,1411,1528
4547.096392893397,4546.721392893397,4547.471392893397,1476,1089,1283
4549.801886495651,4549.551886495651,4550.051886495651,2616,1133,1875
4543.729989569542,4543.354989569542,4544.104989569542,2428,843,1636
4542.152635654476,4542.027635654476,4542.277635654476,2516,1447,1982
4540.322842850544,4540.072842850544,4540.572842850544,735,1148,942
4541.1731104766195,4541.0481104766195,4541.2981104766195,1953,1406,1680
4533.640754250598,4533.390754250598,4533.890754250598,1722,731,1227
4533.423711990106,4533.298711990106,4533.548711990106,2076,1413,1745
4532.262645439833,4532.137645439833,4532.387645439833,2580,1091,1836
4533.083522640407,4532.958522640407,4533.208522640407,1368,1573,1471
4533.200018861524,4532.950018861524,4533.450018861524,1052,921,987
4524.348726530357,4524.098726530357,4524.598726530357,2570,1413,1992
4518.558430451636,4518.433430451636,4518.683430451636,1810,1825,1818
4519.649370483781,4519.524370483781,4519.774370483781,1995,1780,1888
4519.008748953321,4518.883748953321,4519.133748953321,1426,1863,1645
4525.20088622278,4525.07588622278,4525.32588622278,2297,1266,1782
4526.41420037749,4526.28920037749,4526.53920037749,1175,650,913
4523.260612578998,4523.010612578998,4523.510612578998,1416,619,1018
4525.191182325025,4525.066182325025,4525.316182325025,737,1106,922
4526.880710033533,4526.505710033533,4527.255710033533,1257,1074,1166
4529.006893638052,4528.631893638052,4529.381893638052,2016,969,1493
4527.069128130433,4526.944128130433,4527.194128130433,1765,1608,1687
4519.232768598034,4518.982768598034,4519.482768598034,1187,858,1023
4522.919763690209,4522.544763690209,4523.294763690209,959,1536,1248
4522.465430035336,4522.090430035336,4522.840430035336,1256,933,1095
4520.205092414707,4519.955092414707,4520.455092414707,881,1622,1252
4522.979640813665,4522.854640813665,4523.104640813665,546,1131,839
4519.560674736424,4519.310674736424,4519.810674736424,1578,949,1264
4516.349155081499,4516.224155081499,4516.474155081499,1976,761,1369
4512.456048728104,4512.331048728104,4512.581048728104,1715,1690,1703
4511.95482566775,4511.82982566775,4512.07982566775,2395,1338,1867
4515.995013403205,4515.745013403205,4516.245013403205,2152,1657,1905
4508.20404573703,4507.95404573703,4508.45404573703,1058,1699,1379
4508.348875244071,4508.098875244071,4508.598875244071,1733,1170,1452
4504.7256400337765,4504.4756400337765,4504.9756400337765,2322,1359,1841
4510.979871104352,4510.854871104352,4511.104871104352,1314,1537,1426
4504.732033832251,4504.607033832251,4504.857033832251,896,1395,1146
4501.574163754691,4501.449163754691,4501.699163754691,1152,1485,1319
4503.351582371008,4503.226582371008,4503.476582371008,1102,2307,1705
4500.13137529668,4499.88137529668,4500.38137529668,1707,792,1250
4504.554355591384,4504.304355591384,4504.804355591384,1028,1341,1185
4507.810783408941,4507.685783408941,4507.935783408941,1125,496,811
4504.64713049006,4504.39713049006,4504.89713049006,1129,2234,1682
4497.476543412303,4497.351543412303,4497.601543412303,2952,993,1973
4499.505328011011,4499.130328011011,4499.880328011011,1066,791,929
4499.565460099491,4499.440460099491,4499.690460099491,1806,1297,1552
4502.540924382762,4502.415924382762,4502.665924382762,1508,1383,1446
4500.363851971847,4500.238851971847,4500.488851971847,1188,693,941
4504.2035117450705,4504.0785117450705,4504.3285117450705,1125,796,961
4502.464218159925,4502.214218159925,4502.714218159925,1410,2403,1907
4501.771617055428,4501.646617055428,4501.896617055428,993,2062,1528
4511.081289953951,4510.956289953951,4511.206289953951,1015,1428,1222
4509.680109481454,4509.555109481454,4509.805109481454,992,1453,1223
4503.101841310592,4502.976841310592,4503.226841310592,1346,761,1054
4497.538388309509,4497.413388309509,4497.663388309509,1610,1851,1731
4502.833787723421,4502.708787723421,4502.958787723421,1127,2518,1823
4506.879407526586,4506.754407526586,4507.004407526586,483,1366,925
4510.836439287948,4510.711439287948,4510.961439287948,1378,469,924
4512.722012045032,4512.597012045032,4512.847012045032,1148,1387,1268
4512.0036950584135,4511.8786950584135,4512.1286950584135,1806,651,1229
4513.843649889298,4513.718649889298,4513.968649889298,1307,662,985
4511.5624266038785,4511.4374266038785,4511.6874266038785,1669,1534,1602
4514.229397924524,4514.104397924524,4514.354397924524,625,1438,1032
4513.534033947965,4513.409033947965,4513.659033947965,2486,947,1717
4511.290476919426,4511.165476919426,4511.415476919426,1623,1348,1486
4515.555913264323,4515.180913264323,4515.930913264323,998,821,910
4515.217953197143,4515.092953197143,4515.342953197143,1313,576,945
4516.033651295522,4515.658651295522,4516.408651295522,893,1910,1402
4515.804480290304,4515.679480290304,4515.929480290304,1561,752,1157
4514.040745746563,4513.790745746563,4514.290745746563,677,1498,1088
4521.23670136577,4520.86170136577,4521.61170136577,915,1710,1313
4520.036741063055,4519.911741063055,4520.161741063055,1059,702,881
4513.66953802525,4513.41953802525,4513.91953802525,945,1544,1245
4514.693213204279,4514.443213204279,4514.943213204279,1830,781,1306
4515.934030598601,4515.809030598601,4516.059030598601,635,1828,1232
4516.591744856057,4516.216744856057,4516.966744856057,1010,1865,1438
4514.374071269971,4514.249071269971,4514.499071269971,1646,1423,1535
4507.693526323465,4507.568526323465,4507.818526323465,895,1298,1097
4509.939433524505,4509.814433524505,4510.064433524505,889,828,859
4503.928896175497,4503.803896175497,4504.053896175497,2449,958,1704
4507.825167816077,4507.700167816077,4507.950167816077,897,930,914
4504.335597661213,4504.085597661213,4504.585597661213,2380,1209,1795
4503.316271254313,4503.191271254313,4503.441271254313,1492,1081,1287
4508.483605622118,4508.108605622118,4508.858605622118,1652,879,1266
4506.652921540442,4506.527921540442,4506.777921540442,1092,1269,1181
4509.183716605336,4509.058716605336,4509.308716605336,1739,606,1173
4514.751473300875,4514.626473300875,4514.876473300875,1603,1364,1484
4510.394949121013,4510.269949121013,4510.519949121013,2204,765,1485
4509.138985577905,4508.888985577905,4509.388985577905,908,1281,1095
4510.155090677552,4510.030090677552,4510.280090677552,2057,1230,1644
4512.833450088927,4512.708450088927,4512.958450088927,1360,1903,1632
4516.992623289903,4516.742623289903,4517.242623289903,1513,2270,1892
4512.958598355319,4512.708598355319,4513.208598355319,614,989,802
4512.890733887709,4512.515733887709,4513.265733887709,892,1489,1191
4510.649985569119,4510.524985569119,4510.774985569119,800,1457,1129
4506.098395471833,4505.848395471833,4506.348395471833,964,2245,1605
4505.903694635184,4505.778694635184,4506.028694635184,815,2426,1621
4508.3901455273235,4508.2651455273235,4508.5151455273235,2002,847,1425
4512.2155703574035,4511.8405703574035,4512.5905703574035,983,1940,1462
4507.241183127635,4506.866183127635,4507.616183127635,1512,529,1021
4508.671363109597,4508.421363109597,4508.921363109597,1892,1741,1817
4512.131558371424,4512.006558371424,4512.256558371424,1550,2311,1931
4506.9939481398405,4506.8689481398405,4507.1189481398405,2199,950,1575
4515.3177061945225,4515.1927061945225,4515.4427061945225,1230,2003,1617
4517.4836651760415,4517.3586651760415,4517.6086651760415,868,765,817
4520.245022185759,4519.995022185759,4520.495022185759,676,983,830
4525.123281004152,4524.998281004152,4525.248281004152,1571,1958,1765
4517.302501609446,4517.177501609446,4517.427501609446,1331,2074,1703
4518.1030812381305,4517.9780812381305,4518.2280812381305,1676,2049,1863
4516.779922558337,4516.529922558337,4517.029922558337,1416,1463,1440
4526.791349952559,4526.541349952559,4527.041349952559,1790,1555,1673
4522.181530403929,4522.056530403929,4522.306530403929,1253,1792,1523
4517.93838614091,4517.81338614091,4518.06338614091,2878,1087,1983
4520.39967525179,4520.27467525179,4520.52467525179,1100,515,808
4519.194167821783,4519.069167821783,4519.319167821783,765,1162,964
4525.600164210862,4525.225164210862,4525.975164210862,950,909,930
4526.757314174283,4526.507314174283,4527.007314174283,633,1004,819
4541.300727138191,4541.175727138191,4541.425727138191,1082,1507,1295
4541.20007804326,4541.07507804326,4541.32507804326,1152,723,938
4538.290123609258,4538.165123609258,4538.415123609258,1446,2535,1991
4534.758907406153,4534.633907406153,4534.883907406153,2290,1261,1776
4531.227649346599,4530.852649346599,4531.602649346599,775,1556,1166
4533.642944015836,4533.517944015836,4533.767944015836,2379,992,1686
4536.398511641313,4536.148511641313,4536.648511641313,1695,1370,1533
4535.01144358494,4534.88644358494,4535.13644358494,2106,1489,1798
4535.8788479237,4535.7538479237,4536.0038479237,1477,1158,1318
4539.956211895739,4539.706211895739,4540.206211895739,1167,1356,1262
4533.480933190312,4533.230933190312,4533.730933190312,1909,1064,1487
4539.667433885089,4539.292433885089,4540.042433885089,702,1369,1036
4547.5495830624795,4547.4245830624795,4547.6745830624795,1275,770,1023
4551.232646686934,4551.107646686934,4551.357646686934,859,1520,1190
4558.538892721469,4558.413892721469,4558.663892721469,1035,1128,1082
4563.119586962431,4562.869586962431,4563.369586962431,1352,1403,1378
4561.874406252119,4561.624406252119,4562.124406252119,1358,2111,1735
4561.509865682479,4561.384865682479,4561.634865682479,1050,1991,1521
4560.25584089632,4560.13084089632,4560.38084089632,815,948,882
4553.24114278632,4552.86614278632,4553.61614278632,612,1625,1119
4556.6210699046915,4556.3710699046915,4556.8710699046915,1169,1642,1406
4565.6411142729685,4565.5161142729685,4565.7661142729685,1395,1174,1285
4577.324981660016,4577.074981660016,4577.574981660016,1455,2490,1973
4578.846162438818,4578.721162438818,4578.971162438818,892,2085,1489
4586.147106577826,4585.772106577826,4586.522106577826,2082,949,1516
4586.238358272312,4585.988358272312,4586.488358272312,1213,454,834
4592.701990913998,4592.576990913998,4592.826990913998,932,1531,1232
4589.747067978858,4589.497067978858,4589.997067978858,484,1281,883
4591.132862453446,4591.007862453446,4591.257862453446,2562,897,1730
4591.797189996637,4591.547189996637,4592.047189996637,738,2069,1404
4584.826968715775,4584.701968715775,4584.951968715775,1872,1765,1819
4585.767659834704,4585.517659834704,4586.017659834704,688,923,806
4590.402684917341,4590.027684917341,4590.777684917341,2639,1198,1919
4597.627286089531,4597.377286089531,4597.877286089531,1173,1712,1443
4601.586470424027,4601.461470424027,4601.711470424027,1316,2069,1693
4607.220970386895,4606.970970386895,4607.470970386895,1184,519,852
4604.495419519321,4604.245419519321,4604.745419519321,2002,1857,1930
4606.654446234811,4606.529446234811,4606.779446234811,1042,557,800
4599.986114188663,4599.861114188663,4600.111114188663,858,753,806
4596.737486759645,4596.487486759645,4596.987486759645,593,1626,1110
4601.167904737629,4601.042904737629,4601.292904737629,1761,728,1245
4594.601710604579,4594.226710604579,4594.976710604579,966,1099,1033
4589.085540895839,4588.835540895839,4589.335540895839,1039,2726,1883
4591.9590531039585,4591.7090531039585,4592.2090531039585,1798,1513,1656
4599.147776632555,4599.022776632555,4599.272776632555,760,997,879
4606.866999917223,4606.616999917223,4607.116999917223,2700,955,1828
4605.200065403771,4604.950065403771,4605.450065403771,1354,489,922
4613.336939843657,4613.211939843657,4613.461939843657,641,1436,1039
4615.3413100666885,4615.2163100666885,4615.4663100666885,1673,1762,1718
4614.383673807782,4614.008673807782,4614.758673807782,987,2900,1944
4608.812930789545,4608.437930789545,4609.187930789545,1134,1689,1412
4612.3475500408285,4612.2225500408285,4612.4725500408285,1982,1585,1784
4614.735889302605,4614.360889302605,4615.110889302605,1006,1229,1118
4623.295029490322,4623.170029490322,4623.420029490322,1681,1332,1507
4626.973746962635,4626.848746962635,4627.098746962635,1172,1367,1270
4628.896458922927,4628.771458922927,4629.021458922927,516,1283,900
4623.122336303661,4622.872336303661,4623.372336303661,735,990,863
4618.273042461042,4618.148042461042,4618.398042461042,1340,737,1039
4619.090540744376,4618.965540744376,4619.215540744376,1212,809,1011
4627.798641833147,4627.423641833147,4628.173641833147,1301,918,1110
4630.683214524973,4630.433214524973,4630.933214524973,754,2247,1501
4625.5135205666475,4625.3885205666475,4625.6385205666475,1243,934,1089
4614.393679078748,4614.268679078748,4614.518679078748,1125,908,1017
4620.064269290323,4619.939269290323,4620.189269290323,678,955,817
4620.871974609289,4620.746974609289,4620.996974609289,995,1840,1418
4623.692797865412,4623.442797865412,4623.942797865412,2298,871,1585
4626.822713344317,4626.697713344317,4626.947713344317,2055,1054,1555
4625.148719704564,4625.023719704564,4625.273719704564,1757,1982,1870
4619.28166151226,4619.15666151226,4619.40666151226,1083,2186,1635
4612.741231135334,4612.491231135334,4612.991231135334,1062,939,1001
4608.07497133573,4607.82497133573,4608.32497133573,2765,1216,1991
4603.204371355356,4603.079371355356,4603.329371355356,1481,1444,1463
4596.092854465612,4595.967854465612,4596.217854465612,2013,1420,1717
4594.9979649090055,4594.7479649090055,4595.2479649090055,887,1402,1145
4590.45120327992,4590.32620327992,4590.57620327992,1281,446,864
4585.099423451996,4584.724423451996,4585.474423451996,1045,1188,1117
4582.358729769777,4581.983729769777,4582.733729769777,2053,1326,1690
4590.4347105132065,4590.3097105132065,4590.5597105132065,1283,2466,1875
4588.34097763133,4588.09097763133,4588.59097763133,1332,1525,1429
4588.107349497519,4587.857349497519,4588.357349497519,1295,726,1011
4592.303686163727,4592.053686163727,4592.553686163727,1395,2286,1841
4594.533502050217,4594.283502050217,4594.783502050217,700,967,834
4584.17928834553,4584.05428834553,4584.30428834553,1416,961,1189
4583.153279962387,4583.028279962387,4583.278279962387,1948,1079,1514
4589.6470367115,4589.2720367115,4590.0220367115,423,1206,815
4591.895262621772,4591.770262621772,4592.020262621772,1328,1395,1362
4590.637677263156,4590.512677263156,4590.762677263156,1066,2135,1601
4593.108619495474,4592.983619495474,4593.233619495474,779,1266,1023
4586.808601902192,4586.683601902192,4586.933601902192,1403,634,1019
4580.514858048262,4580.389858048262,4580.639858048262,1186,427,807
4581.775007582023,4581.650007582023,4581.900007582023,2562,1205,1884
4581.669315775351,4581.419315775351,4581.919315775351,2138,1127,1633
4588.992826485471,4588.867826485471,4589.117826485471,948,2337,1643
4585.273922243645,4585.023922243645,4585.523922243645,1273,1658,1466
4588.735577853105,4588.485577853105,4588.985577853105,2216,1191,1704
4575.987897178594,4575.737897178594,4576.237897178594,1284,2559,1922
4573.065749138343,4572.940749138343,4573.190749138343,1686,1017,1352
4570.915741466585,4570.790741466585,4571.040741466585,1721,710,1216
4571.127672936915,4571.002672936915,4571.252672936915,1276,2079,1678
4572.4590216464985,4572.2090216464985,4572.7090216464985,2329,1230,1780
4576.896052119229,4576.771052119229,4577.021052119229,1933,1088,1511
4576.986959926588,4576.861959926588,4577.111959926588,776,2003,1390
4582.436658199687,4582.311658199687,4582.561658199687,1114,1033,1074
4575.310200822186,4575.060200822186,4575.560200822186,607,1504,1056
4571.654940381498,4571.529940381498,4571.779940381498,2403,968,1686
4568.9743760435185,4568.8493760435185,4569.0993760435185,1667,918,1293
4569.272915348743,4569.147915348743,4569.397915348743,1086,1415,1251
4574.3882002247765,4574.1382002247765,4574.6382002247765,1893,1462,1678
4569.306947007674,4569.181947007674,4569.431947007674,684,2011,1348
4571.010062072695,4570.885062072695,4571.135062072695,646,1143,895
4568.807098508342,4568.557098508342,4569.057098508342,1068,1137,1103
4569.315119097119,4569.190119097119,4569.440119097119,1199,2386,1793
4571.13305517586,4570.75805517586,4571.50805517586,1247,718,983
4559.83194800699,4559.70694800699,4559.95694800699,1699,632,1166
4550.846037713308,4550.721037713308,4550.971037713308,1339,448,894
4549.512296381343,4549.262296381343,4549.762296381343,811,2180,1496
4552.051111322334,4551.926111322334,4552.176111322334,1359,1804,1582
4551.810079082473,4551.560079082473,4552.060079082473,1752,2007,1880
4557.842060787665,4557.467060787665,4558.217060787665,1930,1697,1814
4564.352673402163,4563.977673402163,4564.727673402163,1882,977,1430
4564.429664382962,4564.304664382962,4564.554664382962,1835,1402,1619
4570.832086833222,4570.707086833222,4570.957086833222,679,1012,846
4574.365946520072,4574.115946520072,4574.615946520072,2378,1467,1923
4571.030793830484,4570.780793830484,4571.280793830484,1542,1543,1543
4576.168710611321,4576.043710611321,4576.293710611321,935,2138,1537
4581.173125978953,4581.048125978953,4581.298125978953,2066,1113,1590
4574.56764720628,4574.44264720628,4574.69264720628,1120,773,947
4575.334693233136,4575.209693233136,4575.459693233136,853,884,869
4578.76037270254,4578.51037270254,4579.01037270254,1972,1177,1575
4580.418450919193,4580.293450919193,4580.543450919193,637,1416,1027
4580.048810106378,4579.923810106378,4580.173810106378,2275,780,1528
4578.72953417511,4578.60453417511,4578.85453417511,1466,1943,1705
4574.582309265111,4574.457309265111,4574.707309265111,1305,862,1084
4562.031105799055,4561.656105799055,4562.406105799055,787,1730,1259
4566.038251882608,4565.913251882608,4566.163251882608,1701,1320,1511
4563.008602830053,4562.883602830053,4563.133602830053,1871,1366,1619
4565.250494972794,4565.000494972794,4565.500494972794,942,1299,1121
4568.273084947182,4568.148084947182,4568.398084947182,2017,900,1459
4578.318484848654,4578.193484848654,4578.443484848654,1134,1031,1083
4571.461888271484,4571.211888271484,4571.711888271484,709,1068,889
4575.308576495465,4574.933576495465,4575.683576495465,1362,485,924
4571.952733115162,4571.702733115162,4572.202733115162,1803,1512,1658
4573.407241068788,4573.032241068788,4573.782241068788,1812,1183,1498
4577.394413483366,4577.269413483366,4577.519413483366,888,2501,1695
4572.452103469076,4572.327103469076,4572.577103469076,1045,842,944
4574.776733351314,4574.651733351314,4574.901733351314,818,1723,1271
4571.967056278586,4571.842056278586,4572.092056278586,1204,1603,1404
4568.670292463494,4568.545292463494,4568.795292463494,1917,1760,1839
4564.384042204854,4564.009042204854,4564.759042204854,782,1219,1001
4556.781784469649,4556.531784469649,4557.031784469649,1881,1670,1776
4546.313822066338,4546.188822066338,4546.438822066338,1190,1169,1180
4543.231345739854,4542.981345739854,4543.481345739854,1862,1651,1757
4549.595260708852,4549.345260708852,4549.845260708852,715,1946,1331
4548.707846406854,4548.457846406854,4548.957846406854,954,2533,1744
4547.573944622055,4547.448944622055,4547.698944622055,1680,847,1264
4539.664737533003,4539.289737533003,4540.039737533003,774,2075,1425
4538.737898756424,4538.612898756424,4538.862898756424,1499,2416,1958
4538.309760490044,4538.184760490044,4538.434760490044,2100,1487,1794
4539.396490082019,4539.271490082019,4539.521490082019,1569,2408,1989
4536.9901366169315,4536.8651366169315,4537.1151366169315,2062,1175,1619
4534.814255563372,4534.439255563372,4535.189255563372,1388,1085,1237
4542.05291875402,4541.80291875402,4542.30291875402,2161,1760,1961
4533.540564099005,4533.415564099005,4533.665564099005,1294,2081,1688
4534.675028867218,4534.425028867218,4534.925028867218,1240,553,897
4537.667349318051,4537.417349318051,4537.917349318051,875,1910,1393
4539.391023522476,4539.266023522476,4539.516023522476,1021,2456,1739
4542.206125936032,4541.956125936032,4542.456125936032,651,1724,1188
4538.019853976201,4537.894853976201,4538.144853976201,1552,1197,1375
4544.380510370623,4544.255510370623,4544.505510370623,762,1199,981
4536.951815777572,4536.826815777572,4537.076815777572,1072,829,951
4537.939014926505,4537.564014926505,4538.314014926505,1843,704,1274
4529.131156399339,4528.881156399339,4529.381156399339,1357,2494,1926
4526.617266748801,4526.492266748801,4526.742266748801,2290,797,1544
4521.406182867738,4521.281182867738,4521.531182867738,2112,1469,1791
4533.2628690435895,4533.1378690435895,4533.3878690435895,1841,674,1258
4523.200403579482,4523.075403579482,4523.325403579482,1592,2381,1987
4524.772795478501,4524.647795478501,4524.897795478501,2004,913,1459
4527.243457853003,4527.118457853003,4527.368457853003,609,1112,861
4515.455315416315,4515.330315416315,4515.580315416315,1407,2098,1753
4520.4315156313205,4520.0565156313205,4520.8065156313205,707,1120,914
4508.391191621696,4508.141191621696,4508.641191621696,1312,477,895
4516.522373804171,4516.397373804171,4516.647373804171,1226,1387,1307
4508.5841362775245,4508.4591362775245,4508.7091362775245,1157,1860,1509
4504.176661635337,4504.051661635337,4504.301661635337,1734,1879,1807
4507.791218103651,4507.666218103651,4507.916218103651,1850,1453,1652
4500.94930147083,4500.57430147083,4501.32430147083,2195,734,1465
4495.036188163855,4494.786188163855,4495.286188163855,816,1071,944
4486.716367469522,4486.591367469522,4486.841367469522,2587,1338,1963
4484.74348020515,4484.49348020515,4484.99348020515,1154,975,1065
4484.760279972724,4484.510279972724,4485.010279972724,2576,1125,1851
4483.043641051921,4482.918641051921,4483.168641051921,714,1269,992
4482.6511992093865,4482.4011992093865,4482.9011992093865,1366,583,975
4480.293520776265,4480.168520776265,4480.418520776265,1164,721,943
4483.444823988872,4483.319823988872,4483.569823988872,2199,1484,1842
4483.424239405348,4483.299239405348,4483.549239405348,930,2405,1668
4483.038641396499,4482.663641396499,4483.413641396499,2138,1053,1596
4484.064006862773,4483.939006862773,4484.189006862773,1340,447,894
4483.806394736746,4483.681394736746,4483.931394736746,2079,1160,1620
4480.829043026962,4480.579043026962,4481.079043026962,1209,670,940
4482.814785546151,4482.689785546151,4482.939785546151,1776,1247,1512
4486.14496355076,4486.01996355076,4486.26996355076,1337,1864,1601
4485.770231307081,4485.395231307081,4486.145231307081,781,942,862
4487.871227358369,4487.746227358369,4487.996227358369,1411,1846,1629
4492.248569408794,4491.998569408794,4492.498569408794,2694,1085,1890
4492.642725160474,4492.392725160474,4492.892725160474,1463,2226,1845
4494.440130432027,4494.315130432027,4494.565130432027,1956,993,1475
4492.349154130346,4492.224154130346,4492.474154130346,1877,1320,1599
4489.159510628269,4489.034510628269,4489.284510628269,1068,1545,1307
4491.648039559162,4491.523039559162,4491.773039559162,1617,756,1187
4496.055093480297,4495.805093480297,4496.305093480297,1294,497,896
4492.911899001208,4492.786899001208,4493.036899001208,1279,2344,1812
4494.355540554674,4494.230540554674,4494.480540554674,1973,856,1415
4493.980182184717,4493.855182184717,4494.105182184717,1698,1361,1530
4496.078973610325,4495.953973610325,4496.203973610325,1652,1897,1775
4497.490138503631,4497.365138503631,4497.615138503631,624,1035,830
4497.432402457389,4497.057402457389,4497.807402457389,1344,581,963
4498.914215281482,4498.664215281482,4499.164215281482,1082,1569,1326
4498.4501361347775,4498.2001361347775,4498.7001361347775,1188,2125,1657
4502.237966437637,4502.112966437637,4502.362966437637,958,1367,1163
4501.708458726762,4501.583458726762,4501.833458726762,1806,1063,1435
4500.892415781431,4500.767415781431,4501.017415781431,908,779,844
4501.838722383694,4501.713722383694,4501.963722383694,776,2295,1536
4500.360502889048,4500.110502889048,4500.610502889048,1450,603,1027
4499.740966618051,4499.615966618051,4499.865966618051,816,1953,1385
4501.723836698102,4501.598836698102,4501.848836698102,1497,1654,1576
4502.049065703992,4501.799065703992,4502.299065703992,651,1224,938
4501.469386005065,4501.344386005065,4501.594386005065,898,789,844
4500.422257890165,4500.297257890165,4500.547257890165,1651,1352,1502
4498.347512402652,4498.222512402652,4498.472512402652,1889,820,1355
4499.701549873121,4499.576549873121,4499.826549873121,1045,2476,1761
4505.1763141748825,4504.9263141748825,4505.4263141748825,1532,883,1208
4504.928913190234,4504.803913190234,4505.053913190234,670,1363,1017
4502.975910741235,4502.850910741235,4503.100910741235,1183,1924,1554
4505.001282083973,4504.626282083973,4505.376282083973,1011,676,844
4504.291336660148,4504.166336660148,4504.416336660148,2069,1502,1786
4506.697985313002,4506.447985313002,4506.947985313002,1023,1332,1178
4507.658536786339,4507.408536786339,4507.908536786339,1808,1553,1681
4504.344158020691,4504.094158020691,4504.594158020691,1284,1437,1361
4507.150214629462,4507.025214629462,4507.275214629462,2339,938,1639
4506.043202105297,4505.918202105297,4506.168202105297,951,1870,1411
4507.405754083834,4507.280754083834,4507.530754083834,1251,848,1050
4511.665668303987,4511.540668303987,4511.790668303987,999,2682,1841
4512.906263136781,4512.656263136781,4513.156263136781,1230,1553,1392
4514.88562787824,4514.76062787824,4515.01062787824,611,1380,996
4515.9352665284605,4515.8102665284605,4516.0602665284605,1704,959,1332
4516.585641508837,4516.460641508837,4516.710641508837,848,1185,1017
4513.411935417683,4513.286935417683,4513.536935417683,1110,587,849
4514.932397457312,4514.682397457312,4515.182397457312,2048,1585,1817
4515.736323350392,4515.486323350392,4515.986323350392,1279,618,949
4519.489299006873,4519.364299006873,4519.614299006873,1455,1754,1605
4516.834804717024,4516.709804717024,4516.959804717024,718,1883,1301
4519.455684532539,4519.330684532539,4519.580684532539,1980,1197,1589
4520.357646260191,4520.107646260191,4520.607646260191,1606,1939,1773
4523.163378174985,4523.038378174985,4523.288378174985,930,2685,1808
4524.299019120742,4524.049019120742,4524.549019120742,2008,1961,1985
4520.850884977981,4520.600884977981,4521.100884977981,1162,1517,1340
4520.656927207589,4520.531927207589,4520.781927207589,873,1804,1339
4519.0874808879025,4518.8374808879025,4519.3374808879025,1640,1643,1642
4521.126612472215,4521.001612472215,4521.251612472215,911,2066,1489
4519.276923530366,4519.026923530366,4519.526923530366,2190,1687,1939
4519.4650241090485,4519.2150241090485,4519.7150241090485,1601,2294,1948
4518.194173930676,4518.069173930676,4518.319173930676,2435,1066,1751
4520.596820779587,4520.471820779587,4520.721820779587,879,2052,1466
4521.407586616293,4521.282586616293,4521.532586616293,1651,1278,1465
4524.475765647956,4524.350765647956,4524.600765647956,838,1275,1057
4523.1640327120185,4523.0390327120185,4523.2890327120185,1416,1951,1684
4521.830010228577,4521.580010228577,4522.080010228577,1020,2361,1691
4519.918975572619,4519.793975572619,4520.043975572619,2011,1154,1583
4520.5147770470685,4520.3897770470685,4520.6397770470685,1876,1693,1785
4522.709505763518,4522.584505763518,4522.834505763518,1369,608,989
4519.042337841069,4518.917337841069,4519.167337841069,1393,1866,1630
4521.991447621013,4521.866447621013,4522.116447621013,2136,1739,1938
4524.639933976846,4524.514933976846,4524.764933976846,2039,1774,1907
4521.085754958529,4520.960754958529,4521.210754958529,1717,1292,1505
4522.211979342999,4522.086979342999,4522.336979342999,1410,2167,1789
4523.33863930506,4523.08863930506,4523.58863930506,1455,2340,1898
4523.047766781187,4522.922766781187,4523.172766781187,1125,1886,1506
4522.374257592498,4522.249257592498,4522.499257592498,818,1227,1023
4523.727398978204,4523.602398978204,4523.852398978204,513,1338,926
4524.576869358342,4524.326869358342,4524.826869358342,1603,1598,1601
4522.053321157646,4521.803321157646,4522.303321157646,2250,1211,1731
4521.782792434443,4521.657792434443,4521.907792434443,1786,1137,1462
4522.852197876645,4522.727197876645,4522.977197876645,461,1220,841
4521.061094208757,4520.811094208757,4521.311094208757,2574,999,1787
4521.940119411174,4521.815119411174,4522.065119411174,2059,1228,1644
4520.9072272600515,4520.6572272600515,4521.1572272600515,894,2581,1738
4521.093537148119,4520.718537148119,4521.468537148119,1506,2313,1910
4516.685843547415,4516.560843547415,4516.810843547415,1955,1304,1630
4517.517675363567,4517.392675363567,4517.642675363567,1902,1025,1464
4518.596888391235,4518.471888391235,4518.721888391235,1803,1294,1549
4518.307151263034,4518.182151263034,4518.432151263034,2216,781,1499
4521.413201151866,4521.288201151866,4521.538201151866,2162,1711,1937
4519.940885486998,4519.815885486998,4520.065885486998,2642,887,1765
4519.669606217601,4519.419606217601,4519.919606217601,1111,1784,1448
4520.641281916938,4520.516281916938,4520.766281916938,894,2149,1522
4519.489112955119,4519.364112955119,4519.614112955119,752,1733,1243
4517.411232844932,4517.286232844932,4517.536232844932,1437,582,1010
4516.756807334364,4516.631807334364,4516.881807334364,1001,1408,1205
4516.49991064046,4516.12491064046,4516.87491064046,984,1801,1393
4519.8910316699685,4519.7660316699685,4520.0160316699685,1741,2168,1955
4519.1017437919645,4518.8517437919645,4519.3517437919645,1336,2273,1805
4518.061612517738,4517.936612517738,4518.186612517738,1398,1149,1274
4519.228670276211,4519.103670276211,4519.353670276211,1664,1259,1462
4516.630644593687,4516.505644593687,4516.755644593687,750,1859,1305
4519.198970960098,4519.073970960098,4519.323970960098,1412,1031,1222
4520.751049665305,4520.626049665305,4520.876049665305,954,2137,1546
4518.796170072857,4518.671170072857,4518.921170072857,1089,2866,1978
4517.736564298764,4517.611564298764,4517.861564298764,2479,1408,1944
4513.699585476614,4513.449585476614,4513.949585476614,1512,1449,1481
4509.453097659139,4509.203097659139,4509.703097659139,984,1821,1403
4509.636699194789,4509.511699194789,4509.761699194789,1916,871,1394
4509.581436255171,4509.456436255171,4509.706436255171,2328,939,1634
4509.107617611234,4508.982617611234,4509.232617611234,1251,816,1034
4511.419685021692,4511.294685021692,4511.544685021692,1423,1024,1224
4515.343756102425,4515.218756102425,4515.468756102425,1852,1737,1795
4511.268429262256,4511.143429262256,4511.393429262256,1148,1767,1458
4511.328656418965,4511.203656418965,4511.453656418965,1925,878,1402
4509.812293472678,4509.562293472678,4510.062293472678,860,2283,1572
4511.58125510864,4511.45625510864,4511.70625510864,1229,1914,1572
4511.565036749713,4511.315036749713,4511.815036749713,763,1896,1330
4510.2686964450295,4509.8936964450295,4510.6436964450295,1079,574,827
4510.735617846704,4510.610617846704,4510.860617846704,1689,790,1240
4507.611079947993,4507.361079947993,4507.861079947993,712,1117,915
4504.735943697552,4504.610943697552,4504.860943697552,1310,2317,1814
4502.882303485314,4502.757303485314,4503.007303485314,1167,764,966
4503.736550178795,4503.611550178795,4503.861550178795,2692,1163,1928
4502.0692919872645,4501.9442919872645,4502.1942919872645,920,887,904
4499.914481222768,4499.539481222768,4500.289481222768,677,1576,1127
4500.326191589943,4500.201191589943,4500.451191589943,1085,1050,1068
4499.258458331507,4499.133458331507,4499.383458331507,792,1495,1144
4499.541256358247,4499.416256358247,4499.666256358247,824,1723,1274
4499.5856190972845,4499.4606190972845,4499.7106190972845,1397,994,1196
4502.157530762786,4501.907530762786,4502.407530762786,1341,2404,1873
4501.569234334118,4501.444234334118,4501.694234334118,763,2168,1466
4498.036837486555,4497.911837486555,4498.161837486555,1441,1236,1339
4500.717211396022,4500.592211396022,4500.842211396022,638,1459,1049
4502.207440634044,4502.082440634044,4502.332440634044,2354,937,1646
4501.814627080958,4501.689627080958,4501.939627080958,1738,1217,1478
4500.844972462714,4500.719972462714,4500.969972462714,992,1887,1440
4496.818828376005,4496.693828376005,4496.943828376005,1749,982,1366
4496.797145303507,4496.547145303507,4497.047145303507,1184,2397,1791
4493.806699404126,4493.681699404126,4493.931699404126,796,1039,918
4491.215526222926,4491.090526222926,4491.340526222926,1294,1177,1236
4492.0415242758245,4491.9165242758245,4492.1665242758245,1428,1125,1277
4492.307562322874,4491.932562322874,4492.682562322874,2308,879,1594
4495.401349206025,4495.151349206025,4495.651349206025,1261,930,1096
4497.97558305881,4497.85058305881,4498.10058305881,1140,2745,1943
4497.092892519081,4496.842892519081,4497.342892519081,1938,1335,1637
4494.33915411689,4493.96415411689,4494.71415411689,869,1106,988
4496.366705956087,4495.991705956087,4496.741705956087,2174,1779,1977
4497.346605528678,4497.221605528678,4497.471605528678,820,2171,1496
4497.661884982519,4497.536884982519,4497.786884982519,1248,701,975
4499.613128459882,4499.488128459882,4499.738128459882,983,2648,1816
4500.981224957236,4500.731224957236,4501.231224957236,1095,2252,1674
4503.112434709007,4502.987434709007,4503.237434709007,1420,1613,1517
4506.157233568129,4505.907233568129,4506.407233568129,668,1539,1104
4506.108948372808,4505.858948372808,4506.358948372808,727,1508,1118
4503.845070547483,4503.720070547483,4503.970070547483,1759,1228,1494
4506.755574501424,4506.630574501424,4506.880574501424,1091,2534,1813
4508.447271289189,4508.197271289189,4508.697271289189,1421,2058,1740
4507.1266275531825,4506.8766275531825,4507.3766275531825,2343,1080,1712
4507.566820778452,4507.316820778452,4507.816820778452,1181,520,851
4509.540735389311,4509.165735389311,4509.915735389311,1096,2489,1793
4509.545474401088,4509.420474401088,4509.670474401088,732,1383,1058
4512.555148538243,4512.180148538243,4512.930148538243,1273,1106,1190
4515.570912095411,4515.445912095411,4515.695912095411,1013,2752,1883
4515.51415916001,4515.26415916001,4515.76415916001,1336,707,1022
4513.660366687903,4513.410366687903,4513.910366687903,635,1356,996
4512.148603748769,4512.023603748769,4512.273603748769,2332,1015,1674
4510.668468543385,4510.418468543385,4510.918468543385,1530,2213,1872
4506.71228723479,4506.58728723479,4506.83728723479,889,2666,1778
4508.181597989234,4508.056597989234,4508.306597989234,2399,1502,1951
4507.273094271503,4507.023094271503,4507.523094271503,477,1316,897
4505.149682805371,4505.024682805371,4505.274682805371,1170,2469,1820
4507.952647781782,4507.827647781782,4508.077647781782,824,1153,989
4510.934613553066,4510.559613553066,4511.309613553066,1131,1388,1260
4509.972628401701,4509.847628401701,4510.097628401701,1787,1008,1398
4511.962312057353,4511.712312057353,4512.212312057353,1062,1043,1053
4511.821604149875,4511.696604149875,4511.946604149875,974,1693,1334
4513.224442739099,4513.099442739099,4513.349442739099,629,1094,862
4512.426881730934,4512.301881730934,4512.551881730934,684,1213,949
4510.347772106956,4510.097772106956,4510.597772106956,2162,735,1449
4510.842727273694,4510.592727273694,4511.092727273694,1816,1351,1584
4513.1777377267135,4513.0527377267135,4513.3027377267135,1480,939,1210
4512.828907962264,4512.578907962264,4513.078907962264,683,1808,1246
4515.556488562719,4515.431488562719,4515.681488562719,1833,778,1306
4517.126299304189,4517.001299304189,4517.251299304189,1663,576,1120
4519.381851546179,4519.256851546179,4519.506851546179,1587,706,1147
4526.992725590153,4526.742725590153,4527.242725590153,1134,1807,1471
4526.060083294338,4525.935083294338,4526.185083294338,937,2322,1630
4536.597384402391,4536.222384402391,4536.972384402391,901,1546,1224
4538.208709582921,4537.958709582921,4538.458709582921,989,1406,1198
4541.851604336118,4541.726604336118,4541.976604336118,1360,2601,1981
4543.0965830265395,4542.9715830265395,4543.2215830265395,1203,2682,1943
4540.887295931713,4540.762295931713,4541.012295931713,1673,2002,1838
4546.146535676698,4545.771535676698,4546.521535676698,1588,1071,1330
4543.738325127521,4543.488325127521,4543.988325127521,2061,1174,1618
4544.737840369744,4544.612840369744,4544.862840369744,1837,980,1409
4533.37728015829,4533.25228015829,4533.50228015829,1085,2386,1736
4540.593723011741,4540.468723011741,4540.718723011741,1025,1926,1476
4534.512862100264,4534.262862100264,4534.762862100264,2401,858,1630
4539.394705912951,4539.269705912951,4539.519705912951,1446,483,965
4538.437937245024,4538.187937245024,4538.687937245024,1564,1035,1300
4532.5699677345965,4532.4449677345965,4532.6949677345965,896,771,834
4530.010790693441,4529.885790693441,4530.135790693441,1767,1466,1617
4532.073802464277,4531.823802464277,4532.323802464277,961,730,846
4536.522600679935,4536.397600679935,4536.647600679935,939,1694,1317
4533.242293164047,4533.117293164047,4533.367293164047,2509,1362,1936
4528.974184180816,4528.724184180816,4529.224184180816,1007,2582,1795
4536.531633300477,4536.406633300477,4536.656633300477,658,1603,1131
4535.488030823605,4535.238030823605,4535.738030823605,664,1819,1242
4536.949228008371,4536.824228008371,4537.074228008371,1821,1368,1595
4531.26999917734,4531.14499917734,4531.39499917734,957,696,827
4531.400081377313,4531.275081377313,4531.525081377313,2422,1345,1884
4536.011856712232,4535.761856712232,4536.261856712232,1227,908,1068
4531.95918105358,4531.83418105358,4532.08418105358,1646,593,1120
4529.036809220564,4528.911809220564,4529.161809220564,871,1714,1293
4521.34579060625,4521.22079060625,4521.47079060625,2220,1429,1825
4517.573683245252,4517.323683245252,4517.823683245252,1488,1963,1726
4511.730976918548,4511.605976918548,4511.855976918548,2939,982,1961
4516.297796844773,4516.047796844773,4516.547796844773,1261,1824,1543
4522.543750146609,4522.293750146609,4522.793750146609,2111,1494,1803
4515.594074576824,4515.469074576824,4515.719074576824,1266,2203,1735
4504.347927563782,4504.222927563782,4504.472927563782,1166,525,846
4500.64928119405,4500.39928119405,4500.89928119405,1024,805,915
4495.292083751064,4495.167083751064,4495.417083751064,767,1638,1203
4496.834622514577,4496.459622514577,4497.209622514577,1395,900,1148
4502.913709683713,4502.663709683713,4503.163709683713,956,1103,1030
4499.567271337715,4499.317271337715,4499.817271337715,1024,1979,1502
4497.402934613014,4497.027934613014,4497.777934613014,1211,538,875
4503.354682616688,4503.104682616688,4503.604682616688,908,949,929
4512.2632794101355,4512.0132794101355,4512.5132794101355,740,2077,1409
4515.782787679214,4515.657787679214,4515.907787679214,1681,598,1140
4525.131765774963,4525.006765774963,4525.256765774963,773,908,841
4536.002163562737,4535.877163562737,4536.127163562737,904,2153,1529
4539.908225536727,4539.658225536727,4540.158225536727,2249,1534,1892
4534.4792801689855,4534.2292801689855,4534.7292801689855,1102,1069,1086
4532.289555848265,4532.164555848265,4532.414555848265,1477,1724,1601
4525.0309047121455,4524.9059047121455,4525.1559047121455,1215,1728,1472
4532.687711412783,4532.437711412783,4532.937711412783,933,1700,1317
4534.94445399864,4534.69445399864,4535.19445399864,1551,2046,1799
4540.5966440600605,4540.4716440600605,4540.7216440600605,1008,1019,1014
4540.07367737312,4539.82367737312,4540.32367737312,1875,1600,1738
4531.7436746349385,4531.6186746349385,4531.8686746349385,1237,972,1105
4536.385792013968,4536.260792013968,4536.510792013968,2438,1039,1739
4538.89287652926,4538.76787652926,4539.01787652926,1642,835,1239
4540.490099081806,4540.365099081806,4540.615099081806,467,1238,853
4547.17113844327,4546.79613844327,4547.54613844327,1365,456,911
4543.999944738671,4543.749944738671,4544.249944738671,2685,1192,1939
4542.447165618794,4542.197165618794,4542.697165618794,2768,1211,1990
4543.843057082227,4543.593057082227,4544.093057082227,658,1037,848
4540.878797345751,4540.753797345751,4541.003797345751,1552,1133,1343
4539.816577361233,4539.691577361233,4539.941577361233,1682,1241,1462
4541.94859859647,4541.69859859647,4542.19859859647,669,942,806
4539.716965658023,4539.466965658023,4539.966965658023,1024,1329,1177
4541.430976210785,4541.305976210785,4541.555976210785,1233,558,896
4537.478468696402,4537.353468696402,4537.603468696402,421,1200,811
4544.10921914717,4543.98421914717,4544.23421914717,1600,2073,1837
4541.511144919286,4541.386144919286,4541.636144919286,690,1973,1332
4548.880226535309,4548.630226535309,4549.130226535309,1425,1668,1547
4545.294427724828,4545.169427724828,4545.419427724828,1688,1483,1586
4548.327972039303,4548.077972039303,4548.577972039303,2175,1024,1600
4544.319225041019,4544.194225041019,4544.444225041019,1854,1299,1577
4545.251747183666,4545.126747183666,4545.376747183666,1822,1755,1789
4546.56461042177,4546.43961042177,4546.68961042177,550,1281,916
4550.3849468376475,4550.2599468376475,4550.5099468376475,1200,2619,1910
4543.010880679896,4542.760880679896,4543.260880679896,1660,2023,1842
4541.09517695754,4540.97017695754,4541.22017695754,771,2164,1468
4546.038728293326,4545.788728293326,4546.288728293326,553,1658,1106
4546.730091788679,4546.605091788679,4546.855091788679,1392,707,1050
4538.997874132528,4538.872874132528,4539.122874132528,1438,1013,1226
4536.582970178318,4536.457970178318,4536.707970178318,796,1077,937
4540.96984932167,4540.71984932167,4541.21984932167,1007,1974,1491
4536.209226358426,4536.084226358426,4536.334226358426,2468,983,1726
4539.430687925408,4539.305687925408,4539.555687925408,814,1285,1050
4542.564694020415,4542.439694020415,4542.689694020415,1169,1928,1549
4547.417534177561,4547.292534177561,4547.542534177561,769,1368,1069
4549.188682830458,4549.063682830458,4549.313682830458,727,2030,1379
4551.162302063576,4550.912302063576,4551.412302063576,1637,680,1159
4550.496415780151,4550.371415780151,4550.621415780151,791,1784,1288
4543.662929835227,4543.537929835227,4543.787929835227,1394,1455,1425
4545.992798277334,4545.867798277334,4546.117798277334,2149,760,1455
4550.754967398193,4550.629967398193,4550.879967398193,1806,1977,1892
4556.909616195071,4556.659616195071,4557.159616195071,1575,1104,1340
4555.219752977831,4554.969752977831,4555.469752977831,1410,1453,1432
4553.774534868617,4553.649534868617,4553.899534868617,1599,1096,1348
4545.251697420845,4545.001697420845,4545.501697420845,1656,1989,1823
4554.910101858072,4554.785101858072,4555.035101858072,738,1041,890
4556.500107858789,4556.375107858789,4556.625107858789,1596,1039,1318
4551.75209159609,4551.62709159609,4551.87709159609,1568,1329,1449
4555.928645218581,4555.678645218581,4556.178645218581,2094,915,1505
4559.0595348776915,4558.8095348776915,4559.3095348776915,1746,1641,1694
4554.308814829349,4554.183814829349,4554.433814829349,2541,870,1706
4543.232330225658,4542.982330225658,4543.482330225658,1704,1309,1507
4544.029844844398,4543.779844844398,4544.279844844398,441,1244,843
4547.527002678341,4547.402002678341,4547.652002678341,1450,697,1074
4555.003607254445,4554.753607254445,4555.253607254445,1554,1417,1486
4561.382730532447,4561.257730532447,4561.507730532447,1482,1145,1314
4566.851261511718,4566.726261511718,4566.976261511718,2044,857,1451
4565.835356065161,4565.710356065161,4565.960356065161,1417,906,1162
4572.089201142096,4571.964201142096,4572.214201142096,1214,1641,1428
4576.491932662888,4576.241932662888,4576.741932662888,2439,1020,1730
4577.904533109351,4577.779533109351,4578.029533109351,1620,1325,1473
4584.362790020788,4584.237790020788,4584.487790020788,1393,1640,1517
4586.639847941084,4586.514847941084,4586.764847941084,962,2573,1768
4590.299379256158,4590.049379256158,4590.549379256158,788,1149,969
4587.6508713550475,4587.5258713550475,4587.7758713550475,600,1363,982
4594.696892912738,4594.446892912738,4594.946892912738,1884,1767,1826
4592.259887171428,4592.009887171428,4592.509887171428,1015,1074,1045
4588.025618313334,4587.900618313334,4588.150618313334,2261,976,1619
4590.952883174757,4590.827883174757,4591.077883174757,967,1872,1420
4600.420526070009,4600.170526070009,4600.670526070009,2215,1288,1752
4600.615701024382,4600.490701024382,4600.740701024382,2247,1428,1838
4600.417411930051,4600.292411930051,4600.542411930051,1868,657,1263
4595.494821835305,4595.244821835305,4595.744821835305,1988,721,1355
4601.146681489625,4601.021681489625,4601.271681489625,901,826,864
4593.50143523525,4593.37643523525,4593.62643523525,1848,1767,1808
4596.3480198775005,4596.2230198775005,4596.4730198775005,1786,745,1266
4601.299995344344,4601.049995344344,4601.549995344344,1742,1921,1832
4603.569944425297,4603.444944425297,4603.694944425297,1985,978,1482
4600.8297338105795,4600.7047338105795,4600.9547338105795,2069,1772,1921
4602.474794100072,4602.349794100072,4602.599794100072,927,1466,1197
4600.259382708245,4600.134382708245,4600.384382708245,2107,1562,1835
4593.816438830925,4593.566438830925,4594.066438830925,930,1431,1181
4588.973246274734,4588.598246274734,4589.348246274734,712,1165,939
4590.380913323318,4590.255913323318,4590.505913323318,1910,699,1305
4585.583079858941,4585.333079858941,4585.833079858941,2502,871,1687
4585.756895607672,4585.506895607672,4586.006895607672,651,1930,1291
4576.760744547954,4576.510744547954,4577.010744547954,1327,1546,1437
4579.323182092782,4579.198182092782,4579.448182092782,1539,1260,1400
4582.26139360739,4582.13639360739,4582.38639360739,1305,1574,1440
4588.754880065253,4588.629880065253,4588.879880065253,694,1813,1254
4583.628386721126,4583.503386721126,4583.753386721126,942,2109,1526
4589.711403861153,4589.461403861153,4589.961403861153,1137,512,825
4587.2950024202455,4587.1700024202455,4587.4200024202455,1947,1630,1789
4589.740052703025,4589.615052703025,4589.865052703025,1017,954,986
4593.141075400157,4592.891075400157,4593.391075400157,1035,822,929
4586.581264845528,4586.456264845528,4586.706264845528,1560,2219,1890
4583.285856982983,4583.160856982983,4583.410856982983,2189,1426,1808
4578.63978887391,4578.51478887391,4578.76478887391,1796,933,1365
4569.18776255832,4569.06276255832,4569.31276255832,914,835,875
4557.967606998243,4557.842606998243,4558.092606998243,855,974,915
4550.892753587688,4550.767753587688,4551.017753587688,1470,2387,1929
4554.628016225764,4554.378016225764,4554.878016225764,2179,1512,1846
4547.109117440646,4546.859117440646,4547.359117440646,955,2424,1690
4545.144565365018,4544.894565365018,4545.394565365018,1770,2195,1983
4541.685453697666,4541.560453697666,4541.810453697666,1089,1128,1109
4537.0633129976095,4536.9383129976095,4537.1883129976095,1396,2191,1794
4533.932465431,4533.807465431,4534.057465431,671,1608,1140
4534.41585160913,4534.29085160913,4534.54085160913,2110,1165,1638
4531.594279514015,4531.469279514015,4531.719279514015,1040,1081,1061
4542.0494368408745,4541.7994368408745,4542.2994368408745,1651,1018,1335
4538.3609704269775,4538.2359704269775,4538.4859704269775,619,1584,1102
4546.158921612933,4545.908921612933,4546.408921612933,2218,1353,1786
4555.791434167429,4555.666434167429,4555.916434167429,1006,2727,1867
4560.01844235238,4559.76844235238,4560.26844235238,1310,1225,1268
4561.9806836173,4561.8556836173,4562.1056836173,1347,1184,1266
4571.400253501057,4571.150253501057,4571.650253501057,833,1164,999
4564.900403378391,4564.650403378391,4565.150403378391,970,2309,1640
4563.348219823036,4563.223219823036,4563.473219823036,1288,927,1108
4564.952812872814,4564.577812872814,4565.327812872814,1197,416,807
4560.362333993719,4560.237333993719,4560.487333993719,1179,2552,1866
4557.37898282867,4557.12898282867,4557.62898282867,760,1009,885
4564.219140120356,4564.094140120356,4564.344140120356,2071,1002,1537
4562.291480574576,4562.166480574576,4562.416480574576,859,1240,1050
4559.761553796952,4559.511553796952,4560.011553796952,2411,864,1638
4559.26853094016,4558.89353094016,4559.64353094016,1690,1891,1791
4548.174322646113,4547.924322646113,4548.424322646113,1094,1145,1120
4553.91056289787,4553.78556289787,4554.03556289787,2641,1338,1990
4551.674333120534,4551.549333120534,4551.799333120534,2070,1783,1927
4547.510214889095,4547.385214889095,4547.635214889095,2148,1613,1881
4547.919927459513,4547.669927459513,4548.169927459513,1306,1377,1342
4553.586550972846,4553.211550972846,4553.961550972846,948,775,862
4551.497938053454,4551.247938053454,4551.747938053454,2038,761,1400
4550.854591300071,4550.604591300071,4551.104591300071,2146,1807,1977
4559.562731890143,4559.437731890143,4559.687731890143,824,1741,1283
4549.78457815791,4549.53457815791,4550.03457815791,1293,1872,1583
4546.722395621699,4546.597395621699,4546.847395621699,1092,1355,1224
4549.2949708236,4549.0449708236,4549.5449708236,1871,2026,1949
4549.435377204774,4549.310377204774,4549.560377204774,2574,1367,1971
4540.950847126299,4540.825847126299,4541.075847126299,1304,697,1001
4536.601111588127,4536.476111588127,4536.726111588127,1162,1703,1433
4544.532230277986,4544.282230277986,4544.782230277986,1201,1274,1238
4546.862097228353,4546.737097228353,4546.987097228353,1391,502,947
4534.039974616069,4533.914974616069,4534.164974616069,1325,2140,1733
4538.341650509726,4538.216650509726,4538.466650509726,1483,1346,1415
4541.395775289631,4541.145775289631,4541.645775289631,1495,768,1132
4546.902064625423,4546.527064625423,4547.277064625423,1126,1559,1343
4545.647150849702,4545.522150849702,4545.772150849702,864,843,854
4540.597964784353,4540.472964784353,4540.722964784353,1114,521,818
4540.555777959645,4540.430777959645,4540.680777959645,1367,894,1131
4544.020487215706,4543.895487215706,4544.145487215706,1774,1593,1684
4541.4642760048255,4541.3392760048255,4541.5892760048255,1393,1782,1588
4540.347754441769,4540.097754441769,4540.597754441769,981,2302,1642
4537.523740382843,4537.398740382843,4537.648740382843,543,1322,933
4535.145608479265,4535.020608479265,4535.270608479265,1111,886,999
4536.853257686201,4536.478257686201,4537.228257686201,1063,1182,1123
4534.024809015986,4533.899809015986,4534.149809015986,713,1630,1172
4535.004547965133,4534.754547965133,4535.254547965133,2378,1529,1954
4531.00977920395,4530.88477920395,4531.13477920395,1398,1989,1694
4531.846578122516,4531.596578122516,4532.096578122516,1646,2281,1964
4535.420805832728,4535.295805832728,4535.545805832728,695,1850,1273
4535.376694905644,4535.251694905644,4535.501694905644,829,1460,1145
4537.134816280759,4537.009816280759,4537.259816280759,1329,1402,1366
4541.693891851685,4541.568891851685,4541.818891851685,1387,1558,1473
4544.001670459184,4543.876670459184,4544.126670459184,550,1163,857
4548.459448821586,4548.334448821586,4548.584448821586,632,1819,1226
4551.542455294665,4551.292455294665,4551.792455294665,1294,2487,1891
4547.224367767633,4547.099367767633,4547.349367767633,1208,2507,1858
4544.908517418905,4544.783517418905,4545.033517418905,1077,952,1015
4550.870885483316,4550.620885483316,4551.120885483316,1944,1029,1487
4548.378815455995,4548.253815455995,4548.503815455995,1800,867,1334
4552.446859631194,4552.321859631194,4552.571859631194,708,2019,1364
4553.871607296853,4553.746607296853,4553.996607296853,1455,1482,1469
4554.520405363603,4554.395405363603,4554.645405363603,2276,913,1595
4557.7638240143015,4557.5138240143015,4558.0138240143015,1350,1271,1311
4552.527971062107,4552.402971062107,4552.652971062107,880,1435,1158
4550.57284270666,4550.44784270666,4550.69784270666,1126,1613,1370
4552.151819291488,4552.026819291488,4552.276819291488,523,1290,907
4546.042301092464,4545.917301092464,4546.167301092464,2553,882,1718
4550.3035094754805,4550.1785094754805,4550.4285094754805,1223,764,994
4544.21146557874,4544.08646557874,4544.33646557874,2624,1341,1983
4541.8837823878885,4541.7587823878885,4542.0087823878885,2224,1355,1790
4543.414821565051,4543.289821565051,4543.539821565051,1807,1942,1875
4544.772090292659,4544.522090292659,4545.022090292659,1935,1576,1756
4549.511178163477,4549.261178163477,4549.761178163477,1694,1175,1435
4547.728076063111,4547.478076063111,4547.978076063111,1472,1823,1648
4550.160077521198,4550.035077521198,4550.285077521198,978,2859,1919
4551.93753171547,4551.81253171547,4552.06253171547,1521,976,1249
4548.017384380314,4547.892384380314,4548.142384380314,1531,908,1220
4553.738676585933,4553.613676585933,4553.863676585933,881,2226,1554
4553.784328588651,4553.659328588651,4553.909328588651,1676,1549,1613
4555.342950869694,4555.092950869694,4555.592950869694,728,1557,1143
4560.411990798894,4560.036990798894,4560.786990798894,1011,2210,1611
4565.860774097545,4565.735774097545,4565.985774097545,1626,1335,1481
4571.240741135922,4570.990741135922,4571.490741135922,1546,1995,1771
4567.132624005391,4567.007624005391,4567.257624005391,2167,1114,1641
4568.42112932117,4568.04612932117,4568.79612932117,525,1094,810
4565.9320207517685,4565.8070207517685,4566.0570207517685,706,1719,1213
4568.5417087866,4568.4167087866,4568.6667087866,2257,1482,1870
4568.178938960178,4567.803938960178,4568.553938960178,1138,1395,1267
4566.583249249265,4566.458249249265,4566.708249249265,2298,1395,1847
4564.021243427152,4563.771243427152,4564.271243427152,709,1106,908
4569.336843534195,4569.211843534195,4569.461843534195,1540,2059,1800
4563.052794948126,4562.927794948126,4563.177794948126,2228,837,1533
4562.934521611689,4562.809521611689,4563.059521611689,870,1729,1300
4561.98845933191,4561.86345933191,4562.11345933191,1046,1243,1145
4564.7228997785905,4564.3478997785905,4565.0978997785905,1548,649,1099
4555.9537101595015,4555.8287101595015,4556.0787101595015,987,690,839
4557.212929209186,4556.962929209186,4557.462929209186,1375,998,1187
4553.441424224108,4553.066424224108,4553.816424224108,675,1228,952
4550.564079666363,4550.314079666363,4550.814079666363,1592,2099,1846
4552.679749813052,4552.554749813052,4552.804749813052,1007,1494,1251
4555.564206613306,4555.439206613306,4555.689206613306,1505,1316,1411
4556.661073976269,4556.411073976269,4556.911073976269,1219,1524,1372
4557.030392693623,4556.780392693623,4557.280392693623,628,995,812
4557.041005539794,4556.916005539794,4557.166005539794,1010,2135,1573
4558.876770612099,4558.751770612099,4559.001770612099,2759,1006,1883
4564.906283900703,4564.656283900703,4565.156283900703,2415,1032,1724
4559.270378323634,4558.895378323634,4559.645378323634,2067,1310,1689
4560.508341369582,4560.258341369582,4560.758341369582,1052,1305,1179
4559.543081776156,4559.418081776156,4559.668081776156,1522,1001,1262
4556.908637012024,4556.658637012024,4557.158637012024,751,1306,1029
4556.904294598558,4556.779294598558,4557.029294598558,733,1788,1261
4556.884591172373,4556.634591172373,4557.134591172373,906,1077,992
4560.658049483526,4560.533049483526,4560.783049483526,1059,1472,1266
4562.437188720638,4562.062188720638,4562.812188720638,1459,1474,1467
4559.091855142062,4558.841855142062,4559.341855142062,2086,1489,1788
4559.519581201477,4559.394581201477,4559.644581201477,1949,1150,1550
4561.73897321798,4561.36397321798,4562.11397321798,1656,2021,1839
4561.834763213339,4561.709763213339,4561.959763213339,1664,675,1170
4560.578022662462,4560.328022662462,4560.828022662462,702,1989,1346
4559.857148717451,4559.482148717451,4560.232148717451,672,1729,1201
4555.010657962124,4554.885657962124,4555.135657962124,1577,1056,1317
4560.512818036533,4560.387818036533,4560.637818036533,492,1207,850
4553.459856951797,4553.334856951797,4553.584856951797,1237,2160,1699
4559.624532372928,4559.499532372928,4559.749532372928,1720,1339,1530
4562.5234234539275,4562.2734234539275,4562.7734234539275,1188,1021,1105
4560.64107143006,4560.51607143006,4560.76607143006,1685,1854,1770
4560.9847991970755,4560.6097991970755,4561.3597991970755,2019,1696,1858
4552.6294903477,4552.3794903477,4552.8794903477,1174,1709,1442
4549.330548951008,4549.205548951008,4549.455548951008,1567,870,1219
4552.090970580348,4551.840970580348,4552.340970580348,674,1725,1200
4554.9397016060175,4554.8147016060175,4555.0647016060175,2036,1247,1642
4549.848099718773,4549.598099718773,4550.098099718773,2004,917,1461
4552.593619747115,4552.468619747115,4552.718619747115,1224,847,1036
4551.559715835852,4551.434715835852,4551.684715835852,958,761,860
4552.544202096134,4552.169202096134,4552.919202096134,1602,1241,1422
4548.758209039391,4548.633209039391,4548.883209039391,2343,1608,1976
4549.09501179426,4548.84501179426,4549.34501179426,833,2172,1503
4553.531507152334,4553.281507152334,4553.781507152334,914,805,860
4554.061744989602,4553.936744989602,4554.186744989602,791,1318,1055
4556.048779735724,4555.798779735724,4556.298779735724,951,1442,1197
4563.096008464477,4562.721008464477,4563.471008464477,1265,710,988
4563.215894925753,4563.090894925753,4563.340894925753,1528,963,1246
4555.918776271232,4555.793776271232,4556.043776271232,612,1325,969
4557.534625034718,4557.284625034718,4557.784625034718,1459,2334,1897
4562.249180382903,4562.124180382903,4562.374180382903,1709,1174,1442
4563.230380379643,4562.855380379643,4563.605380379643,1775,984,1380
4558.339950285646,4557.964950285646,4558.714950285646,1764,1077,1421
4554.339680163639,4554.214680163639,4554.464680163639,1509,524,1017
4556.6030649730765,4556.2280649730765,4556.9780649730765,1205,2374,1790
4556.331445862707,4556.206445862707,4556.456445862707,1751,1066,1409
4550.437227381286,4550.312227381286,4550.562227381286,1035,812,924
4553.988995371581,4553.613995371581,4554.363995371581,1890,1177,1534
4554.015945349142,4553.890945349142,4554.140945349142,1772,799,1286
4550.743797288903,4550.493797288903,4550.993797288903,1472,1673,1573
4546.446536203499,4546.321536203499,4546.571536203499,744,1649,1197
4545.692789997045,4545.442789997045,4545.942789997045,1694,2301,1998
4542.9456791275115,4542.8206791275115,4543.0706791275115,820,1351,1086
4548.066225116213,4547.816225116213,4548.316225116213,1287,508,898
4541.179132262439,4540.929132262439,4541.429132262439,1755,860,1308
4540.330359188932,4540.205359188932,4540.455359188932,877,1484,1181
4537.2401946054415,4537.1151946054415,4537.3651946054415,1697,630,1164
4534.80475736098,4534.67975736098,4534.92975736098,1756,1577,1667
4529.26768420824,4529.14268420824,4529.39268420824,2011,1452,1732
4521.702706583211,4521.577706583211,4521.827706583211,1047,732,890
4516.42719124296,4516.05219124296,4516.80219124296,681,1780,1231
4523.634383944614,4523.509383944614,4523.759383944614,2372,1129,1751
4522.8760096629185,4522.7510096629185,4523.0010096629185,839,770,805
4520.594469852689,4520.469469852689,4520.719469852689,1131,478,805
4528.216010695813,4528.091010695813,4528.341010695813,1549,2278,1914
4525.598077655026,4525.348077655026,4525.848077655026,1107,1616,1362
4527.836457436489,4527.711457436489,4527.961457436489,1572,2079,1826
4528.838023727788,4528.713023727788,4528.963023727788,1539,834,1187
4525.35385354689,4525.22885354689,4525.47885354689,1521,2268,1895
4521.424343334942,4521.299343334942,4521.549343334942,2107,1266,1687
4524.985015146543,4524.860015146543,4525.110015146543,1081,2876,1979
4531.776259421797,4531.651259421797,4531.901259421797,2015,982,1499
4529.855840227611,4529.605840227611,4530.105840227611,805,1446,1126
4524.979352712568,4524.854352712568,4525.104352712568,1070,2649,1860
4523.922228152391,4523.797228152391,4524.047228152391,1817,1618,1718
4530.716882948981,4530.466882948981,4530.966882948981,1084,1157,1121
4527.952046858293,4527.827046858293,4528.077046858293,1786,719,1253
4524.324363910596,4524.199363910596,4524.449363910596,1315,2528,1922
4524.296462928694,4524.046462928694,4524.546462928694,1832,1279,1556
4522.241232288585,4521.991232288585,4522.491232288585,1168,865,1017
4515.796301403662,4515.671301403662,4515.921301403662,1221,1092,1157
4516.757734235038,4516.632734235038,4516.882734235038,1944,1369,1657
4521.4741083596255,4521.3491083596255,4521.5991083596255,2429,1470,1950
4521.47239105806,4521.34739105806,4521.59739105806,1064,885,975
4517.36578703279,4517.24078703279,4517.49078703279,1146,2803,1975
4524.7998548286305,4524.6748548286305,4524.9248548286305,836,1313,1075
4522.424963567611,4522.299963567611,4522.549963567611,486,1143,815
4524.70395848199,4524.32895848199,4525.07895848199,1989,1002,1496
4522.313373046069,4522.188373046069,4522.438373046069,2085,1422,1754
4523.360233635457,4523.110233635457,4523.610233635457,1116,2309,1713
4527.6337874325345,4527.3837874325345,4527.8837874325345,2248,1601,1925
4523.351707626062,4523.101707626062,4523.601707626062,1412,1423,1418
4523.307761094475,4522.932761094475,4523.682761094475,899,2112,1506
4525.494988611678,4525.369988611678,4525.619988611678,1160,2249,1705
4532.046727185953,4531.796727185953,4532.296727185953,1952,1209,1581
4527.507147277815,4527.382147277815,4527.632147277815,1089,1252,1171
4529.8502616352325,4529.7252616352325,4529.9752616352325,1305,2436,1871
4530.228601822837,4530.103601822837,4530.353601822837,652,1043,848
4529.137419249726,4528.887419249726,4529.387419249726,1166,779,973
4528.034571542914,4527.909571542914,4528.159571542914,1840,1633,1737
4528.239151236869,4528.114151236869,4528.364151236869,1461,1500,1481
4529.362782283317,4529.237782283317,4529.487782283317,726,1049,888
4532.094895048017,4531.969895048017,4532.219895048017,2308,803,1556
4532.221611861583,4531.971611861583,4532.471611861583,1379,2550,1965
4534.249057657223,4534.124057657223,4534.374057657223,1095,878,987
4531.562656057514,4531.312656057514,4531.812656057514,1148,1199,1174
4529.136625016061,4529.011625016061,4529.261625016061,1191,1196,1194
4529.447123230727,4529.322123230727,4529.572123230727,1789,1910,1850
4526.935921408263,4526.810921408263,4527.060921408263,925,1526,1226
4526.341838929277,4526.216838929277,4526.466838929277,583,1154,869
4525.338435875913,4525.213435875913,4525.463435875913,1270,571,921
4525.542615504821,4525.417615504821,4525.667615504821,2905,1012,1959
4532.073763881996,4531.948763881996,4532.198763881996,1191,1142,1167
4525.3076865900375,4525.1826865900375,4525.4326865900375,715,1872,1294
4520.673679407663,4520.298679407663,4521.048679407663,1440,917,1179
4519.9250247446935,4519.5500247446935,4520.3000247446935,1460,1949,1705
4518.799836614565,4518.674836614565,4518.924836614565,1434,1239,1337
4514.2772560444255,4514.1522560444255,4514.4022560444255,1577,680,1129
4518.757311840975,4518.632311840975,4518.882311840975,936,743,840
4516.717312203472,4516.467312203472,4516.967312203472,1688,1471,1580
4519.656217212458,4519.531217212458,4519.781217212458,1059,2504,1782
4518.429991075799,4518.304991075799,4518.554991075799,2286,987,1637
4520.193972631655,4519.943972631655,4520.443972631655,801,874,838
4528.0418621913395,4527.9168621913395,4528.1668621913395,864,1959,1412
4525.851732977023,4525.726732977023,4525.976732977023,1251,1298,1275
4525.234252721257,4525.109252721257,4525.359252721257,750,2055,1403
4524.0225799496675,4523.8975799496675,4524.1475799496675,1118,2237,1678
4526.431091613747,4526.306091613747,4526.556091613747,1491,516,1004
4526.62185112546,4526.37185112546,4526.87185112546,2038,1239,1639
4529.865203492631,4529.740203492631,4529.990203492631,2038,1513,1776
4527.160429565758,4527.035429565758,4527.285429565758,1704,1385,1545
4525.024012851174,4524.774012851174,4525.274012851174,986,703,845
4526.8852435752215,4526.6352435752215,4527.1352435752215,581,1106,844
4525.739593641869,4525.614593641869,4525.864593641869,1901,1604,1753
4527.16327579489,4526.91327579489,4527.41327579489,530,1141,836
4520.196017744209,4519.946017744209,4520.446017744209,2406,863,1635
4519.569949111381,4519.319949111381,4519.819949111381,1095,1668,1382
4520.658593630819,4520.533593630819,4520.783593630819,1118,1153,1136
4522.208332424541,4522.083332424541,4522.333332424541,2424,1573,1999
4513.06387043116,4512.93887043116,4513.18887043116,1707,2066,1887
4512.44060935676,4512.19060935676,4512.69060935676,2652,933,1793
4509.784047376278,4509.534047376278,4510.034047376278,1152,497,825
4504.002891885029,4503.627891885029,4504.377891885029,1613,2224,1919
4502.102674606125,4501.977674606125,4502.227674606125,791,908,850
4498.4339656244965,4498.3089656244965,4498.5589656244965,1052,2661,1857
4493.5646000606885,4493.4396000606885,4493.6896000606885,2420,1069,1745
4488.623520108863,4488.498520108863,4488.748520108863,1443,2184,1814
4493.606379565908,4493.231379565908,4493.981379565908,1833,880,1357
4492.761952723428,4492.636952723428,4492.886952723428,1526,817,1172
4490.646702499808,4490.521702499808,4490.771702499808,2278,1081,1680
4485.946587100385,4485.696587100385,4486.196587100385,1809,2072,1941
4488.799153226041,4488.549153226041,4489.049153226041,1405,956,1181
4495.102507010579,4494.852507010579,4495.352507010579,909,1244,1077
4494.287651649835,4494.037651649835,4494.537651649835,1610,1843,1727
4498.2719375023225,4498.1469375023225,4498.3969375023225,1242,511,877
4504.9584931219,4504.7084931219,4505.2084931219,586,1745,1166
4500.781164349893,4500.656164349893,4500.906164349893,861,1700,1281
4508.546595782235,4508.171595782235,4508.921595782235,1974,955,1465
4511.035406218686,4510.785406218686,4511.285406218686,1073,702,888
4508.89568427285,4508.77068427285,4509.02068427285,1006,1789,1398
4507.311741746919,4507.186741746919,4507.436741746919,1166,1733,1450
4509.782204823437,4509.657204823437,4509.907204823437,506,1399,953
4513.979344518208,4513.854344518208,4514.104344518208,1398,1465,1432
4514.471618208777,4514.346618208777,4514.596618208777,744,1133,939
4512.501718540495,4512.251718540495,4512.751718540495,1071,832,952
4512.520640902791,4512.145640902791,4512.895640902791,1614,561,1088
4510.466036534363,4510.216036534363,4510.716036534363,1542,1849,1696
4517.1084669848115,4516.9834669848115,4517.2334669848115,1152,2195,1674
4518.382308156336,4518.007308156336,4518.757308156336,2618,1081,1850
4526.313857387032,4525.938857387032,4526.688857387032,1601,1056,1329
4523.282867458864,4523.157867458864,4523.407867458864,2173,1084,1629
4521.151026223962,4520.776026223962,4521.526026223962,1162,2247,1705
4518.884776297365,4518.759776297365,4519.009776297365,1526,1419,1473
4519.659936719289,4519.534936719289,4519.784936719289,2224,747,1486
4514.181500058072,4514.056500058072,4514.306500058072,2150,1791,1971
4517.828710757017,4517.703710757017,4517.953710757017,1378,1577,1478
4525.680314289592,4525.305314289592,4526.055314289592,1091,1056,1074
4524.61665059001,4524.49165059001,4524.74165059001,2589,1018,1804
4527.426686291867,4527.301686291867,4527.551686291867,1629,1646,1638
4527.334049786206,4527.084049786206,4527.584049786206,978,2103,1541
4527.728726205845,4527.478726205845,4527.978726205845,789,2232,1511
4533.198377927712,4533.073377927712,4533.323377927712,1922,925,1424
4538.544761410109,4538.294761410109,4538.794761410109,1749,1616,1683
4540.003472388301,4539.878472388301,4540.128472388301,1496,623,1060
4540.950013488235,4540.575013488235,4541.325013488235,1351,1180,1266
4545.6667417088665,4545.5417417088665,4545.7917417088665,1008,705,857
4543.427436111494,4543.302436111494,4543.552436111494,989,778,884
4540.302297980659,4540.177297980659,4540.427297980659,702,897,800
4545.604309091505,4545.354309091505,4545.854309091505,1265,2488,1877
4542.066646855814,4541.816646855814,4542.316646855814,749,1130,940
4537.568583990201,4537.318583990201,4537.818583990201,1067,1092,1080
4533.329933851105,4533.079933851105,4533.579933851105,975,784,880
4534.261114998835,4534.011114998835,4534.511114998835,1357,762,1060
4540.874910174457,4540.749910174457,4540.999910174457,1816,1233,1525
4540.394594934972,4540.144594934972,4540.644594934972,2023,794,1409
4536.70759266485,4536.45759266485,4536.95759266485,1327,642,985
4535.482094163974,4535.357094163974,4535.607094163974,1028,1829,1429
4536.471618750469,4536.346618750469,4536.596618750469,2526,969,1748
4536.8613769443655,4536.6113769443655,4537.1113769443655,983,1556,1270
4540.192493584206,4540.067493584206,4540.317493584206,1418,1879,1649
4542.16193884536,4541.91193884536,4542.41193884536,1048,837,943
4540.029502522649,4539.779502522649,4540.279502522649,2152,941,1547
4542.246421447285,4542.121421447285,4542.371421447285,924,2705,1815
4540.28897418639,4540.16397418639,4540.41397418639,2773,1166,1970
4531.996563108699,4531.621563108699,4532.371563108699,797,838,818
4525.695091682434,4525.570091682434,4525.820091682434,1875,1972,1924
4528.6539555125955,4528.2789555125955,4529.0289555125955,1075,2624,1850
4529.962706851564,4529.837706851564,4530.087706851564,1543,1278,1411
4533.733590830584,4533.608590830584,4533.858590830584,1711,2054,1883
4529.515232522746,4529.390232522746,4529.640232522746,1456,2221,1839
4533.997944114329,4533.622944114329,4534.372944114329,1226,1541,1384
4529.701361964662,4529.451361964662,4529.951361964662,1900,1423,1662
4529.925736807212,4529.675736807212,4530.175736807212,1289,1090,1190
4525.400579562114,4525.150579562114,4525.650579562114,1786,665,1226
4518.456705535704,4518.331705535704,4518.581705535704,1065,1144,1105
4517.258410899329,4517.133410899329,4517.383410899329,1041,838,940
4521.77642662566,4521.65142662566,4521.90142662566,1204,1219,1212
4522.923361214002,4522.673361214002,4523.173361214002,1078,2753,1916
4526.520188610975,4526.270188610975,4526.770188610975,1541,1328,1435
4523.624954256059,4523.499954256059,4523.749954256059,950,1261,1106
4532.043044671235,4531.918044671235,4532.168044671235,942,2469,1706
4534.407514373681,4534.157514373681,4534.657514373681,1775,622,1199
4535.389135302535,4535.139135302535,4535.639135302535,1963,2032,1998
4534.967252314566,4534.842252314566,4535.092252314566,2570,1309,1940
4535.600803857592,4535.350803857592,4535.850803857592,712,1159,936
4538.048722313736,4537.923722313736,4538.173722313736,925,1026,976
4537.074965826375,4536.949965826375,4537.199965826375,1058,789,924
4534.772413647991,4534.647413647991,4534.897413647991,1892,679,1286
4540.653398117703,4540.528398117703,4540.778398117703,830,2295,1563
4534.793686518966,4534.668686518966,4534.918686518966,573,1076,825
4537.75314611658,4537.62814611658,4537.87814611658,1002,1089,1046
4528.358794911896,4527.983794911896,4528.733794911896,810,1491,1151
4524.946672709566,4524.821672709566,4525.071672709566,2050,1339,1695
4529.6591174234945,4529.2841174234945,4530.0341174234945,1801,782,1292
4521.621247186197,4521.371247186197,4521.871247186197,1131,1022,1077
4515.327659896453,4515.202659896453,4515.452659896453,1888,1845,1867
4509.759384120882,4509.634384120882,4509.884384120882,837,868,853
4508.587748492164,4508.462748492164,4508.712748492164,1088,2847,1968
4496.607847862167,4496.232847862167,4496.982847862167,2028,1637,1833
4499.3652968711585,4499.2402968711585,4499.4902968711585,1987,1790,1889
4494.10014462076,4493.97514462076,4494.22514462076,829,976,903
4493.836993345432,4493.586993345432,4494.086993345432,1570,579,1075
4497.387091539056,4497.137091539056,4497.637091539056,795,2092,1444
4495.610125613253,4495.485125613253,4495.735125613253,1370,2009,1690
4496.662841823332,4496.412841823332,4496.912841823332,694,929,812
4491.732578380293,4491.482578380293,4491.982578380293,1695,1144,1420
4496.211705304964,4495.961705304964,4496.461705304964,1908,1513,1711
4497.842226220376,4497.717226220376,4497.967226220376,2541,980,1761
4499.727988892772,4499.477988892772,4499.977988892772,1882,1099,1491
4489.384164163478,4489.134164163478,4489.634164163478,867,1058,963
4486.172510653508,4486.047510653508,4486.297510653508,2617,940,1779
4485.218799416085,4485.093799416085,4485.343799416085,1619,798,1209
4479.177401670894,4479.052401670894,4479.302401670894,907,1846,1377
4482.405735491332,4482.280735491332,4482.530735491332,1890,1109,1500
4483.058204987836,4482.683204987836,4483.433204987836,859,860,860
4479.802517328674,4479.677517328674,4479.927517328674,1924,861,1393
4487.77674692951,4487.65174692951,4487.90174692951,2036,945,1491
4486.4497159601015,4486.1997159601015,4486.6997159601015,1134,1783,1459
4485.956623868365,4485.831623868365,4486.081623868365,1103,2554,1829
4487.480697910863,4487.105697910863,4487.855697910863,1887,726,1307
4492.984100900394,4492.859100900394,4493.109100900394,2480,1229,1855
4495.706034435527,4495.456034435527,4495.956034435527,1730,669,1200
4504.771527746127,4504.396527746127,4505.146527746127,1526,1885,1706
4501.706461392545,4501.581461392545,4501.831461392545,1564,657,1111
4500.881709676765,4500.756709676765,4501.006709676765,2708,1135,1922
4496.719655629795,4496.469655629795,4496.969655629795,2219,1496,1858
4502.584472722771,4502.459472722771,4502.709472722771,551,1340,946
4509.6531348623885,4509.5281348623885,4509.7781348623885,1607,652,1130
4509.414451414561,4509.289451414561,4509.539451414561,1372,1059,1216
4505.153913552471,4505.028913552471,4505.278913552471,2283,1480,1882
4496.367098486261,4496.117098486261,4496.617098486261,1177,788,983
4484.780609574349,4484.655609574349,4484.905609574349,1083,644,864
4484.813508949874,4484.563508949874,4485.063508949874,1989,1350,1670
4489.111268278045,4488.861268278045,4489.361268278045,1122,1377,1250
4490.277996772176,4490.027996772176,4490.527996772176,2434,1419,1927
4492.947435403309,4492.697435403309,4493.197435403309,1194,1341,1268
4488.863604799974,4488.738604799974,4488.988604799974,1481,1320,1401
4487.680749073295,4487.305749073295,4488.055749073295,1931,748,1340
4493.491529402636,4493.366529402636,4493.616529402636,419,1182,801
4500.630490845035,4500.505490845035,4500.755490845035,1503,714,1109
4501.212509121109,4500.962509121109,4501.462509121109,880,2057,1469
4508.693906871113,4508.568906871113,4508.818906871113,601,1144,873
4504.232522655383,4504.107522655383,4504.357522655383,2214,1339,1777
4501.582002542599,4501.207002542599,4501.957002542599,1050,1259,1155
4501.714994362592,4501.589994362592,4501.839994362592,764,987,876
4503.192831639325,4503.067831639325,4503.317831639325,1150,2283,1717
4500.733258924707,4500.608258924707,4500.858258924707,2801,934,1868
4501.410071137912,4501.035071137912,4501.785071137912,1060,2825,1943
4498.658564344353,4498.533564344353,4498.783564344353,1996,1283,1640
4492.881783557708,4492.631783557708,4493.131783557708,1123,880,1002
4503.091026173,4502.841026173,4503.341026173,1812,719,1266
4500.933093319481,4500.683093319481,4501.183093319481,1977,950,1464
4504.189165611504,4503.939165611504,4504.439165611504,1728,883,1306
4505.664371751464,4505.414371751464,4505.914371751464,552,1151,852
4507.320952425807,4506.945952425807,4507.695952425807,1373,640,1007
4502.271823881184,4502.021823881184,4502.521823881184,1888,909,1399
4499.028705425578,4498.903705425578,4499.153705425578,1693,964,1329
4490.420795002801,4490.295795002801,4490.545795002801,858,1993,1426
4478.134051560047,4478.009051560047,4478.259051560047,1167,2234,1701
4473.438401472835,4473.313401472835,4473.563401472835,1004,2897,1951
4473.350503013914,4473.100503013914,4473.600503013914,2136,1371,1754
4466.5639313862,4466.4389313862,4466.6889313862,1203,594,899
4470.113470630226,4469.988470630226,4470.238470630226,1321,1152,1237
4467.4168563249095,4467.2918563249095,4467.5418563249095,2208,1127,1668
4462.095918827627,4461.970918827627,4462.220918827627,1848,1839,1844
4461.0532784229235,4460.9282784229235,4461.1782784229235,2321,1102,1712
4467.137360943418,4467.012360943418,4467.262360943418,724,1311,1018
4465.850636403965,4465.475636403965,4466.225636403965,778,1107,943
4462.807268344582,4462.557268344582,4463.057268344582,1576,1561,1569
4454.396475839884,4454.146475839884,4454.646475839884,2247,1520,1884
4452.634335459783,4452.509335459783,4452.759335459783,1710,951,1331
4450.601190249444,4450.476190249444,4450.726190249444,997,2056,1527
4448.532073570201,4448.282073570201,4448.782073570201,938,2007,1473
4448.636197522683,4448.511197522683,4448.761197522683,1001,2176,1589
4446.981610115878,4446.731610115878,4447.231610115878,1968,1757,1863
4455.032775031122,4454.907775031122,4455.157775031122,1208,427,818
4451.552351341904,4451.427351341904,4451.677351341904,633,1234,934
4448.423659728691,4448.048659728691,4448.798659728691,1055,588,822
4452.584142979491,4452.459142979491,4452.709142979491,557,1644,1101
4450.370430394392,4450.245430394392,4450.495430394392,1708,1483,1596
4452.534275015233,4452.159275015233,4452.909275015233,834,1133,984
4450.922849947506,4450.797849947506,4451.047849947506,805,1986,1396
4454.652244027539,4454.527244027539,4454.777244027539,1057,1498,1278
4451.477197362525,4451.352197362525,4451.602197362525,1133,938,1036
4453.335508237176,4453.210508237176,4453.460508237176,772,2275,1524
4460.805143073359,4460.680143073359,4460.930143073359,1253,2684,1969
4458.939025733611,4458.689025733611,4459.189025733611,737,1196,967
4454.724272731437,4454.599272731437,4454.849272731437,2011,910,1461
4457.707233510157,4457.582233510157,4457.832233510157,2369,1602,1986
4462.492028741558,4462.242028741558,4462.742028741558,2090,817,1454
4457.941843982757,4457.691843982757,4458.191843982757,1378,1225,1302
4459.164577510733,4458.914577510733,4459.414577510733,693,1856,1275
4459.135531508982,4459.010531508982,4459.260531508982,1737,2168,1953
4461.773219563197,4461.398219563197,4462.148219563197,2473,1230,1852
4462.366775063662,4462.241775063662,4462.491775063662,2066,1831,1949
4461.074251989356,4460.949251989356,4461.199251989356,1168,1519,1344
4458.984646047142,4458.859646047142,4459.109646047142,1796,1491,1644
4454.569454040012,4454.444454040012,4454.694454040012,746,1127,937
4455.151511856008,4455.026511856008,4455.276511856008,700,1061,881
4458.232409049772,4458.107409049772,4458.357409049772,1373,1218,1296
4457.183225191497,4456.933225191497,4457.433225191497,802,1233,1018
4454.60851951305,4454.48351951305,4454.73351951305,1149,1776,1463
4454.348929287847,4454.223929287847,4454.473929287847,1169,2298,1734
4454.063326146536,4453.813326146536,4454.313326146536,476,1223,850
4455.498871311243,4455.373871311243,4455.623871311243,1148,945,1047
4457.266932453538,4457.016932453538,4457.516932453538,879,1838,1359
4458.005738498258,4457.755738498258,4458.255738498258,2089,1458,1774
4456.38607464266,4456.26107464266,4456.51107464266,732,1347,1040
4457.017209920072,4456.892209920072,4457.142209920072,1283,2160,1722
4458.85835189514,4458.60835189514,4459.10835189514,2124,1647,1886
4460.277272480028,4460.152272480028,4460.402272480028,1470,1077,1274
4459.130135940352,4458.880135940352,4459.380135940352,702,1123,913
4459.9852229611415,4459.8602229611415,4460.1102229611415,1573,2216,1895
4459.408194927056,4459.283194927056,4459.533194927056,1492,735,1114
4460.10760669405,4459.85760669405,4460.35760669405,1002,1891,1447
4458.168488161607,4458.043488161607,4458.293488161607,815,1116,966
4463.710881361611,4463.585881361611,4463.835881361611,913,1912,1413
4462.867265213597,4462.617265213597,4463.117265213597,1191,2470,1831
4462.521359635405,4462.271359635405,4462.771359635405,937,768,853
4460.995149740609,4460.870149740609,4461.120149740609,1170,1719,1445
4455.765734530338,4455.640734530338,4455.890734530338,1072,1773,1423
4454.857089024752,4454.607089024752,4455.107089024752,1948,1709,1829
4454.966230333484,4454.716230333484,4455.216230333484,1264,2087,1676
4454.995270150283,4454.745270150283,4455.245270150283,1915,1468,1692
4455.403349567539,4455.028349567539,4455.778349567539,904,1283,1094
4455.720571907476,4455.595571907476,4455.845571907476,1837,690,1264
4455.566311033223,4455.441311033223,4455.691311033223,1496,581,1039
4456.017336109069,4455.892336109069,4456.142336109069,921,1778,1350
4457.7380957692685,4457.6130957692685,4457.8630957692685,997,1182,1090
4460.765527435516,4460.515527435516,4461.015527435516,1525,1824,1675
4459.701912503658,4459.451912503658,4459.951912503658,1000,799,900
4455.5643033836495,4455.3143033836495,4455.8143033836495,1189,1964,1577
4456.519917750112,4456.144917750112,4456.894917750112,1060,1885,1473
4456.246210817031,4456.121210817031,4456.371210817031,2143,1572,1858
4455.119450789238,4454.869450789238,4455.369450789238,1381,2208,1795
4457.1001608359475,4456.8501608359475,4457.3501608359475,431,1202,817
4457.45732911298,4457.33232911298,4457.58232911298,1470,1563,1517
4458.122327271536,4457.872327271536,4458.372327271536,1332,539,936
4459.2165967874,4458.9665967874,4459.4665967874,1203,2750,1977
4462.379507722763,4462.254507722763,4462.504507722763,984,625,805
4461.840925874434,4461.590925874434,4462.090925874434,1490,1853,1672
4461.307495213903,4461.182495213903,4461.432495213903,2388,1355,1872
4460.011409590088,4459.761409590088,4460.261409590088,1189,1418,1304
4463.41129073562,4463.28629073562,4463.53629073562,2406,1367,1887
4462.650226277011,4462.400226277011,4462.900226277011,1235,1264,1250
4458.258987728694,4458.133987728694,4458.383987728694,1187,1628,1408
4460.326116984163,4459.951116984163,4460.701116984163,1539,686,1113
4459.910637962159,4459.785637962159,4460.035637962159,1543,748,1146
4458.110199108832,4457.860199108832,4458.360199108832,812,1395,1104
4453.63059203621,4453.50559203621,4453.75559203621,2107,1646,1877
4454.777926648514,4454.652926648514,4454.902926648514,2099,844,1472
4455.128648856742,4455.003648856742,4455.253648856742,982,1181,1082
4457.194089058503,4457.069089058503,4457.319089058503,722,1741,1232
4458.058318486159,4457.933318486159,4458.183318486159,1329,624,977
4459.494731091813,4459.244731091813,4459.744731091813,1537,2170,1854
4463.166143321625,4463.041143321625,4463.291143321625,1940,1047,1494
4465.276776002207,4465.151776002207,4465.401776002207,1354,1917,1636
4464.391367652438,4464.266367652438,4464.516367652438,919,1520,1220
4463.26577435588,4463.14077435588,4463.39077435588,751,1092,922
4467.1009305960715,4466.9759305960715,4467.2259305960715,1337,2536,1937
4467.0124415190985,4466.8874415190985,4467.1374415190985,1700,1405,1553
4469.301695124509,4469.176695124509,4469.426695124509,932,2013,1473
4469.670600745763,4469.545600745763,4469.795600745763,2233,834,1534
4469.957292119802,4469.707292119802,4470.207292119802,1950,793,1372
4470.27830862671,4470.02830862671,4470.52830862671,1778,1853,1816
4469.871284590252,4469.746284590252,4469.996284590252,1193,2462,1828
4467.4631078396105,4467.3381078396105,4467.5881078396105,1244,2255,1750
4464.342471999884,4464.217471999884,4464.467471999884,2078,883,1481
4463.260497790638,4463.135497790638,4463.385497790638,1635,884,1260
4463.729597695836,4463.604597695836,4463.854597695836,906,697,802
4465.38056293766,4465.25556293766,4465.50556293766,1672,893,1283
4461.495261430516,4461.245261430516,4461.745261430516,748,875,812
4463.37477096755,4463.24977096755,4463.49977096755,1304,1041,1173
4465.749421258559,4465.499421258559,4465.999421258559,915,1856,1386
4466.630111072635,4466.380111072635,4466.880111072635,1597,2078,1838
4465.78985429023,4465.66485429023,4465.91485429023,1192,1711,1452
4465.721027231328,4465.471027231328,4465.971027231328,1683,1644,1664
4465.446441827567,4465.321441827567,4465.571441827567,1653,1150,1402
4467.462930922454,4467.337930922454,4467.587930922454,1187,1896,1542
4466.859278274369,4466.734278274369,4466.984278274369,1748,757,1253
4467.980602764899,4467.855602764899,4468.105602764899,2119,1794,1957
4465.1567916444765,4465.0317916444765,4465.2817916444765,1691,1274,1483
4465.968989577995,4465.843989577995,4466.093989577995,2072,1715,1894
4465.284221717778,4465.159221717778,4465.409221717778,1588,1423,1506
4463.574926612129,4463.449926612129,4463.699926612129,1351,1058,1205
4464.301066108839,4464.176066108839,4464.426066108839,2018,1965,1992
4462.838676001244,4462.713676001244,4462.963676001244,847,1240,1044
4460.561760467065,4460.436760467065,4460.686760467065,1536,1879,1708
4457.9288717456175,4457.8038717456175,4458.0538717456175,2476,1075,1776
4463.437408855588,4463.312408855588,4463.562408855588,907,802,855
4463.188138451801,4463.063138451801,4463.313138451801,1147,1210,1179
4461.902490849323,4461.777490849323,4462.027490849323,962,823,893
4461.858972846526,4461.733972846526,4461.983972846526,1156,965,1061
4460.023612199531,4459.773612199531,4460.273612199531,675,990,833
4461.302325395187,4461.177325395187,4461.427325395187,868,1957,1413
4465.318156411682,4465.193156411682,4465.443156411682,1063,1330,1197
4465.363361472602,4465.113361472602,4465.613361472602,1442,2033,1738
4463.865410267501,4463.615410267501,4464.115410267501,1127,702,915
4463.942109035694,4463.817109035694,4464.067109035694,535,1186,861
4461.024014899181,4460.899014899181,4461.149014899181,1281,648,965
4462.914419405044,4462.539419405044,4463.289419405044,1420,503,962
4465.311714057763,4465.061714057763,4465.561714057763,827,972,900
4464.391074546763,4464.141074546763,4464.641074546763,948,2833,1891
4465.683005745334,4465.558005745334,4465.808005745334,715,926,821
4464.051652688649,4463.926652688649,4464.176652688649,1269,2118,1694
4461.057264681738,4460.932264681738,4461.182264681738,783,1058,921
4456.402251010026,4456.027251010026,4456.777251010026,2315,814,1565
4454.611755749662,4454.361755749662,4454.861755749662,1094,1415,1255
4454.048909591932,4453.798909591932,4454.298909591932,2062,1559,1811
4452.805477416688,4452.680477416688,4452.930477416688,1156,2271,1714
4454.612900270986,4454.362900270986,4454.862900270986,795,1512,1154
4455.8810136045695,4455.6310136045695,4456.1310136045695,1031,1248,1140
4452.4736721405225,4452.2236721405225,4452.7236721405225,966,887,927
4448.622439876539,4448.497439876539,4448.747439876539,1598,1689,1644
4445.30872968327,4444.93372968327,4445.68372968327,981,2534,1758
4441.941827033414,4441.816827033414,4442.066827033414,1055,956,1006
4440.8821458232505,4440.6321458232505,4441.1321458232505,2268,1459,1864
4441.776075657793,4441.526075657793,4442.026075657793,2057,1350,1704
4440.657513570783,4440.532513570783,4440.782513570783,1951,702,1327
4441.411988264513,4441.161988264513,4441.661988264513,1860,1081,1471
4440.05439376981,4439.80439376981,4440.30439376981,884,869,877
4439.7075535030535,4439.5825535030535,4439.8325535030535,1729,1106,1418
4438.8076766615695,4438.6826766615695,4438.9326766615695,708,965,837
4444.6476319701715,4444.5226319701715,4444.7726319701715,825,1784,1305
4444.916139814032,4444.791139814032,4445.041139814032,657,1710,1184
4443.703101050298,4443.453101050298,4443.953101050298,1945,1642,1794
4440.8772468124325,4440.6272468124325,4441.1272468124325,787,1586,1187
4442.134663053519,4442.009663053519,4442.259663053519,1295,1626,1461
4442.684516393155,4442.434516393155,4442.934516393155,581,1074,828
4443.233125252682,4443.108125252682,4443.358125252682,1046,1577,1312
4441.642569284799,4441.517569284799,4441.767569284799,1601,1990,1796
4441.805200539894,4441.680200539894,4441.930200539894,1124,1539,1332
4440.376087148015,4440.251087148015,4440.501087148015,1912,1691,1802
4439.0005532526075,4438.6255532526075,4439.3755532526075,2178,1169,1674
4437.612118623453,4437.487118623453,4437.737118623453,1676,1043,1360
4440.816550116358,4440.691550116358,4440.941550116358,2773,1182,1978
4439.2642678662705,4439.1392678662705,4439.3892678662705,864,1061,963
4437.9469095842305,4437.8219095842305,4438.0719095842305,647,1130,889
4440.096825107598,4439.971825107598,4440.221825107598,1008,1685,1347
4440.179524761242,4439.929524761242,4440.429524761242,572,1399,986
4438.603507884655,4438.228507884655,4438.978507884655,648,1335,992
4440.976807112589,4440.726807112589,4441.226807112589,1326,925,1126
4442.697601397106,4442.572601397106,4442.822601397106,1002,1813,1408
4442.323216402309,4442.073216402309,4442.573216402309,1353,800,1077
4443.470112229474,4443.095112229474,4443.845112229474,1512,1561,1537
4441.389877013143,4441.139877013143,4441.639877013143,1491,1570,1531
4441.365588449828,4440.990588449828,4441.740588449828,725,1058,892
4444.931331775367,4444.806331775367,4445.056331775367,785,2250,1518
4445.193814891175,4444.943814891175,4445.443814891175,1894,1411,1653
4444.730854476747,4444.480854476747,4444.980854476747,904,1015,960
4445.801941142262,4445.426941142262,4446.176941142262,2277,770,1524
4443.579015783993,4443.454015783993,4443.704015783993,1125,1158,1142
4446.888705011753,4446.763705011753,4447.013705011753,1141,848,995
4448.205529993975,4448.080529993975,4448.330529993975,1157,598,878
4447.5744007702615,4447.3244007702615,4447.8244007702615,978,1155,1067
4448.201742656767,4447.951742656767,4448.451742656767,701,1766,1234
4444.730485779786,4444.605485779786,4444.855485779786,1173,1614,1394
4446.719109719428,4446.594109719428,4446.844109719428,1772,1565,1669
4448.281894317244,4448.031894317244,4448.531894317244,986,1693,1340
4447.649784398825,4447.524784398825,4447.774784398825,1961,1234,1598
4446.155095337478,4446.030095337478,4446.280095337478,2427,1108,1768
4446.604978433883,4446.354978433883,4446.854978433883,1002,2033,1518
4449.940917995379,4449.815917995379,4450.065917995379,1149,1632,1391
4449.832578518731,4449.582578518731,4450.082578518731,704,1897,1301
4451.386362932349,4451.136362932349,4451.636362932349,1530,1877,1704
4450.633157997891,4450.508157997891,4450.758157997891,594,1475,1035
4448.974850506089,4448.724850506089,4449.224850506089,762,2177,1470
4447.50657565548,4447.13157565548,4447.88157565548,1980,1161,1571
4446.692559518797,4446.567559518797,4446.817559518797,1679,1164,1422
4447.447870243154,4447.322870243154,4447.572870243154,1681,986,1334
4453.263805078062,4453.138805078062,4453.388805078062,1151,522,837
4450.742551396479,4450.492551396479,4450.992551396479,914,2087,1501
4450.39178854288,4450.26678854288,4450.51678854288,1367,642,1005
4448.4269377562205,4448.1769377562205,4448.6769377562205,808,911,860
4449.03918240645,4448.91418240645,4449.16418240645,470,1175,823
4445.8465072826075,4445.7215072826075,4445.9715072826075,853,1418,1136
4445.774785999536,4445.649785999536,4445.899785999536,1120,1933,1527
4447.88255641167,4447.63255641167,4448.13255641167,1710,1519,1615
4448.875994139546,4448.750994139546,4449.000994139546,1491,2156,1824
4450.267697021998,4450.142697021998,4450.392697021998,681,1768,1225
4449.173557824079,4448.923557824079,4449.423557824079,2024,1883,1954
4448.902535082817,4448.777535082817,4449.027535082817,661,986,824
4444.135846130186,4444.010846130186,4444.260846130186,2275,1408,1842
4446.255102533193,4446.130102533193,4446.380102533193,2590,1089,1840
4445.720544836463,4445.595544836463,4445.845544836463,2100,1391,1746
4447.48544741957,4447.23544741957,4447.73544741957,1488,1189,1339
4449.255852994256,4449.130852994256,4449.380852994256,1381,1298,1340
4451.02186600348,4450.89686600348,4451.14686600348,1427,1244,1336
4451.534589172266,4451.409589172266,4451.659589172266,1228,483,856
4452.317617263883,4452.067617263883,4452.567617263883,2587,1122,1855
4447.365365047451,4447.240365047451,4447.490365047451,615,1166,891
4450.369680514107,4450.244680514107,4450.494680514107,971,2002,1487
4447.159984249873,4446.784984249873,4447.534984249873,989,632,811
4445.8593973942425,4445.4843973942425,4446.2343973942425,1192,1925,1559
4449.635790978729,4449.510790978729,4449.760790978729,1096,505,801
4447.167978099546,4446.917978099546,4447.417978099546,1820,1749,1785
4447.254524604008,4447.129524604008,4447.379524604008,1129,1010,1070
4448.124409272597,4447.999409272597,4448.249409272597,1017,796,907
4451.613885565672,4451.363885565672,4451.863885565672,894,2505,1700
4448.655464521516,4448.530464521516,4448.780464521516,1021,1570,1296
4449.129739265431,4449.004739265431,4449.254739265431,805,1416,1111
4452.300320062546,4452.175320062546,4452.425320062546,2755,1028,1892
4457.016956124346,4456.891956124346,4457.141956124346,974,641,808
4457.596071245738,4457.471071245738,4457.721071245738,1353,1110,1232
4458.484214600089,4458.359214600089,4458.609214600089,1203,2282,1743
4461.414160541004,4461.164160541004,4461.664160541004,1555,2058,1807
4462.3403655912925,4462.2153655912925,4462.4653655912925,1209,1706,1458
4461.188459253631,4460.938459253631,4461.438459253631,1779,1358,1569
4463.570853479478,4463.445853479478,4463.695853479478,969,2102,1536
4463.805389070486,4463.680389070486,4463.930389070486,1561,1092,1327
4457.329396372738,4457.204396372738,4457.454396372738,830,2397,1614
4456.907578985893,4456.782578985893,4457.032578985893,2468,1271,1870
4454.3104957551495,4454.1854957551495,4454.4354957551495,1579,1024,1302
4449.6106680407,4449.4856680407,4449.7356680407,1148,2467,1808
4451.623605941058,4451.248605941058,4451.998605941058,873,2294,1584
4452.154365377609,4451.904365377609,4452.404365377609,1600,1401,1501
4454.228943257541,4454.103943257541,4454.353943257541,1884,1797,1841
4454.1986066916215,4454.0736066916215,4454.3236066916215,482,1343,913
4455.3356091624555,4455.0856091624555,4455.5856091624555,1369,638,1004
4452.401052899817,4452.276052899817,4452.526052899817,879,1218,1049
4451.4904986640995,4451.3654986640995,4451.6154986640995,1060,2333,1697
4452.113628533647,4451.863628533647,4452.363628533647,676,1077,877
4452.067197299297,4451.942197299297,4452.192197299297,911,738,825
4453.887419499525,4453.762419499525,4454.012419499525,1635,950,1293
4454.314099344985,4454.189099344985,4454.439099344985,1458,2167,1813
4454.385838770112,4454.260838770112,4454.510838770112,1665,950,1308
4459.575676676178,4459.450676676178,4459.700676676178,2266,1583,1925
4462.19680326747,4462.07180326747,4462.32180326747,1251,1340,1296
4464.616742385804,4464.366742385804,4464.866742385804,924,1265,1095
4465.795254042342,4465.670254042342,4465.920254042342,2115,1446,1781
4468.20867301948,4468.08367301948,4468.33367301948,2071,1046,1559
4466.214261118675,4466.089261118675,4466.339261118675,1363,992,1178
4460.545553033192,4460.420553033192,4460.670553033192,1223,1820,1522
4461.18239163441,4460.93239163441,4461.43239163441,1303,2362,1833
4463.866571664666,4463.616571664666,4464.116571664666,1271,1054,1163
4469.291443449068,4469.041443449068,4469.541443449068,1824,943,1384
4470.695017675961,4470.570017675961,4470.820017675961,2036,1871,1954
4472.445743580539,4472.320743580539,4472.570743580539,1725,1682,1704
4475.072236823796,4474.947236823796,4475.197236823796,511,1350,931
4474.951535427743,4474.701535427743,4475.201535427743,2230,1405,1818
4473.104187614759,4472.979187614759,4473.229187614759,1454,2295,1875
4473.805839075819,4473.680839075819,4473.930839075819,2088,1415,1752
4472.073144045133,4471.948144045133,4472.198144045133,1265,2702,1984
4475.836243973359,4475.711243973359,4475.961243973359,1102,1155,1129
4470.8727325894715,4470.4977325894715,4471.2477325894715,1064,2421,1743
4471.684310619074,4471.559310619074,4471.809310619074,1070,1377,1224
4472.902307848296,4472.777307848296,4473.027307848296,2226,1583,1905
4478.564504275994,4478.439504275994,4478.689504275994,2251,1326,1789
4477.849047921424,4477.724047921424,4477.974047921424,1950,911,1431
4476.84802349435,4476.59802349435,4477.09802349435,1289,754,1022
4480.007359961718,4479.882359961718,4480.132359961718,576,1339,958
4484.901805326386,4484.651805326386,4485.151805326386,1272,703,988
4483.009125733688,4482.884125733688,4483.134125733688,1873,1414,1644
4485.929459233605,4485.804459233605,4486.054459233605,893,2126,1510
4487.612857671845,4487.362857671845,4487.862857671845,916,2043,1480
4483.675423173722,4483.300423173722,4484.050423173722,2215,1628,1922
4480.08765587256,4479.96265587256,4480.21265587256,2134,729,1432
4480.272378778491,4480.147378778491,4480.397378778491,2115,1234,1675
4478.722241896686,4478.472241896686,4478.972241896686,972,2851,1912
4478.638265796646,4478.513265796646,4478.763265796646,1375,606,991
4478.257914606325,4478.007914606325,4478.507914606325,726,1445,1086
4476.65746451812,4476.28246451812,4477.03246451812,663,1226,945
4473.244957624937,4472.994957624937,4473.494957624937,1439,1434,1437
4471.869358980145,4471.494358980145,4472.244358980145,1481,1908,1695
4467.035552347841,4466.785552347841,4467.285552347841,1209,774,992
4465.6431478296,4465.5181478296,4465.7681478296,607,1034,821
4467.757146894505,4467.507146894505,4468.007146894505,737,2070,1404
4466.699099237935,4466.574099237935,4466.824099237935,2216,933,1575
4466.10151812434,4465.97651812434,4466.22651812434,1428,687,1058
4465.669807229835,4465.544807229835,4465.794807229835,797,1262,1030
4468.904336416302,4468.779336416302,4469.029336416302,1727,1486,1607
4467.304258561281,4467.179258561281,4467.429258561281,2528,1107,1818
4469.644782054216,4469.394782054216,4469.894782054216,1614,2139,1877
4466.108018937129,4465.983018937129,4466.233018937129,1109,1006,1058
4463.6970066187405,4463.4470066187405,4463.9470066187405,1406,859,1133
4463.674493509467,4463.424493509467,4463.924493509467,1575,2146,1861
4467.991129503349,4467.741129503349,4468.241129503349,809,1402,1106
4471.913303684123,4471.663303684123,4472.163303684123,1436,1337,1387
4466.93365508251,4466.68365508251,4467.18365508251,1113,606,860
4466.728494822495,4466.478494822495,4466.978494822495,527,1074,801
4466.9721447145275,4466.8471447145275,4467.0971447145275,1889,936,1413
4465.82566564682,4465.70066564682,4465.95066564682,1226,2385,1806
4460.157073388693,4460.032073388693,4460.282073388693,1371,902,1137
4461.811827320756,4461.686827320756,4461.936827320756,1340,2139,1740
4466.880075574969,4466.755075574969,4467.005075574969,560,1295,928
4468.457437379415,4468.207437379415,4468.707437379415,1502,835,1169
4469.124942265836,4468.749942265836,4469.499942265836,553,1078,816
4472.697381725464,4472.322381725464,4473.072381725464,1630,1553,1592
4468.864520033938,4468.739520033938,4468.989520033938,1676,1199,1438
4466.299447611738,4466.174447611738,4466.424447611738,1434,743,1089
4468.551627499788,4468.301627499788,4468.801627499788,2037,1926,1982
4469.872248902242,4469.747248902242,4469.997248902242,2493,1474,1984
4472.238893632902,4472.113893632902,4472.363893632902,1930,1489,1710
4472.918641971423,4472.793641971423,4473.043641971423,1067,1314,1191
4473.569420293306,4473.444420293306,4473.694420293306,1792,1601,1697
4470.681483642002,4470.306483642002,4471.056483642002,2091,1104,1598
4472.599390978983,4472.474390978983,4472.724390978983,1906,1389,1648
4478.918795992191,4478.793795992191,4479.043795992191,987,970,979
4482.5271842046695,4482.4021842046695,4482.6521842046695,2180,855,1518
4482.594324416511,4482.469324416511,4482.719324416511,828,2347,1588
4487.457857335136,4487.207857335136,4487.707857335136,1097,1628,1363
4494.324347896924,4493.949347896924,4494.699347896924,569,1208,889
4494.013153968552,4493.888153968552,4494.138153968552,1813,732,1273
4492.063340680082,4491.813340680082,4492.313340680082,692,1587,1140
4494.781042949459,4494.656042949459,4494.906042949459,1379,1148,1264
4489.544436286591,4489.294436286591,4489.794436286591,1452,829,1141
4490.4905567742935,4490.3655567742935,4490.6155567742935,1318,1097,1208
4488.842560481951,4488.467560481951,4489.217560481951,1452,1561,1507
4491.832161630791,4491.707161630791,4491.957161630791,2434,1175,1805
4494.017684990634,4493.892684990634,4494.142684990634,1648,759,1204
4495.120499302992,4494.870499302992,4495.370499302992,1323,1218,1271
4493.934177719687,4493.559177719687,4494.309177719687,892,1673,1283
4496.808969753616,4496.433969753616,4497.183969753616,684,2001,1343
4499.345597871592,4499.220597871592,4499.470597871592,851,2138,1495
4499.34090725978,4499.21590725978,4499.46590725978,2309,1084,1697
4503.228663426325,4502.978663426325,4503.478663426325,1595,2192,1894
4502.1941141453435,4501.9441141453435,4502.4441141453435,1120,791,956
4505.345656037508,4505.095656037508,4505.595656037508,1199,1088,1144
4502.06639360411,4501.81639360411,4502.31639360411,2479,1316,1898
4503.441327105511,4503.191327105511,4503.691327105511,984,1535,1260
4498.881353277284,4498.756353277284,4499.006353277284,906,2019,1463
4503.742060079895,4503.617060079895,4503.867060079895,2282,841,1562
4511.207948273483,4511.082948273483,4511.332948273483,1354,805,1080
4508.03129562852,4507.90629562852,4508.15629562852,906,921,914
4506.6558887819265,4506.5308887819265,4506.7808887819265,1502,741,1122
4510.610056087723,4510.485056087723,4510.735056087723,1467,2074,1771
4502.791801486256,4502.541801486256,4503.041801486256,1058,2799,1929
4501.0050952234205,4500.7550952234205,4501.2550952234205,1237,2176,1707
4494.933361288126,4494.808361288126,4495.058361288126,2128,757,1443
4495.9396980053325,4495.8146980053325,4496.0646980053325,1381,872,1127
4497.539163586608,4497.414163586608,4497.664163586608,1329,1776,1553
4501.548588062491,4501.173588062491,4501.923588062491,2507,1486,1997
4500.291979294363,4500.041979294363,4500.541979294363,521,1452,987
4497.2630434716575,4497.1380434716575,4497.3880434716575,794,1323,1059
4492.3327958258815,4492.2077958258815,4492.4577958258815,2257,1504,1881
4487.942726250839,4487.567726250839,4488.317726250839,1147,718,933
4491.165845703624,4491.040845703624,4491.290845703624,1099,742,921
4488.532493574986,4488.407493574986,4488.657493574986,2059,832,1446
4488.483056754494,4488.358056754494,4488.608056754494,1816,745,1281
4488.2199995652345,4487.9699995652345,4488.4699995652345,1578,2185,1882
4488.793651149004,4488.543651149004,4489.043651149004,1159,1390,1275
4488.489679397473,4488.364679397473,4488.614679397473,1298,1261,1280
4488.029926739964,4487.904926739964,4488.154926739964,1532,1575,1554
4485.7207928771095,4485.4707928771095,4485.9707928771095,1444,1725,1585
4486.917564025396,4486.792564025396,4487.042564025396,1101,1774,1438
4484.814585473072,4484.689585473072,4484.939585473072,1164,1959,1562
4488.596531737704,4488.221531737704,4488.971531737704,697,1764,1231
4486.027488643784,4485.652488643784,4486.402488643784,1561,740,1151
4487.873829347014,4487.623829347014,4488.123829347014,2082,1741,1912
4488.5138006526195,4488.3888006526195,4488.6388006526195,1464,1313,1389
4486.3109155907605,4485.9359155907605,4486.6859155907605,2113,1316,1715
4487.893521808869,4487.768521808869,4488.018521808869,695,1486,1091
4488.179913831777,4488.054913831777,4488.304913831777,1041,696,869
4494.993741186567,4494.868741186567,4495.118741186567,1945,1200,1573
4496.882043955144,4496.757043955144,4497.007043955144,2134,1803,1969
4498.248596589299,4497.998596589299,4498.498596589299,1299,786,1043
4501.378164359668,4501.253164359668,4501.503164359668,972,1603,1288
4499.949563232227,4499.824563232227,4500.074563232227,872,749,811
4500.3791801789575,4500.2541801789575,4500.5041801789575,914,1333,1124
4503.084487380944,4502.709487380944,4503.459487380944,1432,2277,1855
4504.361043206291,4504.236043206291,4504.486043206291,846,2043,1445
4503.227685968309,4503.102685968309,4503.352685968309,1348,1407,1378
4505.756025681026,4505.506025681026,4506.006025681026,823,1392,1108
4502.796808370438,4502.671808370438,4502.921808370438,1807,1346,1577
4498.9575664242375,4498.8325664242375,4499.0825664242375,1326,1085,1206
4497.509670609555,4497.134670609555,4497.884670609555,1274,589,932
4496.6085839362595,4496.4835839362595,4496.7335839362595,2620,885,1753
4499.116918112348,4498.866918112348,4499.366918112348,991,970,981
4506.150102536813,4505.775102536813,4506.525102536813,1246,883,1065
4504.1619376263925,4504.0369376263925,4504.2869376263925,1946,1377,1662
4505.897015914114,4505.772015914114,4506.022015914114,1351,530,941
4509.280449303577,4509.155449303577,4509.405449303577,938,907,923
4508.041920405257,4507.791920405257,4508.291920405257,1930,1707,1819
4514.0112162339,4513.6362162339,4514.3862162339,981,1878,1430
4510.0224898604365,4509.6474898604365,4510.3974898604365,2212,1261,1737
4509.210549050429,4509.085549050429,4509.335549050429,2356,1429,1893
4514.409955022896,4514.159955022896,4514.659955022896,1511,774,1143
4516.3237130350835,4516.1987130350835,4516.4487130350835,1240,459,850
4524.4778389901785,4524.1028389901785,4524.8528389901785,1362,1845,1604
4526.911269205527,4526.786269205527,4527.036269205527,1298,969,1134
4528.547097451425,4528.422097451425,4528.672097451425,856,941,899
4531.967239042472,4531.592239042472,4532.342239042472,1215,692,954
4536.945947855311,4536.570947855311,4537.320947855311,537,1494,1016
4537.510893294643,4537.385893294643,4537.635893294643,2129,1118,1624
4542.289251298644,4542.164251298644,4542.414251298644,2141,920,1531
4545.771533961649,4545.646533961649,4545.896533961649,942,739,841
4541.290748150232,4541.040748150232,4541.540748150232,1057,544,801
4537.5090575382355,4537.3840575382355,4537.6340575382355,696,1315,1006
4533.724005643125,4533.599005643125,4533.849005643125,1163,1936,1550
4533.592324484778,4533.217324484778,4533.967324484778,2349,1394,1872
4531.530815077735,4531.280815077735,4531.780815077735,1358,1955,1657
4526.76600813281,4526.51600813281,4527.01600813281,755,1290,1023
4527.176632594269,4527.051632594269,4527.301632594269,952,1365,1159
4529.180637699492,4528.930637699492,4529.430637699492,1122,2513,1818
4529.775086255877,4529.650086255877,4529.900086255877,2091,1202,1647
4526.342400400474,4526.092400400474,4526.592400400474,2108,1079,1594
4522.34429271525,4522.21929271525,4522.46929271525,1801,1880,1841
4517.690085689331,4517.565085689331,4517.815085689331,1564,679,1122
4517.829862555134,4517.704862555134,4517.954862555134,2907,1038,1973
4520.542275419546,4520.417275419546,4520.667275419546,1172,1443,1308
4523.818785305434,4523.443785305434,4524.193785305434,853,1266,1060
4529.798069302349,4529.423069302349,4530.173069302349,1530,1143,1337
4526.2930107358125,4525.9180107358125,4526.6680107358125,1213,550,882
4526.272853865317,4526.147853865317,4526.397853865317,2518,1167,1843
4523.954631016737,4523.579631016737,4524.329631016737,940,1377,1159
4523.126006570475,4523.001006570475,4523.251006570475,1674,1671,1673
4522.132896064852,4522.007896064852,4522.257896064852,1889,730,1310
4524.847686137719,4524.722686137719,4524.972686137719,1411,762,1087
4518.721338041059,4518.346338041059,4519.096338041059,2554,1219,1887
4516.2743812541175,4516.1493812541175,4516.3993812541175,1119,1820,1470
4517.368208697706,4517.243208697706,4517.493208697706,1703,1674,1689
4521.204119340788,4521.079119340788,4521.329119340788,1481,2320,1901
4523.877004240318,4523.627004240318,4524.127004240318,1482,593,1038
4523.342384947137,4523.092384947137,4523.592384947137,754,1573,1164
4523.729262016483,4523.604262016483,4523.854262016483,1658,1067,1363
4527.060753458152,4526.935753458152,4527.185753458152,1321,1858,1590
4528.492845420167,4528.367845420167,4528.617845420167,947,844,896
4530.166926528111,4529.791926528111,4530.541926528111,1445,2064,1755
4532.285433999867,4532.160433999867,4532.410433999867,874,1357,1116
4532.653889077147,4532.403889077147,4532.903889077147,1377,1960,1669
4533.852371745556,4533.727371745556,4533.977371745556,945,1246,1096
4535.594978700216,4535.344978700216,4535.844978700216,1224,521,873
4534.72936047629,4534.60436047629,4534.85436047629,1478,1843,1661
4533.472742423686,4533.222742423686,4533.722742423686,2826,1089,1958
4531.169457395946,4530.919457395946,4531.419457395946,2060,1015,1538
4533.797409867111,4533.672409867111,4533.922409867111,1328,2203,1766
4531.961804265052,4531.836804265052,4532.086804265052,2247,826,1537
4534.444843998004,4534.319843998004,4534.569843998004,1682,587,1135
4534.85590007614,4534.73090007614,4534.98090007614,784,933,859
4532.975785133335,4532.725785133335,4533.225785133335,612,1787,1200
4528.422133049506,4528.297133049506,4528.547133049506,964,1425,1195
4529.970689374251,4529.845689374251,4530.095689374251,1308,501,905
4527.9462424758985,4527.8212424758985,4528.0712424758985,1721,714,1218
4530.558903917387,4530.433903917387,4530.683903917387,1240,2111,1676
4530.786807252714,4530.661807252714,4530.911807252714,831,1360,1096
4528.39004676479,4528.14004676479,4528.64004676479,511,1484,998
4530.047567367529,4529.922567367529,4530.172567367529,681,1608,1145
4530.746525817982,4530.496525817982,4530.996525817982,1222,951,1087
4535.57061570732,4535.44561570732,4535.69561570732,886,2119,1503
4537.637658001915,4537.387658001915,4537.887658001915,780,1731,1256
4538.252768667478,4538.127768667478,4538.377768667478,962,2383,1673
4541.396542153734,4541.021542153734,4541.771542153734,2211,1052,1632
4543.322104997059,4543.197104997059,4543.447104997059,2518,977,1748
4543.625468109891,4543.375468109891,4543.875468109891,1599,704,1152
4543.064301407534,4542.814301407534,4543.314301407534,559,1436,998
4544.709348903883,4544.584348903883,4544.834348903883,1401,1790,1596
4546.661487206933,4546.411487206933,4546.911487206933,1951,1138,1545
4545.737783600725,4545.487783600725,4545.987783600725,1393,2578,1986
4548.01941432411,4547.76941432411,4548.26941432411,486,1261,874
4547.750445608048,4547.625445608048,4547.875445608048,1155,866,1011
4547.747705154386,4547.372705154386,4548.122705154386,1465,1858,1662
4544.596151126432,4544.471151126432,4544.721151126432,1191,1530,1361
4547.578138336748,4547.328138336748,4547.828138336748,2147,882,1515
4547.249321259989,4546.999321259989,4547.499321259989,1906,1451,1679
4547.537754316942,4547.412754316942,4547.662754316942,1228,2169,1699
4543.860104454271,4543.735104454271,4543.985104454271,1322,1399,1361
4542.825427459003,4542.575427459003,4543.075427459003,923,910,917
4543.520087601853,4543.395087601853,4543.645087601853,1478,1757,1618
4545.517720730949,4545.392720730949,4545.642720730949,1166,1103,1135
4543.613362513912,4543.488362513912,4543.738362513912,2303,1542,1923
4541.167226250686,4541.042226250686,4541.292226250686,2774,1187,1981
4542.632780088302,4542.507780088302,4542.757780088302,1901,1964,1933
4540.7688690166915,4540.6438690166915,4540.8938690166915,1015,1438,1227
4542.004938485843,4541.879938485843,4542.129938485843,910,2523,1717
4539.158698293652,4539.033698293652,4539.283698293652,1215,684,950
4538.813125242884,4538.688125242884,4538.938125242884,1543,2284,1914
4542.337953797959,4542.087953797959,4542.587953797959,1249,1816,1533
4542.257639705432,4542.132639705432,4542.382639705432,1195,1008,1102
4542.816952961792,4542.691952961792,4542.941952961792,2604,1183,1894
4546.590999620245,4546.465999620245,4546.715999620245,1031,1430,1231
4548.358102317357,4548.233102317357,4548.483102317357,716,1105,911
4547.232598906733,4546.857598906733,4547.607598906733,1049,1288,1169
4546.925256539515,4546.675256539515,4547.175256539515,1661,1388,1525
4542.424522440658,4542.299522440658,4542.549522440658,1691,1810,1751
4539.050994937714,4538.925994937714,4539.175994937714,1093,2180,1637
4542.69102736023,4542.44102736023,4542.94102736023,2871,1126,1999
4538.846859411133,4538.596859411133,4539.096859411133,1077,1054,1066
4535.321309483423,4535.196309483423,4535.446309483423,937,774,856
4538.95429214551,4538.57929214551,4539.32929214551,667,1088,878
4540.657558613568,4540.282558613568,4541.032558613568,1328,1899,1614
4536.793897241429,4536.668897241429,4536.918897241429,2685,1090,1888
4540.057774714712,4539.932774714712,4540.182774714712,1081,1958,1520
4543.257319979477,4542.882319979477,4543.632319979477,1412,1397,1405
4544.258194396154,4544.133194396154,4544.383194396154,503,1354,929
4542.739745215719,4542.614745215719,4542.864745215719,568,1359,964
4541.754658135139,4541.629658135139,4541.879658135139,1679,1208,1444
4538.53540042861,4538.41040042861,4538.66040042861,1680,2135,1908
4536.919487999334,4536.794487999334,4537.044487999334,766,1357,1062
4541.988937617357,4541.613937617357,4542.363937617357,917,1136,1027
4539.008351009364,4538.758351009364,4539.258351009364,1182,1777,1480
4539.416626047939,4539.041626047939,4539.791626047939,2159,1428,1794
4537.169220632812,4537.044220632812,4537.294220632812,612,1345,979
4534.329137114445,4534.204137114445,4534.454137114445,2082,959,1521
4536.834058766494,4536.584058766494,4537.084058766494,1702,1265,1484
4537.021578149693,4536.896578149693,4537.146578149693,1552,1627,1590
4538.50543309698,4538.25543309698,4538.75543309698,1239,2022,1631
4539.736577688412,4539.611577688412,4539.861577688412,1509,2314,1912
4534.841739326593,4534.716739326593,4534.966739326593,1525,794,1160
4536.074685058285,4535.824685058285,4536.324685058285,1032,1373,1203
4535.690124400124,4535.440124400124,4535.940124400124,1350,2399,1875
4539.260286274668,4539.135286274668,4539.385286274668,1583,2196,1890
4538.911829954533,4538.786829954533,4539.036829954533,1850,1971,1911
4538.45015119394,4538.32515119394,4538.57515119394,1172,529,851
4541.70876983211,4541.58376983211,4541.83376983211,1188,2545,1867
4540.38687099899,4540.13687099899,4540.63687099899,2289,810,1550
4538.562561088411,4538.437561088411,4538.687561088411,1019,782,901
4537.783520347663,4537.533520347663,4538.033520347663,1389,472,931
4538.8375342097615,4538.7125342097615,4538.9625342097615,1811,944,1378
4540.844423937283,4540.719423937283,4540.969423937283,747,2116,1432
4540.053965506129,4539.928965506129,4540.178965506129,1482,843,1163
4542.026379991005,4541.901379991005,4542.151379991005,1272,1587,1430
4540.870931401209,4540.745931401209,4540.995931401209,2045,714,1380
4535.832596350614,4535.707596350614,4535.957596350614,1522,2301,1912
4537.974020724037,4537.849020724037,4538.099020724037,742,1097,920
4539.59803791513,4539.47303791513,4539.72303791513,1885,1274,1580
4543.056614657312,4542.931614657312,4543.181614657312,1256,679,968
4542.725215379786,4542.475215379786,4542.975215379786,1245,436,841
4540.103366781978,4539.853366781978,4540.353366781978,861,1438,1150
4541.150413353017,4540.900413353017,4541.400413353017,2478,1199,1839
4538.873034784776,4538.498034784776,4539.248034784776,855,1430,1143
4540.598277619666,4540.473277619666,4540.723277619666,1879,1140,1510
4540.714775210276,4540.589775210276,4540.839775210276,1008,2905,1957
4543.245849642569,4543.120849642569,4543.370849642569,1200,1131,1166
4542.080454631411,4541.955454631411,4542.205454631411,1320,1427,1374
4543.340685564388,4543.090685564388,4543.590685564388,941,688,815
4541.406850966505,4541.281850966505,4541.531850966505,2106,1291,1699
4542.119496587936,4541.994496587936,4542.244496587936,1439,784,1112
4541.987952464878,4541.862952464878,4542.112952464878,1535,2284,1910
4543.685661996427,4543.560661996427,4543.810661996427,1635,698,1167
4542.831672072158,4542.706672072158,4542.956672072158,833,2364,1599
4545.029921969363,4544.904921969363,4545.154921969363,1015,818,917
4548.675139489034,4548.550139489034,4548.800139489034,866,2307,1587
4547.112477881094,4546.987477881094,4547.237477881094,1033,2590,1812
4549.0369036734755,4548.7869036734755,4549.2869036734755,1277,1228,1253
4548.496837362518,4548.371837362518,4548.621837362518,2020,1293,1657
4548.298966022391,4548.173966022391,4548.423966022391,1586,1843,1715
4547.247596904882,4546.997596904882,4547.497596904882,688,1959,1324
4544.917832195802,4544.792832195802,4545.042832195802,2034,1727,1881
4547.987695358811,4547.862695358811,4548.112695358811,2223,1204,1714
4546.901040561384,4546.776040561384,4547.026040561384,1122,1757,1440
4544.762905484519,4544.637905484519,4544.887905484519,668,1449,1059
4549.49253790682,4549.24253790682,4549.74253790682,2150,717,1434
4549.302230505815,4549.177230505815,4549.427230505815,1000,1625,1313
4548.934162606541,4548.684162606541,4549.184162606541,1725,1752,1739
4547.974969482936,4547.599969482936,4548.349969482936,1142,2069,1606
4552.32984887633,4552.20484887633,4552.45484887633,1430,1165,1298
4547.893955552232,4547.768955552232,4548.018955552232,1130,1883,1507
4549.304731333723,4549.179731333723,4549.429731333723,1039,632,836
4547.198440287404,4546.948440287404,4547.448440287404,1343,2168,1756
4548.938224167469,4548.813224167469,4549.063224167469,692,1079,886
4545.387683887359,4545.262683887359,4545.512683887359,2053,1806,1930
4545.1805411093055,4545.0555411093055,4545.3055411093055,1634,955,1295
4542.86864674328,4542.74364674328,4542.99364674328,1014,1775,1395
4542.151797189285,4542.026797189285,4542.276797189285,1532,2143,1838
4541.213358862936,4540.963358862936,4541.463358862936,1247,1942,1595
4542.277624653508,4542.152624653508,4542.402624653508,1148,1203,1176
4543.531031159401,4543.406031159401,4543.656031159401,1037,2580,1809
4542.169996427925,4542.044996427925,4542.294996427925,732,2131,1432
4544.135841253498,4544.010841253498,4544.260841253498,1410,833,1122
4541.3380184850275,4540.9630184850275,4541.7130184850275,2629,1036,1833
4538.688442909292,4538.438442909292,4538.938442909292,982,2721,1852
4537.366656283027,4537.116656283027,4537.616656283027,1207,516,862
4539.862249570972,4539.737249570972,4539.987249570972,695,1448,1072
4541.0979287419905,4540.8479287419905,4541.3479287419905,2479,1062,1771
4540.838285667822,4540.588285667822,4541.088285667822,833,1470,1152
4541.994606728757,4541.744606728757,4542.244606728757,1671,932,1302
4540.7170814677465,4540.5920814677465,4540.8420814677465,747,1500,1124
4542.147750270444,4542.022750270444,4542.272750270444,1325,554,940
4541.4375658654,4541.3125658654,4541.5625658654,2567,1198,1883
4541.949602465273,4541.699602465273,4542.199602465273,931,1242,1087
4542.724252467261,4542.599252467261,4542.849252467261,550,1501,1026
4543.193928264607,4542.818928264607,4543.568928264607,484,1193,839
4546.256625612738,4546.131625612738,4546.381625612738,2217,1398,1808
4549.012276053509,4548.887276053509,4549.137276053509,541,1350,946
4548.4483115212915,4548.1983115212915,4548.6983115212915,1760,1033,1397
4546.279556003582,4546.029556003582,4546.529556003582,1561,532,1047
4546.9324897334045,4546.8074897334045,4547.0574897334045,978,733,856
4547.6370470751845,4547.5120470751845,4547.7620470751845,977,2320,1649
4549.974013618607,4549.849013618607,4550.099013618607,1288,469,879
4551.052770627938,4550.927770627938,4551.177770627938,2797,1150,1974
4552.18550667303,4551.93550667303,4552.43550667303,1489,956,1223
4555.428395169563,4555.303395169563,4555.553395169563,1776,1681,1729
4557.597990493737,4557.472990493737,4557.722990493737,657,1324,991
4556.885398603372,4556.635398603372,4557.135398603372,1492,735,1114
4553.9111471276565,4553.7861471276565,4554.0361471276565,1505,1000,1253
4550.837704397112,4550.712704397112,4550.962704397112,1112,2201,1657
4549.718384321723,4549.593384321723,4549.843384321723,893,2172,1533
4546.034526203526,4545.909526203526,4546.159526203526,1454,767,1111
4547.280693042628,4547.155693042628,4547.405693042628,1440,2045,1743
4547.004320709888,4546.754320709888,4547.254320709888,1778,1017,1398
4548.477563810797,4548.227563810797,4548.727563810797,837,1970,1404
4546.421553609928,4546.296553609928,4546.546553609928,2455,1448,1952
4546.403169191407,4546.278169191407,4546.528169191407,648,1321,985
4548.518766301155,4548.393766301155,4548.643766301155,1342,1511,1427
4550.532839018363,4550.407839018363,4550.657839018363,1117,2172,1645
4548.683356772402,4548.558356772402,4548.808356772402,2774,1205,1990
4550.793345831141,4550.668345831141,4550.918345831141,613,1188,901
4553.392508848287,4553.267508848287,4553.517508848287,1746,1149,1448
4558.472712039229,4558.347712039229,4558.597712039229,1073,1418,1246
4555.671404169758,4555.546404169758,4555.796404169758,1602,1923,1763
4551.982013860118,4551.732013860118,4552.232013860118,1630,2359,1995
4553.717807154434,4553.467807154434,4553.967807154434,1065,1462,1264
4556.499919403402,4556.249919403402,4556.749919403402,563,1380,972
4553.019622142361,4552.769622142361,4553.269622142361,666,1919,1293
4554.301469810712,4554.051469810712,4554.551469810712,870,1491,1181
4556.044376519601,4555.919376519601,4556.169376519601,1845,1354,1600
4553.021122710533,4552.646122710533,4553.396122710533,1416,771,1094
4549.91561163361,4549.54061163361,4550.29061163361,747,962,855
4547.023733054716,4546.898733054716,4547.148733054716,969,1674,1322
4553.31433899592,4553.18933899592,4553.43933899592,843,1190,1017
4550.525170489429,4550.400170489429,4550.650170489429,1225,2124,1675
4553.441428674542,4553.066428674542,4553.816428674542,2095,1078,1587
4552.605502898,4552.355502898,4552.855502898,2224,865,1545
4546.87246197181,4546.74746197181,4546.99746197181,1616,971,1294
4547.371230682151,4547.246230682151,4547.496230682151,611,1044,828
4537.718454329706,4537.468454329706,4537.968454329706,796,821,809
4533.82376257587,4533.69876257587,4533.94876257587,1540,1643,1592
4531.919505746931,4531.794505746931,4532.044505746931,1260,1007,1134
4526.355949143561,4526.230949143561,4526.480949143561,1943,2026,1985
4525.5500220539525,4525.4250220539525,4525.6750220539525,1896,653,1275
4523.397257808769,4523.147257808769,4523.647257808769,1078,1907,1493
4522.560672441848,4522.435672441848,4522.685672441848,1888,651,1270
4522.584149382033,4522.334149382033,4522.834149382033,938,1175,1057
4513.6185248233705,4513.4935248233705,4513.7435248233705,1310,1535,1423
4514.353325023459,4514.228325023459,4514.478325023459,1048,1359,1204
4508.218198749091,4508.093198749091,4508.343198749091,1588,699,1144
4505.999154647211,4505.749154647211,4506.249154647211,1088,2411,1750
4505.058594356653,4504.808594356653,4505.308594356653,1786,1241,1514
4499.410262519568,4499.160262519568,4499.660262519568,1086,2527,1807
4500.433284641089,4500.308284641089,4500.558284641089,1282,1193,1238
4506.400622669456,4506.150622669456,4506.650622669456,993,1986,1490
4511.273393333778,4511.148393333778,4511.398393333778,1183,948,1066
4510.163519260086,4510.038519260086,4510.288519260086,1160,1273,1217
4506.250617710509,4506.000617710509,4506.500617710509,817,1178,998
4505.0768546220015,4504.8268546220015,4505.3268546220015,1983,776,1380
4510.214121625204,4509.964121625204,4510.464121625204,710,1335,1023
4512.062950063691,4511.937950063691,4512.187950063691,1838,653,1246
4516.5846916895,4516.4596916895,4516.7096916895,1400,609,1005
4509.208645325406,4509.083645325406,4509.333645325406,2162,1411,1787
4506.430538397812,4506.305538397812,4506.555538397812,2579,1194,1887
4500.94689051482,4500.82189051482,4501.07189051482,933,2130,1532
4501.508655446822,4501.258655446822,4501.758655446822,2405,838,1622
4492.594293304365,4492.469293304365,4492.719293304365,2301,1506,1904
4490.393586173296,4490.143586173296,4490.643586173296,2415,924,1670
4491.508313877009,4491.383313877009,4491.633313877009,1127,2700,1914
4485.523111551299,4485.273111551299,4485.773111551299,1088,1631,1360
4483.0494810640985,4482.7994810640985,4483.2994810640985,742,1891,1317
4481.032124773994,4480.782124773994,4481.282124773994,964,775,870
4481.998662801003,4481.873662801003,4482.123662801003,1024,1389,1207
4483.928708492448,4483.678708492448,4484.178708492448,739,1112,926
4480.250900762352,4480.125900762352,4480.375900762352,968,905,937
4478.354685433357,4478.229685433357,4478.479685433357,571,1358,965
4475.568697734695,4475.318697734695,4475.818697734695,1753,1900,1827
4475.794210014628,4475.669210014628,4475.919210014628,2062,1883,1973
4476.965483329318,4476.590483329318,4477.340483329318,962,1907,1435
4480.769317327625,4480.394317327625,4481.144317327625,1175,2402,1789
4479.931033695938,4479.806033695938,4480.056033695938,1134,471,803
4479.111452425689,4478.986452425689,4479.236452425689,823,2260,1542
4481.634736828199,4481.509736828199,4481.759736828199,1362,1899,1631
4488.388689124519,4488.138689124519,4488.638689124519,954,1603,1279
4484.8273110227,4484.7023110227,4484.9523110227,845,1944,1395
4485.851191453087,4485.726191453087,4485.976191453087,1285,450,868
4480.4897169701835,4480.2397169701835,4480.7397169701835,1046,761,904
4480.181881663357,4480.056881663357,4480.306881663357,2175,814,1495
4483.162986349792,4482.912986349792,4483.412986349792,1034,1319,1177
4479.422535581798,4479.297535581798,4479.547535581798,803,844,824
4476.368713595746,4476.118713595746,4476.618713595746,859,1554,1207
4473.884571374833,4473.759571374833,4474.009571374833,1074,873,974
4480.241965218033,4480.116965218033,4480.366965218033,2004,959,1482
4483.3420978825325,4483.2170978825325,4483.4670978825325,1125,656,891
4482.652033001103,4482.527033001103,4482.777033001103,904,1065,985
4481.847637899126,4481.597637899126,4482.097637899126,541,1204,873
4481.066734462063,4480.941734462063,4481.191734462063,1895,1178,1537
4477.952713227579,4477.827713227579,4478.077713227579,859,1498,1179
4477.87454771651,4477.62454771651,4478.12454771651,1465,1610,1538
4471.631085239905,4471.256085239905,4472.006085239905,1208,797,1003
4471.403956395519,4471.153956395519,4471.653956395519,1896,1417,1657
4464.843250330532,4464.468250330532,4465.218250330532,1579,890,1235
4468.196746089443,4467.821746089443,4468.571746089443,1285,430,858
4466.263955655259,4465.888955655259,4466.638955655259,1849,2066,1958
4471.411878563709,4471.286878563709,4471.536878563709,2310,1479,1895
4468.512213695339,4468.262213695339,4468.762213695339,1533,1918,1726
4468.572706179121,4468.322706179121,4468.822706179121,882,1199,1041
4466.263934834409,4466.138934834409,4466.388934834409,2486,1487,1987
4469.6518212080255,4469.5268212080255,4469.7768212080255,2605,1026,1816
4473.769150034598,4473.644150034598,4473.894150034598,528,1547,1038
4478.333660154075,4478.083660154075,4478.583660154075,1310,709,1010
4480.489429450851,4480.239429450851,4480.739429450851,1488,1831,1660
4479.124317523044,4478.999317523044,4479.249317523044,977,736,857
4474.137673815503,4473.762673815503,4474.512673815503,1126,555,841
4469.904086946471,4469.654086946471,4470.154086946471,1117,2216,1667
4472.242755291273,4471.867755291273,4472.617755291273,1626,1433,1530
4470.7514805034,4470.3764805034,4471.1264805034,1387,1914,1651
4470.413732063643,4470.288732063643,4470.538732063643,1597,1550,1574
4470.053292312061,4469.928292312061,4470.178292312061,940,1261,1101
4466.404446200498,4466.154446200498,4466.654446200498,1415,1910,1663
4471.148718132793,4471.023718132793,4471.273718132793,1153,2466,1810
4474.132529462598,4473.882529462598,4474.382529462598,2373,898,1636
4475.223072342954,4474.973072342954,4475.473072342954,1763,680,1222
4473.391951043369,4473.266951043369,4473.516951043369,1737,1042,1390
4476.905570964094,4476.655570964094,4477.155570964094,1621,1944,1783
4479.891727386969,4479.766727386969,4480.016727386969,1192,677,935
4480.737538375544,4480.612538375544,4480.862538375544,909,742,826
4477.181808683064,4477.056808683064,4477.306808683064,2167,740,1454
4476.062078552782,4475.812078552782,4476.312078552782,2108,1435,1772
4472.9523667112535,4472.8273667112535,4473.0773667112535,871,1084,978
4470.568943347642,4470.318943347642,4470.818943347642,801,1068,935
4465.995317659575,4465.870317659575,4466.120317659575,872,2591,1732
4470.634761832594,4470.259761832594,4471.009761832594,2021,1246,1634
4468.594103329573,4468.344103329573,4468.844103329573,1848,739,1294
4466.51499190212,4466.38999190212,4466.63999190212,1033,930,982
4466.013693991391,4465.763693991391,4466.263693991391,1946,1963,1955
4467.944321065524,4467.694321065524,4468.194321065524,732,1881,1307
4467.224896793627,4466.974896793627,4467.474896793627,1381,1244,1313
4467.566340722299,4467.316340722299,4467.816340722299,950,1021,986
4459.5616632469955,4459.1866632469955,4459.9366632469955,1980,1059,1520
4460.16723384883,4459.91723384883,4460.41723384883,1837,2146,1992
4465.313919869546,4465.063919869546,4465.563919869546,1306,1035,1171
4467.982226855955,4467.607226855955,4468.357226855955,537,1602,1070
4461.04516617378,4460.79516617378,4461.29516617378,1840,1873,1857
4458.473910392639,4458.348910392639,4458.598910392639,2303,1510,1907
4459.208996432494,4459.083996432494,4459.333996432494,1487,1064,1276
4463.501526792609,4463.126526792609,4463.876526792609,1449,522,986
4468.625863670339,4468.375863670339,4468.875863670339,1225,916,1071
4467.404084701524,4467.279084701524,4467.529084701524,1940,649,1295
4463.862298174069,4463.737298174069,4463.987298174069,729,1000,865
4455.903562744345,4455.778562744345,4456.028562744345,1028,2591,1810
4457.3251352421385,4457.2001352421385,4457.4501352421385,1403,652,1028
4459.008819991937,4458.883819991937,4459.133819991937,1040,1051,1046
4456.008187906574,4455.758187906574,4456.258187906574,1692,693,1193
4446.709542967558,4446.584542967558,4446.834542967558,1160,557,859
4450.52943989905,4450.40443989905,4450.65443989905,1113,1046,1080
4448.665093713304,4448.540093713304,4448.790093713304,2713,988,1851
4450.049975544688,4449.924975544688,4450.174975544688,2537,1244,1891
4451.213507282265,4450.963507282265,4451.463507282265,952,2033,1493
4452.260150458554,4452.135150458554,4452.385150458554,1386,1275,1331
4448.192819928267,4447.942819928267,4448.442819928267,2461,896,1679
4446.6416648205895,4446.5166648205895,4446.7666648205895,2122,1249,1686
4444.633458950116,4444.383458950116,4444.883458950116,531,1088,810
4442.208286547849,4442.083286547849,4442.333286547849,980,1307,1144
4443.840637997073,4443.715637997073,4443.965637997073,1515,1980,1748
4442.214924295492,4442.089924295492,4442.339924295492,481,1352,917
4437.349419832248,4437.099419832248,4437.599419832248,764,1249,1007
4434.993633136087,4434.868633136087,4435.118633136087,1000,2249,1625
4438.075802212012,4437.950802212012,4438.200802212012,1122,2631,1877
4437.675224642334,4437.425224642334,4437.925224642334,1750,1147,1449
4437.926163231538,4437.551163231538,4438.301163231538,1383,1760,1572
4431.3960602761545,4431.1460602761545,4431.6460602761545,2756,1209,1983
4430.931703464912,4430.806703464912,4431.056703464912,1158,1873,1516
4431.1981218961,4431.0731218961,4431.3231218961,610,1509,1060
4431.54683450411,4431.29683450411,4431.79683450411,2594,1031,1813
4429.576640382024,4429.451640382024,4429.701640382024,2678,1107,1893
4435.61912184749,4435.49412184749,4435.74412184749,1269,658,964
4431.089411677509,4430.714411677509,4431.464411677509,1502,589,1046
4434.4828125465065,4434.3578125465065,4434.6078125465065,1048,955,1002
4436.157883221147,4436.032883221147,4436.282883221147,1765,766,1266
4441.974534745525,4441.599534745525,4442.349534745525,1209,2172,1691
4446.086859305713,4445.711859305713,4446.461859305713,995,2898,1947
4436.822348945422,4436.697348945422,4436.947348945422,1456,1921,1689
4435.03082396536,4434.78082396536,4435.28082396536,687,1874,1281
4435.062226854145,4434.937226854145,4435.187226854145,1211,898,1055
4436.235886820327,4435.860886820327,4436.610886820327,1198,949,1074
4434.121167794926,4433.996167794926,4434.246167794926,1689,724,1207
4437.738635814348,4437.488635814348,4437.988635814348,1150,1963,1557
4441.594964972351,4441.469964972351,4441.719964972351,1921,970,1446
4437.676499513648,4437.426499513648,4437.926499513648,896,1225,1061
4440.524606464802,4440.274606464802,4440.774606464802,1022,1899,1461
4440.430833539903,4440.180833539903,4440.680833539903,1776,2145,1961
4440.806236446367,4440.556236446367,4441.056236446367,1144,1113,1129
4438.608901089866,4438.358901089866,4438.858901089866,2249,878,1564
4437.499178624314,4437.249178624314,4437.749178624314,1901,1340,1621
4436.61220294088,4436.36220294088,4436.86220294088,1319,2600,1960
4435.541624118634,4435.416624118634,4435.666624118634,1643,1938,1791
4435.117916705279,4434.992916705279,4435.242916705279,862,2245,1554
4437.630671936675,4437.380671936675,4437.880671936675,2134,747,1441
4436.120877045285,4435.870877045285,4436.370877045285,2269,1518,1894
4434.092717546363,4433.842717546363,4434.342717546363,1365,738,1052
4432.417511235495,4432.042511235495,4432.792511235495,1093,520,807
4431.931986580791,4431.681986580791,4432.181986580791,524,1477,1001
4431.160024904879,4431.035024904879,4431.285024904879,2050,1233,1642
4429.672709443557,4429.422709443557,4429.922709443557,718,1659,1189
4423.581816211629,4423.331816211629,4423.831816211629,1696,1755,1726
4420.316609895083,4420.191609895083,4420.441609895083,1501,1540,1521
4417.895528607922,4417.645528607922,4418.145528607922,1198,2419,1809
4416.3911829197195,4416.2661829197195,4416.5161829197195,1082,2825,1954
4413.001356303872,4412.876356303872,4413.126356303872,1565,826,1196
4408.929544088313,4408.679544088313,4409.179544088313,2390,1119,1755
4407.891482733848,4407.766482733848,4408.016482733848,451,1152,802
4409.293255449381,4409.168255449381,4409.418255449381,2340,993,1667
4413.623923362546,4413.248923362546,4413.998923362546,1097,816,957
4419.780065289231,4419.530065289231,4420.030065289231,849,2452,1651
