close,bid,ask,bid_volume,ask_volume,volume
4496.063027685627,4495.938027685627,4496.188027685627,755,1544,1150
4496.833384031484,4496.708384031484,4496.958384031484,1020,2183,1602
4498.937470289406,4498.812470289406,4499.062470289406,1818,1605,1712
4499.341426088275,4499.216426088275,4499.466426088275,1753,618,1186
4498.311016193205,4498.061016193205,4498.561016193205,1598,1225,1412
4499.28976654944,4499.03976654944,4499.53976654944,1232,637,935
4497.023075439469,4496.898075439469,4497.148075439469,603,1000,802
4495.8791802008245,4495.6291802008245,4496.1291802008245,948,777,863
4493.921644845375,4493.796644845375,4494.046644845375,851,2360,1606
4494.436046237118,4494.186046237118,4494.686046237118,2405,1054,1730
4497.957838648896,4497.707838648896,4498.207838648896,1160,2593,1877
4499.0756367557815,4498.8256367557815,4499.3256367557815,1331,1218,1275
4497.374193640329,4497.249193640329,4497.499193640329,510,1351,931
4499.210143240056,4499.085143240056,4499.335143240056,1026,1361,1194
4495.406402643076,4495.281402643076,4495.531402643076,616,1055,836
4497.993899357693,4497.868899357693,4498.118899357693,1238,2597,1918
4496.413600758219,4496.288600758219,4496.538600758219,1144,1083,1114
4496.668662362919,4496.543662362919,4496.793662362919,1386,1737,1562
4493.997601612822,4493.872601612822,4494.122601612822,1640,797,1219
4492.7623225751995,4492.6373225751995,4492.8873225751995,1327,1090,1209
4490.825431307251,4490.700431307251,4490.950431307251,639,1532,1086
4493.631006555394,4493.506006555394,4493.756006555394,1210,1267,1239
4493.19218234725,4493.06718234725,4493.31718234725,1508,2273,1891
4492.706305657426,4492.331305657426,4493.081305657426,1280,1871,1576
4497.276752767982,4497.151752767982,4497.401752767982,949,1762,1356
4496.038395206922,4495.788395206922,4496.288395206922,1963,1024,1494
4496.164736017834,4496.039736017834,4496.289736017834,1870,1453,1662
4495.9222071730455,4495.5472071730455,4496.2972071730455,1113,1256,1185
4498.840533307131,4498.715533307131,4498.965533307131,2319,872,1596
4499.396641709156,4499.271641709156,4499.521641709156,723,1904,1314
4500.268385103318,4500.143385103318,4500.393385103318,1277,1276,1277
4500.149663330666,4499.899663330666,4500.399663330666,2437,1344,1891
4502.502752076794,4502.377752076794,4502.627752076794,1439,1930,1685
4504.6861952287845,4504.5611952287845,4504.8111952287845,1088,755,922
4507.423751407473,4507.298751407473,4507.548751407473,478,1295,887
4503.468944064875,4503.343944064875,4503.593944064875,1228,1383,1306
4505.487120675508,4505.362120675508,4505.612120675508,1006,959,983
4506.745635769616,4506.620635769616,4506.870635769616,1157,1962,1560
4505.790847680876,4505.665847680876,4505.915847680876,1822,1965,1894
4503.118950734697,4502.868950734697,4503.368950734697,1721,1766,1744
4504.718437831755,4504.593437831755,4504.843437831755,1541,960,1251
4500.784277106977,4500.659277106977,4500.909277106977,1717,1076,1397
4499.425802937736,4499.300802937736,4499.550802937736,992,2265,1629
4502.370544584436,4501.995544584436,4502.745544584436,857,1850,1354
4499.630280012901,4499.255280012901,4500.005280012901,1365,2468,1917
4499.276462458344,4499.026462458344,4499.526462458344,1262,2715,1989
4498.562224195568,4498.437224195568,4498.687224195568,957,816,887
4500.840638527056,4500.465638527056,4501.215638527056,1329,956,1143
4499.452963259566,4499.327963259566,4499.577963259566,1671,1444,1558
4501.169917718455,4501.044917718455,4501.294917718455,1445,1472,1459
4504.26262375425,4503.88762375425,4504.63762375425,2237,1180,1709
4506.018507203653,4505.643507203653,4506.393507203653,1749,1176,1463
4508.482593345875,4508.232593345875,4508.732593345875,1322,1135,1229
4507.965204948202,4507.840204948202,4508.090204948202,723,1976,1350
4509.390198970164,4509.140198970164,4509.640198970164,1318,1087,1203
4509.366228116657,4509.241228116657,4509.491228116657,1127,494,811
4511.78185100235,4511.65685100235,4511.90685100235,1309,1202,1256
4510.697568882513,4510.572568882513,4510.822568882513,1241,674,958
4510.928845250776,4510.803845250776,4511.053845250776,2691,1290,1991
4511.49853060718,4511.37353060718,4511.62353060718,2594,889,1742
4509.297564122108,4509.047564122108,4509.547564122108,638,1213,926
4513.8570549145325,4513.6070549145325,4514.1070549145325,1458,803,1131
4515.045057522188,4514.920057522188,4515.170057522188,619,1022,821
4518.343985716854,4518.093985716854,4518.593985716854,1090,1093,1092
4514.34446474505,4514.21946474505,4514.46946474505,1035,1760,1398
4513.0659933379375,4512.8159933379375,4513.3159933379375,856,813,835
4516.197162611618,4516.072162611618,4516.322162611618,2019,1770,1895
4512.278478323815,4512.153478323815,4512.403478323815,2180,1153,1667
4509.912168084413,4509.662168084413,4510.162168084413,1033,2036,1535
4510.497284402288,4510.247284402288,4510.747284402288,942,1321,1132
4510.853759447133,4510.603759447133,4511.103759447133,944,2151,1548
4512.014673125514,4511.764673125514,4512.264673125514,1460,1109,1285
4511.946778816214,4511.696778816214,4512.196778816214,1230,2221,1726
4511.389705684524,4511.264705684524,4511.514705684524,534,1105,820
4512.305653173229,4512.055653173229,4512.555653173229,1232,2599,1916
4510.7413505131935,4510.6163505131935,4510.8663505131935,1455,1126,1291
4506.843020865287,4506.718020865287,4506.968020865287,2270,1555,1913
4507.1313432160705,4506.8813432160705,4507.3813432160705,1625,2122,1874
4506.761701199328,4506.636701199328,4506.886701199328,515,1324,920
4509.503120604868,4509.378120604868,4509.628120604868,1207,1274,1241
4508.0906991026095,4507.7156991026095,4508.4656991026095,1305,2598,1952
4508.546330088176,4508.421330088176,4508.671330088176,1340,2133,1737
4512.275564258057,4512.150564258057,4512.400564258057,1278,1163,1221
4515.421116942605,4515.171116942605,4515.671116942605,2242,1357,1800
4515.308682576402,4515.183682576402,4515.433682576402,806,1191,999
4517.749085467921,4517.624085467921,4517.874085467921,2229,934,1582
4513.726269344489,4513.476269344489,4513.976269344489,1923,884,1404
4514.845374237105,4514.595374237105,4515.095374237105,1072,2225,1649
4514.49459354066,4514.36959354066,4514.61959354066,1594,1579,1587
4517.457788689392,4517.332788689392,4517.582788689392,2700,1099,1900
4517.753880521049,4517.503880521049,4518.003880521049,1408,1097,1253
4518.395562641513,4518.145562641513,4518.645562641513,517,1312,915
4517.751282652456,4517.626282652456,4517.876282652456,1432,2281,1857
4518.836472287192,4518.711472287192,4518.961472287192,625,1198,912
4517.243003527676,4517.118003527676,4517.368003527676,690,939,815
4516.20984817642,4516.08484817642,4516.33484817642,1585,856,1221
4517.942322983091,4517.817322983091,4518.067322983091,530,1241,886
4513.221949838796,4513.096949838796,4513.346949838796,906,1549,1228
4510.106206878662,4509.981206878662,4510.231206878662,570,1549,1060
4507.448923226287,4507.323923226287,4507.573923226287,1795,1788,1792
4505.827827182327,4505.452827182327,4506.202827182327,1266,2539,1903
4505.834194151892,4505.709194151892,4505.959194151892,1136,751,944
4506.9578376552945,4506.8328376552945,4507.0828376552945,1212,689,951
4504.528979312461,4504.278979312461,4504.778979312461,898,981,940
4506.286872633445,4505.911872633445,4506.661872633445,1218,1463,1341
4507.629881004313,4507.504881004313,4507.754881004313,1453,2212,1833
4510.421424273991,4510.171424273991,4510.671424273991,2225,1542,1884
4513.780537235419,4513.655537235419,4513.905537235419,2154,1137,1646
4511.215191654699,4511.090191654699,4511.340191654699,1574,1615,1595
4511.775698018102,4511.525698018102,4512.025698018102,1504,2069,1787
4508.937755861464,4508.812755861464,4509.062755861464,1273,1318,1296
4510.154323839965,4510.029323839965,4510.279323839965,463,1302,883
4510.186281979324,4510.061281979324,4510.311281979324,1369,1584,1477
4510.831594788071,4510.581594788071,4511.081594788071,2054,1477,1766
4510.33510883706,4510.21010883706,4510.46010883706,744,1033,889
4509.766197626892,4509.641197626892,4509.891197626892,715,1184,950
4514.057642193433,4513.932642193433,4514.182642193433,1570,683,1127
4515.1140746600595,4514.9890746600595,4515.2390746600595,2127,718,1423
4516.603131968243,4516.478131968243,4516.728131968243,1139,2734,1937
4517.345659038504,4517.220659038504,4517.470659038504,1544,1973,1759
4513.912890626543,4513.787890626543,4514.037890626543,1322,781,1052
4512.900634811503,4512.650634811503,4513.150634811503,629,1462,1046
4517.492902606662,4517.117902606662,4517.867902606662,968,1245,1107
4515.494581767479,4515.369581767479,4515.619581767479,1383,1244,1314
4516.038374425095,4515.913374425095,4516.163374425095,1687,1546,1617
4513.349802984186,4513.224802984186,4513.474802984186,622,1753,1188
4515.111939783543,4514.986939783543,4515.236939783543,2473,1200,1837
4516.473840152974,4516.348840152974,4516.598840152974,1447,618,1033
4515.472519868204,4515.347519868204,4515.597519868204,1055,1526,1291
4517.140882884369,4517.015882884369,4517.265882884369,2181,1114,1648
4519.573628237963,4519.323628237963,4519.823628237963,1310,441,876
4521.030248899826,4520.905248899826,4521.155248899826,814,2131,1473
4522.0611334942605,4521.9361334942605,4522.1861334942605,1183,1976,1580
4519.801321792122,4519.676321792122,4519.926321792122,1532,879,1206
4520.606820204932,4520.481820204932,4520.731820204932,1490,2171,1831
4522.937830871142,4522.687830871142,4523.187830871142,941,1740,1341
4524.040709125517,4523.790709125517,4524.290709125517,2771,1064,1918
4526.454843131093,4526.329843131093,4526.579843131093,1623,708,1166
4526.50626457425,4526.25626457425,4526.75626457425,1083,1340,1212
4529.65221739882,4529.52721739882,4529.77721739882,1583,1748,1666
4528.198249638242,4528.073249638242,4528.323249638242,1285,1720,1503
4529.267639407814,4529.142639407814,4529.392639407814,1061,712,887
4528.501193167067,4528.376193167067,4528.626193167067,1184,1745,1465
4525.4923194893745,4525.3673194893745,4525.6173194893745,899,2130,1515
4524.830522929874,4524.580522929874,4525.080522929874,1214,1409,1312
4523.884892150097,4523.634892150097,4524.134892150097,1035,2420,1728
4526.758263752776,4526.508263752776,4527.008263752776,1307,848,1078
4526.828151814511,4526.578151814511,4527.078151814511,886,2231,1559
4525.761526299003,4525.636526299003,4525.886526299003,1947,1374,1661
4521.951851129673,4521.701851129673,4522.201851129673,972,2005,1489
4522.655413123703,4522.280413123703,4523.030413123703,1922,1959,1941
4521.32879806462,4521.20379806462,4521.45379806462,1345,840,1093
4524.187131698593,4523.812131698593,4524.562131698593,1440,669,1055
4525.64635218575,4525.39635218575,4525.89635218575,2078,1727,1903
4525.777903877574,4525.652903877574,4525.902903877574,1277,2166,1722
4526.740391535604,4526.615391535604,4526.865391535604,1286,1661,1474
4526.432852144202,4526.057852144202,4526.807852144202,1149,520,835
4527.868589329622,4527.743589329622,4527.993589329622,1262,533,898
4524.176642147706,4524.051642147706,4524.301642147706,1185,560,873
4529.331144376222,4529.081144376222,4529.581144376222,863,856,860
4528.925639567475,4528.800639567475,4529.050639567475,1367,1470,1419
4531.074512446324,4530.824512446324,4531.324512446324,1353,1908,1631
4528.698437719121,4528.573437719121,4528.823437719121,1909,644,1277
4530.60192460009,4530.47692460009,4530.72692460009,527,1510,1019
4531.108613710767,4530.983613710767,4531.233613710767,1076,1843,1460
4532.1665411384765,4531.7915411384765,4532.5415411384765,1572,1535,1554
4531.1530184420235,4530.9030184420235,4531.4030184420235,1463,2248,1856
4527.008793662628,4526.633793662628,4527.383793662628,1459,648,1054
4530.132440814812,4529.757440814812,4530.507440814812,1408,1755,1582
4528.369833086386,4528.119833086386,4528.619833086386,629,1296,963
4528.993374840727,4528.618374840727,4529.368374840727,1793,640,1217
4534.430246403481,4534.305246403481,4534.555246403481,2019,1228,1624
4537.184252253287,4536.934252253287,4537.434252253287,966,2849,1908
4539.211292135731,4539.086292135731,4539.336292135731,1184,2773,1979
4541.04962233427,4540.92462233427,4541.17462233427,1413,1388,1401
4536.554753693762,4536.304753693762,4536.804753693762,1120,1287,1204
4534.156709979147,4534.031709979147,4534.281709979147,816,1035,926
4534.075047082849,4533.950047082849,4534.200047082849,2257,1462,1860
4534.332713565426,4534.082713565426,4534.582713565426,1502,871,1187
4537.789124619212,4537.414124619212,4538.164124619212,1338,1999,1669
4540.541184702612,4540.166184702612,4540.916184702612,1166,1217,1192
4544.6710622651535,4544.4210622651535,4544.9210622651535,1343,648,996
4547.481148926351,4547.356148926351,4547.606148926351,1907,1842,1875
4544.9709172258945,4544.7209172258945,4545.2209172258945,824,923,874
4542.665544265241,4542.415544265241,4542.915544265241,956,933,945
4544.644365748806,4544.519365748806,4544.769365748806,1859,648,1254
4544.323856991577,4544.198856991577,4544.448856991577,1610,1137,1374
4541.986066934324,4541.861066934324,4542.111066934324,1791,1878,1835
4542.288207634355,4542.038207634355,4542.538207634355,1593,1760,1677
4543.550456008054,4543.175456008054,4543.925456008054,2636,959,1798
4548.638955887235,4548.263955887235,4549.013955887235,1162,1449,1306
4547.358902703269,4547.233902703269,4547.483902703269,2501,1098,1800
4547.7417623244455,4547.6167623244455,4547.8667623244455,1880,759,1320
4548.817151285214,4548.567151285214,4549.067151285214,854,795,825
4552.356604949665,4552.106604949665,4552.606604949665,961,2230,1596
4551.895262706295,4551.770262706295,4552.020262706295,1223,2726,1975
4547.754689358067,4547.504689358067,4548.004689358067,1868,1077,1473
4547.078396067459,4546.953396067459,4547.203396067459,2094,895,1495
4542.779482022249,4542.529482022249,4543.029482022249,2265,1404,1835
4543.397344256441,4543.147344256441,4543.647344256441,881,2512,1697
4548.301627233862,4547.926627233862,4548.676627233862,1257,1628,1443
4551.6318171638795,4551.5068171638795,4551.7568171638795,1149,2414,1782
4556.822705531177,4556.697705531177,4556.947705531177,1660,1269,1465
4553.983306408191,4553.858306408191,4554.108306408191,1127,2528,1828
4548.6755387792455,4548.5505387792455,4548.8005387792455,1906,1337,1622
4545.591546528237,4545.341546528237,4545.841546528237,814,2211,1513
4548.763323340704,4548.513323340704,4549.013323340704,634,1837,1236
4554.848406032013,4554.723406032013,4554.973406032013,1108,1207,1158
4556.491693431009,4556.366693431009,4556.616693431009,1157,2674,1916
4553.054394627938,4552.679394627938,4553.429394627938,660,1417,1039
4546.725122819259,4546.600122819259,4546.850122819259,1059,2250,1655
4555.7005541740355,4555.5755541740355,4555.8255541740355,1442,995,1219
4561.094059986601,4560.844059986601,4561.344059986601,696,1183,940
4553.227032963445,4552.852032963445,4553.602032963445,1520,2339,1930
4547.776594741636,4547.651594741636,4547.901594741636,1249,616,933
4552.64418526897,4552.51918526897,4552.76918526897,1459,1258,1359
4538.2232421491235,4537.8482421491235,4538.5982421491235,1327,2524,1926
4536.691155057226,4536.566155057226,4536.816155057226,2245,1422,1834
4541.528313991515,4541.403313991515,4541.653313991515,1771,1836,1804
4551.610166112455,4551.360166112455,4551.860166112455,785,1840,1313
4548.158879030229,4548.033879030229,4548.283879030229,1162,1083,1123
4536.847689465347,4536.722689465347,4536.972689465347,1404,1899,1652
4538.1731875165415,4538.0481875165415,4538.2981875165415,1527,1700,1614
4538.652069847499,4538.527069847499,4538.777069847499,1767,746,1257
4545.093245531267,4544.843245531267,4545.343245531267,960,935,948
4549.708640080394,4549.583640080394,4549.833640080394,672,1967,1320
4551.968661401008,4551.843661401008,4552.093661401008,1426,1395,1411
4559.070758244946,4558.695758244946,4559.445758244946,1338,861,1100
4558.972564636477,4558.597564636477,4559.347564636477,506,1483,995
4555.793845084452,4555.543845084452,4556.043845084452,1273,486,880
4560.456626604889,4560.331626604889,4560.581626604889,2475,970,1723
4562.2173649561955,4562.0923649561955,4562.3423649561955,1424,933,1179
4558.746922299854,4558.621922299854,4558.871922299854,1695,1084,1390
4560.3713390228,4560.2463390228,4560.4963390228,595,1754,1175
4568.382148986834,4568.132148986834,4568.632148986834,1443,590,1017
4569.472852291921,4569.222852291921,4569.722852291921,1151,926,1039
4568.065068898037,4567.690068898037,4568.440068898037,868,1593,1231
4560.893654319167,4560.768654319167,4561.018654319167,1070,929,1000
4567.36156050631,4567.23656050631,4567.48656050631,1897,1268,1583
4570.97706666059,4570.72706666059,4571.22706666059,1188,2147,1668
4577.6563853889475,4577.4063853889475,4577.9063853889475,1181,862,1022
4577.9236475470425,4577.7986475470425,4578.0486475470425,1266,939,1103
4577.538986484057,4577.413986484057,4577.663986484057,808,1429,1119
4578.325494376681,4578.200494376681,4578.450494376681,942,1359,1151
4586.2370754409385,4586.1120754409385,4586.3620754409385,1941,888,1415
4583.400355808162,4583.150355808162,4583.650355808162,2389,1250,1820
4585.5283163633685,4585.4033163633685,4585.6533163633685,774,1875,1325
4597.363824067856,4597.238824067856,4597.488824067856,730,1481,1106
4595.263992328531,4595.138992328531,4595.388992328531,688,1441,1065
4602.572987277064,4602.447987277064,4602.697987277064,2095,1038,1567
4596.687651904167,4596.562651904167,4596.812651904167,2750,1049,1900
4596.344750421643,4596.219750421643,4596.469750421643,1230,707,969
4599.5453719679845,4599.2953719679845,4599.7953719679845,1301,1266,1284
4601.716683140396,4601.591683140396,4601.841683140396,1792,969,1381
4602.748732083077,4602.623732083077,4602.873732083077,1435,778,1107
4591.336390157295,4591.211390157295,4591.461390157295,1906,657,1282
4585.056299575194,4584.806299575194,4585.306299575194,691,944,818
4590.550060128486,4590.425060128486,4590.675060128486,2190,1805,1998
4584.206354780722,4583.831354780722,4584.581354780722,1441,914,1178
4577.783158759806,4577.533158759806,4578.033158759806,1655,2210,1933
4568.964753697781,4568.839753697781,4569.089753697781,2089,1048,1569
4567.580747463821,4567.205747463821,4567.955747463821,2122,1715,1919
4571.754731030722,4571.629731030722,4571.879731030722,630,1357,994
4568.581306732744,4568.456306732744,4568.706306732744,894,897,896
4572.069417993446,4571.944417993446,4572.194417993446,1700,1135,1418
4568.233437058285,4568.108437058285,4568.358437058285,1275,794,1035
4564.750056221619,4564.625056221619,4564.875056221619,2562,957,1760
4563.656412857509,4563.531412857509,4563.781412857509,1107,1546,1327
4561.463179541231,4561.338179541231,4561.588179541231,2148,1031,1590
4565.153610670524,4565.028610670524,4565.278610670524,973,986,980
4564.654617693155,4564.529617693155,4564.779617693155,1572,1359,1466
4562.178882043558,4561.928882043558,4562.428882043558,1220,2735,1978
4555.86176628946,4555.73676628946,4555.98676628946,970,1875,1423
4552.800892642232,4552.550892642232,4553.050892642232,2418,927,1673
4551.931100214109,4551.806100214109,4552.056100214109,779,2310,1545
4552.628478375348,4552.378478375348,4552.878478375348,2636,999,1818
4552.220099040611,4551.970099040611,4552.470099040611,1151,1432,1292
4553.169535270981,4553.044535270981,4553.294535270981,994,2179,1587
4564.985272887113,4564.860272887113,4565.110272887113,1119,934,1027
4566.168947385679,4565.918947385679,4566.418947385679,936,1259,1098
4572.850103815791,4572.725103815791,4572.975103815791,1108,2661,1885
4570.383066820658,4570.258066820658,4570.508066820658,1169,1302,1236
4569.802226126221,4569.552226126221,4570.052226126221,1587,786,1187
4565.870765234154,4565.745765234154,4565.995765234154,1054,2763,1909
4563.422571340976,4563.297571340976,4563.547571340976,1251,1242,1247
4566.709724675129,4566.584724675129,4566.834724675129,2601,1064,1833
4562.290183548608,4561.915183548608,4562.665183548608,1289,916,1103
4566.111301759532,4565.986301759532,4566.236301759532,1463,1344,1404
4566.145416638632,4566.020416638632,4566.270416638632,685,1396,1041
4569.0706443911695,4568.8206443911695,4569.3206443911695,1359,1564,1462
4564.925123289684,4564.800123289684,4565.050123289684,1140,681,911
4566.267059875214,4566.142059875214,4566.392059875214,1532,929,1231
4567.379260607572,4567.254260607572,4567.504260607572,2281,1624,1953
4567.578533106767,4567.453533106767,4567.703533106767,1627,1466,1547
4569.507468097205,4569.382468097205,4569.632468097205,554,1249,902
4571.192384777249,4571.067384777249,4571.317384777249,1079,1996,1538
4571.544138456504,4571.294138456504,4571.794138456504,1837,620,1229
4566.532720198559,4566.157720198559,4566.907720198559,1013,2036,1525
4554.965821760165,4554.715821760165,4555.215821760165,1528,1993,1761
4551.283175542946,4551.158175542946,4551.408175542946,896,1809,1353
4554.121779558042,4553.996779558042,4554.246779558042,986,1001,994
4552.496624160536,4552.371624160536,4552.621624160536,2843,984,1914
4557.758848051176,4557.508848051176,4558.008848051176,696,1119,908
4554.0584213611755,4553.9334213611755,4554.1834213611755,975,676,826
4558.14464305414,4557.89464305414,4558.39464305414,1343,2320,1832
4552.222616641016,4551.972616641016,4552.472616641016,1178,553,866
4555.529078361962,4555.404078361962,4555.654078361962,1589,1918,1754
4559.165713054889,4559.040713054889,4559.290713054889,715,1738,1227
4562.2320223113375,4561.8570223113375,4562.6070223113375,1883,1084,1484
4557.949002700623,4557.824002700623,4558.074002700623,1331,986,1159
4562.636180498022,4562.511180498022,4562.761180498022,548,1213,881
4565.818218739277,4565.693218739277,4565.943218739277,1634,1821,1728
4566.980841536383,4566.855841536383,4567.105841536383,2064,785,1425
4570.800134852521,4570.550134852521,4571.050134852521,1132,963,1048
4570.944537992855,4570.819537992855,4571.069537992855,1856,2129,1993
4567.193700166581,4566.943700166581,4567.443700166581,1451,1920,1686
4565.627257341936,4565.502257341936,4565.752257341936,1038,1719,1379
4556.076329753866,4555.951329753866,4556.201329753866,2416,835,1626
4559.848211659466,4559.723211659466,4559.973211659466,1655,1232,1444
4560.250276550456,4560.125276550456,4560.375276550456,987,2306,1647
4557.76447183104,4557.63947183104,4557.88947183104,715,1910,1313
4559.8615950586,4559.7365950586,4559.9865950586,1040,1855,1448
4566.362415112802,4565.987415112802,4566.737415112802,597,1536,1067
4570.042433926495,4569.917433926495,4570.167433926495,811,1694,1253
4575.523981400114,4575.398981400114,4575.648981400114,1460,1959,1710
4579.221898225554,4579.096898225554,4579.346898225554,1614,921,1268
4580.5591020379925,4580.4341020379925,4580.6841020379925,2333,1508,1921
4580.669458103104,4580.544458103104,4580.794458103104,1074,2907,1991
4583.5685558079085,4583.4435558079085,4583.6935558079085,1096,1863,1480
4585.752807257835,4585.627807257835,4585.877807257835,904,1641,1273
4583.376442199098,4583.251442199098,4583.501442199098,742,1607,1175
4585.965996236541,4585.840996236541,4586.090996236541,1505,1496,1501
4584.459172962845,4584.334172962845,4584.584172962845,2201,820,1511
4581.924551658836,4581.674551658836,4582.174551658836,1535,950,1243
4583.7820844049575,4583.5320844049575,4584.0320844049575,2421,886,1654
4588.035770800026,4587.910770800026,4588.160770800026,1029,1918,1474
4589.509616101624,4589.259616101624,4589.759616101624,859,2160,1510
4594.738107299443,4594.613107299443,4594.863107299443,1870,1243,1557
4605.3121383068565,4605.1871383068565,4605.4371383068565,1526,1753,1640
4603.935267032745,4603.810267032745,4604.060267032745,492,1253,873
4600.791052589811,4600.666052589811,4600.916052589811,736,1605,1171
4595.159756821526,4595.034756821526,4595.284756821526,1464,1383,1424
4602.681046699535,4602.431046699535,4602.931046699535,1005,2574,1790
4592.733516318591,4592.608516318591,4592.858516318591,2354,1279,1817
4595.244551726221,4594.994551726221,4595.494551726221,788,1731,1260
4596.131364968466,4596.006364968466,4596.256364968466,2108,1391,1750
4604.1171345589455,4603.9921345589455,4604.2421345589455,2410,1449,1930
4601.683091760841,4601.558091760841,4601.808091760841,915,2732,1824
4600.069250192355,4599.819250192355,4600.319250192355,1452,2323,1888
4599.246440479474,4598.871440479474,4599.621440479474,971,952,962
4595.776068276258,4595.526068276258,4596.026068276258,625,1476,1051
4591.945808150092,4591.820808150092,4592.070808150092,1073,618,846
4595.92193635381,4595.54693635381,4596.29693635381,2007,1764,1886
4592.110301562957,4591.860301562957,4592.360301562957,1022,2459,1741
4594.256551369021,4594.131551369021,4594.381551369021,734,1063,899
4598.708469215042,4598.583469215042,4598.833469215042,1744,1889,1817
4598.960420309517,4598.835420309517,4599.085420309517,967,2222,1595
4598.659378622094,4598.534378622094,4598.784378622094,516,1185,851
4589.162224552963,4589.037224552963,4589.287224552963,1113,1910,1512
4583.980395735368,4583.855395735368,4584.105395735368,2387,840,1614
4583.492734861436,4583.367734861436,4583.617734861436,522,1335,929
4590.617563362025,4590.492563362025,4590.742563362025,1217,2278,1748
4588.239754468387,4588.114754468387,4588.364754468387,1280,1169,1225
4584.982500465036,4584.607500465036,4585.357500465036,574,1353,964
4588.012804298391,4587.762804298391,4588.262804298391,1336,2615,1976
4580.572247638758,4580.447247638758,4580.697247638758,549,1642,1096
4583.161360914652,4583.036360914652,4583.286360914652,1569,1632,1601
4573.200625734537,4573.075625734537,4573.325625734537,1069,1626,1348
4575.109187717264,4574.859187717264,4575.359187717264,2100,1753,1927
4567.68026506021,4567.55526506021,4567.80526506021,781,1546,1164
4566.591574775574,4566.341574775574,4566.841574775574,1360,2617,1989
4577.252661148528,4576.877661148528,4577.627661148528,2437,1162,1800
4572.620446114931,4572.495446114931,4572.745446114931,1215,1120,1168
4567.34082619749,4567.21582619749,4567.46582619749,1036,1075,1056
4575.907759975146,4575.657759975146,4576.157759975146,799,2296,1548
4586.870278617317,4586.620278617317,4587.120278617317,1011,1386,1199
4583.601128354403,4583.476128354403,4583.726128354403,1792,621,1207
4583.1343172528195,4583.0093172528195,4583.2593172528195,1026,1065,1046
4577.9248835380295,4577.6748835380295,4578.1748835380295,763,1378,1071
4581.62076266873,4581.37076266873,4581.87076266873,1708,2237,1973
4582.1071538606575,4581.9821538606575,4582.2321538606575,935,2034,1485
4586.585764934487,4586.460764934487,4586.710764934487,1778,1839,1809
4578.324679413422,4578.074679413422,4578.574679413422,1188,2273,1731
4582.2907102259105,4582.1657102259105,4582.4157102259105,1212,2487,1850
4582.176038050524,4582.051038050524,4582.301038050524,1029,572,801
4579.572939075395,4579.447939075395,4579.697939075395,1800,1115,1458
4580.766242198174,4580.641242198174,4580.891242198174,847,1730,1289
4582.831524760719,4582.581524760719,4583.081524760719,1802,1391,1597
4581.549967060315,4581.424967060315,4581.674967060315,965,2036,1501
4567.440167610368,4567.315167610368,4567.565167610368,1719,2050,1885
4572.76745837359,4572.51745837359,4573.01745837359,1245,668,957
4572.573180543754,4572.448180543754,4572.698180543754,575,1400,988
4564.502282831318,4564.377282831318,4564.627282831318,1786,1659,1723
4565.808850814263,4565.433850814263,4566.183850814263,2018,1713,1866
4557.236655035218,4557.111655035218,4557.361655035218,1000,2995,1998
4559.3868026744185,4559.2618026744185,4559.5118026744185,1500,1085,1293
4552.425307382652,4552.300307382652,4552.550307382652,2216,1639,1928
4547.134795474157,4547.009795474157,4547.259795474157,1997,1156,1577
4535.068270772619,4534.943270772619,4535.193270772619,965,1350,1158
4538.5104572203445,4538.3854572203445,4538.6354572203445,1362,2047,1705
4537.840524801992,4537.715524801992,4537.965524801992,1048,883,966
4534.435436601969,4534.310436601969,4534.560436601969,2536,1235,1886
4533.170465304064,4533.045465304064,4533.295465304064,2284,1159,1722
4535.017358866759,4534.892358866759,4535.142358866759,1029,936,983
4531.484918974399,4531.359918974399,4531.609918974399,2793,952,1873
4530.538589415352,4530.288589415352,4530.788589415352,1292,2387,1840
4527.6023503333745,4527.4773503333745,4527.7273503333745,2342,1561,1952
4528.107024321752,4527.857024321752,4528.357024321752,1874,771,1323
4529.025701011547,4528.775701011547,4529.275701011547,2471,856,1664
4527.273750451292,4527.023750451292,4527.523750451292,1293,1558,1426
4527.064375621788,4526.939375621788,4527.189375621788,879,2200,1540
4524.748549319795,4524.623549319795,4524.873549319795,2343,1214,1779
4523.967827355812,4523.592827355812,4524.342827355812,1497,1262,1380
4522.629510525954,4522.254510525954,4523.004510525954,1869,1706,1788
4522.562589471232,4522.312589471232,4522.812589471232,442,1227,835
4521.508997813181,4521.258997813181,4521.758997813181,1109,1076,1093
4523.582091804775,4523.457091804775,4523.707091804775,876,935,906
4521.812634587023,4521.562634587023,4522.062634587023,1047,956,1002
4520.964107342592,4520.839107342592,4521.089107342592,1726,879,1303
4520.226339514583,4520.101339514583,4520.351339514583,954,1001,978
4518.422080377793,4518.297080377793,4518.547080377793,1297,450,874
4520.204380791428,4520.079380791428,4520.329380791428,1664,1899,1782
4517.293283196538,4517.043283196538,4517.543283196538,1235,2672,1954
4515.7437914749535,4515.6187914749535,4515.8687914749535,2217,1590,1904
4515.837167386069,4515.712167386069,4515.962167386069,1030,1335,1183
4516.7718899238425,4516.3968899238425,4517.1468899238425,611,1296,954
4518.596684421908,4518.346684421908,4518.846684421908,1919,1940,1930
4521.189948993554,4520.814948993554,4521.564948993554,1814,2037,1926
4524.394609938753,4524.269609938753,4524.519609938753,1537,918,1228
4525.4248077498105,4525.2998077498105,4525.5498077498105,1614,1239,1427
4525.670867215145,4525.545867215145,4525.795867215145,1245,842,1044
4523.664581430381,4523.539581430381,4523.789581430381,1815,982,1399
4523.211176668895,4522.961176668895,4523.461176668895,1396,1397,1397
4521.487543883378,4521.237543883378,4521.737543883378,825,2384,1605
4522.616938527704,4522.241938527704,4522.991938527704,1781,1456,1619
4522.9382757434,4522.8132757434,4523.0632757434,784,1209,997
4524.56648614243,4524.44148614243,4524.69148614243,1426,1291,1359
4522.854880480482,4522.604880480482,4523.104880480482,2663,1090,1877
4522.066301253945,4521.941301253945,4522.191301253945,1009,872,941
4522.615740220194,4522.490740220194,4522.740740220194,1687,754,1221
4522.432800573357,4522.182800573357,4522.682800573357,816,2237,1527
4522.237312477357,4522.112312477357,4522.362312477357,1042,1507,1275
4522.170844955007,4521.920844955007,4522.420844955007,1796,2043,1920
4521.53267694084,4521.28267694084,4521.78267694084,1651,1980,1816
4520.715593092278,4520.590593092278,4520.840593092278,856,2331,1594
4521.103874617331,4520.978874617331,4521.228874617331,832,1373,1103
4523.472730825982,4523.222730825982,4523.722730825982,1137,804,971
4521.870724609683,4521.745724609683,4521.995724609683,1207,2756,1982
4520.570718335718,4520.445718335718,4520.695718335718,824,2077,1451
4519.870382432733,4519.495382432733,4520.245382432733,1111,518,815
4520.282107243688,4520.157107243688,4520.407107243688,1139,2600,1870
4522.450684261471,4522.325684261471,4522.575684261471,1138,1033,1086
4523.767436627279,4523.642436627279,4523.892436627279,1325,934,1130
4522.744523916274,4522.619523916274,4522.869523916274,1201,926,1064
4521.511740480233,4521.386740480233,4521.636740480233,689,1378,1034
4521.503864497366,4521.378864497366,4521.628864497366,1895,1852,1874
4520.3453530254255,4520.2203530254255,4520.4703530254255,1626,1035,1331
4520.730920075364,4520.605920075364,4520.855920075364,626,1533,1080
4521.904927436745,4521.779927436745,4522.029927436745,1318,493,906
4522.298444441354,4522.173444441354,4522.423444441354,961,924,943
4520.130504510058,4519.880504510058,4520.380504510058,1761,1518,1640
4519.50807568401,4519.38307568401,4519.63307568401,616,1621,1119
4517.870997022202,4517.745997022202,4517.995997022202,1407,706,1057
4517.864297558424,4517.739297558424,4517.989297558424,2013,1772,1893
4519.7150741796595,4519.5900741796595,4519.8400741796595,1082,2009,1546
4517.550530604259,4517.425530604259,4517.675530604259,2529,1362,1946
4517.571990901875,4517.446990901875,4517.696990901875,1304,2619,1962
4515.914041927678,4515.789041927678,4516.039041927678,981,2088,1535
4518.917149949569,4518.667149949569,4519.167149949569,1341,1684,1513
4519.455444933408,4519.205444933408,4519.705444933408,2307,1606,1957
4520.186522325232,4520.061522325232,4520.311522325232,2214,911,1563
4522.634566452843,4522.509566452843,4522.759566452843,1730,869,1300
4525.117697487891,4524.992697487891,4525.242697487891,1612,2361,1987
4527.245167434497,4527.120167434497,4527.370167434497,1826,981,1404
4524.629029121195,4524.254029121195,4525.004029121195,1236,2037,1637
4521.667636630969,4521.542636630969,4521.792636630969,1504,1173,1339
4523.574729225647,4523.449729225647,4523.699729225647,1311,914,1113
4525.938144608027,4525.688144608027,4526.188144608027,1837,1032,1435
4526.907368168494,4526.782368168494,4527.032368168494,1808,2189,1999
4525.601890443201,4525.476890443201,4525.726890443201,1688,1297,1493
4523.832293346047,4523.707293346047,4523.957293346047,1103,1288,1196
4523.728656309399,4523.353656309399,4524.103656309399,2335,818,1577
4525.652461241052,4525.527461241052,4525.777461241052,1248,1053,1151
4524.718341753956,4524.593341753956,4524.843341753956,903,2688,1796
4525.281655529454,4525.031655529454,4525.531655529454,1258,1601,1430
4524.356073315361,4523.981073315361,4524.731073315361,1146,945,1046
4524.766585671129,4524.516585671129,4525.016585671129,1908,1793,1851
4525.555572065227,4525.180572065227,4525.930572065227,1019,1342,1181
4521.50826408995,4521.25826408995,4521.75826408995,1300,749,1025
4522.413195740305,4522.163195740305,4522.663195740305,889,914,902
4522.333406667295,4521.958406667295,4522.708406667295,1084,2119,1602
4522.28292132958,4522.03292132958,4522.53292132958,891,818,855
4523.896293287075,4523.646293287075,4524.146293287075,1076,953,1015
4520.479221990196,4520.354221990196,4520.604221990196,893,1988,1441
4520.192738182953,4519.942738182953,4520.442738182953,945,2706,1826
4519.240481612559,4519.115481612559,4519.365481612559,1089,2266,1678
4518.253173586246,4518.128173586246,4518.378173586246,1438,759,1099
4519.1047058690365,4518.9797058690365,4519.2297058690365,2701,964,1833
4518.794051799966,4518.544051799966,4519.044051799966,2409,1400,1905
4518.670673941914,4518.545673941914,4518.795673941914,1382,609,996
4518.914750296915,4518.664750296915,4519.164750296915,1357,608,983
4516.615069120091,4516.490069120091,4516.740069120091,1163,2112,1638
4515.2035886922085,4514.9535886922085,4515.4535886922085,1643,1714,1679
4513.203323519396,4513.078323519396,4513.328323519396,1321,1272,1297
4514.598216765148,4514.473216765148,4514.723216765148,1194,1091,1143
4514.014378792405,4513.889378792405,4514.139378792405,1421,2098,1760
4512.99231997306,4512.86731997306,4513.11731997306,917,1644,1281
4509.488185554785,4509.363185554785,4509.613185554785,736,1541,1139
4508.522370280819,4508.272370280819,4508.772370280819,1132,1967,1550
4510.258162215184,4510.008162215184,4510.508162215184,1765,668,1217
4510.111444309072,4509.986444309072,4510.236444309072,1790,1579,1685
4510.631867493206,4510.381867493206,4510.881867493206,1385,2126,1756
4508.603341192207,4508.478341192207,4508.728341192207,688,1967,1328
4509.83448363946,4509.58448363946,4510.08448363946,1115,1154,1135
4510.420537699175,4510.170537699175,4510.670537699175,1202,623,913
4510.991692878105,4510.741692878105,4511.241692878105,596,1547,1072
4508.793024477267,4508.668024477267,4508.918024477267,2112,1325,1719
4507.316044824313,4507.066044824313,4507.566044824313,893,936,915
4509.621482061708,4509.371482061708,4509.871482061708,1185,496,841
4510.045438487426,4509.795438487426,4510.295438487426,2074,1669,1872
4512.185463086716,4512.060463086716,4512.310463086716,1135,2614,1875
4514.009042760589,4513.884042760589,4514.134042760589,1374,657,1016
4512.72309195304,4512.59809195304,4512.84809195304,1804,2093,1949
4511.028523245307,4510.903523245307,4511.153523245307,1806,1809,1808
4514.988113007572,4514.863113007572,4515.113113007572,1093,792,943
4514.902402247909,4514.777402247909,4515.027402247909,1765,1882,1824
4514.5840013160105,4514.2090013160105,4514.9590013160105,1058,1005,1032
4513.116678302255,4512.991678302255,4513.241678302255,1217,2618,1918
4515.635682956041,4515.510682956041,4515.760682956041,1398,1711,1555
4514.523002914575,4514.398002914575,4514.648002914575,1505,1108,1307
4512.213057790349,4512.088057790349,4512.338057790349,1799,1890,1845
4508.96064777017,4508.83564777017,4509.08564777017,1765,2212,1989
4507.785883524818,4507.660883524818,4507.910883524818,711,970,841
4508.2328151378315,4508.1078151378315,4508.3578151378315,1809,964,1387
4508.613177571544,4508.363177571544,4508.863177571544,1376,611,994
4508.251026097022,4508.001026097022,4508.501026097022,2887,1010,1949
4503.82775205433,4503.45275205433,4504.20275205433,1673,676,1175
4507.157538963774,4507.032538963774,4507.282538963774,894,2085,1490
4508.796483379553,4508.671483379553,4508.921483379553,1858,1019,1439
4508.776825124254,4508.651825124254,4508.901825124254,1940,1019,1480
4507.307504156499,4507.182504156499,4507.432504156499,2705,1164,1935
4506.466653815208,4506.341653815208,4506.591653815208,2019,968,1494
4505.654564276378,4505.279564276378,4506.029564276378,1113,966,1040
4505.568034589514,4505.443034589514,4505.693034589514,1023,600,812
4505.02467024435,4504.89967024435,4505.14967024435,1094,1207,1151
4504.0984496147885,4503.8484496147885,4504.3484496147885,639,1724,1182
4505.773780143871,4505.648780143871,4505.898780143871,2265,1344,1805
4507.0844476348975,4506.8344476348975,4507.3344476348975,1151,2488,1820
4509.736489423472,4509.611489423472,4509.861489423472,879,2242,1561
4511.7600170481755,4511.6350170481755,4511.8850170481755,2672,1229,1951
4511.114230441256,4510.989230441256,4511.239230441256,993,2850,1922
4511.958316733454,4511.833316733454,4512.083316733454,1684,1241,1463
4510.7789312019495,4510.4039312019495,4511.1539312019495,1112,971,1042
4508.768754866779,4508.518754866779,4509.018754866779,534,1387,961
4508.384984883553,4508.009984883553,4508.759984883553,640,1751,1196
4504.484747291706,4504.359747291706,4504.609747291706,905,2564,1735
4503.919920779149,4503.669920779149,4504.169920779149,756,1475,1116
4503.896365452814,4503.646365452814,4504.146365452814,1110,2613,1862
4503.304840316592,4503.054840316592,4503.554840316592,929,2382,1656
4500.7454873080405,4500.4954873080405,4500.9954873080405,855,2218,1537
4500.88737982223,4500.76237982223,4501.01237982223,1022,2493,1758
4501.419642534738,4501.294642534738,4501.544642534738,1160,1569,1365
4500.18300761257,4500.05800761257,4500.30800761257,2005,1876,1941
4500.568005280873,4500.443005280873,4500.693005280873,1178,2539,1859
4500.277094525571,4500.027094525571,4500.527094525571,1753,794,1274
4502.023155436646,4501.898155436646,4502.148155436646,1064,1615,1340
4501.787621269802,4501.412621269802,4502.162621269802,893,1778,1336
4499.002501519692,4498.877501519692,4499.127501519692,1027,2898,1963
4501.285817947198,4501.035817947198,4501.535817947198,1321,1532,1427
4498.78339102022,4498.65839102022,4498.90839102022,801,2186,1494
4499.740072170207,4499.615072170207,4499.865072170207,1988,919,1454
4497.624883626298,4497.499883626298,4497.749883626298,794,1271,1033
4497.126719792234,4496.876719792234,4497.376719792234,1631,716,1174
4497.094231224917,4496.844231224917,4497.344231224917,902,1185,1044
4496.659718183308,4496.534718183308,4496.784718183308,1299,1918,1609
4496.592980330797,4496.467980330797,4496.717980330797,990,2551,1771
4495.860071449146,4495.610071449146,4496.110071449146,2323,1278,1801
4497.215027069267,4496.965027069267,4497.465027069267,1007,1676,1342
4498.523446264454,4498.273446264454,4498.773446264454,768,2083,1426
4497.738116101572,4497.613116101572,4497.863116101572,1257,2232,1745
4495.85667462969,4495.73167462969,4495.98167462969,1264,2073,1669
4494.088308529584,4493.838308529584,4494.338308529584,837,1954,1396
4494.133935255756,4494.008935255756,4494.258935255756,1553,970,1262
4493.7647020812365,4493.5147020812365,4494.0147020812365,1766,1641,1704
4493.811063044593,4493.686063044593,4493.936063044593,1697,1432,1565
4492.062603070101,4491.937603070101,4492.187603070101,814,1297,1056
4490.4896305794055,4490.3646305794055,4490.6146305794055,939,738,839
4488.702530837382,4488.452530837382,4488.952530837382,1898,1395,1647
4487.453755536995,4487.203755536995,4487.703755536995,808,1935,1372
4486.364731981625,4486.239731981625,4486.489731981625,436,1281,859
4485.862244644204,4485.737244644204,4485.987244644204,922,1331,1127
4485.494825551016,4485.369825551016,4485.619825551016,572,1153,863
4483.751714740016,4483.501714740016,4484.001714740016,1124,785,955
4483.494864376936,4483.369864376936,4483.619864376936,1316,1009,1163
4482.902403320452,4482.652403320452,4483.152403320452,1539,710,1125
4482.556684595145,4482.181684595145,4482.931684595145,1785,1522,1654
4482.859662761073,4482.609662761073,4483.109662761073,1139,2852,1996
4483.568541866905,4483.443541866905,4483.693541866905,578,1195,887
4483.381539667321,4483.256539667321,4483.506539667321,812,2057,1435
4482.912518833281,4482.787518833281,4483.037518833281,1467,1780,1624
4481.241157608019,4480.991157608019,4481.491157608019,1511,560,1036
4479.430733406228,4479.180733406228,4479.680733406228,892,1657,1275
4479.349861594787,4479.099861594787,4479.599861594787,1670,651,1161
4480.911820422021,4480.536820422021,4481.286820422021,975,1214,1095
4481.754516094607,4481.629516094607,4481.879516094607,1149,1916,1533
4482.0503335854655,4481.8003335854655,4482.3003335854655,1525,1068,1297
4481.262364371903,4481.012364371903,4481.512364371903,909,2354,1632
4479.746150117397,4479.496150117397,4479.996150117397,1313,718,1016
4482.0578581238815,4481.8078581238815,4482.3078581238815,435,1272,854
4482.002209199568,4481.877209199568,4482.127209199568,1454,2191,1823
4483.358774545883,4483.233774545883,4483.483774545883,942,891,917
4485.007950048405,4484.882950048405,4485.132950048405,2469,1144,1807
4485.258428032081,4485.133428032081,4485.383428032081,1205,2220,1713
4487.558871826319,4487.433871826319,4487.683871826319,1655,1038,1347
4487.5644477290425,4487.3144477290425,4487.8144477290425,1077,1172,1125
4488.825634913224,4488.700634913224,4488.950634913224,940,2279,1610
4487.122139670327,4486.997139670327,4487.247139670327,2447,930,1689
4486.967569709423,4486.842569709423,4487.092569709423,1542,2263,1903
4488.075889123755,4487.950889123755,4488.200889123755,2107,1030,1569
4488.631542412846,4488.381542412846,4488.881542412846,1083,1468,1276
4489.782276258637,4489.532276258637,4490.032276258637,1178,591,885
4489.458990914538,4489.333990914538,4489.583990914538,1841,1660,1751
4489.793506126195,4489.668506126195,4489.918506126195,2050,825,1438
4490.084609928094,4489.834609928094,4490.334609928094,2146,1283,1715
4488.146272731386,4488.021272731386,4488.271272731386,2152,1763,1958
4486.207815337406,4485.957815337406,4486.457815337406,1973,1548,1761
4487.8874122821335,4487.7624122821335,4488.0124122821335,1224,983,1104
4486.875336065728,4486.750336065728,4487.000336065728,957,1548,1253
4485.317601689361,4485.192601689361,4485.442601689361,793,1850,1322
4486.599835624823,4486.474835624823,4486.724835624823,548,1325,937
4490.194580208818,4490.069580208818,4490.319580208818,1380,627,1004
4485.566053739104,4485.316053739104,4485.816053739104,979,2260,1620
4485.806143059427,4485.556143059427,4486.056143059427,715,1566,1141
4489.418627719973,4489.168627719973,4489.668627719973,857,1368,1113
4489.950520259607,4489.700520259607,4490.200520259607,649,1148,899
4490.491135723592,4490.241135723592,4490.741135723592,2574,1195,1885
4489.639764309112,4489.264764309112,4490.014764309112,1945,1190,1568
4489.5209343743,4489.3959343743,4489.6459343743,1145,1044,1095
4489.719344288682,4489.594344288682,4489.844344288682,1643,630,1137
4488.585925619467,4488.460925619467,4488.710925619467,1908,1259,1584
4490.5489983019625,4490.4239983019625,4490.6739983019625,2295,1456,1876
4491.735230153414,4491.610230153414,4491.860230153414,837,806,822
4488.940642900381,4488.815642900381,4489.065642900381,2464,1097,1781
4489.596610270831,4489.346610270831,4489.846610270831,1950,1647,1799
4487.187068815077,4487.062068815077,4487.312068815077,1726,1013,1370
4489.237546744128,4489.112546744128,4489.362546744128,1235,1960,1598
4490.503789064825,4490.378789064825,4490.628789064825,1960,1465,1713
4490.89854457882,4490.64854457882,4491.14854457882,1092,2777,1935
4490.410398727661,4490.160398727661,4490.660398727661,931,2268,1600
4491.64697863043,4491.52197863043,4491.77197863043,1895,674,1285
4491.57015310657,4491.44515310657,4491.69515310657,2283,770,1527
4490.9332317609305,4490.8082317609305,4491.0582317609305,718,1231,975
4487.776061730226,4487.526061730226,4488.026061730226,2113,1746,1930
4486.257520384016,4486.132520384016,4486.382520384016,1494,1365,1430
4484.60890066124,4484.35890066124,4484.85890066124,611,1424,1018
4484.76334913134,4484.51334913134,4485.01334913134,1151,456,804
4485.422241245066,4485.047241245066,4485.797241245066,1055,1896,1476
4487.780991416844,4487.530991416844,4488.030991416844,950,1775,1363
4487.4730465117145,4487.2230465117145,4487.7230465117145,1386,1637,1512
4483.697123304189,4483.572123304189,4483.822123304189,674,1135,905
4482.03395564531,4481.65895564531,4482.40895564531,2483,1408,1946
4480.827196848078,4480.452196848078,4481.202196848078,887,1408,1148
4480.620982692815,4480.370982692815,4480.870982692815,1113,996,1055
4478.814012310783,4478.689012310783,4478.939012310783,1658,655,1157
4477.78045993976,4477.65545993976,4477.90545993976,809,1374,1092
4475.936065056952,4475.686065056952,4476.186065056952,1439,1974,1707
4479.001240584106,4478.751240584106,4479.251240584106,1806,1369,1588
4480.82977890567,4480.70477890567,4480.95477890567,1728,1235,1482
4478.345476732937,4478.095476732937,4478.595476732937,2230,859,1545
4482.389798754318,4482.139798754318,4482.639798754318,1501,2056,1779
4480.751750406025,4480.626750406025,4480.876750406025,1067,1894,1481
4483.680932661551,4483.555932661551,4483.805932661551,2230,979,1605
4482.801749575473,4482.676749575473,4482.926749575473,1889,1826,1858
4481.626274582141,4481.501274582141,4481.751274582141,1026,2791,1909
4480.676715691342,4480.426715691342,4480.926715691342,2302,1181,1742
4477.649102606701,4477.524102606701,4477.774102606701,1142,877,1010
4477.896159374558,4477.771159374558,4478.021159374558,868,1355,1112
4475.530971145274,4475.405971145274,4475.655971145274,1474,901,1188
4476.11264007513,4475.86264007513,4476.36264007513,2361,802,1582
4474.472748783393,4474.222748783393,4474.722748783393,1671,1788,1730
4474.2517868832065,4473.8767868832065,4474.6267868832065,2184,995,1590
4471.901902749336,4471.776902749336,4472.026902749336,788,2213,1501
4471.6044559910915,4471.4794559910915,4471.7294559910915,1609,838,1224
4470.346765684449,4470.096765684449,4470.596765684449,683,1964,1324
4467.690539051829,4467.440539051829,4467.940539051829,568,1371,970
4466.412102415273,4466.162102415273,4466.662102415273,1077,1460,1269
4467.700102681723,4467.450102681723,4467.950102681723,1058,1305,1182
4465.634726549612,4465.384726549612,4465.884726549612,1125,594,860
4465.305202925808,4465.180202925808,4465.430202925808,2683,1044,1864
4465.172339534092,4465.047339534092,4465.297339534092,1066,663,865
4463.991164415057,4463.866164415057,4464.116164415057,1930,697,1314
4467.221528939537,4467.096528939537,4467.346528939537,1217,644,931
4469.092937816188,4468.717937816188,4469.467937816188,1583,1802,1693
4470.889959653784,4470.764959653784,4471.014959653784,1057,1060,1059
4469.257706120629,4469.007706120629,4469.507706120629,2000,1419,1710
4467.781576216938,4467.531576216938,4468.031576216938,1783,2030,1907
4469.486202755712,4469.361202755712,4469.611202755712,1496,2179,1838
4465.973228680478,4465.848228680478,4466.098228680478,1332,559,946
4464.403955410462,4464.028955410462,4464.778955410462,1546,811,1179
4463.575607878841,4463.450607878841,4463.700607878841,2336,995,1666
4461.975138732446,4461.850138732446,4462.100138732446,1193,2346,1770
4462.484623627311,4462.234623627311,4462.734623627311,2412,975,1694
4461.380857698275,4461.255857698275,4461.505857698275,702,1835,1269
4458.677565945327,4458.552565945327,4458.802565945327,1574,911,1243
4460.8957563807635,4460.7707563807635,4461.0207563807635,1863,660,1262
4458.874446165535,4458.749446165535,4458.999446165535,2451,1302,1877
4459.451337691859,4459.326337691859,4459.576337691859,2254,1621,1938
4458.4490751669555,4458.1990751669555,4458.6990751669555,1305,820,1063
4457.748262567311,4457.623262567311,4457.873262567311,958,2097,1528
4454.58320075568,4454.45820075568,4454.70820075568,846,2519,1683
4454.324233918326,4454.199233918326,4454.449233918326,1163,1594,1379
4451.711904838977,4451.586904838977,4451.836904838977,1949,1186,1568
4454.164879628894,4453.914879628894,4454.414879628894,670,1327,999
4453.264688734539,4452.889688734539,4453.639688734539,1498,2029,1764
4451.851091888509,4451.726091888509,4451.976091888509,1018,1301,1160
4454.209700052031,4453.959700052031,4454.459700052031,669,1626,1148
4453.995289590442,4453.870289590442,4454.120289590442,1244,947,1096
4454.9579646264665,4454.8329646264665,4455.0829646264665,647,1718,1183
4456.240741651793,4455.990741651793,4456.490741651793,1838,2131,1985
4455.933591081601,4455.808591081601,4456.058591081601,1410,641,1026
4453.7652243834145,4453.6402243834145,4453.8902243834145,1783,790,1287
4453.873470350927,4453.748470350927,4453.998470350927,1785,634,1210
4453.048243546592,4452.923243546592,4453.173243546592,783,1952,1368
4452.422322268099,4452.297322268099,4452.547322268099,1501,1748,1625
4453.401459197439,4453.276459197439,4453.526459197439,589,1082,836
4454.708398601146,4454.583398601146,4454.833398601146,1988,1619,1804
4453.199600977282,4453.074600977282,4453.324600977282,1753,2232,1993
4453.121946167159,4452.871946167159,4453.371946167159,1005,1212,1109
4447.986110983357,4447.736110983357,4448.236110983357,1605,1524,1565
4449.95714183813,4449.83214183813,4450.08214183813,1599,2358,1979
4451.83874478865,4451.58874478865,4452.08874478865,1196,483,840
4452.670643978265,4452.545643978265,4452.795643978265,2175,1086,1631
4454.2907293875805,4454.0407293875805,4454.5407293875805,2327,826,1577
4454.315228730374,4454.065228730374,4454.565228730374,1032,2741,1887
4454.116109152592,4453.991109152592,4454.241109152592,1300,1215,1258
4453.2658983844685,4452.8908983844685,4453.6408983844685,2089,1342,1716
4450.290007043167,4450.165007043167,4450.415007043167,839,1972,1406
4450.083243668279,4449.833243668279,4450.333243668279,1110,1537,1324
4449.095173648464,4448.720173648464,4449.470173648464,1219,1776,1498
4448.862532479673,4448.737532479673,4448.987532479673,1219,2382,1801
4449.694321313743,4449.444321313743,4449.944321313743,787,1362,1075
4448.1900035132885,4448.0650035132885,4448.3150035132885,1678,783,1231
4448.318864977678,4447.943864977678,4448.693864977678,2637,1090,1864
4451.88997069659,4451.76497069659,4452.01497069659,981,834,908
4452.6504589333035,4452.4004589333035,4452.9004589333035,1184,479,832
4452.741210290113,4452.616210290113,4452.866210290113,1629,2168,1899
4448.498168637414,4448.123168637414,4448.873168637414,2380,1017,1699
4447.126046265913,4447.001046265913,4447.251046265913,1173,830,1002
4447.663539543609,4447.538539543609,4447.788539543609,1273,456,865
4445.080959827234,4444.705959827234,4445.455959827234,729,1932,1331
4444.041891497917,4443.916891497917,4444.166891497917,1252,545,899
4444.538628898799,4444.413628898799,4444.663628898799,1254,1099,1177
4443.347755136882,4443.222755136882,4443.472755136882,1130,1245,1188
4445.310185631775,4445.185185631775,4445.435185631775,1704,779,1242
4443.4130223979055,4443.2880223979055,4443.5380223979055,1685,684,1185
4446.662422547362,4446.537422547362,4446.787422547362,888,1337,1113
4446.976249369854,4446.726249369854,4447.226249369854,813,854,834
4445.258655107321,4445.133655107321,4445.383655107321,1034,1069,1052
4446.1319169231965,4445.7569169231965,4446.5069169231965,1046,1679,1363
4444.7270722795465,4444.6020722795465,4444.8520722795465,1698,1841,1770
4443.848884165518,4443.723884165518,4443.973884165518,822,1827,1325
4442.154294486636,4442.029294486636,4442.279294486636,831,958,895
4439.910399874209,4439.785399874209,4440.035399874209,2706,1083,1895
4438.717400006616,4438.592400006616,4438.842400006616,1955,1256,1606
4440.029596688897,4439.904596688897,4440.154596688897,2141,1300,1721
4441.201236510006,4441.076236510006,4441.326236510006,622,1617,1120
4444.992930248651,4444.867930248651,4445.117930248651,1218,719,969
4447.2603261932345,4447.0103261932345,4447.5103261932345,2085,1104,1595
4450.031881689645,4449.906881689645,4450.156881689645,1396,943,1170
4451.073398598019,4450.698398598019,4451.448398598019,1849,1702,1776
4451.765953885648,4451.640953885648,4451.890953885648,2411,922,1667
4449.270021379832,4449.020021379832,4449.520021379832,1273,1810,1542
4447.397009486329,4447.272009486329,4447.522009486329,1100,1705,1403
4446.127879960734,4445.752879960734,4446.502879960734,2675,1050,1863
4446.741911880425,4446.616911880425,4446.866911880425,630,1609,1120
4444.832193819572,4444.457193819572,4445.207193819572,1448,957,1203
4445.912356484688,4445.787356484688,4446.037356484688,2394,901,1648
4444.872887402323,4444.622887402323,4445.122887402323,1464,1045,1255
4445.194208297278,4445.069208297278,4445.319208297278,1997,1032,1515
4444.471466114227,4444.346466114227,4444.596466114227,2142,1149,1646
4443.871153231051,4443.746153231051,4443.996153231051,910,917,914
4445.635176359201,4445.510176359201,4445.760176359201,1940,1321,1631
4443.928507013665,4443.803507013665,4444.053507013665,553,1136,845
4440.951662180839,4440.701662180839,4441.201662180839,1280,799,1040
4442.123215497223,4441.998215497223,4442.248215497223,828,1717,1273
4441.512927929775,4441.387927929775,4441.637927929775,1222,821,1022
4440.436850496476,4440.311850496476,4440.561850496476,757,1832,1295
4435.382406586721,4435.132406586721,4435.632406586721,1437,916,1177
4434.360727957057,4434.235727957057,4434.485727957057,1196,597,897
4435.395302711343,4435.270302711343,4435.520302711343,1623,2184,1904
4433.1696165228595,4432.9196165228595,4433.4196165228595,975,2050,1513
4433.476731344082,4433.101731344082,4433.851731344082,1217,1334,1276
4435.351706915853,4435.101706915853,4435.601706915853,1917,1648,1783
4437.563658882372,4437.313658882372,4437.813658882372,912,2267,1590
4436.859066322261,4436.734066322261,4436.984066322261,881,1640,1261
4437.853721804451,4437.728721804451,4437.978721804451,2097,864,1481
4438.817977660891,4438.692977660891,4438.942977660891,1250,1745,1498
4441.913497425032,4441.788497425032,4442.038497425032,1860,1253,1557
4442.434023153497,4442.309023153497,4442.559023153497,1042,2669,1856
4443.03471371575,4442.90971371575,4443.15971371575,592,1305,949
4448.079123187992,4447.829123187992,4448.329123187992,1097,2190,1644
4452.618211091741,4452.493211091741,4452.743211091741,1385,2318,1852
4450.516825504997,4450.391825504997,4450.641825504997,604,1321,963
4458.725250402608,4458.350250402608,4459.100250402608,1602,673,1138
4463.411310763085,4463.161310763085,4463.661310763085,1646,1651,1649
4466.39320085982,4466.14320085982,4466.64320085982,792,807,800
4473.012363825267,4472.637363825267,4473.387363825267,1471,2202,1837
4476.411847241765,4476.161847241765,4476.661847241765,1738,663,1201
4473.493275054477,4473.118275054477,4473.868275054477,807,900,854
4474.349441801544,4474.099441801544,4474.599441801544,966,2827,1897
4477.2179555586235,4476.9679555586235,4477.4679555586235,1732,1883,1808
4478.278035756669,4478.028035756669,4478.528035756669,1707,1676,1692
4479.3501948941275,4479.2251948941275,4479.4751948941275,1290,1551,1421
4474.6670019113135,4474.4170019113135,4474.9170019113135,1299,578,939
4479.289979865472,4479.039979865472,4479.539979865472,1571,1266,1419
4484.36916370773,4484.24416370773,4484.49416370773,1999,1534,1767
4483.873165877671,4483.748165877671,4483.998165877671,1292,1249,1271
4481.250116177948,4481.000116177948,4481.500116177948,1065,1494,1280
4482.976882569948,4482.726882569948,4483.226882569948,1021,1404,1213
4480.9845781017675,4480.8595781017675,4481.1095781017675,470,1313,892
4475.483475435532,4475.233475435532,4475.733475435532,1028,721,875
4477.307003062432,4477.182003062432,4477.432003062432,1969,1420,1695
4480.2497866365065,4480.1247866365065,4480.3747866365065,1379,2502,1941
4480.38138198131,4480.25638198131,4480.50638198131,1547,1886,1717
4482.153755781852,4481.903755781852,4482.403755781852,916,743,830
4485.85748116804,4485.73248116804,4485.98248116804,1431,924,1178
4482.385607806364,4482.260607806364,4482.510607806364,1200,1337,1269
4482.19799143533,4482.07299143533,4482.32299143533,1224,1415,1320
4484.295283886613,4484.045283886613,4484.545283886613,2352,1429,1891
4489.422052827808,4489.297052827808,4489.547052827808,1068,843,956
4489.883099585223,4489.633099585223,4490.133099585223,1104,2137,1621
4492.148474073266,4492.023474073266,4492.273474073266,1002,885,944
4498.495218620588,4498.370218620588,4498.620218620588,1502,1507,1505
4497.4789026445815,4497.3539026445815,4497.6039026445815,1484,2309,1897
4493.525085387483,4493.400085387483,4493.650085387483,2488,1289,1889
4494.7454183620175,4494.4954183620175,4494.9954183620175,875,1334,1105
4495.977667894765,4495.852667894765,4496.102667894765,934,2377,1656
4492.938318226968,4492.688318226968,4493.188318226968,1739,800,1270
4496.090194324398,4495.715194324398,4496.465194324398,1569,1008,1289
4492.98823839173,4492.86323839173,4493.11323839173,1591,1802,1697
4488.4862182231545,4488.2362182231545,4488.7362182231545,2607,1082,1845
4485.278968121554,4485.153968121554,4485.403968121554,1129,1560,1345
4482.321483600631,4482.071483600631,4482.571483600631,1262,789,1026
4481.683164725086,4481.558164725086,4481.808164725086,2111,1276,1694
4481.2607426476925,4481.1357426476925,4481.3857426476925,558,1331,945
4475.506698545028,4475.381698545028,4475.631698545028,1855,1756,1806
4471.019476727408,4470.769476727408,4471.269476727408,1104,1315,1210
4473.829155665525,4473.704155665525,4473.954155665525,938,1715,1327
4475.727088881129,4475.602088881129,4475.852088881129,1197,1220,1209
4477.102157016285,4476.852157016285,4477.352157016285,2457,944,1701
4477.0996005886045,4476.8496005886045,4477.3496005886045,1622,693,1158
4471.345136393546,4471.095136393546,4471.595136393546,1235,2118,1677
4481.710044168804,4481.585044168804,4481.835044168804,2176,1599,1888
4485.1056094447495,4484.8556094447495,4485.3556094447495,1829,688,1259
4479.667894723934,4479.417894723934,4479.917894723934,1245,2140,1693
4480.564326038254,4480.439326038254,4480.689326038254,2644,1183,1914
4476.79857129117,4476.67357129117,4476.92357129117,1235,550,893
4477.784178034674,4477.534178034674,4478.034178034674,1379,470,925
4474.94943936154,4474.69943936154,4475.19943936154,1263,2038,1651
4471.6514021832545,4471.5264021832545,4471.7764021832545,1030,1493,1262
4472.918409051693,4472.793409051693,4473.043409051693,1149,1838,1494
4472.459663200922,4472.209663200922,4472.709663200922,1685,912,1299
4471.738047573288,4471.488047573288,4471.988047573288,748,1177,963
4469.6331199951355,4469.3831199951355,4469.8831199951355,1084,849,967
4466.767245076392,4466.642245076392,4466.892245076392,2051,1738,1895
4461.920025566537,4461.670025566537,4462.170025566537,842,1987,1415
4459.099875357098,4458.849875357098,4459.349875357098,1991,1362,1677
4459.7565057936245,4459.5065057936245,4460.0065057936245,1248,1067,1158
4461.0544281146895,4460.9294281146895,4461.1794281146895,2162,1619,1891
4467.763298768008,4467.513298768008,4468.013298768008,1099,1310,1205
4465.83977550619,4465.46477550619,4466.21477550619,2474,1321,1898
4461.928749649851,4461.803749649851,4462.053749649851,983,2758,1871
4464.092754339372,4463.967754339372,4464.217754339372,841,810,826
4465.350479978108,4465.100479978108,4465.600479978108,1371,832,1102
4458.882637655469,4458.632637655469,4459.132637655469,599,1106,853
4451.841036346524,4451.716036346524,4451.966036346524,602,1383,993
4454.496957150273,4454.371957150273,4454.621957150273,1206,1683,1445
4457.810755012138,4457.685755012138,4457.935755012138,588,1201,895
4454.8687858786725,4454.7437858786725,4454.9937858786725,2223,1594,1909
4452.895153580757,4452.770153580757,4453.020153580757,1316,1023,1170
4452.3832775948085,4452.2582775948085,4452.5082775948085,1478,1369,1424
4456.64002586838,4456.51502586838,4456.76502586838,1266,1955,1611
4461.243987750683,4461.118987750683,4461.368987750683,2775,926,1851
4460.959817452199,4460.709817452199,4461.209817452199,1142,531,837
4459.812449752668,4459.562449752668,4460.062449752668,1622,1961,1792
4463.166744047694,4463.041744047694,4463.291744047694,875,1364,1120
4464.407061434961,4464.157061434961,4464.657061434961,1782,1119,1451
4457.01590609572,4456.76590609572,4457.26590609572,2627,1040,1834
4459.074473681716,4458.949473681716,4459.199473681716,1389,1196,1293
4459.581290384734,4459.456290384734,4459.706290384734,1468,889,1179
4457.269342852371,4457.144342852371,4457.394342852371,1573,532,1053
4454.563921743474,4454.438921743474,4454.688921743474,902,2589,1746
4451.783544935916,4451.658544935916,4451.908544935916,1221,452,837
4454.863495478533,4454.488495478533,4455.238495478533,1169,2618,1894
4453.3994649547085,4453.2744649547085,4453.5244649547085,2397,1410,1904
4453.972813929626,4453.847813929626,4454.097813929626,1121,942,1032
4451.8027870006945,4451.5527870006945,4452.0527870006945,795,1030,913
4447.91805714141,4447.79305714141,4448.04305714141,1407,886,1147
4443.927795459594,4443.552795459594,4444.302795459594,2536,1425,1981
4447.728540980176,4447.353540980176,4448.103540980176,1430,1727,1579
4449.270833690122,4449.020833690122,4449.520833690122,501,1418,960
4455.319266267183,4454.944266267183,4455.694266267183,1098,2237,1668
4450.496362682813,4450.371362682813,4450.621362682813,2223,912,1568
4448.090598131875,4447.840598131875,4448.340598131875,919,2330,1625
4449.114905517618,4448.989905517618,4449.239905517618,2364,1063,1714
4448.929033345806,4448.679033345806,4449.179033345806,567,1518,1043
4457.486670558745,4457.111670558745,4457.861670558745,1120,499,810
4454.820364820401,4454.570364820401,4455.070364820401,968,669,819
4452.199559468069,4451.949559468069,4452.449559468069,2439,1492,1966
4455.594050007009,4455.469050007009,4455.719050007009,2307,1014,1661
4453.5362863056325,4453.1612863056325,4453.9112863056325,1871,1542,1707
4451.075197330934,4450.700197330934,4451.450197330934,2479,1376,1928
4442.637822433535,4442.512822433535,4442.762822433535,2422,1527,1975
4434.557066881721,4434.432066881721,4434.682066881721,1671,560,1116
4433.2559297269345,4433.1309297269345,4433.3809297269345,1455,516,986
4434.721661987215,4434.596661987215,4434.846661987215,1159,2358,1759
4436.301238913026,4436.051238913026,4436.551238913026,755,1340,1048
4433.862119310232,4433.737119310232,4433.987119310232,1664,955,1310
4436.4937684349625,4436.3687684349625,4436.6187684349625,832,2003,1418
4437.339634080597,4437.214634080597,4437.464634080597,2768,1147,1958
4442.2408041251865,4441.9908041251865,4442.4908041251865,1107,1492,1300
4448.6101886054,4448.4851886054,4448.7351886054,1524,1261,1393
4450.0431942043615,4449.9181942043615,4450.1681942043615,1099,1402,1251
4450.037868302636,4449.912868302636,4450.162868302636,2480,907,1694
4443.317530725981,4443.067530725981,4443.567530725981,882,1307,1095
4448.095791493217,4447.845791493217,4448.345791493217,1371,468,920
4449.256066340169,4449.131066340169,4449.381066340169,1209,496,853
4453.836097103994,4453.461097103994,4454.211097103994,781,2098,1440
4462.260481700661,4462.135481700661,4462.385481700661,2018,1591,1805
4462.732490323813,4462.607490323813,4462.857490323813,1350,933,1142
4457.811285033601,4457.561285033601,4458.061285033601,1387,1516,1452
4456.420889764305,4456.295889764305,4456.545889764305,1418,1049,1234
4458.856614280003,4458.731614280003,4458.981614280003,434,1243,839
4455.339902213792,4455.214902213792,4455.464902213792,982,2133,1558
4455.844252217207,4455.719252217207,4455.969252217207,1830,1925,1878
4457.538074593704,4457.288074593704,4457.788074593704,946,1711,1329
4453.741032557788,4453.616032557788,4453.866032557788,2740,963,1852
4453.649501187271,4453.524501187271,4453.774501187271,1164,795,980
4455.85407801786,4455.72907801786,4455.97907801786,1396,915,1156
4455.295607045676,4455.170607045676,4455.420607045676,1491,924,1208
4455.845579340609,4455.595579340609,4456.095579340609,1341,774,1058
4458.671726740197,4458.546726740197,4458.796726740197,2136,1501,1819
4458.179364578363,4458.054364578363,4458.304364578363,1670,1053,1362
4458.90245897701,4458.77745897701,4459.02745897701,1183,2324,1754
4461.356726661801,4461.106726661801,4461.606726661801,2675,1078,1877
4461.0319182414005,4460.9069182414005,4461.1569182414005,1939,1146,1543
4464.824528522907,4464.574528522907,4465.074528522907,1282,2227,1755
4462.614884041049,4462.239884041049,4462.989884041049,817,840,829
4455.009985761592,4454.884985761592,4455.134985761592,695,1308,1002
4454.458417792793,4454.333417792793,4454.583417792793,963,638,801
4455.1576041777025,4454.9076041777025,4455.4076041777025,2173,1480,1827
4457.176955772078,4456.926955772078,4457.426955772078,1107,706,907
4457.527519458498,4457.402519458498,4457.652519458498,1103,1632,1368
4464.4136242189625,4464.2886242189625,4464.5386242189625,1452,869,1161
4463.765366487584,4463.640366487584,4463.890366487584,1158,2789,1974
4466.743947192351,4466.493947192351,4466.993947192351,494,1361,928
4466.677059730902,4466.552059730902,4466.802059730902,1849,1970,1910
4464.194749139217,4463.944749139217,4464.444749139217,1223,2694,1959
4457.832610834854,4457.707610834854,4457.957610834854,1316,461,889
4456.702278208085,4456.577278208085,4456.827278208085,784,1335,1060
4454.979699675803,4454.854699675803,4455.104699675803,2685,1120,1903
4450.232452779549,4449.982452779549,4450.482452779549,1971,1316,1644
4454.751983086127,4454.626983086127,4454.876983086127,1615,1552,1584
4460.4430617936305,4460.3180617936305,4460.5680617936305,1213,1258,1236
4460.680120633527,4460.555120633527,4460.805120633527,2075,1362,1719
4464.323771039772,4464.073771039772,4464.573771039772,1601,790,1196
4461.45510367229,4461.08010367229,4461.83010367229,1533,1338,1436
4462.64039994964,4462.51539994964,4462.76539994964,1112,2419,1766
4470.995035014232,4470.870035014232,4471.120035014232,2516,1069,1793
4475.26393948221,4475.13893948221,4475.38893948221,1156,545,851
4481.366654634635,4481.241654634635,4481.491654634635,887,956,922
4478.0304035780055,4477.7804035780055,4478.2804035780055,1921,880,1401
4476.055963766373,4475.805963766373,4476.305963766373,2083,1884,1984
4474.9528311570175,4474.7028311570175,4475.2028311570175,2436,877,1657
4476.895878118337,4476.520878118337,4477.270878118337,804,2299,1552
4480.159212969449,4480.034212969449,4480.284212969449,855,1258,1057
4481.7666842255885,4481.6416842255885,4481.8916842255885,1438,1157,1298
4487.688918369958,4487.563918369958,4487.813918369958,730,1403,1067
4490.440306133963,4490.315306133963,4490.565306133963,2929,1000,1965
4492.158044532178,4492.033044532178,4492.283044532178,1528,1111,1320
4494.585182484302,4494.460182484302,4494.710182484302,799,1118,959
4494.666798352284,4494.291798352284,4495.041798352284,1189,1416,1303
4501.527978298036,4501.402978298036,4501.652978298036,1114,2559,1837
4496.926775433577,4496.801775433577,4497.051775433577,2064,723,1394
4499.538931461748,4499.288931461748,4499.788931461748,649,1854,1252
4497.051700765415,4496.926700765415,4497.176700765415,1314,2067,1691
4494.143075038258,4494.018075038258,4494.268075038258,1172,703,938
4493.462657996425,4493.337657996425,4493.587657996425,1650,1317,1484
4492.61266475976,4492.36266475976,4492.86266475976,1703,2152,1928
4496.333643078213,4496.208643078213,4496.458643078213,1421,1692,1557
4498.522232388311,4498.397232388311,4498.647232388311,2083,740,1412
4502.461861282373,4502.086861282373,4502.836861282373,2020,1755,1888
4497.271711729845,4497.146711729845,4497.396711729845,1351,2370,1861
4490.043817497523,4489.793817497523,4490.293817497523,1966,1287,1627
4490.4673476918715,4490.0923476918715,4490.8423476918715,2034,859,1447
4487.288907809759,4487.163907809759,4487.413907809759,1000,1621,1311
4496.1476869117705,4495.8976869117705,4496.3976869117705,1166,2133,1650
4496.208701208722,4495.958701208722,4496.458701208722,1357,556,957
4491.370701559429,4491.245701559429,4491.495701559429,1066,747,907
4495.828267413655,4495.578267413655,4496.078267413655,1178,1897,1538
4497.1876903741495,4497.0626903741495,4497.3126903741495,2312,891,1602
4496.687817517841,4496.562817517841,4496.812817517841,1672,1447,1560
4488.442323972649,4488.192323972649,4488.692323972649,671,1412,1042
4489.155532520357,4489.030532520357,4489.280532520357,1590,1791,1691
4484.66653520694,4484.41653520694,4484.91653520694,589,1466,1028
4487.616410845123,4487.366410845123,4487.866410845123,1184,699,942
4488.029811947419,4487.779811947419,4488.279811947419,1695,846,1271
4485.200690465087,4484.950690465087,4485.450690465087,1280,589,935
4490.361604468941,4490.111604468941,4490.611604468941,1067,618,843
4491.805974426004,4491.680974426004,4491.930974426004,1383,1942,1663
4487.549822272387,4487.424822272387,4487.674822272387,2621,1328,1975
4484.348594124211,4484.223594124211,4484.473594124211,679,1506,1093
4486.218177060153,4486.093177060153,4486.343177060153,2134,969,1552
4485.197457539918,4484.822457539918,4485.572457539918,1637,2162,1900
4485.437183436456,4485.062183436456,4485.812183436456,1066,865,966
4484.696731632175,4484.571731632175,4484.821731632175,912,799,856
4493.376077481275,4493.251077481275,4493.501077481275,2215,1636,1926
4497.429156577628,4497.304156577628,4497.554156577628,1263,1174,1219
4501.34589914666,4501.22089914666,4501.47089914666,1525,2396,1961
4504.688854161789,4504.438854161789,4504.938854161789,1217,1684,1451
4504.386080101831,4504.261080101831,4504.511080101831,630,1385,1008
4509.533001388921,4509.408001388921,4509.658001388921,1295,440,868
4510.108300290585,4509.858300290585,4510.358300290585,2512,969,1741
4509.428063123185,4509.178063123185,4509.678063123185,1035,1412,1224
4510.293074655131,4510.168074655131,4510.418074655131,1556,955,1256
4514.237416973636,4514.112416973636,4514.362416973636,768,1015,892
4512.639535416877,4512.389535416877,4512.889535416877,1853,840,1347
4510.5160410593135,4510.2660410593135,4510.7660410593135,1673,1454,1564
4503.562083295818,4503.437083295818,4503.687083295818,1184,2545,1865
4505.85442351142,4505.72942351142,4505.97942351142,1363,488,926
4505.93768851322,4505.81268851322,4506.06268851322,924,1433,1179
4509.983785457688,4509.608785457688,4510.358785457688,1065,2612,1839
4505.828747387487,4505.578747387487,4506.078747387487,2703,1032,1868
4507.9508769976965,4507.8258769976965,4508.0758769976965,2364,827,1596
4510.253111908151,4510.003111908151,4510.503111908151,2183,1098,1641
4508.087955857787,4507.712955857787,4508.462955857787,2265,1448,1857
4512.124255255534,4511.999255255534,4512.249255255534,1141,924,1033
4513.206236401871,4512.956236401871,4513.456236401871,718,2005,1362
4517.026022601932,4516.901022601932,4517.151022601932,920,2217,1569
4517.179146288203,4516.804146288203,4517.554146288203,1156,1381,1269
4517.64438568409,4517.51938568409,4517.76938568409,812,2283,1548
4513.922497766175,4513.672497766175,4514.172497766175,1054,865,960
4514.323751816022,4514.198751816022,4514.448751816022,775,1908,1342
4517.687730095357,4517.562730095357,4517.812730095357,1111,1858,1485
4513.6055848795095,4513.4805848795095,4513.7305848795095,723,1868,1296
4509.683345455116,4509.308345455116,4510.058345455116,1038,1301,1170
4505.172457571341,4505.047457571341,4505.297457571341,1570,2061,1816
4509.022526695955,4508.647526695955,4509.397526695955,2336,1631,1984
4504.523158300646,4504.398158300646,4504.648158300646,1129,636,883
4502.923087360012,4502.798087360012,4503.048087360012,1059,782,921
4504.756930070846,4504.506930070846,4505.006930070846,1651,1432,1542
4497.3465483119835,4497.2215483119835,4497.4715483119835,962,1279,1121
4500.731823068361,4500.481823068361,4500.981823068361,852,1405,1129
4500.009619612024,4499.634619612024,4500.384619612024,1802,1993,1898
4494.44765186079,4494.32265186079,4494.57265186079,2215,1160,1688
4480.334570812588,4480.084570812588,4480.584570812588,955,1744,1350
4475.418615583432,4475.168615583432,4475.668615583432,1386,711,1049
4477.443727001812,4477.068727001812,4477.818727001812,1382,481,932
4479.608993096997,4479.483993096997,4479.733993096997,579,1642,1111
4481.714799437984,4481.339799437984,4482.089799437984,1132,1495,1314
4484.93029863328,4484.80529863328,4485.05529863328,1156,1357,1257
4495.064533480149,4494.814533480149,4495.314533480149,923,2174,1549
4491.108109417102,4490.733109417102,4491.483109417102,515,1382,949
4489.800716163601,4489.675716163601,4489.925716163601,1530,2205,1868
4494.104631121556,4493.979631121556,4494.229631121556,1846,1327,1587
4500.541122135479,4500.166122135479,4500.916122135479,977,1236,1107
4496.542406719104,4496.417406719104,4496.667406719104,571,1256,914
4495.575339442133,4495.450339442133,4495.700339442133,982,2659,1821
4497.249116347059,4496.999116347059,4497.499116347059,1510,795,1153
4489.613585292371,4489.488585292371,4489.738585292371,775,2286,1531
4492.527988134051,4492.402988134051,4492.652988134051,1479,1634,1557
4490.4950021733175,4490.3700021733175,4490.6200021733175,866,1397,1132
4494.428908364446,4494.178908364446,4494.678908364446,712,1057,885
4491.021415872804,4490.896415872804,4491.146415872804,781,914,848
4492.838350929716,4492.588350929716,4493.088350929716,1842,863,1353
4489.959413020603,4489.834413020603,4490.084413020603,1453,972,1213
4489.129851375138,4489.004851375138,4489.254851375138,699,932,816
4483.832919134333,4483.707919134333,4483.957919134333,1601,1010,1306
4485.231668893757,4485.106668893757,4485.356668893757,613,1408,1011
4482.197143227186,4482.072143227186,4482.322143227186,796,1129,963
4485.450556184928,4485.325556184928,4485.575556184928,1982,689,1336
4486.47490274637,4486.34990274637,4486.59990274637,1149,906,1028
4491.195560473877,4491.070560473877,4491.320560473877,796,2283,1540
4493.265080669858,4493.015080669858,4493.515080669858,2066,1399,1733
4486.372195333434,4486.247195333434,4486.497195333434,1442,1827,1635
4483.614453810219,4483.489453810219,4483.739453810219,1416,1369,1393
4480.783067271911,4480.658067271911,4480.908067271911,791,1396,1094
4477.012167812019,4476.887167812019,4477.137167812019,1031,2000,1516
4477.652450128415,4477.402450128415,4477.902450128415,669,1816,1243
4473.6766200007705,4473.5516200007705,4473.8016200007705,1627,1530,1579
4462.536987226653,4462.286987226653,4462.786987226653,1545,584,1065
4458.0105746268255,4457.8855746268255,4458.1355746268255,1295,2664,1980
4458.098743806399,4457.848743806399,4458.348743806399,2200,1205,1703
4450.894772746017,4450.769772746017,4451.019772746017,1552,789,1171
4448.705164301596,4448.455164301596,4448.955164301596,2229,996,1613
4450.058326155521,4449.808326155521,4450.308326155521,1681,1366,1524
4449.016448689636,4448.891448689636,4449.141448689636,1302,1123,1213
4444.9759590166905,4444.7259590166905,4445.2259590166905,2503,1238,1871
4442.719333347977,4442.594333347977,4442.844333347977,1301,2512,1907
4440.581678542679,4440.331678542679,4440.831678542679,867,2436,1652
4446.555921222483,4446.305921222483,4446.805921222483,2167,1354,1761
4449.842571258093,4449.592571258093,4450.092571258093,2019,1412,1716
4446.423409673252,4446.298409673252,4446.548409673252,1028,1391,1210
4446.849317767767,4446.474317767767,4447.224317767767,2024,1597,1811
4455.105274995518,4454.980274995518,4455.230274995518,747,1324,1036
4466.041592555458,4465.916592555458,4466.166592555458,1129,2562,1846
4466.00524760462,4465.63024760462,4466.38024760462,1487,896,1192
4466.618628895085,4466.493628895085,4466.743628895085,1353,1022,1188
4463.56540031843,4463.44040031843,4463.69040031843,2281,1072,1677
4465.11039044128,4464.86039044128,4465.36039044128,1183,712,948
4469.069943439936,4468.944943439936,4469.194943439936,1699,1722,1711
4466.818280676659,4466.568280676659,4467.068280676659,531,1356,944
4459.684726891849,4459.559726891849,4459.809726891849,1229,1098,1164
4453.114999105396,4452.989999105396,4453.239999105396,1129,1682,1406
4451.8874614197075,4451.7624614197075,4452.0124614197075,1958,1141,1550
4451.382573016518,4451.132573016518,4451.632573016518,460,1379,920
4449.752748055544,4449.627748055544,4449.877748055544,1473,2226,1850
4449.142299153891,4448.892299153891,4449.392299153891,939,1116,1028
4447.255434853523,4447.130434853523,4447.380434853523,2165,1498,1832
4450.687264620407,4450.562264620407,4450.812264620407,806,861,834
4450.601696295301,4450.226696295301,4450.976696295301,475,1342,909
4447.506189811224,4447.256189811224,4447.756189811224,1932,1717,1825
4454.418608572085,4454.168608572085,4454.668608572085,1477,832,1155
4448.888688830565,4448.763688830565,4449.013688830565,2653,960,1807
4446.654943767731,4446.404943767731,4446.904943767731,1211,2260,1736
4444.43459116964,4444.30959116964,4444.55959116964,1869,1552,1711
4432.779348840987,4432.654348840987,4432.904348840987,745,1526,1136
4440.622781161332,4440.372781161332,4440.872781161332,847,2540,1694
4441.498072867621,4441.373072867621,4441.623072867621,657,1236,947
4438.504118863493,4438.379118863493,4438.629118863493,1821,2090,1956
4439.640520409285,4439.390520409285,4439.890520409285,2442,903,1673
4437.218978380547,4437.093978380547,4437.343978380547,1060,1597,1329
4451.271201672058,4451.021201672058,4451.521201672058,1624,643,1134
4453.69383693604,4453.56883693604,4453.81883693604,1361,1656,1509
4460.547056069698,4460.297056069698,4460.797056069698,688,1169,929
4466.466553896803,4466.341553896803,4466.591553896803,1493,892,1193
4461.379993619611,4461.254993619611,4461.504993619611,1151,1818,1485
4461.150439178442,4461.025439178442,4461.275439178442,1930,761,1346
4467.913400586289,4467.663400586289,4468.163400586289,2000,1397,1699
4477.130952309696,4477.005952309696,4477.255952309696,573,1378,976
4479.950080211524,4479.700080211524,4480.200080211524,1282,535,909
4470.210928528485,4470.085928528485,4470.335928528485,960,639,800
4471.47511688642,4471.35011688642,4471.60011688642,1254,1659,1457
4469.542891493667,4469.167891493667,4469.917891493667,1941,1006,1474
4470.406518026594,4470.281518026594,4470.531518026594,965,1644,1305
4477.320804514219,4477.070804514219,4477.570804514219,1486,511,999
4477.5850452600125,4477.4600452600125,4477.7100452600125,1850,751,1301
4476.672223019462,4476.547223019462,4476.797223019462,979,828,904
4474.223308728216,4474.098308728216,4474.348308728216,1620,1607,1614
4466.20642405274,4465.95642405274,4466.45642405274,2523,1270,1897
4460.542124553627,4460.167124553627,4460.917124553627,1229,1524,1377
4457.090823269695,4456.840823269695,4457.340823269695,1221,792,1007
4464.414892275539,4464.289892275539,4464.539892275539,1331,714,1023
4472.293218800225,4472.168218800225,4472.418218800225,2326,1105,1716
4463.915692292541,4463.790692292541,4464.040692292541,1638,739,1189
4468.396413833316,4468.021413833316,4468.771413833316,1661,602,1132
4468.213452057602,4467.963452057602,4468.463452057602,1223,2574,1899
4467.34894064352,4467.22394064352,4467.47394064352,1840,1561,1701
4469.0000910114,4468.6250910114,4469.3750910114,1758,1823,1791
4475.874595020521,4475.749595020521,4475.999595020521,1625,2092,1859
4472.06324012958,4471.93824012958,4472.18824012958,1920,1741,1831
4471.907153391891,4471.657153391891,4472.157153391891,1684,1445,1565
4470.288772114256,4470.163772114256,4470.413772114256,2224,1407,1816
4467.104515959036,4466.979515959036,4467.229515959036,1042,2409,1726
4466.131786651053,4466.006786651053,4466.256786651053,2333,1608,1971
4462.685626627034,4462.560626627034,4462.810626627034,864,901,883
4461.230341245185,4461.105341245185,4461.355341245185,1186,1687,1437
4456.193690868166,4456.068690868166,4456.318690868166,1003,900,952
4460.726531356813,4460.601531356813,4460.851531356813,970,2585,1778
4461.04521184778,4460.92021184778,4461.17021184778,2337,1128,1733
4461.2736827622775,4461.1486827622775,4461.3986827622775,1701,1378,1540
4465.656318078642,4465.531318078642,4465.781318078642,994,2605,1800
4461.436762378442,4461.311762378442,4461.561762378442,2383,1234,1809
4460.75793274636,4460.63293274636,4460.88293274636,1948,1771,1860
4453.018765564229,4452.893765564229,4453.143765564229,1239,2328,1784
4442.43369974692,4442.30869974692,4442.55869974692,1136,507,822
4441.300579461419,4441.175579461419,4441.425579461419,912,1963,1438
4437.397937772823,4437.272937772823,4437.522937772823,709,1034,872
4438.188719082046,4437.813719082046,4438.563719082046,1590,1993,1792
4438.884000862491,4438.759000862491,4439.009000862491,1272,659,966
4442.466556538896,4442.216556538896,4442.716556538896,2103,844,1474
4449.067206702246,4448.692206702246,4449.442206702246,1202,1247,1225
4447.346426239185,4447.221426239185,4447.471426239185,931,2188,1560
4441.042616252593,4440.917616252593,4441.167616252593,2591,1232,1912
4444.730220743629,4444.480220743629,4444.980220743629,1984,1067,1526
4447.9796907379105,4447.8546907379105,4448.1046907379105,1523,552,1038
4452.860290477088,4452.610290477088,4453.110290477088,1621,2140,1881
4450.975775034906,4450.725775034906,4451.225775034906,2634,905,1770
4450.565697329482,4450.440697329482,4450.690697329482,649,1642,1146
4455.08218984378,4454.83218984378,4455.33218984378,1580,527,1054
4450.997062365639,4450.747062365639,4451.247062365639,1141,2130,1636
4445.021894246405,4444.896894246405,4445.146894246405,1598,1427,1513
4439.598715094153,4439.473715094153,4439.723715094153,1186,1169,1178
4437.967141186514,4437.717141186514,4438.217141186514,702,1501,1102
4436.397790792311,4436.147790792311,4436.647790792311,766,2209,1488
4443.839881984755,4443.714881984755,4443.964881984755,2048,959,1504
4438.178704077106,4438.053704077106,4438.303704077106,1220,2273,1747
4438.544762346349,4438.419762346349,4438.669762346349,984,2789,1887
4440.3739169339015,4440.2489169339015,4440.4989169339015,1859,876,1368
4439.282576108555,4439.157576108555,4439.407576108555,1168,1439,1304
4437.322697042969,4437.197697042969,4437.447697042969,1153,1142,1148
4439.8034089960065,4439.6784089960065,4439.9284089960065,982,1423,1203
4440.231497217104,4439.981497217104,4440.481497217104,1772,1117,1445
4437.99734887471,4437.74734887471,4438.24734887471,1061,2452,1757
4439.661784704468,4439.536784704468,4439.786784704468,1559,1566,1563
4436.50608185551,4436.38108185551,4436.63108185551,878,2151,1515
4437.35403725019,4437.10403725019,4437.60403725019,1438,1437,1438
4432.8567929073015,4432.7317929073015,4432.9817929073015,1699,1810,1755
4437.740492685205,4437.615492685205,4437.865492685205,785,1474,1130
4440.458515278134,4440.083515278134,4440.833515278134,1210,903,1057
4443.372206252511,4443.122206252511,4443.622206252511,1050,681,866
4440.519179127498,4440.269179127498,4440.769179127498,744,1239,992
4440.248244969539,4440.123244969539,4440.373244969539,1128,1049,1089
4441.236080424836,4441.111080424836,4441.361080424836,1133,2192,1663
4433.864458038793,4433.614458038793,4434.114458038793,602,1131,867
4432.251093597578,4432.001093597578,4432.501093597578,1098,587,843
4438.469727775197,4438.344727775197,4438.594727775197,1079,1212,1146
4433.6708042207065,4433.5458042207065,4433.7958042207065,1070,879,975
4431.497303665917,4431.372303665917,4431.622303665917,2192,1465,1829
4429.361647405408,4429.236647405408,4429.486647405408,1570,629,1100
4418.904169241933,4418.779169241933,4419.029169241933,1466,947,1207
4419.593707471876,4419.343707471876,4419.843707471876,1088,1025,1057
4419.386522693067,4419.011522693067,4419.761522693067,971,1072,1022
4421.864518057118,4421.739518057118,4421.989518057118,1363,1054,1209
4418.679998646246,4418.429998646246,4418.929998646246,1420,2545,1983
4423.376447100882,4423.251447100882,4423.501447100882,1438,1443,1441
4421.654492636069,4421.529492636069,4421.779492636069,509,1096,803
4426.182304461527,4426.057304461527,4426.307304461527,1638,927,1283
4424.311399367062,4424.186399367062,4424.436399367062,2672,1043,1858
4421.005119817813,4420.880119817813,4421.130119817813,1060,877,969
4424.508721496664,4424.383721496664,4424.633721496664,886,2405,1646
4420.650980599312,4420.400980599312,4420.900980599312,1456,1213,1335
4417.691054369852,4417.441054369852,4417.941054369852,1940,1775,1858
4424.825895349482,4424.700895349482,4424.950895349482,669,956,813
4430.835470893548,4430.460470893548,4431.210470893548,1059,2040,1550
4430.94526270194,4430.69526270194,4431.19526270194,1461,2178,1820
4428.496462817111,4428.371462817111,4428.621462817111,1808,1865,1837
4422.451499224229,4422.326499224229,4422.576499224229,1132,541,837
4419.926914558272,4419.801914558272,4420.051914558272,1005,2254,1630
4428.532388341997,4428.407388341997,4428.657388341997,2477,1130,1804
4432.188007453034,4432.063007453034,4432.313007453034,1006,1435,1221
4445.320267284665,4445.195267284665,4445.445267284665,1694,1053,1374
4445.93110459803,4445.80610459803,4446.05610459803,536,1581,1059
4451.183201168856,4451.058201168856,4451.308201168856,535,1484,1010
4445.091331451997,4444.966331451997,4445.216331451997,680,1377,1029
4444.029238995721,4443.904238995721,4444.154238995721,1355,1570,1463
4444.588723532211,4444.338723532211,4444.838723532211,658,1329,994
4444.460471129841,4444.335471129841,4444.585471129841,748,981,865
4447.730507721408,4447.605507721408,4447.855507721408,1308,955,1132
4454.081633092518,4453.956633092518,4454.206633092518,759,1350,1055
4452.957922393006,4452.832922393006,4453.082922393006,2237,1632,1935
4458.6096340617,4458.4846340617,4458.7346340617,871,860,866
4452.00710905906,4451.63210905906,4452.38210905906,764,1515,1140
4453.274242354693,4453.024242354693,4453.524242354693,1664,1363,1514
4451.290570371174,4451.165570371174,4451.415570371174,1030,925,978
4452.307596046311,4452.182596046311,4452.432596046311,1700,1421,1561
4452.202257104404,4452.077257104404,4452.327257104404,861,1816,1339
4453.8325725880295,4453.4575725880295,4454.2075725880295,717,2068,1393
4452.847463099269,4452.722463099269,4452.972463099269,1329,568,949
4449.205798679995,4448.955798679995,4449.455798679995,984,2833,1909
4448.790822318361,4448.415822318361,4449.165822318361,553,1242,898
4455.887937804328,4455.762937804328,4456.012937804328,1164,2185,1675
4453.305888350907,4453.180888350907,4453.430888350907,824,2415,1620
4454.382640570616,4454.257640570616,4454.507640570616,834,2399,1617
4454.567462110225,4454.317462110225,4454.817462110225,977,1174,1076
4456.173389939466,4456.048389939466,4456.298389939466,2066,693,1380
4451.168523690898,4451.043523690898,4451.293523690898,1710,817,1264
4447.643620491445,4447.518620491445,4447.768620491445,1141,888,1015
4444.640788104695,4444.390788104695,4444.890788104695,778,1297,1038
4445.956078063573,4445.831078063573,4446.081078063573,2297,1474,1886
4439.273902316417,4439.148902316417,4439.398902316417,1228,2333,1781
4437.683422666355,4437.558422666355,4437.808422666355,566,1365,966
4432.657054801954,4432.532054801954,4432.782054801954,1521,964,1243
4432.299683449891,4431.924683449891,4432.674683449891,919,1912,1416
4433.1254257807495,4433.0004257807495,4433.2504257807495,787,1922,1355
4428.516636037766,4428.266636037766,4428.766636037766,1052,1967,1510
4427.118089357472,4426.993089357472,4427.243089357472,1654,1551,1603
4429.033764705567,4428.908764705567,4429.158764705567,1243,1196,1220
4431.692345472784,4431.567345472784,4431.817345472784,2181,1666,1924
4425.29434437139,4425.04434437139,4425.54434437139,1482,1775,1629
4424.633109203565,4424.508109203565,4424.758109203565,2542,1225,1884
4420.190009970312,4419.940009970312,4420.440009970312,1822,1101,1462
4415.891884941707,4415.766884941707,4416.016884941707,1079,1980,1530
4412.504593071383,4412.379593071383,4412.629593071383,1058,1905,1482
4416.183652228826,4416.058652228826,4416.308652228826,1110,653,882
4422.428651787715,4422.053651787715,4422.803651787715,937,724,831
4427.570542350115,4427.320542350115,4427.820542350115,1796,751,1274
4424.917346868444,4424.667346868444,4425.167346868444,540,1149,845
4421.276757361621,4421.151757361621,4421.401757361621,568,1587,1078
4417.409412470201,4417.284412470201,4417.534412470201,1232,1087,1160
4415.163506269928,4415.038506269928,4415.288506269928,1244,1175,1210
4412.666470954408,4412.291470954408,4413.041470954408,1753,932,1343
4416.175579079006,4415.800579079006,4416.550579079006,1427,1890,1659
4417.611578675421,4417.361578675421,4417.861578675421,1187,1264,1226
4420.335797597975,4420.085797597975,4420.585797597975,899,2100,1500
4425.261408858681,4425.136408858681,4425.386408858681,1000,871,936
4422.870961406151,4422.495961406151,4423.245961406151,1582,2343,1963
4419.581597739202,4419.331597739202,4419.831597739202,2187,1676,1932
4422.080215542137,4421.830215542137,4422.330215542137,1284,1489,1387
4418.537540064854,4418.412540064854,4418.662540064854,1257,756,1007
4416.638840451072,4416.388840451072,4416.888840451072,1225,1100,1163
4420.252992195293,4420.002992195293,4420.502992195293,1270,2727,1999
4425.216463846334,4425.091463846334,4425.341463846334,854,937,896
4423.590740218102,4423.340740218102,4423.840740218102,2083,950,1517
4423.651943548515,4423.526943548515,4423.776943548515,771,1348,1060
4423.963360532721,4423.588360532721,4424.338360532721,1908,1419,1664
4428.718813908077,4428.593813908077,4428.843813908077,1129,1590,1360
4429.571182165501,4429.446182165501,4429.696182165501,2069,1534,1802
4432.580975344692,4432.330975344692,4432.830975344692,1238,2081,1660
4436.1642687721705,4436.0392687721705,4436.2892687721705,1817,2084,1951
4441.100230210877,4440.975230210877,4441.225230210877,882,941,912
4443.520921254457,4443.395921254457,4443.645921254457,1866,1987,1927
4440.257211562399,4440.132211562399,4440.382211562399,471,1238,855
4445.2121530085315,4444.9621530085315,4445.4621530085315,1673,1040,1357
4448.476256588573,4448.351256588573,4448.601256588573,1794,1371,1583
4447.295430622228,4447.170430622228,4447.420430622228,1885,1262,1574
4437.035541223467,4436.660541223467,4437.410541223467,1640,2273,1957
4440.59452596614,4440.46952596614,4440.71952596614,1084,759,922
4446.154596679425,4445.904596679425,4446.404596679425,1165,570,868
4441.915438839943,4441.790438839943,4442.040438839943,1224,1387,1306
4445.802476677952,4445.552476677952,4446.052476677952,1218,2335,1777
4445.577521305714,4445.452521305714,4445.702521305714,1410,2165,1788
4443.482524197709,4443.357524197709,4443.607524197709,1006,1655,1331
4443.840250355725,4443.590250355725,4444.090250355725,1269,1054,1162
4443.26002785724,4443.13502785724,4443.38502785724,1031,1116,1074
4448.573367326554,4448.448367326554,4448.698367326554,1124,2025,1575
4445.483506712093,4445.233506712093,4445.733506712093,1168,1385,1277
4443.0149089733295,4442.8899089733295,4443.1399089733295,625,1366,996
4437.711957596885,4437.586957596885,4437.836957596885,1082,815,949
4440.008243536595,4439.883243536595,4440.133243536595,1741,752,1247
4435.0951934587565,4434.9701934587565,4435.2201934587565,1055,1742,1399
4436.651253649381,4436.526253649381,4436.776253649381,805,1290,1048
4434.991183329732,4434.866183329732,4435.116183329732,902,765,834
4435.5231950667385,4435.3981950667385,4435.6481950667385,1602,807,1205
4433.968034855881,4433.593034855881,4434.343034855881,2191,730,1461
4443.123441313224,4442.873441313224,4443.373441313224,2036,1735,1886
4444.337554184898,4444.087554184898,4444.587554184898,1486,1197,1342
4449.69090932639,4449.56590932639,4449.81590932639,1123,1220,1172
4443.207775176628,4443.082775176628,4443.332775176628,1075,2788,1932
4439.211076376092,4438.961076376092,4439.461076376092,680,1261,971
4433.388285670122,4433.263285670122,4433.513285670122,529,1502,1016
4438.0238710184985,4437.8988710184985,4438.1488710184985,1235,1440,1338
4439.530436159018,4439.405436159018,4439.655436159018,2236,1733,1985
4437.777544095139,4437.527544095139,4438.027544095139,1449,1190,1320
4440.019871787601,4439.894871787601,4440.144871787601,1209,2188,1699
4453.044327752005,4452.794327752005,4453.294327752005,1036,1083,1060
4451.19867029686,4450.82367029686,4451.57367029686,1923,1780,1852
4446.9781902842,4446.8531902842,4447.1031902842,1930,913,1422
4456.352593091046,4456.227593091046,4456.477593091046,2456,1539,1998
4458.680812507513,4458.555812507513,4458.805812507513,926,1341,1134
4459.115990914981,4458.865990914981,4459.365990914981,1617,1114,1366
4455.441255048744,4455.316255048744,4455.566255048744,1079,1450,1265
4455.598157165453,4455.223157165453,4455.973157165453,1217,1716,1467
4454.966801629366,4454.841801629366,4455.091801629366,491,1166,829
4452.044366448753,4451.794366448753,4452.294366448753,652,967,810
4449.577693942877,4449.452693942877,4449.702693942877,1522,1061,1292
4448.299232987081,4448.174232987081,4448.424232987081,1444,497,971
4446.7213256368495,4446.5963256368495,4446.8463256368495,2444,873,1659
4449.442266905697,4449.317266905697,4449.567266905697,1584,905,1245
4449.882454598925,4449.632454598925,4450.132454598925,837,1574,1206
4451.770842647763,4451.645842647763,4451.895842647763,967,760,864
4450.563631005502,4450.313631005502,4450.813631005502,1846,963,1405
4452.019461438153,4451.769461438153,4452.269461438153,982,991,987
4449.782731333153,4449.657731333153,4449.907731333153,891,2424,1658
4450.993676919361,4450.868676919361,4451.118676919361,864,2365,1615
4450.457865187856,4450.332865187856,4450.582865187856,2338,1039,1689
4451.257635947911,4450.882635947911,4451.632635947911,1384,729,1057
4449.157161137496,4449.032161137496,4449.282161137496,2679,1288,1984
4450.177606178407,4449.927606178407,4450.427606178407,1054,2485,1770
4451.797381224984,4451.672381224984,4451.922381224984,1675,1896,1786
4450.451975658961,4450.326975658961,4450.576975658961,2163,1384,1774
4456.588450342876,4456.463450342876,4456.713450342876,1603,1564,1584
4458.795137803246,4458.545137803246,4459.045137803246,517,1290,904
4447.961825134922,4447.836825134922,4448.086825134922,868,2341,1605
4446.39277794073,4446.26777794073,4446.51777794073,1961,756,1359
4447.606857022353,4447.481857022353,4447.731857022353,1345,1252,1299
4453.367707875758,4453.242707875758,4453.492707875758,1517,930,1224
4457.2306346391315,4457.1056346391315,4457.3556346391315,884,2403,1644
4453.249662904422,4453.124662904422,4453.374662904422,1080,577,829
4458.57809389953,4458.45309389953,4458.70309389953,1937,1296,1617
4458.893545273275,4458.768545273275,4459.018545273275,1566,821,1194
4456.42470748437,4456.29970748437,4456.54970748437,1461,1906,1684
4460.3723244432085,4460.1223244432085,4460.6223244432085,1674,2055,1865
4458.74453873177,4458.61953873177,4458.86953873177,945,2294,1620
4458.0897786112655,4457.9647786112655,4458.2147786112655,1473,1558,1516
4456.278853109876,4456.153853109876,4456.403853109876,1666,1275,1471
4455.04073829461,4454.91573829461,4455.16573829461,1037,2250,1644
4457.988173738121,4457.738173738121,4458.238173738121,1091,2148,1620
4458.524497921017,4458.399497921017,4458.649497921017,2373,1488,1931
4460.828124125224,4460.703124125224,4460.953124125224,1731,1750,1741
4461.925183206559,4461.675183206559,4462.175183206559,1931,1394,1663
4457.657596926124,4457.532596926124,4457.782596926124,594,1723,1159
4461.5738371987745,4461.4488371987745,4461.6988371987745,1377,2442,1910
4456.788127041117,4456.663127041117,4456.913127041117,929,1868,1399
4455.007309282269,4454.882309282269,4455.132309282269,1929,730,1330
4449.257540197277,4449.007540197277,4449.507540197277,1331,1982,1657
4450.447852420893,4450.322852420893,4450.572852420893,1428,1721,1575
4452.1370913087385,4452.0120913087385,4452.2620913087385,1289,1000,1145
4451.0052148566865,4450.8802148566865,4451.1302148566865,1354,499,927
4455.327296591297,4455.077296591297,4455.577296591297,1273,1856,1565
4453.2626607097645,4453.1376607097645,4453.3876607097645,1491,1548,1520
4454.500570067422,4454.375570067422,4454.625570067422,951,1190,1071
4458.099731156976,4457.974731156976,4458.224731156976,1878,753,1316
4462.060846619888,4461.935846619888,4462.185846619888,809,1828,1319
4460.152364751775,4460.027364751775,4460.277364751775,709,1312,1011
4461.233351070323,4460.858351070323,4461.608351070323,991,732,862
4462.317064255744,4462.067064255744,4462.567064255744,1177,1320,1249
4457.768792815966,4457.518792815966,4458.018792815966,1027,640,834
4458.870021164127,4458.745021164127,4458.995021164127,1241,952,1097
4456.385670717746,4456.010670717746,4456.760670717746,1998,1817,1908
4454.309323551503,4453.934323551503,4454.684323551503,584,1385,985
4460.710762025359,4460.585762025359,4460.835762025359,517,1426,972
4462.104609850576,4461.729609850576,4462.479609850576,647,1024,836
4461.587737951098,4461.337737951098,4461.837737951098,896,2277,1587
4463.909276798729,4463.784276798729,4464.034276798729,2765,1136,1951
4459.91674507987,4459.66674507987,4460.16674507987,836,791,814
4461.374790579638,4461.124790579638,4461.624790579638,1353,1876,1615
4460.935548319506,4460.560548319506,4461.310548319506,1152,691,922
4465.300779652671,4465.050779652671,4465.550779652671,441,1164,803
4465.738115950967,4465.613115950967,4465.863115950967,1514,2117,1816
4463.594181973423,4463.469181973423,4463.719181973423,1976,1141,1559
4464.71688763545,4464.59188763545,4464.84188763545,1573,1278,1426
4465.007090512594,4464.882090512594,4465.132090512594,2042,975,1509
4466.284110809557,4466.159110809557,4466.409110809557,1053,1196,1125
4467.0573927481555,4466.9323927481555,4467.1823927481555,776,875,826
4468.267349497517,4468.017349497517,4468.517349497517,2082,1153,1618
4464.9468004652335,4464.5718004652335,4465.3218004652335,1412,1713,1563
4467.865556996731,4467.740556996731,4467.990556996731,1107,966,1037
4465.338235347946,4465.213235347946,4465.463235347946,1595,1224,1410
4467.363836061551,4467.238836061551,4467.488836061551,815,2010,1413
4469.9485586424025,4469.6985586424025,4470.1985586424025,2712,1041,1877
4474.145394390919,4474.020394390919,4474.270394390919,1023,982,1003
4470.998415258495,4470.623415258495,4471.373415258495,1675,800,1238
4470.128460485846,4469.878460485846,4470.378460485846,1579,2302,1941
4469.726423613095,4469.476423613095,4469.976423613095,835,1926,1381
4465.006549361119,4464.881549361119,4465.131549361119,805,1400,1103
4461.205141982649,4461.080141982649,4461.330141982649,1026,1373,1200
4461.27890020197,4461.15390020197,4461.40390020197,717,1384,1051
4458.343573802254,4458.093573802254,4458.593573802254,1233,448,841
4459.912966231348,4459.787966231348,4460.037966231348,1411,504,958
4457.32423543807,4457.19923543807,4457.44923543807,794,859,827
4455.83962957218,4455.71462957218,4455.96462957218,2581,890,1736
4456.143626391133,4456.018626391133,4456.268626391133,1721,1328,1525
4458.478694729043,4458.228694729043,4458.728694729043,1041,2138,1590
4455.825381524622,4455.575381524622,4456.075381524622,1568,1297,1433
4450.079217352175,4449.954217352175,4450.204217352175,1505,660,1083
4447.975610012758,4447.725610012758,4448.225610012758,1923,1650,1787
4448.173878053555,4447.923878053555,4448.423878053555,596,1683,1140
4447.296164632897,4447.171164632897,4447.421164632897,2339,970,1655
4453.87398014298,4453.74898014298,4453.99898014298,1281,890,1086
4449.331835646038,4449.206835646038,4449.456835646038,1087,2120,1604
4448.314111864257,4448.189111864257,4448.439111864257,1147,624,886
4445.015800185841,4444.890800185841,4445.140800185841,1045,2122,1584
4442.61354069978,4442.48854069978,4442.73854069978,2392,1491,1942
4441.445806556388,4441.320806556388,4441.570806556388,953,1806,1380
4440.525048696287,4440.400048696287,4440.650048696287,2264,907,1586
4438.703123353504,4438.578123353504,4438.828123353504,771,1914,1343
4441.422122196597,4441.297122196597,4441.547122196597,869,2154,1512
4444.778375953689,4444.653375953689,4444.903375953689,1280,481,881
4447.601250174758,4447.476250174758,4447.726250174758,675,1762,1219
4443.310711443184,4443.185711443184,4443.435711443184,1605,978,1292
4443.709867660318,4443.584867660318,4443.834867660318,2642,1025,1834
4446.123535290898,4445.873535290898,4446.373535290898,1057,1514,1286
4445.20464044863,4444.95464044863,4445.45464044863,1299,2200,1750
4446.106973568512,4445.981973568512,4446.231973568512,1092,999,1046
4446.21320981294,4446.08820981294,4446.33820981294,1417,650,1034
4447.533578821042,4447.408578821042,4447.658578821042,1102,993,1048
4445.667513850772,4445.542513850772,4445.792513850772,1123,1388,1256
4444.913071888867,4444.663071888867,4445.163071888867,611,1758,1185
4445.394637090806,4445.269637090806,4445.519637090806,1114,1899,1507
4445.5452504260775,4445.2952504260775,4445.7952504260775,1521,662,1092
4439.048415565773,4438.923415565773,4439.173415565773,747,1480,1114
4440.871381485228,4440.746381485228,4440.996381485228,1648,1227,1438
4442.909159200012,4442.784159200012,4443.034159200012,952,1117,1035
4441.102102483061,4440.852102483061,4441.352102483061,1731,824,1278
4440.509371990417,4440.384371990417,4440.634371990417,1238,1971,1605
4439.663803751565,4439.538803751565,4439.788803751565,2035,1012,1524
4438.170073323426,4438.045073323426,4438.295073323426,1810,1959,1885
4438.007086870548,4437.632086870548,4438.382086870548,2592,985,1789
4436.968593299646,4436.718593299646,4437.218593299646,2801,1186,1994
4441.01378301899,4440.88878301899,4441.13878301899,2175,1116,1646
4440.340822470623,4440.090822470623,4440.590822470623,581,1102,842
4442.374513885606,4442.124513885606,4442.624513885606,1998,745,1372
4444.657985207412,4444.532985207412,4444.782985207412,701,2084,1393
4448.649028992743,4448.399028992743,4448.899028992743,1274,1281,1278
4452.425361466677,4452.300361466677,4452.550361466677,1335,1188,1262
4452.740561081168,4452.615561081168,4452.865561081168,1761,1078,1420
4457.012578152707,4456.887578152707,4457.137578152707,1060,1089,1075
4462.271961364877,4462.146961364877,4462.396961364877,1735,1550,1643
4463.275347616061,4463.150347616061,4463.400347616061,1273,582,928
4463.644816079123,4463.394816079123,4463.894816079123,2041,1722,1882
4464.163741009764,4463.913741009764,4464.413741009764,956,2699,1828
4465.873441593066,4465.748441593066,4465.998441593066,768,1031,900
4465.538481315889,4465.413481315889,4465.663481315889,1117,1262,1190
4469.361047160746,4469.111047160746,4469.611047160746,2306,1375,1841
4469.9631375989175,4469.5881375989175,4470.3381375989175,1259,1918,1589
4468.388071031516,4468.138071031516,4468.638071031516,1038,2463,1751
4466.951699578854,4466.701699578854,4467.201699578854,1502,733,1118
4471.18851837501,4471.06351837501,4471.31351837501,951,860,906
4469.3151423398895,4469.1901423398895,4469.4401423398895,1461,1020,1241
4467.360421479756,4467.110421479756,4467.610421479756,1071,2396,1734
4465.758693795579,4465.633693795579,4465.883693795579,1734,2139,1937
4459.850630329987,4459.725630329987,4459.975630329987,1202,2331,1767
4458.756615439679,4458.506615439679,4459.006615439679,2618,961,1790
4457.060146219481,4456.935146219481,4457.185146219481,889,934,912
4459.974070024104,4459.849070024104,4460.099070024104,634,969,802
4460.201241994644,4460.076241994644,4460.326241994644,677,1374,1026
4462.867281845886,4462.492281845886,4463.242281845886,1946,987,1467
4458.799817276164,4458.674817276164,4458.924817276164,1286,2585,1936
4458.256869474946,4458.006869474946,4458.506869474946,1122,683,903
4458.240867047119,4457.990867047119,4458.490867047119,1991,948,1470
4456.256969982553,4456.131969982553,4456.381969982553,434,1219,827
4458.246294418026,4458.121294418026,4458.371294418026,2195,1358,1777
4456.206101305957,4456.081101305957,4456.331101305957,766,1629,1198
4450.989757062822,4450.739757062822,4451.239757062822,557,1618,1088
4449.260654186435,4449.010654186435,4449.510654186435,684,1477,1081
4447.987518374406,4447.737518374406,4448.237518374406,663,1424,1044
4445.293199671677,4445.168199671677,4445.418199671677,1072,1889,1481
4443.620263780195,4443.495263780195,4443.745263780195,2170,747,1459
4443.8051202079205,4443.6801202079205,4443.9301202079205,904,1911,1408
4447.130508883405,4446.755508883405,4447.505508883405,1560,1551,1556
4448.604300108879,4448.479300108879,4448.729300108879,1560,2395,1978
4450.873860224823,4450.748860224823,4450.998860224823,2317,1362,1840
4450.302894304052,4450.052894304052,4450.552894304052,1100,643,872
4450.794812999222,4450.669812999222,4450.919812999222,783,910,847
4446.339817263247,4446.214817263247,4446.464817263247,1239,618,929
4445.689848679243,4445.439848679243,4445.939848679243,795,1014,905
4452.281896196317,4452.156896196317,4452.406896196317,2086,1665,1876
4449.047560895475,4448.922560895475,4449.172560895475,1686,1711,1699
4446.511105964537,4446.261105964537,4446.761105964537,2225,1004,1615
4445.843909018894,4445.593909018894,4446.093909018894,1395,1070,1233
4442.6834777141785,4442.4334777141785,4442.9334777141785,1071,1896,1484
4444.014775906682,4443.639775906682,4444.389775906682,2491,1074,1783
4447.154147748223,4446.904147748223,4447.404147748223,1389,2256,1823
4444.957536351938,4444.707536351938,4445.207536351938,1358,2511,1935
4447.461599871215,4447.211599871215,4447.711599871215,1467,1026,1247
4443.035348329168,4442.910348329168,4443.160348329168,2484,915,1700
4445.085927841281,4444.960927841281,4445.210927841281,1804,1405,1605
4448.139482823624,4448.014482823624,4448.264482823624,581,1198,890
4453.814991705731,4453.689991705731,4453.939991705731,903,880,892
4451.439199375756,4451.314199375756,4451.564199375756,1553,864,1209
4453.156129726844,4452.906129726844,4453.406129726844,2417,1096,1757
4454.129171916426,4454.004171916426,4454.254171916426,1283,2574,1929
4457.007061481801,4456.632061481801,4457.382061481801,640,969,805
4460.469135269972,4460.344135269972,4460.594135269972,1832,711,1272
4458.6861482102595,4458.5611482102595,4458.8111482102595,1451,1124,1288
4454.481612558209,4454.356612558209,4454.606612558209,980,1585,1283
4452.278377365842,4452.153377365842,4452.403377365842,1289,1800,1545
4450.749005419247,4450.624005419247,4450.874005419247,2579,1104,1842
4449.804849228993,4449.429849228993,4450.179849228993,1273,742,1008
4449.230936966276,4449.105936966276,4449.355936966276,1559,1308,1434
4449.278491296906,4449.153491296906,4449.403491296906,1081,1000,1041
4452.999558993163,4452.874558993163,4453.124558993163,1403,670,1037
4455.627501477224,4455.502501477224,4455.752501477224,2070,1201,1636
4451.942309447777,4451.692309447777,4452.192309447777,858,1021,940
4454.464348381112,4454.339348381112,4454.589348381112,724,1893,1309
4453.537770337474,4453.412770337474,4453.662770337474,1436,623,1030
4455.597788637788,4455.472788637788,4455.722788637788,1269,938,1104
4457.186197330643,4456.936197330643,4457.436197330643,2103,1152,1628
4458.828244819228,4458.703244819228,4458.953244819228,2578,1063,1821
4458.39837851422,4458.27337851422,4458.52337851422,2071,748,1410
4456.93999874838,4456.56499874838,4457.31499874838,1490,2405,1948
4456.582307044222,4456.457307044222,4456.707307044222,796,887,842
4457.791474917316,4457.666474917316,4457.916474917316,984,759,872
4456.552000883708,4456.427000883708,4456.677000883708,539,1184,862
4458.12477133553,4457.99977133553,4458.24977133553,533,1092,813
4456.330967129861,4456.080967129861,4456.580967129861,1729,1316,1523
4457.936577870386,4457.811577870386,4458.061577870386,874,1155,1015
4459.889382488217,4459.764382488217,4460.014382488217,914,853,884
4460.413338152883,4460.288338152883,4460.538338152883,1713,1768,1741
4461.206453276507,4461.081453276507,4461.331453276507,1286,871,1079
4462.284615257411,4462.034615257411,4462.534615257411,1271,1990,1631
4461.15328298285,4461.02828298285,4461.27828298285,888,997,943
4463.195922912143,4463.070922912143,4463.320922912143,1947,1312,1630
4468.801360982736,4468.676360982736,4468.926360982736,893,1154,1024
4470.583489294896,4470.458489294896,4470.708489294896,2314,1401,1858
4470.923946111019,4470.798946111019,4471.048946111019,1399,1128,1264
4471.901589370798,4471.776589370798,4472.026589370798,2680,963,1822
4471.663738314817,4471.538738314817,4471.788738314817,851,1326,1089
4470.0584495963,4469.9334495963,4470.1834495963,881,2204,1543
4475.075757940492,4474.825757940492,4475.325757940492,1458,1795,1627
4474.57117485124,4474.44617485124,4474.69617485124,1670,885,1278
4472.207232611488,4472.082232611488,4472.332232611488,969,1466,1218
4471.568635355542,4471.318635355542,4471.818635355542,1699,952,1326
4469.380313446847,4469.255313446847,4469.505313446847,1846,767,1307
4465.306104269865,4465.181104269865,4465.431104269865,934,2613,1774
4470.052603952741,4469.927603952741,4470.177603952741,2160,1625,1893
4470.825050742834,4470.575050742834,4471.075050742834,770,2117,1444
4466.843037349248,4466.593037349248,4467.093037349248,2061,1020,1541
4465.837074960844,4465.712074960844,4465.962074960844,1196,1877,1537
4463.136580721993,4463.011580721993,4463.261580721993,1421,1022,1222
4467.190113671599,4467.065113671599,4467.315113671599,1343,1886,1615
4467.11351967968,4466.86351967968,4467.36351967968,1674,1621,1648
4466.895217788133,4466.770217788133,4467.020217788133,1494,649,1072
4461.4842814454105,4461.2342814454105,4461.7342814454105,873,2510,1692
4455.226695824771,4455.101695824771,4455.351695824771,1226,1985,1606
4461.0751286367395,4460.7001286367395,4461.4501286367395,1040,789,915
4460.725510428977,4460.600510428977,4460.850510428977,1111,1156,1134
4462.719402142494,4462.594402142494,4462.844402142494,1348,531,940
4461.038835457024,4460.913835457024,4461.163835457024,1083,2826,1955
4458.745104634685,4458.620104634685,4458.870104634685,2460,899,1680
4458.1795335951965,4458.0545335951965,4458.3045335951965,2556,921,1739
4457.69298849032,4457.44298849032,4457.94298849032,932,1439,1186
4455.666943423344,4455.416943423344,4455.916943423344,809,1756,1283
4455.572798063215,4455.447798063215,4455.697798063215,1024,1055,1040
4456.0510916869935,4455.8010916869935,4456.3010916869935,821,2004,1413
4456.796965457695,4456.421965457695,4457.171965457695,1030,2227,1629
4451.577194352311,4451.452194352311,4451.702194352311,1826,1171,1499
4447.119948865703,4446.994948865703,4447.244948865703,1386,1355,1371
4443.403955789393,4443.153955789393,4443.653955789393,1005,976,991
4449.175887367835,4449.050887367835,4449.300887367835,2217,936,1577
4445.540699608585,4445.415699608585,4445.665699608585,1942,1339,1641
4446.3501937929595,4446.1001937929595,4446.6001937929595,2838,1019,1929
4451.029608627958,4450.904608627958,4451.154608627958,1703,1526,1615
4453.462047683279,4453.337047683279,4453.587047683279,2784,1107,1946
4456.130106523506,4455.880106523506,4456.380106523506,815,2106,1461
4463.4647466967745,4463.3397466967745,4463.5897466967745,629,1346,988
4457.596673495248,4457.471673495248,4457.721673495248,870,1917,1394
4449.917961591655,4449.792961591655,4450.042961591655,1964,1273,1619
4448.037309783223,4447.912309783223,4448.162309783223,1104,1037,1071
4446.7162766523825,4446.5912766523825,4446.8412766523825,476,1379,928
4443.880153168474,4443.630153168474,4444.130153168474,965,1672,1319
4438.738659179074,4438.613659179074,4438.863659179074,2098,761,1430
4437.069608902442,4436.944608902442,4437.194608902442,807,1198,1003
4435.427988630658,4435.302988630658,4435.552988630658,975,768,872
4437.729280987543,4437.604280987543,4437.854280987543,1036,1599,1318
4439.2435512253305,4439.1185512253305,4439.3685512253305,2144,1169,1657
4435.421094943941,4435.296094943941,4435.546094943941,1268,2587,1928
4434.86754570958,4434.74254570958,4434.99254570958,1019,2248,1634
4435.78286438887,4435.65786438887,4435.90786438887,1663,1158,1411
4433.189991067004,4433.064991067004,4433.314991067004,939,2516,1728
4431.351195571585,4431.226195571585,4431.476195571585,2525,1028,1777
4427.246297816001,4427.121297816001,4427.371297816001,2698,1257,1978
4424.1410885938185,4423.8910885938185,4424.3910885938185,780,1321,1051
4433.890025895967,4433.515025895967,4434.265025895967,1321,1394,1358
4436.616639611535,4436.241639611535,4436.991639611535,1287,980,1134
4434.007677785577,4433.632677785577,4434.382677785577,1851,632,1242
4431.1621203220875,4430.9121203220875,4431.4121203220875,1808,821,1315
4429.000977658768,4428.875977658768,4429.125977658768,1738,1545,1642
4426.990935612522,4426.740935612522,4427.240935612522,1597,2042,1820
4425.990922015367,4425.740922015367,4426.240922015367,1605,2338,1972
4433.567088482429,4433.442088482429,4433.692088482429,894,1391,1143
4431.081502104357,4430.956502104357,4431.206502104357,2233,1390,1812
4436.826144840405,4436.576144840405,4437.076144840405,1071,1822,1447
4439.2901674159475,4439.1651674159475,4439.4151674159475,598,1161,880
4438.9258329784,4438.8008329784,4439.0508329784,856,2429,1643
4445.878674160243,4445.753674160243,4446.003674160243,2061,740,1401
4448.34294575583,4447.96794575583,4448.71794575583,2599,1044,1822
4442.3279779195045,4442.2029779195045,4442.4529779195045,534,1557,1046
4439.875900630623,4439.750900630623,4440.000900630623,1137,2790,1964
4443.219008346237,4442.969008346237,4443.469008346237,1652,1753,1703
4443.055220960674,4442.930220960674,4443.180220960674,838,951,895
4440.356049326008,4440.231049326008,4440.481049326008,839,2406,1623
4439.420421575606,4439.170421575606,4439.670421575606,1699,1200,1450
4441.602852340658,4441.477852340658,4441.727852340658,606,1621,1114
4443.770166682304,4443.520166682304,4444.020166682304,723,956,840
4449.049227361381,4448.799227361381,4449.299227361381,1332,1623,1478
4447.987042117601,4447.862042117601,4448.112042117601,1210,1561,1386
4448.041799855436,4447.791799855436,4448.291799855436,986,741,864
4450.436913479261,4450.186913479261,4450.686913479261,2210,879,1545
4452.167546827105,4452.042546827105,4452.292546827105,1688,1769,1729
4451.632426203433,4451.507426203433,4451.757426203433,1350,1387,1369
4452.488352623888,4452.113352623888,4452.863352623888,1749,1084,1417
4455.577080040957,4455.452080040957,4455.702080040957,888,1523,1206
4453.897044067966,4453.772044067966,4454.022044067966,2319,1066,1693
4452.0700734950515,4451.9450734950515,4452.1950734950515,1482,1361,1422
4459.233601657198,4459.108601657198,4459.358601657198,2271,1706,1989
4465.0769405101755,4464.8269405101755,4465.3269405101755,1780,1691,1736
4466.264857728804,4466.139857728804,4466.389857728804,1022,2141,1582
4464.726622814029,4464.601622814029,4464.851622814029,1598,1711,1655
4463.184303253683,4463.059303253683,4463.309303253683,2152,1205,1679
4466.9656222282,4466.8406222282,4467.0906222282,1282,2625,1954
4466.111301950344,4465.861301950344,4466.361301950344,1385,904,1145
4460.870387222906,4460.745387222906,4460.995387222906,1325,1324,1325
4456.413524163106,4456.038524163106,4456.788524163106,1386,1967,1677
4454.881710808425,4454.631710808425,4455.131710808425,2371,1410,1891
4455.904687985624,4455.779687985624,4456.029687985624,2747,1248,1998
4446.087154157872,4445.962154157872,4446.212154157872,1479,2226,1853
4441.197085219767,4440.947085219767,4441.447085219767,1341,1644,1493
4443.361220497963,4443.111220497963,4443.611220497963,1140,713,927
4440.242982177194,4439.992982177194,4440.492982177194,1413,1686,1550
4436.603249922005,4436.478249922005,4436.728249922005,710,1279,995
4433.223116631043,4432.973116631043,4433.473116631043,975,644,810
4431.324609248723,4431.199609248723,4431.449609248723,2175,1248,1712
4434.345821653056,4434.220821653056,4434.470821653056,873,926,900
4434.067484923902,4433.942484923902,4434.192484923902,1320,649,985
4430.159221200484,4429.909221200484,4430.409221200484,1130,1395,1263
4428.11434911721,4427.98934911721,4428.23934911721,2143,946,1545
4421.043779154207,4420.793779154207,4421.293779154207,2005,978,1492
4420.689885277049,4420.314885277049,4421.064885277049,1929,770,1350
4421.180272322916,4421.055272322916,4421.305272322916,610,1059,835
4426.499685393359,4426.374685393359,4426.624685393359,1942,727,1335
4428.557937988042,4428.307937988042,4428.807937988042,757,2126,1442
4435.093496170998,4434.843496170998,4435.343496170998,764,2173,1469
4431.307180854892,4431.182180854892,4431.432180854892,885,1354,1120
4428.524598733856,4428.149598733856,4428.899598733856,1852,635,1244
4426.467529243049,4426.217529243049,4426.717529243049,2209,1396,1803
4427.242772285115,4426.992772285115,4427.492772285115,1639,2346,1993
4428.036747657191,4427.786747657191,4428.286747657191,1205,2122,1664
4427.074186110833,4426.949186110833,4427.199186110833,2373,1616,1995
4420.860363380502,4420.485363380502,4421.235363380502,696,1451,1074
4416.254530381185,4416.129530381185,4416.379530381185,1206,1687,1447
4418.557267879916,4418.307267879916,4418.807267879916,1360,1433,1397
4416.3149157347825,4416.1899157347825,4416.4399157347825,1356,1427,1392
4421.7780407893115,4421.6530407893115,4421.9030407893115,2551,1266,1909
4422.97089076375,4422.72089076375,4423.22089076375,2096,891,1494
4421.9220748736425,4421.6720748736425,4422.1720748736425,1802,1577,1690
4419.843152109149,4419.593152109149,4420.093152109149,613,1170,892
4413.0760515222,4412.9510515222,4413.2010515222,1847,1674,1761
4410.968151935077,4410.718151935077,4411.218151935077,1152,1577,1365
4408.746355684806,4408.496355684806,4408.996355684806,1244,2657,1951
4410.781806609916,4410.531806609916,4411.031806609916,530,1205,868
4412.5641534914475,4412.4391534914475,4412.6891534914475,706,969,838
4406.867311638679,4406.742311638679,4406.992311638679,856,1877,1367
4399.2609826120715,4399.0109826120715,4399.5109826120715,1364,1817,1591
4402.414817903258,4402.289817903258,4402.539817903258,739,1698,1219
4399.392250558186,4399.267250558186,4399.517250558186,1679,1140,1410
4396.103735140503,4395.978735140503,4396.228735140503,1005,2318,1662
4400.075762172163,4399.950762172163,4400.200762172163,2192,1055,1624
4399.031297537138,4398.781297537138,4399.281297537138,1158,1315,1237
4401.989362161524,4401.864362161524,4402.114362161524,1059,1876,1468
4397.508170950475,4397.258170950475,4397.758170950475,1710,867,1289
4398.069204547112,4397.944204547112,4398.194204547112,906,847,877
4394.18763829515,4393.93763829515,4394.43763829515,1398,821,1110
4395.418598713668,4395.293598713668,4395.543598713668,1023,2292,1658
4396.958217905872,4396.583217905872,4397.333217905872,1329,928,1129
4396.84912311813,4396.72412311813,4396.97412311813,1573,2318,1946
4396.328082884156,4395.953082884156,4396.703082884156,1433,674,1054
4394.865111163575,4394.615111163575,4395.115111163575,967,880,924
4389.490586277105,4389.365586277105,4389.615586277105,1624,1919,1772
4390.572574214715,4390.447574214715,4390.697574214715,1456,2017,1737
4392.983285062585,4392.733285062585,4393.233285062585,719,930,825
4390.520618136245,4390.395618136245,4390.645618136245,950,717,834
4385.5666790399555,4385.4416790399555,4385.6916790399555,1565,846,1206
4384.8469633578925,4384.5969633578925,4385.0969633578925,1602,1067,1335
4382.1960773770925,4382.0710773770925,4382.3210773770925,1561,2376,1969
4379.268363658359,4378.893363658359,4379.643363658359,2244,1475,1860
4379.724997411774,4379.599997411774,4379.849997411774,2053,916,1485
4380.389175533857,4380.139175533857,4380.639175533857,1383,710,1047
4378.262664528792,4378.137664528792,4378.387664528792,1376,737,1057
4375.252050182,4375.127050182,4375.377050182,973,1174,1074
4375.653459224819,4375.528459224819,4375.778459224819,1057,672,865
4378.719281159501,4378.344281159501,4379.094281159501,1377,518,948
4377.928102809005,4377.803102809005,4378.053102809005,729,2144,1437
4374.132874672018,4374.007874672018,4374.257874672018,1079,978,1029
4378.949398429262,4378.824398429262,4379.074398429262,1023,802,913
4383.027443015409,4382.902443015409,4383.152443015409,1626,1835,1731
4380.929352719104,4380.804352719104,4381.054352719104,794,1423,1109
4373.294312189628,4373.044312189628,4373.544312189628,2273,1120,1697
4375.988439110823,4375.863439110823,4376.113439110823,1747,960,1354
4375.3067194147425,4375.1817194147425,4375.4317194147425,699,900,800
4372.263359653376,4372.138359653376,4372.388359653376,666,1081,874
4373.709564439471,4373.334564439471,4374.084564439471,1370,2163,1767
4367.187213959195,4366.937213959195,4367.437213959195,1055,662,859
4369.803751004009,4369.678751004009,4369.928751004009,1808,2159,1984
4367.034185384966,4366.909185384966,4367.159185384966,1030,1687,1359
4369.577555873952,4369.327555873952,4369.827555873952,771,1878,1325
4364.076293720154,4363.951293720154,4364.201293720154,1285,2422,1854
4363.784022048676,4363.534022048676,4364.034022048676,1817,1698,1758
4365.649578791977,4365.524578791977,4365.774578791977,1421,1148,1285
4368.799759144548,4368.549759144548,4369.049759144548,454,1165,810
4372.459038492297,4372.334038492297,4372.584038492297,1319,1728,1524
4376.755739536366,4376.630739536366,4376.880739536366,2279,1230,1755
4379.838746836692,4379.713746836692,4379.963746836692,1234,519,877
4375.311595717828,4375.061595717828,4375.561595717828,952,823,888
4378.742313481601,4378.617313481601,4378.867313481601,1872,635,1254
4375.260587008742,4375.010587008742,4375.510587008742,1454,991,1223
4378.832277929804,4378.707277929804,4378.957277929804,1305,612,959
4384.798334457655,4384.548334457655,4385.048334457655,2108,723,1416
4385.751746008439,4385.501746008439,4386.001746008439,1269,2492,1881
4382.234827285121,4381.984827285121,4382.484827285121,747,1682,1215
4379.293881584084,4379.168881584084,4379.418881584084,1711,686,1199
4378.153683996705,4377.903683996705,4378.403683996705,914,2167,1541
4384.986778821215,4384.736778821215,4385.236778821215,875,1048,962
4386.5905529373085,4386.4655529373085,4386.7155529373085,1348,1783,1566
4383.17926445871,4383.05426445871,4383.30426445871,1605,1086,1346
4381.710749792146,4381.335749792146,4382.085749792146,551,1068,810
4379.816087385199,4379.691087385199,4379.941087385199,1795,2178,1987
4383.883205181201,4383.758205181201,4384.008205181201,1564,1679,1622
4381.778436434053,4381.403436434053,4382.153436434053,2379,838,1609
4388.02229535135,4387.89729535135,4388.14729535135,2239,1690,1965
4380.739150936969,4380.614150936969,4380.864150936969,1495,1416,1456
4383.400876552427,4383.150876552427,4383.650876552427,2454,1473,1964
4374.528200041787,4374.403200041787,4374.653200041787,980,1721,1351
4371.054003802632,4370.679003802632,4371.429003802632,1091,1372,1232
4366.64346794081,4366.39346794081,4366.89346794081,1884,1497,1691
4366.809056500744,4366.434056500744,4367.184056500744,1675,1862,1769
4369.064277972077,4368.814277972077,4369.314277972077,1534,891,1213
4370.241203166023,4369.991203166023,4370.491203166023,1890,1927,1909
4372.617807292921,4372.492807292921,4372.742807292921,1614,2089,1852
4377.646062081071,4377.271062081071,4378.021062081071,781,1598,1190
4375.6390868641765,4375.2640868641765,4376.0140868641765,2087,882,1485
4379.692948639943,4379.567948639943,4379.817948639943,1370,1113,1242
4389.5718567766025,4389.4468567766025,4389.6968567766025,1107,1012,1060
4389.614870336884,4389.489870336884,4389.739870336884,710,1995,1353
4393.208375883945,4392.958375883945,4393.458375883945,1015,1718,1367
4399.74686376619,4399.62186376619,4399.87186376619,1030,2695,1863
4390.805669842469,4390.680669842469,4390.930669842469,617,1304,961
4380.220863353342,4379.970863353342,4380.470863353342,1093,1146,1120
4382.5965990632685,4382.3465990632685,4382.8465990632685,1636,1837,1737
4382.690476599242,4382.440476599242,4382.940476599242,1435,748,1092
4383.616778197319,4383.491778197319,4383.741778197319,1298,1811,1555
4381.111534996451,4380.986534996451,4381.236534996451,1908,1283,1596
4380.7689201323765,4380.6439201323765,4380.8939201323765,989,2646,1818
4382.746914239238,4382.496914239238,4382.996914239238,1452,749,1101
4379.646659293621,4379.521659293621,4379.771659293621,841,1502,1172
4378.155633868402,4377.905633868402,4378.405633868402,1618,2351,1985
4375.872944376268,4375.622944376268,4376.122944376268,741,1452,1097
4375.824341114853,4375.699341114853,4375.949341114853,1377,2518,1948
4375.763448859515,4375.388448859515,4376.138448859515,1430,2059,1745
4374.58425885538,4374.45925885538,4374.70925885538,666,1161,914
4376.112691456223,4375.987691456223,4376.237691456223,932,1385,1159
4375.179237994657,4374.929237994657,4375.429237994657,1254,1499,1377
4372.614545968856,4372.364545968856,4372.864545968856,497,1482,990
4371.017698679244,4370.642698679244,4371.392698679244,1146,1245,1196
4372.1655261100805,4371.9155261100805,4372.4155261100805,1134,1597,1366
4373.112084149548,4372.987084149548,4373.237084149548,1526,651,1089
4369.463700437529,4369.213700437529,4369.713700437529,1344,1425,1385
4369.215432181611,4368.840432181611,4369.590432181611,1051,2172,1612
4366.694335769276,4366.569335769276,4366.819335769276,1037,2568,1803
4365.175746667547,4365.050746667547,4365.300746667547,1562,1173,1368
4362.228678051338,4362.103678051338,4362.353678051338,1452,485,969
4359.166525380412,4359.041525380412,4359.291525380412,2509,852,1681
4356.625554691514,4356.500554691514,4356.750554691514,1316,1089,1203
4356.204017495657,4356.079017495657,4356.329017495657,849,2272,1561
4354.300200555122,4354.175200555122,4354.425200555122,1905,1860,1883
4350.0011916199355,4349.7511916199355,4350.2511916199355,1426,1219,1323
4348.038881196742,4347.913881196742,4348.163881196742,1062,1487,1275
4349.752343200115,4349.502343200115,4350.002343200115,1602,743,1173
4343.955275754903,4343.830275754903,4344.080275754903,1648,2087,1868
4346.728337784714,4346.353337784714,4347.103337784714,1703,686,1195
4349.937935261364,4349.812935261364,4350.062935261364,873,1266,1070
4349.148603205464,4348.898603205464,4349.398603205464,852,2433,1643
4350.118401382448,4349.993401382448,4350.243401382448,1102,1911,1507
4352.948357665986,4352.698357665986,4353.198357665986,1363,882,1123
4351.762346180994,4351.637346180994,4351.887346180994,1240,845,1043
4352.143173673218,4352.018173673218,4352.268173673218,2142,855,1499
4348.559508881006,4348.309508881006,4348.809508881006,1010,825,918
4344.732057168714,4344.607057168714,4344.857057168714,1793,2090,1942
4347.471010109509,4347.346010109509,4347.596010109509,1062,1449,1256
4353.594484913238,4353.219484913238,4353.969484913238,1167,732,950
4354.9628514122605,4354.7128514122605,4355.2128514122605,1180,1865,1523
4353.164424993497,4352.914424993497,4353.414424993497,1464,2287,1876
4349.6564743160325,4349.5314743160325,4349.7814743160325,519,1222,871
4351.600552270032,4351.475552270032,4351.725552270032,1748,2143,1946
4354.299650884239,4354.049650884239,4354.549650884239,507,1210,859
4349.920268850719,4349.795268850719,4350.045268850719,814,925,870
4351.878976325386,4351.628976325386,4352.128976325386,1193,2588,1891
4354.826420288576,4354.701420288576,4354.951420288576,1875,864,1370
4352.981668238974,4352.856668238974,4353.106668238974,1309,2346,1828
4356.483168886859,4356.233168886859,4356.733168886859,1002,923,963
4353.239448644958,4353.114448644958,4353.364448644958,1445,1852,1649
4353.112274396867,4352.987274396867,4353.237274396867,1496,911,1204
4353.407545426343,4353.282545426343,4353.532545426343,1093,760,927
4350.769307197289,4350.644307197289,4350.894307197289,1267,1824,1546
4348.057912548619,4347.932912548619,4348.182912548619,417,1228,823
4349.546382405454,4349.421382405454,4349.671382405454,752,919,836
4349.0401582605655,4348.9151582605655,4349.1651582605655,1751,1522,1637
4347.01655598693,4346.89155598693,4347.14155598693,1183,682,933
4348.3355617047,4348.0855617047,4348.5855617047,1570,663,1117
4350.278398378266,4350.153398378266,4350.403398378266,2453,1184,1819
4349.416806583579,4349.041806583579,4349.791806583579,842,1153,998
4347.517116672069,4347.392116672069,4347.642116672069,1749,1466,1608
4347.409458984703,4347.159458984703,4347.659458984703,1953,1070,1512
4346.895715484065,4346.645715484065,4347.145715484065,2136,1333,1735
4346.871375590386,4346.746375590386,4346.996375590386,1433,1382,1408
4347.855007075753,4347.605007075753,4348.105007075753,1013,2752,1883
4346.020761126282,4345.895761126282,4346.145761126282,1735,826,1281
4344.659677105428,4344.409677105428,4344.909677105428,1357,1646,1502
4343.382222810082,4343.132222810082,4343.632222810082,1546,2197,1872
4345.16583756918,4345.04083756918,4345.29083756918,2176,1153,1665
4345.892209427415,4345.642209427415,4346.142209427415,1460,2105,1783
4346.0194820891,4345.6444820891,4346.3944820891,1206,1427,1317
4345.2828536789,4345.1578536789,4345.4078536789,1602,1527,1565
4347.896144902286,4347.771144902286,4348.021144902286,1706,899,1303
4348.197663320204,4348.072663320204,4348.322663320204,553,1246,900
4346.047018727054,4345.922018727054,4346.172018727054,941,678,810
4348.293646257782,4348.168646257782,4348.418646257782,1876,753,1315
4349.194896473968,4348.944896473968,4349.444896473968,1031,1470,1251
4350.947604967554,4350.822604967554,4351.072604967554,813,2244,1529
4350.93758622699,4350.81258622699,4351.06258622699,1221,788,1005
4349.479599491802,4349.354599491802,4349.604599491802,1535,1202,1369
4351.50944948169,4351.25944948169,4351.75944948169,1214,423,819
4346.490441956726,4346.365441956726,4346.615441956726,974,2331,1653
4348.619549340738,4348.369549340738,4348.869549340738,1872,1677,1775
4348.516373089649,4348.391373089649,4348.641373089649,2878,1017,1948
4346.505886532757,4346.380886532757,4346.630886532757,661,1926,1294
4345.22360411149,4344.97360411149,4345.47360411149,729,1288,1009
4345.6202121722545,4345.4952121722545,4345.7452121722545,2628,937,1783
4347.538337681929,4347.413337681929,4347.663337681929,2149,932,1541
4345.832743152933,4345.582743152933,4346.082743152933,1448,1345,1397
4343.972548321821,4343.847548321821,4344.097548321821,1525,2066,1796
4345.95220695891,4345.70220695891,4346.20220695891,1921,1278,1600
4344.921688102807,4344.796688102807,4345.046688102807,1308,867,1088
4344.538947919363,4344.288947919363,4344.788947919363,964,1843,1404
4341.46453671729,4341.33953671729,4341.58953671729,1508,1375,1442
4342.200040072781,4342.075040072781,4342.325040072781,1776,597,1187
4341.17251866271,4341.04751866271,4341.29751866271,2209,1198,1704
4340.6512273288245,4340.5262273288245,4340.7762273288245,1992,1055,1524
4340.385394136701,4340.260394136701,4340.510394136701,1644,1169,1407
4340.988425515743,4340.863425515743,4341.113425515743,839,834,837
4337.373201847875,4337.123201847875,4337.623201847875,2092,1747,1920
4337.195438450957,4337.070438450957,4337.320438450957,1390,1491,1441
4338.9831426746705,4338.8581426746705,4339.1081426746705,1853,1562,1708
4336.00378384521,4335.87878384521,4336.12878384521,2491,938,1715
4336.18383234977,4335.93383234977,4336.43383234977,1241,748,995
4334.60341548309,4334.47841548309,4334.72841548309,1096,1283,1190
4336.174277576017,4335.924277576017,4336.424277576017,608,1039,824
4334.321391173796,4334.196391173796,4334.446391173796,2432,1487,1960
4336.560100015578,4336.435100015578,4336.685100015578,2227,1750,1989
4339.234056080179,4338.984056080179,4339.484056080179,2009,1548,1779
4340.115821242608,4339.990821242608,4340.240821242608,1185,1556,1371
4339.907048627903,4339.782048627903,4340.032048627903,865,1222,1044
4341.075284438566,4340.950284438566,4341.200284438566,2347,1124,1736
4338.983710233554,4338.733710233554,4339.233710233554,671,1500,1086
4338.158910490493,4338.033910490493,4338.283910490493,1344,1335,1340
4335.230465246146,4335.105465246146,4335.355465246146,1168,1551,1360
4337.371281254341,4337.121281254341,4337.621281254341,1035,614,825
4335.785834915412,4335.660834915412,4335.910834915412,696,973,835
4334.297764898062,4334.172764898062,4334.422764898062,1428,1847,1638
4335.731094937136,4335.606094937136,4335.856094937136,2164,1693,1929
4335.63338583052,4335.50838583052,4335.75838583052,1645,1074,1360
4333.86258195658,4333.61258195658,4334.11258195658,2804,1093,1949
4334.429623431889,4334.304623431889,4334.554623431889,466,1245,856
4337.92867695341,4337.55367695341,4338.30367695341,761,1836,1299
4339.345543362411,4339.220543362411,4339.470543362411,626,1699,1163
4340.691696966501,4340.566696966501,4340.816696966501,1789,2156,1973
4336.7411439414955,4336.4911439414955,4336.9911439414955,1463,1874,1669
4338.660314431194,4338.535314431194,4338.785314431194,2314,1579,1947
4341.686336565599,4341.561336565599,4341.811336565599,511,1500,1006
4338.629296494437,4338.504296494437,4338.754296494437,2069,1560,1815
4339.86843060011,4339.61843060011,4340.11843060011,834,1101,968
4344.71782463008,4344.59282463008,4344.84282463008,854,1977,1416
4343.639189287052,4343.514189287052,4343.764189287052,731,1578,1155
4342.334090471663,4342.209090471663,4342.459090471663,2272,1497,1885
4344.314034038989,4344.064034038989,4344.564034038989,992,1041,1017
4345.5517648953255,4345.4267648953255,4345.6767648953255,1632,2023,1828
4342.465122192789,4342.340122192789,4342.590122192789,1314,2031,1673
4340.428531051166,4340.178531051166,4340.678531051166,1999,1778,1889
4337.179713420243,4336.804713420243,4337.554713420243,1388,1627,1508
4335.029490771589,4334.779490771589,4335.279490771589,1992,1995,1994
4333.594723695868,4333.469723695868,4333.719723695868,996,771,884
4333.43016781405,4333.30516781405,4333.55516781405,993,1020,1007
4333.449698179972,4333.324698179972,4333.574698179972,1543,546,1045
4334.27588352623,4334.15088352623,4334.40088352623,1294,2629,1962
4335.835625536985,4335.585625536985,4336.085625536985,1071,1438,1255
4335.336755274927,4335.086755274927,4335.586755274927,914,781,848
4334.0208853009435,4333.8958853009435,4334.1458853009435,737,1294,1016
4333.598547043824,4333.223547043824,4333.973547043824,1307,758,1033
4334.705741072759,4334.455741072759,4334.955741072759,1064,1887,1476
4334.179028163398,4334.054028163398,4334.304028163398,1074,653,864
4334.373336354789,4334.123336354789,4334.623336354789,997,1016,1007
4332.5392258430265,4332.1642258430265,4332.9142258430265,1063,1138,1101
4328.881128394456,4328.756128394456,4329.006128394456,1025,2150,1588
4332.456272771769,4332.331272771769,4332.581272771769,2150,1773,1962
4330.857803345999,4330.732803345999,4330.982803345999,948,825,887
4331.060670292836,4330.810670292836,4331.310670292836,1530,1175,1353
4332.806106164341,4332.556106164341,4333.056106164341,1183,528,856
4333.845075061534,4333.720075061534,4333.970075061534,1057,966,1012
4329.555196856186,4329.180196856186,4329.930196856186,721,1612,1167
4330.361208289723,4330.236208289723,4330.486208289723,1917,1944,1931
4328.784696973627,4328.659696973627,4328.909696973627,1329,1102,1216
4330.90724939969,4330.65724939969,4331.15724939969,1234,2047,1641
4331.915333905519,4331.665333905519,4332.165333905519,1468,1983,1726
4329.61576871906,4329.49076871906,4329.74076871906,1537,1598,1568
4331.467136892854,4331.342136892854,4331.592136892854,985,2470,1728
4329.903709789406,4329.653709789406,4330.153709789406,1421,1022,1222
4333.813583778076,4333.688583778076,4333.938583778076,2151,1328,1740
4333.894002560952,4333.769002560952,4334.019002560952,2324,925,1625
4335.384509013038,4335.134509013038,4335.634509013038,1263,960,1112
4336.76151382958,4336.63651382958,4336.88651382958,976,2629,1803
4333.235585511547,4332.860585511547,4333.610585511547,1218,463,841
4334.6755832666195,4334.5505832666195,4334.8005832666195,1196,519,858
4333.9451828913925,4333.8201828913925,4334.0701828913925,715,1546,1131
4331.4313980155775,4331.3063980155775,4331.5563980155775,1226,1121,1174
4333.752701400293,4333.627701400293,4333.877701400293,1488,2161,1825
4332.675052347503,4332.425052347503,4332.925052347503,1221,1466,1344
4336.220268589991,4335.845268589991,4336.595268589991,2201,990,1596
4336.387159443579,4336.137159443579,4336.637159443579,1004,2775,1890
4334.254536699007,4334.004536699007,4334.504536699007,699,1958,1329
4334.852977830378,4334.602977830378,4335.102977830378,1175,1354,1265
4334.8858711415005,4334.7608711415005,4335.0108711415005,1558,1197,1378
4339.762507720851,4339.637507720851,4339.887507720851,629,1528,1079
4343.149232097339,4343.024232097339,4343.274232097339,1692,763,1228
4345.121652743528,4344.871652743528,4345.371652743528,1869,1854,1862
4347.0607172682,4346.9357172682,4347.1857172682,1784,727,1256
4349.058060442,4348.933060442,4349.183060442,2335,912,1624
4349.178656686895,4348.928656686895,4349.428656686895,688,993,841
4349.177814024766,4349.052814024766,4349.302814024766,1212,1715,1464
4345.921028347919,4345.796028347919,4346.046028347919,2001,1964,1983
4347.224285991299,4346.849285991299,4347.599285991299,1007,662,835
4347.7338404095135,4347.4838404095135,4347.9838404095135,1045,2498,1772
4349.634546448087,4349.259546448087,4350.009546448087,1805,674,1240
4352.1547661204495,4352.0297661204495,4352.2797661204495,965,2546,1756
4353.690457321858,4353.565457321858,4353.815457321858,1914,869,1392
4356.362588463218,4356.237588463218,4356.487588463218,1416,1805,1611
4357.057428486173,4356.807428486173,4357.307428486173,1336,1493,1415
4356.9183436862995,4356.7933436862995,4357.0433436862995,2007,948,1478
4358.364049406181,4358.239049406181,4358.489049406181,1337,2166,1752
4356.412901751722,4356.287901751722,4356.537901751722,1775,2182,1979
4358.493672705454,4358.368672705454,4358.618672705454,977,1340,1159
4358.940770325469,4358.815770325469,4359.065770325469,1639,1124,1382
4357.7678738069835,4357.5178738069835,4358.0178738069835,1064,1409,1237
4358.686257833696,4358.436257833696,4358.936257833696,493,1254,874
4358.015744469676,4357.890744469676,4358.140744469676,683,1130,907
4352.640228614332,4352.515228614332,4352.765228614332,2593,1264,1929
4352.417869430065,4352.292869430065,4352.542869430065,1565,2190,1878
4352.214266420886,4352.089266420886,4352.339266420886,1041,1968,1505
4350.468222824026,4350.343222824026,4350.593222824026,1517,1278,1398
4350.846403529363,4350.471403529363,4351.221403529363,594,1091,843
4349.584482549474,4349.459482549474,4349.709482549474,1305,614,960
4352.619207568068,4352.244207568068,4352.994207568068,1872,1681,1777
4352.104636711947,4351.854636711947,4352.354636711947,1250,1857,1554
4355.096445741656,4354.846445741656,4355.346445741656,2147,944,1546
4355.460585975901,4355.210585975901,4355.710585975901,1160,1835,1498
4359.328178940664,4358.953178940664,4359.703178940664,1311,1330,1321
4360.488727699758,4360.363727699758,4360.613727699758,1116,1547,1332
4359.704324950664,4359.579324950664,4359.829324950664,769,1512,1141
4357.731961776195,4357.606961776195,4357.856961776195,2068,749,1409
4354.197499984436,4354.072499984436,4354.322499984436,2164,923,1544
4354.077768474051,4353.827768474051,4354.327768474051,1038,875,957
4354.176031905796,4354.051031905796,4354.301031905796,1265,532,899
4350.57463000934,4350.44963000934,4350.69963000934,912,827,870
4349.776397729173,4349.526397729173,4350.026397729173,697,2086,1392
4352.171212521148,4352.046212521148,4352.296212521148,2134,981,1558
4348.544834876901,4348.419834876901,4348.669834876901,2038,901,1470
4346.5301629552,4346.1551629552,4346.9051629552,2534,871,1703
4343.9602173404255,4343.7102173404255,4344.2102173404255,1551,846,1199
4343.356998529831,4343.231998529831,4343.481998529831,1602,1331,1467
4342.410138995562,4342.285138995562,4342.535138995562,2103,716,1410
4340.780526674367,4340.530526674367,4341.030526674367,890,733,812
4339.413920310357,4339.288920310357,4339.538920310357,1393,1364,1379
4339.738403281803,4339.363403281803,4340.113403281803,699,1338,1019
4337.76832235624,4337.39332235624,4338.14332235624,2270,1273,1772
4341.535322163896,4341.410322163896,4341.660322163896,839,1280,1060
4343.873337228794,4343.748337228794,4343.998337228794,1491,724,1108
4342.726667935659,4342.601667935659,4342.851667935659,1591,1340,1466
4340.130461543076,4339.755461543076,4340.505461543076,929,1794,1362
4342.355640698014,4342.230640698014,4342.480640698014,1901,1672,1787
4343.539412142647,4343.414412142647,4343.664412142647,846,2473,1660
4341.55365567381,4341.42865567381,4341.67865567381,2453,902,1678
4341.75982209234,4341.63482209234,4341.88482209234,660,1023,842
4339.775038570858,4339.650038570858,4339.900038570858,934,1253,1094
4335.652304156165,4335.402304156165,4335.902304156165,697,1038,868
4339.957948917203,4339.582948917203,4340.332948917203,1709,1372,1541
4341.157297830998,4341.032297830998,4341.282297830998,1877,1616,1747
4340.293800102208,4340.168800102208,4340.418800102208,1618,2077,1848
4332.532984770471,4332.282984770471,4332.782984770471,1130,513,822
4331.027322001905,4330.902322001905,4331.152322001905,769,1576,1173
4331.723202772781,4331.473202772781,4331.973202772781,895,2544,1720
4333.230065160029,4333.105065160029,4333.355065160029,1301,2078,1690
4331.32050194646,4331.07050194646,4331.57050194646,2471,1086,1779
4332.806429928865,4332.681429928865,4332.931429928865,2433,1298,1866
4329.260375471724,4329.135375471724,4329.385375471724,1463,1262,1363
4329.100877671281,4328.975877671281,4329.225877671281,1180,2635,1908
4329.436517687231,4329.186517687231,4329.686517687231,2471,1508,1990
4327.6049390318,4327.4799390318,4327.7299390318,1599,846,1223
4328.723999486529,4328.598999486529,4328.848999486529,1907,1878,1893
4327.937729723093,4327.812729723093,4328.062729723093,1974,1347,1661
4326.2553239168965,4326.0053239168965,4326.5053239168965,1319,492,906
4325.557643975242,4325.432643975242,4325.682643975242,1849,1350,1600
4324.820091832424,4324.695091832424,4324.945091832424,906,1207,1057
4321.675532967539,4321.300532967539,4322.050532967539,910,1371,1141
4322.376705237616,4322.126705237616,4322.626705237616,1426,1413,1420
4323.593654698218,4323.468654698218,4323.718654698218,1225,496,861
4325.731303197422,4325.481303197422,4325.981303197422,1010,1743,1377
4324.125417823791,4324.000417823791,4324.250417823791,742,1409,1076
4321.479624957153,4321.229624957153,4321.729624957153,968,997,983
4325.63507927443,4325.51007927443,4325.76007927443,1963,1380,1672
4326.003743010795,4325.878743010795,4326.128743010795,821,1236,1029
4321.874081427001,4321.749081427001,4321.999081427001,1942,813,1378
4320.712961654921,4320.587961654921,4320.837961654921,1302,1839,1571
4323.946283300982,4323.821283300982,4324.071283300982,661,1330,996
4326.926165325675,4326.551165325675,4327.301165325675,602,1269,936
4324.594807007331,4324.344807007331,4324.844807007331,993,2628,1811
4328.239739873813,4328.114739873813,4328.364739873813,1847,1016,1432
4328.156464166429,4328.031464166429,4328.281464166429,2599,1000,1800
4321.855745812045,4321.605745812045,4322.105745812045,1053,2382,1718
4325.272321594033,4325.147321594033,4325.397321594033,1224,1689,1457
4323.934274824273,4323.809274824273,4324.059274824273,828,2055,1442
4326.314625995215,4326.189625995215,4326.439625995215,1334,1083,1209
4325.278491880507,4324.903491880507,4325.653491880507,1900,1969,1935
4322.065812599715,4321.815812599715,4322.315812599715,1297,1432,1365
4318.219918297338,4318.094918297338,4318.344918297338,1770,1607,1689
4315.886118190219,4315.636118190219,4316.136118190219,1534,781,1158
4312.005047273871,4311.880047273871,4312.130047273871,1968,671,1320
4308.124330826522,4307.999330826522,4308.249330826522,2073,1360,1717
4308.338135405419,4307.963135405419,4308.713135405419,2564,1355,1960
4312.062120556218,4311.812120556218,4312.312120556218,1071,566,819
4306.633770356791,4306.508770356791,4306.758770356791,891,2144,1518
4303.011938443201,4302.886938443201,4303.136938443201,2405,1516,1961
4307.630714728583,4307.505714728583,4307.755714728583,573,1180,877
4312.251495039292,4312.001495039292,4312.501495039292,2804,1013,1909
4317.403126314024,4317.278126314024,4317.528126314024,2135,1166,1651
4322.151048002475,4322.026048002475,4322.276048002475,2043,722,1383
4327.933943578309,4327.808943578309,4328.058943578309,1853,1774,1814
4330.111078877556,4329.986078877556,4330.236078877556,2416,1095,1756
4328.6000854499,4328.4750854499,4328.7250854499,1761,1190,1476
4328.340212014873,4328.090212014873,4328.590212014873,1556,807,1182
4330.672882610025,4330.297882610025,4331.047882610025,2676,941,1809
4329.00260750884,4328.87760750884,4329.12760750884,1847,678,1263
4326.850612172316,4326.475612172316,4327.225612172316,1009,676,843
4324.563601842806,4324.438601842806,4324.688601842806,644,1675,1160
4322.9028193926715,4322.7778193926715,4323.0278193926715,2138,985,1562
4325.365774125798,4325.240774125798,4325.490774125798,1619,1476,1548
4326.055338728935,4325.805338728935,4326.305338728935,1271,1004,1138
4329.147343192216,4328.897343192216,4329.397343192216,1174,533,854
4329.859066309657,4329.609066309657,4330.109066309657,1226,623,925
4332.2183534209,4331.9683534209,4332.4683534209,984,1865,1425
4335.586318157538,4335.336318157538,4335.836318157538,1365,1358,1362
4335.927063003644,4335.677063003644,4336.177063003644,1990,1441,1716
4341.107372432866,4340.857372432866,4341.357372432866,2454,1323,1889
4334.139575422593,4333.889575422593,4334.389575422593,1144,1441,1293
4333.175064310967,4332.925064310967,4333.425064310967,1955,920,1438
4333.237843554171,4332.987843554171,4333.487843554171,1317,2072,1695
4338.58774483776,4338.33774483776,4338.83774483776,1464,1565,1515
4346.011252956577,4345.636252956577,4346.386252956577,558,1145,852
4342.285951825972,4342.160951825972,4342.410951825972,1469,1904,1687
4343.657349641131,4343.407349641131,4343.907349641131,562,1163,863
4342.03258950073,4341.90758950073,4342.15758950073,1367,1298,1333
4346.097741852942,4345.847741852942,4346.347741852942,1115,1522,1319
4345.977243472127,4345.727243472127,4346.227243472127,1101,1896,1499
4350.780850175839,4350.655850175839,4350.905850175839,937,1220,1079
4349.100883816558,4348.850883816558,4349.350883816558,1173,1510,1342
4347.204499603614,4347.079499603614,4347.329499603614,1306,601,954
4349.220183434497,4348.970183434497,4349.470183434497,1770,843,1307
4347.13487700252,4347.00987700252,4347.25987700252,566,1185,876
4350.580472220675,4350.455472220675,4350.705472220675,989,2042,1516
4356.058132242929,4355.933132242929,4356.183132242929,1676,595,1136
4354.94241819216,4354.69241819216,4355.19241819216,906,1671,1289
4355.401897478374,4355.276897478374,4355.526897478374,2156,1131,1644
4356.100946418425,4355.975946418425,4356.225946418425,540,1139,840
4354.153759947572,4354.028759947572,4354.278759947572,639,1028,834
4355.292065210659,4355.042065210659,4355.542065210659,1476,1235,1356
4355.069733604895,4354.944733604895,4355.194733604895,1493,1108,1301
4358.377842830343,4358.252842830343,4358.502842830343,2265,1674,1970
4354.700507555911,4354.450507555911,4354.950507555911,2638,1189,1914
4353.4844363004,4353.2344363004,4353.7344363004,1095,2732,1914
4356.092643258298,4355.842643258298,4356.342643258298,2656,1173,1915
4355.86819711012,4355.49319711012,4356.24319711012,2538,1279,1909
4355.8267903897195,4355.7017903897195,4355.9517903897195,1502,1341,1422
4355.627642871702,4355.502642871702,4355.752642871702,1501,766,1134
4358.239325928601,4357.989325928601,4358.489325928601,1880,1005,1443
4356.065605394037,4355.815605394037,4356.315605394037,1848,635,1242
4357.77556649625,4357.52556649625,4358.02556649625,1050,567,809
4357.756560417769,4357.506560417769,4358.006560417769,1807,742,1275
4359.797009857306,4359.672009857306,4359.922009857306,877,2576,1727
4363.820006659973,4363.695006659973,4363.945006659973,715,1850,1283
4360.706602910035,4360.456602910035,4360.956602910035,1649,2232,1941
4361.739853443081,4361.489853443081,4361.989853443081,1380,1331,1356
4358.80289348712,4358.67789348712,4358.92789348712,1642,1619,1631
4362.346586644133,4362.221586644133,4362.471586644133,740,991,866
4360.570003250906,4360.445003250906,4360.695003250906,689,1312,1001
4359.308570124183,4359.183570124183,4359.433570124183,1604,917,1261
4359.225579966754,4359.100579966754,4359.350579966754,2877,974,1926
4359.60308412573,4359.47808412573,4359.72808412573,788,2101,1445
4357.551790585425,4357.426790585425,4357.676790585425,1844,1385,1615
4355.1107774075945,4354.8607774075945,4355.3607774075945,2548,1437,1993
4351.220855914754,4351.095855914754,4351.345855914754,1659,864,1262
4354.695105961517,4354.570105961517,4354.820105961517,1076,1245,1161
4353.197378131676,4353.072378131676,4353.322378131676,1367,728,1048
4353.020932242821,4352.895932242821,4353.145932242821,1619,778,1199
4354.861467505296,4354.736467505296,4354.986467505296,1717,1728,1723
4355.291866813594,4355.166866813594,4355.416866813594,1827,802,1315
4353.440422216863,4353.065422216863,4353.815422216863,1801,1506,1654
4351.74654860577,4351.62154860577,4351.87154860577,697,1192,945
4355.695249844265,4355.445249844265,4355.945249844265,671,1992,1332
4352.479147584327,4352.354147584327,4352.604147584327,1081,954,1018
4351.867883776793,4351.617883776793,4352.117883776793,1083,2196,1640
4350.605377412693,4350.480377412693,4350.730377412693,1350,2615,1983
4348.917541351957,4348.792541351957,4349.042541351957,1411,1720,1566
4348.697032262304,4348.447032262304,4348.947032262304,653,1918,1286
4350.970426998632,4350.845426998632,4351.095426998632,2642,1261,1952
4351.415339116256,4351.290339116256,4351.540339116256,1269,2582,1926
4350.0875582599765,4349.7125582599765,4350.4625582599765,895,874,885
4347.957321288182,4347.832321288182,4348.082321288182,1731,1634,1683
4352.2627767534605,4352.0127767534605,4352.5127767534605,1121,2002,1562
4350.977679672961,4350.727679672961,4351.227679672961,863,888,876
4350.752372909701,4350.627372909701,4350.877372909701,2273,1688,1981
4353.513108410901,4353.263108410901,4353.763108410901,771,1678,1225
4355.524449324784,4355.399449324784,4355.649449324784,1266,2365,1816
4353.974572763155,4353.724572763155,4354.224572763155,1299,2682,1991
4354.5767997595785,4354.2017997595785,4354.9517997595785,1100,643,872
4353.116986612977,4352.991986612977,4353.241986612977,680,1053,867
4353.81813005655,4353.69313005655,4353.94313005655,1048,2665,1857
4351.781963320715,4351.531963320715,4352.031963320715,569,1352,961
4353.235575760504,4353.110575760504,4353.360575760504,2399,964,1682
4357.063056283051,4356.813056283051,4357.313056283051,439,1300,870
4355.744777165892,4355.619777165892,4355.869777165892,1487,1338,1413
4356.169635671288,4356.044635671288,4356.294635671288,621,1002,812
4354.327014226416,4354.202014226416,4354.452014226416,1536,755,1146
4355.536439602757,4355.411439602757,4355.661439602757,1052,2163,1608
4358.6267348034935,4358.5017348034935,4358.7517348034935,1067,2640,1854
4359.731269413588,4359.481269413588,4359.981269413588,750,1837,1294
4360.986348193657,4360.861348193657,4361.111348193657,1473,2416,1945
4362.498983737336,4362.373983737336,4362.623983737336,1407,668,1038
4365.9673622647415,4365.8423622647415,4366.0923622647415,2031,1662,1847
4366.861939907418,4366.736939907418,4366.986939907418,1619,768,1194
4361.791843748015,4361.666843748015,4361.916843748015,800,1523,1162
4368.953495585619,4368.828495585619,4369.078495585619,1239,1500,1370
4367.532385973161,4367.282385973161,4367.782385973161,866,1981,1424
4378.323125913272,4378.198125913272,4378.448125913272,2376,1525,1951
4383.344055476852,4383.219055476852,4383.469055476852,2445,1056,1751
4385.652124674311,4385.527124674311,4385.777124674311,1058,2759,1909
4383.1048555616835,4382.9798555616835,4383.2298555616835,1256,1763,1510
4383.6173672603945,4383.4923672603945,4383.7423672603945,974,2201,1588
4386.648079248901,4386.523079248901,4386.773079248901,1260,1973,1617
4384.455365924402,4384.330365924402,4384.580365924402,1002,1341,1172
4384.654987099394,4384.279987099394,4385.029987099394,2095,918,1507
4387.531032922403,4387.281032922403,4387.781032922403,2698,1039,1869
4388.569726850273,4388.319726850273,4388.819726850273,1482,885,1184
4401.631345938309,4401.381345938309,4401.881345938309,1051,1806,1429
4402.172239742541,4401.922239742541,4402.422239742541,949,2140,1545
4398.785693707428,4398.535693707428,4399.035693707428,1358,1217,1288
4405.9894458378785,4405.7394458378785,4406.2394458378785,2174,1451,1813
4410.61891954435,4410.49391954435,4410.74391954435,1602,2227,1915
4418.806069202142,4418.681069202142,4418.931069202142,1313,520,917
4424.404784565147,4424.154784565147,4424.654784565147,2397,1230,1814
4423.976970715486,4423.726970715486,4424.226970715486,2287,1374,1831
4418.974673874574,4418.599673874574,4419.349673874574,1270,2403,1837
4419.8112234862265,4419.6862234862265,4419.9362234862265,1120,847,984
4418.428482214647,4418.303482214647,4418.553482214647,708,2007,1358
4419.213414609233,4418.963414609233,4419.463414609233,1546,581,1064
4419.82948901246,4419.57948901246,4420.07948901246,1444,1753,1599
4417.685764069914,4417.435764069914,4417.935764069914,1615,2266,1941
4427.281969763913,4427.031969763913,4427.531969763913,761,1996,1379
4425.503430408277,4425.378430408277,4425.628430408277,1270,579,925
4425.275197129953,4424.900197129953,4425.650197129953,1870,747,1309
4426.437490897141,4426.312490897141,4426.562490897141,996,1897,1447
4433.276188072323,4433.151188072323,4433.401188072323,603,1096,850
4431.830154110759,4431.580154110759,4432.080154110759,858,1219,1039
4428.562647226899,4428.312647226899,4428.812647226899,555,1522,1039
4426.538997380319,4426.288997380319,4426.788997380319,2100,1259,1680
4423.356148266028,4422.981148266028,4423.731148266028,1502,1329,1416
4431.368073046709,4431.243073046709,4431.493073046709,1108,1443,1276
4425.944040356197,4425.819040356197,4426.069040356197,1349,1430,1390
4427.6269666597345,4427.5019666597345,4427.7519666597345,1346,951,1149
4426.854709063525,4426.729709063525,4426.979709063525,1835,1316,1576
4428.883106427154,4428.758106427154,4429.008106427154,947,1946,1447
4434.509287364535,4434.384287364535,4434.634287364535,950,2075,1513
4427.657922221734,4427.532922221734,4427.782922221734,1893,2010,1952
4424.152398346841,4424.027398346841,4424.277398346841,1006,983,995
4422.727289627961,4422.477289627961,4422.977289627961,1425,974,1200
4423.836863489968,4423.586863489968,4424.086863489968,2006,1281,1644
4420.947348407956,4420.822348407956,4421.072348407956,2010,867,1439
4423.2587182764355,4423.0087182764355,4423.5087182764355,457,1262,860
4424.270367115434,4423.895367115434,4424.645367115434,695,1776,1236
4422.931463530049,4422.681463530049,4423.181463530049,733,1176,955
4431.367815746132,4431.117815746132,4431.617815746132,826,1745,1286
4429.032883136044,4428.782883136044,4429.282883136044,1300,963,1132
4426.578414448992,4426.453414448992,4426.703414448992,546,1501,1024
4425.991067206483,4425.741067206483,4426.241067206483,1527,1686,1607
4428.544054205727,4428.419054205727,4428.669054205727,1406,1937,1672
4430.723740014588,4430.598740014588,4430.848740014588,499,1312,906
4433.397377468972,4433.147377468972,4433.647377468972,1199,2386,1793
4434.504263062699,4434.254263062699,4434.754263062699,1813,678,1246
4443.988999316369,4443.863999316369,4444.113999316369,1508,1827,1668
4439.600509440756,4439.475509440756,4439.725509440756,1639,1532,1586
4442.473576293134,4442.348576293134,4442.598576293134,1139,1090,1115
4448.331169572023,4448.206169572023,4448.456169572023,977,2744,1861
4451.288856830177,4451.038856830177,4451.538856830177,1205,1890,1548
4453.155455467439,4452.905455467439,4453.405455467439,1441,522,982
4459.708287803547,4459.583287803547,4459.833287803547,1222,857,1040
4462.488799714406,4462.238799714406,4462.738799714406,974,1053,1014
4468.689777728202,4468.439777728202,4468.939777728202,1752,1905,1829
4475.291231745093,4475.166231745093,4475.416231745093,975,964,970
4469.898553752621,4469.523553752621,4470.273553752621,1693,2048,1871
4467.756155082891,4467.506155082891,4468.006155082891,1966,737,1352
4472.040431838612,4471.790431838612,4472.290431838612,800,2205,1503
4483.476708764926,4483.226708764926,4483.726708764926,600,1769,1185
4486.384767587197,4486.134767587197,4486.634767587197,1995,1192,1594
4489.106701767983,4488.856701767983,4489.356701767983,1039,1560,1300
4496.719723635863,4496.344723635863,4497.094723635863,1796,1465,1631
4503.162099635969,4502.912099635969,4503.412099635969,980,935,958
4501.709626452661,4501.584626452661,4501.834626452661,667,950,809
4497.145439068561,4497.020439068561,4497.270439068561,1473,1216,1345
4500.662079943422,4500.412079943422,4500.912079943422,1010,1911,1461
4496.077027912116,4495.952027912116,4496.202027912116,1917,1332,1625
4493.313756665794,4493.188756665794,4493.438756665794,1489,806,1148
4496.418443428508,4496.168443428508,4496.668443428508,1106,1305,1206
4508.545322778871,4508.420322778871,4508.670322778871,2340,1521,1931
4504.5190444471455,4504.2690444471455,4504.7690444471455,2086,925,1506
4505.935567369006,4505.810567369006,4506.060567369006,1465,544,1005
4513.290715503728,4513.165715503728,4513.415715503728,1252,1373,1313
4513.342686643033,4513.217686643033,4513.467686643033,2385,1362,1874
4504.139285039502,4503.889285039502,4504.389285039502,1672,859,1266
4502.17970179704,4501.92970179704,4502.42970179704,895,1188,1042
4507.140027055539,4507.015027055539,4507.265027055539,1313,908,1111
4515.259492470457,4515.134492470457,4515.384492470457,1460,2171,1816
4517.185214163299,4516.935214163299,4517.435214163299,845,1234,1040
4519.259114680166,4519.134114680166,4519.384114680166,1154,1051,1103
4521.429308596394,4521.304308596394,4521.554308596394,858,977,918
4525.871591797446,4525.746591797446,4525.996591797446,1281,1438,1360
4529.229574207908,4529.104574207908,4529.354574207908,1763,938,1351
4524.829612494251,4524.704612494251,4524.954612494251,1520,1057,1289
4530.7236760643,4530.5986760643,4530.8486760643,1255,434,845
4531.017154452309,4530.892154452309,4531.142154452309,558,1407,983
4531.502368556213,4531.252368556213,4531.752368556213,967,1876,1422
4527.33408807995,4527.08408807995,4527.58408807995,1735,2140,1938
4512.498448032522,4512.248448032522,4512.748448032522,722,901,812
4515.606971640665,4515.481971640665,4515.731971640665,1322,2489,1906
4517.741629529832,4517.491629529832,4517.991629529832,1642,1595,1619
4510.5686418383875,4510.4436418383875,4510.6936418383875,2679,1192,1936
4509.903987561042,4509.778987561042,4510.028987561042,551,1614,1083
4504.484869871356,4504.109869871356,4504.859869871356,1052,2105,1579
4506.424905804138,4506.299905804138,4506.549905804138,2409,1414,1912
4504.863188693368,4504.738188693368,4504.988188693368,1797,1966,1882
4491.87641732747,4491.75141732747,4492.00141732747,2149,1398,1774
4486.215428788882,4486.090428788882,4486.340428788882,1417,970,1194
4487.390794287442,4487.265794287442,4487.515794287442,2133,904,1519
4493.704925277674,4493.579925277674,4493.829925277674,1251,1076,1164
4493.604616221159,4493.479616221159,4493.729616221159,851,1550,1201
4490.791929895136,4490.666929895136,4490.916929895136,1425,2420,1923
4499.197529293833,4499.072529293833,4499.322529293833,1483,2422,1953
4488.831892696824,4488.581892696824,4489.081892696824,955,1452,1204
4493.303158782863,4493.178158782863,4493.428158782863,1204,1059,1132
4494.786667083139,4494.661667083139,4494.911667083139,1518,1661,1590
4495.138041250563,4494.888041250563,4495.388041250563,1016,943,980
4493.960561365873,4493.710561365873,4494.210561365873,1075,1954,1515
4503.6046843164695,4503.4796843164695,4503.7296843164695,1952,1211,1582
4503.2807304304515,4503.0307304304515,4503.5307304304515,1537,806,1172
4507.046060518878,4506.921060518878,4507.171060518878,1276,445,861
4514.821032342208,4514.696032342208,4514.946032342208,1443,2290,1867
4510.666103427349,4510.541103427349,4510.791103427349,1979,2012,1996
4514.28092095259,4514.15592095259,4514.40592095259,1663,2090,1877
4520.805320501796,4520.680320501796,4520.930320501796,1355,1808,1582
4518.380877500507,4518.130877500507,4518.630877500507,610,1323,967
4519.470976613838,4519.220976613838,4519.720976613838,1611,874,1243
4517.066712384671,4516.941712384671,4517.191712384671,990,1439,1215
4522.253850138896,4522.003850138896,4522.503850138896,2092,719,1406
4521.918157574276,4521.668157574276,4522.168157574276,1396,1813,1605
4526.48066043034,4526.35566043034,4526.60566043034,1079,1702,1391
4530.5914337251015,4530.4664337251015,4530.7164337251015,1109,1026,1068
4532.8684332658695,4532.7434332658695,4532.9934332658695,620,1117,869
4531.131625896573,4531.006625896573,4531.256625896573,1457,1168,1313
4534.891567111906,4534.641567111906,4535.141567111906,1880,1295,1588
4527.594568975619,4527.344568975619,4527.844568975619,1459,2004,1732
4532.295462664317,4532.170462664317,4532.420462664317,1143,780,962
4530.227202053137,4529.977202053137,4530.477202053137,1960,1961,1961
4531.946260468572,4531.696260468572,4532.196260468572,575,1200,888
4544.6052809309695,4544.4802809309695,4544.7302809309695,2542,1303,1923
4544.670781384723,4544.545781384723,4544.795781384723,1325,2464,1895
4540.883655930182,4540.758655930182,4541.008655930182,1595,770,1183
4536.792072066601,4536.667072066601,4536.917072066601,1546,745,1146
4533.451456265071,4533.326456265071,4533.576456265071,1805,1398,1602
4531.190105162159,4530.940105162159,4531.440105162159,1216,1081,1149
4524.697754290817,4524.572754290817,4524.822754290817,1139,2506,1823
4521.076698658223,4520.951698658223,4521.201698658223,1411,1420,1416
4525.042497221988,4524.917497221988,4525.167497221988,1080,1639,1360
4527.364743068364,4527.239743068364,4527.489743068364,837,1084,961
4527.592413873396,4527.467413873396,4527.717413873396,2850,1017,1934
4532.938486910051,4532.563486910051,4533.313486910051,1230,587,909
4533.272947924523,4533.147947924523,4533.397947924523,1035,1234,1135
4536.320452200519,4536.070452200519,4536.570452200519,1978,1769,1874
4537.6390139633595,4537.5140139633595,4537.7640139633595,1119,2698,1909
4529.13072703291,4529.00572703291,4529.25572703291,917,1062,990
4523.238575293866,4523.113575293866,4523.363575293866,1176,1025,1101
4524.7877696153055,4524.4127696153055,4525.1627696153055,971,1790,1381
4520.5973470837525,4520.4723470837525,4520.7223470837525,1040,1143,1092
4521.493340585601,4521.243340585601,4521.743340585601,1008,2771,1890
4515.235749223691,4514.860749223691,4515.610749223691,1397,1738,1568
4513.673254739791,4513.548254739791,4513.798254739791,1509,2074,1792
4517.058052213871,4516.683052213871,4517.433052213871,1539,1000,1270
4514.174194412955,4514.049194412955,4514.299194412955,690,1309,1000
4510.596235969044,4510.471235969044,4510.721235969044,838,2365,1602
4514.634340891301,4514.509340891301,4514.759340891301,1720,673,1197
4516.8927430089,4516.7677430089,4517.0177430089,1783,1334,1559
4519.446524894464,4519.196524894464,4519.696524894464,1524,1181,1353
4521.535763451508,4521.410763451508,4521.660763451508,1162,957,1060
4522.670557488095,4522.420557488095,4522.920557488095,2208,1207,1708
4520.119002702906,4519.994002702906,4520.244002702906,1012,2001,1507
4517.467210816656,4517.092210816656,4517.842210816656,1619,610,1115
4517.815848615474,4517.690848615474,4517.940848615474,1911,2048,1980
4518.465599411229,4518.090599411229,4518.840599411229,2255,1126,1691
4520.191723454422,4519.941723454422,4520.441723454422,1580,615,1098
4515.260533876204,4515.010533876204,4515.510533876204,1529,1450,1490
4525.934838522433,4525.684838522433,4526.184838522433,795,992,894
4526.721496335869,4526.596496335869,4526.846496335869,1474,1275,1375
4519.579677380461,4519.454677380461,4519.704677380461,851,1044,948
4527.692584755598,4527.442584755598,4527.942584755598,1139,2282,1711
4524.108768562449,4523.983768562449,4524.233768562449,1321,1332,1327
4521.5520780869,4521.4270780869,4521.6770780869,2422,831,1627
4516.729822608157,4516.479822608157,4516.979822608157,1196,1405,1301
4515.903836409564,4515.653836409564,4516.153836409564,512,1437,975
4513.187612900694,4512.812612900694,4513.562612900694,1781,1856,1819
4517.893618892299,4517.768618892299,4518.018618892299,1792,847,1320
4520.563322538575,4520.188322538575,4520.938322538575,1910,1079,1495
4520.728920480041,4520.603920480041,4520.853920480041,1000,989,995
4512.135267146318,4511.885267146318,4512.385267146318,1060,1599,1330
4512.320674662788,4512.070674662788,4512.570674662788,2088,1461,1775
4514.864904798364,4514.489904798364,4515.239904798364,970,753,862
4499.305095456982,4499.180095456982,4499.430095456982,909,2494,1702
4496.469072729482,4496.344072729482,4496.594072729482,1356,799,1078
4503.1688695224975,4502.9188695224975,4503.4188695224975,1888,1421,1655
4506.111893690901,4505.986893690901,4506.236893690901,997,1246,1122
4505.191843845892,4505.066843845892,4505.316843845892,2070,1317,1694
4508.470981139298,4508.095981139298,4508.845981139298,2611,1268,1940
4503.989151922067,4503.739151922067,4504.239151922067,1412,2041,1727
4511.046470212679,4510.796470212679,4511.296470212679,496,1489,993
4520.8664840143165,4520.6164840143165,4521.1164840143165,1560,1605,1583
4521.473763689944,4521.348763689944,4521.598763689944,1147,1006,1077
4521.903646247716,4521.778646247716,4522.028646247716,510,1211,861
4521.718004683308,4521.593004683308,4521.843004683308,720,1711,1216
4527.144491682005,4527.019491682005,4527.269491682005,1877,2090,1984
4530.113069270024,4529.863069270024,4530.363069270024,2088,1375,1732
4534.75020895961,4534.37520895961,4535.12520895961,1441,564,1003
4532.418699980669,4532.043699980669,4532.793699980669,645,1082,864
4526.730205778734,4526.605205778734,4526.855205778734,1195,1024,1110
4528.864016777784,4528.614016777784,4529.114016777784,904,983,944
4523.881408790795,4523.756408790795,4524.006408790795,1621,2360,1991
4525.552091358853,4525.177091358853,4525.927091358853,786,1189,988
4524.67170327404,4524.29670327404,4525.04670327404,1882,1805,1844
4520.101431730816,4519.726431730816,4520.476431730816,683,1226,955
4520.314485987371,4520.064485987371,4520.564485987371,815,1136,976
4517.11031859231,4516.86031859231,4517.36031859231,1396,2281,1839
4513.356269679512,4513.231269679512,4513.481269679512,1170,2557,1864
4512.619856436483,4512.494856436483,4512.744856436483,1109,1858,1484
4509.712127094705,4509.462127094705,4509.962127094705,1396,591,994
4506.677646012992,4506.427646012992,4506.927646012992,680,1287,984
4503.741355899571,4503.491355899571,4503.991355899571,2392,1037,1715
4503.054566620074,4502.804566620074,4503.304566620074,2128,853,1491
4500.231942898072,4500.106942898072,4500.356942898072,1054,761,908
4503.2683753375595,4503.0183753375595,4503.5183753375595,1427,658,1043
4507.556100339388,4507.181100339388,4507.931100339388,591,1078,835
4510.2277798374225,4510.1027798374225,4510.3527798374225,718,1689,1204
4512.1873832950405,4512.0623832950405,4512.3123832950405,949,924,937
4512.363378446706,4512.238378446706,4512.488378446706,887,896,892
4509.153999231725,4509.028999231725,4509.278999231725,1028,1097,1063
4501.409405097867,4501.159405097867,4501.659405097867,1092,1429,1261
4496.650849738764,4496.400849738764,4496.900849738764,1468,1025,1247
4499.554614457895,4499.429614457895,4499.679614457895,944,1019,982
4500.481737125603,4500.231737125603,4500.731737125603,1434,1779,1607
4496.640744346391,4496.390744346391,4496.890744346391,1548,1673,1611
4497.912425344089,4497.787425344089,4498.037425344089,1849,1532,1691
4491.105986487952,4490.980986487952,4491.230986487952,1924,1503,1714
4489.0062123738235,4488.8812123738235,4489.1312123738235,942,1607,1275
4494.832941153643,4494.457941153643,4495.207941153643,1158,1461,1310
4495.014262059433,4494.889262059433,4495.139262059433,1322,1833,1578
4496.467454656259,4496.342454656259,4496.592454656259,2683,908,1796
4495.64076921267,4495.39076921267,4495.89076921267,1206,783,995
4496.639820047548,4496.514820047548,4496.764820047548,782,1447,1115
4493.201961319166,4492.951961319166,4493.451961319166,1508,2271,1890
4490.55761065599,4490.30761065599,4490.80761065599,826,2301,1564
4490.702741098619,4490.577741098619,4490.827741098619,610,1195,903
4491.004909608908,4490.879909608908,4491.129909608908,2378,923,1651
4493.744682967281,4493.494682967281,4493.994682967281,878,971,925
4494.494782060195,4494.369782060195,4494.619782060195,1193,520,857
4490.743368370537,4490.493368370537,4490.993368370537,2933,1036,1985
4489.830915060923,4489.705915060923,4489.955915060923,1969,1106,1538
4492.796876408908,4492.671876408908,4492.921876408908,1993,1644,1819
4492.13227226575,4492.00727226575,4492.25727226575,2331,1148,1740
4494.133092689808,4493.883092689808,4494.383092689808,2218,1167,1693
4493.645582652697,4493.520582652697,4493.770582652697,1685,1184,1435
4487.327205339202,4487.077205339202,4487.577205339202,1691,2174,1933
4485.967641575548,4485.842641575548,4486.092641575548,2126,1203,1665
4483.945666174278,4483.820666174278,4484.070666174278,747,1152,950
4481.3474786837805,4481.2224786837805,4481.4724786837805,1919,734,1327
4480.094253719502,4479.969253719502,4480.219253719502,1367,1778,1573
4478.02003632804,4477.89503632804,4478.14503632804,1120,939,1030
4479.66125381681,4479.53625381681,4479.78625381681,655,974,815
4476.217771326921,4476.092771326921,4476.342771326921,736,1051,894
4472.3659633178695,4472.2409633178695,4472.4909633178695,1594,723,1159
4471.735803170372,4471.610803170372,4471.860803170372,1121,1350,1236
4470.794970356137,4470.669970356137,4470.919970356137,759,860,810
4471.033191239449,4470.908191239449,4471.158191239449,565,1204,885
4472.037322031675,4471.787322031675,4472.287322031675,1813,1528,1671
4475.457936444561,4475.332936444561,4475.582936444561,1991,1838,1915
4479.739595417158,4479.614595417158,4479.864595417158,906,709,808
4481.073826906141,4480.948826906141,4481.198826906141,1561,2256,1909
4479.8561259221915,4479.4811259221915,4480.2311259221915,1047,1586,1317
4473.735034553245,4473.485034553245,4473.985034553245,662,1925,1294
4475.586018717061,4475.461018717061,4475.711018717061,1247,714,981
4475.740382951948,4475.490382951948,4475.990382951948,2301,1316,1809
4479.0510153178175,4478.9260153178175,4479.1760153178175,1250,2355,1803
4482.232152299178,4481.857152299178,4482.607152299178,594,1315,955
4479.813563256086,4479.563563256086,4480.063563256086,1649,864,1257
4481.048744102979,4480.923744102979,4481.173744102979,1256,1857,1557
4480.146320907561,4479.896320907561,4480.396320907561,1656,1005,1331
4481.69713838786,4481.57213838786,4481.82213838786,1283,778,1031
4480.187940000047,4479.937940000047,4480.437940000047,1373,508,941
4482.287609830062,4482.037609830062,4482.537609830062,942,1867,1405
4484.6119745788765,4484.4869745788765,4484.7369745788765,1894,1377,1636
4486.925730586008,4486.675730586008,4487.175730586008,1063,1240,1152
4481.596234068258,4481.471234068258,4481.721234068258,1014,1511,1263
4480.928800042154,4480.803800042154,4481.053800042154,1005,752,879
4473.533828268639,4473.408828268639,4473.658828268639,687,996,842
4473.3778455006595,4473.1278455006595,4473.6278455006595,1491,2504,1998
4477.329544767411,4477.079544767411,4477.579544767411,2076,1411,1744
4476.426877116301,4476.176877116301,4476.676877116301,1258,953,1106
4475.863597703146,4475.738597703146,4475.988597703146,1214,2423,1819
4477.968679999804,4477.843679999804,4478.093679999804,1236,1057,1147
4485.0815971672255,4484.9565971672255,4485.2065971672255,816,1339,1078
4485.148421834692,4484.898421834692,4485.398421834692,1083,1654,1369
4484.528499262849,4484.403499262849,4484.653499262849,1956,869,1413
4484.5384661940225,4484.4134661940225,4484.6634661940225,1299,648,974
4484.502508363452,4484.377508363452,4484.627508363452,1395,1698,1547
4484.139606404682,4483.889606404682,4484.389606404682,1404,1847,1626
4481.65882098433,4481.40882098433,4481.90882098433,718,1447,1083
4481.201883234325,4481.076883234325,4481.326883234325,2079,1856,1968
4477.653588959266,4477.403588959266,4477.903588959266,1719,1642,1681
4474.681484417099,4474.431484417099,4474.931484417099,722,951,837
4474.364555637086,4474.114555637086,4474.614555637086,1420,625,1023
4469.658901366847,4469.283901366847,4470.033901366847,2000,1879,1940
4474.286154895028,4474.161154895028,4474.411154895028,1771,1094,1433
4476.470375821813,4476.345375821813,4476.595375821813,1280,1289,1285
4477.417408492709,4477.292408492709,4477.542408492709,1096,1051,1074
4480.169204776888,4480.044204776888,4480.294204776888,1878,1029,1454
4480.595113116895,4480.470113116895,4480.720113116895,2309,1016,1663
4481.668121898575,4481.543121898575,4481.793121898575,1752,1399,1576
4484.671936285696,4484.421936285696,4484.921936285696,961,1726,1344
4480.553745339527,4480.178745339527,4480.928745339527,866,2127,1497
4477.480070018128,4477.355070018128,4477.605070018128,1296,1917,1607
4477.253407077139,4477.128407077139,4477.378407077139,2582,1025,1804
4478.262159033388,4478.137159033388,4478.387159033388,1026,2465,1746
4479.324001874288,4479.199001874288,4479.449001874288,973,650,812
4476.452163015999,4476.327163015999,4476.577163015999,1377,1156,1267
4475.950269662945,4475.825269662945,4476.075269662945,1592,1571,1582
4480.33476322574,4480.08476322574,4480.58476322574,946,1337,1142
4480.440575886341,4480.190575886341,4480.690575886341,1338,965,1152
4481.095623982602,4480.845623982602,4481.345623982602,820,941,881
4479.494349826853,4479.244349826853,4479.744349826853,1518,1031,1275
4480.104646888323,4479.979646888323,4480.229646888323,1582,603,1093
4483.062010730297,4482.937010730297,4483.187010730297,1968,1103,1536
4481.650251163511,4481.525251163511,4481.775251163511,1257,1568,1413
4480.028815177104,4479.778815177104,4480.278815177104,1109,1674,1392
4480.120585822584,4479.995585822584,4480.245585822584,1805,1618,1712
4480.636595138563,4480.511595138563,4480.761595138563,1334,2475,1905
4475.2604433858005,4475.0104433858005,4475.5104433858005,1071,1546,1309
4474.541443477741,4474.291443477741,4474.791443477741,1975,1266,1621
4472.2639351024845,4472.0139351024845,4472.5139351024845,1082,2879,1981
4471.229032973742,4470.854032973742,4471.604032973742,1362,1003,1183
4473.580084827516,4473.205084827516,4473.955084827516,1712,767,1240
4477.843553032121,4477.468553032121,4478.218553032121,1373,626,1000
4475.791596740977,4475.416596740977,4476.166596740977,1578,987,1283
4471.856351836353,4471.731351836353,4471.981351836353,777,1462,1120
4467.250895627973,4467.125895627973,4467.375895627973,1520,837,1179
4463.780912903998,4463.655912903998,4463.905912903998,859,2056,1458
4463.435941012701,4463.310941012701,4463.560941012701,836,2383,1610
4460.086477319785,4459.961477319785,4460.211477319785,978,1435,1207
4460.817658518483,4460.567658518483,4461.067658518483,1049,1094,1072
4464.344000630278,4464.094000630278,4464.594000630278,1015,2358,1687
4466.804278508147,4466.679278508147,4466.929278508147,2269,932,1601
4462.758001869195,4462.633001869195,4462.883001869195,1744,1385,1565
4463.348342463665,4463.223342463665,4463.473342463665,2628,1269,1949
4457.626116351104,4457.501116351104,4457.751116351104,1086,1897,1492
4456.704249936047,4456.579249936047,4456.829249936047,1816,641,1229
4457.087338937603,4456.962338937603,4457.212338937603,856,1437,1147
4454.898885421773,4454.773885421773,4455.023885421773,966,1767,1367
4456.560140903038,4456.435140903038,4456.685140903038,2570,1373,1972
4456.7582966346,4456.5082966346,4457.0082966346,2191,1190,1691
4460.393011218267,4460.143011218267,4460.643011218267,915,1032,974
4462.390246376563,4462.265246376563,4462.515246376563,2345,814,1580
4463.097222164781,4462.847222164781,4463.347222164781,1925,1850,1888
4465.731169373009,4465.606169373009,4465.856169373009,1225,794,1010
4466.453703213887,4466.328703213887,4466.578703213887,656,1103,880
4464.19543741259,4464.07043741259,4464.32043741259,1105,1356,1231
4465.27692405167,4464.90192405167,4465.65192405167,1345,1106,1226
4462.766158391782,4462.641158391782,4462.891158391782,797,896,847
4460.182679339839,4460.057679339839,4460.307679339839,836,1477,1157
4455.758652440722,4455.508652440722,4456.008652440722,2345,1318,1832
4457.265565544065,4457.140565544065,4457.390565544065,1198,1621,1410
4452.786183740906,4452.661183740906,4452.911183740906,1366,1327,1347
4454.674975395285,4454.549975395285,4454.799975395285,1095,954,1025
4456.695288376894,4456.570288376894,4456.820288376894,1045,1084,1065
4457.85037432103,4457.72537432103,4457.97537432103,2039,1024,1532
4455.310458304439,4455.185458304439,4455.435458304439,1402,1205,1304
4456.126057628686,4455.876057628686,4456.376057628686,1755,956,1356
4452.9995459851225,4452.7495459851225,4453.2495459851225,474,1201,838
4454.001573815315,4453.751573815315,4454.251573815315,1489,566,1028
4454.071731745218,4453.946731745218,4454.196731745218,784,1123,954
4454.1323050600195,4454.0073050600195,4454.2573050600195,1249,1318,1284
4455.259166003961,4455.134166003961,4455.384166003961,1548,1857,1703
4452.103447642553,4451.978447642553,4452.228447642553,1399,1346,1373
4450.719559072212,4450.344559072212,4451.094559072212,1927,1056,1492
4448.370746126846,4448.245746126846,4448.495746126846,1796,643,1220
4451.816181857258,4451.441181857258,4452.191181857258,1434,2107,1771
4454.770370771872,4454.395370771872,4455.145370771872,1325,974,1150
4455.405917307502,4455.280917307502,4455.530917307502,1105,1562,1334
4457.971789208821,4457.596789208821,4458.346789208821,1332,799,1066
4464.918477326268,4464.543477326268,4465.293477326268,1946,1091,1519
4467.303650645605,4467.053650645605,4467.553650645605,1302,977,1140
4464.409198609512,4464.284198609512,4464.534198609512,870,2477,1674
4465.337346413407,4465.212346413407,4465.462346413407,908,2639,1774
4468.493834985389,4468.368834985389,4468.618834985389,960,1003,982
4469.059461330906,4468.934461330906,4469.184461330906,1982,1621,1802
4468.997364329191,4468.872364329191,4469.122364329191,1435,2044,1740
4468.207575886878,4467.957575886878,4468.457575886878,2501,1126,1814
4470.077740957487,4469.827740957487,4470.327740957487,1148,1009,1079
4469.610849652458,4469.360849652458,4469.860849652458,543,1374,959
4471.443502364989,4471.193502364989,4471.693502364989,1017,1696,1357
4468.040179708491,4467.915179708491,4468.165179708491,1017,2424,1721
4466.290493536037,4466.165493536037,4466.415493536037,765,1032,899
4465.51437849454,4465.26437849454,4465.76437849454,1864,731,1298
4468.906027585407,4468.781027585407,4469.031027585407,692,1113,903
4468.2720569773755,4468.1470569773755,4468.3970569773755,1054,767,911
4471.117456577989,4470.992456577989,4471.242456577989,1097,2300,1699
4473.1910480073975,4472.9410480073975,4473.4410480073975,1259,1770,1515
4468.645641795167,4468.395641795167,4468.895641795167,1056,751,904
4467.277592332779,4467.152592332779,4467.402592332779,754,1515,1135
4470.351654964005,4470.101654964005,4470.601654964005,1098,2755,1927
4469.116248252054,4468.991248252054,4469.241248252054,1834,1343,1589
4474.223013859578,4474.098013859578,4474.348013859578,1010,987,999
4478.054875979247,4477.929875979247,4478.179875979247,1140,913,1027
4480.290100874082,4480.040100874082,4480.540100874082,1305,1100,1203
4485.931230242622,4485.806230242622,4486.056230242622,599,1202,901
4481.752373958898,4481.627373958898,4481.877373958898,1839,730,1285
4474.882255563735,4474.632255563735,4475.132255563735,1230,2603,1917
4477.354100073328,4477.104100073328,4477.604100073328,1384,1377,1381
4473.663049662287,4473.538049662287,4473.788049662287,1276,677,977
4476.156794023824,4475.906794023824,4476.406794023824,658,1623,1141
4477.986078590049,4477.861078590049,4478.111078590049,1171,2204,1688
4480.016744837982,4479.641744837982,4480.391744837982,1086,1955,1521
4480.995041434205,4480.620041434205,4481.370041434205,1796,1351,1574
4482.174671811892,4482.049671811892,4482.299671811892,700,1929,1315
4480.026848505779,4479.776848505779,4480.276848505779,1779,1256,1518
4485.108716667755,4484.733716667755,4485.483716667755,1276,1293,1285
4476.243570069308,4476.118570069308,4476.368570069308,1120,2233,1677
4488.09342939321,4487.96842939321,4488.21842939321,1641,968,1305
4487.459645182088,4487.334645182088,4487.584645182088,1089,1304,1197
4485.480383378725,4485.355383378725,4485.605383378725,1581,1094,1338
4479.693628840855,4479.568628840855,4479.818628840855,1680,1891,1786
4480.258968490822,4480.008968490822,4480.508968490822,2300,1223,1762
4474.20934980327,4473.95934980327,4474.45934980327,950,2603,1777
4472.411886732526,4472.161886732526,4472.661886732526,1560,1355,1458
4471.292516166772,4470.917516166772,4471.667516166772,1507,1750,1629
4469.317372646637,4469.067372646637,4469.567372646637,926,2465,1696
4463.680192389027,4463.555192389027,4463.805192389027,890,2185,1538
4464.000377959486,4463.875377959486,4464.125377959486,439,1278,859
4465.112299194048,4464.862299194048,4465.362299194048,1442,577,1010
4462.0388201869755,4461.6638201869755,4462.4138201869755,2063,1908,1986
4471.374566751251,4470.999566751251,4471.749566751251,1540,1021,1281
4477.678739925754,4477.553739925754,4477.803739925754,1207,2138,1673
4477.552310965052,4477.302310965052,4477.802310965052,1184,2181,1683
4480.259900902259,4480.134900902259,4480.384900902259,1704,1189,1447
4479.870444183431,4479.745444183431,4479.995444183431,947,1340,1144
4479.568426065119,4479.443426065119,4479.693426065119,1346,775,1061
4473.6487507643305,4473.5237507643305,4473.7737507643305,1142,551,847
4466.151721430751,4465.901721430751,4466.401721430751,765,1938,1352
4463.0747818721375,4462.9497818721375,4463.1997818721375,1371,570,971
4464.622684138631,4464.247684138631,4464.997684138631,1749,1472,1611
4473.940223863361,4473.815223863361,4474.065223863361,506,1491,999
4472.293678044581,4472.043678044581,4472.543678044581,1092,2325,1709
4467.463586556252,4467.213586556252,4467.713586556252,1074,993,1034
4465.723733310454,4465.598733310454,4465.848733310454,2329,868,1599
4464.216076135372,4463.966076135372,4464.466076135372,1779,942,1361
4465.3213633015785,4465.1963633015785,4465.4463633015785,1204,513,859
4474.178648690698,4473.803648690698,4474.553648690698,1435,722,1079
4475.82630210969,4475.70130210969,4475.95130210969,1034,1331,1183
4476.812731861003,4476.687731861003,4476.937731861003,871,1982,1427
4473.2911965367,4473.1661965367,4473.4161965367,1170,2693,1932
4464.023070526311,4463.648070526311,4464.398070526311,682,2011,1347
4463.59302189307,4463.46802189307,4463.71802189307,1014,1289,1152
4465.441758858696,4465.316758858696,4465.566758858696,913,728,821
4469.402667123104,4469.277667123104,4469.527667123104,1456,2467,1962
4469.980598167053,4469.730598167053,4470.230598167053,541,1422,982
4473.637919424962,4473.262919424962,4474.012919424962,2213,1584,1899
4466.769502241435,4466.519502241435,4467.019502241435,1473,2390,1932
4462.95402056074,4462.70402056074,4463.20402056074,1238,1995,1617
4458.997098266926,4458.622098266926,4459.372098266926,2611,942,1777
4454.549795254052,4454.424795254052,4454.674795254052,928,1045,987
4455.619431445371,4455.369431445371,4455.869431445371,1085,706,896
4456.572157092542,4456.447157092542,4456.697157092542,1609,826,1218
4457.135739677237,4456.885739677237,4457.385739677237,646,957,802
4455.297315106723,4455.047315106723,4455.547315106723,919,2528,1724
4459.043570205636,4458.793570205636,4459.293570205636,1377,1200,1289
4463.548703105329,4463.423703105329,4463.673703105329,2032,1229,1631
4461.96102010293,4461.83602010293,4462.08602010293,1857,1796,1827
4465.135544368451,4464.885544368451,4465.385544368451,1263,1114,1189
4463.202096286681,4463.077096286681,4463.327096286681,590,1373,982
4470.780992471316,4470.405992471316,4471.155992471316,1960,1191,1576
4481.131182601761,4481.006182601761,4481.256182601761,993,1554,1274
4481.636665210576,4481.386665210576,4481.886665210576,2289,1090,1690
4482.016212772799,4481.891212772799,4482.141212772799,2257,1158,1708
4484.948295266462,4484.823295266462,4485.073295266462,988,2043,1516
4475.993662163919,4475.868662163919,4476.118662163919,797,986,892
4483.911409786769,4483.661409786769,4484.161409786769,1379,1620,1500
4487.2819026690095,4487.0319026690095,4487.5319026690095,1764,2033,1899
4493.392500884826,4493.017500884826,4493.767500884826,912,793,853
4489.385471449102,4489.260471449102,4489.510471449102,1001,2556,1779
4476.112497960777,4475.862497960777,4476.362497960777,955,790,873
4472.2013548636,4472.0763548636,4472.3263548636,1550,1681,1616
4477.708483695475,4477.333483695475,4478.083483695475,1303,2452,1878
4475.7137727509835,4475.3387727509835,4476.0887727509835,565,1182,874
4472.512824673721,4472.387824673721,4472.637824673721,699,1946,1323
4471.4776345565315,4471.2276345565315,4471.7276345565315,1280,2315,1798
4479.831198497071,4479.706198497071,4479.956198497071,2606,1371,1989
4480.409972655059,4480.159972655059,4480.659972655059,1343,1170,1257
4474.849457587371,4474.474457587371,4475.224457587371,1086,1397,1242
4463.839533958471,4463.464533958471,4464.214533958471,1715,1072,1394
4472.26197702038,4471.88697702038,4472.63697702038,1377,1050,1214
4469.128588412072,4469.003588412072,4469.253588412072,1164,1951,1558
4471.471968894341,4471.346968894341,4471.596968894341,2185,1764,1975
4471.286175483385,4471.036175483385,4471.536175483385,2229,1036,1633
4469.28121428446,4469.15621428446,4469.40621428446,1370,1347,1359
4474.864119479828,4474.739119479828,4474.989119479828,2237,1096,1667
4471.103382175888,4470.978382175888,4471.228382175888,668,1619,1144
4474.161064365713,4474.036064365713,4474.286064365713,767,1548,1158
4478.015743608744,4477.890743608744,4478.140743608744,1244,1495,1370
4478.279111815381,4478.029111815381,4478.529111815381,1088,1169,1129
4482.166787082486,4481.791787082486,4482.541787082486,1243,2228,1736
4482.348528914913,4482.223528914913,4482.473528914913,893,1450,1172
4484.600288442438,4484.350288442438,4484.850288442438,1458,1807,1633
4476.628062404586,4476.503062404586,4476.753062404586,1582,1745,1664
4474.5800809624725,4474.4550809624725,4474.7050809624725,1698,1921,1810
4469.617499801317,4469.492499801317,4469.742499801317,2351,1280,1816
4467.9314823674185,4467.6814823674185,4468.1814823674185,1783,2054,1919
4469.461204528835,4469.336204528835,4469.586204528835,930,863,897
4481.315078685705,4481.190078685705,4481.440078685705,2077,1378,1728
4478.4156998141525,4478.1656998141525,4478.6656998141525,892,741,817
4486.121578417188,4485.746578417188,4486.496578417188,1741,910,1326
4495.748395186186,4495.623395186186,4495.873395186186,721,2142,1432
4487.450972150946,4487.200972150946,4487.700972150946,522,1127,825
4492.152607541639,4491.902607541639,4492.402607541639,602,1423,1013
4500.131639150203,4499.881639150203,4500.381639150203,1827,2076,1952
4490.985781815036,4490.860781815036,4491.110781815036,1650,1441,1546
4494.222577793548,4493.847577793548,4494.597577793548,1237,524,881
4491.416195200058,4491.166195200058,4491.666195200058,1480,1605,1543
4495.022867067424,4494.647867067424,4495.397867067424,2282,1439,1861
4497.913308221077,4497.663308221077,4498.163308221077,2129,1430,1780
4498.056744349197,4497.931744349197,4498.181744349197,502,1267,885
4503.588287395391,4503.463287395391,4503.713287395391,674,1345,1010
4500.787440511659,4500.537440511659,4501.037440511659,1370,1459,1415
4496.649088477662,4496.399088477662,4496.899088477662,1424,1887,1656
4501.242478781192,4501.117478781192,4501.367478781192,2288,1139,1714
4494.802100386661,4494.552100386661,4495.052100386661,1015,672,844
4481.869727871147,4481.744727871147,4481.994727871147,2226,1765,1996
4484.853509502052,4484.478509502052,4485.228509502052,705,1300,1003
4482.576066663219,4482.451066663219,4482.701066663219,2302,1125,1714
4478.670171195765,4478.420171195765,4478.920171195765,1172,1387,1280
4482.066591888612,4481.941591888612,4482.191591888612,1288,471,880
4485.140653101643,4484.765653101643,4485.515653101643,1486,515,1001
4491.280472104381,4491.030472104381,4491.530472104381,1669,1546,1608
4492.66182120471,4492.53682120471,4492.78682120471,835,936,886
4496.904626240596,4496.779626240596,4497.029626240596,1517,1800,1659
4500.714100955305,4500.464100955305,4500.964100955305,2273,1120,1697
4508.9025066572,4508.6525066572,4509.1525066572,2115,706,1411
4507.300584768136,4507.175584768136,4507.425584768136,2903,972,1938
4504.714708536026,4504.589708536026,4504.839708536026,1110,1999,1555
4503.5948445952445,4503.4698445952445,4503.7198445952445,695,1828,1262
4504.467119133497,4504.092119133497,4504.842119133497,990,2123,1557
4510.641960440659,4510.391960440659,4510.891960440659,1032,709,871
4513.667750160273,4513.417750160273,4513.917750160273,797,938,868
4515.357164890797,4515.232164890797,4515.482164890797,921,1406,1164
4522.225072156636,4521.850072156636,4522.600072156636,1747,1978,1863
4523.593387668959,4523.468387668959,4523.718387668959,2332,1069,1701
4519.799418333858,4519.674418333858,4519.924418333858,2000,1957,1979
4522.830369077312,4522.580369077312,4523.080369077312,1096,1873,1485
4523.737548855991,4523.612548855991,4523.862548855991,1694,1579,1637
4522.729339626256,4522.604339626256,4522.854339626256,1759,1488,1624
4523.69778027193,4523.44778027193,4523.94778027193,1627,690,1159
4529.890334794864,4529.765334794864,4530.015334794864,1072,671,872
4521.545882638078,4521.420882638078,4521.670882638078,1869,952,1411
4520.102277180218,4519.852277180218,4520.352277180218,2063,1014,1539
4518.982659080498,4518.857659080498,4519.107659080498,1479,1504,1492
4513.733383999537,4513.608383999537,4513.858383999537,740,1169,955
4506.515156481982,4506.140156481982,4506.890156481982,824,2419,1622
4506.658690985456,4506.533690985456,4506.783690985456,502,1499,1001
4510.351369300745,4510.226369300745,4510.476369300745,1684,865,1275
4502.874504049553,4502.749504049553,4502.999504049553,1369,2400,1885
4504.106027191098,4503.981027191098,4504.231027191098,1021,2638,1830
4517.23261466241,4517.10761466241,4517.35761466241,1155,2504,1830
4518.5008509857735,4518.3758509857735,4518.6258509857735,1484,2321,1903
4524.3593526457935,4524.1093526457935,4524.6093526457935,2317,1004,1661
4524.91064978902,4524.66064978902,4525.16064978902,909,1580,1245
4527.677034404216,4527.427034404216,4527.927034404216,1309,998,1154
4520.712410055971,4520.587410055971,4520.837410055971,1471,1756,1614
4526.902118445835,4526.527118445835,4527.277118445835,2187,1232,1710
4527.766688597082,4527.516688597082,4528.016688597082,1065,1116,1091
4530.162263653711,4530.037263653711,4530.287263653711,894,1485,1190
4536.895657984868,4536.645657984868,4537.145657984868,854,2479,1667
4539.461509066646,4539.336509066646,4539.586509066646,1591,566,1079
4543.085570722784,4542.960570722784,4543.210570722784,1155,2786,1971
4544.716908399648,4544.591908399648,4544.841908399648,1585,1060,1323
4545.008185128622,4544.758185128622,4545.258185128622,1881,1498,1690
4544.0157639760055,4543.7657639760055,4544.2657639760055,2714,1163,1939
4540.99686111273,4540.74686111273,4541.24686111273,880,2231,1556
4545.080275136881,4544.955275136881,4545.205275136881,1874,1227,1551
4539.303494396684,4538.928494396684,4539.678494396684,977,1018,998
4538.476993507502,4538.351993507502,4538.601993507502,688,1115,902
4528.385678530357,4528.260678530357,4528.510678530357,1397,1512,1455
4526.681394934617,4526.556394934617,4526.806394934617,2102,897,1500
4515.808332404172,4515.433332404172,4516.183332404172,984,1009,997
4515.799491691452,4515.674491691452,4515.924491691452,1281,1558,1420
4510.261222022029,4510.011222022029,4510.511222022029,1537,770,1154
4508.589479902944,4508.339479902944,4508.839479902944,1663,1508,1586
4506.75827427951,4506.63327427951,4506.88327427951,560,1141,851
4504.08787096555,4503.83787096555,4504.33787096555,1597,670,1134
4498.200439099343,4497.950439099343,4498.450439099343,1057,840,949
4494.1279433607615,4493.8779433607615,4494.3779433607615,556,1643,1100
4491.450824332222,4491.325824332222,4491.575824332222,700,1587,1144
4497.748149456149,4497.623149456149,4497.873149456149,2033,1654,1844
4496.728882342161,4496.478882342161,4496.978882342161,1055,1644,1350
4484.163286605832,4484.038286605832,4484.288286605832,1547,600,1074
4480.229010890791,4480.104010890791,4480.354010890791,1126,1315,1221
4480.689856546955,4480.564856546955,4480.814856546955,1249,2032,1641
4485.5967975334415,4485.4717975334415,4485.7217975334415,1224,613,919
4489.352148416492,4489.227148416492,4489.477148416492,1719,1528,1624
4499.458956912323,4499.083956912323,4499.833956912323,2132,1189,1661
4493.419799911922,4493.169799911922,4493.669799911922,1878,713,1296
4489.781514435711,4489.656514435711,4489.906514435711,780,1243,1012
4490.254317676875,4490.004317676875,4490.504317676875,1100,1405,1253
4496.049587274769,4495.674587274769,4496.424587274769,603,1692,1148
4498.961743938056,4498.836743938056,4499.086743938056,1058,1787,1423
4499.977204082284,4499.852204082284,4500.102204082284,1522,1149,1336
4501.172726472213,4500.922726472213,4501.422726472213,2242,1389,1816
4502.913415618217,4502.788415618217,4503.038415618217,2118,931,1525
4504.038242365738,4503.913242365738,4504.163242365738,2597,1006,1802
4505.294510440981,4505.169510440981,4505.419510440981,936,1323,1130
4509.893774998343,4509.643774998343,4510.143774998343,2099,1594,1847
4515.8056747117125,4515.6806747117125,4515.9306747117125,1610,2195,1903
4517.0648715962225,4516.9398715962225,4517.1898715962225,1148,1689,1419
4515.440928205611,4515.315928205611,4515.565928205611,877,1744,1311
4515.526779334785,4515.401779334785,4515.651779334785,1594,645,1120
4519.741484829736,4519.616484829736,4519.866484829736,1249,2694,1972
4518.286252261147,4518.161252261147,4518.411252261147,2071,1270,1671
4518.252228320626,4518.002228320626,4518.502228320626,920,1185,1053
4522.890310116766,4522.640310116766,4523.140310116766,1152,749,951
4522.554140629627,4522.304140629627,4522.804140629627,960,1569,1265
4518.615738015222,4518.490738015222,4518.740738015222,686,1091,889
4519.302307436327,4519.052307436327,4519.552307436327,1369,464,917
4518.063494800819,4517.938494800819,4518.188494800819,516,1515,1016
4515.257478042425,4515.132478042425,4515.382478042425,2471,1472,1972
4515.166028490267,4515.041028490267,4515.291028490267,1208,1023,1116
4518.307142875474,4518.057142875474,4518.557142875474,1273,708,991
4518.128884102879,4517.878884102879,4518.378884102879,1093,868,981
4519.7509738934505,4519.6259738934505,4519.8759738934505,1150,817,984
4518.295214507097,4518.170214507097,4518.420214507097,1161,690,926
4515.931533155152,4515.681533155152,4516.181533155152,813,2012,1413
4515.818999267815,4515.693999267815,4515.943999267815,1254,501,878
4515.120222961988,4514.995222961988,4515.245222961988,1378,1481,1430
4519.15912299558,4519.03412299558,4519.28412299558,1772,997,1385
4519.524000483381,4519.274000483381,4519.774000483381,951,1164,1058
4521.781838365913,4521.656838365913,4521.906838365913,519,1112,816
4522.286217856294,4522.161217856294,4522.411217856294,1247,2508,1878
4526.1939990519,4526.0689990519,4526.3189990519,1948,1331,1640
4528.444916007938,4528.319916007938,4528.569916007938,1407,1522,1465
4526.504392362576,4526.379392362576,4526.629392362576,2463,832,1648
4527.452934111312,4527.327934111312,4527.577934111312,2455,1490,1973
4529.985398294048,4529.860398294048,4530.110398294048,1193,994,1094
4529.984262750928,4529.859262750928,4530.109262750928,1837,2142,1990
4527.940017685655,4527.690017685655,4528.190017685655,1474,2167,1821
4525.9312773104675,4525.8062773104675,4526.0562773104675,830,1231,1031
4525.356697981161,4525.231697981161,4525.481697981161,697,1950,1324
4526.561332563482,4526.311332563482,4526.811332563482,1386,741,1064
4523.712575284489,4523.587575284489,4523.837575284489,869,858,864
4523.802999485597,4523.677999485597,4523.927999485597,2070,779,1425
4519.49702302133,4519.37202302133,4519.62202302133,1633,1394,1514
4521.945956045534,4521.820956045534,4522.070956045534,2060,869,1465
4519.98660605491,4519.61160605491,4520.36160605491,941,1138,1040
4511.822537045967,4511.447537045967,4512.197537045967,1060,677,869
4511.195801319063,4511.070801319063,4511.320801319063,1049,758,904
4512.8027777397065,4512.5527777397065,4513.0527777397065,582,1703,1143
4516.255186461519,4516.130186461519,4516.380186461519,852,1519,1186
4515.899789319507,4515.774789319507,4516.024789319507,591,1648,1120
4513.90962047782,4513.78462047782,4514.03462047782,2464,1147,1806
4519.23741498463,4519.11241498463,4519.36241498463,535,1482,1009
4517.301896158775,4517.051896158775,4517.551896158775,1909,2078,1994
4515.375773941948,4515.250773941948,4515.500773941948,2641,1166,1904
4513.525887490277,4513.400887490277,4513.650887490277,1564,1753,1659
4512.762330928108,4512.512330928108,4513.012330928108,900,1109,1005
4512.3957349677,4512.1457349677,4512.6457349677,730,1435,1083
4510.210671491944,4510.085671491944,4510.335671491944,1583,1762,1673
4510.898634720098,4510.648634720098,4511.148634720098,2283,1266,1775
4510.266611363066,4510.141611363066,4510.391611363066,1028,885,957
4512.781415414368,4512.531415414368,4513.031415414368,809,1174,992
4511.803826613177,4511.553826613177,4512.053826613177,1147,868,1008
4512.1545559705055,4512.0295559705055,4512.2795559705055,2627,1186,1907
4513.44208460251,4513.06708460251,4513.81708460251,691,2036,1364
4512.560966016603,4512.435966016603,4512.685966016603,792,911,852
4515.5068700743595,4515.3818700743595,4515.6318700743595,1862,799,1331
4512.149575524451,4512.024575524451,4512.274575524451,1472,521,997
4515.593796838468,4515.468796838468,4515.718796838468,770,2017,1394
4517.005771411625,4516.880771411625,4517.130771411625,1579,1092,1336
4520.676159436517,4520.551159436517,4520.801159436517,1635,2080,1858
4517.999545410985,4517.749545410985,4518.249545410985,2083,918,1501
4516.5098124387905,4516.3848124387905,4516.6348124387905,1838,1709,1774
4515.275501200344,4515.150501200344,4515.400501200344,1246,513,880
4515.181991935795,4514.931991935795,4515.431991935795,802,1421,1112
4509.300642288353,4509.175642288353,4509.425642288353,1193,1192,1193
4507.376746146919,4507.126746146919,4507.626746146919,1719,1656,1688
4510.1524126707345,4509.7774126707345,4510.5274126707345,667,1166,917
4508.933887944912,4508.683887944912,4509.183887944912,1711,672,1192
4509.744833423294,4509.369833423294,4510.119833423294,972,1213,1093
4506.6401977649975,4506.5151977649975,4506.7651977649975,2207,1198,1703
4504.768468049017,4504.643468049017,4504.893468049017,1373,1276,1325
4511.006567160858,4510.756567160858,4511.256567160858,1849,1982,1916
4505.718638600795,4505.468638600795,4505.968638600795,1859,1752,1806
4506.7228119596675,4506.5978119596675,4506.8478119596675,1612,1215,1414
4507.922233491528,4507.797233491528,4508.047233491528,528,1183,856
4507.849636444222,4507.724636444222,4507.974636444222,1255,792,1024
4509.932183404731,4509.807183404731,4510.057183404731,2227,1662,1945
4510.008596046992,4509.883596046992,4510.133596046992,1416,1541,1479
4511.843548559845,4511.593548559845,4512.093548559845,2521,852,1687
4508.74207507289,4508.49207507289,4508.99207507289,1216,1797,1507
4506.895879517358,4506.770879517358,4507.020879517358,2313,1258,1786
4503.600375335871,4503.350375335871,4503.850375335871,900,1107,1004
4502.275724915195,4502.150724915195,4502.400724915195,885,1152,1019
4499.374216180253,4499.249216180253,4499.499216180253,1631,560,1096
4495.51041387644,4495.38541387644,4495.63541387644,1009,1896,1453
4499.5848411786255,4499.4598411786255,4499.7098411786255,1127,702,915
4504.653326766744,4504.403326766744,4504.903326766744,1576,671,1124
4503.3322038821525,4503.2072038821525,4503.4572038821525,1039,594,817
4501.269573885262,4501.144573885262,4501.394573885262,1764,951,1358
4502.7162801464765,4502.5912801464765,4502.8412801464765,1442,511,977
4508.648135277058,4508.273135277058,4509.023135277058,2131,836,1484
4507.763583307252,4507.513583307252,4508.013583307252,1625,736,1181
4509.017227030025,4508.892227030025,4509.142227030025,1516,2103,1810
4507.143746551624,4507.018746551624,4507.268746551624,1377,1244,1311
4507.879855323883,4507.629855323883,4508.129855323883,2133,1772,1953
4502.945111358269,4502.570111358269,4503.320111358269,1282,1551,1417
4503.560241039765,4503.435241039765,4503.685241039765,1521,2464,1993
4506.403627563914,4506.278627563914,4506.528627563914,616,1691,1154
4500.638213539561,4500.513213539561,4500.763213539561,1769,1830,1800
4498.29936290438,4498.17436290438,4498.42436290438,1869,1506,1688
4499.750641927118,4499.500641927118,4500.000641927118,1228,531,880
4500.903357961681,4500.778357961681,4501.028357961681,1122,1293,1208
4507.882164734838,4507.757164734838,4508.007164734838,1440,547,994
4511.616991408809,4511.491991408809,4511.741991408809,1315,574,945
4514.012822405143,4513.887822405143,4514.137822405143,1105,2714,1910
4515.654214070621,4515.529214070621,4515.779214070621,1303,2272,1788
4518.389221873714,4518.264221873714,4518.514221873714,774,913,844
4518.1605002795295,4518.0355002795295,4518.2855002795295,2097,1246,1672
4516.983352130085,4516.733352130085,4517.233352130085,2141,1318,1730
4514.078264899864,4513.953264899864,4514.203264899864,1364,2557,1961
4512.374979746836,4511.999979746836,4512.749979746836,1073,760,917
4517.546459317614,4517.296459317614,4517.796459317614,1515,540,1028
4515.748940142334,4515.373940142334,4516.123940142334,845,842,844
4508.249213026314,4507.874213026314,4508.624213026314,967,924,946
4506.618663230456,4506.493663230456,4506.743663230456,2448,941,1695
4503.943288844794,4503.818288844794,4504.068288844794,542,1523,1033
4503.938088302237,4503.813088302237,4504.063088302237,917,2418,1668
4500.543068047473,4500.418068047473,4500.668068047473,895,730,813
4507.267383723826,4507.017383723826,4507.517383723826,1937,1638,1788
4506.4400504967025,4506.0650504967025,4506.8150504967025,1621,1434,1528
4502.728593967149,4502.478593967149,4502.978593967149,1622,2165,1894
4501.400756088111,4501.275756088111,4501.525756088111,1475,534,1005
4506.432852691223,4506.307852691223,4506.557852691223,1250,2203,1727
4509.095216466748,4508.720216466748,4509.470216466748,1635,2114,1875
4505.572160752704,4505.447160752704,4505.697160752704,1105,820,963
4504.923499072957,4504.548499072957,4505.298499072957,892,2431,1662
4507.1327489702335,4506.8827489702335,4507.3827489702335,1598,2071,1835
4506.997273831721,4506.747273831721,4507.247273831721,1455,2506,1981
4506.550361101589,4506.300361101589,4506.800361101589,903,1620,1262
4504.146564878188,4504.021564878188,4504.271564878188,1717,1874,1796
4505.03960004021,4504.78960004021,4505.28960004021,572,1269,921
4499.785104809558,4499.660104809558,4499.910104809558,967,802,885
4503.194417643308,4503.069417643308,4503.319417643308,1824,2027,1926
4504.401979529498,4504.276979529498,4504.526979529498,935,1530,1233
4503.874688110698,4503.749688110698,4503.999688110698,1674,1685,1680
4502.980171345434,4502.855171345434,4503.105171345434,2001,834,1418
4500.552003706045,4500.177003706045,4500.927003706045,1013,1340,1177
4496.464721105211,4496.214721105211,4496.714721105211,1108,1217,1163
4499.693201328927,4499.568201328927,4499.818201328927,1616,1683,1650
4498.883522916427,4498.633522916427,4499.133522916427,1516,1011,1264
4499.481316814495,4499.356316814495,4499.606316814495,2230,1245,1738
4502.855829757526,4502.730829757526,4502.980829757526,2493,1466,1980
4503.0881304138065,4502.9631304138065,4503.2131304138065,2124,1079,1602
4500.768136659063,4500.643136659063,4500.893136659063,852,1065,959
4495.388422450619,4495.263422450619,4495.513422450619,1595,1238,1417
4499.493509739746,4499.243509739746,4499.743509739746,1143,482,813
4495.1903212025545,4494.9403212025545,4495.4403212025545,1837,800,1319
4493.883898613233,4493.633898613233,4494.133898613233,1141,2096,1619
4495.66270283832,4495.53770283832,4495.78770283832,943,1304,1124
4491.9013058582495,4491.7763058582495,4492.0263058582495,1710,1315,1513
4491.118927127436,4490.993927127436,4491.243927127436,1008,2953,1981
4490.818548041283,4490.693548041283,4490.943548041283,2561,1154,1858
4489.618250622528,4489.368250622528,4489.868250622528,1441,742,1092
4488.309438441899,4488.059438441899,4488.559438441899,430,1271,851
4489.00260609741,4488.75260609741,4489.25260609741,764,1209,987
4489.333672707149,4489.208672707149,4489.458672707149,1583,1760,1672
4480.777176874319,4480.527176874319,4481.027176874319,1633,1010,1322
4478.233611927908,4477.858611927908,4478.608611927908,1364,1493,1429
4476.629565590147,4476.504565590147,4476.754565590147,1647,882,1265
4473.664417596129,4473.414417596129,4473.914417596129,2188,1785,1987
4476.954290217773,4476.579290217773,4477.329290217773,2633,930,1782
4477.154188351583,4476.904188351583,4477.404188351583,928,727,828
4473.429648856101,4473.054648856101,4473.804648856101,1051,1442,1247
4474.375426652662,4474.125426652662,4474.625426652662,1489,1114,1302
4473.606754866429,4473.481754866429,4473.731754866429,688,1235,962
4469.376475402692,4469.001475402692,4469.751475402692,850,1951,1401
4468.569956238014,4468.319956238014,4468.819956238014,1117,1086,1102
4470.208628933961,4469.958628933961,4470.458628933961,2661,1154,1908
4467.848159495697,4467.473159495697,4468.223159495697,1122,1425,1274
4469.926247870354,4469.676247870354,4470.176247870354,1730,1109,1420
4468.295323867344,4468.170323867344,4468.420323867344,1143,610,877
4461.49095622177,4461.36595622177,4461.61595622177,1355,874,1115
4459.143642926563,4458.768642926563,4459.518642926563,1029,2698,1864
4457.03483730274,4456.90983730274,4457.15983730274,1786,1485,1636
4460.140121994538,4459.765121994538,4460.515121994538,1122,541,832
4455.259586275879,4455.009586275879,4455.509586275879,1696,789,1243
4459.172060135777,4458.922060135777,4459.422060135777,1705,1416,1561
4461.424140572485,4461.299140572485,4461.549140572485,1770,761,1266
4459.551774447798,4459.426774447798,4459.676774447798,1113,2526,1820
4459.905250221718,4459.655250221718,4460.155250221718,1523,826,1175
4461.246014279897,4461.121014279897,4461.371014279897,729,1022,876
4465.469792830933,4465.344792830933,4465.594792830933,1940,867,1404
4462.658952592296,4462.533952592296,4462.783952592296,1148,759,954
4461.666222136662,4461.541222136662,4461.791222136662,675,1874,1275
4463.685512499489,4463.435512499489,4463.935512499489,758,1859,1309
4462.620819632324,4462.495819632324,4462.745819632324,1205,650,928
