close,bid,ask,bid_volume,ask_volume,volume
4499.059020229544,4498.809020229544,4499.309020229544,1745,2156,1951
4497.839924571918,4497.464924571918,4498.214924571918,929,1124,1027
4497.828563010871,4497.578563010871,4498.078563010871,782,2207,1495
4498.226053548666,4498.101053548666,4498.351053548666,1278,459,869
4494.878176537854,4494.753176537854,4495.003176537854,1829,1300,1565
4495.953283281298,4495.703283281298,4496.203283281298,1446,1713,1580
4493.982768730908,4493.857768730908,4494.107768730908,618,1133,876
4494.408509190224,4494.283509190224,4494.533509190224,945,2142,1544
4497.177256964304,4496.802256964304,4497.552256964304,995,790,893
4500.823237640799,4500.573237640799,4501.073237640799,2640,973,1807
4503.9889816019395,4503.8639816019395,4504.1139816019395,633,1104,869
4502.858910037336,4502.733910037336,4502.983910037336,743,864,804
4499.605887611818,4499.480887611818,4499.730887611818,1273,1378,1326
4497.004235369172,4496.754235369172,4497.254235369172,1337,1728,1533
4499.044191447299,4498.919191447299,4499.169191447299,2527,1028,1778
4500.309635631395,4500.184635631395,4500.434635631395,2764,1075,1920
4500.539731735251,4500.414731735251,4500.664731735251,2299,1250,1775
4501.237489276084,4500.862489276084,4501.612489276084,1707,2024,1866
4499.364730870024,4499.114730870024,4499.614730870024,2887,992,1940
4501.445817464719,4501.320817464719,4501.570817464719,528,1213,871
4499.843434615599,4499.718434615599,4499.968434615599,2255,1170,1713
4498.356505991274,4498.231505991274,4498.481505991274,1690,755,1223
4497.5500631329905,4497.3000631329905,4497.8000631329905,2152,1677,1915
4496.534900064802,4496.159900064802,4496.909900064802,1234,851,1043
4498.79202217618,4498.66702217618,4498.91702217618,1235,1192,1214
4496.512141035428,4496.262141035428,4496.762141035428,670,1555,1113
4499.686710999379,4499.561710999379,4499.811710999379,695,1462,1079
4500.811119027888,4500.686119027888,4500.936119027888,1913,1604,1759
4497.077885048543,4496.952885048543,4497.202885048543,1890,1667,1779
4497.075815242896,4496.700815242896,4497.450815242896,2605,1132,1869
4499.981678609999,4499.731678609999,4500.231678609999,1690,1275,1483
4497.385948292639,4497.260948292639,4497.510948292639,1114,2289,1702
4501.901063022959,4501.776063022959,4502.026063022959,1039,690,865
4504.8608295704435,4504.7358295704435,4504.9858295704435,1087,1024,1056
4501.818325311598,4501.693325311598,4501.943325311598,1421,598,1010
4501.8188039592405,4501.6938039592405,4501.9438039592405,997,2070,1534
4501.607383954232,4501.482383954232,4501.732383954232,1486,1967,1727
4501.409762400261,4501.284762400261,4501.534762400261,1926,1629,1778
4500.040327511251,4499.915327511251,4500.165327511251,547,1342,945
4497.8253175858945,4497.7003175858945,4497.9503175858945,914,1587,1251
4495.694956314621,4495.569956314621,4495.819956314621,866,2427,1647
4491.664970888788,4491.539970888788,4491.789970888788,2430,1377,1904
4490.254010357559,4490.129010357559,4490.379010357559,1243,1922,1583
4490.6937454964955,4490.5687454964955,4490.8187454964955,2205,1024,1615
4493.496724841448,4493.371724841448,4493.621724841448,1182,1397,1290
4494.313373983798,4493.938373983798,4494.688373983798,818,925,872
4491.440148240648,4491.315148240648,4491.565148240648,825,2442,1634
4494.677039880011,4494.552039880011,4494.802039880011,1618,957,1288
4492.887318775635,4492.762318775635,4493.012318775635,1292,1223,1258
4498.098680630283,4497.848680630283,4498.348680630283,643,1876,1260
4493.144953016554,4493.019953016554,4493.269953016554,1371,2270,1821
4493.426230547615,4493.301230547615,4493.551230547615,1358,887,1123
4494.686870054199,4494.311870054199,4495.061870054199,687,1774,1231
4494.864267648051,4494.739267648051,4494.989267648051,1554,589,1072
4496.13937338655,4495.88937338655,4496.38937338655,1630,1391,1511
4493.2905595588745,4493.1655595588745,4493.4155595588745,1233,2354,1794
4495.112092386461,4494.987092386461,4495.237092386461,1022,871,947
4493.148122422947,4492.773122422947,4493.523122422947,1021,2304,1663
4494.468061534865,4494.343061534865,4494.593061534865,1665,1470,1568
4494.441322591988,4494.316322591988,4494.566322591988,1857,1214,1536
4494.362145518257,4494.237145518257,4494.487145518257,1035,1082,1059
4492.934500775836,4492.809500775836,4493.059500775836,2114,753,1434
4492.454261939996,4492.329261939996,4492.579261939996,488,1243,866
4489.102332107446,4488.852332107446,4489.352332107446,1562,1969,1766
4489.219125051931,4489.094125051931,4489.344125051931,1406,519,963
4487.1926780085305,4487.0676780085305,4487.3176780085305,863,2356,1610
4491.888012898311,4491.763012898311,4492.013012898311,2434,1145,1790
4491.039295195418,4490.789295195418,4491.289295195418,2796,1177,1987
4490.224046203405,4489.849046203405,4490.599046203405,645,1816,1231
4490.1325017742,4489.8825017742,4490.3825017742,1483,1152,1318
4488.965146085374,4488.840146085374,4489.090146085374,1359,1422,1391
4488.258084170564,4488.133084170564,4488.383084170564,2008,1833,1921
4488.2294533140175,4487.9794533140175,4488.4794533140175,1150,1001,1076
4487.518098594651,4487.393098594651,4487.643098594651,1665,2114,1890
4485.585804958811,4485.460804958811,4485.710804958811,1493,670,1082
4487.684280478015,4487.559280478015,4487.809280478015,898,709,804
4486.0369222778945,4485.9119222778945,4486.1619222778945,740,1101,921
4487.539585159816,4487.289585159816,4487.789585159816,1702,1611,1657
4488.039208080525,4487.914208080525,4488.164208080525,2130,905,1518
4487.93310753114,4487.68310753114,4488.18310753114,1194,1395,1295
4486.461942121248,4486.336942121248,4486.586942121248,1872,1639,1756
4490.225297194501,4490.100297194501,4490.350297194501,1459,1162,1311
4490.107659001384,4489.982659001384,4490.232659001384,1505,1110,1308
4490.374731116894,4490.249731116894,4490.499731116894,1275,580,928
4488.899112093396,4488.774112093396,4489.024112093396,987,2456,1722
4484.338229340317,4484.088229340317,4484.588229340317,1670,1461,1566
4487.549327061074,4487.299327061074,4487.799327061074,940,807,874
4486.113046746538,4485.988046746538,4486.238046746538,1062,1145,1104
4482.666534917431,4482.541534917431,4482.791534917431,1828,1557,1693
4484.465457022684,4484.340457022684,4484.590457022684,1582,689,1136
4485.807043429101,4485.682043429101,4485.932043429101,1012,1237,1125
4486.925437039656,4486.800437039656,4487.050437039656,1191,624,908
4491.737977778291,4491.612977778291,4491.862977778291,2672,1057,1865
4494.822091701084,4494.697091701084,4494.947091701084,1315,854,1085
4492.253476106372,4492.128476106372,4492.378476106372,549,1640,1095
4494.37763141521,4494.25263141521,4494.50263141521,1576,1501,1539
4492.255812344144,4492.130812344144,4492.380812344144,1102,1749,1426
4495.021704130857,4494.896704130857,4495.146704130857,1951,934,1443
4493.953152842683,4493.703152842683,4494.203152842683,1253,830,1042
4497.3441542242745,4497.0941542242745,4497.5941542242745,2897,1072,1985
4499.567883705713,4499.442883705713,4499.692883705713,469,1204,837
4500.254962165342,4500.129962165342,4500.379962165342,2060,1187,1624
4498.236692547373,4498.111692547373,4498.361692547373,1364,1283,1324
4498.695492850616,4498.570492850616,4498.820492850616,1187,2592,1890
4502.279987419415,4502.029987419415,4502.529987419415,852,1627,1240
4502.642861048619,4502.392861048619,4502.892861048619,1070,1735,1403
4502.770645798951,4502.645645798951,4502.895645798951,1392,1023,1208
4501.2572957738,4501.0072957738,4501.5072957738,2127,974,1551
4494.278795486032,4493.903795486032,4494.653795486032,865,1518,1192
4491.524971858005,4491.399971858005,4491.649971858005,874,1507,1191
4496.523322536989,4496.273322536989,4496.773322536989,1694,1843,1769
4497.001168102758,4496.876168102758,4497.126168102758,2123,1100,1612
4497.210736379124,4497.085736379124,4497.335736379124,899,2420,1660
4499.660212010086,4499.410212010086,4499.910212010086,1237,716,977
4501.217219659646,4501.092219659646,4501.342219659646,1401,852,1127
4504.724409386634,4504.599409386634,4504.849409386634,1376,1955,1666
4506.912127665868,4506.787127665868,4507.037127665868,1702,847,1275
4504.940375786129,4504.815375786129,4505.065375786129,899,2394,1647
4503.8729628818855,4503.7479628818855,4503.9979628818855,2210,969,1590
4503.905730188976,4503.780730188976,4504.030730188976,787,1032,910
4504.1729781785025,4504.0479781785025,4504.2979781785025,1159,986,1073
4507.174856848332,4507.049856848332,4507.299856848332,1563,966,1265
4506.973672656584,4506.598672656584,4507.348672656584,1420,503,962
4506.0775001212505,4505.9525001212505,4506.2025001212505,1134,693,914
4501.872147455312,4501.747147455312,4501.997147455312,1542,553,1048
4506.768007336421,4506.518007336421,4507.018007336421,1546,1633,1590
4502.492689852039,4502.242689852039,4502.742689852039,1623,1714,1669
4503.605004726919,4503.480004726919,4503.730004726919,1367,2094,1731
4501.845579023839,4501.720579023839,4501.970579023839,592,1413,1003
4504.721716739634,4504.346716739634,4505.096716739634,800,807,804
4502.559093044099,4502.309093044099,4502.809093044099,2221,1692,1957
4499.07406528709,4498.82406528709,4499.32406528709,1347,496,922
4501.814068254554,4501.564068254554,4502.064068254554,1317,536,927
4503.26025338286,4503.13525338286,4503.38525338286,2670,1235,1953
4498.630204945632,4498.380204945632,4498.880204945632,1390,1023,1207
4499.440905492721,4499.315905492721,4499.565905492721,902,1369,1136
4498.712882159816,4498.462882159816,4498.962882159816,458,1373,916
4501.824568866057,4501.699568866057,4501.949568866057,739,1768,1254
4500.501697093365,4500.376697093365,4500.626697093365,1903,1544,1724
4502.570552407889,4502.445552407889,4502.695552407889,2088,1685,1887
4501.750696794279,4501.625696794279,4501.875696794279,976,1567,1272
4502.915860066441,4502.790860066441,4503.040860066441,1498,1333,1416
4503.492266379128,4503.367266379128,4503.617266379128,935,2340,1638
4500.353465880431,4500.103465880431,4500.603465880431,2675,1114,1895
4505.783122433411,4505.658122433411,4505.908122433411,1691,1744,1718
4503.767243746209,4503.642243746209,4503.892243746209,1117,590,854
4504.13489032319,4504.00989032319,4504.25989032319,2308,1253,1781
4502.426740620034,4502.051740620034,4502.801740620034,2276,863,1570
4499.805688326819,4499.680688326819,4499.930688326819,1029,598,814
4500.75260896428,4500.62760896428,4500.87760896428,671,1160,916
4497.910055436147,4497.660055436147,4498.160055436147,1101,510,806
4496.554315535976,4496.304315535976,4496.804315535976,1235,1592,1414
4493.37651669746,4493.25151669746,4493.50151669746,2120,1627,1874
4487.192397027879,4487.067397027879,4487.317397027879,818,1343,1081
4485.14688085581,4485.02188085581,4485.27188085581,1383,2086,1735
4484.075817814701,4483.950817814701,4484.200817814701,1688,2275,1982
4487.272934804339,4487.147934804339,4487.397934804339,2355,1124,1740
4490.199744494403,4489.949744494403,4490.449744494403,575,1234,905
4492.035369538217,4491.910369538217,4492.160369538217,1930,1261,1596
4488.368758926646,4488.243758926646,4488.493758926646,1151,486,819
4489.088600790474,4488.963600790474,4489.213600790474,2055,920,1488
4488.866401186366,4488.741401186366,4488.991401186366,1074,2077,1576
4486.297613108562,4486.172613108562,4486.422613108562,521,1304,913
4485.9210797523,4485.6710797523,4486.1710797523,2546,1387,1967
4485.874676765839,4485.749676765839,4485.999676765839,1442,1241,1342
4487.051596502388,4486.801596502388,4487.301596502388,870,1023,947
4484.5247492147855,4484.2747492147855,4484.7747492147855,1238,1733,1486
4490.195550171473,4490.070550171473,4490.320550171473,1517,1426,1472
4493.259002921046,4492.884002921046,4493.634002921046,1238,763,1001
4495.541215714577,4495.416215714577,4495.666215714577,2154,1449,1802
4496.6536999139,4496.5286999139,4496.7786999139,1123,1092,1108
4499.737294279999,4499.612294279999,4499.862294279999,1424,759,1092
4506.077056655636,4505.952056655636,4506.202056655636,1505,1102,1304
4507.189391445994,4506.939391445994,4507.439391445994,764,851,808
4509.04083371199,4508.91583371199,4509.16583371199,1198,1711,1455
4511.410168629125,4511.285168629125,4511.535168629125,1793,1766,1780
4511.016212116992,4510.891212116992,4511.141212116992,1602,1423,1513
4512.649701582515,4512.524701582515,4512.774701582515,1556,1087,1322
4513.3256624650385,4513.0756624650385,4513.5756624650385,1417,594,1006
4511.59634164654,4511.34634164654,4511.84634164654,1646,1753,1700
4514.0844105671085,4513.8344105671085,4514.3344105671085,1260,1185,1223
4514.9554841968065,4514.8304841968065,4515.0804841968065,1258,989,1124
4512.511711266122,4512.136711266122,4512.886711266122,957,674,816
4511.64919581935,4511.52419581935,4511.77419581935,975,2892,1934
4508.646242424297,4508.521242424297,4508.771242424297,1976,771,1374
4509.036390330968,4508.911390330968,4509.161390330968,1642,967,1305
4507.448633838396,4507.323633838396,4507.573633838396,470,1185,828
4507.077951826644,4506.952951826644,4507.202951826644,1571,2130,1851
4505.611165833622,4505.486165833622,4505.736165833622,1809,1804,1807
4504.483503180106,4504.233503180106,4504.733503180106,1186,1593,1390
4506.669509826575,4506.544509826575,4506.794509826575,1298,1863,1581
4507.902587578648,4507.777587578648,4508.027587578648,1977,1950,1964
4508.155534083391,4507.905534083391,4508.405534083391,637,1050,844
4509.8055174165665,4509.4305174165665,4510.1805174165665,809,1326,1068
4508.224000095591,4508.099000095591,4508.349000095591,1365,1182,1274
4509.617421521306,4509.367421521306,4509.867421521306,1244,1205,1225
4510.177550323255,4509.927550323255,4510.427550323255,983,1902,1443
4510.9086254632375,4510.6586254632375,4511.1586254632375,1090,575,833
4512.041872614082,4511.916872614082,4512.166872614082,797,1398,1098
4510.106190384024,4509.856190384024,4510.356190384024,1473,1468,1471
4509.905255724396,4509.780255724396,4510.030255724396,1625,714,1170
4506.672360953474,4506.547360953474,4506.797360953474,1638,855,1247
4506.745478722429,4506.620478722429,4506.870478722429,949,1140,1045
4503.126012609781,4502.876012609781,4503.376012609781,1292,993,1143
4503.050792672173,4502.925792672173,4503.175792672173,916,961,939
4504.519385850843,4504.269385850843,4504.769385850843,1355,1472,1414
4505.0069733677,4504.7569733677,4505.2569733677,1877,642,1260
4507.97649121046,4507.85149121046,4508.10149121046,969,1596,1283
4507.563969210392,4507.438969210392,4507.688969210392,1214,1459,1337
4503.966029960168,4503.841029960168,4504.091029960168,700,1595,1148
4504.718380723215,4504.593380723215,4504.843380723215,634,1835,1235
4500.818765528686,4500.693765528686,4500.943765528686,1498,527,1013
4501.166887981651,4500.916887981651,4501.416887981651,989,1968,1479
4502.150309532127,4502.025309532127,4502.275309532127,2432,1383,1908
4502.008499529645,4501.758499529645,4502.258499529645,2034,715,1375
4499.184970457816,4498.809970457816,4499.559970457816,1317,1198,1258
4498.74781880926,4498.62281880926,4498.87281880926,834,1611,1223
4497.913092798853,4497.788092798853,4498.038092798853,650,1737,1194
4494.297245411652,4494.047245411652,4494.547245411652,1235,428,832
4498.044179882027,4497.669179882027,4498.419179882027,1733,770,1252
4499.554219105909,4499.429219105909,4499.679219105909,845,1054,950
4497.072599848612,4496.947599848612,4497.197599848612,583,1034,809
4496.799562286544,4496.549562286544,4497.049562286544,859,992,926
4496.24093020469,4496.11593020469,4496.36593020469,1306,1611,1459
4494.318622940956,4494.193622940956,4494.443622940956,2418,961,1690
4498.811100158647,4498.686100158647,4498.936100158647,966,1009,988
4498.750640703859,4498.625640703859,4498.875640703859,1130,1751,1441
4496.118533566863,4495.993533566863,4496.243533566863,2038,1449,1744
4491.510945529925,4491.385945529925,4491.635945529925,1793,830,1312
4493.177238453007,4493.052238453007,4493.302238453007,915,2344,1630
4493.2412973700975,4492.9912973700975,4493.4912973700975,989,2556,1773
4495.093191080489,4494.843191080489,4495.343191080489,2049,1444,1747
4497.515793158299,4497.265793158299,4497.765793158299,892,1017,955
4496.389049313654,4496.139049313654,4496.639049313654,2675,892,1784
4494.691733185988,4494.441733185988,4494.941733185988,1828,2127,1978
4498.089357954126,4497.839357954126,4498.339357954126,1057,2132,1595
4501.264697349932,4501.139697349932,4501.389697349932,1510,1007,1259
4499.535150978936,4499.410150978936,4499.660150978936,1839,1468,1654
4499.690837772821,4499.440837772821,4499.940837772821,633,1530,1082
4496.081458762541,4495.956458762541,4496.206458762541,1285,1716,1501
4494.016361675349,4493.891361675349,4494.141361675349,1869,1064,1467
4492.088341459215,4491.963341459215,4492.213341459215,656,1659,1158
4495.184053681745,4494.934053681745,4495.434053681745,2401,1118,1760
4492.900993823947,4492.775993823947,4493.025993823947,904,1377,1141
4484.672566880887,4484.297566880887,4485.047566880887,1115,2084,1600
4482.540097198915,4482.290097198915,4482.790097198915,754,1661,1208
4478.561671452839,4478.311671452839,4478.811671452839,1107,568,838
4479.31699168459,4479.06699168459,4479.56699168459,1214,1511,1363
4479.388321457728,4479.138321457728,4479.638321457728,1220,1229,1225
4479.442276573399,4479.317276573399,4479.567276573399,621,1364,993
4479.031078793695,4478.781078793695,4479.281078793695,1297,1636,1467
4475.682587103453,4475.557587103453,4475.807587103453,1479,800,1140
4475.710190106848,4475.585190106848,4475.835190106848,905,820,863
4474.489773563786,4474.239773563786,4474.739773563786,1634,859,1247
4471.4992589262765,4471.3742589262765,4471.6242589262765,1164,1307,1236
4473.10908756935,4472.98408756935,4473.23408756935,1192,491,842
4471.035038060255,4470.785038060255,4471.285038060255,2270,1625,1948
4472.0074764292385,4471.6324764292385,4472.3824764292385,718,919,819
4472.1108167412885,4471.9858167412885,4472.2358167412885,1662,2001,1832
4471.544757659971,4471.419757659971,4471.669757659971,563,1442,1003
4469.006458678452,4468.881458678452,4469.131458678452,2008,843,1426
4469.643800576536,4469.393800576536,4469.893800576536,1223,722,973
4468.139350667391,4468.014350667391,4468.264350667391,1895,1550,1723
4470.112156596631,4469.862156596631,4470.362156596631,1632,1269,1451
4468.971358860617,4468.846358860617,4469.096358860617,1348,509,929
4468.308839601813,4468.183839601813,4468.433839601813,1115,2690,1903
4465.914951817759,4465.789951817759,4466.039951817759,680,1235,958
4463.571538395264,4463.321538395264,4463.821538395264,1270,2399,1835
4465.468052899215,4465.343052899215,4465.593052899215,852,1391,1122
4465.621480207618,4465.496480207618,4465.746480207618,2040,1815,1928
4462.6740446065905,4462.4240446065905,4462.9240446065905,2880,969,1925
4465.589773085356,4465.339773085356,4465.839773085356,2866,1001,1934
4468.698645103541,4468.323645103541,4469.073645103541,975,762,869
4469.691991821018,4469.316991821018,4470.066991821018,2013,1622,1818
4466.908957115223,4466.783957115223,4467.033957115223,2532,1319,1926
4461.629183297296,4461.379183297296,4461.879183297296,1784,641,1213
4462.953928386132,4462.703928386132,4463.203928386132,2504,1041,1773
4465.945457218643,4465.820457218643,4466.070457218643,974,737,856
4465.281221786321,4465.156221786321,4465.406221786321,1218,1777,1498
4468.4017397749385,4468.2767397749385,4468.5267397749385,1611,1982,1797
4469.310858978434,4469.060858978434,4469.560858978434,825,2220,1523
4464.499898284615,4464.374898284615,4464.624898284615,1069,530,800
4466.033285420288,4465.908285420288,4466.158285420288,1583,792,1188
4467.937133118794,4467.812133118794,4468.062133118794,2282,1603,1943
4465.2473773203055,4465.1223773203055,4465.3723773203055,1635,1156,1396
4461.300902846767,4461.175902846767,4461.425902846767,1475,512,994
4463.149507290819,4462.899507290819,4463.399507290819,1818,1183,1501
4461.142461663363,4461.017461663363,4461.267461663363,1124,523,824
4460.621491813969,4460.496491813969,4460.746491813969,1227,2390,1809
4461.430958254224,4461.180958254224,4461.680958254224,558,1089,824
4464.570688286091,4464.195688286091,4464.945688286091,529,1194,862
4464.300814110067,4464.175814110067,4464.425814110067,1435,1060,1248
4463.192039847126,4463.067039847126,4463.317039847126,1846,2115,1981
4462.696713859493,4462.571713859493,4462.821713859493,1076,1217,1147
4466.7658211852095,4466.5158211852095,4467.0158211852095,1000,1719,1360
4461.545705598928,4461.420705598928,4461.670705598928,782,1421,1102
4463.191790963468,4463.066790963468,4463.316790963468,1180,1117,1149
4461.148966847204,4461.023966847204,4461.273966847204,982,1061,1022
4457.632971956736,4457.507971956736,4457.757971956736,1065,2700,1883
4457.956801390187,4457.706801390187,4458.206801390187,556,1311,934
4458.79598982985,4458.42098982985,4459.17098982985,1825,704,1265
4456.022951812841,4455.897951812841,4456.147951812841,1320,1759,1540
4454.29288122134,4454.16788122134,4454.41788122134,1745,2162,1954
4458.000021750865,4457.875021750865,4458.125021750865,1867,1076,1472
4459.963193382662,4459.713193382662,4460.213193382662,2313,1552,1933
4456.107607009934,4455.982607009934,4456.232607009934,2282,1091,1687
4458.702340163789,4458.452340163789,4458.952340163789,1743,1108,1426
4458.377656517146,4458.002656517146,4458.752656517146,716,1701,1209
4460.836795108075,4460.711795108075,4460.961795108075,2234,1719,1977
4466.35262461028,4466.10262461028,4466.60262461028,1737,864,1301
4466.469429873169,4466.219429873169,4466.719429873169,1038,1369,1204
4465.198968271321,4465.073968271321,4465.323968271321,2153,1488,1821
4461.421924879129,4461.296924879129,4461.546924879129,737,1612,1175
4459.033029623554,4458.908029623554,4459.158029623554,1504,943,1224
4462.774623138269,4462.524623138269,4463.024623138269,1407,1500,1454
4463.125709668728,4462.750709668728,4463.500709668728,2081,1730,1906
4465.623119344558,4465.498119344558,4465.748119344558,1922,1215,1569
4461.564270823357,4461.439270823357,4461.689270823357,2041,866,1454
4463.480589331025,4463.230589331025,4463.730589331025,1394,2537,1966
4460.398497226154,4460.273497226154,4460.523497226154,1034,2601,1818
4459.092924511769,4458.842924511769,4459.342924511769,928,2637,1783
4458.619418416653,4458.494418416653,4458.744418416653,946,2059,1503
4460.708238534703,4460.583238534703,4460.833238534703,1428,1647,1538
4457.282551293193,4456.907551293193,4457.657551293193,2061,1238,1650
4454.788778903821,4454.663778903821,4454.913778903821,2265,1484,1875
4453.614697339213,4453.489697339213,4453.739697339213,1462,993,1228
4456.5997667160245,4456.3497667160245,4456.8497667160245,769,2052,1411
4460.144735898839,4460.019735898839,4460.269735898839,728,1231,980
4459.766988869134,4459.641988869134,4459.891988869134,840,1965,1403
4458.146032415214,4458.021032415214,4458.271032415214,752,1121,937
4459.051598816865,4458.926598816865,4459.176598816865,760,1569,1165
4460.308770126962,4460.058770126962,4460.558770126962,1553,1600,1577
4458.7925255351,4458.6675255351,4458.9175255351,2114,775,1445
4460.371167507977,4460.246167507977,4460.496167507977,1108,549,829
4456.783714481091,4456.533714481091,4457.033714481091,1852,1751,1802
4454.805291846146,4454.680291846146,4454.930291846146,2422,1125,1774
4451.196044757295,4451.071044757295,4451.321044757295,1772,1841,1807
4451.0697394112685,4450.9447394112685,4451.1947394112685,1375,1878,1627
4449.998895233845,4449.748895233845,4450.248895233845,1207,406,807
4449.4026278232395,4449.2776278232395,4449.5276278232395,813,1902,1358
4446.906756317699,4446.781756317699,4447.031756317699,631,1474,1053
4448.1426336551185,4447.8926336551185,4448.3926336551185,790,1397,1094
4446.498435491382,4446.373435491382,4446.623435491382,2358,1149,1754
4443.6440622964665,4443.5190622964665,4443.7690622964665,2193,1692,1943
4445.446742934988,4445.196742934988,4445.696742934988,1136,2195,1666
4445.865347419712,4445.740347419712,4445.990347419712,928,1907,1418
4443.022350466938,4442.772350466938,4443.272350466938,2379,1192,1786
4447.234232582987,4446.984232582987,4447.484232582987,1043,652,848
4445.084610633938,4444.959610633938,4445.209610633938,1375,966,1171
4446.448165026649,4446.323165026649,4446.573165026649,1777,956,1367
4445.041960234182,4444.916960234182,4445.166960234182,2043,1484,1764
4446.034459364277,4445.909459364277,4446.159459364277,1360,2599,1980
4443.251908711365,4442.876908711365,4443.626908711365,1013,1062,1038
4444.779888202807,4444.404888202807,4445.154888202807,1209,1126,1168
4445.695221954858,4445.445221954858,4445.945221954858,918,1005,962
4444.895325415707,4444.770325415707,4445.020325415707,2069,778,1424
4446.777162980724,4446.652162980724,4446.902162980724,1209,1388,1299
4443.152061500762,4442.902061500762,4443.402061500762,814,2213,1514
4445.787157185614,4445.537157185614,4446.037157185614,2456,1079,1768
4441.814494213077,4441.689494213077,4441.939494213077,731,1982,1357
4442.786574329029,4442.661574329029,4442.911574329029,604,1245,925
4438.715734440184,4438.590734440184,4438.840734440184,1188,993,1091
4436.154582153246,4435.904582153246,4436.404582153246,938,2551,1745
4440.920063866889,4440.670063866889,4441.170063866889,724,1503,1114
4439.702773395621,4439.577773395621,4439.827773395621,1171,566,869
4437.617049513313,4437.492049513313,4437.742049513313,2296,1153,1725
4437.058112702407,4436.683112702407,4437.433112702407,935,668,802
4435.1732944377445,4435.0482944377445,4435.2982944377445,1976,1291,1634
4433.59644201273,4433.47144201273,4433.72144201273,1481,1448,1465
4432.620878592942,4432.495878592942,4432.745878592942,1560,1005,1283
4430.842851222995,4430.717851222995,4430.967851222995,2074,1209,1642
4428.2821660531945,4428.1571660531945,4428.4071660531945,728,1789,1259
4423.802978344134,4423.427978344134,4424.177978344134,1868,999,1434
4427.251800519122,4427.001800519122,4427.501800519122,957,2576,1767
4428.013840477146,4427.888840477146,4428.138840477146,2056,1139,1598
4431.759291951074,4431.634291951074,4431.884291951074,1847,1870,1859
4430.8958860611365,4430.6458860611365,4431.1458860611365,2067,894,1481
4431.306785351985,4431.181785351985,4431.431785351985,706,1213,960
4425.310574519296,4425.060574519296,4425.560574519296,1500,1335,1418
4426.68870947353,4426.56370947353,4426.81370947353,1142,2595,1869
4428.883122227391,4428.758122227391,4429.008122227391,2542,1183,1863
4428.241392137393,4428.116392137393,4428.366392137393,2285,1382,1834
4428.018576757461,4427.893576757461,4428.143576757461,632,1261,947
4423.080318059064,4422.955318059064,4423.205318059064,1812,1561,1687
4423.764924160971,4423.514924160971,4424.014924160971,1140,1455,1298
4425.835209779973,4425.710209779973,4425.960209779973,1153,1994,1574
4428.327409688326,4427.952409688326,4428.702409688326,1149,1418,1284
4426.113294114691,4425.988294114691,4426.238294114691,1670,2289,1980
4429.16397438607,4428.91397438607,4429.41397438607,1389,858,1124
4433.129183642944,4432.879183642944,4433.379183642944,1536,1135,1336
4429.327115562842,4429.202115562842,4429.452115562842,1393,1474,1434
4429.874910512874,4429.749910512874,4429.999910512874,761,1978,1370
4430.37540306347,4430.25040306347,4430.50040306347,856,2095,1476
4428.41126851047,4428.28626851047,4428.53626851047,1350,1091,1221
4429.358961465941,4429.108961465941,4429.608961465941,483,1128,806
4429.44719716301,4429.32219716301,4429.57219716301,2422,1195,1809
4428.247621804283,4428.122621804283,4428.372621804283,989,1016,1003
4430.534105682357,4430.284105682357,4430.784105682357,1761,646,1204
4432.936275703842,4432.686275703842,4433.186275703842,1493,1308,1401
4428.001099288932,4427.876099288932,4428.126099288932,915,2544,1730
4426.07711418126,4425.82711418126,4426.32711418126,1894,897,1396
4427.523813600448,4427.273813600448,4427.773813600448,2561,1102,1832
4427.0831208910295,4426.9581208910295,4427.2081208910295,1859,1778,1819
4427.246190257604,4427.121190257604,4427.371190257604,1011,2884,1948
4428.853254512247,4428.728254512247,4428.978254512247,1685,1784,1735
4431.0033903569765,4430.7533903569765,4431.2533903569765,906,771,839
4428.13651781921,4428.01151781921,4428.26151781921,1013,1566,1290
4421.136499242321,4421.011499242321,4421.261499242321,1231,608,920
4419.088419446924,4418.963419446924,4419.213419446924,1906,2047,1977
4420.170668756879,4419.795668756879,4420.545668756879,2261,964,1613
4420.997236425604,4420.872236425604,4421.122236425604,1065,852,959
4418.184488886339,4418.059488886339,4418.309488886339,1787,1080,1434
4416.122010458716,4415.997010458716,4416.247010458716,1496,2451,1974
4417.206208728037,4417.081208728037,4417.331208728037,1246,1539,1393
4418.844341686578,4418.594341686578,4419.094341686578,1355,2524,1940
4413.7684760801085,4413.6434760801085,4413.8934760801085,802,1171,987
4415.447207300474,4415.197207300474,4415.697207300474,2028,1723,1876
4407.478779962366,4407.353779962366,4407.603779962366,2180,1389,1785
4410.390765322471,4410.265765322471,4410.515765322471,1209,440,825
4408.629724165073,4408.379724165073,4408.879724165073,1630,2277,1954
4406.851616998439,4406.601616998439,4407.101616998439,754,1865,1310
4407.450776781266,4407.200776781266,4407.700776781266,1529,1274,1402
4414.522336938942,4414.397336938942,4414.647336938942,1888,861,1375
4413.036003201473,4412.786003201473,4413.286003201473,1468,959,1214
4417.303920312903,4417.178920312903,4417.428920312903,2093,1864,1979
4418.929079217804,4418.679079217804,4419.179079217804,761,1870,1316
4419.275476926909,4419.025476926909,4419.525476926909,1069,2426,1748
4417.097876342696,4416.847876342696,4417.347876342696,864,1795,1330
4421.4963783554695,4421.2463783554695,4421.7463783554695,1716,1237,1477
4416.782218027537,4416.657218027537,4416.907218027537,1507,1290,1399
4413.916734074062,4413.666734074062,4414.166734074062,966,1581,1274
4407.836604686629,4407.461604686629,4408.211604686629,1169,1404,1287
4409.676110131845,4409.301110131845,4410.051110131845,1156,1375,1266
4412.06498689813,4411.93998689813,4412.18998689813,935,744,840
4415.04311482728,4414.91811482728,4415.16811482728,1277,1400,1339
4410.670014659815,4410.420014659815,4410.920014659815,1371,1748,1560
4416.918335269471,4416.668335269471,4417.168335269471,2088,1127,1608
4417.464125293599,4417.339125293599,4417.589125293599,1729,1628,1679
4419.11570465544,4418.99070465544,4419.24070465544,1142,571,857
4420.570983431112,4420.445983431112,4420.695983431112,813,2064,1439
4420.927270339472,4420.802270339472,4421.052270339472,2504,1485,1995
4420.352150893567,4420.227150893567,4420.477150893567,1037,794,916
4418.809584246691,4418.434584246691,4419.184584246691,706,1993,1350
4416.061268076288,4415.936268076288,4416.186268076288,1005,1600,1303
4420.516877300668,4420.391877300668,4420.641877300668,1661,2170,1916
4423.938409442668,4423.813409442668,4424.063409442668,1144,1597,1371
4424.765200150193,4424.640200150193,4424.890200150193,2160,951,1556
4421.3397408853925,4421.0897408853925,4421.5897408853925,643,1906,1275
4425.099105730862,4424.724105730862,4425.474105730862,1111,1172,1142
4424.299534114981,4424.174534114981,4424.424534114981,2563,1040,1802
4427.207884428836,4427.082884428836,4427.332884428836,1992,1629,1811
4426.857497564651,4426.732497564651,4426.982497564651,877,1440,1159
4424.615110875703,4424.365110875703,4424.865110875703,1789,1680,1735
4421.603987449087,4421.228987449087,4421.978987449087,1626,763,1195
4429.914954572741,4429.664954572741,4430.164954572741,1225,900,1063
4431.318910901247,4431.193910901247,4431.443910901247,1022,1041,1032
4427.924540538881,4427.799540538881,4428.049540538881,2653,1130,1892
4430.322559225724,4430.197559225724,4430.447559225724,524,1437,981
4430.113281611555,4429.988281611555,4430.238281611555,893,2672,1783
4426.341931182487,4426.216931182487,4426.466931182487,1497,2494,1996
4426.973694676527,4426.848694676527,4427.098694676527,1913,1432,1673
4429.795664373928,4429.545664373928,4430.045664373928,1280,2243,1762
4429.803248443451,4429.678248443451,4429.928248443451,1576,1905,1741
4427.625450645605,4427.500450645605,4427.750450645605,2477,1240,1859
4429.09160730868,4428.96660730868,4429.21660730868,1717,1718,1718
4423.755094809682,4423.630094809682,4423.880094809682,2295,1184,1740
4425.914862090381,4425.664862090381,4426.164862090381,1278,885,1082
4426.638581698795,4426.513581698795,4426.763581698795,480,1333,907
4430.33369714234,4430.20869714234,4430.45869714234,2086,1371,1729
4434.494340130528,4434.244340130528,4434.744340130528,1057,1232,1145
4434.832995527915,4434.582995527915,4435.082995527915,1134,951,1043
4429.029498452407,4428.904498452407,4429.154498452407,2080,883,1482
4425.3050321236915,4424.9300321236915,4425.6800321236915,1219,1592,1406
4422.162801059592,4421.912801059592,4422.412801059592,1713,1262,1488
4421.468777335099,4421.218777335099,4421.718777335099,1877,1796,1837
4415.902623877204,4415.777623877204,4416.027623877204,1614,935,1275
4416.178397275616,4416.053397275616,4416.303397275616,1738,1801,1770
4418.307959747913,4418.182959747913,4418.432959747913,2595,1394,1995
4420.124001932718,4419.999001932718,4420.249001932718,1348,725,1037
4420.307485195785,4420.182485195785,4420.432485195785,1111,1638,1375
4418.667954961121,4418.542954961121,4418.792954961121,891,2046,1469
4414.839072557542,4414.589072557542,4415.089072557542,1254,1653,1454
4412.19780547763,4412.07280547763,4412.32280547763,694,1215,955
4413.793179472731,4413.668179472731,4413.918179472731,1011,1674,1343
4410.064432834126,4409.939432834126,4410.189432834126,1634,1553,1594
4411.696381263768,4411.571381263768,4411.821381263768,1084,1419,1252
4411.548845138644,4411.173845138644,4411.923845138644,1006,811,909
4409.4651743766135,4409.2151743766135,4409.7151743766135,1025,960,993
4412.179002233352,4411.929002233352,4412.429002233352,1324,2265,1795
4412.468274429754,4412.343274429754,4412.593274429754,864,1623,1244
4413.985025787573,4413.860025787573,4414.110025787573,799,1812,1306
4411.208091485115,4411.083091485115,4411.333091485115,2526,1457,1992
4409.9828972773585,4409.7328972773585,4410.2328972773585,1625,2100,1863
4407.13004741251,4407.00504741251,4407.25504741251,1110,1051,1081
4408.580193279452,4408.455193279452,4408.705193279452,2445,1022,1734
4403.853264588051,4403.728264588051,4403.978264588051,469,1380,925
4406.4186998649075,4406.2936998649075,4406.5436998649075,1364,2289,1827
4404.183599664051,4403.808599664051,4404.558599664051,808,1721,1265
4403.139653782268,4403.014653782268,4403.264653782268,823,846,835
4398.942818341423,4398.817818341423,4399.067818341423,932,2105,1519
4398.913558023093,4398.663558023093,4399.163558023093,1795,1810,1803
4400.0111442695425,4399.8861442695425,4400.1361442695425,1062,2915,1989
4396.721172764938,4396.596172764938,4396.846172764938,1111,2274,1693
4393.425538433245,4393.300538433245,4393.550538433245,2031,1112,1572
4394.502188951959,4394.377188951959,4394.627188951959,1961,956,1459
4397.013125087025,4396.763125087025,4397.263125087025,877,1302,1090
4393.871601576186,4393.621601576186,4394.121601576186,997,2496,1747
4392.574659090418,4392.449659090418,4392.699659090418,1043,758,901
4391.86090661471,4391.61090661471,4392.11090661471,1616,2279,1948
4396.665549798314,4396.415549798314,4396.915549798314,1497,2390,1944
4389.764324925161,4389.639324925161,4389.889324925161,1039,982,1011
4387.385239460445,4387.260239460445,4387.510239460445,1128,2319,1724
4390.858569477843,4390.733569477843,4390.983569477843,1806,1311,1559
4389.555275282764,4389.180275282764,4389.930275282764,2465,948,1707
4391.06692658743,4390.94192658743,4391.19192658743,940,2611,1776
4394.805601531584,4394.680601531584,4394.930601531584,1657,2016,1837
4391.599945799072,4391.224945799072,4391.974945799072,1617,1396,1507
4392.241104768654,4392.116104768654,4392.366104768654,937,2140,1539
4391.330412016001,4391.205412016001,4391.455412016001,1430,2135,1783
4394.007117314,4393.757117314,4394.257117314,572,1071,822
4392.854770561204,4392.604770561204,4393.104770561204,506,1151,829
4389.066117831438,4388.691117831438,4389.441117831438,2051,1618,1835
4387.8877393225575,4387.7627393225575,4388.0127393225575,1147,1082,1115
4388.282469599599,4388.157469599599,4388.407469599599,1188,1729,1459
4390.031810192093,4389.906810192093,4390.156810192093,1490,2301,1896
4394.081000410554,4393.956000410554,4394.206000410554,2509,856,1683
4396.37661949635,4396.12661949635,4396.62661949635,1024,2233,1629
4394.983151889355,4394.858151889355,4395.108151889355,1938,941,1440
4395.112958945593,4394.862958945593,4395.362958945593,1063,554,809
4387.325692127692,4387.075692127692,4387.575692127692,1694,1305,1500
4389.21005135167,4389.08505135167,4389.33505135167,1903,1816,1860
4390.426256565559,4390.301256565559,4390.551256565559,1935,1978,1957
4390.396206674048,4390.271206674048,4390.521206674048,1542,633,1088
4387.2267864436035,4387.1017864436035,4387.3517864436035,1147,2334,1741
4382.457077624669,4382.332077624669,4382.582077624669,1219,1962,1591
4381.24485726559,4380.99485726559,4381.49485726559,1080,1191,1136
4382.3816761060125,4382.1316761060125,4382.6316761060125,1576,1091,1334
4383.740582212659,4383.615582212659,4383.865582212659,1085,1936,1511
4386.254294048775,4386.004294048775,4386.504294048775,718,977,848
4385.412848215249,4385.287848215249,4385.537848215249,1631,908,1270
4386.855157578334,4386.730157578334,4386.980157578334,1513,1208,1361
4389.2699680529295,4388.8949680529295,4389.6449680529295,1575,570,1073
4390.922607288471,4390.797607288471,4391.047607288471,1065,1210,1138
4386.1152332093925,4385.9902332093925,4386.2402332093925,928,2259,1594
4388.355465069744,4388.105465069744,4388.605465069744,1672,1733,1703
4393.740314898597,4393.490314898597,4393.990314898597,443,1310,877
4390.79510327288,4390.54510327288,4391.04510327288,2097,812,1455
4393.521850892355,4393.271850892355,4393.771850892355,1414,1215,1315
4394.261637275931,4394.136637275931,4394.386637275931,2165,1522,1844
4396.23294518052,4396.10794518052,4396.35794518052,946,2607,1777
4393.73344894109,4393.60844894109,4393.85844894109,846,2231,1539
4396.712770686765,4396.587770686765,4396.837770686765,2240,1129,1685
4397.760788870749,4397.510788870749,4398.010788870749,1991,1234,1613
4398.311376586993,4398.186376586993,4398.436376586993,1111,622,867
4399.565133161407,4399.315133161407,4399.815133161407,1693,1146,1420
4396.165650796875,4395.915650796875,4396.415650796875,520,1537,1029
4394.948123421567,4394.823123421567,4395.073123421567,1279,668,974
4392.143390487065,4391.768390487065,4392.518390487065,1045,2192,1619
4390.5370332803905,4390.4120332803905,4390.6620332803905,888,889,889
4391.059548524058,4390.934548524058,4391.184548524058,987,1660,1324
4393.18655430452,4392.93655430452,4393.43655430452,2239,1252,1746
4393.667696235473,4393.542696235473,4393.792696235473,987,1466,1227
4387.599154267999,4387.224154267999,4387.974154267999,573,1704,1139
4383.128910835749,4383.003910835749,4383.253910835749,632,1823,1228
4381.536471259975,4381.411471259975,4381.661471259975,1740,1511,1626
4385.573507770494,4385.198507770494,4385.948507770494,1778,639,1209
4390.943555521193,4390.818555521193,4391.068555521193,728,925,827
4391.485333516136,4391.110333516136,4391.860333516136,1443,2012,1728
4391.410937475078,4391.160937475078,4391.660937475078,1764,885,1325
4391.213616083053,4390.963616083053,4391.463616083053,972,1635,1304
4390.782901752515,4390.657901752515,4390.907901752515,2068,1529,1799
4389.549997721253,4389.174997721253,4389.924997721253,1106,2283,1695
4393.97539043845,4393.85039043845,4394.10039043845,2206,843,1525
4394.603447407778,4394.228447407778,4394.978447407778,1191,736,964
4392.547138413116,4392.172138413116,4392.922138413116,2247,992,1620
4394.082746771232,4393.832746771232,4394.332746771232,595,1356,976
4394.464574323386,4394.339574323386,4394.589574323386,1422,693,1058
4397.255807953254,4397.005807953254,4397.505807953254,1446,1411,1429
4393.683152433418,4393.558152433418,4393.808152433418,2613,966,1790
4392.208164384148,4391.958164384148,4392.458164384148,1989,1156,1573
4393.273006281363,4393.148006281363,4393.398006281363,782,881,832
4392.92649692074,4392.80149692074,4393.05149692074,555,1346,951
4393.18237578769,4393.05737578769,4393.30737578769,1032,1255,1144
4390.5841581559325,4390.4591581559325,4390.7091581559325,1247,1828,1538
4388.917158466246,4388.792158466246,4389.042158466246,957,2416,1687
4384.449658978431,4384.324658978431,4384.574658978431,1878,1423,1651
4387.948220813381,4387.823220813381,4388.073220813381,1482,809,1146
4386.085192510928,4385.960192510928,4386.210192510928,1805,732,1269
4380.473814870157,4380.348814870157,4380.598814870157,513,1132,823
4384.085583891698,4383.960583891698,4384.210583891698,1561,2068,1815
4383.770557940123,4383.645557940123,4383.895557940123,1242,1517,1380
4382.905320218396,4382.655320218396,4383.155320218396,1702,581,1142
4378.512333208987,4378.262333208987,4378.762333208987,914,1085,1000
4379.3370477783565,4379.2120477783565,4379.4620477783565,2148,1821,1985
4382.189430738623,4381.939430738623,4382.439430738623,589,1336,963
4382.455534423585,4382.080534423585,4382.830534423585,2133,774,1454
4388.4851590869175,4388.3601590869175,4388.6101590869175,1111,2422,1767
4388.219453714449,4388.094453714449,4388.344453714449,909,932,921
4389.641942611742,4389.391942611742,4389.891942611742,1614,721,1168
4389.108277853321,4388.858277853321,4389.358277853321,1852,1117,1485
4390.607060474471,4390.357060474471,4390.857060474471,1600,733,1167
4390.4659900100105,4390.3409900100105,4390.5909900100105,1680,2107,1894
4388.9392643021865,4388.6892643021865,4389.1892643021865,1848,1937,1893
4391.02828495081,4390.90328495081,4391.15328495081,2122,1435,1779
4396.695797393698,4396.445797393698,4396.945797393698,1832,975,1404
4396.469423249409,4396.344423249409,4396.594423249409,1338,2571,1955
4400.0304803556655,4399.7804803556655,4400.2804803556655,716,1883,1300
4401.239225649875,4401.114225649875,4401.364225649875,1149,666,908
4399.249957693994,4399.124957693994,4399.374957693994,591,1394,993
4396.884402045154,4396.759402045154,4397.009402045154,1181,1068,1125
4395.489214193892,4395.364214193892,4395.614214193892,1548,1779,1664
4398.161651297597,4397.911651297597,4398.411651297597,1118,1937,1528
4399.591946355965,4399.466946355965,4399.716946355965,966,2109,1538
4404.324338731926,4404.199338731926,4404.449338731926,1220,557,889
4404.713320911886,4404.588320911886,4404.838320911886,905,2390,1648
4408.734559329055,4408.609559329055,4408.859559329055,1367,1350,1359
4410.142945819322,4409.892945819322,4410.392945819322,1549,648,1099
4411.033222599776,4410.658222599776,4411.408222599776,1991,1826,1909
4409.622358322825,4409.372358322825,4409.872358322825,1841,664,1253
4407.686459799464,4407.311459799464,4408.061459799464,792,1175,984
4414.015172701269,4413.765172701269,4414.265172701269,739,1304,1022
4411.827172001786,4411.702172001786,4411.952172001786,1396,1581,1489
4414.753113223291,4414.503113223291,4415.003113223291,1902,2011,1957
4413.350469644265,4413.100469644265,4413.600469644265,562,1109,836
4413.004489085778,4412.754489085778,4413.254489085778,1611,1644,1628
4411.672647326098,4411.547647326098,4411.797647326098,2104,1739,1922
4413.443095646368,4413.193095646368,4413.693095646368,1131,872,1002
4412.999456923788,4412.749456923788,4413.249456923788,1369,1380,1375
4409.69696861021,4409.57196861021,4409.82196861021,2307,1454,1881
4411.5537404773795,4411.4287404773795,4411.6787404773795,1773,1996,1885
4412.69033612069,4412.56533612069,4412.81533612069,1304,1431,1368
4410.62194444891,4410.49694444891,4410.74694444891,2756,979,1868
4408.575768809404,4408.450768809404,4408.700768809404,670,1627,1149
4410.072768523097,4409.947768523097,4410.197768523097,992,1209,1101
4408.5525797008695,4408.3025797008695,4408.8025797008695,1214,2349,1782
4411.209404410248,4411.084404410248,4411.334404410248,1217,608,913
4412.140128295284,4412.015128295284,4412.265128295284,2068,1157,1613
4414.411577836845,4414.161577836845,4414.661577836845,1006,2857,1932
4416.033158979991,4415.908158979991,4416.158158979991,1091,1388,1240
4416.508087909461,4416.383087909461,4416.633087909461,1019,2880,1950
4417.545615701384,4417.420615701384,4417.670615701384,2835,946,1891
4421.59196679182,4421.46696679182,4421.71696679182,523,1078,801
4422.471316153517,4422.221316153517,4422.721316153517,574,1401,988
4421.875553701171,4421.750553701171,4422.000553701171,2254,1675,1965
4420.526829273943,4420.276829273943,4420.776829273943,1092,819,956
4423.701071795283,4423.576071795283,4423.826071795283,957,2090,1524
4424.361376252289,4424.236376252289,4424.486376252289,1155,2450,1803
4422.9178009754705,4422.7928009754705,4423.0428009754705,2026,1569,1798
4428.160342747024,4427.910342747024,4428.410342747024,1997,940,1469
4429.036333500131,4428.786333500131,4429.286333500131,1614,1487,1551
4429.476965451032,4429.101965451032,4429.851965451032,1043,2862,1953
4427.130324529422,4427.005324529422,4427.255324529422,1812,1399,1606
4426.331205602338,4426.206205602338,4426.456205602338,888,1173,1031
4422.151715547114,4421.776715547114,4422.526715547114,984,2205,1595
4419.901948771191,4419.776948771191,4420.026948771191,480,1193,837
4414.8248534349605,4414.4498534349605,4415.1998534349605,1677,1574,1626
4414.484105996357,4414.359105996357,4414.609105996357,1650,681,1166
4411.151402873934,4411.026402873934,4411.276402873934,1117,792,955
4414.509637938248,4414.384637938248,4414.634637938248,600,1609,1105
4412.941453975245,4412.816453975245,4413.066453975245,2872,1001,1937
4412.480098566757,4412.355098566757,4412.605098566757,697,1534,1116
4409.680473229095,4409.555473229095,4409.805473229095,2666,947,1807
4407.446981981832,4407.321981981832,4407.571981981832,2477,1264,1871
4403.164830037263,4403.039830037263,4403.289830037263,1278,631,955
4405.299901259106,4405.174901259106,4405.424901259106,948,815,882
4408.791490606714,4408.666490606714,4408.916490606714,1154,1739,1447
4409.0758047006675,4408.8258047006675,4409.3258047006675,1659,2022,1841
4408.005451280388,4407.755451280388,4408.255451280388,1850,1297,1574
4406.822797956593,4406.572797956593,4407.072797956593,1308,1389,1349
4404.156577806052,4404.031577806052,4404.281577806052,2849,1098,1974
4402.8396569480965,4402.7146569480965,4402.9646569480965,2413,1094,1754
4405.186395952527,4404.936395952527,4405.436395952527,1306,867,1087
4404.21056241756,4404.08556241756,4404.33556241756,2920,1075,1998
4401.3630127934675,4401.1130127934675,4401.6130127934675,651,1618,1135
4403.903421698297,4403.528421698297,4404.278421698297,888,1711,1300
4403.709363758018,4403.459363758018,4403.959363758018,2468,1145,1807
4404.751300556561,4404.626300556561,4404.876300556561,1367,1028,1198
4401.548370835647,4401.423370835647,4401.673370835647,1850,1135,1493
4404.491951171294,4404.241951171294,4404.741951171294,751,1314,1033
4406.652297525968,4406.527297525968,4406.777297525968,1226,1755,1491
4407.76138777322,4407.63638777322,4407.88638777322,1595,536,1066
4407.17462183527,4407.04962183527,4407.29962183527,1293,736,1015
4407.398383913134,4407.273383913134,4407.523383913134,1255,2252,1754
4399.772207538056,4399.647207538056,4399.897207538056,2229,936,1583
4400.06254340667,4399.81254340667,4400.31254340667,1649,1862,1756
4397.085537435128,4396.835537435128,4397.335537435128,1998,1625,1812
4393.713605086897,4393.588605086897,4393.838605086897,1164,1215,1190
4394.05874748943,4393.93374748943,4394.18374748943,1657,1110,1384
4394.572765062349,4394.447765062349,4394.697765062349,1588,1929,1759
4396.013561851934,4395.763561851934,4396.263561851934,1968,1275,1622
4394.627922512597,4394.377922512597,4394.877922512597,1179,2500,1840
4392.511552271104,4392.261552271104,4392.761552271104,849,1532,1191
4395.413560239926,4395.288560239926,4395.538560239926,1284,2499,1892
4394.00442735685,4393.87942735685,4394.12942735685,496,1415,956
4396.03549958649,4395.91049958649,4396.16049958649,1277,1400,1339
4395.9773567779375,4395.8523567779375,4396.1023567779375,947,668,808
4394.655521148747,4394.530521148747,4394.780521148747,1045,1766,1406
4395.334953575961,4395.084953575961,4395.584953575961,1323,2192,1758
4398.460418441805,4398.210418441805,4398.710418441805,2369,1608,1989
4398.096767707639,4397.846767707639,4398.346767707639,489,1138,814
4400.53786917822,4400.28786917822,4400.78786917822,860,2571,1716
4395.317101646637,4395.067101646637,4395.567101646637,814,1663,1239
4397.501945370656,4397.376945370656,4397.626945370656,1153,2726,1940
4399.1239369301165,4398.7489369301165,4399.4989369301165,1961,1586,1774
4397.139130555189,4397.014130555189,4397.264130555189,1123,2220,1672
4398.439733947259,4398.314733947259,4398.564733947259,1814,1611,1713
4393.555456907197,4393.305456907197,4393.805456907197,1835,1498,1667
4397.069556163879,4396.944556163879,4397.194556163879,1375,1708,1542
4395.680075711166,4395.555075711166,4395.805075711166,987,1148,1068
4396.715424907307,4396.465424907307,4396.965424907307,1700,2009,1855
4398.302523265187,4398.177523265187,4398.427523265187,1260,1995,1628
4396.013545390408,4395.888545390408,4396.138545390408,735,2018,1377
4392.225035353947,4391.975035353947,4392.475035353947,1519,1052,1286
4390.099052988452,4389.849052988452,4390.349052988452,1719,1396,1558
4388.659857206369,4388.284857206369,4389.034857206369,1928,1641,1785
4387.742996973249,4387.617996973249,4387.867996973249,1438,1967,1703
4388.6156545445865,4388.3656545445865,4388.8656545445865,1926,1647,1787
4383.825705884782,4383.575705884782,4384.075705884782,2647,1096,1872
4385.526481614472,4385.276481614472,4385.776481614472,1275,1202,1239
4385.673491364436,4385.548491364436,4385.798491364436,1196,697,947
4381.335449778682,4381.210449778682,4381.460449778682,957,2602,1780
4381.74769510094,4381.62269510094,4381.87269510094,2792,1171,1982
4380.313571679945,4380.188571679945,4380.438571679945,1844,1815,1830
4377.628596215331,4377.378596215331,4377.878596215331,1446,1041,1244
4377.072833768242,4376.822833768242,4377.322833768242,1335,2406,1871
4381.387143033936,4381.137143033936,4381.637143033936,1007,602,805
4378.611875908084,4378.361875908084,4378.861875908084,996,789,893
4379.731028292779,4379.356028292779,4380.106028292779,907,736,822
4380.044995022035,4379.794995022035,4380.294995022035,1991,1510,1751
4379.00236124098,4378.87736124098,4379.12736124098,1707,1006,1357
4379.498585611234,4379.373585611234,4379.623585611234,2238,983,1611
4382.848503325311,4382.723503325311,4382.973503325311,1178,2433,1806
4379.214835367731,4379.089835367731,4379.339835367731,1288,695,992
4380.484849746471,4380.234849746471,4380.734849746471,2372,1087,1730
4379.329905955444,4379.204905955444,4379.454905955444,717,1408,1063
4383.291735986751,4383.166735986751,4383.416735986751,938,1299,1119
4380.947010563759,4380.822010563759,4381.072010563759,1716,1337,1527
4379.456239736535,4379.331239736535,4379.581239736535,1830,1677,1754
4382.920518567825,4382.545518567825,4383.295518567825,1198,1425,1312
4384.4436668000535,4384.3186668000535,4384.5686668000535,1708,1729,1719
4382.183305804756,4382.058305804756,4382.308305804756,1275,2478,1877
4378.861934127268,4378.736934127268,4378.986934127268,717,1322,1020
4380.778004433598,4380.653004433598,4380.903004433598,682,2047,1365
4384.207504084523,4384.082504084523,4384.332504084523,2092,913,1503
4385.447458630882,4385.197458630882,4385.697458630882,1761,818,1290
4385.612084345418,4385.487084345418,4385.737084345418,1460,639,1050
4383.127829290306,4382.877829290306,4383.377829290306,609,1314,962
4384.899978376305,4384.649978376305,4385.149978376305,1321,1856,1589
4383.682092977733,4383.557092977733,4383.807092977733,770,959,865
4383.509270463015,4383.259270463015,4383.759270463015,1158,2683,1921
4381.641600082467,4381.391600082467,4381.891600082467,1108,1065,1087
4384.984059579736,4384.734059579736,4385.234059579736,1916,1821,1869
4384.538069689464,4384.288069689464,4384.788069689464,1803,1986,1895
4387.85883194208,4387.73383194208,4387.98383194208,1416,2263,1840
4385.673730368719,4385.423730368719,4385.923730368719,1456,2465,1961
4386.7610917663305,4386.5110917663305,4387.0110917663305,1340,1161,1251
4385.256840781562,4385.131840781562,4385.381840781562,1260,1741,1501
4384.093430585136,4383.968430585136,4384.218430585136,1532,1101,1317
4384.018134374979,4383.893134374979,4384.143134374979,2315,1388,1852
4383.166391408041,4382.916391408041,4383.416391408041,1388,2093,1741
4382.010038113951,4381.760038113951,4382.260038113951,677,1972,1325
4379.719232793524,4379.594232793524,4379.844232793524,844,2347,1596
4379.416909628993,4379.166909628993,4379.666909628993,1532,609,1071
4377.135701850326,4376.885701850326,4377.385701850326,1254,1611,1433
4375.134936048658,4374.884936048658,4375.384936048658,2255,1412,1834
4375.529200865348,4375.404200865348,4375.654200865348,966,2651,1809
4373.397231579747,4373.272231579747,4373.522231579747,1827,1004,1416
4371.491174237397,4371.366174237397,4371.616174237397,982,2023,1503
4367.04839103297,4366.67339103297,4367.42339103297,725,1396,1061
4363.534190258381,4363.409190258381,4363.659190258381,2183,1584,1884
4361.633146672307,4361.383146672307,4361.883146672307,1679,1930,1805
4360.281332482226,4360.031332482226,4360.531332482226,1530,511,1021
4361.75765304477,4361.50765304477,4362.00765304477,1683,958,1321
4361.564333416826,4361.439333416826,4361.689333416826,1608,661,1135
4359.26508569638,4359.14008569638,4359.39008569638,1819,1176,1498
4357.254214427449,4357.004214427449,4357.504214427449,1051,1070,1061
4358.264834830066,4358.139834830066,4358.389834830066,2205,1314,1760
4358.766011923565,4358.641011923565,4358.891011923565,1117,1282,1200
4358.22428409826,4357.97428409826,4358.47428409826,1025,1478,1252
4357.980984386341,4357.855984386341,4358.105984386341,1102,1147,1125
4358.398584829712,4358.273584829712,4358.523584829712,755,1320,1038
4357.99270756241,4357.86770756241,4358.11770756241,1168,1995,1582
4356.509858909967,4356.384858909967,4356.634858909967,917,2716,1817
4358.772390209231,4358.647390209231,4358.897390209231,1386,1777,1582
4355.804988174655,4355.554988174655,4356.054988174655,1276,2621,1949
4358.345943906754,4358.220943906754,4358.470943906754,789,2350,1570
4359.24006894533,4359.11506894533,4359.36506894533,1628,1485,1557
4358.239194562744,4357.864194562744,4358.614194562744,2502,1405,1954
4358.915732259347,4358.790732259347,4359.040732259347,1601,1934,1768
4361.008975462241,4360.883975462241,4361.133975462241,2667,1114,1891
4361.570966054107,4361.320966054107,4361.820966054107,1332,669,1001
4361.688932958479,4361.563932958479,4361.813932958479,593,1282,938
4362.407762772337,4362.282762772337,4362.532762772337,866,919,893
4362.466588468811,4362.341588468811,4362.591588468811,968,2723,1846
4366.020061832171,4365.895061832171,4366.145061832171,1264,2105,1685
4369.629240069672,4369.254240069672,4370.004240069672,743,1424,1084
4367.331455909864,4367.206455909864,4367.456455909864,2725,922,1824
4368.392415517773,4368.142415517773,4368.642415517773,1381,2226,1804
4367.892268396464,4367.642268396464,4368.142268396464,1847,1488,1668
4365.240280452438,4365.115280452438,4365.365280452438,1652,673,1163
4365.60990222367,4365.48490222367,4365.73490222367,1247,1272,1260
4365.1896751699605,4365.0646751699605,4365.3146751699605,1220,1725,1473
4366.281574017356,4366.031574017356,4366.531574017356,1425,1358,1392
4368.116322291862,4367.991322291862,4368.241322291862,950,1111,1031
4367.184472396536,4367.059472396536,4367.309472396536,479,1244,862
4365.500766798895,4365.250766798895,4365.750766798895,848,939,894
4364.339889769693,4364.214889769693,4364.464889769693,1002,2013,1508
4366.397807745968,4366.147807745968,4366.647807745968,2115,1378,1747
4364.600688568305,4364.475688568305,4364.725688568305,2290,1265,1778
4363.1698050928335,4363.0448050928335,4363.2948050928335,1848,1373,1611
4360.382120950533,4360.257120950533,4360.507120950533,756,1107,932
4357.181185510429,4357.056185510429,4357.306185510429,782,2277,1530
4361.834152000245,4361.709152000245,4361.959152000245,1208,2413,1811
4361.550036223297,4361.300036223297,4361.800036223297,1735,1550,1643
4359.642966784489,4359.517966784489,4359.767966784489,1896,2065,1981
4356.608437018527,4356.483437018527,4356.733437018527,699,2096,1398
4359.760841479949,4359.635841479949,4359.885841479949,1716,1189,1453
4360.4039285954195,4360.2789285954195,4360.5289285954195,985,1678,1332
4364.882169392579,4364.757169392579,4365.007169392579,1100,1685,1393
4365.473516331369,4365.348516331369,4365.598516331369,2238,957,1598
4368.379623453436,4368.129623453436,4368.629623453436,916,1543,1230
4366.789723142149,4366.664723142149,4366.914723142149,1133,1014,1074
4368.313393710002,4368.063393710002,4368.563393710002,855,1640,1248
4371.10695432457,4370.98195432457,4371.23195432457,2125,1632,1879
4372.556588912962,4372.306588912962,4372.806588912962,2159,902,1531
4370.286610592817,4370.161610592817,4370.411610592817,1114,1239,1177
4371.64727202452,4371.52227202452,4371.77227202452,1820,2061,1941
4374.9602475954225,4374.8352475954225,4375.0852475954225,1830,1123,1477
4378.973621762842,4378.848621762842,4379.098621762842,2197,736,1467
4377.3090636346,4377.0590636346,4377.5590636346,2233,1328,1781
4377.903354581251,4377.653354581251,4378.153354581251,2141,1526,1834
4380.169915575368,4379.919915575368,4380.419915575368,2271,1198,1735
4380.868862520324,4380.493862520324,4381.243862520324,446,1167,807
4381.665850794198,4381.415850794198,4381.915850794198,1512,1339,1426
4380.410785436174,4380.285785436174,4380.535785436174,1602,655,1129
4385.495278594955,4385.370278594955,4385.620278594955,729,2124,1427
4384.628558699899,4384.503558699899,4384.753558699899,1576,2087,1832
4389.8336282013515,4389.7086282013515,4389.9586282013515,1366,2403,1885
4394.233324381437,4394.108324381437,4394.358324381437,1126,1405,1266
4393.780605712457,4393.655605712457,4393.905605712457,783,1340,1062
4395.996567580796,4395.871567580796,4396.121567580796,1226,1979,1603
4395.422105898899,4395.297105898899,4395.547105898899,1094,2031,1563
4398.369504030422,4398.244504030422,4398.494504030422,1642,565,1104
4399.0935155242705,4398.9685155242705,4399.2185155242705,734,1385,1060
4399.617529724609,4399.367529724609,4399.867529724609,1488,717,1103
4404.728595691976,4404.603595691976,4404.853595691976,768,1141,955
4402.275153430274,4402.150153430274,4402.400153430274,1370,2481,1926
4402.18521657524,4401.81021657524,4402.56021657524,980,1019,1000
4403.75601372602,4403.38101372602,4404.13101372602,747,2228,1488
4402.146027472006,4401.896027472006,4402.396027472006,866,827,847
4405.2530149295735,4405.1280149295735,4405.3780149295735,1279,580,930
4405.581719748465,4405.456719748465,4405.706719748465,1781,2058,1920
4407.734751252503,4407.609751252503,4407.859751252503,1351,988,1170
4406.581722890917,4406.456722890917,4406.706722890917,1016,1665,1341
4405.276788861307,4405.026788861307,4405.526788861307,1578,845,1212
4409.439528301872,4409.314528301872,4409.564528301872,2348,1367,1858
4408.666990804671,4408.416990804671,4408.916990804671,1059,838,949
4410.767617890738,4410.517617890738,4411.017617890738,1228,603,916
4414.9232612593805,4414.7982612593805,4415.0482612593805,1297,1460,1379
4413.666372211471,4413.541372211471,4413.791372211471,1667,2240,1954
4412.980854720018,4412.730854720018,4413.230854720018,1175,1606,1391
4416.685121758902,4416.560121758902,4416.810121758902,603,1266,935
4416.052259629068,4415.927259629068,4416.177259629068,1472,915,1194
4418.34052837968,4418.21552837968,4418.46552837968,1302,2529,1916
4416.1720623416095,4416.0470623416095,4416.2970623416095,2095,1728,1912
4416.559208302587,4416.434208302587,4416.684208302587,1549,1834,1692
4421.390238149052,4421.140238149052,4421.640238149052,1475,1802,1639
4423.240403360434,4422.990403360434,4423.490403360434,1386,943,1165
4424.829154639648,4424.579154639648,4425.079154639648,987,2436,1712
4417.960451865893,4417.585451865893,4418.335451865893,2898,1051,1975
4420.726190459809,4420.601190459809,4420.851190459809,1135,1756,1446
4418.781066417729,4418.656066417729,4418.906066417729,1434,1297,1366
4419.896833167478,4419.646833167478,4420.146833167478,767,908,838
4420.346276538499,4420.221276538499,4420.471276538499,1306,693,1000
4420.020904766204,4419.645904766204,4420.395904766204,2157,1004,1581
4421.00646734416,4420.88146734416,4421.13146734416,2477,1324,1901
4418.34376605215,4418.21876605215,4418.46876605215,1188,587,888
4416.787376004848,4416.662376004848,4416.912376004848,2524,1155,1840
4417.737993677283,4417.487993677283,4417.987993677283,962,1671,1317
4415.4900127479,4415.3650127479,4415.6150127479,1197,1984,1591
4419.679580623757,4419.429580623757,4419.929580623757,840,1123,982
4424.653170698838,4424.528170698838,4424.778170698838,1518,1137,1328
4418.744974486811,4418.494974486811,4418.994974486811,2747,994,1871
4417.309250274648,4417.184250274648,4417.434250274648,963,1458,1211
4415.480157262714,4415.355157262714,4415.605157262714,983,1188,1086
4414.625001592804,4414.250001592804,4415.000001592804,1063,1090,1077
4416.112525651763,4415.987525651763,4416.237525651763,609,1590,1100
4415.076058044711,4414.951058044711,4415.201058044711,1505,526,1016
4417.841691611623,4417.591691611623,4418.091691611623,836,1383,1110
4415.383395661619,4415.008395661619,4415.758395661619,2520,1093,1807
4419.789722849355,4419.664722849355,4419.914722849355,959,2372,1666
4421.301250689561,4421.176250689561,4421.426250689561,538,1499,1019
4422.162974948045,4422.037974948045,4422.287974948045,481,1186,834
4423.10370159422,4422.97870159422,4423.22870159422,1423,516,970
4421.368319227075,4421.243319227075,4421.493319227075,1307,692,1000
4422.679776490073,4422.554776490073,4422.804776490073,968,915,942
4423.329952665377,4423.079952665377,4423.579952665377,1298,1873,1586
4421.04717680019,4420.92217680019,4421.17217680019,1597,1794,1696
4422.916776846421,4422.666776846421,4423.166776846421,1251,1250,1251
4422.879160401821,4422.754160401821,4423.004160401821,893,732,813
4422.7457331086,4422.3707331086,4423.1207331086,1222,2103,1663
4423.428523931294,4423.178523931294,4423.678523931294,895,2502,1699
4422.170007016012,4422.045007016012,4422.295007016012,2624,1111,1868
4423.908507125668,4423.783507125668,4424.033507125668,1908,1253,1581
4421.280515509952,4420.905515509952,4421.655515509952,772,1447,1110
4417.142678322621,4416.892678322621,4417.392678322621,1254,1905,1580
4419.587673849255,4419.337673849255,4419.837673849255,2027,1868,1948
4419.9906663424335,4419.8656663424335,4420.1156663424335,1706,825,1266
4422.753528426337,4422.503528426337,4423.003528426337,1847,1908,1878
4421.714411586478,4421.589411586478,4421.839411586478,920,1307,1114
4424.689526636775,4424.439526636775,4424.939526636775,2396,1279,1838
4426.883258304737,4426.758258304737,4427.008258304737,1435,1184,1310
4425.474195758112,4425.224195758112,4425.724195758112,1875,1596,1736
4425.188998977057,4424.938998977057,4425.438998977057,673,1748,1211
4425.3584473074925,4425.1084473074925,4425.6084473074925,868,2237,1553
4425.974314662516,4425.849314662516,4426.099314662516,1527,934,1231
4422.403620955532,4422.278620955532,4422.528620955532,1007,1462,1235
4426.591710590798,4426.466710590798,4426.716710590798,1566,1467,1517
4422.696885840134,4422.571885840134,4422.821885840134,1343,1684,1514
4422.179803972563,4422.054803972563,4422.304803972563,760,1117,939
4425.354728651761,4425.104728651761,4425.604728651761,1139,722,931
4424.8360569071565,4424.7110569071565,4424.9610569071565,631,1642,1137
4426.43290620004,4426.18290620004,4426.68290620004,744,1479,1112
4430.151082215421,4430.026082215421,4430.276082215421,669,1772,1221
4427.581184032636,4427.456184032636,4427.706184032636,650,1069,860
4426.410189086181,4426.285189086181,4426.535189086181,1963,704,1334
4423.878035075511,4423.503035075511,4424.253035075511,722,1769,1246
4424.958596229778,4424.708596229778,4425.208596229778,1102,2421,1762
4425.5544730261645,4425.4294730261645,4425.6794730261645,652,1237,945
4424.700161596564,4424.450161596564,4424.950161596564,671,1130,901
4425.481116786502,4425.231116786502,4425.731116786502,562,1061,812
4423.531863014816,4423.406863014816,4423.656863014816,1571,1158,1365
4422.932923539317,4422.682923539317,4423.182923539317,1054,1965,1510
4418.616046461867,4418.366046461867,4418.866046461867,1526,547,1037
4418.879449171189,4418.754449171189,4419.004449171189,1210,2261,1736
4421.811885631074,4421.686885631074,4421.936885631074,1700,903,1302
4422.15199150605,4421.90199150605,4422.40199150605,1720,831,1276
4418.426733368299,4418.301733368299,4418.551733368299,2051,1662,1857
4417.7825548200135,4417.4075548200135,4418.1575548200135,732,1371,1052
4417.076617514073,4416.826617514073,4417.326617514073,1638,2331,1985
4418.404644498543,4418.279644498543,4418.529644498543,2760,943,1852
4420.198092584598,4420.073092584598,4420.323092584598,1069,2540,1805
4417.825421482771,4417.575421482771,4418.075421482771,1562,2115,1839
4415.787703420651,4415.662703420651,4415.912703420651,771,2262,1517
4422.509676914109,4422.384676914109,4422.634676914109,1477,824,1151
4423.185145463655,4423.060145463655,4423.310145463655,924,1763,1344
4425.691183793824,4425.566183793824,4425.816183793824,1826,611,1219
4427.231565628246,4426.856565628246,4427.606565628246,2402,1479,1941
4427.1360861294725,4426.8860861294725,4427.3860861294725,527,1284,906
4424.764637014312,4424.639637014312,4424.889637014312,1315,1170,1243
4425.188149528253,4425.063149528253,4425.313149528253,1143,2528,1836
4429.575030477176,4429.450030477176,4429.700030477176,1375,532,954
4425.984800627986,4425.859800627986,4426.109800627986,1194,1545,1370
4425.282692197927,4425.032692197927,4425.532692197927,1988,899,1444
4424.713015309757,4424.588015309757,4424.838015309757,819,1078,949
4425.342347538253,4424.967347538253,4425.717347538253,501,1474,988
4424.15867163362,4423.78367163362,4424.53367163362,1851,1084,1468
4422.520943555408,4422.395943555408,4422.645943555408,830,2479,1655
4420.391607885414,4420.266607885414,4420.516607885414,2566,1123,1845
4415.477390852846,4415.227390852846,4415.727390852846,2530,889,1710
4415.280688763444,4415.155688763444,4415.405688763444,1101,640,871
4420.557334657846,4420.432334657846,4420.682334657846,1058,1805,1432
4424.375495341612,4424.250495341612,4424.500495341612,625,1138,882
4424.973008790641,4424.848008790641,4425.098008790641,1566,1747,1657
4422.730888443636,4422.605888443636,4422.855888443636,780,1861,1321
4422.267179165568,4422.017179165568,4422.517179165568,1552,1029,1291
4421.257026409789,4421.132026409789,4421.382026409789,1574,1025,1300
4421.0961664450015,4420.7211664450015,4421.4711664450015,1935,1784,1860
4423.200350211785,4422.825350211785,4423.575350211785,1724,1089,1407
4422.981182252223,4422.856182252223,4423.106182252223,1773,1520,1647
4423.102767089197,4422.852767089197,4423.352767089197,1632,2211,1922
4421.603245346719,4421.353245346719,4421.853245346719,718,1355,1037
4423.371097107879,4423.246097107879,4423.496097107879,1555,2312,1934
4421.005339876316,4420.755339876316,4421.255339876316,1262,1019,1141
4416.847779762247,4416.722779762247,4416.972779762247,1457,780,1119
4422.397234245071,4422.272234245071,4422.522234245071,990,2265,1628
4423.485684335171,4423.360684335171,4423.610684335171,727,1158,943
4421.317140960946,4420.942140960946,4421.692140960946,756,1109,933
4421.751778000844,4421.626778000844,4421.876778000844,691,914,803
4420.199920733758,4419.949920733758,4420.449920733758,1300,801,1051
4421.0964458424105,4420.8464458424105,4421.3464458424105,779,1174,977
4423.588255341896,4423.463255341896,4423.713255341896,1750,1503,1627
4426.233929951915,4425.983929951915,4426.483929951915,1373,2578,1976
4425.838425822781,4425.713425822781,4425.963425822781,1605,1432,1519
4423.029453393563,4422.779453393563,4423.279453393563,1365,1082,1224
4425.612904619778,4425.487904619778,4425.737904619778,1288,1757,1523
4426.023125811992,4425.773125811992,4426.273125811992,1117,1822,1470
4427.413479941359,4427.288479941359,4427.538479941359,1286,653,970
4426.2511392634915,4426.1261392634915,4426.3761392634915,1015,2842,1929
4426.170368767368,4426.045368767368,4426.295368767368,1359,2234,1797
4425.29639715538,4425.17139715538,4425.42139715538,1247,2344,1796
4419.687600565512,4419.562600565512,4419.812600565512,934,1813,1374
4421.189664458373,4421.064664458373,4421.314664458373,1218,2419,1819
4417.749813490018,4417.624813490018,4417.874813490018,534,1443,989
4414.128167903656,4414.003167903656,4414.253167903656,795,1188,992
4414.391061919715,4414.266061919715,4414.516061919715,1366,835,1101
4415.78358084773,4415.53358084773,4416.03358084773,1743,880,1312
4412.774196567191,4412.649196567191,4412.899196567191,849,1926,1388
4404.795139518193,4404.670139518193,4404.920139518193,1188,781,985
4405.458669763765,4405.333669763765,4405.583669763765,1154,2205,1680
4399.836859612125,4399.586859612125,4400.086859612125,816,1691,1254
4398.89909936523,4398.64909936523,4399.14909936523,1419,1018,1219
4399.966635923039,4399.841635923039,4400.091635923039,1647,630,1139
4398.714494282537,4398.464494282537,4398.964494282537,585,1630,1108
4393.468452125519,4393.343452125519,4393.593452125519,1120,2393,1757
4396.7087897397,4396.5837897397,4396.8337897397,604,1283,944
4394.462859064881,4394.337859064881,4394.587859064881,1613,2118,1866
4394.086850677721,4393.961850677721,4394.211850677721,2138,1265,1702
4391.799197183399,4391.674197183399,4391.924197183399,1201,1614,1408
4393.64389064566,4393.51889064566,4393.76889064566,2129,1580,1855
4394.113445099145,4393.863445099145,4394.363445099145,890,1149,1020
4393.593118297979,4393.468118297979,4393.718118297979,1105,1118,1112
4387.933041990852,4387.808041990852,4388.058041990852,1875,1234,1555
4386.911733810429,4386.786733810429,4387.036733810429,847,2280,1564
4381.808269231527,4381.433269231527,4382.183269231527,1488,505,997
4381.309793454671,4381.184793454671,4381.434793454671,2085,1032,1559
4384.641296553881,4384.516296553881,4384.766296553881,1738,2131,1935
4389.070423350779,4388.695423350779,4389.445423350779,825,2146,1486
4390.026668721745,4389.776668721745,4390.276668721745,1968,807,1388
4385.798271876173,4385.673271876173,4385.923271876173,2124,1141,1633
4391.864979855393,4391.614979855393,4392.114979855393,1167,2692,1930
4390.745462270551,4390.620462270551,4390.870462270551,834,2277,1556
4385.560963123553,4385.435963123553,4385.685963123553,1663,2194,1929
4388.107816078066,4387.857816078066,4388.357816078066,1594,1013,1304
4387.016721285128,4386.891721285128,4387.141721285128,1361,980,1171
4390.755202991911,4390.630202991911,4390.880202991911,435,1208,822
4388.458286570213,4388.333286570213,4388.583286570213,1437,1470,1454
4387.831617232621,4387.581617232621,4388.081617232621,1401,850,1126
4391.321065296224,4390.946065296224,4391.696065296224,1343,950,1147
4392.515448531037,4392.390448531037,4392.640448531037,1479,680,1080
4395.978343108819,4395.728343108819,4396.228343108819,1971,1544,1758
4398.921402378453,4398.671402378453,4399.171402378453,1394,1623,1509
4400.11168264543,4399.86168264543,4400.36168264543,2148,1623,1886
4402.282972931311,4402.032972931311,4402.532972931311,2143,1688,1916
4399.97755870445,4399.85255870445,4400.10255870445,1295,1516,1406
4405.664325804058,4405.289325804058,4406.039325804058,851,2322,1587
4407.779665111356,4407.654665111356,4407.904665111356,2548,1031,1790
4408.812088466773,4408.562088466773,4409.062088466773,2634,1199,1917
4405.382894374865,4405.257894374865,4405.507894374865,1379,2106,1743
4407.472948276561,4407.222948276561,4407.722948276561,1124,2437,1781
4406.467865200973,4406.342865200973,4406.592865200973,1169,672,921
4412.359864961838,4412.234864961838,4412.484864961838,901,2258,1580
4415.6777939047815,4415.5527939047815,4415.8027939047815,993,1902,1448
4412.52897447423,4412.27897447423,4412.77897447423,800,1227,1014
4409.2386594116515,4408.9886594116515,4409.4886594116515,746,1719,1233
4403.60904480087,4403.35904480087,4403.85904480087,805,1174,990
4403.736447765883,4403.611447765883,4403.861447765883,1540,2089,1815
4410.602456089691,4410.477456089691,4410.727456089691,1437,2304,1871
4415.608871941659,4415.358871941659,4415.858871941659,901,1200,1051
4417.5154807886765,4417.1404807886765,4417.8904807886765,1874,693,1284
4413.222025736818,4413.097025736818,4413.347025736818,2093,1390,1742
4409.568035113376,4409.443035113376,4409.693035113376,782,2243,1513
4409.419442950892,4409.169442950892,4409.669442950892,1790,809,1300
4413.05120951657,4412.92620951657,4413.17620951657,2367,1330,1849
4412.346089720858,4412.096089720858,4412.596089720858,1768,2139,1954
4416.431885794708,4416.306885794708,4416.556885794708,1549,1636,1593
4411.509501404786,4411.384501404786,4411.634501404786,1579,1200,1390
4407.26865648425,4407.01865648425,4407.51865648425,1198,2493,1846
4407.08311602255,4406.70811602255,4407.45811602255,2770,1131,1951
4407.809553638977,4407.684553638977,4407.934553638977,2489,1484,1987
4412.955051290425,4412.830051290425,4413.080051290425,2445,922,1684
4415.346539140816,4415.221539140816,4415.471539140816,1706,2023,1865
4420.358164969576,4420.233164969576,4420.483164969576,1988,1085,1537
4417.785563001027,4417.660563001027,4417.910563001027,1174,2385,1780
4413.114275772375,4412.864275772375,4413.364275772375,2040,1491,1766
4413.220650706659,4413.095650706659,4413.345650706659,985,2258,1622
4414.614250928833,4414.364250928833,4414.864250928833,1127,566,847
4416.061794238172,4415.936794238172,4416.186794238172,2244,1571,1908
4413.800803230631,4413.675803230631,4413.925803230631,843,1020,932
4413.919939588364,4413.794939588364,4414.044939588364,1773,1970,1872
4412.046451836365,4411.921451836365,4412.171451836365,1809,1038,1424
4409.467165081403,4409.217165081403,4409.717165081403,1755,1242,1499
4410.628065653794,4410.253065653794,4411.003065653794,552,1139,846
4412.778426794204,4412.528426794204,4413.028426794204,1276,2223,1750
4413.23115941243,4413.10615941243,4413.35615941243,2219,1286,1753
4406.129903976507,4406.004903976507,4406.254903976507,950,1953,1452
4407.584715724679,4407.459715724679,4407.709715724679,1316,2353,1835
4401.384568691974,4401.259568691974,4401.509568691974,2580,1331,1956
4401.489772886624,4401.364772886624,4401.614772886624,845,1630,1238
4403.130686100027,4402.880686100027,4403.380686100027,2161,852,1507
4397.324401817353,4397.199401817353,4397.449401817353,2058,1243,1651
4392.3990404107835,4392.2740404107835,4392.5240404107835,1938,663,1301
4392.846528087713,4392.596528087713,4393.096528087713,971,792,882
4388.705957209922,4388.580957209922,4388.830957209922,473,1300,887
4390.018920248869,4389.643920248869,4390.393920248869,940,2791,1866
4392.707434077656,4392.582434077656,4392.832434077656,1812,1899,1856
4391.1720410908765,4391.0470410908765,4391.2970410908765,1837,634,1236
4388.206184357259,4387.956184357259,4388.456184357259,1942,1391,1667
4385.977069178881,4385.852069178881,4386.102069178881,1935,1634,1785
4381.391707651354,4381.141707651354,4381.641707651354,2065,802,1434
4384.587555533415,4384.337555533415,4384.837555533415,2359,962,1661
4383.225034277969,4383.100034277969,4383.350034277969,1024,803,914
4386.485122315859,4386.110122315859,4386.860122315859,2348,799,1574
4384.430370005186,4384.305370005186,4384.555370005186,911,1180,1046
4386.1671460198095,4385.9171460198095,4386.4171460198095,607,1298,953
4394.481793890089,4394.356793890089,4394.606793890089,892,1447,1170
4400.712951198986,4400.587951198986,4400.837951198986,1696,1931,1814
4405.816920534184,4405.441920534184,4406.191920534184,999,2838,1919
4405.736463276227,4405.361463276227,4406.111463276227,1163,908,1036
4400.476062559987,4400.226062559987,4400.726062559987,1824,1033,1429
4399.120611402518,4398.995611402518,4399.245611402518,1257,574,916
4398.602798240418,4398.352798240418,4398.852798240418,1405,1610,1508
4398.759604544496,4398.634604544496,4398.884604544496,1472,1127,1300
4397.635091455256,4397.385091455256,4397.885091455256,999,946,973
4401.589150167427,4401.464150167427,4401.714150167427,1198,1027,1113
4403.395024017083,4403.270024017083,4403.520024017083,1161,2298,1730
4402.081565243942,4401.956565243942,4402.206565243942,1599,1854,1727
4398.9607716839555,4398.7107716839555,4399.2107716839555,1658,785,1222
4396.056522257464,4395.931522257464,4396.181522257464,1627,916,1272
4396.781641620759,4396.656641620759,4396.906641620759,1268,1355,1312
4398.0027115911835,4397.7527115911835,4398.2527115911835,1556,631,1094
4396.31583474285,4396.19083474285,4396.44083474285,1440,509,975
4393.258933835101,4393.133933835101,4393.383933835101,2389,1604,1997
4395.751729912328,4395.626729912328,4395.876729912328,1063,2150,1607
4394.339325539202,4394.089325539202,4394.589325539202,2077,1396,1737
4398.933055266695,4398.808055266695,4399.058055266695,650,959,805
4405.854326294436,4405.604326294436,4406.104326294436,1450,2447,1949
4402.866955021389,4402.491955021389,4403.241955021389,1500,1633,1567
4402.842588037624,4402.592588037624,4403.092588037624,930,1361,1146
4399.828015008713,4399.703015008713,4399.953015008713,2008,1653,1831
4401.881146659427,4401.756146659427,4402.006146659427,1080,1145,1113
4400.343357799609,4400.218357799609,4400.468357799609,1012,2227,1620
4405.005429062999,4404.880429062999,4405.130429062999,1065,2614,1840
4400.934673968032,4400.809673968032,4401.059673968032,1291,2404,1848
4399.679441510819,4399.304441510819,4400.054441510819,1896,1467,1682
4401.1645956682705,4401.0395956682705,4401.2895956682705,791,1974,1383
4399.741556069185,4399.616556069185,4399.866556069185,820,809,815
4401.264203848761,4401.139203848761,4401.389203848761,994,865,930
4403.432168448666,4403.307168448666,4403.557168448666,945,1738,1342
4403.135125052081,4403.010125052081,4403.260125052081,569,1566,1068
4402.369564365566,4402.119564365566,4402.619564365566,1125,2112,1619
4405.8511301313965,4405.7261301313965,4405.9761301313965,950,2175,1563
4404.681129960091,4404.431129960091,4404.931129960091,2216,1429,1823
4400.262853687933,4400.137853687933,4400.387853687933,2090,785,1438
4397.094537372661,4396.969537372661,4397.219537372661,2307,1618,1963
4397.605950022169,4397.355950022169,4397.855950022169,1073,2564,1819
4404.988522753806,4404.863522753806,4405.113522753806,942,1335,1139
4401.270781091377,4401.020781091377,4401.520781091377,1629,1250,1440
4402.352573302556,4402.227573302556,4402.477573302556,688,2061,1375
4404.133103539362,4404.008103539362,4404.258103539362,1422,1401,1412
4403.815090799221,4403.690090799221,4403.940090799221,1973,784,1379
4400.610939960568,4400.485939960568,4400.735939960568,822,1233,1028
4397.272763076739,4397.147763076739,4397.397763076739,1457,2120,1789
4404.70507971479,4404.45507971479,4404.95507971479,1912,1111,1512
4403.748862545721,4403.623862545721,4403.873862545721,829,952,891
4403.100438555656,4402.975438555656,4403.225438555656,1851,860,1356
4404.800043173137,4404.550043173137,4405.050043173137,1779,1880,1830
4411.412579883008,4411.287579883008,4411.537579883008,1196,867,1032
4409.293684890324,4409.043684890324,4409.543684890324,1102,1199,1151
4408.5118484301065,4408.3868484301065,4408.6368484301065,1401,1018,1210
4403.81572332918,4403.56572332918,4404.06572332918,1262,943,1103
4406.075305464742,4405.825305464742,4406.325305464742,1053,1350,1202
4400.1869853857925,4399.9369853857925,4400.4369853857925,1202,2179,1691
4393.625645693029,4393.500645693029,4393.750645693029,1894,961,1428
4392.910466351694,4392.535466351694,4393.285466351694,1888,675,1282
4386.542026634136,4386.417026634136,4386.667026634136,939,1760,1350
4389.707837380983,4389.582837380983,4389.832837380983,1964,1091,1528
4392.2507834284515,4392.1257834284515,4392.3757834284515,520,1541,1031
4387.960487715921,4387.585487715921,4388.335487715921,973,1428,1201
4384.718665793615,4384.593665793615,4384.843665793615,2960,999,1980
4383.808609927463,4383.683609927463,4383.933609927463,2127,1832,1980
4383.054972530262,4382.929972530262,4383.179972530262,2266,1051,1659
4383.255350500253,4382.880350500253,4383.630350500253,1903,902,1403
4381.3299320606975,4381.2049320606975,4381.4549320606975,697,1714,1206
4378.183275142509,4378.058275142509,4378.308275142509,2156,1301,1729
4376.277864383928,4376.027864383928,4376.527864383928,1844,1543,1694
4379.211137525322,4378.961137525322,4379.461137525322,1795,1762,1779
4377.29847738896,4377.17347738896,4377.42347738896,1079,2590,1835
4369.170601899196,4368.920601899196,4369.420601899196,1629,578,1104
4365.171388392506,4364.796388392506,4365.546388392506,2033,1472,1753
4363.3729140852365,4363.2479140852365,4363.4979140852365,637,1276,957
4360.553580680435,4360.428580680435,4360.678580680435,1559,954,1257
4364.537176651812,4364.412176651812,4364.662176651812,1962,1259,1611
4366.704101357197,4366.579101357197,4366.829101357197,1258,1163,1211
4373.2670559900735,4373.1420559900735,4373.3920559900735,1974,1911,1943
4369.65045560495,4369.52545560495,4369.77545560495,564,1551,1058
4371.304833555862,4371.179833555862,4371.429833555862,1536,1871,1704
4368.233504039068,4367.983504039068,4368.483504039068,1400,1545,1473
4366.482172586324,4366.357172586324,4366.607172586324,1478,1009,1244
4366.586117706595,4366.336117706595,4366.836117706595,1546,663,1105
4370.581916663617,4370.456916663617,4370.706916663617,1119,2552,1836
4376.996893834938,4376.871893834938,4377.121893834938,638,1251,945
4378.269343524412,4378.144343524412,4378.394343524412,1244,1435,1340
4380.941033048332,4380.816033048332,4381.066033048332,1734,2189,1962
4380.711154355963,4380.586154355963,4380.836154355963,2667,1266,1967
4375.389005623728,4375.264005623728,4375.514005623728,1382,921,1152
4376.761603921053,4376.636603921053,4376.886603921053,2265,1410,1838
4373.880130041151,4373.755130041151,4374.005130041151,2210,1061,1636
4379.910949804104,4379.785949804104,4380.035949804104,1004,1767,1386
4383.312180043426,4383.062180043426,4383.562180043426,800,2283,1542
4389.21150856262,4388.96150856262,4389.46150856262,1830,641,1236
4387.202809175131,4387.077809175131,4387.327809175131,1809,1230,1520
4384.8745721977475,4384.7495721977475,4384.9995721977475,1072,2617,1845
4381.490548198619,4381.365548198619,4381.615548198619,2058,1115,1587
4381.295942825886,4381.045942825886,4381.545942825886,2249,1716,1983
4391.469994255788,4391.344994255788,4391.594994255788,616,1679,1148
4395.208587023636,4395.083587023636,4395.333587023636,1489,986,1238
4392.823157399556,4392.698157399556,4392.948157399556,1871,1002,1437
4392.941450040269,4392.816450040269,4393.066450040269,2420,1047,1734
4398.884595726027,4398.759595726027,4399.009595726027,850,1791,1321
4397.01387781396,4396.76387781396,4397.26387781396,802,1747,1275
4400.762335937427,4400.637335937427,4400.887335937427,925,916,921
4391.48345855684,4391.23345855684,4391.73345855684,951,1250,1101
4388.855583762824,4388.730583762824,4388.980583762824,759,1060,910
4392.774525882233,4392.649525882233,4392.899525882233,1920,1565,1743
4395.844943885474,4395.594943885474,4396.094943885474,1138,1397,1268
4396.736247887045,4396.486247887045,4396.986247887045,867,908,888
4397.459101442088,4397.334101442088,4397.584101442088,2264,931,1598
4396.8117339343235,4396.5617339343235,4397.0617339343235,1337,2302,1820
4390.175754638413,4390.050754638413,4390.300754638413,1056,1545,1301
4391.047815771177,4390.922815771177,4391.172815771177,1019,2476,1748
4383.720794907068,4383.595794907068,4383.845794907068,1529,1732,1631
4392.246047522752,4392.121047522752,4392.371047522752,1626,1013,1320
4393.661650573692,4393.536650573692,4393.786650573692,1992,1933,1963
4398.867096851685,4398.617096851685,4399.117096851685,2331,958,1645
4393.013248359537,4392.638248359537,4393.388248359537,881,1732,1307
4389.9847117585805,4389.8597117585805,4390.1097117585805,1808,967,1388
4390.009104182702,4389.884104182702,4390.134104182702,1583,624,1104
4387.664399457305,4387.539399457305,4387.789399457305,628,1297,963
4385.563859522911,4385.438859522911,4385.688859522911,2524,1219,1872
4390.907032345029,4390.782032345029,4391.032032345029,1116,2539,1828
4388.734685735957,4388.484685735957,4388.984685735957,1274,751,1013
4389.2487903619685,4389.1237903619685,4389.3737903619685,1684,1907,1796
4391.388623992754,4391.263623992754,4391.513623992754,1517,1674,1596
4395.15188225146,4395.02688225146,4395.27688225146,2319,922,1621
4396.122608435589,4395.872608435589,4396.372608435589,2479,1516,1998
4397.736750970012,4397.611750970012,4397.861750970012,1792,699,1246
4401.98315932669,4401.85815932669,4402.10815932669,691,1790,1241
4405.249534574492,4405.124534574492,4405.374534574492,1644,2123,1884
4397.956058846814,4397.831058846814,4398.081058846814,2479,1426,1953
4395.10480793651,4394.72980793651,4395.47980793651,930,1861,1396
4399.607718185506,4399.482718185506,4399.732718185506,1828,1843,1836
4398.354629425844,4398.104629425844,4398.604629425844,1538,1509,1524
4394.994873240668,4394.869873240668,4395.119873240668,905,2188,1547
4399.27191086617,4399.14691086617,4399.39691086617,1204,979,1092
4407.259178918322,4407.134178918322,4407.384178918322,2380,1303,1842
4405.874056367907,4405.624056367907,4406.124056367907,840,953,897
4405.927131867242,4405.802131867242,4406.052131867242,516,1331,924
4412.27575485543,4412.15075485543,4412.40075485543,873,726,800
4408.942151107428,4408.817151107428,4409.067151107428,960,1577,1269
4407.041508122163,4406.916508122163,4407.166508122163,622,1767,1195
4403.424493019441,4403.299493019441,4403.549493019441,2606,1083,1845
4403.468745872254,4403.218745872254,4403.718745872254,1750,749,1250
4405.09976750817,4404.97476750817,4405.22476750817,1773,1642,1708
4409.738819285532,4409.613819285532,4409.863819285532,1631,1176,1404
4409.262338889232,4409.137338889232,4409.387338889232,1569,1172,1371
4416.816251306619,4416.566251306619,4417.066251306619,1278,1673,1476
4409.729382087171,4409.479382087171,4409.979382087171,774,1711,1243
4412.7203760248385,4412.5953760248385,4412.8453760248385,1451,696,1074
4411.085636148719,4410.960636148719,4411.210636148719,1549,1324,1437
4413.363163219994,4413.238163219994,4413.488163219994,1536,1065,1301
4416.485913039086,4416.235913039086,4416.735913039086,561,1496,1029
4424.957578153809,4424.832578153809,4425.082578153809,842,803,823
4424.886760571288,4424.636760571288,4425.136760571288,837,2054,1446
4418.904019569077,4418.654019569077,4419.154019569077,1752,1225,1489
4420.528001392101,4420.403001392101,4420.653001392101,1360,765,1063
4419.504949717458,4419.379949717458,4419.629949717458,1525,1988,1757
4425.711845173795,4425.336845173795,4426.086845173795,1189,596,893
4425.297712467458,4425.047712467458,4425.547712467458,570,1465,1018
4431.194435103417,4431.069435103417,4431.319435103417,2016,929,1473
4432.832661364909,4432.582661364909,4433.082661364909,945,2114,1530
4430.977016944108,4430.852016944108,4431.102016944108,844,1849,1347
4436.108142885095,4435.858142885095,4436.358142885095,1221,666,944
4444.503275843024,4444.378275843024,4444.628275843024,846,2255,1551
4436.199175813087,4436.074175813087,4436.324175813087,667,1168,918
4438.197717621699,4437.822717621699,4438.572717621699,2075,1154,1615
4430.642864980282,4430.267864980282,4431.017864980282,1267,1320,1294
4431.267739077505,4431.142739077505,4431.392739077505,1173,976,1075
4429.793727983731,4429.668727983731,4429.918727983731,1217,1584,1401
4431.470665669797,4431.345665669797,4431.595665669797,1873,1388,1631
4431.806930051543,4431.556930051543,4432.056930051543,1409,1506,1458
4434.929586250844,4434.554586250844,4435.304586250844,1285,1460,1373
4437.36161988328,4437.23661988328,4437.48661988328,647,1930,1289
4427.320933216604,4427.195933216604,4427.445933216604,1661,1918,1790
4425.08264683235,4424.83264683235,4425.33264683235,1357,2526,1942
4427.597460941316,4427.472460941316,4427.722460941316,2311,946,1629
4426.164964537953,4425.789964537953,4426.539964537953,1476,797,1137
4429.856967426714,4429.481967426714,4430.231967426714,1117,1854,1486
4428.372423965482,4428.247423965482,4428.497423965482,1213,2416,1815
4433.967647311466,4433.717647311466,4434.217647311466,687,950,819
4430.561319994699,4430.311319994699,4430.811319994699,1268,525,897
4432.727830429278,4432.602830429278,4432.852830429278,1074,2779,1927
4424.968630497312,4424.718630497312,4425.218630497312,1212,807,1010
4430.673936479477,4430.298936479477,4431.048936479477,668,1919,1294
4425.309700609324,4425.184700609324,4425.434700609324,1635,1150,1393
4422.323181039722,4422.198181039722,4422.448181039722,1151,994,1073
4429.388130073998,4429.263130073998,4429.513130073998,1124,1003,1064
4431.98726234426,4431.73726234426,4432.23726234426,1055,1128,1092
4436.483020939817,4436.358020939817,4436.608020939817,2444,899,1672
4438.2977800137305,4438.1727800137305,4438.4227800137305,1970,1693,1832
4432.005803238799,4431.880803238799,4432.130803238799,1197,2138,1668
4429.281915822436,4428.906915822436,4429.656915822436,2205,1792,1999
4426.1976774518425,4426.0726774518425,4426.3226774518425,624,1475,1050
4425.631048888918,4425.506048888918,4425.756048888918,2121,1224,1673
4429.8601472010105,4429.7351472010105,4429.9851472010105,1421,556,989
4432.195275564566,4432.070275564566,4432.320275564566,709,1042,876
4437.423561085846,4437.298561085846,4437.548561085846,1246,2751,1999
4438.138786900486,4438.013786900486,4438.263786900486,604,1323,964
4439.0029833690405,4438.8779833690405,4439.1279833690405,1402,665,1034
4436.794959801901,4436.544959801901,4437.044959801901,1886,641,1264
4438.347167246681,4437.972167246681,4438.722167246681,1606,543,1075
4436.2386016378005,4436.1136016378005,4436.3636016378005,1788,811,1300
4431.11105886877,4430.86105886877,4431.36105886877,827,1132,980
4434.422831959098,4434.047831959098,4434.797831959098,991,2032,1512
4442.876801050496,4442.626801050496,4443.126801050496,1142,2401,1772
4442.236017450442,4442.111017450442,4442.361017450442,2037,942,1490
4441.303036499814,4440.928036499814,4441.678036499814,1412,1103,1258
4443.002160806734,4442.877160806734,4443.127160806734,1511,1574,1543
4447.532556903896,4447.407556903896,4447.657556903896,1706,1659,1683
4458.637201465424,4458.512201465424,4458.762201465424,736,1413,1075
4466.43980764915,4466.18980764915,4466.68980764915,1416,547,982
4467.4630562008215,4467.3380562008215,4467.5880562008215,1825,650,1238
4468.988439982149,4468.863439982149,4469.113439982149,1125,2340,1733
4470.377710704048,4470.252710704048,4470.502710704048,1010,1945,1478
4468.781824878105,4468.531824878105,4469.031824878105,1543,1446,1495
4465.544329372951,4465.419329372951,4465.669329372951,1516,717,1117
4462.396783036688,4462.271783036688,4462.521783036688,2689,994,1842
4457.639114081114,4457.514114081114,4457.764114081114,920,2505,1713
4451.577715333634,4451.202715333634,4451.952715333634,1555,2384,1970
4463.2723744517125,4463.1473744517125,4463.3973744517125,1476,1903,1690
4463.8408353081295,4463.7158353081295,4463.9658353081295,873,1996,1435
4464.460166951607,4464.335166951607,4464.585166951607,698,1285,992
4460.104426687231,4459.979426687231,4460.229426687231,1157,2116,1637
4452.229400453533,4451.854400453533,4452.604400453533,1204,2367,1786
4457.029251544915,4456.779251544915,4457.279251544915,782,857,820
4451.834817179656,4451.709817179656,4451.959817179656,642,973,808
4446.86863531802,4446.61863531802,4447.11863531802,2236,973,1605
4434.981083703108,4434.856083703108,4435.106083703108,1871,670,1271
4439.972323593078,4439.847323593078,4440.097323593078,1446,1215,1331
4435.724560869126,4435.599560869126,4435.849560869126,1082,591,837
4432.81552787434,4432.69052787434,4432.94052787434,2013,1036,1525
4435.950689930021,4435.825689930021,4436.075689930021,894,1189,1042
4434.100128930924,4433.975128930924,4434.225128930924,826,1109,968
4431.955978196778,4431.705978196778,4432.205978196778,850,1213,1032
4428.893070067917,4428.768070067917,4429.018070067917,1700,959,1330
4429.784910982627,4429.659910982627,4429.909910982627,1848,1139,1494
4424.408396443373,4424.158396443373,4424.658396443373,1659,576,1118
4426.940797230699,4426.815797230699,4427.065797230699,875,736,806
4427.538175908524,4427.413175908524,4427.663175908524,851,1688,1270
4431.094184133505,4430.719184133505,4431.469184133505,1658,1489,1574
4431.917587130277,4431.792587130277,4432.042587130277,1819,1340,1580
4433.0792401102835,4432.7042401102835,4433.4542401102835,1236,611,924
4431.293015874026,4430.918015874026,4431.668015874026,1950,1369,1660
4432.23560156601,4432.11060156601,4432.36060156601,647,1208,928
4438.985032297731,4438.860032297731,4439.110032297731,1746,975,1361
4439.703934260203,4439.578934260203,4439.828934260203,1200,2469,1835
4439.303139232695,4439.178139232695,4439.428139232695,1846,2015,1931
4440.520041333437,4440.395041333437,4440.645041333437,1903,798,1351
4435.934153769902,4435.809153769902,4436.059153769902,2341,1464,1903
4431.079043359849,4430.954043359849,4431.204043359849,944,2213,1579
4429.131474749437,4429.006474749437,4429.256474749437,1102,2047,1575
4429.477481303138,4429.352481303138,4429.602481303138,989,2504,1747
4423.022574865994,4422.897574865994,4423.147574865994,1376,1869,1623
4424.044431653119,4423.794431653119,4424.294431653119,1320,729,1025
4425.679604838757,4425.304604838757,4426.054604838757,1240,833,1037
4427.196191998469,4427.071191998469,4427.321191998469,1018,795,907
4428.723130805855,4428.473130805855,4428.973130805855,1192,2799,1996
4430.142824262435,4429.767824262435,4430.517824262435,1130,2163,1647
4431.2572335859595,4430.8822335859595,4431.6322335859595,2390,1371,1881
4427.139791780412,4426.889791780412,4427.389791780412,1396,475,936
4427.257556473337,4427.007556473337,4427.507556473337,1528,1009,1269
4429.299678709383,4429.049678709383,4429.549678709383,1590,1461,1526
4423.27378333443,4423.14878333443,4423.39878333443,1624,655,1140
4430.231287159397,4430.106287159397,4430.356287159397,1043,1382,1213
4426.8088820401335,4426.4338820401335,4427.1838820401335,857,874,866
4422.7035365538,4422.4535365538,4422.9535365538,806,1129,968
4423.986979747635,4423.861979747635,4424.111979747635,2135,1432,1784
4422.094999357876,4421.969999357876,4422.219999357876,1849,1310,1580
4418.233417005337,4418.108417005337,4418.358417005337,1630,2333,1982
4421.343373712703,4421.093373712703,4421.593373712703,834,1409,1122
4424.113470815776,4423.988470815776,4424.238470815776,2071,1034,1553
4422.779886929626,4422.529886929626,4423.029886929626,1665,1256,1461
4425.341094378311,4425.216094378311,4425.466094378311,2392,1423,1908
4431.577258172442,4431.452258172442,4431.702258172442,790,1483,1137
4425.614008832792,4425.489008832792,4425.739008832792,659,1372,1016
4417.858398018245,4417.733398018245,4417.983398018245,1200,1813,1507
4413.015111180848,4412.890111180848,4413.140111180848,1822,621,1222
4404.281421913078,4404.156421913078,4404.406421913078,1134,1043,1089
4401.218344086348,4400.843344086348,4401.593344086348,1601,986,1294
4404.202142345496,4404.077142345496,4404.327142345496,576,1371,974
4402.0703713486455,4401.9453713486455,4402.1953713486455,569,1352,961
4402.5717452199515,4402.3217452199515,4402.8217452199515,1579,2104,1842
4395.670847059134,4395.545847059134,4395.795847059134,1651,1778,1715
4396.354118155234,4396.229118155234,4396.479118155234,689,1354,1022
4395.545216529895,4395.420216529895,4395.670216529895,967,2398,1683
4399.956662722819,4399.831662722819,4400.081662722819,697,1028,863
4407.35386787487,4407.22886787487,4407.47886787487,2195,908,1552
4412.649539140258,4412.399539140258,4412.899539140258,711,1328,1020
4408.84471452875,4408.59471452875,4409.09471452875,1060,1923,1492
4411.326460160571,4410.951460160571,4411.701460160571,1662,1773,1718
4413.805486727946,4413.680486727946,4413.930486727946,628,985,807
4416.33848385803,4416.08848385803,4416.58848385803,1233,2390,1812
4419.543831517108,4419.418831517108,4419.668831517108,1166,1573,1370
4427.501483043377,4427.376483043377,4427.626483043377,1197,544,871
4432.728993534879,4432.603993534879,4432.853993534879,1284,649,967
4433.874584480899,4433.624584480899,4434.124584480899,1231,1642,1437
4431.058312535352,4430.933312535352,4431.183312535352,1542,921,1232
4436.497381782263,4436.372381782263,4436.622381782263,1223,712,968
4440.431314024261,4440.306314024261,4440.556314024261,875,860,868
4437.089294608231,4436.839294608231,4437.339294608231,1918,945,1432
4438.993923766135,4438.868923766135,4439.118923766135,1766,1845,1806
4439.330142786141,4439.205142786141,4439.455142786141,1027,2188,1608
4439.017568081925,4438.767568081925,4439.267568081925,1197,2366,1782
4440.264004264207,4440.139004264207,4440.389004264207,2478,1089,1784
4438.766046934972,4438.641046934972,4438.891046934972,884,1987,1436
4439.646368258102,4439.396368258102,4439.896368258102,1324,1519,1422
4440.963532759682,4440.713532759682,4441.213532759682,958,1401,1180
4439.865257049889,4439.740257049889,4439.990257049889,1402,1905,1654
4439.901304706415,4439.776304706415,4440.026304706415,997,728,863
4438.175937903678,4438.050937903678,4438.300937903678,2292,1663,1978
4436.2750181397305,4436.1500181397305,4436.4000181397305,1247,1636,1442
4436.6286130428625,4436.5036130428625,4436.7536130428625,508,1295,902
4435.445806769502,4435.195806769502,4435.695806769502,1865,1172,1519
4435.910150680369,4435.785150680369,4436.035150680369,998,2191,1595
4434.740008282416,4434.615008282416,4434.865008282416,955,722,839
4437.105500787033,4436.980500787033,4437.230500787033,1851,634,1243
4436.291776360657,4436.166776360657,4436.416776360657,1765,2030,1898
4437.515136275412,4437.390136275412,4437.640136275412,1734,1031,1383
4436.816481046273,4436.441481046273,4437.191481046273,2574,1183,1879
4437.835552955309,4437.710552955309,4437.960552955309,1748,1883,1816
4437.853307491754,4437.728307491754,4437.978307491754,2225,1336,1781
4439.70072972566,4439.57572972566,4439.82572972566,1364,2041,1703
4439.457740962703,4439.082740962703,4439.832740962703,623,1260,942
4440.341868808247,4440.216868808247,4440.466868808247,2535,1042,1789
4440.481292308478,4440.356292308478,4440.606292308478,1432,1347,1390
4439.284202329283,4439.034202329283,4439.534202329283,1365,492,929
4439.618665961254,4439.493665961254,4439.743665961254,1760,643,1202
4438.432327933248,4438.307327933248,4438.557327933248,882,1379,1131
4441.681027585077,4441.431027585077,4441.931027585077,1054,1805,1430
4437.904103264937,4437.654103264937,4438.154103264937,1395,1678,1537
4436.452026597231,4436.327026597231,4436.577026597231,1348,1753,1551
4437.393264535791,4437.268264535791,4437.518264535791,830,1579,1205
4436.341523577779,4436.091523577779,4436.591523577779,612,1081,847
4436.3670090919095,4436.2420090919095,4436.4920090919095,647,1022,835
4435.163968106469,4435.038968106469,4435.288968106469,2111,1672,1892
4436.68121920613,4436.30621920613,4437.05621920613,2184,1323,1754
4436.46964249232,4436.34464249232,4436.59464249232,981,1088,1035
4437.665304118873,4437.415304118873,4437.915304118873,1978,797,1388
4436.548000903438,4436.173000903438,4436.923000903438,1373,1306,1340
4438.6100945068065,4438.4850945068065,4438.7350945068065,1200,1915,1558
4437.868601445619,4437.618601445619,4438.118601445619,687,1368,1028
4436.470223392921,4436.095223392921,4436.845223392921,1408,1199,1304
4436.798135436278,4436.548135436278,4437.048135436278,737,1490,1114
4434.28106309528,4433.90606309528,4434.65606309528,1772,2083,1928
4434.9617802120265,4434.8367802120265,4435.0867802120265,755,918,837
4435.173373019358,4434.923373019358,4435.423373019358,1502,777,1140
4436.1429035328465,4435.7679035328465,4436.5179035328465,2172,737,1455
4435.670314917574,4435.545314917574,4435.795314917574,1862,1047,1455
4436.019020237384,4435.894020237384,4436.144020237384,1028,625,827
4437.414271066887,4437.289271066887,4437.539271066887,1708,1663,1686
4437.214645076951,4437.089645076951,4437.339645076951,728,1917,1323
4436.093567740348,4435.968567740348,4436.218567740348,585,1272,929
4438.50268202955,4438.37768202955,4438.62768202955,1826,1333,1580
4438.514278356834,4438.264278356834,4438.764278356834,1089,2592,1841
4438.199927793556,4437.949927793556,4438.449927793556,1665,2234,1950
4438.805511358912,4438.555511358912,4439.055511358912,2091,1898,1995
4437.546688867494,4437.296688867494,4437.796688867494,1175,2586,1881
4437.826263117086,4437.451263117086,4438.201263117086,1683,900,1292
4439.310119379288,4439.185119379288,4439.435119379288,2326,1061,1694
4439.883279959209,4439.758279959209,4440.008279959209,1883,1454,1669
4439.645855666853,4439.520855666853,4439.770855666853,869,2116,1493
4440.691411611277,4440.566411611277,4440.816411611277,1642,2211,1927
4441.103587718595,4440.978587718595,4441.228587718595,1957,1574,1766
4440.088648991457,4439.963648991457,4440.213648991457,1659,2098,1879
4440.897667171717,4440.772667171717,4441.022667171717,995,1916,1456
4439.378174153703,4439.253174153703,4439.503174153703,1110,1831,1471
4442.676592227675,4442.426592227675,4442.926592227675,2302,1145,1724
4444.095574669603,4443.970574669603,4444.220574669603,1103,640,872
4444.64979447443,4444.52479447443,4444.77479447443,1881,1400,1641
4446.461263261187,4446.336263261187,4446.586263261187,2267,1562,1915
4446.340339306331,4445.965339306331,4446.715339306331,797,1342,1070
4446.8523447143,4446.6023447143,4447.1023447143,1789,1764,1777
4445.707259452204,4445.457259452204,4445.957259452204,1150,571,861
4446.442294037174,4446.317294037174,4446.567294037174,1448,741,1095
4443.729412973813,4443.604412973813,4443.854412973813,531,1258,895
4440.510396248529,4440.260396248529,4440.760396248529,735,1490,1113
4442.119694967802,4441.994694967802,4442.244694967802,740,913,827
4439.542097279305,4439.292097279305,4439.792097279305,680,1279,980
4439.508836600693,4439.258836600693,4439.758836600693,1289,1860,1575
4439.639919128166,4439.389919128166,4439.889919128166,630,1669,1150
4440.6823263797305,4440.4323263797305,4440.9323263797305,1389,744,1067
4438.967239359979,4438.842239359979,4439.092239359979,1303,2182,1743
4440.07396126441,4439.94896126441,4440.19896126441,1535,544,1040
4441.870675562059,4441.745675562059,4441.995675562059,1089,1500,1295
4442.182368472047,4442.057368472047,4442.307368472047,527,1086,807
4443.565887448267,4443.440887448267,4443.690887448267,1987,988,1488
4444.069951909913,4443.944951909913,4444.194951909913,1195,1488,1342
4444.537398112773,4444.287398112773,4444.787398112773,2399,1474,1937
4443.694031342871,4443.569031342871,4443.819031342871,2166,1329,1748
4441.462415404441,4441.337415404441,4441.587415404441,687,1282,985
4442.80157670067,4442.67657670067,4442.92657670067,1132,2259,1696
4444.318883817886,4443.943883817886,4444.693883817886,1737,1322,1530
4443.50432291731,4443.37932291731,4443.62932291731,879,1818,1349
4444.483509917876,4444.233509917876,4444.733509917876,1168,1049,1109
4444.35711886294,4444.10711886294,4444.60711886294,1907,1018,1463
4444.158994319065,4444.033994319065,4444.283994319065,1100,585,843
4442.761901566428,4442.636901566428,4442.886901566428,1682,669,1176
4445.66036167847,4445.41036167847,4445.91036167847,1726,1465,1596
4448.0366516627755,4447.7866516627755,4448.2866516627755,1766,1895,1831
4446.132345353271,4446.007345353271,4446.257345353271,997,1602,1300
4443.713509545171,4443.463509545171,4443.963509545171,1207,1048,1128
4443.107245882091,4442.982245882091,4443.232245882091,502,1449,976
4442.954262596724,4442.829262596724,4443.079262596724,1476,503,990
4441.917765471406,4441.792765471406,4442.042765471406,612,989,801
4440.408402098694,4440.283402098694,4440.533402098694,1951,1304,1628
4439.684412741732,4439.559412741732,4439.809412741732,625,1768,1197
4438.729454777601,4438.479454777601,4438.979454777601,1559,1928,1744
4439.653810692298,4439.528810692298,4439.778810692298,681,2004,1343
4440.629723009393,4440.379723009393,4440.879723009393,846,2045,1446
4438.388683565695,4438.138683565695,4438.638683565695,1586,1421,1504
4436.535265600817,4436.285265600817,4436.785265600817,1694,1823,1759
4436.615551734725,4436.490551734725,4436.740551734725,874,1115,995
4438.12155234258,4437.74655234258,4438.49655234258,1120,565,843
4437.453857635361,4437.203857635361,4437.703857635361,838,1375,1107
4436.792051548926,4436.417051548926,4437.167051548926,1206,2045,1626
4436.920413813855,4436.545413813855,4437.295413813855,1354,765,1060
4439.625157556276,4439.500157556276,4439.750157556276,2037,1784,1911
4440.347423766523,4440.222423766523,4440.472423766523,1469,796,1133
4440.67307906737,4440.54807906737,4440.79807906737,994,1767,1381
4440.868408987283,4440.743408987283,4440.993408987283,801,1420,1111
4439.986130167298,4439.736130167298,4440.236130167298,1501,1686,1594
4440.046568408039,4439.921568408039,4440.171568408039,1422,871,1147
4441.383109779366,4441.133109779366,4441.633109779366,1091,648,870
4440.433137422499,4440.308137422499,4440.558137422499,1127,2400,1764
4440.0177105432285,4439.6427105432285,4440.3927105432285,656,1759,1208
4441.481972237397,4441.356972237397,4441.606972237397,1320,1259,1290
4439.075407270024,4438.950407270024,4439.200407270024,2817,978,1898
4437.722364178827,4437.472364178827,4437.972364178827,1437,1238,1338
4436.620334644057,4436.370334644057,4436.870334644057,1220,719,970
4438.789817069158,4438.664817069158,4438.914817069158,1600,1047,1324
4437.562702285165,4437.437702285165,4437.687702285165,672,1965,1319
4436.090976982982,4435.715976982982,4436.465976982982,1267,1612,1440
4436.547406264467,4436.422406264467,4436.672406264467,2468,1017,1743
4438.570137123763,4438.445137123763,4438.695137123763,1190,2719,1955
4440.004550285027,4439.754550285027,4440.254550285027,1033,1932,1483
4437.967752545393,4437.842752545393,4438.092752545393,1125,788,957
4435.685435573694,4435.560435573694,4435.810435573694,1590,895,1243
4434.026269045093,4433.901269045093,4434.151269045093,860,1111,986
4433.782578737474,4433.532578737474,4434.032578737474,1512,531,1022
4432.698922556642,4432.573922556642,4432.823922556642,1411,1114,1263
4433.587060244271,4433.337060244271,4433.837060244271,1155,558,857
4437.66672592554,4437.54172592554,4437.79172592554,1391,876,1134
4438.784195342869,4438.409195342869,4439.159195342869,663,1056,860
4439.614261418007,4439.239261418007,4439.989261418007,1574,531,1053
4440.591838904976,4440.466838904976,4440.716838904976,1531,1582,1557
4440.948580179563,4440.823580179563,4441.073580179563,1288,727,1008
4441.856301132398,4441.731301132398,4441.981301132398,1097,918,1008
4443.030355043473,4442.905355043473,4443.155355043473,2040,1201,1621
4443.247260691974,4443.122260691974,4443.372260691974,910,2009,1460
4444.0974110154,4443.8474110154,4444.3474110154,534,1549,1042
4444.863101077103,4444.738101077103,4444.988101077103,1226,2471,1849
4444.023623304634,4443.773623304634,4444.273623304634,2242,1653,1948
4444.919815349442,4444.794815349442,4445.044815349442,736,1335,1036
4443.528002224571,4443.403002224571,4443.653002224571,784,1541,1163
4443.049777539291,4442.924777539291,4443.174777539291,964,1027,996
4442.355965093923,4442.230965093923,4442.480965093923,1958,1471,1715
4440.63916279322,4440.51416279322,4440.76416279322,1321,1120,1221
4443.2429361406075,4443.1179361406075,4443.3679361406075,1649,2290,1970
4443.580117109547,4443.455117109547,4443.705117109547,1352,1767,1560
4442.689356707037,4442.564356707037,4442.814356707037,858,1359,1109
4441.334177534055,4441.209177534055,4441.459177534055,1184,1493,1339
4441.893445296551,4441.768445296551,4442.018445296551,774,1515,1145
4442.537498671751,4442.412498671751,4442.662498671751,1771,628,1200
4443.513112149408,4443.388112149408,4443.638112149408,724,1977,1351
4446.117315515643,4445.992315515643,4446.242315515643,644,977,811
4443.584821053148,4443.459821053148,4443.709821053148,554,1105,830
4445.393340012423,4445.268340012423,4445.518340012423,1617,1832,1725
4446.674788683456,4446.549788683456,4446.799788683456,1231,632,932
4447.894632428348,4447.769632428348,4448.019632428348,929,1236,1083
4448.668810187019,4448.418810187019,4448.918810187019,2579,1008,1794
4448.591577910791,4448.466577910791,4448.716577910791,931,1264,1098
4447.260412750209,4447.010412750209,4447.510412750209,1411,1284,1348
4445.261859959235,4445.136859959235,4445.386859959235,510,1353,932
4448.239391624665,4448.114391624665,4448.364391624665,1911,870,1391
4448.318260505078,4447.943260505078,4448.693260505078,2548,1011,1780
4449.9193270059195,4449.7943270059195,4450.0443270059195,1217,2336,1777
4449.501499253299,4449.376499253299,4449.626499253299,2443,902,1673
4450.70435803153,4450.45435803153,4450.95435803153,1421,1482,1452
4450.629367849773,4450.379367849773,4450.879367849773,1666,1811,1739
4450.980017260735,4450.855017260735,4451.105017260735,1892,1345,1619
4450.085994965442,4449.710994965442,4450.460994965442,742,2071,1407
4445.1313931190525,4445.0063931190525,4445.2563931190525,1694,2137,1916
4443.563241740143,4443.438241740143,4443.688241740143,788,2317,1553
4442.492987157767,4442.367987157767,4442.617987157767,993,2320,1657
4442.5895331799065,4442.4645331799065,4442.7145331799065,1070,1063,1067
4443.567428891093,4443.317428891093,4443.817428891093,1778,1157,1468
4443.295760898138,4443.045760898138,4443.545760898138,689,1080,885
4444.11073602886,4443.86073602886,4444.36073602886,1540,1065,1303
4442.771053847762,4442.646053847762,4442.896053847762,1070,1741,1406
4444.776732892036,4444.651732892036,4444.901732892036,1208,751,980
4445.17203184236,4444.92203184236,4445.42203184236,1966,1847,1907
4442.377028475413,4442.252028475413,4442.502028475413,845,862,854
4441.554681644765,4441.179681644765,4441.929681644765,2357,1438,1898
4442.270630140106,4442.145630140106,4442.395630140106,914,751,833
4442.454602424816,4442.329602424816,4442.579602424816,1154,2759,1957
4442.531805004447,4442.406805004447,4442.656805004447,1003,598,801
4441.8567614742815,4441.6067614742815,4442.1067614742815,2158,765,1462
4441.461354182541,4441.336354182541,4441.586354182541,1452,789,1121
4442.224660234867,4441.974660234867,4442.474660234867,951,1506,1229
4439.09110566737,4438.96610566737,4439.21610566737,1970,1061,1516
4443.541169778437,4443.291169778437,4443.791169778437,1733,1698,1716
4442.406470626486,4442.281470626486,4442.531470626486,1204,963,1084
4442.008242919326,4441.883242919326,4442.133242919326,2149,746,1448
4441.439691200634,4441.314691200634,4441.564691200634,2056,773,1415
4441.957137329817,4441.707137329817,4442.207137329817,2597,872,1735
4441.810304858475,4441.685304858475,4441.935304858475,2560,1367,1964
4441.92218783995,4441.67218783995,4442.17218783995,934,1571,1253
4440.565493795057,4440.315493795057,4440.815493795057,1519,1544,1532
4441.950204410724,4441.825204410724,4442.075204410724,1329,2620,1975
4443.788583936976,4443.538583936976,4444.038583936976,2226,997,1612
4442.5118531013295,4442.2618531013295,4442.7618531013295,1542,1111,1327
4441.799643983809,4441.674643983809,4441.924643983809,1007,940,974
4440.942893708933,4440.817893708933,4441.067893708933,1090,1881,1486
4439.072763552219,4438.947763552219,4439.197763552219,596,1305,951
4438.780006330514,4438.655006330514,4438.905006330514,989,1684,1337
4439.097158346576,4438.972158346576,4439.222158346576,696,1181,939
4436.310648994727,4436.185648994727,4436.435648994727,1495,1028,1262
4435.898530933904,4435.648530933904,4436.148530933904,1189,2332,1761
4439.606773383578,4439.356773383578,4439.856773383578,1554,861,1208
4436.289334932399,4436.164334932399,4436.414334932399,2421,944,1683
4431.93983925429,4431.81483925429,4432.06483925429,2757,998,1878
4433.059805940097,4432.809805940097,4433.309805940097,1702,2189,1946
4432.913406907992,4432.788406907992,4433.038406907992,1988,1197,1593
4430.836046873772,4430.711046873772,4430.961046873772,1966,1293,1630
4436.174154401596,4435.924154401596,4436.424154401596,786,1933,1360
4432.612063818741,4432.487063818741,4432.737063818741,1187,2690,1939
4435.630408294376,4435.380408294376,4435.880408294376,1164,2401,1783
4435.487194926431,4435.237194926431,4435.737194926431,1618,611,1115
4434.292607967516,4434.167607967516,4434.417607967516,568,1179,874
4430.886750196708,4430.636750196708,4431.136750196708,1476,703,1090
4428.790743181209,4428.665743181209,4428.915743181209,1462,1057,1260
4430.202564959789,4430.077564959789,4430.327564959789,691,1738,1215
4430.990638351185,4430.615638351185,4431.365638351185,1573,1272,1423
4429.410575470048,4429.285575470048,4429.535575470048,971,1378,1175
4431.313108186974,4430.938108186974,4431.688108186974,1349,2004,1677
4430.594525588686,4430.469525588686,4430.719525588686,1418,1923,1671
4427.391321255937,4427.266321255937,4427.516321255937,1323,1228,1276
4429.193835444321,4428.943835444321,4429.443835444321,1553,1528,1541
4429.061369583179,4428.811369583179,4429.311369583179,1628,1947,1788
4429.305902896088,4429.055902896088,4429.555902896088,1096,2295,1696
4428.12524215975,4427.75024215975,4428.50024215975,1160,2707,1934
4428.1974019924455,4427.9474019924455,4428.4474019924455,1326,543,935
4430.933214513364,4430.808214513364,4431.058214513364,1057,1122,1090
4434.276711284231,4434.151711284231,4434.401711284231,1852,1929,1891
4431.961037062648,4431.836037062648,4432.086037062648,1940,913,1427
4429.82158088927,4429.69658088927,4429.94658088927,1630,645,1138
4430.584891993563,4430.334891993563,4430.834891993563,663,1664,1164
4425.460135274531,4425.210135274531,4425.710135274531,1225,634,930
4423.427263806783,4423.177263806783,4423.677263806783,1284,693,989
4426.678474805252,4426.553474805252,4426.803474805252,915,2036,1476
4429.161253061952,4429.036253061952,4429.286253061952,1622,1275,1449
4428.435907318003,4428.310907318003,4428.560907318003,729,904,817
4424.843458853627,4424.718458853627,4424.968458853627,2051,976,1514
4425.890892808984,4425.765892808984,4426.015892808984,1869,2020,1945
4429.660760644861,4429.535760644861,4429.785760644861,1450,781,1116
4429.832696348136,4429.582696348136,4430.082696348136,2133,1384,1759
4430.485336230381,4430.360336230381,4430.610336230381,912,745,829
4430.431668389241,4430.181668389241,4430.681668389241,1016,2841,1929
4430.510914607315,4430.385914607315,4430.635914607315,1960,1221,1591
4435.189377523218,4435.064377523218,4435.314377523218,1052,2059,1556
4434.637186429448,4434.387186429448,4434.887186429448,907,2228,1568
4437.2178415604585,4437.0928415604585,4437.3428415604585,1528,643,1086
4431.568905266806,4431.443905266806,4431.693905266806,2326,901,1614
4435.915211552741,4435.790211552741,4436.040211552741,770,2123,1447
4435.351789286716,4435.226789286716,4435.476789286716,2664,1227,1946
4433.440737487229,4433.315737487229,4433.565737487229,1599,1606,1603
4432.658150091308,4432.408150091308,4432.908150091308,2830,1059,1945
4436.5226052029575,4436.3976052029575,4436.6476052029575,1228,2101,1665
4433.272136678941,4433.022136678941,4433.522136678941,968,2733,1851
4433.946261215677,4433.821261215677,4434.071261215677,1099,1210,1155
4433.836902124875,4433.586902124875,4434.086902124875,1426,533,980
4430.853208751857,4430.603208751857,4431.103208751857,824,975,900
4427.5091144098305,4427.2591144098305,4427.7591144098305,1208,1431,1320
4428.126051211266,4428.001051211266,4428.251051211266,2228,1121,1675
4427.776741359851,4427.651741359851,4427.901741359851,1737,1026,1382
4429.6028838846305,4429.3528838846305,4429.8528838846305,1233,1796,1515
4427.391324564114,4427.141324564114,4427.641324564114,1028,1793,1411
4426.316568723721,4426.191568723721,4426.441568723721,1201,2354,1778
4429.1199127729005,4428.8699127729005,4429.3699127729005,1992,845,1419
4431.460545692158,4431.335545692158,4431.585545692158,728,1357,1043
4434.492803316471,4434.367803316471,4434.617803316471,1444,1077,1261
4432.257306822104,4432.007306822104,4432.507306822104,722,933,828
4432.805151594568,4432.555151594568,4433.055151594568,1077,644,861
4432.584736948851,4432.459736948851,4432.709736948851,1026,613,820
4432.54180041996,4432.41680041996,4432.66680041996,821,1908,1365
4434.18463939541,4434.05963939541,4434.30963939541,1752,1973,1863
4436.128737877621,4436.003737877621,4436.253737877621,2550,1417,1984
4432.529450986826,4432.404450986826,4432.654450986826,509,1226,868
4432.242684396098,4432.117684396098,4432.367684396098,1693,1734,1714
4433.573669893614,4433.448669893614,4433.698669893614,1142,2277,1710
4432.347951720385,4432.222951720385,4432.472951720385,2736,1117,1927
4434.283322364304,4434.158322364304,4434.408322364304,1608,1347,1478
4435.013172365422,4434.763172365422,4435.263172365422,2488,1105,1797
4435.595939741164,4435.470939741164,4435.720939741164,1740,1133,1437
4433.931011622658,4433.556011622658,4434.306011622658,862,1615,1239
4434.245245526048,4434.120245526048,4434.370245526048,1565,626,1096
4438.885944470028,4438.760944470028,4439.010944470028,1193,2734,1964
4442.558041495041,4442.308041495041,4442.808041495041,2290,1355,1823
4443.628886523908,4443.378886523908,4443.878886523908,656,1165,911
4440.783735940351,4440.408735940351,4441.158735940351,683,1706,1195
4434.316657543525,4434.191657543525,4434.441657543525,2071,1040,1556
4428.393935010359,4428.143935010359,4428.643935010359,1864,871,1368
4429.311919140328,4429.186919140328,4429.436919140328,1426,1253,1340
4429.015457641563,4428.890457641563,4429.140457641563,1405,1268,1337
4429.543139245842,4429.418139245842,4429.668139245842,1660,2023,1842
4428.609550535725,4428.234550535725,4428.984550535725,688,1273,981
4425.7491088148445,4425.4991088148445,4425.9991088148445,2359,1394,1877
4423.448253590393,4423.198253590393,4423.698253590393,902,2247,1575
4425.725588746862,4425.600588746862,4425.850588746862,808,1913,1361
4426.010471877065,4425.635471877065,4426.385471877065,1088,2459,1774
4427.633093983331,4427.508093983331,4427.758093983331,1293,1742,1518
4422.0817957420795,4421.8317957420795,4422.3317957420795,1858,1171,1515
4415.791925053695,4415.666925053695,4415.916925053695,1244,1167,1206
4412.468323695151,4412.343323695151,4412.593323695151,1838,1125,1482
4414.611175541562,4414.361175541562,4414.861175541562,1377,710,1044
4413.616437845705,4413.491437845705,4413.741437845705,2633,1346,1990
4411.03217640317,4410.65717640317,4411.40717640317,1685,1416,1551
4412.869634446522,4412.744634446522,4412.994634446522,674,1497,1086
4411.65516956507,4411.53016956507,4411.78016956507,1052,1193,1123
4409.576390252188,4409.451390252188,4409.701390252188,492,1181,837
4407.989673982119,4407.864673982119,4408.114673982119,1281,1264,1273
4408.1356289007,4407.8856289007,4408.3856289007,1251,1506,1379
4408.091790486745,4407.841790486745,4408.341790486745,2012,1187,1600
4410.394618535742,4410.269618535742,4410.519618535742,695,982,839
4408.63032641192,4408.50532641192,4408.75532641192,1875,1064,1470
4409.738341470452,4409.613341470452,4409.863341470452,1325,954,1140
4409.651330948066,4409.526330948066,4409.776330948066,1896,1091,1494
4406.8193059090945,4406.6943059090945,4406.9443059090945,959,1348,1154
4408.074598482787,4407.824598482787,4408.324598482787,805,974,890
4407.278852640785,4407.153852640785,4407.403852640785,756,883,820
4400.904503791809,4400.529503791809,4401.279503791809,1419,1900,1660
4401.1363010477535,4401.0113010477535,4401.2613010477535,1920,947,1434
4403.000642615636,4402.625642615636,4403.375642615636,1400,497,949
4402.312850225196,4402.062850225196,4402.562850225196,1032,873,953
4405.246531722839,4405.121531722839,4405.371531722839,1502,1299,1401
4399.939439137992,4399.564439137992,4400.314439137992,1811,1094,1453
4394.154435008196,4393.779435008196,4394.529435008196,2668,1033,1851
4397.020911761685,4396.895911761685,4397.145911761685,1084,2479,1782
4399.415000661536,4399.290000661536,4399.540000661536,1312,2365,1839
4397.171053732516,4397.046053732516,4397.296053732516,851,1350,1101
4402.559216156008,4402.309216156008,4402.809216156008,693,1940,1317
4403.10002286074,4402.97502286074,4403.22502286074,707,2078,1393
4405.510193499651,4405.385193499651,4405.635193499651,1210,929,1070
4411.27720446233,4411.15220446233,4411.40220446233,882,1791,1337
4408.199330573731,4408.074330573731,4408.324330573731,1810,1027,1419
4406.182848142082,4406.057848142082,4406.307848142082,2283,1524,1904
4405.795990175139,4405.670990175139,4405.920990175139,1947,694,1321
4407.754741075429,4407.629741075429,4407.879741075429,1369,2452,1911
4404.831401311514,4404.581401311514,4405.081401311514,1249,2344,1797
4408.898996844779,4408.523996844779,4409.273996844779,1320,473,897
4409.03678381994,4408.78678381994,4409.28678381994,1216,2225,1721
4409.435753005313,4409.185753005313,4409.685753005313,1138,705,922
4409.047508247919,4408.797508247919,4409.297508247919,2147,1390,1769
4406.690336105757,4406.565336105757,4406.815336105757,2508,1475,1992
4406.060828188651,4405.810828188651,4406.310828188651,1533,1022,1278
4410.136981876764,4409.886981876764,4410.386981876764,824,1787,1306
4405.773226190007,4405.398226190007,4406.148226190007,1368,2171,1770
4405.194682459441,4405.069682459441,4405.319682459441,1411,1384,1398
4402.28891460186,4402.03891460186,4402.53891460186,1529,1288,1409
4403.412455070694,4403.162455070694,4403.662455070694,1692,575,1134
4402.6187342525745,4402.4937342525745,4402.7437342525745,466,1365,916
4401.534143931923,4401.409143931923,4401.659143931923,1274,727,1001
4401.462150265956,4401.337150265956,4401.587150265956,1183,1658,1421
4402.094379936688,4401.969379936688,4402.219379936688,564,1191,878
4399.977430901917,4399.602430901917,4400.352430901917,1717,936,1327
4399.24242224799,4398.86742224799,4399.61742224799,2728,1053,1891
4400.020237507601,4399.895237507601,4400.145237507601,1042,723,883
4401.821039255173,4401.696039255173,4401.946039255173,2151,1148,1650
4402.607750056996,4402.357750056996,4402.857750056996,1533,1822,1678
4400.963834619099,4400.838834619099,4401.088834619099,2228,869,1549
4402.82094073296,4402.69594073296,4402.94594073296,1414,2521,1968
4400.405382659219,4400.280382659219,4400.530382659219,2207,1302,1755
4400.419303114919,4400.169303114919,4400.669303114919,918,971,945
4399.3049920106,4398.9299920106,4399.6799920106,1613,876,1245
4400.81277272685,4400.68777272685,4400.93777272685,1898,763,1331
4401.026832916206,4400.776832916206,4401.276832916206,1621,1478,1550
4402.61937914825,4402.24437914825,4402.99437914825,1761,1244,1503
4402.8050133657425,4402.5550133657425,4403.0550133657425,1163,880,1022
4395.889205311853,4395.764205311853,4396.014205311853,1415,946,1181
4393.402253385533,4393.277253385533,4393.527253385533,869,820,845
4393.328540018945,4393.078540018945,4393.578540018945,1102,1939,1521
4396.362071224717,4396.237071224717,4396.487071224717,1933,874,1404
4394.655271433861,4394.405271433861,4394.905271433861,1174,1367,1271
4392.5846295112615,4392.3346295112615,4392.8346295112615,1940,1711,1826
4391.289196193893,4391.164196193893,4391.414196193893,1691,788,1240
4390.2338013952985,4389.9838013952985,4390.4838013952985,882,1529,1206
4390.944289797227,4390.694289797227,4391.194289797227,1794,1927,1861
4392.802824660657,4392.677824660657,4392.927824660657,1281,2322,1802
4393.225822155091,4392.975822155091,4393.475822155091,913,2058,1486
4388.1822219127425,4387.9322219127425,4388.4322219127425,1663,2286,1975
4387.173850098238,4387.048850098238,4387.298850098238,1484,617,1051
4385.670972894466,4385.545972894466,4385.795972894466,2226,1595,1911
4384.618367936906,4384.368367936906,4384.868367936906,2157,1342,1750
4387.17489851462,4386.92489851462,4387.42489851462,1522,1655,1589
4388.838143152662,4388.588143152662,4389.088143152662,2110,1849,1980
4388.353717365074,4388.228717365074,4388.478717365074,1539,566,1053
4385.571109182169,4385.446109182169,4385.696109182169,1686,1163,1425
4382.96242233124,4382.83742233124,4383.08742233124,1101,594,848
4376.00628370379,4375.88128370379,4376.13128370379,1308,1835,1572
4377.397303003941,4377.147303003941,4377.647303003941,1705,1378,1542
4381.835168310569,4381.710168310569,4381.960168310569,2612,1155,1884
4375.9809819462125,4375.8559819462125,4376.1059819462125,1290,671,981
4380.746913847088,4380.496913847088,4380.996913847088,1483,1074,1279
4377.974884054703,4377.724884054703,4378.224884054703,830,1389,1110
4372.492530487224,4372.242530487224,4372.742530487224,2049,898,1474
4366.115924159599,4365.990924159599,4366.240924159599,1246,423,835
4370.38479035331,4370.25979035331,4370.50979035331,841,1886,1364
4359.812273073751,4359.437273073751,4360.187273073751,1138,1061,1100
4364.8391832080915,4364.4641832080915,4365.2141832080915,991,1076,1034
4363.8259740838175,4363.5759740838175,4364.0759740838175,1652,909,1281
4366.192211452612,4365.942211452612,4366.442211452612,2101,1364,1733
4366.692985947902,4366.567985947902,4366.817985947902,1466,615,1041
4364.738233062507,4364.613233062507,4364.863233062507,1452,1409,1431
4364.859368666913,4364.734368666913,4364.984368666913,1780,1843,1812
4362.886741986721,4362.761741986721,4363.011741986721,1643,1386,1515
4359.018202314242,4358.643202314242,4359.393202314242,1670,711,1191
4359.231550105441,4359.106550105441,4359.356550105441,1617,1342,1480
4356.11889405025,4355.99389405025,4356.24389405025,2352,849,1601
4363.217563009201,4362.967563009201,4363.467563009201,1391,760,1076
4365.478573039163,4365.103573039163,4365.853573039163,924,1767,1346
4366.6675461229925,4366.5425461229925,4366.7925461229925,1739,1892,1816
4367.534168504475,4367.284168504475,4367.784168504475,2624,1037,1831
4374.045145411544,4373.795145411544,4374.295145411544,1187,412,800
4365.518599508379,4365.268599508379,4365.768599508379,569,1554,1062
4368.179174649157,4367.929174649157,4368.429174649157,2487,1482,1985
4366.998212034174,4366.873212034174,4367.123212034174,573,1494,1034
4370.627196853767,4370.377196853767,4370.877196853767,1872,1729,1801
4375.528129694564,4375.403129694564,4375.653129694564,1197,692,945
4373.840524187862,4373.715524187862,4373.965524187862,1464,1369,1417
4366.62883212105,4366.25383212105,4367.00383212105,1176,815,996
4363.346783384444,4363.221783384444,4363.471783384444,1665,726,1196
4366.967194152834,4366.842194152834,4367.092194152834,842,763,803
4363.628906349395,4363.503906349395,4363.753906349395,1231,1384,1308
4365.24150862444,4364.86650862444,4365.61650862444,949,1284,1117
4361.668360529982,4361.293360529982,4362.043360529982,1107,1628,1368
4364.238368250582,4363.988368250582,4364.488368250582,1159,952,1056
4367.705324521398,4367.580324521398,4367.830324521398,2234,1617,1926
4373.818107132957,4373.693107132957,4373.943107132957,1785,1644,1715
4375.280689892215,4375.030689892215,4375.530689892215,930,1129,1030
4373.10218672791,4372.97718672791,4373.22718672791,2518,1355,1937
4372.242626987937,4371.992626987937,4372.492626987937,1476,2347,1912
4365.774394830944,4365.524394830944,4366.024394830944,628,1335,982
4370.931894950786,4370.806894950786,4371.056894950786,2533,1280,1907
4369.2692031910365,4369.1442031910365,4369.3942031910365,1351,2528,1940
4384.01646334235,4383.89146334235,4384.14146334235,1154,945,1050
4385.90666949456,4385.78166949456,4386.03166949456,1703,1494,1599
4383.241651588658,4382.991651588658,4383.491651588658,1415,914,1165
4381.604316065233,4381.229316065233,4381.979316065233,1740,1919,1830
4374.297031980516,4374.047031980516,4374.547031980516,741,1250,996
4388.173268364403,4387.923268364403,4388.423268364403,1125,836,981
4379.716386505271,4379.341386505271,4380.091386505271,2320,1555,1938
4382.763679057694,4382.638679057694,4382.888679057694,915,1994,1455
4392.1283369160665,4391.7533369160665,4392.5033369160665,1041,1032,1037
4398.324949867967,4398.074949867967,4398.574949867967,2236,831,1534
4405.711713737664,4405.586713737664,4405.836713737664,1227,550,889
4398.6456009699605,4398.5206009699605,4398.7706009699605,1565,2220,1893
4397.129440718111,4397.004440718111,4397.254440718111,1637,2000,1819
4388.787033730857,4388.662033730857,4388.912033730857,1034,2549,1792
4391.2754476145,4391.0254476145,4391.5254476145,2905,1008,1957
4390.770205479618,4390.520205479618,4391.020205479618,1660,827,1244
4390.603609975944,4390.478609975944,4390.728609975944,1321,1630,1476
4397.466328531675,4397.341328531675,4397.591328531675,1113,2880,1997
4403.242474731313,4403.117474731313,4403.367474731313,1713,780,1247
4398.001500203152,4397.876500203152,4398.126500203152,2029,1764,1897
4387.025481712735,4386.775481712735,4387.275481712735,1655,2296,1976
4385.437571167944,4385.187571167944,4385.687571167944,1188,1433,1311
4382.9341117049635,4382.8091117049635,4383.0591117049635,1041,1892,1467
4380.393239300778,4380.268239300778,4380.518239300778,1425,1130,1278
4370.857805952683,4370.607805952683,4371.107805952683,1561,1770,1666
4368.236294754508,4368.111294754508,4368.361294754508,1512,1125,1319
4369.262926433051,4369.137926433051,4369.387926433051,848,1099,974
4366.907724110012,4366.657724110012,4367.157724110012,1074,1479,1277
4370.014951267274,4369.889951267274,4370.139951267274,1460,747,1104
4376.221129512121,4376.096129512121,4376.346129512121,2519,1014,1767
4370.492945376278,4370.367945376278,4370.617945376278,1193,1146,1170
4372.892191493535,4372.767191493535,4373.017191493535,2016,1707,1862
4373.906858320058,4373.656858320058,4374.156858320058,1233,2200,1717
4374.607437390041,4374.357437390041,4374.857437390041,2251,1694,1973
4371.76633946406,4371.64133946406,4371.89133946406,1350,2097,1724
4372.124916946263,4371.999916946263,4372.249916946263,1345,1428,1387
4376.394756278074,4376.144756278074,4376.644756278074,1864,1265,1565
4376.432447027776,4376.307447027776,4376.557447027776,1494,1573,1534
4380.230581913372,4380.105581913372,4380.355581913372,470,1191,831
4384.480290127099,4384.230290127099,4384.730290127099,2131,1356,1744
4386.968375933081,4386.843375933081,4387.093375933081,2482,1053,1768
4391.111281259089,4390.986281259089,4391.236281259089,1580,761,1171
4381.600159219285,4381.475159219285,4381.725159219285,1163,2640,1902
4389.7542917693645,4389.6292917693645,4389.8792917693645,772,2001,1387
4386.880753103658,4386.505753103658,4387.255753103658,1301,872,1087
4393.206130088509,4393.081130088509,4393.331130088509,1013,832,923
4396.70489473289,4396.57989473289,4396.82989473289,1539,2202,1871
4399.14779926262,4399.02279926262,4399.27279926262,645,1798,1222
4398.169674110348,4398.044674110348,4398.294674110348,1547,748,1148
4400.515132721615,4400.390132721615,4400.640132721615,1034,1097,1066
4409.332696346401,4409.207696346401,4409.457696346401,1951,1622,1787
4409.555674413961,4409.430674413961,4409.680674413961,1331,1696,1514
4409.2097665099445,4409.0847665099445,4409.3347665099445,1359,1090,1225
4412.383836291517,4412.133836291517,4412.633836291517,1876,1085,1481
4411.800675315619,4411.675675315619,4411.925675315619,1042,1245,1144
4413.82711696568,4413.70211696568,4413.95211696568,2324,1405,1865
4418.621984270651,4418.496984270651,4418.746984270651,2914,983,1949
4417.219024517991,4417.094024517991,4417.344024517991,2522,1427,1975
4418.274450629826,4418.149450629826,4418.399450629826,1697,1154,1426
4424.025238316342,4423.900238316342,4424.150238316342,1736,2111,1924
4426.16255095397,4425.91255095397,4426.41255095397,1624,1125,1375
4426.013615343539,4425.888615343539,4426.138615343539,2309,900,1605
4430.673096295673,4430.423096295673,4430.923096295673,1422,1509,1466
4426.552165014019,4426.427165014019,4426.677165014019,1043,1362,1203
4426.094708489067,4425.844708489067,4426.344708489067,1583,1632,1608
4430.38088878436,4430.25588878436,4430.50588878436,1880,709,1295
4430.012834872024,4429.887834872024,4430.137834872024,1613,1678,1646
4436.994969763863,4436.744969763863,4437.244969763863,1615,818,1217
4431.099200662166,4430.974200662166,4431.224200662166,1367,856,1112
4435.676942603763,4435.426942603763,4435.926942603763,1037,2712,1875
4439.265443912784,4439.140443912784,4439.390443912784,1887,1620,1754
4449.512584111768,4449.387584111768,4449.637584111768,1387,1290,1339
4447.88152368206,4447.75652368206,4448.00652368206,1481,2186,1834
4451.343376750606,4451.218376750606,4451.468376750606,705,1240,973
4450.959358393179,4450.709358393179,4451.209358393179,941,2456,1699
4454.1511462311155,4453.9011462311155,4454.4011462311155,1677,1718,1698
4456.7939674407235,4456.6689674407235,4456.9189674407235,1773,1242,1508
4451.348545268875,4451.223545268875,4451.473545268875,892,769,831
4446.825698401114,4446.575698401114,4447.075698401114,1540,775,1158
4442.161293708994,4441.911293708994,4442.411293708994,2103,848,1476
4449.853002124213,4449.603002124213,4450.103002124213,1399,2306,1853
4442.627463813991,4442.502463813991,4442.752463813991,1421,1806,1614
4439.792025589222,4439.667025589222,4439.917025589222,1034,787,911
4448.060207474452,4447.935207474452,4448.185207474452,2455,1360,1908
4444.641067705362,4444.391067705362,4444.891067705362,1856,1429,1643
4445.651983134283,4445.526983134283,4445.776983134283,1826,1247,1537
4448.286454413152,4448.161454413152,4448.411454413152,1904,1911,1908
4444.162935591371,4444.037935591371,4444.287935591371,1189,1844,1517
4444.210863297759,4443.960863297759,4444.460863297759,981,714,848
4435.581686382901,4435.456686382901,4435.706686382901,2092,1723,1908
4428.878326761352,4428.753326761352,4429.003326761352,880,1755,1318
4430.359787566073,4429.984787566073,4430.734787566073,1182,811,997
4429.711070341066,4429.586070341066,4429.836070341066,1411,1710,1561
4431.110644225637,4430.985644225637,4431.235644225637,2037,1858,1948
4435.888425367257,4435.763425367257,4436.013425367257,1767,1708,1738
4430.047857654355,4429.797857654355,4430.297857654355,1584,1857,1721
4428.98042970931,4428.85542970931,4429.10542970931,2492,1205,1849
4425.650116016884,4425.275116016884,4426.025116016884,2134,1569,1852
4428.059355334628,4427.934355334628,4428.184355334628,1166,895,1031
4426.2714899858365,4426.1464899858365,4426.3964899858365,568,1091,830
4424.31968483952,4424.19468483952,4424.44468483952,1065,564,815
4421.092593829908,4420.842593829908,4421.342593829908,941,884,913
4423.423610260032,4423.298610260032,4423.548610260032,965,928,947
4418.217487053175,4418.092487053175,4418.342487053175,1577,2308,1943
4417.898600993279,4417.773600993279,4418.023600993279,1770,1583,1677
4413.813934866657,4413.563934866657,4414.063934866657,626,1109,868
4412.399472328452,4412.149472328452,4412.649472328452,1995,1656,1826
4416.017658380296,4415.892658380296,4416.142658380296,1634,1551,1593
4417.482553855654,4417.232553855654,4417.732553855654,2243,872,1558
4412.82394858191,4412.44894858191,4413.19894858191,2928,1025,1977
4403.53628296208,4403.41128296208,4403.66128296208,2365,1408,1887
4407.764060047239,4407.639060047239,4407.889060047239,1031,686,859
4403.161305797955,4402.911305797955,4403.411305797955,2505,1118,1812
4405.671220216296,4405.296220216296,4406.046220216296,828,1539,1184
4404.663199329983,4404.413199329983,4404.913199329983,1759,1208,1484
4398.965290234045,4398.590290234045,4399.340290234045,1398,1853,1626
4394.44640428389,4394.07140428389,4394.82140428389,964,1367,1166
4395.650307172494,4395.525307172494,4395.775307172494,1941,1500,1721
4385.409956195645,4385.284956195645,4385.534956195645,1044,2439,1742
4391.792500348487,4391.417500348487,4392.167500348487,1022,1985,1504
4389.057887963569,4388.932887963569,4389.182887963569,1003,2914,1959
4389.97982236905,4389.85482236905,4390.10482236905,1791,1750,1771
4396.4211700318565,4396.0461700318565,4396.7961700318565,1783,794,1289
4397.725183429341,4397.475183429341,4397.975183429341,759,1018,889
4398.098905890617,4397.723905890617,4398.473905890617,2305,870,1588
4395.2986116840775,4395.1736116840775,4395.4236116840775,1678,1281,1480
4396.396414210411,4396.271414210411,4396.521414210411,1718,771,1245
4389.977377186864,4389.727377186864,4390.227377186864,1158,1291,1225
4397.6968336230175,4397.5718336230175,4397.8218336230175,1885,1226,1556
4389.447445780628,4389.322445780628,4389.572445780628,1851,1168,1510
4394.520516120578,4394.395516120578,4394.645516120578,2027,1108,1568
4389.611576245472,4389.486576245472,4389.736576245472,1198,1049,1124
4385.247495351019,4384.997495351019,4385.497495351019,1304,449,877
4381.371380296066,4381.121380296066,4381.621380296066,1744,1593,1669
4378.152625385895,4378.027625385895,4378.277625385895,836,1295,1066
4374.806823847586,4374.681823847586,4374.931823847586,2691,1110,1901
4377.9612067554945,4377.5862067554945,4378.3362067554945,1209,2762,1986
4375.084013241211,4374.959013241211,4375.209013241211,1572,1321,1447
4381.875191427301,4381.750191427301,4382.000191427301,1807,1916,1862
4381.250086700476,4381.125086700476,4381.375086700476,1930,1549,1740
4375.05214375579,4374.80214375579,4375.30214375579,1446,1555,1501
4379.105206178861,4378.980206178861,4379.230206178861,730,1013,872
4377.47630380686,4377.35130380686,4377.60130380686,1505,1566,1536
4379.134356588209,4378.884356588209,4379.384356588209,1283,2010,1647
4386.8071083286895,4386.6821083286895,4386.9321083286895,1650,1147,1399
4389.949357048361,4389.699357048361,4390.199357048361,2434,1443,1939
4385.086431810056,4384.836431810056,4385.336431810056,1699,670,1185
4379.608136734132,4379.358136734132,4379.858136734132,696,1701,1199
4385.106017527007,4384.731017527007,4385.481017527007,1434,1593,1514
4385.956346080017,4385.831346080017,4386.081346080017,1002,2135,1569
4388.490907792576,4388.365907792576,4388.615907792576,1104,1613,1359
4392.263436891732,4392.138436891732,4392.388436891732,1718,2085,1902
4385.685626403659,4385.310626403659,4386.060626403659,726,1273,1000
4389.838771064367,4389.713771064367,4389.963771064367,581,1154,868
4390.6101549252435,4390.4851549252435,4390.7351549252435,752,945,849
4393.438156428379,4393.313156428379,4393.563156428379,651,1208,930
4391.483126464137,4391.233126464137,4391.733126464137,1640,1835,1738
4393.469774389039,4393.344774389039,4393.594774389039,2147,1690,1919
4392.97878118571,4392.60378118571,4393.35378118571,2202,1249,1726
4397.860239283036,4397.735239283036,4397.985239283036,694,1561,1128
4396.938883398456,4396.813883398456,4397.063883398456,939,918,929
4394.276266835595,4393.901266835595,4394.651266835595,1457,2114,1786
4392.5126197672635,4392.2626197672635,4392.7626197672635,1990,699,1345
4387.089610853421,4386.964610853421,4387.214610853421,716,1179,948
4385.872186228566,4385.622186228566,4386.122186228566,2079,1136,1608
4384.9684185792385,4384.8434185792385,4385.0934185792385,531,1358,945
4390.021793845006,4389.771793845006,4390.271793845006,1276,689,983
4390.519748088354,4390.269748088354,4390.769748088354,1414,1333,1374
4394.682087741964,4394.307087741964,4395.057087741964,1398,497,948
4400.393938692518,4400.268938692518,4400.518938692518,938,837,888
4400.144607878043,4400.019607878043,4400.269607878043,1998,1249,1624
4402.812417809464,4402.562417809464,4403.062417809464,1153,2404,1779
4400.837448608003,4400.712448608003,4400.962448608003,2526,969,1748
4396.967265473241,4396.842265473241,4397.092265473241,1158,1671,1415
4397.66571973929,4397.54071973929,4397.79071973929,621,1412,1017
4403.338064809613,4403.213064809613,4403.463064809613,837,1018,928
4399.478000145163,4399.228000145163,4399.728000145163,1026,1945,1486
4397.798294597396,4397.548294597396,4398.048294597396,690,1803,1247
4390.901303195465,4390.651303195465,4391.151303195465,1671,1798,1735
4381.526179587503,4381.401179587503,4381.651179587503,948,1147,1048
4388.863481819694,4388.738481819694,4388.988481819694,2021,894,1458
4390.553852039535,4390.178852039535,4390.928852039535,760,1099,930
4398.111854497281,4397.986854497281,4398.236854497281,1059,920,990
4395.471324533115,4395.096324533115,4395.846324533115,1995,1070,1533
4394.928375435731,4394.678375435731,4395.178375435731,2001,1252,1627
4398.039473610644,4397.789473610644,4398.289473610644,1892,1573,1733
4394.4611422107555,4394.3361422107555,4394.5861422107555,531,1342,937
4397.7874457353055,4397.6624457353055,4397.9124457353055,792,1701,1247
4394.072567155829,4393.947567155829,4394.197567155829,868,2311,1590
4395.021346861956,4394.771346861956,4395.271346861956,814,1527,1171
4399.976381567791,4399.851381567791,4400.101381567791,1386,601,994
4392.784109634443,4392.409109634443,4393.159109634443,1345,462,904
4396.286873151715,4396.161873151715,4396.411873151715,2484,1291,1888
4392.202486617083,4392.077486617083,4392.327486617083,637,1212,925
4386.162893344348,4386.037893344348,4386.287893344348,480,1355,918
4381.402894353938,4381.277894353938,4381.527894353938,1244,2283,1764
4373.382665631231,4373.132665631231,4373.632665631231,1399,1724,1562
4375.227645927973,4374.977645927973,4375.477645927973,1222,479,851
4372.709080791381,4372.584080791381,4372.834080791381,731,1526,1129
4375.425890909019,4375.300890909019,4375.550890909019,2233,776,1505
4378.1863635598465,4377.8113635598465,4378.5613635598465,881,1144,1013
4377.441829247205,4377.191829247205,4377.691829247205,744,1113,929
4374.243615290596,4374.118615290596,4374.368615290596,1794,1215,1505
4371.900266138104,4371.775266138104,4372.025266138104,867,1284,1076
4368.602719307446,4368.477719307446,4368.727719307446,2350,1003,1677
4366.723391781664,4366.598391781664,4366.848391781664,1920,975,1448
4367.646664980115,4367.521664980115,4367.771664980115,1152,465,809
4369.04798340243,4368.92298340243,4369.17298340243,1455,1904,1680
4370.686693514813,4370.436693514813,4370.936693514813,1043,1256,1150
4375.104737404329,4374.854737404329,4375.354737404329,1402,2449,1926
4372.168001322645,4371.793001322645,4372.543001322645,581,1418,1000
4372.445511870058,4372.320511870058,4372.570511870058,1102,893,998
4375.720809613585,4375.595809613585,4375.845809613585,966,825,896
4372.787460724471,4372.662460724471,4372.912460724471,2014,853,1434
4371.31400445793,4371.06400445793,4371.56400445793,1461,1646,1554
4367.119777878457,4366.994777878457,4367.244777878457,1252,651,952
4366.553628106722,4366.428628106722,4366.678628106722,2452,1127,1790
4364.198144809426,4364.073144809426,4364.323144809426,1315,1466,1391
4365.164192622191,4364.789192622191,4365.539192622191,743,1740,1242
4363.606415824152,4363.481415824152,4363.731415824152,1645,1916,1781
4361.049458030874,4360.924458030874,4361.174458030874,843,1188,1016
4360.767534574235,4360.392534574235,4361.142534574235,790,1545,1168
4364.441839530342,4364.316839530342,4364.566839530342,1142,691,917
4359.614281714616,4359.489281714616,4359.739281714616,1688,911,1300
4362.574105261834,4362.449105261834,4362.699105261834,645,1134,890
4359.565136192018,4359.315136192018,4359.815136192018,920,923,922
4361.298405193639,4361.173405193639,4361.423405193639,839,1786,1313
4359.483477915551,4359.358477915551,4359.608477915551,2035,1626,1831
4361.904213933941,4361.654213933941,4362.154213933941,1152,2805,1979
4363.2030534277865,4363.0780534277865,4363.3280534277865,1010,2355,1683
4357.163363304512,4357.038363304512,4357.288363304512,566,1325,946
4354.848041912229,4354.723041912229,4354.973041912229,1698,1661,1680
4354.579268864714,4354.454268864714,4354.704268864714,1802,1443,1623
4353.592972510565,4353.217972510565,4353.967972510565,796,1507,1152
4353.022848382955,4352.897848382955,4353.147848382955,489,1214,852
4349.3273188473195,4349.2023188473195,4349.4523188473195,605,1426,1016
4347.362642884943,4347.237642884943,4347.487642884943,1727,1386,1557
4353.037021503253,4352.912021503253,4353.162021503253,2705,994,1850
4356.472093453294,4356.222093453294,4356.722093453294,1974,1489,1732
4351.527554575101,4351.402554575101,4351.652554575101,640,1131,886
4349.859012137574,4349.609012137574,4350.109012137574,696,1071,884
4350.306545939856,4350.181545939856,4350.431545939856,1367,1312,1340
4348.795677867581,4348.670677867581,4348.920677867581,1367,1150,1259
4347.509686138274,4347.384686138274,4347.634686138274,1040,2723,1882
4350.4118256078655,4350.1618256078655,4350.6618256078655,1431,488,960
4349.72184359587,4349.34684359587,4350.09684359587,1857,1814,1836
4352.028681040257,4351.653681040257,4352.403681040257,1524,2299,1912
4352.834009985418,4352.459009985418,4353.209009985418,666,1173,920
4357.0970330949585,4356.8470330949585,4357.3470330949585,904,929,917
4351.65688725228,4351.40688725228,4351.90688725228,1261,1084,1173
4354.411382410012,4354.286382410012,4354.536382410012,757,1030,894
4356.919695908187,4356.794695908187,4357.044695908187,825,1932,1379
4353.91305236875,4353.78805236875,4354.03805236875,968,2651,1810
4354.996378960118,4354.871378960118,4355.121378960118,1944,1411,1678
4349.3422734761725,4349.0922734761725,4349.5922734761725,642,1375,1009
4345.08733125271,4344.96233125271,4345.21233125271,1869,986,1428
4348.265474945212,4348.140474945212,4348.390474945212,1098,713,906
4353.8860509363385,4353.7610509363385,4354.0110509363385,2505,894,1700
4354.962775665117,4354.837775665117,4355.087775665117,1699,846,1273
4354.236081934516,4353.986081934516,4354.486081934516,1182,1175,1179
4354.886951252648,4354.636951252648,4355.136951252648,1837,646,1242
4356.676578089506,4356.551578089506,4356.801578089506,1517,1660,1589
4356.769885481755,4356.644885481755,4356.894885481755,627,1472,1050
4356.873228711513,4356.748228711513,4356.998228711513,2041,1370,1706
4355.560581358013,4355.435581358013,4355.685581358013,1989,972,1481
4357.193502369645,4357.068502369645,4357.318502369645,642,1073,858
4355.673798232456,4355.548798232456,4355.798798232456,1914,951,1433
4359.929285227533,4359.804285227533,4360.054285227533,2218,1535,1877
4361.354441818756,4361.229441818756,4361.479441818756,2005,730,1368
4362.679679609667,4362.429679609667,4362.929679609667,1084,1605,1345
4368.534639946749,4368.409639946749,4368.659639946749,2018,1673,1846
4372.032466192923,4371.907466192923,4372.157466192923,854,745,800
4372.050154971829,4371.925154971829,4372.175154971829,971,1350,1161
4368.901922565495,4368.776922565495,4369.026922565495,1655,1534,1595
4373.627003897073,4373.502003897073,4373.752003897073,1159,1612,1386
4381.590989275139,4381.340989275139,4381.840989275139,825,1180,1003
4379.369392704784,4379.244392704784,4379.494392704784,1143,2424,1784
4376.978572118639,4376.603572118639,4377.353572118639,903,1460,1182
4382.752573524546,4382.502573524546,4383.002573524546,1340,541,941
4386.828219386187,4386.578219386187,4387.078219386187,1187,420,804
4392.223263306344,4392.098263306344,4392.348263306344,1926,1959,1943
4392.167849908194,4391.917849908194,4392.417849908194,1285,2680,1983
4392.70010072432,4392.45010072432,4392.95010072432,649,1362,1006
4396.8291576274605,4396.5791576274605,4397.0791576274605,2558,1413,1986
4401.650037304302,4401.400037304302,4401.900037304302,885,1562,1224
4397.9329817094895,4397.8079817094895,4398.0579817094895,1418,557,988
4392.63987193552,4392.38987193552,4392.88987193552,1784,951,1368
4393.391851305893,4393.266851305893,4393.516851305893,505,1276,891
4399.5904470311925,4399.3404470311925,4399.8404470311925,1255,1884,1570
4407.648258486934,4407.523258486934,4407.773258486934,1993,1940,1967
4403.217325500987,4403.092325500987,4403.342325500987,2893,1020,1957
4400.50274208202,4400.37774208202,4400.62774208202,1065,570,818
4398.711876051567,4398.586876051567,4398.836876051567,458,1275,867
4401.788715163351,4401.663715163351,4401.913715163351,1187,450,819
4403.8350467749515,4403.7100467749515,4403.9600467749515,1034,1841,1438
4407.517865669712,4407.267865669712,4407.767865669712,1242,1965,1604
4402.967109362604,4402.717109362604,4403.217109362604,1381,850,1116
4397.432117578784,4397.307117578784,4397.557117578784,2617,1096,1857
4396.777005768893,4396.652005768893,4396.902005768893,2784,1055,1920
4396.435744456961,4396.185744456961,4396.685744456961,1095,704,900
4394.7083015305825,4394.5833015305825,4394.8333015305825,1571,2290,1931
4398.411451035768,4398.036451035768,4398.786451035768,975,1182,1079
4394.7644862733,4394.5144862733,4395.0144862733,1150,1547,1349
4395.88552288921,4395.51052288921,4396.26052288921,1374,1667,1521
4392.378142027944,4392.128142027944,4392.628142027944,773,1854,1314
4394.384563354851,4394.134563354851,4394.634563354851,1154,1927,1541
4396.795447433965,4396.670447433965,4396.920447433965,2219,1772,1996
4399.322407876757,4399.072407876757,4399.572407876757,2222,1615,1919
4404.170142957529,4404.045142957529,4404.295142957529,1700,1593,1647
4408.0182071796535,4407.7682071796535,4408.2682071796535,1885,1042,1464
4407.560955553841,4407.435955553841,4407.685955553841,1119,2080,1600
4406.412089245766,4406.037089245766,4406.787089245766,2466,893,1680
4408.195274816825,4408.070274816825,4408.320274816825,2417,1490,1954
4407.115169409465,4406.865169409465,4407.365169409465,820,1759,1290
4413.172603596436,4412.922603596436,4413.422603596436,534,1101,818
4409.189266801008,4409.064266801008,4409.314266801008,1157,816,987
4406.743705809108,4406.493705809108,4406.993705809108,791,2292,1542
4409.981762085342,4409.731762085342,4410.231762085342,978,645,812
4409.16119840818,4409.03619840818,4409.28619840818,802,1019,911
4410.383340830038,4410.258340830038,4410.508340830038,1608,913,1261
4412.099992233361,4411.724992233361,4412.474992233361,2061,1874,1968
4409.598720043782,4409.473720043782,4409.723720043782,721,1120,921
4405.55052946171,4405.17552946171,4405.92552946171,1579,1342,1461
4406.860810244653,4406.610810244653,4407.110810244653,1169,1894,1532
4404.066493815503,4403.941493815503,4404.191493815503,1764,1521,1643
4403.0685908712285,4402.8185908712285,4403.3185908712285,2657,982,1820
4403.564357191392,4403.189357191392,4403.939357191392,1947,938,1443
4398.7080714811955,4398.5830714811955,4398.8330714811955,1307,1118,1213
4396.801994491146,4396.426994491146,4397.176994491146,1638,685,1162
4399.454546577286,4399.329546577286,4399.579546577286,1406,823,1115
4405.507787906025,4405.382787906025,4405.632787906025,1318,1191,1255
4404.752896072613,4404.377896072613,4405.127896072613,1214,431,823
4406.025893146104,4405.900893146104,4406.150893146104,2125,790,1458
4404.678063103129,4404.553063103129,4404.803063103129,729,1638,1184
4409.527417039459,4409.402417039459,4409.652417039459,1699,2130,1915
4403.467285525328,4403.342285525328,4403.592285525328,1073,1102,1088
4404.5551285727,4404.4301285727,4404.6801285727,2400,1199,1800
4404.142744598919,4404.017744598919,4404.267744598919,2236,1211,1724
4405.837800481635,4405.712800481635,4405.962800481635,912,2301,1607
4411.295985808921,4411.170985808921,4411.420985808921,2154,1687,1921
4406.140602625171,4406.015602625171,4406.265602625171,1784,1809,1797
4411.491229295024,4411.366229295024,4411.616229295024,1549,1946,1748
4413.088982982362,4412.963982982362,4413.213982982362,1086,1103,1095
4415.454699812869,4415.329699812869,4415.579699812869,856,2167,1512
4410.6562603159355,4410.5312603159355,4410.7812603159355,1494,1203,1349
4409.859438393391,4409.734438393391,4409.984438393391,825,800,813
4413.385408560332,4413.010408560332,4413.760408560332,2064,1727,1896
4415.757858116543,4415.632858116543,4415.882858116543,1659,2156,1908
4414.596666314782,4414.346666314782,4414.846666314782,1410,1259,1335
4411.928073116149,4411.803073116149,4412.053073116149,920,1835,1378
4404.772267153501,4404.397267153501,4405.147267153501,1365,2218,1792
4410.461560070834,4410.336560070834,4410.586560070834,2681,1096,1889
4409.0275033247435,4408.9025033247435,4409.1525033247435,564,1047,806
4400.2964761772555,4400.1714761772555,4400.4214761772555,1918,1181,1550
4399.736815347302,4399.611815347302,4399.861815347302,883,832,858
4397.30621970476,4397.05621970476,4397.55621970476,2967,1020,1994
4393.41760173922,4393.29260173922,4393.54260173922,1461,912,1187
4395.003219206286,4394.628219206286,4395.378219206286,1545,574,1060
4399.574550938196,4399.449550938196,4399.699550938196,811,1662,1237
4405.161397158615,4404.911397158615,4405.411397158615,1623,966,1295
4405.078878197851,4404.953878197851,4405.203878197851,628,1337,983
4403.8413732452345,4403.7163732452345,4403.9663732452345,2315,1460,1888
4402.751017760172,4402.626017760172,4402.876017760172,806,1951,1379
4405.831349923605,4405.581349923605,4406.081349923605,1023,1740,1382
4406.0793714796655,4405.9543714796655,4406.2043714796655,1281,750,1016
4403.433261584938,4403.183261584938,4403.683261584938,1545,2022,1784
4403.536452723711,4403.286452723711,4403.786452723711,821,1736,1279
4406.188507268767,4406.063507268767,4406.313507268767,1736,747,1242
4410.718526401872,4410.593526401872,4410.843526401872,1679,2262,1971
4405.273134707765,4404.898134707765,4405.648134707765,1637,1024,1331
4404.847311614138,4404.597311614138,4405.097311614138,1319,552,936
4402.965215317929,4402.715215317929,4403.215215317929,1029,2306,1668
4401.201355696037,4401.076355696037,4401.326355696037,1121,586,854
4397.458248159148,4397.333248159148,4397.583248159148,984,1519,1252
4397.939223206241,4397.814223206241,4398.064223206241,661,1546,1104
4400.674554999602,4400.424554999602,4400.924554999602,718,1917,1318
4398.645714005258,4398.520714005258,4398.770714005258,881,1290,1086
4398.416882468162,4398.291882468162,4398.541882468162,639,962,801
4399.565222058666,4399.440222058666,4399.690222058666,945,1128,1037
4392.530205299153,4392.405205299153,4392.655205299153,929,2534,1732
4395.714057279391,4395.589057279391,4395.839057279391,1559,2392,1976
4394.04755333151,4393.92255333151,4394.17255333151,904,1271,1088
4397.267592804071,4397.142592804071,4397.392592804071,874,1159,1017
4395.655900340571,4395.530900340571,4395.780900340571,1265,2140,1703
4395.1237977213705,4394.9987977213705,4395.2487977213705,1640,1671,1656
4398.20782583175,4398.08282583175,4398.33282583175,1029,826,928
4399.309220130156,4399.184220130156,4399.434220130156,537,1514,1026
4395.619071206586,4395.369071206586,4395.869071206586,2896,1021,1959
4392.147212142456,4391.897212142456,4392.397212142456,786,1563,1175
4398.946822920108,4398.696822920108,4399.196822920108,1865,1564,1715
4395.166598972307,4394.916598972307,4395.416598972307,1186,2753,1970
4396.2521917006925,4396.0021917006925,4396.5021917006925,2512,1257,1885
4398.687576395737,4398.562576395737,4398.812576395737,1930,1975,1953
4391.691929352331,4391.566929352331,4391.816929352331,1193,2558,1876
4392.473054566725,4392.348054566725,4392.598054566725,1144,1717,1431
4395.549216781894,4395.424216781894,4395.674216781894,1841,2092,1967
4395.534770051729,4395.409770051729,4395.659770051729,924,2151,1538
4393.472242337645,4393.347242337645,4393.597242337645,1036,657,847
4396.706794947653,4396.581794947653,4396.831794947653,1272,1971,1622
4393.361925137847,4393.111925137847,4393.611925137847,589,1382,986
4391.487490253362,4391.362490253362,4391.612490253362,792,1983,1388
4393.430391441507,4393.055391441507,4393.805391441507,1198,2321,1760
4400.760485139822,4400.510485139822,4401.010485139822,1097,1188,1143
4399.612797400708,4399.487797400708,4399.737797400708,1833,882,1358
4401.688172106848,4401.438172106848,4401.938172106848,1671,666,1169
4397.620762390155,4397.370762390155,4397.870762390155,653,1214,934
4402.166364455819,4402.041364455819,4402.291364455819,1717,1508,1613
4401.96796987679,4401.59296987679,4402.34296987679,734,1485,1110
4400.592765748186,4400.467765748186,4400.717765748186,1157,630,894
4402.892434595358,4402.642434595358,4403.142434595358,539,1122,831
4396.9253012629515,4396.6753012629515,4397.1753012629515,1030,683,857
4396.251886254107,4395.876886254107,4396.626886254107,2849,1018,1934
4395.686483717193,4395.436483717193,4395.936483717193,1211,2728,1970
4394.3763660360255,4394.0013660360255,4394.7513660360255,1261,1290,1276
4397.883139221876,4397.758139221876,4398.008139221876,1431,2084,1758
4400.592847399631,4400.467847399631,4400.717847399631,2299,1310,1805
4397.678847338373,4397.553847338373,4397.803847338373,2713,976,1845
4393.30356144238,4393.05356144238,4393.55356144238,2071,1484,1778
4395.342583052889,4395.217583052889,4395.467583052889,986,2565,1776
4399.525724651105,4399.400724651105,4399.650724651105,1315,974,1145
4402.182498375678,4401.932498375678,4402.432498375678,2666,1311,1989
4407.114584161614,4406.989584161614,4407.239584161614,1308,1037,1173
4405.608535588506,4405.483535588506,4405.733535588506,1377,912,1145
4403.178748046984,4403.053748046984,4403.303748046984,1508,545,1027
4402.50200774257,4402.37700774257,4402.62700774257,2156,1121,1639
4403.151892695737,4403.026892695737,4403.276892695737,2332,1161,1747
4402.632884608061,4402.507884608061,4402.757884608061,2253,1322,1788
4407.23373820688,4407.10873820688,4407.35873820688,1545,1650,1598
4408.010922580251,4407.760922580251,4408.260922580251,1826,873,1350
4408.101733262403,4407.976733262403,4408.226733262403,1918,1507,1713
4410.637542765784,4410.387542765784,4410.887542765784,2160,979,1570
4408.351863347647,4407.976863347647,4408.726863347647,1677,1842,1760
4414.748468072853,4414.623468072853,4414.873468072853,830,933,882
4408.073070072677,4407.823070072677,4408.323070072677,1229,1324,1277
4405.002718741957,4404.877718741957,4405.127718741957,795,1316,1056
4407.941507571517,4407.816507571517,4408.066507571517,1382,1241,1312
4415.186433258364,4415.061433258364,4415.311433258364,1437,2348,1893
4411.9511829226485,4411.7011829226485,4412.2011829226485,2558,985,1772
4411.198650844377,4411.073650844377,4411.323650844377,832,1397,1115
4411.266068523876,4411.141068523876,4411.391068523876,2670,1215,1943
4409.860866718723,4409.610866718723,4410.110866718723,2593,1034,1814
4409.934238141153,4409.809238141153,4410.059238141153,1343,2456,1900
4405.906214689578,4405.781214689578,4406.031214689578,538,1521,1030
4400.259685031023,4400.009685031023,4400.509685031023,2212,971,1592
4403.864199209092,4403.739199209092,4403.989199209092,1106,905,1006
4408.481599697877,4408.106599697877,4408.856599697877,1279,1624,1452
4402.876903665999,4402.501903665999,4403.251903665999,1552,2123,1838
4407.323006961067,4407.198006961067,4407.448006961067,956,2773,1865
4406.337104129652,4406.212104129652,4406.462104129652,2052,1851,1952
4400.862889163891,4400.737889163891,4400.987889163891,709,1366,1038
4404.495920213146,4404.245920213146,4404.745920213146,1132,2565,1849
4403.311814858637,4403.061814858637,4403.561814858637,747,1948,1348
4402.941830290302,4402.691830290302,4403.191830290302,856,1391,1124
4406.996733137012,4406.871733137012,4407.121733137012,1200,515,858
4410.35357853491,4410.22857853491,4410.47857853491,1224,2699,1962
4413.761819924706,4413.636819924706,4413.886819924706,1098,1835,1467
4413.25605004842,4413.13105004842,4413.38105004842,1065,704,885
4412.362476979245,4412.237476979245,4412.487476979245,1095,2230,1663
4408.889011965694,4408.639011965694,4409.139011965694,1421,674,1048
4410.965233949473,4410.715233949473,4411.215233949473,792,949,871
4405.826320645141,4405.576320645141,4406.076320645141,1746,767,1257
4407.269914665615,4407.019914665615,4407.519914665615,1238,1293,1266
4416.026727518802,4415.901727518802,4416.151727518802,1829,1988,1909
4416.239124343417,4415.989124343417,4416.489124343417,1400,521,961
4416.583527568605,4416.458527568605,4416.708527568605,1824,1567,1696
4420.084990068101,4419.834990068101,4420.334990068101,647,1364,1006
4419.917025555047,4419.792025555047,4420.042025555047,1209,2228,1719
4420.588655518555,4420.338655518555,4420.838655518555,955,1364,1160
4418.075789556599,4417.825789556599,4418.325789556599,1077,574,826
4417.223538618005,4417.098538618005,4417.348538618005,1826,1155,1491
4413.237494307325,4413.112494307325,4413.362494307325,2607,1052,1830
4412.5871640968235,4412.4621640968235,4412.7121640968235,414,1229,822
4414.38220515958,4414.13220515958,4414.63220515958,636,1093,865
4409.991887677242,4409.741887677242,4410.241887677242,1317,2210,1764
4408.9594687492645,4408.7094687492645,4409.2094687492645,1064,1537,1301
4407.04125300337,4406.91625300337,4407.16625300337,1079,1750,1415
4408.155593154873,4408.030593154873,4408.280593154873,1470,1091,1281
4403.175593476576,4403.050593476576,4403.300593476576,1611,1286,1449
4404.4813109082215,4404.3563109082215,4404.6063109082215,1586,1141,1364
4405.626757736133,4405.501757736133,4405.751757736133,1786,1575,1681
4406.546826369101,4406.296826369101,4406.796826369101,1019,960,990
4400.419901912009,4400.294901912009,4400.544901912009,1154,1547,1351
4401.708220785638,4401.583220785638,4401.833220785638,1410,637,1024
4400.32163698981,4400.19663698981,4400.44663698981,1047,1612,1330
4401.33551440635,4401.21051440635,4401.46051440635,1386,1309,1348
4399.138106761332,4399.013106761332,4399.263106761332,533,1598,1066
4398.859868685135,4398.609868685135,4399.109868685135,1192,987,1090
4402.550422788315,4402.425422788315,4402.675422788315,1937,1946,1942
4403.933290056957,4403.808290056957,4404.058290056957,1060,2017,1539
4398.805674651512,4398.680674651512,4398.930674651512,2398,1447,1923
4400.29979634309,4400.17479634309,4400.42479634309,1867,952,1410
4399.5521247386405,4399.4271247386405,4399.6771247386405,1031,1056,1044
4403.241110135649,4403.116110135649,4403.366110135649,1491,1672,1582
4403.247690595347,4403.122690595347,4403.372690595347,1749,1976,1863
4406.269452904942,4406.144452904942,4406.394452904942,1609,736,1173
4408.336669834719,4408.211669834719,4408.461669834719,944,2433,1689
4409.605823696073,4409.480823696073,4409.730823696073,2704,1041,1873
4405.793882316117,4405.668882316117,4405.918882316117,1879,900,1390
4402.824090365165,4402.574090365165,4403.074090365165,848,1665,1257
4399.406451966658,4399.281451966658,4399.531451966658,780,1475,1128
4401.231812287779,4401.106812287779,4401.356812287779,1985,936,1461
4403.465167932234,4403.340167932234,4403.590167932234,1111,2872,1992
4404.293784716276,4404.043784716276,4404.543784716276,1274,2351,1813
4400.264956499172,4400.139956499172,4400.389956499172,1230,2503,1867
4403.863600923656,4403.613600923656,4404.113600923656,1345,2298,1822
4415.8317137819095,4415.5817137819095,4416.0817137819095,1227,1996,1612
4415.2663786930225,4414.8913786930225,4415.6413786930225,1291,792,1042
4418.189843132549,4417.939843132549,4418.439843132549,1901,684,1293
4414.735473562911,4414.610473562911,4414.860473562911,1319,988,1154
4413.401095056318,4413.151095056318,4413.651095056318,823,2394,1609
4417.386620797257,4417.261620797257,4417.511620797257,1428,679,1054
4417.473520542955,4417.223520542955,4417.723520542955,1080,2309,1695
4412.067224706576,4411.692224706576,4412.442224706576,1141,878,1010
4413.661707655909,4413.286707655909,4414.036707655909,882,1545,1214
4410.806498473477,4410.681498473477,4410.931498473477,2500,1479,1990
4407.036925933421,4406.786925933421,4407.286925933421,1699,976,1338
4408.610634557441,4408.485634557441,4408.735634557441,1948,1379,1664
4407.490107658846,4407.365107658846,4407.615107658846,2216,1129,1673
4406.879642193693,4406.754642193693,4407.004642193693,1481,914,1198
4408.889996801858,4408.639996801858,4409.139996801858,1029,1654,1342
4408.311357050996,4408.186357050996,4408.436357050996,1822,1447,1635
4411.496274803131,4411.371274803131,4411.621274803131,1133,646,890
4410.129194274827,4409.879194274827,4410.379194274827,1289,2296,1793
4409.830123072715,4409.580123072715,4410.080123072715,2133,1154,1644
4413.266604249468,4413.141604249468,4413.391604249468,1274,689,982
4413.334655170864,4412.959655170864,4413.709655170864,1571,2060,1816
4412.769501756998,4412.644501756998,4412.894501756998,1136,1351,1244
4412.055833508262,4411.805833508262,4412.305833508262,2874,1103,1989
4409.7531271372745,4409.5031271372745,4410.0031271372745,895,946,921
4414.955319198984,4414.830319198984,4415.080319198984,856,1327,1092
4414.946357862424,4414.821357862424,4415.071357862424,784,1389,1087
4417.827583736754,4417.702583736754,4417.952583736754,688,1545,1117
4422.065201720777,4421.815201720777,4422.315201720777,1008,2689,1849
4415.475138275343,4415.350138275343,4415.600138275343,1232,733,983
4416.12092112281,4415.87092112281,4416.37092112281,752,901,827
4415.335149477203,4415.210149477203,4415.460149477203,1527,894,1211
4413.695949742356,4413.570949742356,4413.820949742356,840,883,862
4420.445535945204,4420.320535945204,4420.570535945204,1185,620,903
4424.755181836979,4424.630181836979,4424.880181836979,2014,799,1407
4420.54047028649,4420.29047028649,4420.79047028649,1611,776,1194
4420.650300113143,4420.400300113143,4420.900300113143,2170,1609,1890
4422.099879143802,4421.974879143802,4422.224879143802,779,1116,948
4419.157665787704,4418.907665787704,4419.407665787704,1911,1918,1915
4418.095618420855,4417.970618420855,4418.220618420855,1348,655,1002
4415.013635994369,4414.888635994369,4415.138635994369,868,2133,1501
4419.560241847672,4419.310241847672,4419.810241847672,734,957,846
4422.473087651466,4422.223087651466,4422.723087651466,1683,2036,1860
4424.072469268141,4423.947469268141,4424.197469268141,1811,846,1329
4425.7510148223955,4425.3760148223955,4426.1260148223955,1985,1334,1660
4428.853330325293,4428.728330325293,4428.978330325293,1188,1635,1412
4427.472453774886,4427.347453774886,4427.597453774886,1077,2086,1582
4427.894807671662,4427.769807671662,4428.019807671662,1009,1708,1359
4429.173522159332,4429.048522159332,4429.298522159332,2617,1010,1814
4431.857975367252,4431.607975367252,4432.107975367252,1625,1480,1553
4429.209820029901,4428.834820029901,4429.584820029901,1667,2156,1912
4427.396093802178,4427.146093802178,4427.646093802178,1067,868,968
4422.034261055921,4421.909261055921,4422.159261055921,990,2347,1669
4425.410550664957,4425.285550664957,4425.535550664957,750,1535,1143
4430.4133845597535,4430.0383845597535,4430.7883845597535,1128,1983,1556
4440.228622997123,4440.103622997123,4440.353622997123,1906,699,1303
4439.62771857672,4439.37771857672,4439.87771857672,1226,609,918
4449.5125367618475,4449.3875367618475,4449.6375367618475,1012,1341,1177
4447.06907902842,4446.94407902842,4447.19407902842,1824,1675,1750
4444.318368565375,4444.193368565375,4444.443368565375,958,1517,1238
4452.148808089157,4451.898808089157,4452.398808089157,2808,973,1891
4450.898378592594,4450.523378592594,4451.273378592594,980,2681,1831
4459.856959715058,4459.731959715058,4459.981959715058,904,1557,1231
4455.730019456807,4455.480019456807,4455.980019456807,1308,1795,1552
4451.678355736065,4451.553355736065,4451.803355736065,1047,974,1011
4452.584980721267,4452.334980721267,4452.834980721267,799,946,873
4445.122386199655,4444.997386199655,4445.247386199655,1125,1596,1361
4440.69406843014,4440.56906843014,4440.81906843014,1678,1253,1466
4445.009192528131,4444.884192528131,4445.134192528131,1634,1923,1779
4442.3908311616005,4442.2658311616005,4442.5158311616005,1410,1455,1433
4445.244027245305,4444.994027245305,4445.494027245305,913,1324,1119
4443.966423400769,4443.841423400769,4444.091423400769,801,2104,1453
4443.249156935472,4443.124156935472,4443.374156935472,1386,545,966
4438.466707268865,4438.091707268865,4438.841707268865,945,2792,1869
4439.5280716268,4439.2780716268,4439.7780716268,755,968,862
4436.528567712583,4436.278567712583,4436.778567712583,664,1171,918
4439.791453342683,4439.666453342683,4439.916453342683,1595,2154,1875
4445.188745812246,4445.063745812246,4445.313745812246,1559,1536,1548
4451.353061053584,4450.978061053584,4451.728061053584,982,2253,1618
4463.481225550574,4463.106225550574,4463.856225550574,2870,1113,1992
4460.187798996298,4459.937798996298,4460.437798996298,1778,2101,1940
4456.081205532966,4455.956205532966,4456.206205532966,1412,495,954
4452.879154908644,4452.629154908644,4453.129154908644,775,2062,1419
4445.7908292589145,4445.6658292589145,4445.9158292589145,1047,1604,1326
4447.267467960834,4447.142467960834,4447.392467960834,619,1398,1009
4441.545662078348,4441.420662078348,4441.670662078348,834,2231,1533
4436.945586311387,4436.820586311387,4437.070586311387,711,1890,1301
4434.509934184102,4434.259934184102,4434.759934184102,1269,2244,1757
4434.913171621967,4434.788171621967,4435.038171621967,1552,1561,1557
4429.485321967455,4429.360321967455,4429.610321967455,1481,784,1133
4420.580633105348,4420.330633105348,4420.830633105348,1672,1689,1681
4425.743137182897,4425.493137182897,4425.993137182897,973,934,954
4427.202605520996,4426.827605520996,4427.577605520996,1011,2410,1711
4421.883060427346,4421.758060427346,4422.008060427346,2100,1107,1604
4416.241432106743,4415.866432106743,4416.616432106743,1148,2783,1966
4423.852211600012,4423.727211600012,4423.977211600012,1152,491,822
4430.823356214275,4430.698356214275,4430.948356214275,1320,1339,1330
4426.229087906142,4425.979087906142,4426.479087906142,1010,1263,1137
4425.752185981978,4425.377185981978,4426.127185981978,851,1458,1155
4422.594156984008,4422.469156984008,4422.719156984008,1172,429,801
4418.786534075095,4418.661534075095,4418.911534075095,1998,1239,1619
4422.154266144135,4421.779266144135,4422.529266144135,2059,1766,1913
4418.736793999273,4418.611793999273,4418.861793999273,1678,1879,1779
4419.080086779689,4418.955086779689,4419.205086779689,1017,2128,1573
4419.791032257583,4419.666032257583,4419.916032257583,1329,2016,1673
4418.715350782993,4418.465350782993,4418.965350782993,819,1490,1155
4420.012933288055,4419.887933288055,4420.137933288055,786,1641,1214
4419.981985405695,4419.856985405695,4420.106985405695,1035,2082,1559
4422.95636190846,4422.83136190846,4423.08136190846,683,932,808
4425.093501809937,4424.843501809937,4425.343501809937,1259,876,1068
4423.174711159193,4422.799711159193,4423.549711159193,1134,2623,1879
4424.804344157455,4424.679344157455,4424.929344157455,1813,992,1403
4423.706678083593,4423.581678083593,4423.831678083593,1599,2310,1955
4422.3038441346725,4422.1788441346725,4422.4288441346725,2045,1098,1572
4423.328050650447,4423.203050650447,4423.453050650447,1032,1211,1122
4422.20966844303,4422.08466844303,4422.33466844303,1664,939,1302
4421.899600827064,4421.524600827064,4422.274600827064,1186,965,1076
4418.011156839598,4417.886156839598,4418.136156839598,1257,684,971
4413.583316272306,4413.333316272306,4413.833316272306,1930,1255,1593
4419.399610877511,4419.024610877511,4419.774610877511,1362,649,1006
4418.84960733872,4418.59960733872,4419.09960733872,849,966,908
4402.925878962049,4402.800878962049,4403.050878962049,715,1120,918
4402.008533036717,4401.883533036717,4402.133533036717,1576,2037,1807
4400.199232032124,4399.824232032124,4400.574232032124,1930,1593,1762
4402.21364410233,4402.08864410233,4402.33864410233,1564,1203,1384
4395.279531905791,4395.154531905791,4395.404531905791,884,1577,1231
4393.323718942921,4393.073718942921,4393.573718942921,843,1864,1354
4392.500753968613,4392.250753968613,4392.750753968613,1115,2850,1983
4393.069470677991,4392.944470677991,4393.194470677991,2239,1554,1897
4399.543051919195,4399.293051919195,4399.793051919195,1835,2090,1963
4407.090718005554,4406.840718005554,4407.340718005554,2775,1130,1953
4407.269021511386,4407.144021511386,4407.394021511386,1206,1979,1593
4414.517213949998,4414.267213949998,4414.767213949998,1747,912,1330
4414.558891539075,4414.433891539075,4414.683891539075,1240,575,908
4420.935588171624,4420.810588171624,4421.060588171624,1178,1331,1255
4412.686723676676,4412.311723676676,4413.061723676676,1597,1632,1615
4416.261978393545,4416.011978393545,4416.511978393545,2063,1752,1908
4421.598795564128,4421.223795564128,4421.973795564128,731,1264,998
4415.239530794542,4415.114530794542,4415.364530794542,1353,2644,1999
4417.8262375187005,4417.7012375187005,4417.9512375187005,624,1669,1147
4423.028268716245,4422.653268716245,4423.403268716245,1451,1166,1309
4422.037778885122,4421.912778885122,4422.162778885122,2797,992,1895
4417.787469597668,4417.412469597668,4418.162469597668,2339,1046,1693
4420.524746087763,4420.274746087763,4420.774746087763,2161,736,1449
4421.621070199559,4421.496070199559,4421.746070199559,1387,1510,1449
4416.045466089703,4415.920466089703,4416.170466089703,1278,2593,1936
4421.978155167572,4421.853155167572,4422.103155167572,1278,1899,1589
4418.194742049897,4417.944742049897,4418.444742049897,1411,1586,1499
4432.404304694095,4432.279304694095,4432.529304694095,1196,433,815
4432.266316189001,4432.141316189001,4432.391316189001,1129,2626,1878
4430.8014143028095,4430.5514143028095,4431.0514143028095,2331,1262,1797
4425.10834128466,4424.73334128466,4425.48334128466,1043,1020,1032
4426.511073465519,4426.386073465519,4426.636073465519,1005,636,821
4424.937018744431,4424.812018744431,4425.062018744431,1151,1100,1126
4430.479467559774,4430.354467559774,4430.604467559774,747,1884,1316
4440.118442956908,4439.993442956908,4440.243442956908,741,1874,1308
4442.706660436239,4442.456660436239,4442.956660436239,2325,1620,1973
4446.559273514117,4446.434273514117,4446.684273514117,1017,2314,1666
4444.3400396996085,4444.0900396996085,4444.5900396996085,1525,508,1017
4440.683088775992,4440.558088775992,4440.808088775992,1610,683,1147
4436.183552709523,4436.058552709523,4436.308552709523,650,1421,1036
4431.614516438173,4431.364516438173,4431.864516438173,1735,1192,1464
4434.061577781131,4433.936577781131,4434.186577781131,1869,1748,1809
4426.495753838498,4426.245753838498,4426.745753838498,1591,1340,1466
4425.793768130674,4425.668768130674,4425.918768130674,1428,1213,1321
4428.340595367186,4428.215595367186,4428.465595367186,1428,2103,1766
4424.919723651895,4424.794723651895,4425.044723651895,1123,648,886
4425.240453335181,4424.990453335181,4425.490453335181,1805,1434,1620
4432.466280612223,4432.341280612223,4432.591280612223,1412,563,988
4422.681632730319,4422.556632730319,4422.806632730319,1419,620,1020
4412.076967094684,4411.951967094684,4412.201967094684,1152,2091,1622
4412.540358357993,4412.290358357993,4412.790358357993,1054,651,853
4425.647641350039,4425.272641350039,4426.022641350039,766,1981,1374
4424.470989003558,4424.220989003558,4424.720989003558,2385,1084,1735
4418.305018921884,4418.180018921884,4418.430018921884,610,1549,1080
4420.298569406976,4420.048569406976,4420.548569406976,1966,731,1349
4415.356411803364,4415.231411803364,4415.481411803364,1039,576,808
4418.880552666906,4418.755552666906,4419.005552666906,1251,734,993
4425.610004102573,4425.360004102573,4425.860004102573,1646,727,1187
4421.175506724675,4420.925506724675,4421.425506724675,902,1845,1374
4420.932355027101,4420.807355027101,4421.057355027101,2011,1362,1687
4427.2017509068255,4426.9517509068255,4427.4517509068255,1548,849,1199
4422.453244854679,4422.328244854679,4422.578244854679,1190,1183,1187
4417.032524398423,4416.782524398423,4417.282524398423,1272,1205,1239
4421.225206108659,4421.100206108659,4421.350206108659,623,1186,905
4424.400956411191,4424.275956411191,4424.525956411191,1065,880,973
4428.302487876819,4428.177487876819,4428.427487876819,1296,1911,1604
4417.866281749595,4417.741281749595,4417.991281749595,2343,1134,1739
4415.187933211493,4415.062933211493,4415.312933211493,1444,2257,1851
4406.710691938438,4406.585691938438,4406.835691938438,1272,497,885
4409.688065450714,4409.563065450714,4409.813065450714,1955,1658,1807
4406.197420072863,4405.822420072863,4406.572420072863,1129,2742,1936
4409.288223786526,4409.163223786526,4409.413223786526,1706,991,1349
4406.973911854749,4406.848911854749,4407.098911854749,1627,1534,1581
4401.589024521015,4401.464024521015,4401.714024521015,763,1418,1091
4400.204888518835,4400.079888518835,4400.329888518835,1408,1597,1503
4395.730360236445,4395.605360236445,4395.855360236445,749,1492,1121
4398.711371242843,4398.461371242843,4398.961371242843,929,1376,1153
4396.177077534826,4395.927077534826,4396.427077534826,1831,1046,1439
4390.822342494359,4390.697342494359,4390.947342494359,1971,1518,1745
4395.053521451123,4394.678521451123,4395.428521451123,1618,2097,1858
4393.324040208307,4393.199040208307,4393.449040208307,2681,1054,1868
4391.407864108071,4391.282864108071,4391.532864108071,1166,915,1041
4391.502360054415,4391.377360054415,4391.627360054415,2054,827,1441
4384.9582435598095,4384.8332435598095,4385.0832435598095,1023,1030,1027
4386.026556591401,4385.901556591401,4386.151556591401,1394,2391,1893
4391.257868828885,4391.007868828885,4391.507868828885,1535,1010,1273
4398.687325826324,4398.562325826324,4398.812325826324,1815,1970,1893
4391.218553922243,4391.093553922243,4391.343553922243,993,2292,1643
4387.40986698834,4387.28486698834,4387.53486698834,1955,804,1380
4381.949287081525,4381.824287081525,4382.074287081525,1194,2695,1945
4381.875110020542,4381.750110020542,4382.000110020542,2285,1236,1761
4382.781465848986,4382.656465848986,4382.906465848986,964,775,870
4381.0881042193305,4380.8381042193305,4381.3381042193305,2830,1059,1945
4375.462266704939,4375.337266704939,4375.587266704939,1188,715,952
4364.1660092977145,4364.0410092977145,4364.2910092977145,2584,995,1790
4361.433947072936,4361.058947072936,4361.808947072936,855,2394,1625
4359.522771256513,4359.272771256513,4359.772771256513,1063,1268,1166
4359.693287946232,4359.568287946232,4359.818287946232,1377,1846,1612
4357.774501170752,4357.524501170752,4358.024501170752,2201,1692,1947
4360.740514000578,4360.615514000578,4360.865514000578,1178,753,966
4355.601877606865,4355.351877606865,4355.851877606865,1494,1555,1525
4353.466661271762,4353.216661271762,4353.716661271762,1477,1750,1614
4347.571617587156,4347.196617587156,4347.946617587156,1311,1840,1576
4354.588147100213,4354.463147100213,4354.713147100213,2107,1402,1755
4348.7775898305545,4348.6525898305545,4348.9025898305545,2525,1192,1859
4350.231993631453,4349.981993631453,4350.481993631453,1701,1718,1710
4348.58400816464,4348.20900816464,4348.95900816464,1154,651,903
4344.185511186244,4343.810511186244,4344.560511186244,622,1241,932
4339.167078774224,4338.792078774224,4339.542078774224,1588,1045,1317
4336.032040416543,4335.782040416543,4336.282040416543,862,885,874
4332.446072533329,4332.321072533329,4332.571072533329,1243,854,1049
4321.872814787889,4321.622814787889,4322.122814787889,1778,1961,1870
4328.1689345979685,4328.0439345979685,4328.2939345979685,1883,2074,1979
4334.259698960906,4334.134698960906,4334.384698960906,2431,1522,1977
4334.071372542711,4333.821372542711,4334.321372542711,984,1279,1132
4336.59047642112,4336.46547642112,4336.71547642112,985,1242,1114
4329.991820725993,4329.741820725993,4330.241820725993,1810,1353,1582
4331.777879766828,4331.652879766828,4331.902879766828,2192,1341,1767
4336.582861218073,4336.457861218073,4336.707861218073,1317,2050,1684
4336.381101436994,4336.131101436994,4336.631101436994,2114,1263,1689
4343.163175900822,4343.038175900822,4343.288175900822,700,999,850
4340.998985115702,4340.873985115702,4341.123985115702,1120,1379,1250
4346.024029805124,4345.899029805124,4346.149029805124,1082,2177,1630
4351.656908271956,4351.531908271956,4351.781908271956,1481,1252,1367
4352.183635016391,4351.933635016391,4352.433635016391,1661,1240,1451
4348.0649229411965,4347.9399229411965,4348.1899229411965,1312,2231,1772
4355.229931010697,4354.979931010697,4355.479931010697,1613,554,1084
4354.3991872314355,4354.0241872314355,4354.7741872314355,877,1478,1178
4356.471340434749,4356.346340434749,4356.596340434749,2319,1200,1760
4358.380773120169,4358.005773120169,4358.755773120169,1009,1780,1395
4355.8264129699455,4355.7014129699455,4355.9514129699455,1662,1909,1786
4351.019081793361,4350.644081793361,4351.394081793361,1615,1632,1624
4348.71162989096,4348.58662989096,4348.83662989096,1068,2599,1834
4343.651080402183,4343.401080402183,4343.901080402183,1238,905,1072
4334.605238542146,4334.230238542146,4334.980238542146,1903,644,1274
4338.795800838511,4338.545800838511,4339.045800838511,1461,774,1118
4342.555868198077,4342.180868198077,4342.930868198077,1842,1073,1458
4344.597384093243,4344.472384093243,4344.722384093243,1295,1558,1427
4344.431657879298,4344.306657879298,4344.556657879298,1173,1442,1308
4336.729419230916,4336.354419230916,4337.104419230916,912,1125,1019
4336.3444778465855,4336.2194778465855,4336.4694778465855,629,1864,1247
4328.484721005992,4328.359721005992,4328.609721005992,1317,440,879
4323.250012313475,4322.875012313475,4323.625012313475,813,1334,1074
4327.499295060894,4327.249295060894,4327.749295060894,791,2036,1414
4322.492325970969,4322.117325970969,4322.867325970969,1622,1491,1557
4314.421508044761,4314.296508044761,4314.546508044761,1621,1212,1417
4310.755095526022,4310.630095526022,4310.880095526022,924,1921,1423
4311.664529560271,4311.289529560271,4312.039529560271,1003,2088,1546
4315.85082806966,4315.60082806966,4316.10082806966,2091,1730,1911
4321.452528073257,4321.202528073257,4321.702528073257,1484,1267,1376
4319.855780344192,4319.730780344192,4319.980780344192,1046,2341,1694
4317.668759261016,4317.543759261016,4317.793759261016,1725,1620,1673
4314.952564489123,4314.827564489123,4315.077564489123,2202,1723,1963
4316.315537650796,4316.190537650796,4316.440537650796,720,1741,1231
4316.06085046851,4315.93585046851,4316.18585046851,1201,1884,1543
4314.214617896254,4314.089617896254,4314.339617896254,1092,873,983
4316.712264491639,4316.462264491639,4316.962264491639,1219,984,1102
4318.4349137741465,4318.3099137741465,4318.5599137741465,2026,1631,1829
4315.120145293268,4314.870145293268,4315.370145293268,940,1769,1355
4316.158934264458,4315.908934264458,4316.408934264458,817,1420,1119
4312.1038108112325,4311.8538108112325,4312.3538108112325,1311,1764,1538
4302.3206102064005,4302.0706102064005,4302.5706102064005,1935,1254,1595
4298.974914305309,4298.849914305309,4299.099914305309,788,2029,1409
4294.136105976742,4294.011105976742,4294.261105976742,1024,1309,1167
4293.391750154523,4293.141750154523,4293.641750154523,1398,615,1007
4292.111563093391,4291.861563093391,4292.361563093391,1720,1003,1362
4296.189503958606,4295.939503958606,4296.439503958606,1657,852,1255
4290.058329326434,4289.933329326434,4290.183329326434,2403,1126,1765
4294.12188456894,4293.99688456894,4294.24688456894,663,1142,903
4287.305785760389,4287.180785760389,4287.430785760389,702,1577,1140
4289.4813427552,4289.3563427552,4289.6063427552,1093,2320,1707
4281.170887799649,4281.045887799649,4281.295887799649,724,1739,1232
4280.264518607594,4280.139518607594,4280.389518607594,2223,1258,1741
4287.086082053101,4286.711082053101,4287.461082053101,1723,2224,1974
4285.13690095405,4285.01190095405,4285.26190095405,1219,600,910
4281.958357343551,4281.833357343551,4282.083357343551,1992,703,1348
4283.037527542713,4282.662527542713,4283.412527542713,1149,796,973
4281.770207839404,4281.645207839404,4281.895207839404,2115,1506,1811
4274.966451106234,4274.716451106234,4275.216451106234,2574,1243,1909
4279.12712348427,4279.00212348427,4279.25212348427,1593,538,1066
4278.5779792661315,4278.4529792661315,4278.7029792661315,1451,1380,1416
4288.171327810512,4288.046327810512,4288.296327810512,1122,777,950
4283.674313189973,4283.549313189973,4283.799313189973,1928,1091,1510
4282.889940079808,4282.639940079808,4283.139940079808,1444,2027,1736
4279.128362234879,4279.003362234879,4279.253362234879,1396,1199,1298
4282.550555791301,4282.425555791301,4282.675555791301,622,1235,929
4280.08962884278,4279.96462884278,4280.21462884278,2043,1798,1921
4275.349961509282,4275.224961509282,4275.474961509282,1021,2414,1718
4273.466687133991,4273.341687133991,4273.591687133991,1963,1128,1546
4273.729197272805,4273.604197272805,4273.854197272805,1289,436,863
4276.669418425963,4276.419418425963,4276.919418425963,1054,2565,1810
4271.277082824068,4271.152082824068,4271.402082824068,1450,893,1172
4276.259949798553,4276.134949798553,4276.384949798553,1759,760,1260
4273.636469119327,4273.386469119327,4273.886469119327,1078,577,828
4270.333473694245,4270.208473694245,4270.458473694245,1499,1688,1594
4266.8204140108855,4266.5704140108855,4267.0704140108855,1633,1484,1559
4266.897153054271,4266.647153054271,4267.147153054271,750,1459,1105
4273.243515960877,4273.118515960877,4273.368515960877,1694,1867,1781
4269.09187157867,4268.84187157867,4269.34187157867,2319,1418,1869
4271.116851427196,4270.866851427196,4271.366851427196,683,1444,1064
4269.640248144481,4269.515248144481,4269.765248144481,1390,2077,1734
4272.4316872503305,4272.1816872503305,4272.6816872503305,1912,2051,1982
4270.662221428464,4270.537221428464,4270.787221428464,1588,2099,1844
4261.465728394168,4261.090728394168,4261.840728394168,1358,1941,1650
4262.811070507882,4262.561070507882,4263.061070507882,1041,910,976
4271.194449324231,4270.944449324231,4271.444449324231,1865,1450,1658
4278.684539154367,4278.559539154367,4278.809539154367,1182,2565,1874
4280.607676855258,4280.482676855258,4280.732676855258,1803,2114,1959
4287.720257346032,4287.595257346032,4287.845257346032,1790,1657,1724
4287.483614354831,4287.233614354831,4287.733614354831,1120,1231,1176
4284.7546230550115,4284.3796230550115,4285.1296230550115,1558,1411,1485
4291.042687860845,4290.917687860845,4291.167687860845,1923,914,1419
4290.459557382252,4290.209557382252,4290.709557382252,1414,513,964
4301.432331028479,4301.182331028479,4301.682331028479,2152,1413,1783
4301.6844283304745,4301.4344283304745,4301.9344283304745,1566,1339,1453
4312.177135916166,4312.052135916166,4312.302135916166,954,839,897
4316.540742490223,4316.415742490223,4316.665742490223,2358,1493,1926
4308.7685633433075,4308.6435633433075,4308.8935633433075,685,2042,1364
4305.397579155333,4305.272579155333,4305.522579155333,1984,1725,1855
4306.656174465651,4306.531174465651,4306.781174465651,931,1530,1231
4310.165889880563,4309.790889880563,4310.540889880563,448,1217,833
4306.779201454267,4306.654201454267,4306.904201454267,1062,997,1030
4296.057829095079,4295.682829095079,4296.432829095079,2204,1605,1905
4295.511410419026,4295.261410419026,4295.761410419026,1062,963,1013
4290.747795257066,4290.622795257066,4290.872795257066,2698,1207,1953
4292.300603409307,4292.050603409307,4292.550603409307,881,2400,1641
4293.8255627568,4293.5755627568,4294.0755627568,1292,771,1032
4293.533514458453,4293.408514458453,4293.658514458453,2042,711,1377
4291.460712933212,4291.210712933212,4291.710712933212,1807,2040,1924
4298.057223198206,4297.932223198206,4298.182223198206,467,1284,876
4294.34398848908,4294.09398848908,4294.59398848908,1954,1691,1823
4296.302149979608,4296.052149979608,4296.552149979608,740,1281,1011
4303.613488114975,4303.488488114975,4303.738488114975,1101,866,984
4302.559554465729,4302.184554465729,4302.934554465729,1201,494,848
4307.751536889052,4307.376536889052,4308.126536889052,1122,2549,1836
4310.377659230388,4310.252659230388,4310.502659230388,1348,1431,1390
4308.60993074946,4308.48493074946,4308.73493074946,2861,1078,1970
4314.960228154955,4314.585228154955,4315.335228154955,2295,976,1636
4317.29621586572,4317.17121586572,4317.42121586572,454,1215,835
4323.702375292002,4323.452375292002,4323.952375292002,1063,1066,1065
4319.695349169201,4319.445349169201,4319.945349169201,2105,1534,1820
4317.539128139641,4317.289128139641,4317.789128139641,1127,762,945
4320.579456962052,4320.329456962052,4320.829456962052,1750,1281,1516
4324.954127820501,4324.579127820501,4325.329127820501,2114,1405,1760
4326.586756147109,4326.461756147109,4326.711756147109,2726,1271,1999
4325.820258652642,4325.695258652642,4325.945258652642,602,1159,881
4318.416071140313,4318.166071140313,4318.666071140313,950,2495,1723
4322.048581082502,4321.923581082502,4322.173581082502,859,1356,1108
4316.267440518077,4316.142440518077,4316.392440518077,1683,722,1203
4317.853077437622,4317.728077437622,4317.978077437622,1300,617,959
4318.968359084722,4318.718359084722,4319.218359084722,1456,485,971
4316.690717153323,4316.440717153323,4316.940717153323,1462,1741,1602
4324.837570138667,4324.712570138667,4324.962570138667,1048,1219,1134
4330.549953791453,4330.424953791453,4330.674953791453,1009,2968,1989
4325.284699184398,4325.159699184398,4325.409699184398,1036,1161,1099
4319.435687732497,4319.310687732497,4319.560687732497,1022,2143,1583
4328.090785159705,4327.965785159705,4328.215785159705,927,744,836
4330.47624976417,4330.22624976417,4330.72624976417,1228,925,1077
4328.922408398427,4328.797408398427,4329.047408398427,779,2170,1475
4332.620560955551,4332.495560955551,4332.745560955551,485,1292,889
4326.8845612448,4326.7595612448,4327.0095612448,621,1774,1198
4325.764354051287,4325.639354051287,4325.889354051287,2519,960,1740
4325.384252074552,4325.259252074552,4325.509252074552,900,1527,1214
4329.2397807043735,4329.1147807043735,4329.3647807043735,2394,1323,1859
4327.893807963791,4327.768807963791,4328.018807963791,993,2048,1521
4329.596274694807,4329.346274694807,4329.846274694807,1281,1436,1359
4336.2985284147535,4336.1735284147535,4336.4235284147535,587,1046,817
4344.363375108585,4344.113375108585,4344.613375108585,1387,1072,1230
4350.632112425054,4350.382112425054,4350.882112425054,804,1965,1385
4348.979423261228,4348.729423261228,4349.229423261228,1026,1453,1240
4350.611868924403,4350.486868924403,4350.736868924403,988,731,860
4355.938327272489,4355.813327272489,4356.063327272489,846,1731,1289
4357.395091407544,4357.145091407544,4357.645091407544,1281,2046,1664
4358.655131147379,4358.530131147379,4358.780131147379,2112,843,1478
4351.303740691507,4351.178740691507,4351.428740691507,2159,992,1576
4356.03020666645,4355.90520666645,4356.15520666645,1837,1076,1457
4350.931255986563,4350.681255986563,4351.181255986563,2307,1200,1754
4345.255626201018,4345.005626201018,4345.505626201018,1305,2632,1969
4343.01928092756,4342.89428092756,4343.14428092756,2559,1348,1954
4352.206533944357,4352.081533944357,4352.331533944357,1371,658,1015
4343.917120219674,4343.667120219674,4344.167120219674,945,1716,1331
4352.283751727849,4352.033751727849,4352.533751727849,572,1341,957
4350.021786777956,4349.896786777956,4350.146786777956,972,2777,1875
4345.784216106234,4345.659216106234,4345.909216106234,1474,2391,1933
4342.522985966565,4342.272985966565,4342.772985966565,1591,2212,1902
4344.064641015993,4343.814641015993,4344.314641015993,1862,633,1248
4349.70277704343,4349.57777704343,4349.82777704343,626,1621,1124
4358.109157624246,4357.984157624246,4358.234157624246,1502,1335,1419
4354.358461794901,4354.233461794901,4354.483461794901,1146,1213,1180
4346.643582278394,4346.393582278394,4346.893582278394,1211,456,834
4346.046421180182,4345.921421180182,4346.171421180182,1076,2401,1739
4345.520237881214,4345.395237881214,4345.645237881214,982,1939,1461
4343.972019518218,4343.722019518218,4344.222019518218,1792,1205,1499
4344.953686690054,4344.828686690054,4345.078686690054,1650,1393,1522
4342.001706063824,4341.751706063824,4342.251706063824,1712,1193,1453
4352.75825881236,4352.63325881236,4352.88325881236,905,2636,1771
4350.5785991709945,4350.3285991709945,4350.8285991709945,880,1521,1201
4346.283416074699,4346.033416074699,4346.533416074699,1913,1796,1855
4329.576076161305,4329.326076161305,4329.826076161305,2405,880,1643
4329.7691497364285,4329.5191497364285,4330.0191497364285,1634,745,1190
4324.017659715708,4323.767659715708,4324.267659715708,1490,1033,1262
4326.235821418316,4325.985821418316,4326.485821418316,606,1497,1052
4321.095484583511,4320.720484583511,4321.470484583511,1082,1047,1065
4322.457278847765,4322.082278847765,4322.832278847765,1077,1598,1338
4314.339350802252,4314.214350802252,4314.464350802252,1354,595,975
4304.579414700651,4304.454414700651,4304.704414700651,1467,2248,1858
4298.6967145326125,4298.5717145326125,4298.8217145326125,2160,1629,1895
4295.7352082911275,4295.4852082911275,4295.9852082911275,1795,2168,1982
4290.43038729751,4290.05538729751,4290.80538729751,1536,1551,1544
4289.069848097681,4288.819848097681,4289.319848097681,1468,1547,1508
4286.630400356078,4286.380400356078,4286.880400356078,1128,2291,1710
4291.87069291816,4291.74569291816,4291.99569291816,1494,931,1213
4301.081957990219,4300.831957990219,4301.331957990219,2706,973,1840
4299.834291459984,4299.584291459984,4300.084291459984,1495,1084,1290
4297.434182409877,4297.309182409877,4297.559182409877,1190,1071,1131
4292.858934726868,4292.733934726868,4292.983934726868,1653,1620,1637
4292.097906042376,4291.722906042376,4292.472906042376,570,1663,1117
4288.62199653437,4288.37199653437,4288.87199653437,1092,865,979
4284.577800647398,4284.452800647398,4284.702800647398,959,1550,1255
4280.498253194135,4280.248253194135,4280.748253194135,1563,2240,1902
4284.239797117467,4284.114797117467,4284.364797117467,1301,1082,1192
4279.510914718689,4279.385914718689,4279.635914718689,907,1644,1276
4278.229630584213,4278.104630584213,4278.354630584213,1096,1237,1167
4285.275272148432,4285.150272148432,4285.400272148432,1514,861,1188
4275.949310659534,4275.824310659534,4276.074310659534,2135,1590,1863
4271.843961393331,4271.718961393331,4271.968961393331,1247,952,1100
4274.036797541054,4273.911797541054,4274.161797541054,2663,1102,1883
4277.060778812957,4276.935778812957,4277.185778812957,2137,1838,1988
4270.328227153714,4270.078227153714,4270.578227153714,2093,1274,1684
4268.887430986773,4268.637430986773,4269.137430986773,1449,1172,1311
4269.049159191794,4268.674159191794,4269.424159191794,1994,903,1449
4267.544391834467,4267.169391834467,4267.919391834467,1021,1184,1103
4268.63479982279,4268.50979982279,4268.75979982279,1317,2534,1926
4273.800347962661,4273.675347962661,4273.925347962661,2643,922,1783
4277.120302027857,4276.995302027857,4277.245302027857,700,1161,931
4272.332414891164,4272.207414891164,4272.457414891164,948,801,875
4270.460819594578,4270.335819594578,4270.585819594578,960,1341,1151
4268.42396629923,4268.29896629923,4268.54896629923,1000,2567,1784
4272.9082170485935,4272.7832170485935,4273.0332170485935,1742,1289,1516
4271.201660742451,4271.076660742451,4271.326660742451,942,1491,1217
4268.918424319767,4268.668424319767,4269.168424319767,1954,1321,1638
4263.625136684949,4263.375136684949,4263.875136684949,1178,2587,1883
4263.4742396986885,4263.2242396986885,4263.7242396986885,1046,1857,1452
4266.485250040211,4266.360250040211,4266.610250040211,790,2071,1431
4268.183473519867,4268.058473519867,4268.308473519867,987,818,903
4269.98152984777,4269.85652984777,4270.10652984777,1255,1198,1227
4270.078760993935,4269.828760993935,4270.328760993935,2239,1468,1854
4265.648919847931,4265.523919847931,4265.773919847931,977,1460,1219
4266.126215428235,4265.876215428235,4266.376215428235,1327,672,1000
4268.133391500662,4268.008391500662,4268.258391500662,1599,1684,1642
4267.995335703568,4267.870335703568,4268.120335703568,975,2214,1595
4268.764512608903,4268.639512608903,4268.889512608903,1268,2427,1848
4270.031962748973,4269.906962748973,4270.156962748973,677,1458,1068
4269.7850787762745,4269.4100787762745,4270.1600787762745,985,1684,1335
4269.746937438394,4269.621937438394,4269.871937438394,1541,1940,1741
4265.189275821453,4265.064275821453,4265.314275821453,738,1479,1109
4266.095834499737,4265.720834499737,4266.470834499737,1928,1749,1839
4270.384998478775,4270.009998478775,4270.759998478775,1293,880,1087
4267.507447005591,4267.257447005591,4267.757447005591,1843,1272,1558
4265.537678452724,4265.412678452724,4265.662678452724,900,1437,1169
4263.694108291898,4263.569108291898,4263.819108291898,464,1253,859
4263.426786337067,4263.301786337067,4263.551786337067,1275,1364,1320
4264.605982392729,4264.480982392729,4264.730982392729,1459,1230,1345
4267.232300971912,4267.107300971912,4267.357300971912,2609,916,1763
4263.346982749852,4263.221982749852,4263.471982749852,1017,1502,1260
4266.7349779457245,4266.3599779457245,4267.1099779457245,1985,1404,1695
4270.853711018418,4270.603711018418,4271.103711018418,684,1393,1039
4270.9397001188145,4270.6897001188145,4271.1897001188145,1251,1062,1157
4266.853251485079,4266.603251485079,4267.103251485079,1558,1379,1469
4261.88894884602,4261.63894884602,4262.13894884602,2022,1323,1673
4262.051650087273,4261.926650087273,4262.176650087273,2455,1534,1995
4264.20256328249,4264.07756328249,4264.32756328249,735,1324,1030
4261.676088533494,4261.551088533494,4261.801088533494,1883,1918,1901
4261.633737598907,4261.508737598907,4261.758737598907,2026,837,1432
4261.223557920018,4260.848557920018,4261.598557920018,1569,2036,1803
4264.508973069208,4264.258973069208,4264.758973069208,2426,939,1683
4264.487819443788,4264.362819443788,4264.612819443788,1078,855,967
4263.348298018919,4262.973298018919,4263.723298018919,592,1297,945
4265.467041936274,4265.217041936274,4265.717041936274,1013,1360,1187
4264.710061682625,4264.585061682625,4264.835061682625,1322,553,938
4265.893470372819,4265.768470372819,4266.018470372819,1685,618,1152
4272.55424089916,4272.30424089916,4272.80424089916,2150,1579,1865
4272.1205435883985,4271.7455435883985,4272.4955435883985,1094,567,831
4272.801346672109,4272.426346672109,4273.176346672109,787,2030,1409
4267.211784163549,4267.086784163549,4267.336784163549,1195,638,917
4266.634683369911,4266.509683369911,4266.759683369911,1359,1004,1182
4269.013614292034,4268.638614292034,4269.388614292034,2360,1263,1812
4269.216331349567,4269.091331349567,4269.341331349567,667,1144,906
4272.322477824956,4272.197477824956,4272.447477824956,1241,1650,1446
4266.512841053191,4266.387841053191,4266.637841053191,1718,681,1200
4271.084271165555,4270.709271165555,4271.459271165555,1552,1373,1463
4271.681011666111,4271.556011666111,4271.806011666111,2278,1709,1994
4270.845008209146,4270.595008209146,4271.095008209146,2210,1547,1879
4273.807660674466,4273.682660674466,4273.932660674466,2240,1233,1737
4269.64266408188,4269.39266408188,4269.89266408188,1116,565,841
4270.533779006149,4270.408779006149,4270.658779006149,1410,2431,1921
4269.5706695503595,4269.4456695503595,4269.6956695503595,1733,1468,1601
4265.035792184231,4264.910792184231,4265.160792184231,2434,931,1683
4264.584047243498,4264.334047243498,4264.834047243498,1523,826,1175
4267.001922440523,4266.876922440523,4267.126922440523,1076,2107,1592
4269.559640674389,4269.309640674389,4269.809640674389,1727,2054,1891
4266.538162847329,4266.288162847329,4266.788162847329,1366,1157,1262
4268.989749789771,4268.864749789771,4269.114749789771,792,1777,1285
4265.855222813509,4265.605222813509,4266.105222813509,574,1173,874
4267.505310147492,4267.255310147492,4267.755310147492,1619,1584,1602
4265.44990716441,4265.07490716441,4265.82490716441,2374,1429,1902
4263.235679525621,4263.110679525621,4263.360679525621,943,1584,1264
4257.036539227423,4256.786539227423,4257.286539227423,806,821,814
4258.38340254014,4258.13340254014,4258.63340254014,1456,2405,1931
4262.479210043859,4262.104210043859,4262.854210043859,729,1040,885
4268.333486185057,4268.208486185057,4268.458486185057,440,1169,805
4273.33764365411,4273.08764365411,4273.58764365411,1840,625,1233
4276.99044512792,4276.86544512792,4277.11544512792,793,1538,1166
4277.347725073991,4277.222725073991,4277.472725073991,919,1360,1140
4277.149092043312,4276.899092043312,4277.399092043312,1051,1606,1329
4276.557631684147,4276.432631684147,4276.682631684147,2136,1191,1664
4280.640031009784,4280.390031009784,4280.890031009784,1937,1960,1949
4279.714957691332,4279.589957691332,4279.839957691332,693,1790,1242
4277.352188692901,4277.102188692901,4277.602188692901,1913,986,1450
4278.653473595238,4278.528473595238,4278.778473595238,1508,1209,1359
4279.995902798112,4279.745902798112,4280.245902798112,1773,814,1294
4281.613012738577,4281.363012738577,4281.863012738577,1209,1980,1595
4284.093428532276,4283.968428532276,4284.218428532276,2867,1022,1945
4282.750857480243,4282.625857480243,4282.875857480243,1683,642,1163
4286.116053487423,4285.866053487423,4286.366053487423,1986,1839,1913
4287.39097711205,4287.26597711205,4287.51597711205,2451,1496,1974
4286.037877366646,4285.787877366646,4286.287877366646,1312,583,948
4286.421231753572,4286.296231753572,4286.546231753572,1107,962,1035
4290.1238927047725,4289.9988927047725,4290.2488927047725,730,1115,923
4282.122191408214,4281.997191408214,4282.247191408214,836,2325,1581
4283.398742810203,4283.148742810203,4283.648742810203,781,1774,1278
4282.8639187585395,4282.7389187585395,4282.9889187585395,1440,2555,1998
4284.2477091923365,4283.9977091923365,4284.4977091923365,1412,617,1015
4283.489298714208,4283.239298714208,4283.739298714208,1313,1008,1161
4283.943427380269,4283.818427380269,4284.068427380269,1546,1895,1721
4286.083851702729,4285.958851702729,4286.208851702729,2320,1449,1885
4286.84310043817,4286.71810043817,4286.96810043817,1348,1449,1399
4289.73426424915,4289.60926424915,4289.85926424915,1908,967,1438
4290.342203239211,4290.217203239211,4290.467203239211,1562,2195,1879
4288.18900127867,4287.93900127867,4288.43900127867,747,952,850
4285.971774904506,4285.846774904506,4286.096774904506,1965,1826,1896
4282.575086440132,4282.450086440132,4282.700086440132,1729,1332,1531
4280.782200343684,4280.657200343684,4280.907200343684,1188,1301,1245
4279.090577297413,4278.965577297413,4279.215577297413,2027,1280,1654
4281.159338750986,4280.909338750986,4281.409338750986,1816,1387,1602
4281.42861131935,4281.30361131935,4281.55361131935,897,1742,1320
4284.748575095237,4284.623575095237,4284.873575095237,1250,597,924
4283.344996887475,4283.219996887475,4283.469996887475,1467,1582,1525
4283.477687726488,4283.352687726488,4283.602687726488,498,1275,887
4284.540257286698,4284.415257286698,4284.665257286698,1474,765,1120
4287.1378219323215,4286.8878219323215,4287.3878219323215,1739,1662,1701
4286.965231593924,4286.715231593924,4287.215231593924,2067,914,1491
4287.542520677808,4287.417520677808,4287.667520677808,1706,1683,1695
4289.608855878071,4289.483855878071,4289.733855878071,1168,1197,1183
4286.497498286017,4286.372498286017,4286.622498286017,912,1093,1003
4289.902425127313,4289.777425127313,4290.027425127313,1585,2330,1958
4288.992114796283,4288.867114796283,4289.117114796283,1917,1908,1913
4291.895659940217,4291.770659940217,4292.020659940217,765,1282,1024
4288.706157357797,4288.456157357797,4288.956157357797,1907,1844,1876
4285.822006225985,4285.572006225985,4286.072006225985,2398,1425,1912
4285.239405489016,4284.989405489016,4285.489405489016,965,1480,1223
4284.891712925464,4284.641712925464,4285.141712925464,1611,1208,1410
4286.810921311212,4286.560921311212,4287.060921311212,926,1319,1123
4289.021539472065,4288.896539472065,4289.146539472065,1073,1978,1526
4290.113731907004,4289.988731907004,4290.238731907004,1412,2013,1713
4295.003420977071,4294.753420977071,4295.253420977071,1695,2230,1963
4296.654035556541,4296.404035556541,4296.904035556541,1463,1034,1249
4296.726239196717,4296.601239196717,4296.851239196717,995,1804,1400
4294.579610429576,4294.454610429576,4294.704610429576,1138,1127,1133
4294.106880909207,4293.981880909207,4294.231880909207,2915,998,1957
4294.33922459589,4294.21422459589,4294.46422459589,2258,929,1594
4296.433121571102,4296.183121571102,4296.683121571102,1708,1607,1658
4295.276367990428,4295.151367990428,4295.401367990428,903,1472,1188
4300.439569251747,4300.314569251747,4300.564569251747,2612,1321,1967
4301.510979844196,4301.260979844196,4301.760979844196,1353,1570,1462
4306.227300756217,4306.102300756217,4306.352300756217,2375,1612,1994
4306.7421561247465,4306.6171561247465,4306.8671561247465,1150,703,927
4307.453784629777,4307.328784629777,4307.578784629777,914,1581,1248
4310.18545871969,4310.06045871969,4310.31045871969,624,1599,1112
4311.5147538358715,4311.3897538358715,4311.6397538358715,911,2566,1739
4313.221312839694,4312.846312839694,4313.596312839694,1339,1450,1395
4313.329841386706,4313.079841386706,4313.579841386706,1087,864,976
4314.157288755913,4313.907288755913,4314.407288755913,1750,2053,1902
4311.014303510273,4310.889303510273,4311.139303510273,2607,1114,1861
4315.522970603378,4315.397970603378,4315.647970603378,1562,1063,1313
4314.127609621379,4314.002609621379,4314.252609621379,1095,1480,1288
4315.48522566274,4315.36022566274,4315.61022566274,1324,2353,1839
4320.1277382561075,4320.0027382561075,4320.2527382561075,1366,471,919
4320.099328844646,4319.974328844646,4320.224328844646,679,1280,980
4318.456771519366,4318.206771519366,4318.706771519366,1883,1040,1462
4317.832752618475,4317.582752618475,4318.082752618475,974,1161,1068
4314.758242968707,4314.383242968707,4315.133242968707,1422,2245,1834
4317.822260633235,4317.697260633235,4317.947260633235,822,2145,1484
4318.732729423792,4318.607729423792,4318.857729423792,995,2612,1804
4316.668260160044,4316.418260160044,4316.918260160044,2052,1687,1870
4315.738205175789,4315.613205175789,4315.863205175789,2359,1042,1701
4318.703871725829,4318.453871725829,4318.953871725829,998,1151,1075
4315.910267374284,4315.660267374284,4316.160267374284,763,1814,1289
4316.145337017419,4316.020337017419,4316.270337017419,540,1181,861
4321.1927486366685,4321.0677486366685,4321.3177486366685,597,1280,939
4319.61125874823,4319.36125874823,4319.86125874823,981,1278,1130
4321.2403578706035,4321.1153578706035,4321.3653578706035,1132,1113,1123
4324.035840099436,4323.910840099436,4324.160840099436,1867,640,1254
4323.653608036581,4323.528608036581,4323.778608036581,873,838,856
4324.665338088376,4324.540338088376,4324.790338088376,1323,652,988
4323.006393558824,4322.756393558824,4323.256393558824,1226,2051,1639
4323.715535631899,4323.590535631899,4323.840535631899,1106,2497,1802
4323.717358225966,4323.592358225966,4323.842358225966,1521,2064,1793
4329.063191410171,4328.938191410171,4329.188191410171,1440,901,1171
4326.469056557073,4326.219056557073,4326.719056557073,1136,541,839
4332.4082679105195,4332.2832679105195,4332.5332679105195,2212,1643,1928
4329.876325313913,4329.751325313913,4330.001325313913,963,2250,1607
4329.347660320973,4329.222660320973,4329.472660320973,982,2027,1505
4328.670584732278,4328.420584732278,4328.920584732278,1814,867,1341
4328.150630078669,4328.025630078669,4328.275630078669,2487,1444,1966
4328.393783057054,4328.268783057054,4328.518783057054,1387,1094,1241
4327.301203626825,4327.176203626825,4327.426203626825,1527,2200,1864
4325.2546257144595,4324.8796257144595,4325.6296257144595,1063,1252,1158
4323.5078004244615,4323.2578004244615,4323.7578004244615,645,1844,1245
4324.962590673279,4324.712590673279,4325.212590673279,1877,946,1412
4320.937303943836,4320.687303943836,4321.187303943836,784,1693,1239
4323.99219431245,4323.61719431245,4324.36719431245,835,1640,1238
4325.0993717804095,4324.9743717804095,4325.2243717804095,2067,1526,1797
4323.121504931716,4322.871504931716,4323.371504931716,1134,1379,1257
4322.451910846182,4322.326910846182,4322.576910846182,2157,1810,1984
4323.397985118544,4323.147985118544,4323.647985118544,1197,1068,1133
4326.2476659377335,4325.9976659377335,4326.4976659377335,1631,764,1198
4322.407605134314,4322.282605134314,4322.532605134314,860,753,807
4324.017946445994,4323.892946445994,4324.142946445994,836,1983,1410
4322.5991444351075,4322.4741444351075,4322.7241444351075,1339,1882,1611
4323.402160092761,4323.277160092761,4323.527160092761,1836,647,1242
