close,bid,ask,bid_volume,ask_volume,volume
4504.8711036092445,4504.6211036092445,4505.1211036092445,2139,718,1429
4502.639724386023,4502.514724386023,4502.764724386023,1278,899,1089
4501.102890253536,4500.977890253536,4501.227890253536,440,1169,805
4504.3399994149195,4504.2149994149195,4504.4649994149195,1415,590,1003
4504.568257397424,4504.318257397424,4504.818257397424,1277,1292,1285
4504.4945732018305,4504.1195732018305,4504.8695732018305,1110,1081,1096
4507.173191637242,4507.048191637242,4507.298191637242,2021,1452,1737
4508.07404246392,4507.94904246392,4508.19904246392,993,1596,1295
4509.4240730404945,4509.0490730404945,4509.7990730404945,558,1523,1041
4508.195526075742,4507.945526075742,4508.445526075742,1713,666,1190
4507.631347659881,4507.506347659881,4507.756347659881,2565,1304,1935
4508.224778375325,4508.099778375325,4508.349778375325,2133,948,1541
4508.349320403233,4508.099320403233,4508.599320403233,495,1280,888
4510.114447722422,4509.989447722422,4510.239447722422,1111,2068,1590
4510.178562741715,4510.053562741715,4510.303562741715,2073,1884,1979
4507.060292908506,4506.935292908506,4507.185292908506,987,1680,1334
4506.126626796058,4506.001626796058,4506.251626796058,1091,1192,1142
4503.503286058424,4503.378286058424,4503.628286058424,2505,1398,1952
4501.099474702346,4500.974474702346,4501.224474702346,864,1353,1109
4502.826608723396,4502.701608723396,4502.951608723396,1793,968,1381
4503.767678288135,4503.642678288135,4503.892678288135,1178,863,1021
4502.723187634836,4502.473187634836,4502.973187634836,794,1557,1176
4501.664362384396,4501.414362384396,4501.914362384396,967,1718,1343
4504.025579787493,4503.900579787493,4504.150579787493,857,1116,987
4505.986570326803,4505.736570326803,4506.236570326803,1996,869,1433
4504.944432940263,4504.569432940263,4505.319432940263,980,1299,1140
4501.233968080266,4501.108968080266,4501.358968080266,1153,972,1063
4500.104224159695,4499.729224159695,4500.479224159695,1430,785,1108
4502.3968414239935,4502.1468414239935,4502.6468414239935,2662,999,1831
4504.451956197309,4504.326956197309,4504.576956197309,1279,1128,1204
4504.798612152938,4504.673612152938,4504.923612152938,1276,899,1088
4503.739735750535,4503.614735750535,4503.864735750535,580,1143,862
4502.885892938739,4502.760892938739,4503.010892938739,1181,2816,1999
4505.137247463379,4504.887247463379,4505.387247463379,1439,810,1125
4502.650865594392,4502.400865594392,4502.900865594392,1338,569,954
4500.95924431017,4500.70924431017,4501.20924431017,1067,2736,1902
4503.7365368141855,4503.6115368141855,4503.8615368141855,1306,833,1070
4507.083275597913,4506.958275597913,4507.208275597913,1803,1462,1633
4503.417786485662,4503.292786485662,4503.542786485662,1303,900,1102
4498.613564442737,4498.488564442737,4498.738564442737,1152,2243,1698
4498.90718970561,4498.78218970561,4499.03218970561,896,2381,1639
4497.865915828265,4497.615915828265,4498.115915828265,1254,607,931
4501.032249626047,4500.657249626047,4501.407249626047,1164,1433,1299
4503.311789086923,4503.061789086923,4503.561789086923,2824,1129,1977
4500.001950399586,4499.626950399586,4500.376950399586,2542,1005,1774
4500.7582444517975,4500.3832444517975,4501.1332444517975,1657,946,1302
4500.186619399295,4500.061619399295,4500.311619399295,691,1588,1140
4498.647739460248,4498.522739460248,4498.772739460248,1109,858,984
4497.250255244302,4497.125255244302,4497.375255244302,2440,1261,1851
4498.729987958475,4498.604987958475,4498.854987958475,1159,656,908
4503.586802840244,4503.336802840244,4503.836802840244,2257,1362,1810
4502.409071688749,4502.159071688749,4502.659071688749,889,2194,1542
4502.7499696310015,4502.4999696310015,4502.9999696310015,478,1299,889
4500.526701219495,4500.401701219495,4500.651701219495,1165,896,1031
4500.985521702949,4500.735521702949,4501.235521702949,1476,2095,1786
4500.409860452424,4500.034860452424,4500.784860452424,1506,1279,1393
4498.218820913693,4497.968820913693,4498.468820913693,1027,2758,1893
4498.609645330225,4498.234645330225,4498.984645330225,955,692,824
4493.90317292101,4493.77817292101,4494.02817292101,1266,2001,1634
4490.2969200125535,4490.0469200125535,4490.5469200125535,1462,2375,1919
4486.923725920824,4486.548725920824,4487.298725920824,1209,636,923
4487.495479295194,4487.370479295194,4487.620479295194,1061,1192,1127
4488.526168926728,4488.401168926728,4488.651168926728,1165,1132,1149
4489.605864835345,4489.480864835345,4489.730864835345,1359,764,1062
4486.129337203448,4486.004337203448,4486.254337203448,1788,821,1305
4482.305205431523,4482.180205431523,4482.430205431523,1182,1469,1326
4481.128719215709,4481.003719215709,4481.253719215709,1075,1198,1137
4480.062242369206,4479.812242369206,4480.312242369206,2102,819,1461
4476.527710113738,4476.277710113738,4476.777710113738,1218,767,993
4475.708496814036,4475.583496814036,4475.833496814036,1025,2192,1609
4479.231050774981,4479.106050774981,4479.356050774981,1109,2278,1694
4481.63917877367,4481.38917877367,4481.88917877367,1048,1301,1175
4478.340187430487,4477.965187430487,4478.715187430487,754,1051,903
4480.241330909854,4479.991330909854,4480.491330909854,587,1136,862
4480.021842529916,4479.771842529916,4480.271842529916,1943,940,1442
4477.447649722269,4477.322649722269,4477.572649722269,1750,1807,1779
4480.338194614487,4479.963194614487,4480.713194614487,1328,1187,1258
4483.20864778051,4483.08364778051,4483.33364778051,1368,1337,1353
4482.005155112365,4481.880155112365,4482.130155112365,1960,1809,1885
4481.603264603272,4481.353264603272,4481.853264603272,794,2169,1482
4481.996664814837,4481.871664814837,4482.121664814837,627,1106,867
4482.19915843183,4481.94915843183,4482.44915843183,2513,1444,1979
4479.501742784718,4479.126742784718,4479.876742784718,1537,1370,1454
4483.564701972023,4483.314701972023,4483.814701972023,1633,786,1210
4488.537967674032,4488.412967674032,4488.662967674032,1501,684,1093
4490.014828695682,4489.889828695682,4490.139828695682,2150,929,1540
4491.3147981357015,4491.1897981357015,4491.4397981357015,1979,1486,1733
4489.590368589889,4489.465368589889,4489.715368589889,1010,2485,1748
4490.207015235872,4490.082015235872,4490.332015235872,2272,951,1612
4493.699627008665,4493.574627008665,4493.824627008665,1291,2414,1853
4491.091315627813,4490.966315627813,4491.216315627813,871,1464,1168
4490.00993713351,4489.88493713351,4490.13493713351,978,1897,1438
4487.674622406291,4487.549622406291,4487.799622406291,1676,1153,1415
4487.691525056285,4487.566525056285,4487.816525056285,1305,1758,1532
4489.946356182624,4489.696356182624,4490.196356182624,2100,871,1486
4490.790880757661,4490.540880757661,4491.040880757661,1470,581,1026
4489.823096016378,4489.698096016378,4489.948096016378,1779,1134,1457
4486.536750905155,4486.411750905155,4486.661750905155,1941,1228,1585
4484.4295628901355,4484.3045628901355,4484.5545628901355,749,2144,1447
4484.098966207408,4483.973966207408,4484.223966207408,1163,578,871
4483.3274647775,4483.2024647775,4483.4524647775,1663,1612,1638
4485.651663017912,4485.401663017912,4485.901663017912,2643,1204,1924
4484.751631580657,4484.501631580657,4485.001631580657,988,2455,1722
4485.867409071001,4485.617409071001,4486.117409071001,1638,605,1122
4486.776871922924,4486.526871922924,4487.026871922924,1379,568,974
4486.091781157508,4485.841781157508,4486.341781157508,1176,1135,1156
4489.372576203948,4489.247576203948,4489.497576203948,1493,2470,1982
4487.596648037544,4487.221648037544,4487.971648037544,1536,1583,1560
4487.215810105219,4486.965810105219,4487.465810105219,1522,987,1255
4485.859679981432,4485.734679981432,4485.984679981432,1382,887,1135
4482.813812278707,4482.438812278707,4483.188812278707,585,1598,1092
4482.330548122605,4482.205548122605,4482.455548122605,2030,881,1456
4480.736065133721,4480.611065133721,4480.861065133721,1406,1243,1325
4478.269214099739,4478.144214099739,4478.394214099739,939,1162,1051
4480.379722283695,4480.254722283695,4480.504722283695,2563,1088,1826
4476.698714147787,4476.573714147787,4476.823714147787,1452,1797,1625
4477.13000413093,4477.00500413093,4477.25500413093,1497,1640,1569
4477.262787778365,4477.137787778365,4477.387787778365,1172,571,872
4477.712376085841,4477.587376085841,4477.837376085841,1763,2050,1907
4476.986515498314,4476.861515498314,4477.111515498314,622,1761,1192
4480.379069252898,4480.004069252898,4480.754069252898,714,1569,1142
4480.700566217036,4480.450566217036,4480.950566217036,1091,1978,1535
4480.412020725205,4480.287020725205,4480.537020725205,1273,954,1114
4480.661037621809,4480.536037621809,4480.786037621809,849,1572,1211
4481.628528508578,4481.503528508578,4481.753528508578,1778,839,1309
4480.018330767374,4479.768330767374,4480.268330767374,1319,1080,1200
4483.02994489527,4482.90494489527,4483.15494489527,1579,1262,1421
4484.575866287847,4484.325866287847,4484.825866287847,647,1464,1056
4485.286210958997,4485.161210958997,4485.411210958997,794,1673,1234
4485.492033001985,4485.242033001985,4485.742033001985,889,1492,1191
4481.907229213802,4481.782229213802,4482.032229213802,1387,1828,1608
4478.309209336549,4478.184209336549,4478.434209336549,644,1375,1010
4476.99746846639,4476.62246846639,4477.37246846639,1829,1684,1757
4477.496881564841,4477.371881564841,4477.621881564841,1599,2226,1913
4479.273506039327,4479.148506039327,4479.398506039327,1047,2514,1781
4486.343334835242,4486.218334835242,4486.468334835242,986,1601,1294
4484.859288638138,4484.734288638138,4484.984288638138,1545,2024,1785
4487.029416262733,4486.779416262733,4487.279416262733,1795,2184,1990
4485.5996327881,4485.3496327881,4485.8496327881,930,1837,1384
4484.555248172623,4484.430248172623,4484.680248172623,1239,418,829
4483.144996119294,4483.019996119294,4483.269996119294,1839,2072,1956
4484.143394729492,4483.768394729492,4484.518394729492,2396,961,1679
4482.692897152131,4482.317897152131,4483.067897152131,1491,2416,1954
4477.549208966088,4477.424208966088,4477.674208966088,1949,656,1303
4479.730747397976,4479.480747397976,4479.980747397976,1288,2041,1665
4479.757008279005,4479.507008279005,4480.007008279005,2161,838,1500
4479.903938785034,4479.653938785034,4480.153938785034,2542,1241,1892
4479.287171432327,4479.162171432327,4479.412171432327,1149,920,1035
4479.526854187756,4479.276854187756,4479.776854187756,1412,1611,1512
4483.203592289684,4482.953592289684,4483.453592289684,861,986,924
4486.466436718785,4486.216436718785,4486.716436718785,1462,2125,1794
4488.821817086174,4488.571817086174,4489.071817086174,890,889,890
4489.153616982847,4489.028616982847,4489.278616982847,1375,684,1030
4487.574409665674,4487.449409665674,4487.699409665674,636,1257,947
4486.376293694078,4486.251293694078,4486.501293694078,1763,1342,1553
4487.361588820633,4487.111588820633,4487.611588820633,1222,725,974
4487.348407793725,4487.223407793725,4487.473407793725,1615,904,1260
4485.526323386172,4485.401323386172,4485.651323386172,2201,1548,1875
4479.656926192306,4479.531926192306,4479.781926192306,1067,2490,1779
4474.547234018356,4474.297234018356,4474.797234018356,1138,837,988
4479.300034128812,4479.050034128812,4479.550034128812,1961,734,1348
4481.710991432638,4481.585991432638,4481.835991432638,961,668,815
4479.755860002502,4479.630860002502,4479.880860002502,2686,1003,1845
4481.977842039348,4481.727842039348,4482.227842039348,2350,969,1660
4479.56190277177,4479.31190277177,4479.81190277177,954,2145,1550
4475.8028513716745,4475.6778513716745,4475.9278513716745,1053,630,842
4480.694999724608,4480.444999724608,4480.944999724608,1920,1515,1718
4479.633611809182,4479.508611809182,4479.758611809182,1648,767,1208
4479.265240837821,4479.015240837821,4479.515240837821,1984,1155,1570
4476.21810777682,4476.09310777682,4476.34310777682,979,2048,1514
4475.485958674063,4475.360958674063,4475.610958674063,1197,762,980
4472.010090608889,4471.635090608889,4472.385090608889,991,1122,1057
4475.165741765474,4475.040741765474,4475.290741765474,1735,2184,1960
4476.325742767131,4476.200742767131,4476.450742767131,691,1278,985
4479.665071887291,4479.540071887291,4479.790071887291,583,1324,954
4476.69656484373,4476.57156484373,4476.82156484373,1136,649,893
4473.829979465158,4473.704979465158,4473.954979465158,1442,549,996
4475.242420766533,4475.117420766533,4475.367420766533,1894,1083,1489
4471.94686127766,4471.69686127766,4472.19686127766,1631,1588,1610
4472.035250793178,4471.910250793178,4472.160250793178,2688,1085,1887
4475.1796230994205,4475.0546230994205,4475.3046230994205,1591,1306,1449
4474.5846503737885,4474.3346503737885,4474.8346503737885,1311,2500,1906
4472.961663339721,4472.711663339721,4473.211663339721,2261,1180,1721
4473.83319303255,4473.70819303255,4473.95819303255,1560,1179,1370
4475.330784512283,4475.205784512283,4475.455784512283,1663,1332,1498
4476.569722510226,4476.444722510226,4476.694722510226,903,1546,1225
4475.235817448894,4475.110817448894,4475.360817448894,519,1184,852
4472.409797905264,4472.284797905264,4472.534797905264,2093,1726,1910
4477.046609832764,4476.921609832764,4477.171609832764,749,1116,933
4476.094892654786,4475.969892654786,4476.219892654786,1325,1164,1245
4478.562611207599,4478.437611207599,4478.687611207599,822,817,820
4477.657368634433,4477.532368634433,4477.782368634433,854,1199,1027
4473.169248514351,4472.794248514351,4473.544248514351,2172,1627,1900
4472.766984243339,4472.516984243339,4473.016984243339,1654,1217,1436
4475.009968496879,4474.759968496879,4475.259968496879,903,1564,1234
4474.422304709656,4474.297304709656,4474.547304709656,509,1392,951
4472.943740191563,4472.818740191563,4473.068740191563,1179,2492,1836
4474.199766325541,4473.949766325541,4474.449766325541,1259,1150,1205
4476.99818665512,4476.87318665512,4477.12318665512,2151,1432,1792
4481.409580986005,4481.284580986005,4481.534580986005,999,2420,1710
4484.834752428373,4484.709752428373,4484.959752428373,910,2645,1778
4488.423988743607,4488.048988743607,4488.798988743607,1598,1679,1639
4487.07608591902,4486.82608591902,4487.32608591902,1275,570,923
4491.690188542144,4491.565188542144,4491.815188542144,1394,1921,1658
4495.358147208836,4495.233147208836,4495.483147208836,1542,1319,1431
4493.915807537932,4493.790807537932,4494.040807537932,1506,2007,1757
4497.438434620674,4497.313434620674,4497.563434620674,887,2180,1534
4493.852183474415,4493.727183474415,4493.977183474415,1863,658,1261
4490.02334733411,4489.89834733411,4490.14834733411,1974,1881,1928
4494.222849797305,4494.097849797305,4494.347849797305,1051,2372,1712
4495.812966143694,4495.687966143694,4495.937966143694,2615,1110,1863
4494.956702182467,4494.831702182467,4495.081702182467,1098,2169,1634
4498.2565721694955,4498.0065721694955,4498.5065721694955,1381,1482,1432
4497.673991405135,4497.548991405135,4497.798991405135,920,2023,1472
4491.364699688575,4491.239699688575,4491.489699688575,1732,917,1325
4490.5924833411755,4490.4674833411755,4490.7174833411755,1461,2196,1829
4493.255539317777,4493.005539317777,4493.505539317777,1302,1629,1466
4496.847726056584,4496.472726056584,4497.222726056584,1543,802,1173
4497.362623503491,4497.112623503491,4497.612623503491,1065,2240,1653
4494.216907296639,4493.966907296639,4494.466907296639,1412,2443,1928
4498.874496877113,4498.749496877113,4498.999496877113,1931,908,1420
4495.006790440924,4494.756790440924,4495.256790440924,1786,1563,1675
4492.7042169487895,4492.5792169487895,4492.8292169487895,1211,1030,1121
4492.0724429817,4491.9474429817,4492.1974429817,1815,1848,1832
4489.902158804545,4489.652158804545,4490.152158804545,2697,1164,1931
4486.007360615308,4485.882360615308,4486.132360615308,888,2573,1731
4482.736909889139,4482.486909889139,4482.986909889139,1764,769,1267
4484.521327345558,4484.396327345558,4484.646327345558,1580,1215,1398
4480.915797196077,4480.665797196077,4481.165797196077,2108,1371,1740
4482.269674928516,4482.144674928516,4482.394674928516,728,947,838
4483.371711768236,4483.246711768236,4483.496711768236,1449,2282,1866
4487.960920299245,4487.710920299245,4488.210920299245,1035,1702,1369
4493.623928416125,4493.498928416125,4493.748928416125,1744,1137,1441
4493.948445201341,4493.573445201341,4494.323445201341,723,1064,894
4486.438430435912,4486.313430435912,4486.563430435912,1528,1749,1639
4481.258877734851,4481.008877734851,4481.508877734851,1930,1079,1505
4483.716719662862,4483.591719662862,4483.841719662862,1637,1016,1327
4479.547718334361,4479.422718334361,4479.672718334361,1494,851,1173
4479.503712099446,4479.378712099446,4479.628712099446,2200,815,1508
4483.85060471286,4483.72560471286,4483.97560471286,1207,990,1099
4479.284352851431,4479.034352851431,4479.534352851431,1313,560,937
4473.334835423431,4473.209835423431,4473.459835423431,2428,971,1700
4470.350152359419,4470.225152359419,4470.475152359419,1575,1098,1337
4470.3596438515615,4470.2346438515615,4470.4846438515615,1873,1096,1485
4469.701223548102,4469.576223548102,4469.826223548102,530,1161,846
4470.420429726229,4470.295429726229,4470.545429726229,803,1242,1023
4471.63595595397,4471.51095595397,4471.76095595397,1519,1512,1516
4473.933895543816,4473.808895543816,4474.058895543816,1200,1291,1246
4476.118585927697,4475.868585927697,4476.368585927697,1487,616,1052
4479.766643849051,4479.641643849051,4479.891643849051,1126,2755,1941
4481.199372708886,4481.074372708886,4481.324372708886,684,1643,1164
4483.310302801902,4483.185302801902,4483.435302801902,1665,2056,1861
4481.89107104772,4481.76607104772,4482.01607104772,1781,798,1290
4477.760222502416,4477.510222502416,4478.010222502416,1146,1409,1278
4482.943215801079,4482.818215801079,4483.068215801079,1196,2775,1986
4485.561106612527,4485.436106612527,4485.686106612527,2287,1154,1721
4484.587557662002,4484.462557662002,4484.712557662002,1367,550,959
4489.696147283405,4489.446147283405,4489.946147283405,1294,573,934
4488.268877458604,4488.143877458604,4488.393877458604,865,2286,1576
4486.878919870652,4486.753919870652,4487.003919870652,862,2107,1485
4487.545575078544,4487.420575078544,4487.670575078544,808,1311,1060
4489.960289349194,4489.585289349194,4490.335289349194,1637,2310,1974
4486.318390808727,4486.193390808727,4486.443390808727,1046,591,819
4485.112415958058,4484.987415958058,4485.237415958058,2132,1485,1809
4477.972425614657,4477.722425614657,4478.222425614657,1046,2201,1624
4469.88905446615,4469.63905446615,4470.13905446615,1579,1660,1620
4472.659766691241,4472.534766691241,4472.784766691241,1559,1774,1667
4472.307613911082,4472.182613911082,4472.432613911082,2540,1435,1988
4470.088042751234,4469.963042751234,4470.213042751234,1380,939,1160
4472.370186417675,4472.245186417675,4472.495186417675,1827,2170,1999
4473.052587025231,4472.927587025231,4473.177587025231,1353,2106,1730
4470.9701214890865,4470.8451214890865,4471.0951214890865,2027,1192,1610
4467.313414806323,4467.188414806323,4467.438414806323,1555,582,1069
4461.197034223514,4461.072034223514,4461.322034223514,1496,1765,1631
4461.834094923615,4461.709094923615,4461.959094923615,2053,950,1502
4464.0964518640285,4463.8464518640285,4464.3464518640285,1877,690,1284
4464.0226215721195,4463.8976215721195,4464.1476215721195,828,1235,1032
4460.52755864917,4460.40255864917,4460.65255864917,1343,2170,1757
4465.244028643954,4465.119028643954,4465.369028643954,968,2559,1764
4471.229642856655,4470.854642856655,4471.604642856655,1371,916,1144
4468.760164696782,4468.510164696782,4469.010164696782,1412,997,1205
4473.402384414218,4473.152384414218,4473.652384414218,1475,668,1072
4472.247453092342,4472.122453092342,4472.372453092342,1383,1570,1477
4468.391607574,4468.266607574,4468.516607574,1108,619,864
4469.146893209354,4469.021893209354,4469.271893209354,1535,552,1044
4472.07922304745,4471.95422304745,4472.20422304745,1986,857,1422
4468.781581665449,4468.531581665449,4469.031581665449,1771,1410,1591
4460.843514359971,4460.718514359971,4460.968514359971,1009,1106,1058
4463.390466682656,4463.265466682656,4463.515466682656,952,2381,1667
4466.282401703377,4466.157401703377,4466.407401703377,887,1728,1308
4465.835527683656,4465.710527683656,4465.960527683656,1458,559,1009
4465.319637680798,4465.069637680798,4465.569637680798,2028,1321,1675
4469.900911915343,4469.775911915343,4470.025911915343,1478,895,1187
4472.291179823596,4472.041179823596,4472.541179823596,1687,1090,1389
4479.121026302598,4478.871026302598,4479.371026302598,1265,1320,1293
4475.51556067173,4475.26556067173,4475.76556067173,1484,1451,1468
4479.609690707545,4479.484690707545,4479.734690707545,1273,1932,1603
4477.741138381845,4477.491138381845,4477.991138381845,1009,632,821
4475.772008671556,4475.647008671556,4475.897008671556,1473,1040,1257
4478.121096674784,4477.871096674784,4478.371096674784,746,1033,890
4478.5970777867415,4478.4720777867415,4478.7220777867415,1503,1228,1366
4480.1617225983255,4479.9117225983255,4480.4117225983255,1380,1329,1355
4478.097649672176,4477.847649672176,4478.347649672176,688,2061,1375
4486.198678078296,4486.073678078296,4486.323678078296,960,1007,984
4483.8934561841315,4483.6434561841315,4484.1434561841315,2779,1190,1985
4483.252583618322,4483.127583618322,4483.377583618322,2049,722,1386
4486.794076850353,4486.669076850353,4486.919076850353,588,1037,813
4486.97939397909,4486.85439397909,4487.10439397909,562,1049,806
4491.260282871953,4491.135282871953,4491.385282871953,2412,899,1656
4493.825467951663,4493.575467951663,4494.075467951663,781,1258,1020
4495.024699196582,4494.774699196582,4495.274699196582,2763,1064,1914
4498.507306416975,4498.132306416975,4498.882306416975,1258,461,860
4502.316777497639,4502.066777497639,4502.566777497639,1039,2044,1542
4499.345697353918,4499.220697353918,4499.470697353918,2316,785,1551
4501.799986832852,4501.549986832852,4502.049986832852,1675,1230,1453
4504.288769470682,4504.163769470682,4504.413769470682,1058,961,1010
4500.905116906757,4500.780116906757,4501.030116906757,1272,765,1019
4508.0645010290355,4507.8145010290355,4508.3145010290355,2670,1077,1874
4508.531142924901,4508.406142924901,4508.656142924901,534,1175,855
4505.188433188637,4505.063433188637,4505.313433188637,1793,1782,1788
4511.504193125866,4511.129193125866,4511.879193125866,1182,1553,1368
4506.522738212601,4506.397738212601,4506.647738212601,2505,986,1746
4504.630579003455,4504.505579003455,4504.755579003455,1209,1318,1264
4508.191047627119,4507.941047627119,4508.441047627119,1164,439,802
4509.059382717865,4508.684382717865,4509.434382717865,958,773,866
4506.637499621621,4506.387499621621,4506.887499621621,2060,1903,1982
4508.304605452044,4508.054605452044,4508.554605452044,1471,944,1208
4507.353093033525,4507.103093033525,4507.603093033525,1090,823,957
4507.20191900126,4507.07691900126,4507.32691900126,643,1238,941
4508.10575766445,4507.98075766445,4508.23075766445,1461,1462,1462
4510.427644249673,4510.177644249673,4510.677644249673,1390,867,1129
4513.204790920118,4513.079790920118,4513.329790920118,744,1291,1018
4515.030952262655,4514.905952262655,4515.155952262655,1113,2632,1873
4513.735533528632,4513.610533528632,4513.860533528632,2637,968,1803
4515.834789351771,4515.709789351771,4515.959789351771,2361,1454,1908
4509.009214723678,4508.884214723678,4509.134214723678,1174,743,959
4509.10086531658,4508.97586531658,4509.22586531658,825,862,844
4509.462743105978,4509.212743105978,4509.712743105978,1202,963,1083
4509.040378722851,4508.665378722851,4509.415378722851,2695,1016,1856
4505.076807923577,4504.951807923577,4505.201807923577,1920,1441,1681
4504.6905456851355,4504.4405456851355,4504.9405456851355,1797,1348,1573
4501.605483418932,4501.355483418932,4501.855483418932,1418,1869,1644
4497.70313820495,4497.57813820495,4497.82813820495,2584,935,1760
4494.396391026139,4494.271391026139,4494.521391026139,1960,765,1363
4501.637866557551,4501.387866557551,4501.887866557551,1278,1223,1251
4505.3773818690715,4505.1273818690715,4505.6273818690715,2022,1009,1516
4499.917548375831,4499.792548375831,4500.042548375831,1100,539,820
4501.002347394327,4500.877347394327,4501.127347394327,2163,1018,1591
4501.4135289462465,4501.2885289462465,4501.5385289462465,1288,543,916
4501.922212966406,4501.797212966406,4502.047212966406,1204,2357,1781
4507.063085736949,4506.938085736949,4507.188085736949,2195,834,1515
4509.512036331957,4509.387036331957,4509.637036331957,1866,1443,1655
4509.733464306647,4509.483464306647,4509.983464306647,1656,1401,1529
4504.814865951045,4504.564865951045,4505.064865951045,2404,1019,1712
4506.445069691247,4506.320069691247,4506.570069691247,739,2076,1408
4509.096624810493,4508.721624810493,4509.471624810493,733,1694,1214
4506.0657056735035,4505.9407056735035,4506.1907056735035,1170,1065,1118
4501.049086117037,4500.799086117037,4501.299086117037,1170,1335,1253
4505.837988738242,4505.712988738242,4505.962988738242,1212,1233,1223
4505.267613407523,4505.142613407523,4505.392613407523,1609,986,1298
4507.321246081814,4507.196246081814,4507.446246081814,1082,1145,1114
4511.236208159963,4511.111208159963,4511.361208159963,1616,767,1192
4519.058309608214,4518.933309608214,4519.183309608214,1688,1239,1464
4519.196283223731,4519.071283223731,4519.321283223731,920,1747,1334
4513.654744137359,4513.404744137359,4513.904744137359,1968,1911,1940
4513.909014916995,4513.659014916995,4514.159014916995,2657,1094,1876
4519.329601251661,4519.204601251661,4519.454601251661,2562,927,1745
4518.9138440675415,4518.5388440675415,4519.2888440675415,853,2442,1648
4518.75300180817,4518.37800180817,4519.12800180817,925,744,835
4516.7683749747375,4516.6433749747375,4516.8933749747375,689,1226,958
4521.596292587536,4521.471292587536,4521.721292587536,1390,1339,1365
4518.863738353564,4518.738738353564,4518.988738353564,1443,2062,1753
4516.462120164752,4516.337120164752,4516.587120164752,1390,839,1115
4514.352594862167,4514.227594862167,4514.477594862167,1539,1088,1314
4507.090495052271,4506.715495052271,4507.465495052271,2195,844,1520
4507.611393050615,4507.486393050615,4507.736393050615,1144,979,1062
4509.728040237526,4509.603040237526,4509.853040237526,1193,2242,1718
4514.70045715061,4514.45045715061,4514.95045715061,1739,1632,1686
4515.84772495647,4515.72272495647,4515.97272495647,1484,1587,1536
4512.8821570293,4512.7571570293,4513.0071570293,2387,1302,1845
4515.705792860397,4515.580792860397,4515.830792860397,1196,493,845
4516.0535514867,4515.8035514867,4516.3035514867,2074,1085,1580
4516.835410368461,4516.710410368461,4516.960410368461,979,2006,1493
4514.612494319059,4514.487494319059,4514.737494319059,1233,2322,1778
4514.384912219134,4514.259912219134,4514.509912219134,1009,604,807
4509.88365001129,4509.50865001129,4510.25865001129,660,1821,1241
4513.755159930806,4513.630159930806,4513.880159930806,894,2439,1667
4512.5663137976935,4512.3163137976935,4512.8163137976935,1658,899,1279
4506.621503255118,4506.496503255118,4506.746503255118,1744,1953,1849
4507.1538956553795,4507.0288956553795,4507.2788956553795,2040,827,1434
4512.034836391573,4511.784836391573,4512.284836391573,1510,1563,1537
4508.51666633363,4508.14166633363,4508.89166633363,965,1380,1173
4511.860610626387,4511.610610626387,4512.110610626387,1211,2042,1627
4511.520283938901,4511.270283938901,4511.770283938901,1716,1495,1606
4510.246071091689,4510.121071091689,4510.371071091689,2207,1266,1737
4505.825478387835,4505.575478387835,4506.075478387835,1939,1010,1475
4508.590989540256,4508.465989540256,4508.715989540256,825,1318,1072
4510.992121928065,4510.867121928065,4511.117121928065,1586,1151,1369
4506.087805037963,4505.837805037963,4506.337805037963,2772,1179,1976
4508.048002716366,4507.923002716366,4508.173002716366,1067,2400,1734
4506.334663046066,4506.084663046066,4506.584663046066,1214,1777,1496
4506.843998126626,4506.593998126626,4507.093998126626,728,1083,906
4508.329962694005,4508.204962694005,4508.454962694005,1805,1106,1456
4509.357884153852,4509.232884153852,4509.482884153852,1520,2379,1950
4505.571945379561,4505.321945379561,4505.821945379561,1712,1387,1550
4500.27543382913,4500.02543382913,4500.52543382913,1688,1989,1839
4502.02278108641,4501.64778108641,4502.39778108641,818,1389,1104
4501.033028279282,4500.783028279282,4501.283028279282,1053,888,971
4500.721848095361,4500.596848095361,4500.846848095361,1246,615,931
4501.975036580695,4501.725036580695,4502.225036580695,832,819,826
4502.356405025693,4502.231405025693,4502.481405025693,1545,728,1137
4500.589612049903,4500.464612049903,4500.714612049903,2261,1122,1692
4498.438276095131,4498.313276095131,4498.563276095131,993,1034,1014
4502.545799956962,4502.295799956962,4502.795799956962,1934,1675,1805
4498.601128973947,4498.351128973947,4498.851128973947,1582,935,1259
4492.1526470379595,4491.9026470379595,4492.4026470379595,1593,1482,1538
4492.645865805023,4492.270865805023,4493.020865805023,1511,700,1106
4493.144450142651,4493.019450142651,4493.269450142651,782,2051,1417
4492.750834398779,4492.625834398779,4492.875834398779,832,2427,1630
4496.6596921587025,4496.2846921587025,4497.0346921587025,1724,717,1221
4497.922683547923,4497.797683547923,4498.047683547923,1560,1595,1578
4496.711361941785,4496.336361941785,4497.086361941785,1974,883,1429
4496.839084936076,4496.714084936076,4496.964084936076,1298,1193,1246
4497.088927455617,4496.838927455617,4497.338927455617,1573,772,1173
4498.034485476145,4497.784485476145,4498.284485476145,852,1483,1168
4498.5734226975155,4498.3234226975155,4498.8234226975155,1442,2297,1870
4495.79376018068,4495.66876018068,4495.91876018068,1267,2222,1745
4496.745699112641,4496.620699112641,4496.870699112641,1814,1983,1899
4496.546215502921,4496.171215502921,4496.921215502921,660,989,825
4497.4460054014735,4497.3210054014735,4497.5710054014735,1557,1652,1605
4497.399087649225,4497.149087649225,4497.649087649225,502,1337,920
4500.095544190957,4499.970544190957,4500.220544190957,985,1112,1049
4496.855990641089,4496.480990641089,4497.230990641089,1136,943,1040
4494.935956389699,4494.810956389699,4495.060956389699,2389,1250,1820
4495.371851001398,4495.121851001398,4495.621851001398,1562,1765,1664
4498.301516581203,4498.176516581203,4498.426516581203,1023,2844,1934
4499.673316813825,4499.548316813825,4499.798316813825,2232,1227,1730
4500.45548351483,4500.33048351483,4500.58048351483,1559,772,1166
4499.011064473131,4498.636064473131,4499.386064473131,1476,2509,1993
4499.597391601835,4499.222391601835,4499.972391601835,1131,1582,1357
4499.0624906954645,4498.9374906954645,4499.1874906954645,1524,635,1080
4498.459521095854,4498.334521095854,4498.584521095854,1563,542,1053
4498.97056235244,4498.84556235244,4499.09556235244,659,1834,1247
4500.4073252377175,4500.1573252377175,4500.6573252377175,920,1775,1348
4502.921658242415,4502.796658242415,4503.046658242415,832,1745,1289
4504.858326733017,4504.733326733017,4504.983326733017,1442,2103,1773
4507.270436174775,4507.145436174775,4507.395436174775,892,2353,1623
4503.7414204168035,4503.3664204168035,4504.1164204168035,1936,1373,1655
4502.979581216683,4502.854581216683,4503.104581216683,1423,1886,1655
4500.389492541857,4500.264492541857,4500.514492541857,1044,1683,1364
4497.576744728378,4497.326744728378,4497.826744728378,1139,2418,1779
4492.923685263426,4492.798685263426,4493.048685263426,1677,866,1272
4494.196997909708,4493.821997909708,4494.571997909708,2259,1036,1648
4493.638802932377,4493.513802932377,4493.763802932377,800,1335,1068
4489.118720454366,4488.743720454366,4489.493720454366,1050,623,837
4492.640309130695,4492.390309130695,4492.890309130695,910,1843,1377
4494.705743835881,4494.330743835881,4495.080743835881,777,946,862
4494.7263530013,4494.4763530013,4494.9763530013,1326,465,896
4493.655005927937,4493.530005927937,4493.780005927937,2048,1199,1624
4498.725819332705,4498.600819332705,4498.850819332705,2451,1212,1832
4501.827068503173,4501.577068503173,4502.077068503173,1344,533,939
4500.129693650892,4500.004693650892,4500.254693650892,1670,717,1194
4499.125346935618,4499.000346935618,4499.250346935618,1860,739,1300
4498.017908633316,4497.892908633316,4498.142908633316,2377,1468,1923
4503.450721733357,4503.200721733357,4503.700721733357,1454,2193,1824
4506.8200246483675,4506.6950246483675,4506.9450246483675,812,893,853
4503.035170518562,4502.910170518562,4503.160170518562,2207,1414,1811
4506.332392666312,4505.957392666312,4506.707392666312,1102,789,946
4504.464450311778,4504.214450311778,4504.714450311778,1186,571,879
4501.6843037518875,4501.5593037518875,4501.8093037518875,530,1301,916
4502.8933300555855,4502.6433300555855,4503.1433300555855,729,1130,930
4503.435719702819,4503.185719702819,4503.685719702819,1000,1407,1204
4503.95275432153,4503.82775432153,4504.07775432153,547,1220,884
4501.395191766673,4501.270191766673,4501.520191766673,1974,1519,1747
4505.492487927836,4505.367487927836,4505.617487927836,1222,771,997
4504.837239049051,4504.587239049051,4505.087239049051,1426,1073,1250
4507.016766844398,4506.891766844398,4507.141766844398,1358,637,998
4510.456603118468,4510.331603118468,4510.581603118468,1537,876,1207
4510.229676804614,4510.104676804614,4510.354676804614,1944,1639,1792
4506.4257873968145,4506.3007873968145,4506.5507873968145,1143,1036,1090
4507.493505321147,4507.243505321147,4507.743505321147,1389,910,1150
4507.261968858934,4507.136968858934,4507.386968858934,1069,2776,1923
4505.940931159242,4505.690931159242,4506.190931159242,1026,967,997
4504.064729146462,4503.689729146462,4504.439729146462,1125,1336,1231
4505.199264283149,4505.074264283149,4505.324264283149,1205,1188,1197
4502.657709802223,4502.407709802223,4502.907709802223,1183,2534,1859
4498.9041442677735,4498.7791442677735,4499.0291442677735,1368,987,1178
4493.67719570269,4493.55219570269,4493.80219570269,826,785,806
4494.2510946826405,4494.0010946826405,4494.5010946826405,1111,1002,1057
4497.773893075521,4497.398893075521,4498.148893075521,1299,544,922
4499.182087173735,4498.807087173735,4499.557087173735,900,939,920
4495.661298410568,4495.536298410568,4495.786298410568,501,1338,920
4492.732589767898,4492.357589767898,4493.107589767898,809,978,894
4494.152376900483,4494.027376900483,4494.277376900483,2041,1300,1671
4494.1283721763075,4494.0033721763075,4494.2533721763075,1235,578,907
4493.749571360875,4493.374571360875,4494.124571360875,1174,835,1005
4497.7648682932095,4497.6398682932095,4497.8898682932095,1403,798,1101
4496.414124833079,4496.289124833079,4496.539124833079,1545,1168,1357
4494.329655301785,4494.204655301785,4494.454655301785,1818,871,1345
4495.337913653961,4495.212913653961,4495.462913653961,496,1287,892
4498.201712265686,4498.076712265686,4498.326712265686,571,1078,825
4498.73415219741,4498.35915219741,4499.10915219741,1727,1290,1509
4498.675233813479,4498.425233813479,4498.925233813479,1521,1436,1479
4500.157477991593,4499.907477991593,4500.407477991593,1515,1188,1352
4499.576467230535,4499.326467230535,4499.826467230535,1107,2216,1662
4502.800215235617,4502.550215235617,4503.050215235617,621,1212,917
4507.6018961174295,4507.4768961174295,4507.7268961174295,1509,1762,1636
4507.162383650435,4506.912383650435,4507.412383650435,1290,575,933
4508.125030571665,4508.000030571665,4508.250030571665,1865,844,1355
4506.7922340337145,4506.6672340337145,4506.9172340337145,596,1077,837
4507.122646798794,4506.747646798794,4507.497646798794,994,1185,1090
4506.505548335666,4506.380548335666,4506.630548335666,1211,1208,1210
4505.122062248388,4504.872062248388,4505.372062248388,1196,2363,1780
4505.153686833307,4505.028686833307,4505.278686833307,2376,1081,1729
4506.518103721919,4506.393103721919,4506.643103721919,1485,1378,1432
4505.770340605369,4505.645340605369,4505.895340605369,1898,1895,1897
4510.299937496791,4510.049937496791,4510.549937496791,953,2002,1478
4511.837325060581,4511.712325060581,4511.962325060581,894,1965,1430
4511.207144359287,4510.957144359287,4511.457144359287,783,1872,1328
4512.370508558258,4512.245508558258,4512.495508558258,816,1021,919
4507.983231294413,4507.858231294413,4508.108231294413,514,1155,835
4509.8803200544235,4509.7553200544235,4510.0053200544235,815,1290,1053
4510.824653001732,4510.699653001732,4510.949653001732,2094,1375,1735
4511.465007446867,4511.215007446867,4511.715007446867,1403,1832,1618
4510.822527414483,4510.447527414483,4511.197527414483,1663,1610,1637
4507.942328063118,4507.817328063118,4508.067328063118,633,1584,1109
4505.7618971709535,4505.6368971709535,4505.8868971709535,2203,1128,1666
4505.757093314282,4505.382093314282,4506.132093314282,449,1340,895
4503.740463157292,4503.615463157292,4503.865463157292,2092,1861,1977
4503.6191830117405,4503.4941830117405,4503.7441830117405,820,1187,1004
4507.446887045458,4507.071887045458,4507.821887045458,1197,1008,1103
4504.757961235488,4504.632961235488,4504.882961235488,1346,2607,1977
4506.640067354576,4506.515067354576,4506.765067354576,1162,1389,1276
4505.579742748023,4505.454742748023,4505.704742748023,1825,1274,1550
4509.250145060644,4509.125145060644,4509.375145060644,1362,2219,1791
4512.787808432333,4512.662808432333,4512.912808432333,1443,526,985
4512.324630825039,4511.949630825039,4512.699630825039,969,2102,1536
4511.220010561039,4510.970010561039,4511.470010561039,733,1386,1060
4513.413611089782,4513.163611089782,4513.663611089782,2098,1313,1706
4513.155037040973,4513.030037040973,4513.280037040973,589,1090,840
4510.170188293011,4510.045188293011,4510.295188293011,2443,1114,1779
4508.811738138054,4508.686738138054,4508.936738138054,849,1616,1233
4507.774141247274,4507.649141247274,4507.899141247274,2112,1009,1561
4505.114206104533,4504.989206104533,4505.239206104533,1563,836,1200
4503.565793867386,4503.440793867386,4503.690793867386,797,998,898
4502.789797071192,4502.664797071192,4502.914797071192,1285,2202,1744
4504.464312032957,4504.339312032957,4504.589312032957,2290,955,1623
4501.493206173604,4501.368206173604,4501.618206173604,1656,1603,1630
4504.242364296861,4503.992364296861,4504.492364296861,2115,716,1416
4506.7416454491595,4506.4916454491595,4506.9916454491595,833,924,879
4504.8252654908665,4504.4502654908665,4505.2002654908665,1557,1470,1514
4502.441303832332,4502.316303832332,4502.566303832332,904,1281,1093
4502.436630536524,4502.186630536524,4502.686630536524,1244,1475,1360
4503.150158613267,4502.775158613267,4503.525158613267,1655,2246,1951
4502.873149452341,4502.498149452341,4503.248149452341,900,769,835
4499.311304560635,4499.186304560635,4499.436304560635,2690,1085,1888
4502.495678721567,4502.245678721567,4502.745678721567,1466,1977,1722
4499.362060099452,4499.237060099452,4499.487060099452,790,811,801
4501.312305856059,4501.187305856059,4501.437305856059,1292,2043,1668
4502.354994424108,4502.104994424108,4502.604994424108,799,1946,1373
4501.907571023994,4501.782571023994,4502.032571023994,1480,921,1201
4502.451371985308,4502.076371985308,4502.826371985308,1073,1852,1463
4505.042044217247,4504.917044217247,4505.167044217247,1303,1168,1236
4506.548439737223,4506.173439737223,4506.923439737223,947,2084,1516
4504.143595144929,4503.768595144929,4504.518595144929,1149,770,960
4502.877038259829,4502.752038259829,4503.002038259829,2088,1503,1796
4503.340570373803,4503.090570373803,4503.590570373803,505,1406,956
4502.734858828765,4502.609858828765,4502.859858828765,967,2456,1712
4503.055697125893,4502.805697125893,4503.305697125893,1905,838,1372
4503.9563518391515,4503.8313518391515,4504.0813518391515,2119,732,1426
4505.471977189306,4505.346977189306,4505.596977189306,627,1058,843
4503.980965915467,4503.855965915467,4504.105965915467,755,846,801
4508.826104184316,4508.576104184316,4509.076104184316,1635,1668,1652
4507.490276380897,4507.240276380897,4507.740276380897,1056,1771,1414
4506.271143782958,4506.146143782958,4506.396143782958,730,1479,1105
4503.256629258445,4503.131629258445,4503.381629258445,994,2513,1754
4502.17585489162,4502.05085489162,4502.30085489162,1212,2371,1792
4500.711879945677,4500.586879945677,4500.836879945677,1259,1728,1494
4500.240053934083,4500.115053934083,4500.365053934083,911,2166,1539
4500.18829154424,4499.81329154424,4500.56329154424,897,2500,1699
4500.043728112659,4499.918728112659,4500.168728112659,754,1151,953
4503.375025228173,4503.250025228173,4503.500025228173,1350,555,953
4502.696215262734,4502.571215262734,4502.821215262734,1178,509,844
4504.216121344722,4504.091121344722,4504.341121344722,2096,709,1403
4507.588250171646,4507.463250171646,4507.713250171646,1041,1976,1509
4509.586859937278,4509.336859937278,4509.836859937278,1451,2112,1782
4507.652533343066,4507.527533343066,4507.777533343066,799,1790,1295
4506.38311225045,4506.13311225045,4506.63311225045,1042,2177,1610
4504.8353524267295,4504.5853524267295,4505.0853524267295,1244,1747,1496
4507.568014132024,4507.318014132024,4507.818014132024,899,1504,1202
4509.443972326526,4509.193972326526,4509.693972326526,2032,929,1481
4501.122326409956,4500.997326409956,4501.247326409956,1256,1063,1160
4504.238056770653,4504.113056770653,4504.363056770653,809,1066,938
4506.381022432324,4506.256022432324,4506.506022432324,1529,1134,1332
4505.4210520473,4505.2960520473,4505.5460520473,1504,2403,1954
4507.795958356651,4507.670958356651,4507.920958356651,2120,1103,1612
4508.054345315862,4507.929345315862,4508.179345315862,594,1021,808
4504.718376243535,4504.468376243535,4504.968376243535,2569,1058,1814
4505.259732269351,4505.009732269351,4505.509732269351,1173,552,863
4509.055062207873,4508.930062207873,4509.180062207873,736,955,846
4503.90577376027,4503.65577376027,4504.15577376027,1970,1251,1611
4501.824094664356,4501.699094664356,4501.949094664356,1805,754,1280
4497.756720671979,4497.631720671979,4497.881720671979,2239,874,1557
4497.692628524937,4497.567628524937,4497.817628524937,2123,1154,1639
4500.230955040576,4500.105955040576,4500.355955040576,1623,978,1301
4498.297111676545,4498.172111676545,4498.422111676545,1160,699,930
4501.914306125416,4501.789306125416,4502.039306125416,2342,1307,1825
4502.505744466054,4502.380744466054,4502.630744466054,2520,865,1693
4499.635762531869,4499.260762531869,4500.010762531869,758,1539,1149
4499.572900439148,4499.322900439148,4499.822900439148,711,1572,1142
4500.632602807545,4500.257602807545,4501.007602807545,1256,2343,1800
4497.287745680054,4497.162745680054,4497.412745680054,1303,2114,1709
4496.311643980633,4496.061643980633,4496.561643980633,1126,1515,1321
4495.9750129869435,4495.8500129869435,4496.1000129869435,2161,1034,1598
4496.680288272435,4496.555288272435,4496.805288272435,2574,1087,1831
4499.091467911825,4498.716467911825,4499.466467911825,1986,1221,1604
4492.8835130144935,4492.7585130144935,4493.0085130144935,1556,1091,1324
4492.188181856918,4491.938181856918,4492.438181856918,1246,1235,1241
4495.409250215186,4495.284250215186,4495.534250215186,830,1683,1257
4495.607988163044,4495.357988163044,4495.857988163044,936,1489,1213
4491.959651440299,4491.709651440299,4492.209651440299,1625,712,1169
4491.493960958084,4491.368960958084,4491.618960958084,788,893,841
4488.227022574498,4487.977022574498,4488.477022574498,1209,1210,1210
4487.143330064354,4486.893330064354,4487.393330064354,2675,898,1787
4485.999475954474,4485.874475954474,4486.124475954474,2024,757,1391
4487.805457293391,4487.680457293391,4487.930457293391,940,709,825
4488.576464342272,4488.451464342272,4488.701464342272,780,1621,1201
4486.456299877889,4486.081299877889,4486.831299877889,1429,2374,1902
4489.478563310641,4489.228563310641,4489.728563310641,2076,1233,1655
4491.386633818006,4491.261633818006,4491.511633818006,1118,605,862
4488.893276266402,4488.768276266402,4489.018276266402,719,2032,1376
4487.888204038716,4487.763204038716,4488.013204038716,1737,1782,1760
4487.269146281076,4487.144146281076,4487.394146281076,1190,1273,1232
4488.538535970579,4488.288535970579,4488.788535970579,767,1502,1135
4492.372998828895,4492.247998828895,4492.497998828895,1731,1564,1648
4491.442686520015,4491.192686520015,4491.692686520015,1820,1877,1849
4489.998290972872,4489.873290972872,4490.123290972872,1301,794,1048
4488.222916786062,4488.097916786062,4488.347916786062,1533,1384,1459
4485.364280588859,4485.239280588859,4485.489280588859,2459,880,1670
4482.913158686272,4482.788158686272,4483.038158686272,1580,2383,1982
4482.494689993552,4482.369689993552,4482.619689993552,1283,1828,1556
4482.044023107404,4481.794023107404,4482.294023107404,1673,1644,1659
4478.299876678075,4478.174876678075,4478.424876678075,1429,1708,1569
4479.455887865054,4479.080887865054,4479.830887865054,1207,2014,1611
4480.392525308669,4480.142525308669,4480.642525308669,722,1799,1261
4479.489687863602,4479.239687863602,4479.739687863602,1208,2593,1901
4476.389216820956,4476.014216820956,4476.764216820956,2012,1921,1967
4474.694493627658,4474.319493627658,4475.069493627658,731,1230,981
4480.809520464193,4480.684520464193,4480.934520464193,1820,869,1345
4475.350163797359,4475.225163797359,4475.475163797359,1714,1715,1715
4472.415923833209,4472.165923833209,4472.665923833209,2015,944,1480
4470.179801466726,4470.054801466726,4470.304801466726,1085,1076,1081
4467.094795001451,4466.969795001451,4467.219795001451,2010,695,1353
4469.631944694473,4469.506944694473,4469.756944694473,1314,623,969
4473.9020060028015,4473.7770060028015,4474.0270060028015,1388,1923,1656
4471.794086489261,4471.669086489261,4471.919086489261,1725,784,1255
4472.120400882658,4471.995400882658,4472.245400882658,1918,1251,1585
4471.568428449175,4471.443428449175,4471.693428449175,787,1548,1168
4472.465369682768,4472.340369682768,4472.590369682768,2012,1273,1643
4474.660757838042,4474.535757838042,4474.785757838042,1214,1213,1214
4475.916254829558,4475.791254829558,4476.041254829558,481,1340,911
4482.70116012491,4482.45116012491,4482.95116012491,1000,2269,1635
4483.1212897432815,4482.9962897432815,4483.2462897432815,2744,1021,1883
4485.747369302293,4485.622369302293,4485.872369302293,1926,1911,1919
4490.200159846078,4490.075159846078,4490.325159846078,1316,2047,1682
4485.777648750307,4485.527648750307,4486.027648750307,2552,989,1771
4485.849336764854,4485.599336764854,4486.099336764854,1739,1908,1824
4482.855157332791,4482.605157332791,4483.105157332791,1091,2156,1624
4485.673850537745,4485.423850537745,4485.923850537745,1078,1335,1207
4492.469704578485,4492.344704578485,4492.594704578485,2738,971,1855
4490.675300618987,4490.550300618987,4490.800300618987,1900,901,1401
4491.45961363769,4491.20961363769,4491.70961363769,545,1158,852
4487.596967246495,4487.346967246495,4487.846967246495,1604,937,1271
4486.187838872295,4485.937838872295,4486.437838872295,2100,1871,1986
4490.197285950462,4490.072285950462,4490.322285950462,2087,1700,1894
4490.766540009768,4490.641540009768,4490.891540009768,1584,799,1192
4489.12928059824,4489.00428059824,4489.25428059824,1176,437,807
4489.07379010667,4488.94879010667,4489.19879010667,1616,1217,1417
4490.853400250833,4490.728400250833,4490.978400250833,1066,2631,1849
4488.94044807692,4488.81544807692,4489.06544807692,1811,650,1231
4494.8848552068175,4494.7598552068175,4495.0098552068175,1764,1687,1726
4499.64280819463,4499.39280819463,4499.89280819463,1923,682,1303
4500.258990955185,4500.133990955185,4500.383990955185,2096,1867,1982
4499.203939914882,4498.828939914882,4499.578939914882,1138,623,881
4497.652750873591,4497.527750873591,4497.777750873591,2724,1035,1880
4494.671569249932,4494.546569249932,4494.796569249932,2698,1171,1935
4495.461118121823,4495.336118121823,4495.586118121823,1381,1860,1621
4493.139912465737,4492.889912465737,4493.389912465737,1674,2063,1869
4492.089729040798,4491.964729040798,4492.214729040798,918,2715,1817
4490.8785575757565,4490.7535575757565,4491.0035575757565,2414,1015,1715
4492.077560925165,4491.827560925165,4492.327560925165,896,2621,1759
4489.8280541149215,4489.7030541149215,4489.9530541149215,1325,2448,1887
4490.290922613995,4490.040922613995,4490.540922613995,1426,517,972
4493.085657633352,4492.960657633352,4493.210657633352,2368,1375,1872
4494.89064902717,4494.76564902717,4495.01564902717,1556,645,1101
4496.220143463514,4496.095143463514,4496.345143463514,1589,1138,1364
4492.471546541202,4492.221546541202,4492.721546541202,1421,502,962
4487.396620884843,4487.146620884843,4487.646620884843,2079,952,1516
4491.168645454834,4490.793645454834,4491.543645454834,1213,606,910
4492.3865359223655,4492.2615359223655,4492.5115359223655,1225,2186,1706
4490.00418174918,4489.75418174918,4490.25418174918,1706,1255,1481
4485.977650292016,4485.727650292016,4486.227650292016,1688,1699,1694
4487.165971040577,4486.915971040577,4487.415971040577,1313,1586,1450
4488.191085449882,4488.066085449882,4488.316085449882,1748,995,1372
4487.247306478538,4487.122306478538,4487.372306478538,1691,1552,1622
4484.610102002743,4484.360102002743,4484.860102002743,1472,1007,1240
4480.613682283433,4480.488682283433,4480.738682283433,1031,1204,1118
4486.844397216295,4486.719397216295,4486.969397216295,1317,720,1019
4487.6697716310155,4487.5447716310155,4487.7947716310155,2627,1304,1966
4486.621342916313,4486.371342916313,4486.871342916313,2146,765,1456
4483.949890668052,4483.824890668052,4484.074890668052,1455,892,1174
4485.2319091581985,4484.9819091581985,4485.4819091581985,1191,1384,1288
4487.505709310531,4487.130709310531,4487.880709310531,817,2404,1611
4487.42550434288,4487.17550434288,4487.67550434288,1134,2291,1713
4489.367085527381,4489.242085527381,4489.492085527381,1787,1958,1873
4488.014081039807,4487.889081039807,4488.139081039807,1737,714,1226
4487.090951985528,4486.715951985528,4487.465951985528,1160,783,972
4485.44888662856,4485.19888662856,4485.69888662856,1131,2838,1985
4488.188873387025,4488.063873387025,4488.313873387025,607,1398,1003
4486.4101493880635,4486.0351493880635,4486.7851493880635,2048,1775,1912
4492.248357285873,4492.123357285873,4492.373357285873,1363,2202,1783
4487.931279342602,4487.681279342602,4488.181279342602,1644,557,1101
4486.4208018216805,4486.2958018216805,4486.5458018216805,1251,1400,1326
4482.390595938869,4482.015595938869,4482.765595938869,1400,521,961
4484.421015825979,4484.171015825979,4484.671015825979,2445,1510,1978
4483.87012829594,4483.74512829594,4483.99512829594,593,1512,1053
4483.17605224485,4483.05105224485,4483.30105224485,2764,1167,1966
4479.651532172728,4479.526532172728,4479.776532172728,1464,2187,1826
4481.920212725328,4481.670212725328,4482.170212725328,1351,484,918
4484.668504513625,4484.543504513625,4484.793504513625,1824,1207,1516
4480.599229874192,4480.474229874192,4480.724229874192,1473,556,1015
4478.828924839365,4478.703924839365,4478.953924839365,1844,1185,1515
4482.914505565482,4482.539505565482,4483.289505565482,1629,986,1308
4481.625316524344,4481.500316524344,4481.750316524344,2326,1537,1932
4481.781733673956,4481.656733673956,4481.906733673956,909,2378,1644
4480.719885634693,4480.594885634693,4480.844885634693,2179,1622,1901
4477.521333629592,4477.396333629592,4477.646333629592,1625,746,1186
4476.743944727846,4476.493944727846,4476.993944727846,1237,1450,1344
4475.319907300813,4475.069907300813,4475.569907300813,2444,859,1652
4473.4055931408475,4473.0305931408475,4473.7805931408475,821,1206,1014
4469.97588763,4469.72588763,4470.22588763,1201,1424,1313
4471.923934034361,4471.548934034361,4472.298934034361,925,2638,1782
4475.116289843499,4474.866289843499,4475.366289843499,1213,2026,1620
4471.600248200042,4471.350248200042,4471.850248200042,872,1137,1005
4468.065549490405,4467.940549490405,4468.190549490405,1868,1153,1511
4465.572930788937,4465.447930788937,4465.697930788937,948,857,903
4464.2853706818,4464.1603706818,4464.4103706818,1693,1704,1699
4464.707819121373,4464.457819121373,4464.957819121373,990,817,904
4466.71491965663,4466.58991965663,4466.83991965663,1170,1185,1178
4467.732802382742,4467.607802382742,4467.857802382742,1317,1594,1456
4470.85416499814,4470.72916499814,4470.97916499814,1704,2089,1897
4470.928159921068,4470.678159921068,4471.178159921068,2819,1040,1930
4468.921321525764,4468.796321525764,4469.046321525764,2803,1178,1991
4473.749441977507,4473.499441977507,4473.999441977507,1597,1246,1422
4471.91429549489,4471.66429549489,4472.16429549489,2258,1443,1851
4469.304661057482,4469.054661057482,4469.554661057482,1596,1145,1371
4472.542812467909,4472.417812467909,4472.667812467909,1553,2308,1931
4468.327011682872,4468.202011682872,4468.452011682872,856,1139,998
4466.819878452855,4466.569878452855,4467.069878452855,972,1023,998
4463.831494185153,4463.706494185153,4463.956494185153,2052,931,1492
4465.841932397972,4465.591932397972,4466.091932397972,1034,1799,1417
4466.396168257358,4466.271168257358,4466.521168257358,748,1311,1030
4470.294513918264,4470.169513918264,4470.419513918264,2274,1455,1865
4471.235241265024,4471.110241265024,4471.360241265024,930,797,864
4468.806720559178,4468.681720559178,4468.931720559178,1568,569,1069
4473.661374073615,4473.536374073615,4473.786374073615,1974,1109,1542
4475.0120880719305,4474.7620880719305,4475.2620880719305,1042,847,945
4475.110010137559,4474.860010137559,4475.360010137559,1377,538,958
4472.079674058144,4471.954674058144,4472.204674058144,1150,2737,1944
4475.802750202398,4475.552750202398,4476.052750202398,969,752,861
4472.606059470855,4472.481059470855,4472.731059470855,799,1428,1114
4466.882900841251,4466.757900841251,4467.007900841251,1896,1513,1705
4463.453855394384,4463.203855394384,4463.703855394384,1011,2672,1842
4466.045403103701,4465.920403103701,4466.170403103701,1931,1012,1472
4467.464235622828,4467.339235622828,4467.589235622828,1529,1776,1653
4467.407666227207,4467.282666227207,4467.532666227207,2120,723,1422
4467.508246028335,4467.258246028335,4467.758246028335,2186,1701,1944
4466.1260005503445,4465.8760005503445,4466.3760005503445,832,1455,1144
4465.575765498127,4465.450765498127,4465.700765498127,1124,1927,1526
4466.0117492293,4465.8867492293,4466.1367492293,1250,2519,1885
4467.63662014928,4467.38662014928,4467.88662014928,1496,1409,1453
4467.799940592488,4467.674940592488,4467.924940592488,957,1278,1118
4466.35155212142,4466.22655212142,4466.47655212142,1515,668,1092
4461.902869430482,4461.652869430482,4462.152869430482,2707,1154,1931
4461.903196006324,4461.778196006324,4462.028196006324,2038,1059,1549
4459.9680798648815,4459.7180798648815,4460.2180798648815,1240,717,979
4459.679342387616,4459.554342387616,4459.804342387616,1389,480,935
4459.009036285157,4458.884036285157,4459.134036285157,640,1045,843
4455.814612539087,4455.689612539087,4455.939612539087,2033,1580,1807
4457.530648566542,4457.405648566542,4457.655648566542,2518,1227,1873
4456.984967865312,4456.859967865312,4457.109967865312,835,766,801
4456.908597867519,4456.783597867519,4457.033597867519,1932,1263,1598
4454.232109794938,4454.107109794938,4454.357109794938,522,1503,1013
4451.95923849315,4451.70923849315,4452.20923849315,2066,967,1517
4449.211553550078,4448.836553550078,4449.586553550078,1415,1052,1234
4444.24878428105,4444.12378428105,4444.37378428105,1159,1566,1363
4443.319515814519,4443.194515814519,4443.444515814519,889,1508,1199
4448.760384290859,4448.635384290859,4448.885384290859,1212,2583,1898
4445.183705617649,4444.933705617649,4445.433705617649,1529,1252,1391
4444.596552773202,4444.346552773202,4444.846552773202,1355,1234,1295
4447.044217593786,4446.919217593786,4447.169217593786,1913,1256,1585
4445.2278942311605,4445.1028942311605,4445.3528942311605,682,1677,1180
4444.668223079377,4444.543223079377,4444.793223079377,683,1916,1300
4446.6804396487005,4446.3054396487005,4447.0554396487005,929,2578,1754
4447.2337360342035,4447.1087360342035,4447.3587360342035,1386,815,1101
4448.890274264791,4448.765274264791,4449.015274264791,900,2689,1795
4450.947970539833,4450.822970539833,4451.072970539833,765,1404,1085
4451.389714451654,4451.014714451654,4451.764714451654,1954,1131,1543
4452.951583815332,4452.576583815332,4453.326583815332,2641,1024,1833
4453.099262302777,4452.974262302777,4453.224262302777,1159,2104,1632
4453.63188768407,4453.25688768407,4454.00688768407,2275,792,1534
4452.547082642885,4452.422082642885,4452.672082642885,1649,1100,1375
4451.306010205944,4450.931010205944,4451.681010205944,1129,1398,1264
4448.233476606419,4448.108476606419,4448.358476606419,900,1039,970
4447.43613128345,4447.06113128345,4447.81113128345,580,1719,1150
4448.024240072461,4447.899240072461,4448.149240072461,1139,672,906
4446.620039324609,4446.495039324609,4446.745039324609,948,867,908
4447.853446702749,4447.728446702749,4447.978446702749,2187,1314,1751
4450.564490743425,4450.439490743425,4450.689490743425,1668,843,1256
4454.611925810769,4454.486925810769,4454.736925810769,870,2493,1682
4454.819865078228,4454.694865078228,4454.944865078228,1535,894,1215
4452.755040845499,4452.630040845499,4452.880040845499,2823,1096,1960
4455.016180757061,4454.641180757061,4455.391180757061,1489,2168,1829
4452.708007076238,4452.583007076238,4452.833007076238,1165,958,1062
4448.9697495847995,4448.7197495847995,4449.2197495847995,2350,907,1629
4448.957418731908,4448.707418731908,4449.207418731908,513,1358,936
4451.060112846551,4450.935112846551,4451.185112846551,1143,504,824
4450.375386430926,4450.125386430926,4450.625386430926,1231,1124,1178
4450.471149294208,4450.346149294208,4450.596149294208,827,1076,952
4448.047189116034,4447.797189116034,4448.297189116034,1036,1823,1430
4448.060449329375,4447.810449329375,4448.310449329375,2203,1170,1687
4446.5918399040065,4446.3418399040065,4446.8418399040065,1903,1838,1871
4446.403974487291,4446.153974487291,4446.653974487291,1249,1726,1488
4443.877437662186,4443.502437662186,4444.252437662186,1633,2196,1915
4444.381132537822,4444.256132537822,4444.506132537822,2756,1185,1971
4443.122390992905,4442.997390992905,4443.247390992905,1839,652,1246
4442.40823151314,4442.03323151314,4442.78323151314,769,1046,908
4442.898570932616,4442.648570932616,4443.148570932616,1973,1566,1770
4443.101410265538,4442.851410265538,4443.351410265538,523,1254,889
4444.244068996772,4443.994068996772,4444.494068996772,629,1198,914
4446.246619020728,4446.121619020728,4446.371619020728,1077,842,960
4444.053811931013,4443.678811931013,4444.428811931013,1148,947,1048
4448.082706314751,4447.957706314751,4448.207706314751,781,864,823
4448.46967450277,4448.34467450277,4448.59467450277,950,683,817
4448.070000884445,4447.945000884445,4448.195000884445,1206,2559,1883
4444.238695333264,4443.863695333264,4444.613695333264,1509,1548,1529
4444.4524214592675,4444.3274214592675,4444.5774214592675,1284,1113,1199
4442.571832381609,4442.446832381609,4442.696832381609,874,2615,1745
4439.796071753507,4439.546071753507,4440.046071753507,1429,606,1018
4442.202603327587,4442.077603327587,4442.327603327587,1657,794,1226
4441.084913123942,4440.959913123942,4441.209913123942,2781,1026,1904
4441.829885873086,4441.579885873086,4442.079885873086,1409,534,972
4440.157422923877,4440.032422923877,4440.282422923877,2667,1214,1941
4438.979478668399,4438.854478668399,4439.104478668399,1731,1302,1517
4443.58036501461,4443.45536501461,4443.70536501461,2824,1119,1972
4444.0365723489795,4443.9115723489795,4444.1615723489795,717,2090,1404
4444.245320854487,4443.995320854487,4444.495320854487,2225,762,1494
4442.368883848975,4442.243883848975,4442.493883848975,2156,987,1572
4440.125614161932,4439.875614161932,4440.375614161932,1442,559,1001
4437.642219730469,4437.392219730469,4437.892219730469,675,1988,1332
4434.941510660904,4434.816510660904,4435.066510660904,2405,1106,1756
4433.872968394175,4433.747968394175,4433.997968394175,1864,865,1365
4431.420378018595,4431.170378018595,4431.670378018595,1137,1086,1112
4431.565744102246,4431.315744102246,4431.815744102246,1131,1882,1507
4432.260879078006,4432.135879078006,4432.385879078006,1153,670,912
4430.413984829218,4430.288984829218,4430.538984829218,2081,984,1533
4427.540058445683,4427.165058445683,4427.915058445683,1166,1855,1511
4425.671351548323,4425.546351548323,4425.796351548323,757,2178,1468
4427.506257369436,4427.256257369436,4427.756257369436,1292,2621,1957
4427.251091447445,4427.126091447445,4427.376091447445,2174,843,1509
4427.445003618736,4427.195003618736,4427.695003618736,928,797,863
4426.436185547916,4426.186185547916,4426.686185547916,1784,1867,1826
4426.646508820099,4426.271508820099,4427.021508820099,1234,1257,1246
4427.116379430791,4426.991379430791,4427.241379430791,2134,1587,1861
4428.225423769627,4427.975423769627,4428.475423769627,1468,1817,1643
4429.577503949575,4429.452503949575,4429.702503949575,2546,945,1746
4429.445430611243,4429.320430611243,4429.570430611243,1091,1024,1058
4432.233740094315,4432.108740094315,4432.358740094315,2327,1436,1882
4433.3645635983,4433.2395635983,4433.4895635983,1883,1642,1763
4431.670201629723,4431.545201629723,4431.795201629723,1397,1918,1658
4430.628061121217,4430.503061121217,4430.753061121217,748,1827,1288
4429.69927425451,4429.57427425451,4429.82427425451,905,2264,1585
4431.030566169286,4430.655566169286,4431.405566169286,922,769,846
4429.478081051191,4429.353081051191,4429.603081051191,1105,752,929
4430.094551133423,4429.969551133423,4430.219551133423,1827,1458,1643
4430.938206349277,4430.688206349277,4431.188206349277,822,1407,1115
4432.730641819637,4432.605641819637,4432.855641819637,969,2360,1665
4432.510123839551,4432.385123839551,4432.635123839551,630,1131,881
4433.142560111588,4433.017560111588,4433.267560111588,635,1576,1106
4436.281037913453,4436.031037913453,4436.531037913453,2381,970,1676
4436.16600525039,4435.79100525039,4436.54100525039,2496,1335,1916
4433.048690648646,4432.923690648646,4433.173690648646,1082,1933,1508
4434.980234458786,4434.855234458786,4435.105234458786,545,1452,999
4436.070417735056,4435.945417735056,4436.195417735056,2185,830,1508
4436.205850378062,4436.080850378062,4436.330850378062,849,2096,1473
4438.78873509712,4438.66373509712,4438.91373509712,1779,1790,1785
4440.154379399262,4439.904379399262,4440.404379399262,1531,828,1180
4442.751337035677,4442.501337035677,4443.001337035677,1175,904,1040
4443.3009732281735,4442.9259732281735,4443.6759732281735,1964,1993,1979
4443.420052221559,4443.045052221559,4443.795052221559,632,1751,1192
4445.063073720305,4444.938073720305,4445.188073720305,1183,2246,1715
4445.253522999295,4445.128522999295,4445.378522999295,2048,1829,1939
4446.154317229555,4445.904317229555,4446.404317229555,2183,1622,1903
4448.715031501083,4448.590031501083,4448.840031501083,893,1028,961
4449.793467588243,4449.668467588243,4449.918467588243,573,1248,911
4448.009961084134,4447.759961084134,4448.259961084134,1329,448,889
4448.197702994965,4448.072702994965,4448.322702994965,1241,966,1104
4449.995818548439,4449.870818548439,4450.120818548439,2270,1299,1785
4449.12944777591,4449.00444777591,4449.25444777591,1233,1654,1444
4451.691990783574,4451.566990783574,4451.816990783574,2004,795,1400
4454.661873447478,4454.411873447478,4454.911873447478,1130,2099,1615
4455.333512902529,4455.083512902529,4455.583512902529,605,1266,936
4452.856343886569,4452.731343886569,4452.981343886569,1315,868,1092
4452.778437948081,4452.653437948081,4452.903437948081,1007,1084,1046
4450.955594912409,4450.705594912409,4451.205594912409,2168,869,1519
4454.341584127975,4454.091584127975,4454.591584127975,641,1042,842
4453.897026842963,4453.647026842963,4454.147026842963,702,1587,1145
4453.135306734205,4453.010306734205,4453.260306734205,1190,449,820
4456.3874944242325,4456.1374944242325,4456.6374944242325,1200,1875,1538
4455.913374264853,4455.788374264853,4456.038374264853,1389,2556,1973
4455.4566347947575,4455.3316347947575,4455.5816347947575,2004,1413,1709
4456.307804347002,4456.182804347002,4456.432804347002,798,803,801
4457.708051173534,4457.583051173534,4457.833051173534,1775,1476,1626
4457.700478235651,4457.575478235651,4457.825478235651,1556,863,1210
4460.684019205421,4460.559019205421,4460.809019205421,819,2056,1438
4460.0089512385375,4459.6339512385375,4460.3839512385375,1135,1976,1556
4461.125875924021,4461.000875924021,4461.250875924021,2344,841,1593
4462.535278353588,4462.410278353588,4462.660278353588,1047,1162,1105
4462.892650095906,4462.642650095906,4463.142650095906,764,1893,1329
4463.342756506271,4463.217756506271,4463.467756506271,1716,647,1182
4464.649661937446,4464.274661937446,4465.024661937446,1739,1342,1541
4465.08902103268,4464.71402103268,4465.46402103268,545,1588,1067
4465.335838055719,4465.210838055719,4465.460838055719,1676,645,1161
4464.662802368932,4464.412802368932,4464.912802368932,1349,1918,1634
4463.252501326944,4463.002501326944,4463.502501326944,448,1253,851
4465.565663658615,4465.315663658615,4465.815663658615,997,2350,1674
4465.602430666293,4465.352430666293,4465.852430666293,987,2580,1784
4464.764465019612,4464.389465019612,4465.139465019612,894,957,926
4464.659034651094,4464.534034651094,4464.784034651094,699,1336,1018
4464.49535911652,4464.37035911652,4464.62035911652,1903,1018,1461
4465.335173924463,4464.960173924463,4465.710173924463,1794,977,1386
4465.567009183272,4465.442009183272,4465.692009183272,1257,566,912
4465.223566330192,4465.098566330192,4465.348566330192,1153,610,882
4463.325809625989,4463.075809625989,4463.575809625989,2455,1112,1784
4462.836194898494,4462.711194898494,4462.961194898494,1638,1385,1512
4465.109047977612,4464.984047977612,4465.234047977612,639,1300,970
4465.272541986731,4465.147541986731,4465.397541986731,1038,753,896
4466.160373046581,4465.910373046581,4466.410373046581,435,1258,847
4465.368128337667,4465.118128337667,4465.618128337667,1542,859,1201
4466.9136378004105,4466.7886378004105,4467.0386378004105,1356,841,1099
4469.045949192623,4468.920949192623,4469.170949192623,1706,1333,1520
4470.613226445216,4470.363226445216,4470.863226445216,996,1363,1180
4474.015848841462,4473.640848841462,4474.390848841462,1074,2299,1687
4472.273896281642,4472.023896281642,4472.523896281642,1652,1525,1589
4470.940877826021,4470.815877826021,4471.065877826021,1281,2230,1756
4472.138834419657,4471.888834419657,4472.388834419657,1118,2733,1926
4473.209536947856,4473.084536947856,4473.334536947856,836,1165,1001
4471.900260967597,4471.775260967597,4472.025260967597,813,1836,1325
4473.647096138846,4473.522096138846,4473.772096138846,1204,1765,1485
4473.791243905718,4473.541243905718,4474.041243905718,2083,1184,1634
4471.834617632966,4471.709617632966,4471.959617632966,1295,1502,1399
4469.305595799809,4469.055595799809,4469.555595799809,803,1540,1172
4474.413058694627,4474.163058694627,4474.663058694627,1427,2256,1842
4471.50026001904,4471.25026001904,4471.75026001904,1939,1538,1739
4470.511673105084,4470.386673105084,4470.636673105084,993,1882,1438
4472.353622136522,4472.228622136522,4472.478622136522,906,1189,1048
4468.9195844181295,4468.7945844181295,4469.0445844181295,1420,2029,1725
4467.464864036035,4467.339864036035,4467.589864036035,1421,1246,1334
4468.293015768699,4468.168015768699,4468.418015768699,1490,633,1062
4467.554211004901,4467.179211004901,4467.929211004901,877,866,872
4466.860656452097,4466.735656452097,4466.985656452097,1487,1726,1607
4467.116414584161,4466.991414584161,4467.241414584161,1026,2639,1833
4466.689035227722,4466.439035227722,4466.939035227722,842,2383,1613
4467.2727599137015,4467.0227599137015,4467.5227599137015,1417,2118,1768
4467.233796736676,4467.108796736676,4467.358796736676,876,1577,1227
4469.053077330078,4468.928077330078,4469.178077330078,2790,1053,1922
4469.338777949056,4468.963777949056,4469.713777949056,1357,1126,1242
4470.562705283042,4470.312705283042,4470.812705283042,1198,1627,1413
4472.280064303437,4472.030064303437,4472.530064303437,1226,979,1103
4470.978067701402,4470.853067701402,4471.103067701402,1446,1143,1295
4470.912922997966,4470.787922997966,4471.037922997966,1042,1885,1464
4470.164393971701,4469.914393971701,4470.414393971701,871,852,862
4468.079254188378,4467.829254188378,4468.329254188378,2025,1416,1721
4468.1828975419585,4468.0578975419585,4468.3078975419585,1762,1433,1598
4470.212989919029,4469.962989919029,4470.462989919029,1800,1887,1844
4473.397046946014,4473.272046946014,4473.522046946014,1604,1023,1314
4472.096905891943,4471.971905891943,4472.221905891943,1258,1457,1358
4471.107047282546,4470.982047282546,4471.232047282546,879,1140,1010
4472.04800290328,4471.79800290328,4472.29800290328,599,1084,842
4473.988221526617,4473.738221526617,4474.238221526617,2328,1553,1941
4474.92228244327,4474.54728244327,4475.29728244327,1813,1024,1419
4474.9603591675605,4474.7103591675605,4475.2103591675605,683,1376,1030
4477.059512976217,4476.809512976217,4477.309512976217,1204,1185,1195
4476.998663269254,4476.623663269254,4477.373663269254,2468,941,1705
4475.670218742914,4475.295218742914,4476.045218742914,1086,921,1004
4477.347939895065,4477.222939895065,4477.472939895065,2253,1174,1714
4476.722760864664,4476.597760864664,4476.847760864664,892,781,837
4476.8282700710715,4476.5782700710715,4477.0782700710715,1623,2048,1836
4478.317507114801,4478.192507114801,4478.442507114801,2223,1566,1895
4479.429180684919,4479.304180684919,4479.554180684919,2054,1299,1677
4476.207411040501,4475.957411040501,4476.457411040501,895,1920,1408
4476.303574889656,4476.053574889656,4476.553574889656,968,1733,1351
4474.362472976675,4474.112472976675,4474.612472976675,855,1070,963
4475.133225852802,4475.008225852802,4475.258225852802,1016,629,823
4472.31116202283,4472.06116202283,4472.56116202283,1025,922,974
4474.429126572125,4474.304126572125,4474.554126572125,657,986,822
4479.46542839264,4479.21542839264,4479.71542839264,526,1243,885
4480.338794931974,4480.213794931974,4480.463794931974,2138,1167,1653
4481.348874361024,4481.223874361024,4481.473874361024,2447,972,1710
4474.1504874829025,4473.9004874829025,4474.4004874829025,1630,1491,1561
4476.633604282773,4476.383604282773,4476.883604282773,2038,1137,1588
4480.024767531401,4479.774767531401,4480.274767531401,2394,1019,1707
4479.571319197161,4479.446319197161,4479.696319197161,1276,1439,1358
4480.966867001385,4480.841867001385,4481.091867001385,982,2545,1764
4479.836913874874,4479.711913874874,4479.961913874874,2058,1429,1744
4473.617191138533,4473.492191138533,4473.742191138533,1236,785,1011
4474.043226139849,4473.918226139849,4474.168226139849,2341,782,1562
4473.5174336826885,4473.2674336826885,4473.7674336826885,602,1479,1041
4478.2827896562085,4478.1577896562085,4478.4077896562085,1806,1575,1691
4483.958494971269,4483.708494971269,4484.208494971269,1540,545,1043
4479.88553957699,4479.51053957699,4480.26053957699,1879,1486,1683
4485.804249627787,4485.554249627787,4486.054249627787,1414,1501,1458
4484.112894504931,4483.987894504931,4484.237894504931,1633,1414,1524
4486.7426024307415,4486.4926024307415,4486.9926024307415,1177,1298,1238
4479.740004623032,4479.615004623032,4479.865004623032,699,1568,1134
4475.54424981203,4475.41924981203,4475.66924981203,785,2276,1531
4478.228736447257,4478.103736447257,4478.353736447257,1410,1297,1354
4477.342230739046,4477.217230739046,4477.467230739046,1455,2356,1906
4484.437537384664,4484.187537384664,4484.687537384664,563,1612,1088
4488.949381542524,4488.824381542524,4489.074381542524,2840,1071,1956
4485.447034367525,4485.322034367525,4485.572034367525,911,1586,1249
4482.055682305019,4481.805682305019,4482.305682305019,1138,1043,1091
4478.039863311272,4477.914863311272,4478.164863311272,889,2146,1518
4479.582711708572,4479.332711708572,4479.832711708572,999,2206,1603
4480.949895908758,4480.824895908758,4481.074895908758,1228,2085,1657
4477.2543972584535,4476.8793972584535,4477.6293972584535,1475,1714,1595
4476.450182571423,4476.325182571423,4476.575182571423,739,2008,1374
4479.245813388775,4478.995813388775,4479.495813388775,845,1444,1145
4481.059070557128,4480.934070557128,4481.184070557128,1800,1321,1561
4481.872326176294,4481.622326176294,4482.122326176294,1994,1995,1995
4475.776231276847,4475.651231276847,4475.901231276847,1663,1720,1692
4479.2360406265525,4479.1110406265525,4479.3610406265525,825,1726,1276
4477.553872186249,4477.428872186249,4477.678872186249,1828,663,1246
4476.5564922740705,4476.1814922740705,4476.9314922740705,926,1263,1095
4478.6671373982335,4478.5421373982335,4478.7921373982335,1525,1688,1607
4484.455537955503,4484.205537955503,4484.705537955503,1091,1532,1312
4479.910155353122,4479.660155353122,4480.160155353122,2581,988,1785
4480.057795491001,4479.807795491001,4480.307795491001,1199,770,985
4483.576249255062,4483.326249255062,4483.826249255062,862,805,834
4486.562374696776,4486.437374696776,4486.687374696776,907,2594,1751
4484.041392881298,4483.916392881298,4484.166392881298,1300,2055,1678
4486.690421234899,4486.440421234899,4486.940421234899,1088,625,857
4486.196150006074,4486.071150006074,4486.321150006074,806,931,869
4484.695435830195,4484.570435830195,4484.820435830195,1807,1010,1409
4484.046023932222,4483.921023932222,4484.171023932222,956,795,876
4477.272253825788,4477.022253825788,4477.522253825788,1830,789,1310
4486.850126718448,4486.725126718448,4486.975126718448,944,1903,1424
4483.508276195522,4483.383276195522,4483.633276195522,781,1644,1213
4474.504546275728,4474.379546275728,4474.629546275728,1050,1323,1187
4472.319455606113,4472.069455606113,4472.569455606113,895,1232,1064
4470.7827525800785,4470.6577525800785,4470.9077525800785,860,1371,1116
4469.117050164016,4468.992050164016,4469.242050164016,1764,1341,1553
4465.369546255254,4465.119546255254,4465.619546255254,812,2165,1489
4462.401157033783,4462.276157033783,4462.526157033783,981,1298,1140
4461.0891423499925,4460.9641423499925,4461.2141423499925,980,651,816
4459.559341299914,4459.309341299914,4459.809341299914,2144,1179,1662
4453.735697465409,4453.610697465409,4453.860697465409,852,757,805
4451.7474145437345,4451.3724145437345,4452.1224145437345,832,885,859
4452.438361553848,4452.188361553848,4452.688361553848,1926,2041,1984
4452.055531282852,4451.930531282852,4452.180531282852,1865,734,1300
4457.167169311955,4457.042169311955,4457.292169311955,1607,2080,1844
4458.883332808771,4458.508332808771,4459.258332808771,2229,1208,1719
4459.258667429998,4458.883667429998,4459.633667429998,1619,2040,1830
4456.5087092106305,4456.3837092106305,4456.6337092106305,2367,928,1648
4451.822736457469,4451.572736457469,4452.072736457469,1386,1025,1206
4452.65206022847,4452.52706022847,4452.77706022847,1798,1687,1743
4449.679083472124,4449.554083472124,4449.804083472124,744,1067,906
4448.132837582576,4448.007837582576,4448.257837582576,2165,1564,1865
4445.648713568677,4445.523713568677,4445.773713568677,1223,1452,1338
4437.661978997213,4437.536978997213,4437.786978997213,642,1897,1270
4433.8648774208,4433.6148774208,4434.1148774208,2220,1283,1752
4431.531364627758,4431.281364627758,4431.781364627758,2404,831,1618
4433.750292235467,4433.625292235467,4433.875292235467,1373,1858,1616
4425.751848540375,4425.626848540375,4425.876848540375,2235,1736,1986
4424.357550398223,4424.107550398223,4424.607550398223,742,1519,1131
4417.799945579548,4417.674945579548,4417.924945579548,1887,716,1302
4417.345571566373,4417.220571566373,4417.470571566373,1475,736,1106
4419.832823882815,4419.582823882815,4420.082823882815,673,1782,1228
4431.773351795362,4431.523351795362,4432.023351795362,735,1252,994
4432.230483313589,4432.105483313589,4432.355483313589,1518,1831,1675
4429.671111094632,4429.546111094632,4429.796111094632,1350,499,925
4426.390445867598,4426.015445867598,4426.765445867598,1161,874,1018
4428.353636430511,4428.228636430511,4428.478636430511,888,1689,1289
4434.308177921485,4434.183177921485,4434.433177921485,1906,1271,1589
4434.126062986078,4433.876062986078,4434.376062986078,1699,864,1282
4428.492122056735,4428.242122056735,4428.742122056735,1881,1028,1455
4435.194908027021,4435.069908027021,4435.319908027021,1871,1120,1496
4438.366331428869,4438.241331428869,4438.491331428869,1060,2017,1539
4436.91292351609,4436.78792351609,4437.03792351609,1060,2903,1982
4441.921430919796,4441.671430919796,4442.171430919796,2218,1357,1788
4440.769251612811,4440.644251612811,4440.894251612811,1862,2067,1965
4441.902191156659,4441.652191156659,4442.152191156659,1425,2080,1753
4444.992889313515,4444.867889313515,4445.117889313515,1282,1173,1228
4445.277370429311,4445.152370429311,4445.402370429311,776,1163,970
4443.877980047952,4443.752980047952,4444.002980047952,1285,1100,1193
4442.804896398688,4442.429896398688,4443.179896398688,1185,912,1049
4437.727637265605,4437.602637265605,4437.852637265605,1517,534,1026
4440.767857166913,4440.642857166913,4440.892857166913,2046,967,1507
4440.2361794119015,4440.1111794119015,4440.3611794119015,1892,943,1418
4435.834301152783,4435.584301152783,4436.084301152783,738,965,852
4436.031901642678,4435.906901642678,4436.156901642678,718,1455,1087
4433.975162250916,4433.850162250916,4434.100162250916,1342,2339,1841
4433.885400139101,4433.760400139101,4434.010400139101,2318,1471,1895
4430.901040622702,4430.651040622702,4431.151040622702,745,1588,1167
4428.998560054965,4428.873560054965,4429.123560054965,1307,1226,1267
4428.945038581096,4428.820038581096,4429.070038581096,1116,1583,1350
4432.387446868332,4432.262446868332,4432.512446868332,970,1775,1373
4430.176553516298,4429.926553516298,4430.426553516298,936,2573,1755
4434.116510646559,4433.866510646559,4434.366510646559,1537,1652,1595
4434.043656104147,4433.918656104147,4434.168656104147,1116,1493,1305
4432.543924597973,4432.418924597973,4432.668924597973,1079,2760,1920
4435.0872303225215,4434.9622303225215,4435.2122303225215,1249,2560,1905
4438.02929824773,4437.90429824773,4438.15429824773,2204,1505,1855
4437.106700614625,4436.981700614625,4437.231700614625,1906,1369,1638
4437.769676260175,4437.644676260175,4437.894676260175,2721,982,1852
4441.254658632527,4441.129658632527,4441.379658632527,1900,877,1389
4447.71067364873,4447.46067364873,4447.96067364873,1172,1423,1298
4446.335296206957,4446.085296206957,4446.585296206957,1691,1382,1537
4449.377477215281,4449.252477215281,4449.502477215281,1005,1584,1295
4450.188943774136,4450.063943774136,4450.313943774136,2450,1099,1775
4446.136408392689,4446.011408392689,4446.261408392689,704,1979,1342
4444.750152852477,4444.625152852477,4444.875152852477,717,1228,973
4441.500321753148,4441.125321753148,4441.875321753148,890,1887,1389
4443.858971671496,4443.733971671496,4443.983971671496,1786,1623,1705
4438.301467433774,4438.051467433774,4438.551467433774,1612,1307,1460
4435.005253316897,4434.880253316897,4435.130253316897,1297,686,992
4433.674441986046,4433.549441986046,4433.799441986046,1125,2540,1833
4431.9238784387,4431.7988784387,4432.0488784387,1143,766,955
4431.092179350684,4430.842179350684,4431.342179350684,1298,2225,1762
4432.53297471911,4432.28297471911,4432.78297471911,1683,750,1217
4433.204824651305,4433.079824651305,4433.329824651305,1771,790,1281
4431.883792152019,4431.633792152019,4432.133792152019,1517,2344,1931
4435.735163197629,4435.610163197629,4435.860163197629,1962,1023,1493
4436.148038394577,4435.773038394577,4436.523038394577,2067,1120,1594
4432.38491583192,4432.00991583192,4432.75991583192,1960,867,1414
4430.830300247797,4430.455300247797,4431.205300247797,2166,1659,1913
4429.276852048391,4429.151852048391,4429.401852048391,1887,1620,1754
4427.03563265705,4426.91063265705,4427.16063265705,1076,687,882
4427.975199326402,4427.850199326402,4428.100199326402,1939,2034,1987
4427.780652699582,4427.405652699582,4428.155652699582,1744,1441,1593
4433.111911938392,4432.861911938392,4433.361911938392,1126,711,919
4430.865169570248,4430.615169570248,4431.115169570248,1327,594,961
4431.884866073567,4431.759866073567,4432.009866073567,836,1077,957
4428.4193548588855,4428.2943548588855,4428.5443548588855,2361,1100,1731
4430.285007266728,4430.160007266728,4430.410007266728,988,2787,1888
4428.23450367334,4428.10950367334,4428.35950367334,2377,1460,1919
4423.152984668716,4423.027984668716,4423.277984668716,1553,1726,1640
4420.3707743594005,4420.2457743594005,4420.4957743594005,1312,2207,1760
4411.075484207693,4410.950484207693,4411.200484207693,1054,1499,1277
4406.31055138224,4406.18555138224,4406.43555138224,1098,1821,1460
4407.988561500036,4407.863561500036,4408.113561500036,1520,1027,1274
4404.549049081618,4404.424049081618,4404.674049081618,847,1700,1274
4405.566507302744,4405.441507302744,4405.691507302744,1412,1649,1531
4409.30614895977,4409.05614895977,4409.55614895977,767,1832,1300
4407.458795709396,4407.208795709396,4407.708795709396,617,1338,978
4404.541953540817,4404.416953540817,4404.666953540817,1189,1588,1389
4406.956267302158,4406.706267302158,4407.206267302158,1950,1817,1884
4407.485764358746,4407.235764358746,4407.735764358746,643,1162,903
4408.072457361133,4407.947457361133,4408.197457361133,997,848,923
4407.3812527679875,4407.1312527679875,4407.6312527679875,1980,1827,1904
4410.720616671143,4410.595616671143,4410.845616671143,1930,1251,1591
4415.7107805190435,4415.3357805190435,4416.0857805190435,729,1976,1353
4413.955789429374,4413.830789429374,4414.080789429374,1185,2112,1649
4406.60554633871,4406.23054633871,4406.98054633871,1554,2093,1824
4405.6996520970015,4405.5746520970015,4405.8246520970015,1610,1155,1383
4405.121390159992,4404.996390159992,4405.246390159992,1549,1506,1528
4402.938312523456,4402.813312523456,4403.063312523456,1204,685,945
4407.040008180428,4406.790008180428,4407.290008180428,1325,2122,1724
4402.104714664986,4401.979714664986,4402.229714664986,926,2749,1838
4408.958122393378,4408.708122393378,4409.208122393378,2596,1205,1901
4406.804007774381,4406.679007774381,4406.929007774381,849,1356,1103
4399.006885957098,4398.756885957098,4399.256885957098,1696,955,1326
4396.27849273902,4396.15349273902,4396.40349273902,719,1028,874
4395.68081557693,4395.55581557693,4395.80581557693,1783,1186,1485
4394.283179517519,4394.158179517519,4394.408179517519,2144,1365,1755
4396.767907488311,4396.517907488311,4397.017907488311,1453,908,1181
4396.089134802514,4395.839134802514,4396.339134802514,1496,1235,1366
4401.114276519068,4400.864276519068,4401.364276519068,2292,1051,1672
4401.973979836897,4401.723979836897,4402.223979836897,1253,602,928
4398.760649253744,4398.635649253744,4398.885649253744,1184,955,1070
4401.656474983106,4401.531474983106,4401.781474983106,1866,1909,1888
4404.340660005078,4403.965660005078,4404.715660005078,1591,2232,1912
4400.5529387612605,4400.3029387612605,4400.8029387612605,1135,2766,1951
4405.410868251672,4405.035868251672,4405.785868251672,440,1175,808
4405.710894513868,4405.585894513868,4405.835894513868,2142,1235,1689
4402.130358180032,4401.755358180032,4402.505358180032,1251,772,1012
4397.086024303928,4396.836024303928,4397.336024303928,554,1319,937
4403.322933135436,4403.197933135436,4403.447933135436,1211,2706,1959
4406.84194182913,4406.46694182913,4407.21694182913,1529,1604,1567
4405.955447849627,4405.705447849627,4406.205447849627,1550,1081,1316
4403.46032796299,4403.21032796299,4403.71032796299,2305,1246,1776
4398.861255961588,4398.611255961588,4399.111255961588,995,858,927
4395.318328113405,4395.068328113405,4395.568328113405,1215,830,1023
4390.355517680765,4390.105517680765,4390.605517680765,927,1674,1301
4398.020289033331,4397.895289033331,4398.145289033331,1474,731,1103
4398.9960056304735,4398.6210056304735,4399.3710056304735,558,1225,892
4393.52614441306,4393.40114441306,4393.65114441306,1189,2238,1714
4386.805212693085,4386.680212693085,4386.930212693085,885,1638,1262
4383.4204719288,4383.2954719288,4383.5454719288,1076,587,832
4380.849665126361,4380.599665126361,4381.099665126361,1427,626,1027
4383.9030888473035,4383.7780888473035,4384.0280888473035,1154,785,970
4379.97899778485,4379.85399778485,4380.10399778485,1452,1481,1467
4383.4338334779495,4383.3088334779495,4383.5588334779495,544,1249,897
4381.508074148955,4381.383074148955,4381.633074148955,625,1370,998
4383.091257080602,4382.841257080602,4383.341257080602,1763,1288,1526
4383.82765858091,4383.70265858091,4383.95265858091,910,1773,1342
4387.917977846874,4387.792977846874,4388.042977846874,1279,1152,1216
4393.290874107638,4393.165874107638,4393.415874107638,2105,1098,1602
4394.675473568103,4394.550473568103,4394.800473568103,877,852,865
4397.718150285956,4397.468150285956,4397.968150285956,1537,1400,1469
4399.8802373568415,4399.7552373568415,4400.0052373568415,1224,491,858
4405.99195108155,4405.74195108155,4406.24195108155,1498,1089,1294
4406.17387756022,4405.92387756022,4406.42387756022,1225,832,1029
4407.768717783747,4407.393717783747,4408.143717783747,1625,1780,1703
4410.516630293378,4410.391630293378,4410.641630293378,1946,1547,1747
4413.944737314168,4413.819737314168,4414.069737314168,1149,1434,1292
4416.718797434941,4416.468797434941,4416.968797434941,565,1284,925
4416.381539041779,4416.256539041779,4416.506539041779,1431,1556,1494
4417.362712279081,4417.112712279081,4417.612712279081,1648,1545,1597
4411.720463633574,4411.345463633574,4412.095463633574,1060,1747,1404
4413.76186047918,4413.63686047918,4413.88686047918,1537,1034,1286
4413.098570694059,4412.848570694059,4413.348570694059,1889,1700,1795
4409.815478993989,4409.690478993989,4409.940478993989,1023,1432,1228
4401.934573817039,4401.684573817039,4402.184573817039,2052,1021,1537
4399.5565212216825,4399.3065212216825,4399.8065212216825,1488,925,1207
4397.6627659037085,4397.5377659037085,4397.7877659037085,1593,2326,1960
4397.68988790833,4397.43988790833,4397.93988790833,1306,2099,1703
4410.050640394117,4409.925640394117,4410.175640394117,1040,1651,1346
4412.571865208707,4412.446865208707,4412.696865208707,2122,931,1527
4411.807080571852,4411.557080571852,4412.057080571852,1242,2329,1786
4408.394752373378,4408.269752373378,4408.519752373378,1918,1975,1947
4407.507788496336,4407.257788496336,4407.757788496336,964,2497,1731
4406.210553800857,4406.085553800857,4406.335553800857,2318,1191,1755
4402.207034166934,4401.832034166934,4402.582034166934,492,1441,967
4400.023048925149,4399.898048925149,4400.148048925149,2118,1651,1885
4394.5153656103475,4394.3903656103475,4394.6403656103475,1234,2657,1946
4391.833871906661,4391.708871906661,4391.958871906661,1946,1117,1532
4393.317847233037,4392.942847233037,4393.692847233037,1632,2261,1947
4390.844359068415,4390.719359068415,4390.969359068415,765,866,816
4389.253867404218,4389.128867404218,4389.378867404218,2122,1045,1584
4394.427302873433,4394.302302873433,4394.552302873433,1274,1009,1142
4399.985480729977,4399.735480729977,4400.235480729977,2099,1138,1619
4396.511403313431,4396.386403313431,4396.636403313431,567,1306,937
4395.14659673411,4395.02159673411,4395.27159673411,1484,1783,1634
4393.910170271566,4393.660170271566,4394.160170271566,611,1020,816
4389.552591831644,4389.427591831644,4389.677591831644,937,1740,1339
4391.806913352461,4391.681913352461,4391.931913352461,2050,1757,1904
4393.321939741331,4393.196939741331,4393.446939741331,528,1227,878
4388.7058095821385,4388.5808095821385,4388.8308095821385,1497,1918,1708
4384.664391908994,4384.414391908994,4384.914391908994,757,1614,1186
4387.91832678346,4387.79332678346,4388.04332678346,1575,2220,1898
4393.28883119058,4393.03883119058,4393.53883119058,986,651,819
4392.610170606009,4392.485170606009,4392.735170606009,948,1797,1373
4393.572495431234,4393.322495431234,4393.822495431234,1278,1795,1537
4391.114818134984,4390.989818134984,4391.239818134984,1139,2610,1875
4392.83686507356,4392.71186507356,4392.96186507356,612,1791,1202
4387.149982493237,4387.024982493237,4387.274982493237,738,1527,1133
4389.208238649615,4389.083238649615,4389.333238649615,1991,872,1432
4384.337820206421,4384.212820206421,4384.462820206421,1740,867,1304
4385.023847204355,4384.898847204355,4385.148847204355,1643,1288,1466
4391.393292495755,4391.143292495755,4391.643292495755,2585,1174,1880
4387.473754802719,4387.348754802719,4387.598754802719,1801,1338,1570
4388.9158750884735,4388.7908750884735,4389.0408750884735,1722,865,1294
4386.542708722869,4386.167708722869,4386.917708722869,2515,1252,1884
4390.821445077816,4390.571445077816,4391.071445077816,820,2081,1451
4391.337405083731,4391.087405083731,4391.587405083731,1214,857,1036
4391.600166624092,4391.475166624092,4391.725166624092,1059,2068,1564
4398.306917565549,4398.056917565549,4398.556917565549,2324,1219,1772
4399.703917239859,4399.453917239859,4399.953917239859,929,966,948
4399.042567620771,4398.792567620771,4399.292567620771,1231,1466,1349
4389.887459390184,4389.762459390184,4390.012459390184,1737,2030,1884
4392.4805879742735,4392.2305879742735,4392.7305879742735,1632,1897,1765
4389.242187570319,4389.117187570319,4389.367187570319,875,1360,1118
4391.1232177400725,4390.8732177400725,4391.3732177400725,1445,1588,1517
4389.227326812418,4389.102326812418,4389.352326812418,1363,2350,1857
4385.532233776374,4385.282233776374,4385.782233776374,1919,794,1357
4385.307473686613,4385.182473686613,4385.432473686613,790,1179,985
4390.94909447862,4390.69909447862,4391.19909447862,1142,1831,1487
4393.3540672753115,4393.1040672753115,4393.6040672753115,2160,1061,1611
4395.163146750881,4394.913146750881,4395.413146750881,1111,1476,1294
4396.022326050433,4395.897326050433,4396.147326050433,1007,674,841
4391.371800718953,4391.246800718953,4391.496800718953,975,1904,1440
4393.5445544755885,4393.2945544755885,4393.7945544755885,1449,570,1010
4389.24588410361,4388.87088410361,4389.62088410361,946,985,966
4392.39438556273,4392.26938556273,4392.51938556273,555,1306,931
4391.532515321261,4391.157515321261,4391.907515321261,1052,2387,1720
4396.387779875746,4396.262779875746,4396.512779875746,471,1218,845
4396.5481372698105,4396.4231372698105,4396.6731372698105,985,1466,1226
4396.55340301209,4396.42840301209,4396.67840301209,979,2834,1907
4395.692507025661,4395.442507025661,4395.942507025661,1673,1508,1591
4394.297727279168,4394.172727279168,4394.422727279168,1344,523,934
4398.685369291082,4398.560369291082,4398.810369291082,1520,2459,1990
4396.09396584882,4395.84396584882,4396.34396584882,1573,2322,1948
4392.096425832865,4391.971425832865,4392.221425832865,852,1103,978
4389.914506593979,4389.789506593979,4390.039506593979,741,1784,1263
4385.247414436946,4384.997414436946,4385.497414436946,1167,904,1036
4390.92201329128,4390.79701329128,4391.04701329128,1796,907,1352
4393.408043740345,4393.283043740345,4393.533043740345,2018,723,1371
4404.518979574746,4404.393979574746,4404.643979574746,1336,749,1043
4401.483728046055,4401.358728046055,4401.608728046055,1640,1781,1711
4404.665280516277,4404.540280516277,4404.790280516277,1504,933,1219
4407.595019119067,4407.470019119067,4407.720019119067,839,1430,1135
4406.091273996409,4405.966273996409,4406.216273996409,2306,895,1601
4407.4385021760645,4407.1885021760645,4407.6885021760645,1262,2297,1780
4408.57506695626,4408.32506695626,4408.82506695626,1437,1806,1622
4408.707697938591,4408.457697938591,4408.957697938591,2094,1149,1622
4407.770489450892,4407.645489450892,4407.895489450892,849,976,913
4404.842628711795,4404.717628711795,4404.967628711795,1069,2444,1757
4406.420347245811,4406.295347245811,4406.545347245811,488,1215,852
4406.0363827695655,4405.9113827695655,4406.1613827695655,1903,2030,1967
4402.415870644825,4402.290870644825,4402.540870644825,1438,783,1111
4406.899749395022,4406.524749395022,4407.274749395022,594,1229,912
4411.121051876663,4410.871051876663,4411.371051876663,2690,921,1806
4411.167077326579,4410.917077326579,4411.417077326579,1449,524,987
4409.7741250886165,4409.6491250886165,4409.8991250886165,2218,1033,1626
4411.03911231694,4410.91411231694,4411.16411231694,2226,1571,1899
4409.378940536048,4409.253940536048,4409.503940536048,1387,878,1133
4412.355447237062,4412.230447237062,4412.480447237062,1181,1234,1208
4415.160887959422,4415.035887959422,4415.285887959422,1483,802,1143
4411.921520636602,4411.796520636602,4412.046520636602,1125,2326,1726
4420.21670562618,4420.09170562618,4420.34170562618,2239,1278,1759
4420.4461377987345,4420.1961377987345,4420.6961377987345,1154,1323,1239
4418.11603397964,4417.99103397964,4418.24103397964,727,1560,1144
4418.741502798929,4418.616502798929,4418.866502798929,1054,2421,1738
4419.925360830871,4419.550360830871,4420.300360830871,1171,1370,1271
4415.729747294234,4415.604747294234,4415.854747294234,1208,1049,1129
4419.532172869024,4419.282172869024,4419.782172869024,1745,1352,1549
4418.911678930529,4418.786678930529,4419.036678930529,1630,1807,1719
4421.869534324221,4421.744534324221,4421.994534324221,1700,1001,1351
4418.931171382862,4418.681171382862,4419.181171382862,1224,1919,1572
4420.837961107183,4420.462961107183,4421.212961107183,1822,1173,1498
4420.508137291734,4420.383137291734,4420.633137291734,1197,2376,1787
4428.866933159594,4428.741933159594,4428.991933159594,1169,1594,1382
4428.514259502049,4428.139259502049,4428.889259502049,1205,2710,1958
4431.552857784978,4431.427857784978,4431.677857784978,2222,821,1522
4427.211680701701,4427.086680701701,4427.336680701701,1394,653,1024
4431.855335332561,4431.730335332561,4431.980335332561,1373,1216,1295
4430.567095309595,4430.192095309595,4430.942095309595,2308,821,1565
4419.824328495817,4419.699328495817,4419.949328495817,1958,1465,1712
4420.104447617193,4419.854447617193,4420.354447617193,1307,1406,1357
4414.812808876584,4414.437808876584,4415.187808876584,744,1423,1084
4416.598658767712,4416.223658767712,4416.973658767712,1896,1205,1551
4410.027413245878,4409.777413245878,4410.277413245878,937,1046,992
4420.085866104899,4419.710866104899,4420.460866104899,667,1658,1163
4421.021909172219,4420.771909172219,4421.271909172219,1666,1897,1782
4420.278207823004,4420.153207823004,4420.403207823004,1102,2787,1945
4415.745595343139,4415.620595343139,4415.870595343139,2044,1077,1561
4414.2855183251095,4414.1605183251095,4414.4105183251095,1272,1819,1546
4407.385333092585,4407.260333092585,4407.510333092585,722,1945,1334
4405.773396038777,4405.523396038777,4406.023396038777,1244,2655,1950
4403.285893363931,4403.035893363931,4403.535893363931,971,872,922
4396.527159094339,4396.402159094339,4396.652159094339,1290,2365,1828
4394.9735358076605,4394.8485358076605,4395.0985358076605,1595,1786,1691
4399.984793619053,4399.859793619053,4400.109793619053,1267,1370,1319
4396.8885596381215,4396.6385596381215,4397.1385596381215,1212,727,970
4406.113734720614,4405.988734720614,4406.238734720614,890,2231,1561
4401.467626047717,4401.342626047717,4401.592626047717,1856,1327,1592
4400.58705574986,4400.46205574986,4400.71205574986,1627,1670,1649
4401.5980173935695,4401.3480173935695,4401.8480173935695,501,1394,948
4394.624322901959,4394.499322901959,4394.749322901959,876,1693,1285
4390.5731201625695,4390.4481201625695,4390.6981201625695,1878,895,1387
4390.139584159535,4389.889584159535,4390.389584159535,1073,1784,1429
4395.839894035091,4395.714894035091,4395.964894035091,939,1910,1425
4400.539343287613,4400.414343287613,4400.664343287613,1816,693,1255
4401.069627809722,4400.944627809722,4401.194627809722,2570,871,1721
4408.247106918516,4407.997106918516,4408.497106918516,877,2628,1753
4407.599977274943,4407.349977274943,4407.849977274943,2318,1413,1866
4410.171068671256,4409.921068671256,4410.421068671256,875,1674,1275
4406.350306674951,4405.975306674951,4406.725306674951,1256,441,849
4406.004522547568,4405.754522547568,4406.254522547568,800,1213,1007
4407.43609329835,4407.18609329835,4407.68609329835,2127,1212,1670
4406.519237727352,4406.269237727352,4406.769237727352,1305,744,1025
4405.0181430579505,4404.8931430579505,4405.1431430579505,1211,836,1024
4403.48623775773,4403.11123775773,4403.86123775773,1405,2574,1990
4401.856466901101,4401.731466901101,4401.981466901101,1356,589,973
4402.170681881256,4401.920681881256,4402.420681881256,684,1315,1000
4409.972107772531,4409.722107772531,4410.222107772531,1032,1533,1283
4410.429183252012,4410.304183252012,4410.554183252012,2048,845,1447
4413.824652296791,4413.574652296791,4414.074652296791,1665,762,1214
4415.140091467554,4414.890091467554,4415.390091467554,1111,1112,1112
4415.771007515272,4415.646007515272,4415.896007515272,2103,728,1416
4421.4498436769545,4421.3248436769545,4421.5748436769545,1650,813,1232
4416.1700543214,4416.0450543214,4416.2950543214,1470,2459,1965
4418.359146367804,4418.109146367804,4418.609146367804,1252,2227,1740
4425.565237320384,4425.440237320384,4425.690237320384,735,1434,1085
4425.154762059574,4424.904762059574,4425.404762059574,517,1470,994
4422.647032416182,4422.522032416182,4422.772032416182,1540,1409,1475
4422.126185439077,4421.751185439077,4422.501185439077,946,1557,1252
4426.716724302523,4426.466724302523,4426.966724302523,629,1384,1007
4429.753753458152,4429.628753458152,4429.878753458152,1216,1141,1179
4429.682885391664,4429.432885391664,4429.932885391664,993,682,838
4430.636730473932,4430.511730473932,4430.761730473932,1160,1191,1176
4431.914266773481,4431.539266773481,4432.289266773481,1491,1434,1463
4430.0147013762025,4429.8897013762025,4430.1397013762025,1409,714,1062
4431.041010090019,4430.916010090019,4431.166010090019,1742,1801,1772
4431.875331598338,4431.750331598338,4432.000331598338,1653,970,1312
4434.624034080175,4434.499034080175,4434.749034080175,1116,1633,1375
4435.066863341869,4434.816863341869,4435.316863341869,1801,1222,1512
4436.654142206522,4436.404142206522,4436.904142206522,576,1281,929
4435.908925614166,4435.658925614166,4436.158925614166,1680,1017,1349
4436.305779230769,4436.180779230769,4436.430779230769,1583,1074,1329
4437.86927037411,4437.74427037411,4437.99427037411,1192,1045,1119
4438.332834432736,4438.082834432736,4438.582834432736,574,1697,1136
4441.12343640081,4440.99843640081,4441.24843640081,717,1874,1296
4438.721137961804,4438.471137961804,4438.971137961804,2215,924,1570
4439.492228159804,4439.367228159804,4439.617228159804,1980,779,1380
4439.74517791042,4439.49517791042,4439.99517791042,1029,1308,1169
4437.910069879961,4437.785069879961,4438.035069879961,899,1478,1189
4437.731343435346,4437.481343435346,4437.981343435346,968,635,802
4441.177408434058,4440.927408434058,4441.427408434058,1777,1996,1887
4444.868432521071,4444.743432521071,4444.993432521071,774,1655,1215
4444.736954276871,4444.486954276871,4444.986954276871,545,1238,892
4447.240462910326,4446.990462910326,4447.490462910326,1254,517,886
4447.703890914361,4447.578890914361,4447.828890914361,1502,1439,1471
4447.236905500851,4447.111905500851,4447.361905500851,1327,1530,1429
4446.71859467156,4446.59359467156,4446.84359467156,2318,1085,1702
4448.821777359162,4448.696777359162,4448.946777359162,1685,666,1176
4448.718588626845,4448.593588626845,4448.843588626845,1974,971,1473
4449.295388958257,4449.170388958257,4449.420388958257,1107,806,957
4449.206762132209,4448.956762132209,4449.456762132209,1381,2162,1772
4448.297940092099,4448.047940092099,4448.547940092099,2374,797,1586
4447.521135084899,4447.396135084899,4447.646135084899,758,2219,1489
4449.450148511515,4449.325148511515,4449.575148511515,2489,830,1660
4449.9721000693635,4449.8471000693635,4450.0971000693635,522,1469,996
4449.004588294124,4448.879588294124,4449.129588294124,1089,2142,1616
4449.421186349761,4449.296186349761,4449.546186349761,1345,2226,1786
4449.066355299407,4448.941355299407,4449.191355299407,1526,1509,1518
4447.763885940643,4447.638885940643,4447.888885940643,1119,1996,1558
4448.679661370404,4448.304661370404,4449.054661370404,1168,1237,1203
4449.436340713932,4449.311340713932,4449.561340713932,1431,578,1005
4448.490722850188,4448.365722850188,4448.615722850188,1961,990,1476
4449.761459999294,4449.511459999294,4450.011459999294,810,1197,1004
4452.211282455658,4452.086282455658,4452.336282455658,1744,2085,1915
4450.124191553203,4449.999191553203,4450.249191553203,1545,2076,1811
4450.360706252809,4450.110706252809,4450.610706252809,877,1154,1016
4452.763488318403,4452.513488318403,4453.013488318403,1836,1857,1847
4453.469257584888,4453.344257584888,4453.594257584888,1439,1114,1277
4450.257849486823,4450.132849486823,4450.382849486823,2326,1565,1946
4448.380489202741,4448.255489202741,4448.505489202741,982,2505,1744
4451.116758725914,4450.866758725914,4451.366758725914,1851,982,1417
4454.650877816988,4454.525877816988,4454.775877816988,2376,1445,1911
4453.551892271122,4453.426892271122,4453.676892271122,766,895,831
4451.262806996915,4451.137806996915,4451.387806996915,747,1222,985
4449.0766571602235,4448.8266571602235,4449.3266571602235,979,2628,1804
4450.231575056797,4449.981575056797,4450.481575056797,980,1229,1105
4450.289524837677,4450.164524837677,4450.414524837677,1461,1014,1238
4447.394772731248,4447.269772731248,4447.519772731248,2287,1448,1868
4445.208027986288,4445.083027986288,4445.333027986288,460,1269,865
4446.802414189471,4446.677414189471,4446.927414189471,899,1682,1291
4444.401436997615,4444.276436997615,4444.526436997615,1893,1228,1561
4443.777301377766,4443.527301377766,4444.027301377766,1181,798,990
4440.642626926884,4440.517626926884,4440.767626926884,468,1223,846
4439.612348944815,4439.487348944815,4439.737348944815,1419,1648,1534
4440.307595628098,4440.182595628098,4440.432595628098,1300,2501,1901
4443.98132043342,4443.60632043342,4444.35632043342,1323,1216,1270
4444.676348758159,4444.551348758159,4444.801348758159,1173,1460,1317
4444.857273922613,4444.732273922613,4444.982273922613,579,1178,879
4445.208055865272,4444.958055865272,4445.458055865272,2103,1830,1967
4446.930969224329,4446.805969224329,4447.055969224329,785,862,824
4448.390811750527,4448.265811750527,4448.515811750527,1233,586,910
4447.777171475504,4447.652171475504,4447.902171475504,1325,2398,1862
4446.837132700947,4446.712132700947,4446.962132700947,1439,640,1040
4448.907483881587,4448.782483881587,4449.032483881587,1147,2518,1833
4448.534243040356,4448.409243040356,4448.659243040356,1688,1197,1443
4451.114730278334,4450.989730278334,4451.239730278334,1083,1000,1042
4451.644471592615,4451.519471592615,4451.769471592615,608,1187,898
4449.932449191818,4449.807449191818,4450.057449191818,2103,1118,1611
4451.285962804843,4451.160962804843,4451.410962804843,738,949,844
4450.818253283391,4450.693253283391,4450.943253283391,2201,1540,1871
4450.141074596546,4450.016074596546,4450.266074596546,1052,2735,1894
4445.532979153789,4445.407979153789,4445.657979153789,1378,1621,1500
4447.278466343528,4447.028466343528,4447.528466343528,1431,1096,1264
4447.9160822399635,4447.6660822399635,4448.1660822399635,630,977,804
4447.4850258327715,4447.3600258327715,4447.6100258327715,1551,1538,1545
4445.806751900925,4445.681751900925,4445.931751900925,1841,1564,1703
4447.6140556290875,4447.4890556290875,4447.7390556290875,2296,1509,1903
4444.0073274431825,4443.6323274431825,4444.3823274431825,903,742,823
4443.372432402729,4443.247432402729,4443.497432402729,1222,531,877
4442.581569929726,4442.331569929726,4442.831569929726,1037,776,907
4441.524909932366,4441.274909932366,4441.774909932366,1730,1987,1859
4441.9659552553585,4441.8409552553585,4442.0909552553585,847,1500,1174
4441.741181890996,4441.616181890996,4441.866181890996,1302,507,905
4444.5315587060995,4444.4065587060995,4444.6565587060995,1326,913,1120
4444.100911019642,4443.850911019642,4444.350911019642,2024,1159,1592
4443.151504898285,4442.901504898285,4443.401504898285,2305,1282,1794
4444.181435945305,4444.056435945305,4444.306435945305,1710,743,1227
4444.0141162690325,4443.8891162690325,4444.1391162690325,2165,1232,1699
4444.67217891418,4444.54717891418,4444.79717891418,1402,2521,1962
4443.999808780037,4443.874808780037,4444.124808780037,1854,1785,1820
4443.467282183576,4443.092282183576,4443.842282183576,892,2145,1519
4445.043745101874,4444.918745101874,4445.168745101874,2237,1100,1669
4443.615406391344,4443.490406391344,4443.740406391344,781,2148,1465
4445.782951659979,4445.657951659979,4445.907951659979,825,1038,932
4445.675560274856,4445.550560274856,4445.800560274856,1083,2308,1696
4446.227070767071,4445.977070767071,4446.477070767071,1824,1789,1807
4446.132421614147,4446.007421614147,4446.257421614147,575,1722,1149
4446.392505006363,4446.017505006363,4446.767505006363,1389,1210,1300
4447.642774575998,4447.517774575998,4447.767774575998,645,1598,1122
4447.402148435158,4447.277148435158,4447.527148435158,1005,2282,1644
4446.866107834201,4446.741107834201,4446.991107834201,2252,1463,1858
4446.909615757127,4446.784615757127,4447.034615757127,1570,1869,1720
4447.059414661419,4446.809414661419,4447.309414661419,1002,771,887
4446.681647880155,4446.556647880155,4446.806647880155,1208,1209,1209
4445.771752159963,4445.646752159963,4445.896752159963,1564,2411,1988
4444.876311406325,4444.751311406325,4445.001311406325,1722,1743,1733
4444.076112461773,4443.951112461773,4444.201112461773,1202,671,937
4442.361411357382,4442.111411357382,4442.611411357382,612,1601,1107
4442.507456296764,4442.382456296764,4442.632456296764,1012,1917,1465
4441.700678643315,4441.575678643315,4441.825678643315,1135,1100,1118
4440.225616122523,4440.100616122523,4440.350616122523,2613,1226,1920
4441.190312542843,4440.940312542843,4441.440312542843,1082,893,988
4442.328897091649,4441.953897091649,4442.703897091649,2207,1670,1939
4441.301842121547,4441.051842121547,4441.551842121547,597,1338,968
4438.257060050613,4438.007060050613,4438.507060050613,1581,800,1191
4438.752463863336,4438.627463863336,4438.877463863336,1398,833,1116
4440.833053487747,4440.708053487747,4440.958053487747,2680,903,1792
4440.476730443767,4440.226730443767,4440.726730443767,1302,1293,1298
4438.1157625542955,4437.9907625542955,4438.2407625542955,589,1116,853
4440.023722906263,4439.898722906263,4440.148722906263,988,1873,1431
4438.771063277984,4438.646063277984,4438.896063277984,633,1402,1018
4441.276794245591,4441.151794245591,4441.401794245591,1121,976,1049
4441.216335152246,4440.966335152246,4441.466335152246,996,755,876
4440.400738324214,4440.275738324214,4440.525738324214,1324,2087,1706
4440.516123570791,4440.141123570791,4440.891123570791,1055,1690,1373
4440.80377542298,4440.55377542298,4441.05377542298,1287,2382,1835
4439.922238775448,4439.547238775448,4440.297238775448,720,1155,938
4441.010961674475,4440.885961674475,4441.135961674475,1264,929,1097
4441.224613698053,4441.099613698053,4441.349613698053,842,1797,1320
4440.129970971279,4440.004970971279,4440.254970971279,1656,1533,1595
4440.003179967107,4439.878179967107,4440.128179967107,1027,1318,1173
4440.440409786573,4440.315409786573,4440.565409786573,1570,1823,1697
4441.335742876424,4441.210742876424,4441.460742876424,2421,1064,1743
4437.9446178123935,4437.8196178123935,4438.0696178123935,1199,616,908
4438.349696368881,4438.224696368881,4438.474696368881,1337,1200,1269
4440.097109622292,4439.972109622292,4440.222109622292,642,977,810
4439.560655507446,4439.185655507446,4439.935655507446,746,1691,1219
4439.13973527669,4438.88973527669,4439.38973527669,843,2486,1665
4436.121997870392,4435.996997870392,4436.246997870392,872,1645,1259
4434.637335413369,4434.512335413369,4434.762335413369,709,946,828
4433.113614627959,4432.988614627959,4433.238614627959,1094,2307,1701
4432.556286481867,4432.431286481867,4432.681286481867,1191,428,810
4433.040568916287,4432.790568916287,4433.290568916287,2545,982,1764
4433.095662724353,4432.845662724353,4433.345662724353,921,1448,1185
4432.197839851878,4432.072839851878,4432.322839851878,1911,1142,1527
4431.50965662814,4431.38465662814,4431.63465662814,825,1682,1254
4431.409620591256,4431.284620591256,4431.534620591256,1119,1640,1380
4431.377110242674,4431.002110242674,4431.752110242674,2486,1091,1789
4431.628559687619,4431.378559687619,4431.878559687619,1502,1077,1290
4432.482664937606,4432.107664937606,4432.857664937606,916,711,814
4430.507441875127,4430.382441875127,4430.632441875127,2076,1507,1792
4429.605000417175,4429.355000417175,4429.855000417175,1363,2312,1838
4431.077454917329,4430.827454917329,4431.327454917329,1489,2430,1960
4430.560193536924,4430.185193536924,4430.935193536924,950,2433,1692
4430.636879570628,4430.386879570628,4430.886879570628,1596,1603,1600
4432.075807316264,4431.825807316264,4432.325807316264,2332,1013,1673
4435.18746128649,4435.06246128649,4435.31246128649,1755,646,1201
4435.055267816398,4434.680267816398,4435.430267816398,944,937,941
4432.929455174645,4432.679455174645,4433.179455174645,1194,2549,1872
4432.988512490043,4432.738512490043,4433.238512490043,2589,1172,1881
4433.243628536001,4433.118628536001,4433.368628536001,1080,1803,1442
4430.553349296165,4430.428349296165,4430.678349296165,1567,674,1121
4430.05598394331,4429.93098394331,4430.18098394331,1457,706,1082
4430.264136317409,4430.139136317409,4430.389136317409,1684,1995,1840
4432.056031724433,4431.806031724433,4432.306031724433,717,1868,1293
4433.181461879994,4432.931461879994,4433.431461879994,697,1326,1012
4431.10747816994,4430.73247816994,4431.48247816994,1115,2356,1736
4429.945937649183,4429.820937649183,4430.070937649183,1728,893,1311
4430.594859028483,4430.344859028483,4430.844859028483,1015,1366,1191
4428.903198567861,4428.778198567861,4429.028198567861,1435,1872,1654
4428.432272755276,4428.182272755276,4428.682272755276,1598,751,1175
4430.552570244251,4430.302570244251,4430.802570244251,1247,960,1104
4429.255964880918,4429.130964880918,4429.380964880918,1838,1937,1888
4429.490291400235,4429.240291400235,4429.740291400235,946,1521,1234
4430.27356827649,4430.14856827649,4430.39856827649,836,823,830
4433.867359088668,4433.742359088668,4433.992359088668,1485,1570,1528
4432.36672206628,4432.24172206628,4432.49172206628,1316,1177,1247
4435.042314116459,4434.792314116459,4435.292314116459,1549,922,1236
4433.838705829449,4433.713705829449,4433.963705829449,635,1064,850
4434.041260022027,4433.916260022027,4434.166260022027,1206,1889,1548
4436.727384495878,4436.477384495878,4436.977384495878,2324,935,1630
4437.439965468755,4437.189965468755,4437.689965468755,1143,2572,1858
4438.760764507999,4438.635764507999,4438.885764507999,939,1110,1025
4437.001042975928,4436.626042975928,4437.376042975928,1311,2052,1682
4436.844007656944,4436.719007656944,4436.969007656944,1298,909,1104
4436.866509893201,4436.616509893201,4437.116509893201,1612,2181,1897
4435.423886548421,4435.298886548421,4435.548886548421,2566,953,1760
4435.433575872768,4435.308575872768,4435.558575872768,1630,747,1189
4438.294211985808,4438.169211985808,4438.419211985808,818,1429,1124
4441.260182615253,4441.135182615253,4441.385182615253,1169,760,965
4441.946039843061,4441.821039843061,4442.071039843061,977,2522,1750
4431.118880151745,4430.993880151745,4431.243880151745,1353,1318,1336
4426.806488374716,4426.556488374716,4427.056488374716,2117,790,1454
4431.024352218579,4430.899352218579,4431.149352218579,640,1313,977
4436.482430506515,4436.107430506515,4436.857430506515,1533,2416,1975
4437.591782201237,4437.466782201237,4437.716782201237,2582,1155,1869
4425.598363621022,4425.473363621022,4425.723363621022,1712,2241,1977
4429.93636402499,4429.81136402499,4430.06136402499,834,845,840
4423.7009935443275,4423.5759935443275,4423.8259935443275,1371,1002,1187
4419.740542988748,4419.615542988748,4419.865542988748,837,1554,1196
4418.444325839345,4418.194325839345,4418.694325839345,802,857,830
4407.297380219924,4407.047380219924,4407.547380219924,1521,1224,1373
4401.103151321257,4400.978151321257,4401.228151321257,1984,1101,1543
4403.1081540541945,4402.7331540541945,4403.4831540541945,1337,556,947
4398.714451756123,4398.589451756123,4398.839451756123,1100,1163,1132
4391.1921302036,4391.0671302036,4391.3171302036,1310,2341,1826
4387.640032232876,4387.390032232876,4387.890032232876,1293,2396,1845
4390.48114948698,4390.23114948698,4390.73114948698,612,1289,951
4390.326839015186,4390.076839015186,4390.576839015186,1731,1740,1736
4402.597296967916,4402.347296967916,4402.847296967916,2564,1401,1983
4406.902845123456,4406.652845123456,4407.152845123456,2289,1142,1716
4404.36727389812,4404.24227389812,4404.49227389812,2370,1249,1810
4401.72332107467,4401.59832107467,4401.84832107467,2325,1212,1769
4397.5510776294705,4397.3010776294705,4397.8010776294705,1701,1746,1724
4407.005021793635,4406.880021793635,4407.130021793635,1274,1015,1145
4398.7463158215605,4398.6213158215605,4398.8713158215605,1069,1686,1378
4406.011428494892,4405.761428494892,4406.261428494892,1127,2834,1981
4409.827038751615,4409.577038751615,4410.077038751615,1265,1020,1143
4405.55499572818,4405.42999572818,4405.67999572818,1080,2583,1832
4403.311412216797,4403.186412216797,4403.436412216797,793,1820,1307
4406.456209232559,4406.081209232559,4406.831209232559,599,1752,1176
4411.871919727558,4411.746919727558,4411.996919727558,2266,1023,1645
4414.648774512102,4414.398774512102,4414.898774512102,2015,1294,1655
4411.335516267593,4411.085516267593,4411.585516267593,960,1547,1254
4408.897153263519,4408.772153263519,4409.022153263519,2490,1409,1950
4404.83168285855,4404.70668285855,4404.95668285855,1425,2290,1858
4409.830384894663,4409.705384894663,4409.955384894663,757,1366,1062
4414.913999891999,4414.538999891999,4415.288999891999,1090,1237,1164
4419.876428921488,4419.751428921488,4420.001428921488,1678,999,1339
4420.899808490617,4420.649808490617,4421.149808490617,1234,563,899
4421.1893770918105,4421.0643770918105,4421.3143770918105,2122,899,1511
4415.5088951303105,4415.3838951303105,4415.6338951303105,1320,507,914
4414.349791584418,4414.224791584418,4414.474791584418,1259,1586,1423
4418.250266514385,4418.000266514385,4418.500266514385,2039,896,1468
4417.852324230282,4417.727324230282,4417.977324230282,2048,1947,1998
4412.383223566604,4412.258223566604,4412.508223566604,1081,1988,1535
4420.461802616807,4420.336802616807,4420.586802616807,865,1276,1071
4423.187985541032,4422.937985541032,4423.437985541032,1314,747,1031
4429.8347479912745,4429.7097479912745,4429.9597479912745,1165,2410,1788
4426.472947073265,4426.347947073265,4426.597947073265,841,1044,943
4415.525224342712,4415.400224342712,4415.650224342712,1945,1290,1618
4409.720892208769,4409.345892208769,4410.095892208769,1153,776,965
4408.0177675142795,4407.8927675142795,4408.1427675142795,941,1618,1280
4402.856661102078,4402.481661102078,4403.231661102078,1167,814,991
4395.318201083073,4395.193201083073,4395.443201083073,1948,1833,1891
4396.684567723726,4396.559567723726,4396.809567723726,593,1466,1030
4408.650256328204,4408.525256328204,4408.775256328204,1868,2035,1952
4403.946285582053,4403.821285582053,4404.071285582053,1771,824,1298
4403.2729421719405,4403.0229421719405,4403.5229421719405,1219,1394,1307
4407.924025907336,4407.799025907336,4408.049025907336,1263,1226,1245
4414.333340130031,4413.958340130031,4414.708340130031,1040,2449,1745
4413.173202023016,4412.923202023016,4413.423202023016,665,1404,1035
4420.283727929085,4420.158727929085,4420.408727929085,1837,1850,1844
4424.330326129509,4424.080326129509,4424.580326129509,1793,880,1337
4425.4010664006755,4425.1510664006755,4425.6510664006755,1392,1245,1319
4430.129129812708,4430.004129812708,4430.254129812708,1106,2091,1599
4429.704151774443,4429.579151774443,4429.829151774443,2513,1298,1906
4422.852086071354,4422.727086071354,4422.977086071354,1500,999,1250
4424.901365589266,4424.526365589266,4425.276365589266,1951,1456,1704
4421.303864333945,4421.178864333945,4421.428864333945,738,1217,978
4425.666233264459,4425.541233264459,4425.791233264459,1551,1062,1307
4421.575172625398,4421.325172625398,4421.825172625398,1065,1428,1247
4429.533941166869,4429.408941166869,4429.658941166869,1081,1160,1121
4428.604267996813,4428.354267996813,4428.854267996813,1884,1107,1496
4428.64916296633,4428.39916296633,4428.89916296633,1015,1442,1229
4426.005851482776,4425.880851482776,4426.130851482776,584,1443,1014
4431.265418684325,4431.015418684325,4431.515418684325,1199,1572,1386
4434.260897320645,4434.135897320645,4434.385897320645,1107,1744,1426
4429.09665474421,4428.97165474421,4429.22165474421,1525,740,1133
4440.937039734212,4440.812039734212,4441.062039734212,702,1165,934
4437.421901743765,4437.171901743765,4437.671901743765,2103,1348,1726
4434.912985291009,4434.787985291009,4435.037985291009,1488,859,1174
4428.470223821837,4428.220223821837,4428.720223821837,2501,1182,1842
4430.160071285551,4430.035071285551,4430.285071285551,707,900,804
4424.260853418432,4424.135853418432,4424.385853418432,1678,1011,1345
4424.365312930616,4423.990312930616,4424.740312930616,680,1415,1048
4426.394475843912,4426.144475843912,4426.644475843912,955,1800,1378
4433.928999696182,4433.678999696182,4434.178999696182,1259,1114,1187
4445.050206355681,4444.925206355681,4445.175206355681,1486,923,1205
4444.601567309171,4444.351567309171,4444.851567309171,2006,1271,1639
4447.131123183488,4447.006123183488,4447.256123183488,686,1721,1204
4455.244908315684,4454.994908315684,4455.494908315684,1353,1396,1375
4455.027936603798,4454.777936603798,4455.277936603798,2015,810,1413
4458.538128301801,4458.413128301801,4458.663128301801,940,2231,1586
4456.791330629093,4456.666330629093,4456.916330629093,2248,853,1551
4455.770448034962,4455.520448034962,4456.020448034962,2359,1426,1893
4457.531757007672,4457.406757007672,4457.656757007672,1592,1253,1423
4456.450798263181,4456.325798263181,4456.575798263181,415,1208,812
4451.668827625644,4451.418827625644,4451.918827625644,1171,438,805
4454.027054811784,4453.652054811784,4454.402054811784,1150,777,964
4462.87134533076,4462.74634533076,4462.99634533076,1676,2019,1848
4464.605171027628,4464.480171027628,4464.730171027628,1804,1985,1895
4462.1440833645465,4461.8940833645465,4462.3940833645465,815,1174,995
4460.452093404657,4460.327093404657,4460.577093404657,1275,1298,1287
4462.403221373079,4462.153221373079,4462.653221373079,943,1378,1161
4459.696652115826,4459.446652115826,4459.946652115826,1575,1642,1609
4468.727685378648,4468.602685378648,4468.852685378648,1022,1343,1183
4464.838997450374,4464.713997450374,4464.963997450374,1774,871,1323
4461.763006592972,4461.638006592972,4461.888006592972,1188,655,922
4469.491318305613,4469.366318305613,4469.616318305613,1400,1975,1688
4465.815341559625,4465.690341559625,4465.940341559625,1228,1803,1516
4476.223752150675,4475.973752150675,4476.473752150675,1205,1962,1584
4478.788631666466,4478.663631666466,4478.913631666466,924,1519,1222
4482.072378948741,4481.947378948741,4482.197378948741,1690,729,1210
4475.589669807483,4475.464669807483,4475.714669807483,721,1944,1333
4483.031004612447,4482.906004612447,4483.156004612447,2347,1506,1927
4478.81721620906,4478.69221620906,4478.94221620906,1553,864,1209
4484.528599562005,4484.153599562005,4484.903599562005,1316,1219,1268
4478.947798284461,4478.697798284461,4479.197798284461,993,2684,1839
4480.211624437992,4480.086624437992,4480.336624437992,1504,1543,1524
4483.846902607422,4483.596902607422,4484.096902607422,971,1924,1448
4487.337957198284,4487.087957198284,4487.587957198284,1453,810,1132
4490.36372964632,4490.23872964632,4490.48872964632,1574,2141,1858
4494.109275851735,4493.984275851735,4494.234275851735,1191,488,840
4494.05501355627,4493.80501355627,4494.30501355627,800,871,836
4504.614549715937,4504.364549715937,4504.864549715937,2294,799,1547
4499.576885185038,4499.451885185038,4499.701885185038,1083,2862,1973
4496.1414990120875,4495.8914990120875,4496.3914990120875,454,1329,892
4500.545468835322,4500.170468835322,4500.920468835322,1270,945,1108
4503.5951578909935,4503.3451578909935,4503.8451578909935,837,1900,1369
4501.316241469809,4501.191241469809,4501.441241469809,955,814,885
4506.98072587387,4506.60572587387,4507.35572587387,1127,846,987
4501.526659066531,4501.401659066531,4501.651659066531,1594,965,1280
4500.07339930766,4499.82339930766,4500.32339930766,1690,1087,1389
4497.342498258296,4497.217498258296,4497.467498258296,1249,1078,1164
4509.326821641193,4509.201821641193,4509.451821641193,639,1188,914
4502.805214938202,4502.555214938202,4503.055214938202,964,1397,1181
4501.826571738194,4501.451571738194,4502.201571738194,1092,771,932
4503.502577176074,4503.252577176074,4503.752577176074,2036,1477,1757
4506.042720661676,4505.917720661676,4506.167720661676,1138,2731,1935
4506.95574363735,4506.70574363735,4507.20574363735,1329,2004,1667
4513.307822404169,4513.182822404169,4513.432822404169,1373,2332,1853
4513.368392325453,4512.993392325453,4513.743392325453,866,2163,1515
4512.532028091984,4512.282028091984,4512.782028091984,708,1007,858
4504.911585101579,4504.786585101579,4505.036585101579,819,1542,1181
4507.2362301799685,4506.9862301799685,4507.4862301799685,2400,1089,1745
4506.916612577911,4506.541612577911,4507.291612577911,995,1492,1244
4514.626146316866,4514.376146316866,4514.876146316866,1126,2453,1790
4516.819347907833,4516.694347907833,4516.944347907833,2113,1704,1909
4520.10829354201,4519.85829354201,4520.35829354201,2583,1144,1864
4516.286557738497,4516.161557738497,4516.411557738497,1319,1098,1209
4514.1900784799245,4514.0650784799245,4514.3150784799245,1467,610,1039
4514.603754688592,4514.478754688592,4514.728754688592,1504,2007,1756
4507.976959681363,4507.851959681363,4508.101959681363,999,2200,1600
4502.064766682109,4501.939766682109,4502.189766682109,1165,2774,1970
4499.356658542857,4499.231658542857,4499.481658542857,883,2154,1519
4494.544072917985,4494.169072917985,4494.919072917985,1906,735,1321
4490.833801556216,4490.708801556216,4490.958801556216,1189,758,974
4496.045186205723,4495.920186205723,4496.170186205723,976,1843,1410
4498.997356346544,4498.872356346544,4499.122356346544,529,1408,969
4491.510096773187,4491.385096773187,4491.635096773187,1118,713,916
4488.162237315512,4487.912237315512,4488.412237315512,1206,403,805
4499.512798244932,4499.137798244932,4499.887798244932,928,1085,1007
4497.883371211876,4497.508371211876,4498.258371211876,970,2187,1579
4501.581160001958,4501.206160001958,4501.956160001958,1485,2450,1968
4504.390334856745,4504.140334856745,4504.640334856745,987,1438,1213
4494.395501138763,4494.270501138763,4494.520501138763,534,1479,1007
4494.314295204148,4494.064295204148,4494.564295204148,1012,715,864
4498.829978690825,4498.704978690825,4498.954978690825,1522,1039,1281
4497.81737199142,4497.69237199142,4497.94237199142,1658,879,1269
4486.37906553592,4486.12906553592,4486.62906553592,1211,500,856
4489.189638339797,4488.814638339797,4489.564638339797,1522,1643,1583
4492.860198349842,4492.735198349842,4492.985198349842,1614,1485,1550
4485.606143730162,4485.481143730162,4485.731143730162,943,2586,1765
4494.475950978794,4494.350950978794,4494.600950978794,1602,691,1147
4489.4260160592075,4489.0510160592075,4489.8010160592075,1015,1702,1359
4478.894698859921,4478.769698859921,4479.019698859921,1112,1805,1459
4478.170795027558,4477.795795027558,4478.545795027558,2342,1073,1708
4471.565504702926,4471.315504702926,4471.815504702926,2078,1147,1613
4479.064633018161,4478.689633018161,4479.439633018161,1435,630,1033
4480.2755132076345,4480.0255132076345,4480.5255132076345,1505,1040,1273
4477.248855300121,4477.123855300121,4477.373855300121,1511,2396,1954
4481.45798621036,4481.33298621036,4481.58298621036,1924,1541,1733
4472.807068749351,4472.557068749351,4473.057068749351,1264,2189,1727
4477.467293741158,4477.342293741158,4477.592293741158,1384,1961,1673
4478.7757168820135,4478.5257168820135,4479.0257168820135,2288,1029,1659
4474.346999568231,4474.221999568231,4474.471999568231,1877,772,1325
4486.549195957651,4486.299195957651,4486.799195957651,833,2352,1593
4487.102165107839,4486.977165107839,4487.227165107839,1911,1824,1868
4476.437572633553,4476.062572633553,4476.812572633553,1312,1351,1332
4480.653543404175,4480.528543404175,4480.778543404175,1764,1787,1776
4471.692241208148,4471.567241208148,4471.817241208148,630,1675,1153
4457.7231519451625,4457.4731519451625,4457.9731519451625,1661,1162,1412
4456.674515785538,4456.549515785538,4456.799515785538,1173,1530,1352
4461.86486406981,4461.61486406981,4462.11486406981,1133,610,872
4466.743298524413,4466.618298524413,4466.868298524413,630,1243,937
4464.567714168322,4464.442714168322,4464.692714168322,1991,1232,1612
4468.66796103622,4468.54296103622,4468.79296103622,1112,1427,1270
4462.814940378551,4462.689940378551,4462.939940378551,602,1061,832
4461.4247878094875,4461.2997878094875,4461.5497878094875,2400,991,1696
4459.605292485857,4459.480292485857,4459.730292485857,1575,594,1085
4459.573788020584,4459.323788020584,4459.823788020584,1227,1286,1257
4458.383640953769,4458.258640953769,4458.508640953769,873,1624,1249
4457.508828898423,4457.383828898423,4457.633828898423,1759,782,1271
4456.493416375494,4456.368416375494,4456.618416375494,813,934,874
4451.546043460557,4451.421043460557,4451.671043460557,536,1483,1010
4448.691953362431,4448.441953362431,4448.941953362431,1105,2836,1971
4450.601820301893,4450.226820301893,4450.976820301893,821,1172,997
4454.048304684653,4453.923304684653,4454.173304684653,2589,992,1791
4455.206110453117,4455.081110453117,4455.331110453117,1187,498,843
4453.846702044323,4453.721702044323,4453.971702044323,1643,1152,1398
4452.846273265442,4452.596273265442,4453.096273265442,691,942,817
4449.26193684595,4448.88693684595,4449.63693684595,2274,1339,1807
4449.544197444173,4449.419197444173,4449.669197444173,1614,2263,1939
4449.46683155702,4449.21683155702,4449.71683155702,531,1184,858
4453.588405647788,4453.463405647788,4453.713405647788,924,2383,1654
4449.0514340085565,4448.8014340085565,4449.3014340085565,2397,1428,1913
4448.516669479657,4448.141669479657,4448.891669479657,1581,918,1250
4449.280634594418,4448.905634594418,4449.655634594418,1046,691,869
4449.497908639883,4449.247908639883,4449.747908639883,1704,2127,1916
4448.748846873162,4448.623846873162,4448.873846873162,1602,907,1255
4446.646179823459,4446.396179823459,4446.896179823459,1086,1193,1140
4446.098584812668,4445.848584812668,4446.348584812668,959,1186,1073
4444.141144057069,4444.016144057069,4444.266144057069,2712,1003,1858
4454.200628037512,4453.950628037512,4454.450628037512,1686,1649,1668
4455.824736730087,4455.574736730087,4456.074736730087,965,1014,990
4459.028959178492,4458.778959178492,4459.278959178492,640,1633,1137
4463.270665111748,4463.145665111748,4463.395665111748,1009,2370,1690
4465.759872783169,4465.634872783169,4465.884872783169,2260,1099,1680
4468.103080490829,4467.978080490829,4468.228080490829,2019,1108,1564
4463.4497897350975,4463.1997897350975,4463.6997897350975,1286,1481,1384
4459.677962095296,4459.552962095296,4459.802962095296,1200,1339,1270
4463.512597180469,4463.387597180469,4463.637597180469,1931,1516,1724
4459.561803413065,4459.436803413065,4459.686803413065,908,1873,1391
4454.108864359241,4453.983864359241,4454.233864359241,1366,561,964
4457.768602574987,4457.518602574987,4458.018602574987,2677,908,1793
4458.398513971965,4458.273513971965,4458.523513971965,1201,726,964
4461.308446631841,4461.183446631841,4461.433446631841,2103,864,1484
4462.653707677368,4462.403707677368,4462.903707677368,1118,631,875
4464.133887406133,4463.883887406133,4464.383887406133,1069,1900,1485
4466.187304849421,4465.937304849421,4466.437304849421,818,1203,1011
4470.865242353866,4470.615242353866,4471.115242353866,1372,647,1010
4460.851692238164,4460.726692238164,4460.976692238164,1459,2260,1860
4464.416900303312,4464.291900303312,4464.541900303312,1497,854,1176
4462.552974305574,4462.302974305574,4462.802974305574,682,1561,1122
4466.6225788653555,4466.3725788653555,4466.8725788653555,1641,2286,1964
4466.180783659818,4465.930783659818,4466.430783659818,942,2585,1764
4467.343214782216,4467.218214782216,4467.468214782216,1054,2833,1944
4469.1148254052205,4468.9898254052205,4469.2398254052205,2110,745,1428
4471.79580760764,4471.67080760764,4471.92080760764,2133,910,1522
4473.763181704369,4473.638181704369,4473.888181704369,2899,1080,1990
4476.0218935833045,4475.8968935833045,4476.1468935833045,1030,939,985
4476.993739985544,4476.868739985544,4477.118739985544,1820,1345,1583
4473.112109997541,4472.987109997541,4473.237109997541,2187,1498,1843
4480.684496457733,4480.559496457733,4480.809496457733,932,2787,1860
4480.930501155627,4480.805501155627,4481.055501155627,2420,1161,1791
4475.262213652571,4475.012213652571,4475.512213652571,846,2387,1617
4473.8477477252345,4473.7227477252345,4473.9727477252345,1442,667,1055
4472.877970875032,4472.502970875032,4473.252970875032,1264,2401,1833
4471.276746393016,4471.026746393016,4471.526746393016,1357,968,1163
4471.314317071061,4471.189317071061,4471.439317071061,1197,1736,1467
4468.364639173545,4467.989639173545,4468.739639173545,1991,1184,1588
4474.34235175844,4474.21735175844,4474.46735175844,904,1157,1031
4482.062207484064,4481.812207484064,4482.312207484064,1381,1838,1610
4481.694768785491,4481.444768785491,4481.944768785491,1950,741,1346
4484.16135201567,4483.91135201567,4484.41135201567,927,2036,1482
4479.002240445825,4478.877240445825,4479.127240445825,1049,908,979
4479.459213372287,4479.334213372287,4479.584213372287,2339,1540,1940
4478.8702366574325,4478.7452366574325,4478.9952366574325,1352,1865,1609
4477.19761578303,4477.07261578303,4477.32261578303,954,2619,1787
4472.308671780176,4472.183671780176,4472.433671780176,1627,1550,1589
4471.899480742258,4471.774480742258,4472.024480742258,911,932,922
4472.229106960933,4471.854106960933,4472.604106960933,1937,1534,1736
4476.182376577877,4476.057376577877,4476.307376577877,1198,1033,1116
4479.540562397734,4479.415562397734,4479.665562397734,711,2040,1376
4473.206581149484,4472.831581149484,4473.581581149484,1897,874,1386
4473.200764518924,4473.075764518924,4473.325764518924,1755,2190,1973
4473.96992233272,4473.84492233272,4474.09492233272,1584,2241,1913
4473.669874947827,4473.544874947827,4473.794874947827,1445,1134,1290
4480.1533428797175,4480.0283428797175,4480.2783428797175,1280,481,881
4482.120806522539,4481.870806522539,4482.370806522539,949,2814,1882
4480.925547734052,4480.550547734052,4481.300547734052,1125,914,1020
4479.053719604304,4478.678719604304,4479.428719604304,1201,2632,1917
4480.684141297568,4480.559141297568,4480.809141297568,2302,1437,1870
4481.794952236445,4481.669952236445,4481.919952236445,2138,1733,1936
4479.009886638628,4478.759886638628,4479.259886638628,1485,1410,1448
4475.5153024867495,4475.3903024867495,4475.6403024867495,1439,1222,1331
4476.3456157242335,4476.0956157242335,4476.5956157242335,1259,2310,1785
4475.040479277992,4474.915479277992,4475.165479277992,1467,2328,1898
4475.894713460047,4475.769713460047,4476.019713460047,928,2243,1586
4475.31779012359,4475.19279012359,4475.44279012359,1541,1400,1471
4474.814252299348,4474.439252299348,4475.189252299348,2212,1245,1729
4473.284955381937,4473.159955381937,4473.409955381937,532,1109,821
4470.97309761401,4470.84809761401,4471.09809761401,701,1014,858
4476.523518824732,4476.273518824732,4476.773518824732,877,1854,1366
4478.768687554187,4478.393687554187,4479.143687554187,1035,862,949
4479.168403388459,4478.918403388459,4479.418403388459,1948,1841,1895
4479.634949479481,4479.384949479481,4479.884949479481,1179,782,981
4477.196745223891,4477.071745223891,4477.321745223891,1359,458,909
4477.883047764861,4477.758047764861,4478.008047764861,1909,1726,1818
4477.473669499734,4477.348669499734,4477.598669499734,1181,1408,1295
4472.086708321676,4471.836708321676,4472.336708321676,2012,1291,1652
4473.020949979012,4472.645949979012,4473.395949979012,579,1444,1012
4468.53866681695,4468.28866681695,4468.78866681695,792,1687,1240
4463.229177963526,4463.104177963526,4463.354177963526,1225,2000,1613
4465.376738269052,4465.126738269052,4465.626738269052,1450,1071,1261
4461.550441275263,4461.300441275263,4461.800441275263,1247,1580,1414
4459.913721015121,4459.663721015121,4460.163721015121,862,1047,955
4455.3123871626585,4455.0623871626585,4455.5623871626585,1166,1467,1317
4461.851088335316,4461.726088335316,4461.976088335316,729,1122,926
4461.989126983024,4461.739126983024,4462.239126983024,2175,1172,1674
4464.303990210458,4464.178990210458,4464.428990210458,2264,1119,1692
4460.707956478337,4460.332956478337,4461.082956478337,1506,1129,1318
4461.681209817621,4461.556209817621,4461.806209817621,1088,1869,1479
4462.207142450046,4462.082142450046,4462.332142450046,1690,769,1230
4463.521666591619,4463.396666591619,4463.646666591619,682,1061,872
4463.11965690162,4462.99465690162,4463.24465690162,2869,1008,1939
4468.805995809138,4468.680995809138,4468.930995809138,649,1760,1205
4468.960670566342,4468.835670566342,4469.085670566342,1287,1640,1464
4468.118116803573,4467.868116803573,4468.368116803573,585,1474,1030
4469.660963428866,4469.535963428866,4469.785963428866,631,1296,964
4471.98549533733,4471.73549533733,4472.23549533733,1958,959,1459
4471.797431112234,4471.672431112234,4471.922431112234,1394,575,985
4468.3982485796005,4468.2732485796005,4468.5232485796005,1219,588,904
4466.805604640456,4466.680604640456,4466.930604640456,2038,1941,1990
4466.390222402284,4466.015222402284,4466.765222402284,2078,1151,1615
4467.019129165231,4466.894129165231,4467.144129165231,1118,2401,1760
4469.590049719215,4469.340049719215,4469.840049719215,1935,1252,1594
4467.588738827511,4467.338738827511,4467.838738827511,574,1039,807
4463.358590644154,4462.983590644154,4463.733590644154,918,1903,1411
4460.112950448061,4459.987950448061,4460.237950448061,1647,1836,1742
4458.140483505857,4458.015483505857,4458.265483505857,1238,1011,1125
4455.344749798816,4455.094749798816,4455.594749798816,1067,1512,1290
4457.800931433521,4457.550931433521,4458.050931433521,1386,1437,1412
4457.802162727476,4457.552162727476,4458.052162727476,552,1131,842
4457.05524562655,4456.80524562655,4457.30524562655,794,823,809
4456.279979365627,4456.029979365627,4456.529979365627,957,1764,1361
4463.283304705901,4463.158304705901,4463.408304705901,1022,2457,1740
4460.68777640846,4460.43777640846,4460.93777640846,2197,1220,1709
4461.626311959742,4461.376311959742,4461.876311959742,1250,683,967
4457.475433620648,4457.350433620648,4457.600433620648,1722,889,1306
4455.119048114994,4454.994048114994,4455.244048114994,1008,1915,1462
4460.81078293106,4460.68578293106,4460.93578293106,794,1653,1224
4461.509146653884,4461.384146653884,4461.634146653884,1221,1318,1270
4458.834561275405,4458.709561275405,4458.959561275405,2168,1677,1923
4454.279152916339,4454.154152916339,4454.404152916339,1041,630,836
4446.270338576807,4446.145338576807,4446.395338576807,1670,2237,1954
4452.838203501024,4452.588203501024,4453.088203501024,1750,1281,1516
4450.524211320601,4450.399211320601,4450.649211320601,502,1161,832
4452.759778705188,4452.634778705188,4452.884778705188,907,1030,969
4448.082576507851,4447.707576507851,4448.457576507851,2332,961,1647
4449.3446932134775,4449.0946932134775,4449.5946932134775,2362,1587,1975
4453.51006729459,4453.26006729459,4453.76006729459,1047,1294,1171
4450.532576753826,4450.157576753826,4450.907576753826,1963,1620,1792
4447.993442679556,4447.868442679556,4448.118442679556,619,1634,1127
4447.08482985934,4446.83482985934,4447.33482985934,1644,1169,1407
4449.21065391989,4449.08565391989,4449.33565391989,2244,1235,1740
4445.321355187414,4445.196355187414,4445.446355187414,1055,2396,1726
4449.929527694799,4449.679527694799,4450.179527694799,796,1755,1276
4454.959260338142,4454.834260338142,4455.084260338142,834,1849,1342
4461.341110245353,4460.966110245353,4461.716110245353,1225,1468,1347
4462.963942129508,4462.838942129508,4463.088942129508,855,1712,1284
4461.510014195286,4461.385014195286,4461.635014195286,761,1166,964
4466.571719378576,4466.321719378576,4466.821719378576,1099,1638,1369
4467.959402057339,4467.709402057339,4468.209402057339,936,955,946
4467.763790238638,4467.638790238638,4467.888790238638,1896,1427,1662
4471.1882031670075,4470.8132031670075,4471.5632031670075,900,2621,1761
4472.569079490806,4472.444079490806,4472.694079490806,1188,2077,1633
4474.142343609274,4474.017343609274,4474.267343609274,1333,1294,1314
4479.356600028913,4478.981600028913,4479.731600028913,1385,1080,1233
4484.624583904088,4484.499583904088,4484.749583904088,901,2106,1504
4483.742238295421,4483.367238295421,4484.117238295421,1573,762,1168
4484.427742359257,4484.177742359257,4484.677742359257,806,1185,996
4480.881802675536,4480.756802675536,4481.006802675536,877,1002,940
4481.766340769066,4481.516340769066,4482.016340769066,1603,1784,1694
4482.192017853378,4482.067017853378,4482.317017853378,1274,2521,1898
4488.232564388357,4488.107564388357,4488.357564388357,1308,807,1058
4494.795015430609,4494.670015430609,4494.920015430609,701,1188,945
4493.2098973997245,4493.0848973997245,4493.3348973997245,1536,685,1111
4495.609514636908,4495.359514636908,4495.859514636908,1168,439,804
4496.616948736044,4496.366948736044,4496.866948736044,1413,720,1067
4498.215267892576,4498.090267892576,4498.340267892576,1615,1592,1604
4497.368931597415,4497.118931597415,4497.618931597415,2181,910,1546
4506.075113945249,4505.950113945249,4506.200113945249,1001,1814,1408
4508.740606073448,4508.615606073448,4508.865606073448,1082,1155,1119
4514.125809179569,4514.000809179569,4514.250809179569,1202,2735,1969
4510.657126756843,4510.532126756843,4510.782126756843,1915,1810,1863
4511.399280724217,4511.274280724217,4511.524280724217,1078,2889,1984
4510.336250693439,4510.211250693439,4510.461250693439,1149,964,1057
4507.51551695158,4507.26551695158,4507.76551695158,2683,1052,1868
4508.259535016802,4508.009535016802,4508.509535016802,793,1150,972
4509.506937347357,4509.381937347357,4509.631937347357,1178,2353,1766
4507.154392366227,4506.904392366227,4507.404392366227,978,667,823
4506.955618094698,4506.830618094698,4507.080618094698,2320,1243,1782
4505.825871605673,4505.700871605673,4505.950871605673,949,2182,1566
4510.846104512877,4510.596104512877,4511.096104512877,1704,1751,1728
4502.410582221824,4502.160582221824,4502.660582221824,1027,2442,1735
4499.3620958916,4499.2370958916,4499.4870958916,1560,541,1051
4499.563693413771,4499.313693413771,4499.813693413771,1319,1442,1381
4491.854016133574,4491.604016133574,4492.104016133574,1372,1325,1349
4490.116763370912,4489.991763370912,4490.241763370912,915,954,935
4487.70646082135,4487.45646082135,4487.95646082135,1014,643,829
4486.407954992861,4486.282954992861,4486.532954992861,2902,971,1937
4484.672468714046,4484.422468714046,4484.922468714046,1591,900,1246
4482.99946404912,4482.87446404912,4483.12446404912,1504,1671,1588
4484.731774724901,4484.356774724901,4485.106774724901,843,788,816
4483.261216458448,4483.136216458448,4483.386216458448,1483,2032,1758
4486.883531490394,4486.633531490394,4487.133531490394,1598,1003,1301
4488.655491243729,4488.405491243729,4488.905491243729,1029,2010,1520
4485.841032366324,4485.716032366324,4485.966032366324,712,2087,1400
4486.574466865017,4486.449466865017,4486.699466865017,2342,1279,1811
4487.562701559472,4487.312701559472,4487.812701559472,2090,725,1408
4492.530856409767,4492.405856409767,4492.655856409767,934,1201,1068
4491.920214549329,4491.670214549329,4492.170214549329,980,2027,1504
4492.916127916937,4492.791127916937,4493.041127916937,624,1527,1076
4489.773377056657,4489.648377056657,4489.898377056657,2343,1622,1983
4491.3396558247405,4491.2146558247405,4491.4646558247405,2416,1529,1973
4490.883948716382,4490.758948716382,4491.008948716382,1887,634,1261
4488.671839329736,4488.546839329736,4488.796839329736,2234,1657,1946
4487.595727414197,4487.470727414197,4487.720727414197,1004,1433,1219
4487.064989190181,4486.939989190181,4487.189989190181,1859,1310,1585
4486.356673971937,4486.106673971937,4486.606673971937,948,859,904
4482.448808524289,4482.323808524289,4482.573808524289,809,1196,1003
4480.081872866137,4479.956872866137,4480.206872866137,1047,850,949
4477.353131549881,4477.228131549881,4477.478131549881,1624,795,1210
4478.179844070295,4477.929844070295,4478.429844070295,2051,1256,1654
4478.553667389866,4478.303667389866,4478.803667389866,1802,1179,1491
4481.519316367167,4481.394316367167,4481.644316367167,1439,1780,1610
4485.474088506847,4485.349088506847,4485.599088506847,1626,769,1198
4486.807772406154,4486.557772406154,4487.057772406154,1396,497,947
4487.625496228353,4487.250496228353,4488.000496228353,988,1753,1371
4484.9721262356,4484.7221262356,4485.2221262356,1614,655,1135
4480.854839396008,4480.729839396008,4480.979839396008,1633,2068,1851
4478.316153185749,4478.191153185749,4478.441153185749,1362,539,951
4478.907429238912,4478.782429238912,4479.032429238912,1218,1529,1374
4476.458320312445,4476.333320312445,4476.583320312445,734,929,832
4480.790731367873,4480.665731367873,4480.915731367873,1467,536,1002
4482.348011300233,4482.223011300233,4482.473011300233,1502,1333,1418
4484.650921326172,4484.400921326172,4484.900921326172,955,1402,1179
4485.574129105998,4485.324129105998,4485.824129105998,1720,1233,1477
4488.963637604898,4488.713637604898,4489.213637604898,724,1163,944
4487.904792652218,4487.779792652218,4488.029792652218,1581,1558,1570
4484.114189395274,4483.864189395274,4484.364189395274,2126,1347,1737
4485.2261600915,4484.9761600915,4485.4761600915,1217,1518,1368
4486.8590480347375,4486.6090480347375,4487.1090480347375,1729,1820,1775
4489.670195951305,4489.420195951305,4489.920195951305,1948,1951,1950
4482.221852124599,4481.971852124599,4482.471852124599,1997,892,1445
4482.974837169531,4482.724837169531,4483.224837169531,1002,1387,1195
4478.447294121927,4478.322294121927,4478.572294121927,1147,2716,1932
4481.614361162199,4481.489361162199,4481.739361162199,1485,520,1003
4483.0611197230055,4482.6861197230055,4483.4361197230055,912,2581,1747
4483.533733210487,4483.408733210487,4483.658733210487,1296,773,1035
4484.4709166502935,4484.3459166502935,4484.5959166502935,935,1744,1340
4485.060157704355,4484.935157704355,4485.185157704355,1368,1241,1305
4486.556926198419,4486.306926198419,4486.806926198419,1769,2180,1975
4485.182042597752,4485.057042597752,4485.307042597752,1511,976,1244
4487.877287864051,4487.627287864051,4488.127287864051,1144,487,816
4489.614118172495,4489.489118172495,4489.739118172495,1006,1007,1007
4489.205093946341,4489.080093946341,4489.330093946341,873,950,912
4489.216430351249,4488.966430351249,4489.466430351249,1449,1722,1586
4493.038250489143,4492.788250489143,4493.288250489143,1106,1757,1432
4491.670003160318,4491.545003160318,4491.795003160318,1762,999,1381
4494.630121064029,4494.505121064029,4494.755121064029,1098,1499,1299
4491.73195170062,4491.48195170062,4491.98195170062,994,2015,1505
4487.5539738856105,4487.3039738856105,4487.8039738856105,1257,1018,1138
4486.585071121645,4486.335071121645,4486.835071121645,1409,1090,1250
4483.727698190736,4483.477698190736,4483.977698190736,1094,941,1018
4484.256833188549,4484.131833188549,4484.381833188549,1143,2474,1809
4483.781447605004,4483.656447605004,4483.906447605004,782,1335,1059
4484.676438340107,4484.426438340107,4484.926438340107,1598,1787,1693
4486.398133440536,4486.273133440536,4486.523133440536,1768,1391,1580
4488.189715972318,4488.064715972318,4488.314715972318,1348,1007,1178
4486.811535269265,4486.436535269265,4487.186535269265,2268,867,1568
4484.5408784246765,4484.4158784246765,4484.6658784246765,1889,1626,1758
4487.253644078497,4486.878644078497,4487.628644078497,1188,2079,1634
4490.08658828719,4489.96158828719,4490.21158828719,732,1995,1364
4489.286573812363,4489.161573812363,4489.411573812363,556,1231,894
4487.835892597121,4487.585892597121,4488.085892597121,1181,740,961
4486.565443665136,4486.315443665136,4486.815443665136,1220,1685,1453
4487.430793571253,4487.180793571253,4487.680793571253,1232,2243,1738
4487.917672765027,4487.542672765027,4488.292672765027,1635,2150,1893
4486.688900156714,4486.563900156714,4486.813900156714,2200,1093,1647
4485.73540840856,4485.48540840856,4485.98540840856,1455,2166,1811
4487.996104477215,4487.746104477215,4488.246104477215,2183,1584,1884
4489.065873298818,4488.815873298818,4489.315873298818,763,1074,919
4486.838360480089,4486.588360480089,4487.088360480089,1367,1468,1418
4486.8396594487485,4486.7146594487485,4486.9646594487485,1040,2091,1566
4485.724085149343,4485.474085149343,4485.974085149343,1559,2348,1954
4486.745781010378,4486.620781010378,4486.870781010378,2060,1425,1743
4486.701919250446,4486.576919250446,4486.826919250446,1171,2096,1634
4483.178975987126,4483.053975987126,4483.303975987126,1588,763,1176
4485.198675679082,4484.948675679082,4485.448675679082,607,1008,808
4485.318568408204,4485.193568408204,4485.443568408204,1699,1574,1637
4483.612197210378,4483.487197210378,4483.737197210378,705,1080,893
4482.932453360901,4482.557453360901,4483.307453360901,2280,875,1578
4486.574426511719,4486.449426511719,4486.699426511719,2414,969,1692
4487.779740999327,4487.654740999327,4487.904740999327,1148,1583,1366
4489.626335135123,4489.501335135123,4489.751335135123,1741,718,1230
4490.666301936382,4490.541301936382,4490.791301936382,2580,1343,1962
4493.011868378886,4492.761868378886,4493.261868378886,1701,2262,1982
4493.668680393034,4493.418680393034,4493.918680393034,783,1094,939
4492.525479281182,4492.275479281182,4492.775479281182,777,884,831
4494.352725038274,4494.227725038274,4494.477725038274,1472,2155,1814
4490.190769797662,4490.065769797662,4490.315769797662,1032,911,972
4492.0478711834885,4491.6728711834885,4492.4228711834885,1252,861,1057
4494.443437799138,4494.318437799138,4494.568437799138,1177,2148,1663
4491.880453921979,4491.755453921979,4492.005453921979,704,1139,922
4492.541748206325,4492.416748206325,4492.666748206325,888,1935,1412
4495.0976065554005,4494.9726065554005,4495.2226065554005,2139,1720,1930
4494.481743371752,4494.231743371752,4494.731743371752,646,1635,1141
4495.114084195697,4494.989084195697,4495.239084195697,867,2304,1586
4493.65602701582,4493.53102701582,4493.78102701582,1259,2510,1885
4491.658321509262,4491.408321509262,4491.908321509262,796,2003,1400
4487.206216287313,4487.081216287313,4487.331216287313,1665,1708,1687
4482.653477209083,4482.403477209083,4482.903477209083,1632,1013,1323
4482.715228810969,4482.340228810969,4483.090228810969,1911,868,1390
4480.363407290979,4480.113407290979,4480.613407290979,1672,1137,1405
4478.981360683141,4478.856360683141,4479.106360683141,1437,2234,1836
4476.689277995063,4476.564277995063,4476.814277995063,1582,605,1094
4478.219597756392,4478.094597756392,4478.344597756392,2653,1202,1928
4480.696627602454,4480.571627602454,4480.821627602454,1508,1017,1263
4481.827680010673,4481.577680010673,4482.077680010673,1670,1919,1795
4480.4484720224345,4480.3234720224345,4480.5734720224345,2835,1140,1988
4482.029991066262,4481.779991066262,4482.279991066262,2297,1688,1993
4481.7787340113655,4481.5287340113655,4482.0287340113655,1101,1062,1082
4479.6460635312915,4479.5210635312915,4479.7710635312915,2268,999,1634
4479.058269388509,4478.933269388509,4479.183269388509,1926,729,1328
4479.584857152655,4479.459857152655,4479.709857152655,1465,1824,1645
4479.357690340927,4479.232690340927,4479.482690340927,1035,950,993
4480.741801912009,4480.366801912009,4481.116801912009,756,1203,980
4481.460839765566,4481.210839765566,4481.710839765566,2462,1117,1790
4480.780296461813,4480.655296461813,4480.905296461813,1432,1157,1295
4480.395801778679,4480.270801778679,4480.520801778679,1658,1411,1535
4482.138615987109,4482.013615987109,4482.263615987109,1346,661,1004
4482.233260155935,4481.983260155935,4482.483260155935,1141,2222,1682
4487.285489331647,4487.035489331647,4487.535489331647,1138,2521,1830
4487.694464641292,4487.444464641292,4487.944464641292,1180,1803,1492
4486.484977841104,4486.359977841104,4486.609977841104,2170,1147,1659
4487.0621024949705,4486.9371024949705,4487.1871024949705,928,2703,1816
4489.340030751427,4489.215030751427,4489.465030751427,2011,1864,1938
4488.318213995168,4488.068213995168,4488.568213995168,1700,673,1187
4486.386447722544,4486.261447722544,4486.511447722544,1307,1094,1201
4487.506940548482,4487.381940548482,4487.631940548482,2185,1516,1851
4485.198824927239,4485.073824927239,4485.323824927239,1063,1938,1501
4487.579506445685,4487.454506445685,4487.704506445685,1833,786,1310
4486.33102576529,4486.08102576529,4486.58102576529,685,1196,941
4488.268761801554,4488.143761801554,4488.393761801554,1519,2440,1980
4489.130038890523,4489.005038890523,4489.255038890523,1340,473,907
4489.661771774801,4489.536771774801,4489.786771774801,974,971,973
4488.646203559509,4488.521203559509,4488.771203559509,1128,809,969
4492.555946222871,4492.430946222871,4492.680946222871,1534,1727,1631
4492.687982717161,4492.562982717161,4492.812982717161,1170,855,1013
4491.945373502643,4491.820373502643,4492.070373502643,2539,1362,1951
4495.133064556516,4495.008064556516,4495.258064556516,1335,2650,1993
4495.5072360819595,4495.1322360819595,4495.8822360819595,714,1967,1341
4496.881820084941,4496.756820084941,4497.006820084941,905,1484,1195
4496.123056950477,4495.998056950477,4496.248056950477,1968,709,1339
4495.323976002764,4495.073976002764,4495.573976002764,1560,527,1044
4494.5692871194615,4494.4442871194615,4494.6942871194615,2042,773,1408
4494.376539157725,4494.126539157725,4494.626539157725,776,1875,1326
4496.106661784016,4495.981661784016,4496.231661784016,1112,2437,1775
4494.722707014444,4494.347707014444,4495.097707014444,1659,1544,1602
4495.156917027241,4494.906917027241,4495.406917027241,2599,928,1764
4491.345412602333,4491.220412602333,4491.470412602333,1002,2833,1918
4488.8105623354995,4488.5605623354995,4489.0605623354995,1694,1603,1649
4488.441805152137,4488.316805152137,4488.566805152137,1709,1510,1610
4488.584821211152,4488.334821211152,4488.834821211152,1102,597,850
4490.618079752179,4490.243079752179,4490.993079752179,1622,2097,1860
4492.265442561416,4492.140442561416,4492.390442561416,1688,607,1148
4490.951728411448,4490.701728411448,4491.201728411448,2115,1234,1675
4488.6764023601145,4488.5514023601145,4488.8014023601145,1978,1787,1883
4490.765115951203,4490.515115951203,4491.015115951203,2552,1359,1956
4491.682770069644,4491.432770069644,4491.932770069644,1757,1466,1612
4492.875163154773,4492.500163154773,4493.250163154773,1171,1672,1422
4491.426522278738,4491.176522278738,4491.676522278738,561,1640,1101
4492.939777256308,4492.564777256308,4493.314777256308,1415,2434,1925
4491.27588008584,4491.15088008584,4491.40088008584,870,1089,980
4492.681683418727,4492.556683418727,4492.806683418727,835,1834,1335
4494.817783268052,4494.567783268052,4495.067783268052,949,918,934
4494.508081941922,4494.133081941922,4494.883081941922,1666,1325,1496
4493.551875235354,4493.426875235354,4493.676875235354,1434,2155,1795
4490.8484178840645,4490.5984178840645,4491.0984178840645,1794,1951,1873
4491.5303401837045,4491.4053401837045,4491.6553401837045,1402,1461,1432
4492.80468713598,4492.67968713598,4492.92968713598,1054,2109,1582
4495.477165448501,4495.102165448501,4495.852165448501,2287,918,1603
4493.976452213583,4493.851452213583,4494.101452213583,2686,1181,1934
4494.293509753592,4494.168509753592,4494.418509753592,917,1026,972
4495.907040491182,4495.657040491182,4496.157040491182,1220,1601,1411
4499.727402055796,4499.602402055796,4499.852402055796,658,1517,1088
4499.970095514718,4499.720095514718,4500.220095514718,1221,1224,1223
4501.276004373681,4501.151004373681,4501.401004373681,1202,1381,1292
4504.4125893599785,4504.1625893599785,4504.6625893599785,1704,677,1191
4502.432570343932,4502.057570343932,4502.807570343932,1681,764,1223
4503.543015285825,4503.418015285825,4503.668015285825,759,966,863
4500.688784341413,4500.563784341413,4500.813784341413,1871,1630,1751
4500.870084759368,4500.620084759368,4501.120084759368,1018,1903,1461
4500.561256473529,4500.436256473529,4500.686256473529,737,1878,1308
4501.710416382601,4501.585416382601,4501.835416382601,876,775,826
4501.739221386222,4501.364221386222,4502.114221386222,1624,2253,1939
4501.92457134317,4501.67457134317,4502.17457134317,2169,1456,1813
4498.23595471997,4498.11095471997,4498.36095471997,979,1034,1007
4504.136902440288,4503.886902440288,4504.386902440288,1390,2543,1967
4501.541375535057,4501.416375535057,4501.666375535057,791,896,844
4497.312695186135,4497.187695186135,4497.437695186135,1330,543,937
4502.956202946085,4502.706202946085,4503.206202946085,984,2383,1684
4501.55808598385,4501.43308598385,4501.68308598385,2056,911,1484
4498.183204802102,4498.058204802102,4498.308204802102,1497,1196,1347
4494.986843839729,4494.861843839729,4495.111843839729,1408,991,1200
4494.713979477156,4494.588979477156,4494.838979477156,941,2348,1645
4492.682105594308,4492.557105594308,4492.807105594308,1017,752,885
4487.846635374327,4487.721635374327,4487.971635374327,1508,1549,1529
4491.908120749854,4491.783120749854,4492.033120749854,1158,2087,1623
4488.256734206575,4487.881734206575,4488.631734206575,942,2705,1824
4487.125939568734,4486.875939568734,4487.375939568734,2110,1439,1775
4490.01991481705,4489.89491481705,4490.14491481705,1013,1628,1321
4490.877056963797,4490.752056963797,4491.002056963797,784,1371,1078
4495.202452482315,4495.077452482315,4495.327452482315,1213,1966,1590
4487.448311556458,4487.073311556458,4487.823311556458,1854,1447,1651
4490.060622909885,4489.810622909885,4490.310622909885,2257,1558,1908
4489.867609551742,4489.617609551742,4490.117609551742,2149,1222,1686
4489.150981042108,4489.025981042108,4489.275981042108,587,1046,817
4486.689970646316,4486.564970646316,4486.814970646316,1344,589,967
4481.9350612549615,4481.8100612549615,4482.0600612549615,1206,2203,1705
4477.175548858247,4476.800548858247,4477.550548858247,2767,1102,1935
4475.7994159793625,4475.6744159793625,4475.9244159793625,1743,888,1316
4479.8791748259,4479.5041748259,4480.2541748259,1141,664,903
4480.272354629156,4480.022354629156,4480.522354629156,2148,1137,1643
4479.83177603578,4479.70677603578,4479.95677603578,1143,2426,1785
4485.311644113121,4485.186644113121,4485.436644113121,1239,1590,1415
4487.020756327969,4486.895756327969,4487.145756327969,1099,690,895
4485.302009314839,4485.052009314839,4485.552009314839,1430,2047,1739
4484.337041979366,4484.087041979366,4484.587041979366,1177,2154,1666
4482.509041621524,4482.259041621524,4482.759041621524,2281,902,1592
4479.158759177457,4479.033759177457,4479.283759177457,1083,2558,1821
4488.498325308561,4488.123325308561,4488.873325308561,1618,1901,1760
4494.817273836585,4494.692273836585,4494.942273836585,1245,604,925
4489.399336181641,4489.274336181641,4489.524336181641,1186,1931,1559
4488.113259031979,4487.988259031979,4488.238259031979,713,1732,1223
4492.296958715161,4492.171958715161,4492.421958715161,1255,2728,1992
4496.2216353737795,4496.0966353737795,4496.3466353737795,977,2714,1846
4499.304094353101,4499.179094353101,4499.429094353101,1314,1071,1193
4503.711183548966,4503.586183548966,4503.836183548966,938,2257,1598
4510.787586925534,4510.537586925534,4511.037586925534,1289,1792,1541
4517.012326415762,4516.637326415762,4517.387326415762,1135,992,1064
4519.460758239837,4519.085758239837,4519.835758239837,1747,1060,1404
4524.867504060763,4524.617504060763,4525.117504060763,1359,2048,1704
4523.5684611349125,4523.3184611349125,4523.8184611349125,1160,1371,1266
4519.451805954191,4519.326805954191,4519.576805954191,1059,1230,1145
4522.560885762273,4522.435885762273,4522.685885762273,1634,1323,1479
4520.958986030397,4520.708986030397,4521.208986030397,1467,1072,1270
4521.210714883158,4521.085714883158,4521.335714883158,1868,785,1327
4523.3486687436825,4523.2236687436825,4523.4736687436825,1664,2105,1885
4525.7622346982935,4525.5122346982935,4526.0122346982935,1294,1151,1223
4524.469650610785,4524.219650610785,4524.719650610785,1513,2386,1950
4524.903161933592,4524.778161933592,4525.028161933592,2040,773,1407
4527.330842797708,4527.080842797708,4527.580842797708,565,1354,960
4528.29269730543,4528.16769730543,4528.41769730543,1208,545,877
4528.865896997051,4528.615896997051,4529.115896997051,1596,787,1192
4532.3985188783645,4532.2735188783645,4532.5235188783645,841,1740,1291
4535.235152641634,4535.110152641634,4535.360152641634,1817,932,1375
4532.781787730627,4532.656787730627,4532.906787730627,1530,563,1047
4532.576860494992,4532.451860494992,4532.701860494992,882,2533,1708
4537.532700541938,4537.407700541938,4537.657700541938,1904,1875,1890
4537.318841818225,4537.193841818225,4537.443841818225,1901,800,1351
4543.155360654756,4543.030360654756,4543.280360654756,1850,681,1266
4547.147151750302,4547.022151750302,4547.272151750302,941,1748,1345
4548.363456338549,4548.238456338549,4548.488456338549,2903,1012,1958
4546.3840630175655,4546.2590630175655,4546.5090630175655,1552,2133,1843
4543.886679884503,4543.761679884503,4544.011679884503,1046,1525,1286
4546.621881049967,4546.496881049967,4546.746881049967,2590,1097,1844
4552.407296559456,4552.282296559456,4552.532296559456,2339,1360,1850
4553.471362695035,4553.346362695035,4553.596362695035,559,1370,965
4558.206829796158,4558.081829796158,4558.331829796158,1295,860,1078
4561.333069854729,4561.083069854729,4561.583069854729,2383,1546,1965
4561.665712036115,4561.540712036115,4561.790712036115,1324,905,1115
4561.68257349037,4561.30757349037,4562.05757349037,2051,1106,1579
4563.163057366683,4562.913057366683,4563.413057366683,2467,1470,1969
4563.1723959227675,4562.9223959227675,4563.4223959227675,1224,1565,1395
4567.740806070749,4567.490806070749,4567.990806070749,1254,1903,1579
4568.526502295434,4568.401502295434,4568.651502295434,598,1015,807
4567.015718264624,4566.765718264624,4567.265718264624,858,2181,1520
4566.284314037137,4566.159314037137,4566.409314037137,670,1217,944
4560.174594134477,4559.924594134477,4560.424594134477,503,1210,857
4559.171670977103,4559.046670977103,4559.296670977103,1875,1756,1816
4561.658620752915,4561.533620752915,4561.783620752915,1838,1991,1915
4562.525396651407,4562.275396651407,4562.775396651407,1804,1451,1628
4560.629590717381,4560.379590717381,4560.879590717381,1259,1702,1481
4559.693326352083,4559.568326352083,4559.818326352083,1790,947,1369
4557.274501595583,4556.899501595583,4557.649501595583,1072,2867,1970
4556.287549802545,4556.162549802545,4556.412549802545,1706,1895,1801
4553.085340707192,4552.960340707192,4553.210340707192,1200,1063,1132
4556.042692188548,4555.917692188548,4556.167692188548,713,1226,970
4558.184314436367,4558.059314436367,4558.309314436367,770,1553,1162
4557.654676300665,4557.529676300665,4557.779676300665,1563,1456,1510
4560.501502460508,4560.251502460508,4560.751502460508,2132,1131,1632
4562.55749076482,4562.18249076482,4562.93249076482,1254,1209,1232
4566.94268897844,4566.81768897844,4567.06768897844,668,1333,1001
4566.461739666137,4566.336739666137,4566.586739666137,1967,1042,1505
4572.8066493163005,4572.6816493163005,4572.9316493163005,1485,634,1060
4572.46874044785,4572.34374044785,4572.59374044785,1792,959,1376
4570.167855534331,4569.917855534331,4570.417855534331,2199,1390,1795
4573.760655000362,4573.635655000362,4573.885655000362,1976,1397,1687
4575.578160020541,4575.453160020541,4575.703160020541,1320,1873,1597
4576.945969951596,4576.695969951596,4577.195969951596,774,1195,985
4577.281813940784,4577.156813940784,4577.406813940784,1614,1549,1582
4573.75930238174,4573.38430238174,4574.13430238174,1217,994,1106
4576.902559844279,4576.777559844279,4577.027559844279,974,1197,1086
4576.587028889469,4576.212028889469,4576.962028889469,488,1225,857
4576.30085949426,4576.05085949426,4576.55085949426,1055,2936,1996
4576.387324973288,4576.262324973288,4576.512324973288,1065,710,888
4575.838655785059,4575.713655785059,4575.963655785059,1110,1579,1345
4575.8756366731695,4575.6256366731695,4576.1256366731695,530,1323,927
4570.764355736255,4570.639355736255,4570.889355736255,2233,1062,1648
4571.823850316882,4571.698850316882,4571.948850316882,1082,1013,1048
4573.501572365956,4573.376572365956,4573.626572365956,1141,790,966
4573.36383263934,4573.23883263934,4573.48883263934,1148,2285,1717
4577.047004797702,4576.797004797702,4577.297004797702,1282,995,1139
4578.3747558471805,4578.2497558471805,4578.4997558471805,780,1057,919
4575.160919039784,4574.785919039784,4575.535919039784,1018,2925,1972
4574.909651795453,4574.784651795453,4575.034651795453,1396,1781,1589
4562.93245494366,4562.55745494366,4563.30745494366,767,1558,1163
4571.421356563339,4571.296356563339,4571.546356563339,1826,1905,1866
4571.0074956632025,4570.8824956632025,4571.1324956632025,1007,1002,1005
4568.202746074238,4568.077746074238,4568.327746074238,708,1973,1341
4565.277720046689,4565.152720046689,4565.402720046689,1156,1233,1195
4567.874303777814,4567.749303777814,4567.999303777814,1673,1432,1553
4569.178986728241,4568.928986728241,4569.428986728241,1264,2447,1856
4567.392434411445,4567.142434411445,4567.642434411445,1040,1255,1148
4573.623009099009,4573.373009099009,4573.873009099009,2000,1529,1765
4569.167122801691,4568.917122801691,4569.417122801691,939,2054,1497
4566.446580873406,4566.196580873406,4566.696580873406,1877,936,1407
4567.127203222909,4566.877203222909,4567.377203222909,2634,1123,1879
4563.605731777762,4563.355731777762,4563.855731777762,1020,2373,1697
4559.083158904941,4558.833158904941,4559.333158904941,2508,1059,1784
4561.819647354283,4561.694647354283,4561.944647354283,1612,987,1300
4557.068491872595,4556.818491872595,4557.318491872595,1108,721,915
4565.551683787755,4565.426683787755,4565.676683787755,1287,912,1100
4567.999698315236,4567.874698315236,4568.124698315236,1348,1723,1536
4569.554108166777,4569.429108166777,4569.679108166777,707,1350,1029
4570.194157877353,4570.069157877353,4570.319157877353,1242,549,896
4566.247313979572,4566.122313979572,4566.372313979572,1053,1764,1409
4569.850437162824,4569.725437162824,4569.975437162824,1149,2396,1773
4566.780927192494,4566.530927192494,4567.030927192494,1878,1709,1794
4568.064279606776,4567.814279606776,4568.314279606776,1411,570,991
4570.058874382122,4569.933874382122,4570.183874382122,1302,945,1124
4579.215031691201,4579.090031691201,4579.340031691201,1559,804,1182
4580.545505892012,4580.295505892012,4580.795505892012,1137,1046,1092
4584.426856212787,4584.301856212787,4584.551856212787,1270,1021,1146
4585.421265983233,4585.171265983233,4585.671265983233,938,1121,1030
4585.169634867959,4584.919634867959,4585.419634867959,1601,2350,1976
4581.205470319154,4581.080470319154,4581.330470319154,1034,2769,1902
4575.594310455506,4575.469310455506,4575.719310455506,1743,774,1259
4578.356432098089,4578.231432098089,4578.481432098089,1333,1728,1531
4581.636144132232,4581.511144132232,4581.761144132232,1995,1514,1755
4578.836596802328,4578.586596802328,4579.086596802328,966,845,906
4577.482571596873,4577.357571596873,4577.607571596873,1793,1278,1536
4576.229265645879,4576.104265645879,4576.354265645879,1612,949,1281
4578.307042836519,4578.182042836519,4578.432042836519,1530,2019,1775
4579.679076002374,4579.429076002374,4579.929076002374,893,2200,1547
4579.683217742386,4579.433217742386,4579.933217742386,1343,1348,1346
4580.352309680971,4579.977309680971,4580.727309680971,1814,2053,1934
4577.665221311154,4577.540221311154,4577.790221311154,1352,2437,1895
4576.868055373279,4576.493055373279,4577.243055373279,2402,1517,1960
4585.182592498114,4585.057592498114,4585.307592498114,1617,2244,1931
4579.756687633985,4579.506687633985,4580.006687633985,1032,1445,1239
4581.032344625677,4580.907344625677,4581.157344625677,2278,891,1585
4582.751582582846,4582.501582582846,4583.001582582846,851,1420,1136
4584.924481565719,4584.799481565719,4585.049481565719,2840,1039,1940
4587.4434070701645,4587.3184070701645,4587.5684070701645,2353,962,1658
4585.531924046865,4585.281924046865,4585.781924046865,858,2061,1460
4586.199407442009,4586.074407442009,4586.324407442009,1164,1507,1336
4582.621540025612,4582.496540025612,4582.746540025612,1256,2725,1991
4575.265427141801,4575.140427141801,4575.390427141801,2375,1478,1927
4572.475249886351,4572.100249886351,4572.850249886351,1531,1788,1660
4573.694013901469,4573.444013901469,4573.944013901469,987,1604,1296
4577.078713455677,4576.828713455677,4577.328713455677,1132,1323,1228
4572.457493398541,4572.332493398541,4572.582493398541,1253,836,1045
4570.036339719316,4569.786339719316,4570.286339719316,1291,1630,1461
4569.334502879984,4569.209502879984,4569.459502879984,569,1604,1087
4573.789257838408,4573.539257838408,4574.039257838408,1484,1767,1626
4569.826753594974,4569.701753594974,4569.951753594974,1132,2235,1684
4564.617335470302,4564.492335470302,4564.742335470302,1849,1916,1883
4563.212715668706,4563.087715668706,4563.337715668706,2465,1522,1994
4564.174467910567,4564.049467910567,4564.299467910567,1489,1848,1669
4559.785330417405,4559.660330417405,4559.910330417405,1566,2399,1983
4557.180464962434,4557.055464962434,4557.305464962434,2442,833,1638
4556.117691910397,4555.867691910397,4556.367691910397,1057,1096,1077
4555.8326259282,4555.7076259282,4555.9576259282,877,2362,1620
4553.311331929324,4553.061331929324,4553.561331929324,1634,2357,1996
4549.647906145865,4549.522906145865,4549.772906145865,824,1651,1238
4550.399344786906,4550.274344786906,4550.524344786906,677,1700,1189
4551.297166881924,4551.172166881924,4551.422166881924,1127,532,830
4550.322617664404,4550.197617664404,4550.447617664404,1025,2436,1731
4550.286373478378,4550.161373478378,4550.411373478378,1513,1754,1634
4545.209548292221,4544.959548292221,4545.459548292221,2653,1094,1874
4539.242068095241,4538.867068095241,4539.617068095241,2040,1063,1552
4541.17973929027,4540.80473929027,4541.55473929027,1024,2923,1974
4539.15451732402,4539.02951732402,4539.27951732402,1916,1029,1473
4533.786771553467,4533.536771553467,4534.036771553467,1352,607,980
4528.007020967338,4527.632020967338,4528.382020967338,997,674,836
4534.729154757375,4534.479154757375,4534.979154757375,1308,777,1043
4533.611834362512,4533.486834362512,4533.736834362512,2145,1190,1668
4538.038407210692,4537.788407210692,4538.288407210692,1152,2285,1719
4539.476339226984,4539.226339226984,4539.726339226984,828,1611,1220
4542.305824127318,4542.055824127318,4542.555824127318,962,1757,1360
4540.881774071417,4540.756774071417,4541.006774071417,1781,2074,1928
4547.70139401156,4547.57639401156,4547.82639401156,1944,719,1332
4547.5790361473655,4547.4540361473655,4547.7040361473655,2426,1321,1874
4545.6981313395745,4545.4481313395745,4545.9481313395745,1937,1700,1819
4542.392732318039,4542.267732318039,4542.517732318039,2834,1041,1938
4540.056423565934,4539.806423565934,4540.306423565934,1114,1897,1506
4541.91821777731,4541.79321777731,4542.04321777731,1991,1788,1890
4546.679351880364,4546.304351880364,4547.054351880364,2670,1149,1910
4548.851050922774,4548.726050922774,4548.976050922774,1810,2079,1945
4542.2567257751,4542.1317257751,4542.3817257751,1642,815,1229
4538.365818951691,4538.240818951691,4538.490818951691,1093,872,983
4540.155556663871,4540.030556663871,4540.280556663871,813,1014,914
4539.887742504252,4539.637742504252,4540.137742504252,1302,2043,1673
4540.206895118832,4540.081895118832,4540.331895118832,1149,2350,1750
4536.2210967452065,4536.0960967452065,4536.3460967452065,1594,1341,1468
4528.466520095111,4528.341520095111,4528.591520095111,1390,1471,1431
4527.378360728402,4527.128360728402,4527.628360728402,1969,1862,1916
4522.327215812947,4522.202215812947,4522.452215812947,1376,1547,1462
4522.4494590312515,4522.1994590312515,4522.6994590312515,912,2277,1595
4517.387219910271,4517.262219910271,4517.512219910271,996,1305,1151
4512.351411506397,4512.101411506397,4512.601411506397,1831,2164,1998
4516.128766330223,4515.878766330223,4516.378766330223,1536,1233,1385
4521.003538621438,4520.878538621438,4521.128538621438,689,1756,1223
4518.243399434456,4518.118399434456,4518.368399434456,1045,582,814
4508.46216827679,4508.33716827679,4508.58716827679,910,845,878
4515.952720546064,4515.827720546064,4516.077720546064,1765,1260,1513
4513.418379123971,4513.168379123971,4513.668379123971,1886,1279,1583
4513.706008824044,4513.456008824044,4513.956008824044,1112,1189,1151
4509.136533193433,4509.011533193433,4509.261533193433,623,1506,1065
4505.853644865949,4505.603644865949,4506.103644865949,2550,985,1768
4507.618961615241,4507.368961615241,4507.868961615241,2320,1479,1900
4509.655418684867,4509.530418684867,4509.780418684867,1557,2424,1991
4511.123509617225,4510.998509617225,4511.248509617225,813,1420,1117
4508.278304801732,4508.028304801732,4508.528304801732,2877,986,1932
4507.718802140107,4507.593802140107,4507.843802140107,1322,545,934
4510.7678095726,4510.6428095726,4510.8928095726,2001,1446,1724
4510.912215847636,4510.662215847636,4511.162215847636,1621,1628,1625
4509.252967958437,4509.127967958437,4509.377967958437,1726,861,1294
4509.524170068089,4509.399170068089,4509.649170068089,660,1701,1181
4510.361375130274,4510.236375130274,4510.486375130274,922,1333,1128
4504.947810323117,4504.822810323117,4505.072810323117,1456,1477,1467
4496.806664214728,4496.556664214728,4497.056664214728,1315,612,964
4493.503413155415,4493.253413155415,4493.753413155415,1230,785,1008
4495.658108684934,4495.533108684934,4495.783108684934,1441,996,1219
4494.48130356415,4494.35630356415,4494.60630356415,1768,1949,1859
4497.251892507057,4497.001892507057,4497.501892507057,1350,565,958
4497.740359746693,4497.490359746693,4497.990359746693,1088,1481,1285
4501.804495205976,4501.679495205976,4501.929495205976,1361,858,1110
4505.651221722819,4505.526221722819,4505.776221722819,1932,2005,1969
4507.113649045387,4506.988649045387,4507.238649045387,2315,1568,1942
4503.02865099629,4502.90365099629,4503.15365099629,2679,1272,1976
4506.696247665352,4506.446247665352,4506.946247665352,1990,995,1493
4509.698111508894,4509.573111508894,4509.823111508894,857,1556,1207
4511.301528745777,4511.176528745777,4511.426528745777,1068,2601,1835
4512.56139096307,4512.43639096307,4512.68639096307,1531,1738,1635
4512.715087525458,4512.465087525458,4512.965087525458,1797,2110,1954
4505.208043470814,4504.958043470814,4505.458043470814,1981,1758,1870
4507.365690357814,4506.990690357814,4507.740690357814,1761,1544,1653
4509.00811736105,4508.88311736105,4509.13311736105,1864,1685,1775
4506.040644336258,4505.915644336258,4506.165644336258,1492,1797,1645
4512.513845028956,4512.388845028956,4512.638845028956,1080,2009,1545
4517.018003065802,4516.893003065802,4517.143003065802,984,2105,1545
4513.569293133771,4513.194293133771,4513.944293133771,936,2557,1747
4514.716159215139,4514.591159215139,4514.841159215139,1127,2354,1741
4512.941148414777,4512.816148414777,4513.066148414777,2276,1125,1701
4507.409202066439,4507.159202066439,4507.659202066439,1064,1455,1260
4511.2436613911605,4510.9936613911605,4511.4936613911605,1258,987,1123
4510.144850265635,4509.769850265635,4510.519850265635,956,2415,1686
4516.424759442588,4516.049759442588,4516.799759442588,797,2056,1427
4513.852978280503,4513.477978280503,4514.227978280503,1319,630,975
4496.580447753859,4496.205447753859,4496.955447753859,1566,855,1211
4493.961231885364,4493.836231885364,4494.086231885364,2218,1309,1764
4489.461729679305,4489.336729679305,4489.586729679305,1384,2557,1971
4487.849913447321,4487.599913447321,4488.099913447321,1061,1172,1117
4485.762682989316,4485.512682989316,4486.012682989316,2037,1456,1747
4488.925334765712,4488.675334765712,4489.175334765712,614,1347,981
4485.399885888617,4485.149885888617,4485.649885888617,2238,1299,1769
4485.90200089496,4485.77700089496,4486.02700089496,1011,2166,1589
4480.790476822751,4480.665476822751,4480.915476822751,1633,812,1223
4483.280810161563,4483.155810161563,4483.405810161563,2113,916,1515
4481.519603788763,4481.394603788763,4481.644603788763,1463,740,1102
4477.566084504114,4477.441084504114,4477.691084504114,1173,822,998
4476.037704130981,4475.787704130981,4476.287704130981,583,1274,929
4483.681223475945,4483.431223475945,4483.931223475945,544,1483,1014
4490.547351036225,4490.422351036225,4490.672351036225,1734,2111,1923
4487.692790931038,4487.567790931038,4487.817790931038,1525,2034,1780
4486.848297387071,4486.723297387071,4486.973297387071,1426,1107,1267
4490.25152819248,4490.00152819248,4490.50152819248,2001,1182,1592
4497.049649708789,4496.924649708789,4497.174649708789,1603,2154,1879
4497.530725418001,4497.280725418001,4497.780725418001,1125,1040,1083
4497.05691092796,4496.93191092796,4497.18191092796,810,819,815
4502.970796958876,4502.720796958876,4503.220796958876,1760,1067,1414
4501.6792975653025,4501.5542975653025,4501.8042975653025,2142,1269,1706
4493.110054647856,4492.985054647856,4493.235054647856,825,1950,1388
4489.174110971208,4488.924110971208,4489.424110971208,2070,1729,1900
4492.902527397676,4492.777527397676,4493.027527397676,1055,1168,1112
4485.274726730245,4484.899726730245,4485.649726730245,1232,2577,1905
4480.442565074895,4480.317565074895,4480.567565074895,1031,1024,1028
4474.6678384918805,4474.2928384918805,4475.0428384918805,2188,851,1520
4471.613882543742,4471.363882543742,4471.863882543742,1258,1619,1439
4477.853844394681,4477.603844394681,4478.103844394681,950,1969,1460
4480.974622342899,4480.724622342899,4481.224622342899,1952,1697,1825
4481.711701733505,4481.586701733505,4481.836701733505,1146,1521,1334
4485.84335670254,4485.59335670254,4486.09335670254,1637,2038,1838
4493.939771686811,4493.689771686811,4494.189771686811,1184,443,814
4486.594216388699,4486.469216388699,4486.719216388699,1434,2463,1949
4485.272076700451,4485.147076700451,4485.397076700451,1866,673,1270
4487.028280005324,4486.778280005324,4487.278280005324,1412,1539,1476
4480.276234005395,4480.151234005395,4480.401234005395,1741,636,1189
4480.089904553033,4479.839904553033,4480.339904553033,1586,2377,1982
4482.1178810906285,4481.9928810906285,4482.2428810906285,2391,1258,1825
4481.516093087833,4481.141093087833,4481.891093087833,887,2118,1503
4483.64226275862,4483.51726275862,4483.76726275862,1641,1512,1577
4479.926898969366,4479.801898969366,4480.051898969366,939,2810,1875
4476.974604655321,4476.724604655321,4477.224604655321,1854,833,1344
4466.894305714109,4466.769305714109,4467.019305714109,2719,972,1846
4471.033510302978,4470.908510302978,4471.158510302978,1208,783,996
4469.190992155436,4468.940992155436,4469.440992155436,2050,1323,1687
4470.247020968228,4470.122020968228,4470.372020968228,1468,607,1038
4467.780478681833,4467.405478681833,4468.155478681833,1035,2596,1816
4467.699690850662,4467.449690850662,4467.949690850662,804,2317,1561
4465.992459864882,4465.867459864882,4466.117459864882,968,1167,1068
4472.249322476629,4472.124322476629,4472.374322476629,1544,1671,1608
4479.616607140282,4479.491607140282,4479.741607140282,1590,941,1266
4470.771476844385,4470.521476844385,4471.021476844385,639,984,812
4473.018608700565,4472.893608700565,4473.143608700565,1224,1053,1139
4477.569544455563,4477.194544455563,4477.944544455563,1549,1564,1557
4472.0689628467435,4471.9439628467435,4472.1939628467435,2600,1167,1884
4474.703003166394,4474.578003166394,4474.828003166394,704,1585,1145
4473.951616750712,4473.826616750712,4474.076616750712,1927,840,1384
4469.121291629231,4468.996291629231,4469.246291629231,1632,1641,1637
4473.929382193013,4473.804382193013,4474.054382193013,1077,2390,1734
4471.85207492291,4471.72707492291,4471.97707492291,968,2133,1551
4477.388434730669,4477.263434730669,4477.513434730669,1740,1503,1622
4476.936690897786,4476.811690897786,4477.061690897786,1775,1962,1869
4475.27149129625,4475.14649129625,4475.39649129625,1496,1847,1672
4471.757610297013,4471.632610297013,4471.882610297013,2847,1070,1959
4470.397108181507,4470.272108181507,4470.522108181507,1722,1225,1474
4464.994314737889,4464.744314737889,4465.244314737889,1013,792,903
4464.740283021852,4464.490283021852,4464.990283021852,1182,607,895
4462.668594232329,4462.543594232329,4462.793594232329,1337,580,959
4462.683413144344,4462.558413144344,4462.808413144344,1219,784,1002
4463.188628332405,4463.063628332405,4463.313628332405,719,1336,1028
4464.373407858179,4464.248407858179,4464.498407858179,1068,1459,1264
4464.13867027454,4464.01367027454,4464.26367027454,895,1206,1051
4469.983275962719,4469.733275962719,4470.233275962719,730,1311,1021
4470.419227796212,4470.169227796212,4470.669227796212,1641,760,1201
4468.6118875552675,4468.4868875552675,4468.7368875552675,1461,1422,1442
4467.366599860154,4467.241599860154,4467.491599860154,2948,1001,1975
4468.797436609415,4468.672436609415,4468.922436609415,911,1952,1432
4471.7415956304085,4471.6165956304085,4471.8665956304085,888,1393,1141
4472.424900497512,4472.174900497512,4472.674900497512,1053,2258,1656
4463.428081509844,4463.303081509844,4463.553081509844,1772,1783,1778
4466.062050459888,4465.812050459888,4466.312050459888,548,1435,992
4464.625496937291,4464.375496937291,4464.875496937291,873,1006,940
4473.988014151866,4473.863014151866,4474.113014151866,620,1703,1162
4476.806647122182,4476.556647122182,4477.056647122182,1300,863,1082
4478.01643719358,4477.76643719358,4478.26643719358,613,1316,965
4482.890471945211,4482.765471945211,4483.015471945211,1531,812,1172
4481.573493753141,4481.323493753141,4481.823493753141,2273,1156,1715
4474.519773279112,4474.269773279112,4474.769773279112,1270,779,1025
4467.431584959544,4467.181584959544,4467.681584959544,1166,1337,1252
4462.20250363126,4461.95250363126,4462.45250363126,1253,464,859
4457.431946345287,4457.306946345287,4457.556946345287,2747,1202,1975
4449.775522352662,4449.525522352662,4450.025522352662,2140,995,1568
4453.907860237496,4453.782860237496,4454.032860237496,921,1232,1077
4458.237298237328,4457.987298237328,4458.487298237328,1429,2012,1721
4457.984195573693,4457.859195573693,4458.109195573693,1087,1344,1216
4454.525647042287,4454.275647042287,4454.775647042287,544,1603,1074
4451.0901225404,4450.9651225404,4451.2151225404,841,1758,1300
4449.781476172941,4449.656476172941,4449.906476172941,1235,2656,1946
4451.195732857579,4451.070732857579,4451.320732857579,2767,1142,1955
4454.655273015089,4454.530273015089,4454.780273015089,1146,1089,1118
4454.468404928896,4454.218404928896,4454.718404928896,1519,1492,1506
4457.43564264503,4457.18564264503,4457.68564264503,701,1328,1015
4451.980558891951,4451.855558891951,4452.105558891951,1823,694,1259
4454.079514530918,4453.829514530918,4454.329514530918,1125,1244,1185
4458.747566073808,4458.622566073808,4458.872566073808,642,1661,1152
4458.477401903017,4458.227401903017,4458.727401903017,1298,527,913
4459.889654717754,4459.764654717754,4460.014654717754,922,1377,1150
4459.099981042516,4458.974981042516,4459.224981042516,2641,1262,1952
4467.546434999531,4467.296434999531,4467.796434999531,2089,876,1483
4460.954018803181,4460.704018803181,4461.204018803181,1849,1078,1464
4462.70355342624,4462.57855342624,4462.82855342624,645,1918,1282
4458.442603070914,4458.317603070914,4458.567603070914,1269,474,872
4460.278270194584,4460.153270194584,4460.403270194584,1117,912,1015
4471.0127743031535,4470.7627743031535,4471.2627743031535,1709,876,1293
4471.203624151198,4471.078624151198,4471.328624151198,1415,742,1079
4464.686159119631,4464.561159119631,4464.811159119631,568,1435,1002
4469.546257793269,4469.421257793269,4469.671257793269,619,1070,845
4467.935085733207,4467.810085733207,4468.060085733207,1423,1444,1434
4461.933036134793,4461.808036134793,4462.058036134793,2032,1955,1994
4459.639343732312,4459.514343732312,4459.764343732312,771,1322,1047
4461.366392365364,4461.241392365364,4461.491392365364,1573,742,1158
4465.889881674943,4465.764881674943,4466.014881674943,1258,743,1001
4468.99106692973,4468.74106692973,4469.24106692973,730,1669,1200
4469.276032743323,4468.901032743323,4469.651032743323,1067,1830,1449
4461.385338229447,4461.260338229447,4461.510338229447,1161,1794,1478
4459.823817330958,4459.698817330958,4459.948817330958,498,1219,859
4457.484283889698,4457.359283889698,4457.609283889698,1217,1714,1466
4458.197790757724,4457.947790757724,4458.447790757724,428,1221,825
4457.457447073417,4457.332447073417,4457.582447073417,1154,619,887
4462.526199319474,4462.276199319474,4462.776199319474,750,1395,1073
4464.885735383184,4464.635735383184,4465.135735383184,1939,704,1322
4464.107617675348,4463.982617675348,4464.232617675348,578,1221,900
4469.805346595879,4469.680346595879,4469.930346595879,935,1168,1052
4470.885284821192,4470.760284821192,4471.010284821192,951,2772,1862
4469.95739860335,4469.83239860335,4470.08239860335,1121,1588,1355
4478.81457370806,4478.56457370806,4479.06457370806,1553,1200,1377
4479.606277751134,4479.481277751134,4479.731277751134,1355,2088,1722
4481.90924347908,4481.78424347908,4482.03424347908,2308,1423,1866
4472.596314086619,4472.471314086619,4472.721314086619,1181,760,971
4468.538973854358,4468.413973854358,4468.663973854358,1258,1297,1278
4464.839866117696,4464.714866117696,4464.964866117696,1871,1204,1538
4460.319485333092,4460.069485333092,4460.569485333092,1999,1490,1745
4462.917265455996,4462.792265455996,4463.042265455996,1948,985,1467
4464.134501800127,4463.884501800127,4464.384501800127,2059,1694,1877
4452.299617392446,4452.174617392446,4452.424617392446,1175,674,925
4451.178028429876,4450.928028429876,4451.428028429876,1352,1129,1241
4451.1536440273985,4451.0286440273985,4451.2786440273985,1387,2286,1837
4451.655012285877,4451.530012285877,4451.780012285877,1030,1657,1344
4455.657490790141,4455.407490790141,4455.907490790141,862,1487,1175
4449.919517651924,4449.794517651924,4450.044517651924,1471,640,1056
4449.408180134121,4449.283180134121,4449.533180134121,1160,625,893
4448.847875493678,4448.722875493678,4448.972875493678,1079,1350,1215
4447.340317842813,4447.215317842813,4447.465317842813,1138,483,811
4448.192980700645,4448.067980700645,4448.317980700645,1507,1586,1547
4453.896432457051,4453.771432457051,4454.021432457051,967,688,828
4448.738550748162,4448.613550748162,4448.863550748162,918,2131,1525
4444.8199609019275,4444.6949609019275,4444.9449609019275,1182,1319,1251
4448.751991896852,4448.626991896852,4448.876991896852,2370,1041,1706
4455.305289469417,4455.055289469417,4455.555289469417,1067,1498,1283
4457.636127804478,4457.511127804478,4457.761127804478,901,1360,1131
4461.147448675671,4461.022448675671,4461.272448675671,1826,745,1286
4458.881237861681,4458.756237861681,4459.006237861681,687,1476,1082
4460.995229309002,4460.745229309002,4461.245229309002,583,1170,877
4458.9553593812825,4458.7053593812825,4459.2053593812825,2069,1286,1678
4462.707177329173,4462.582177329173,4462.832177329173,944,2523,1734
4463.175375786351,4463.050375786351,4463.300375786351,1250,1203,1227
4466.5285126183335,4466.4035126183335,4466.6535126183335,836,1451,1144
4463.439337804974,4463.314337804974,4463.564337804974,990,673,832
4462.051563036189,4461.926563036189,4462.176563036189,895,1512,1204
4461.587080400007,4461.337080400007,4461.837080400007,1941,654,1298
4454.774567541762,4454.649567541762,4454.899567541762,445,1246,846
4445.136722975707,4445.011722975707,4445.261722975707,1771,626,1199
4446.349367293729,4446.224367293729,4446.474367293729,1587,546,1067
4445.018251281009,4444.893251281009,4445.143251281009,1060,967,1014
4441.685443355363,4441.435443355363,4441.935443355363,1022,2449,1736
4440.7369632617065,4440.6119632617065,4440.8619632617065,1308,849,1079
4441.748896491807,4441.623896491807,4441.873896491807,1831,812,1322
4444.7800223797685,4444.5300223797685,4445.0300223797685,1955,1778,1867
4442.942080056706,4442.567080056706,4443.317080056706,1471,1078,1275
4451.018268342336,4450.643268342336,4451.393268342336,1042,1413,1228
4452.215678154705,4452.090678154705,4452.340678154705,1247,2352,1800
4462.893632116813,4462.768632116813,4463.018632116813,1915,888,1402
4454.067718659,4453.692718659,4454.442718659,487,1126,807
4454.750962683629,4454.625962683629,4454.875962683629,757,1190,974
4455.029582341896,4454.904582341896,4455.154582341896,1918,1443,1681
4451.901253933799,4451.526253933799,4452.276253933799,2356,1237,1797
4443.597262721101,4443.347262721101,4443.847262721101,867,1930,1399
4442.096404306137,4441.971404306137,4442.221404306137,1113,1622,1368
4447.657626204535,4447.407626204535,4447.907626204535,2299,1056,1678
4444.4956546694575,4444.3706546694575,4444.6206546694575,1980,1287,1634
4440.227827014279,4440.102827014279,4440.352827014279,1318,735,1027
4435.796549686742,4435.671549686742,4435.921549686742,1087,946,1017
4438.695122068558,4438.570122068558,4438.820122068558,1485,1474,1480
4435.402461275132,4435.152461275132,4435.652461275132,760,1987,1374
4439.573447963663,4439.448447963663,4439.698447963663,1518,2101,1810
4438.806625268259,4438.681625268259,4438.931625268259,1010,737,874
4443.399174465398,4443.274174465398,4443.524174465398,1642,1827,1735
4448.834337729138,4448.584337729138,4449.084337729138,1286,2371,1829
4446.063089308444,4445.813089308444,4446.313089308444,1326,1737,1532
4440.273404405149,4440.148404405149,4440.398404405149,1810,1303,1557
4438.865889461868,4438.740889461868,4438.990889461868,1862,1271,1567
4440.781072257124,4440.531072257124,4441.031072257124,2526,1013,1770
4436.771421115955,4436.521421115955,4437.021421115955,1904,1435,1670
4435.983498192994,4435.733498192994,4436.233498192994,1352,861,1107
4433.516562760252,4433.391562760252,4433.641562760252,2216,1687,1952
4435.2723483824875,4435.1473483824875,4435.3973483824875,1289,514,902
4433.259214304556,4433.134214304556,4433.384214304556,1057,1692,1375
4435.5848503272055,4435.4598503272055,4435.7098503272055,990,1145,1068
4431.5851091928425,4431.4601091928425,4431.7101091928425,1814,1283,1549
4422.392767923043,4422.267767923043,4422.517767923043,878,759,819
4419.7115797422975,4419.4615797422975,4419.9615797422975,1619,672,1146
4420.1439735617005,4420.0189735617005,4420.2689735617005,1904,789,1347
4419.940684855552,4419.815684855552,4420.065684855552,792,1749,1271
4423.514310562845,4423.389310562845,4423.639310562845,1236,1191,1214
4427.83912243901,4427.71412243901,4427.96412243901,662,981,822
4431.5643126312625,4431.3143126312625,4431.8143126312625,1074,771,923
4432.105270117914,4431.855270117914,4432.355270117914,1180,2057,1619
4429.740763747121,4429.615763747121,4429.865763747121,1355,1324,1340
4432.321384446954,4431.946384446954,4432.696384446954,1568,1171,1370
4438.275455205047,4438.150455205047,4438.400455205047,961,2160,1561
4435.838331750497,4435.713331750497,4435.963331750497,1285,2554,1920
4436.595012804035,4436.345012804035,4436.845012804035,2564,981,1773
4439.455960294809,4439.330960294809,4439.580960294809,720,1087,904
4445.0807607259385,4444.8307607259385,4445.3307607259385,1306,1185,1246
4439.762948432006,4439.637948432006,4439.887948432006,2115,1396,1756
4438.153568102601,4438.028568102601,4438.278568102601,841,1222,1032
4440.632262849746,4440.507262849746,4440.757262849746,2211,974,1593
4434.91794981091,4434.79294981091,4435.04294981091,842,2075,1459
4443.425332166773,4443.300332166773,4443.550332166773,1153,1408,1281
4445.466256523772,4445.341256523772,4445.591256523772,1056,1567,1312
4445.085568507336,4444.835568507336,4445.335568507336,914,1071,993
4442.251690031755,4442.126690031755,4442.376690031755,694,1297,996
4444.83581418382,4444.58581418382,4445.08581418382,2625,1028,1827
4444.070817032407,4443.945817032407,4444.195817032407,763,2008,1386
4448.44549338584,4448.32049338584,4448.57049338584,1386,1779,1583
4450.173865544295,4450.048865544295,4450.298865544295,1674,1753,1714
4449.045911576327,4448.920911576327,4449.170911576327,980,2837,1909
4445.371099813839,4445.246099813839,4445.496099813839,1550,1169,1360
4444.466880718985,4444.341880718985,4444.591880718985,748,1693,1221
4440.124572784601,4439.749572784601,4440.499572784601,2156,1483,1820
4446.393417764963,4446.268417764963,4446.518417764963,732,1441,1087
4451.871519012109,4451.496519012109,4452.246519012109,1102,1701,1402
4452.985578294882,4452.735578294882,4453.235578294882,948,1353,1151
4450.36663737714,4450.11663737714,4450.61663737714,1230,1573,1402
4446.937140493176,4446.812140493176,4447.062140493176,1154,693,924
4450.234206722443,4449.984206722443,4450.484206722443,1959,872,1416
4450.536319673307,4450.411319673307,4450.661319673307,1711,650,1181
4449.941865576322,4449.816865576322,4450.066865576322,1371,2432,1902
4449.14684356036,4448.89684356036,4449.39684356036,1820,1071,1446
4448.124851336278,4447.749851336278,4448.499851336278,1080,725,903
4455.026914249317,4454.901914249317,4455.151914249317,2425,1164,1795
4448.5987508070275,4448.4737508070275,4448.7237508070275,1851,1590,1721
4437.537355413458,4437.412355413458,4437.662355413458,823,1210,1017
4437.318054750824,4437.193054750824,4437.443054750824,1603,838,1221
4438.8452671777695,4438.5952671777695,4439.0952671777695,1274,1721,1498
4440.853980329983,4440.728980329983,4440.978980329983,802,1035,919
4430.872777421297,4430.622777421297,4431.122777421297,1963,1080,1522
4434.999114548896,4434.874114548896,4435.124114548896,780,1375,1078
4433.771084211579,4433.521084211579,4434.021084211579,952,1661,1307
4431.352651873299,4431.102651873299,4431.602651873299,741,1754,1248
4430.581717108458,4430.331717108458,4430.831717108458,1480,1157,1319
4425.613387712584,4425.363387712584,4425.863387712584,1532,1269,1401
4423.020014045532,4422.895014045532,4423.145014045532,883,1088,986
4419.671119415073,4419.421119415073,4419.921119415073,472,1247,860
4416.136313804164,4416.011313804164,4416.261313804164,823,1410,1117
4420.73611638836,4420.36111638836,4421.11111638836,710,1739,1225
4423.480182458141,4423.230182458141,4423.730182458141,1729,1006,1368
4424.5856720012225,4424.4606720012225,4424.7106720012225,2540,1121,1831
4422.523493121124,4422.398493121124,4422.648493121124,481,1250,866
4418.6948592161025,4418.5698592161025,4418.8198592161025,1215,2492,1854
4421.917726175334,4421.792726175334,4422.042726175334,2011,1678,1845
4426.409420610361,4426.159420610361,4426.659420610361,1877,1330,1604
4418.72974325989,4418.60474325989,4418.85474325989,1847,734,1291
4417.458453244419,4417.333453244419,4417.583453244419,826,1529,1178
4409.489812252008,4409.239812252008,4409.739812252008,2376,1443,1910
4405.144427686035,4405.019427686035,4405.269427686035,619,1700,1160
4398.978980486498,4398.853980486498,4399.103980486498,1381,1546,1464
4402.36584041318,4402.11584041318,4402.61584041318,1584,555,1070
4401.853852577067,4401.478852577067,4402.228852577067,1267,674,971
4403.934359697432,4403.559359697432,4404.309359697432,948,2557,1753
4401.662701409194,4401.537701409194,4401.787701409194,1655,2210,1933
4401.856218913202,4401.731218913202,4401.981218913202,563,1194,879
4395.674990755989,4395.549990755989,4395.799990755989,1313,614,964
4391.338357318648,4391.213357318648,4391.463357318648,1277,632,955
4401.498105830042,4401.123105830042,4401.873105830042,1103,500,802
4403.517108790369,4403.267108790369,4403.767108790369,944,2045,1495
4403.209776329702,4403.084776329702,4403.334776329702,1548,893,1221
4411.956892374011,4411.831892374011,4412.081892374011,1364,1353,1359
4407.88889685459,4407.63889685459,4408.13889685459,2047,710,1379
4401.136739617476,4401.011739617476,4401.261739617476,1155,1934,1545
4395.668843500342,4395.418843500342,4395.918843500342,1595,906,1251
4403.285398438645,4402.910398438645,4403.660398438645,1156,1691,1424
4401.535236628281,4401.285236628281,4401.785236628281,685,1816,1251
4399.694281159786,4399.569281159786,4399.819281159786,2236,799,1518
4404.813076931452,4404.563076931452,4405.063076931452,865,1494,1180
4407.159801971482,4407.034801971482,4407.284801971482,2548,1249,1899
4409.771293580659,4409.646293580659,4409.896293580659,1152,649,901
4410.952709779978,4410.827709779978,4411.077709779978,1630,1003,1317
4412.872112071257,4412.622112071257,4413.122112071257,2027,1128,1578
4411.166709610361,4411.041709610361,4411.291709610361,1634,1373,1504
4411.626480724063,4411.501480724063,4411.751480724063,1226,1991,1609
4415.0689955267535,4414.8189955267535,4415.3189955267535,822,1119,971
4412.140377287481,4412.015377287481,4412.265377287481,1560,1335,1448
4414.39475528142,4414.26975528142,4414.51975528142,1381,2468,1925
4409.265252488432,4409.140252488432,4409.390252488432,1042,1751,1397
4415.9935037322575,4415.8685037322575,4416.1185037322575,1902,1091,1497
4421.907665997297,4421.657665997297,4422.157665997297,1190,759,975
4429.530720492509,4429.405720492509,4429.655720492509,667,1110,889
4437.816455557741,4437.441455557741,4438.191455557741,1091,1810,1451
4438.48044029804,4438.35544029804,4438.60544029804,1823,1592,1708
4436.278675487532,4436.028675487532,4436.528675487532,1535,588,1062
4431.122547111722,4430.997547111722,4431.247547111722,650,1697,1174
4428.891503201293,4428.516503201293,4429.266503201293,1149,1346,1248
4431.067984159466,4430.817984159466,4431.317984159466,1751,936,1344
4428.196746940518,4427.946746940518,4428.446746940518,1581,1812,1697
4431.688883024039,4431.563883024039,4431.813883024039,1001,2944,1973
4438.027971904259,4437.902971904259,4438.152971904259,868,1473,1171
4430.015395037807,4429.890395037807,4430.140395037807,2432,1283,1858
4441.813717403963,4441.563717403963,4442.063717403963,1312,929,1121
4439.353945783883,4438.978945783883,4439.728945783883,815,2098,1457
4432.873082239963,4432.748082239963,4432.998082239963,1227,426,827
4428.5009880634925,4428.2509880634925,4428.7509880634925,1277,1430,1354
4429.835454931794,4429.710454931794,4429.960454931794,1437,700,1069
4428.46768314291,4428.09268314291,4428.84268314291,949,2478,1714
4431.865675634199,4431.740675634199,4431.990675634199,1618,937,1278
4429.750463044823,4429.500463044823,4430.000463044823,635,1660,1148
4430.476295622562,4430.101295622562,4430.851295622562,2069,692,1381
4435.927868721515,4435.802868721515,4436.052868721515,1431,984,1208
4441.070070636753,4440.820070636753,4441.320070636753,1115,584,850
4435.429972912648,4435.054972912648,4435.804972912648,1853,976,1415
4443.862764235428,4443.737764235428,4443.987764235428,1633,1062,1348
4437.1969837182905,4437.0719837182905,4437.3219837182905,1245,1240,1243
4437.299654910198,4437.049654910198,4437.549654910198,1180,1153,1167
4435.95013472317,4435.82513472317,4436.07513472317,684,1349,1017
4426.106978520513,4425.981978520513,4426.231978520513,1315,778,1047
4426.105127954114,4425.980127954114,4426.230127954114,2448,1275,1862
4432.091581373887,4431.966581373887,4432.216581373887,1387,1516,1452
4431.528532359925,4431.403532359925,4431.653532359925,1061,1060,1061
4427.768693464237,4427.643693464237,4427.893693464237,1503,872,1188
4426.856037785543,4426.731037785543,4426.981037785543,1925,1092,1509
4421.873025341038,4421.748025341038,4421.998025341038,1416,2533,1975
4416.906123420837,4416.656123420837,4417.156123420837,819,1848,1334
4416.580932724317,4416.455932724317,4416.705932724317,2826,1009,1918
4413.0942448886235,4412.9692448886235,4413.2192448886235,877,2004,1441
4415.337308316922,4415.087308316922,4415.587308316922,1935,728,1332
4410.379789197519,4410.129789197519,4410.629789197519,1392,1143,1268
4412.678119886719,4412.428119886719,4412.928119886719,2056,1085,1571
4412.492753889504,4412.367753889504,4412.617753889504,1595,1756,1676
4414.966666926291,4414.841666926291,4415.091666926291,1108,847,978
4408.95918404943,4408.83418404943,4409.08418404943,1736,2097,1917
4415.088236399463,4414.838236399463,4415.338236399463,838,1801,1320
4414.603920886135,4414.478920886135,4414.728920886135,1123,1264,1194
4416.131160631058,4415.881160631058,4416.381160631058,1695,934,1315
4408.211903228021,4408.086903228021,4408.336903228021,1234,2181,1708
4403.208282797139,4403.083282797139,4403.333282797139,932,2461,1697
4414.741189301755,4414.616189301755,4414.866189301755,1107,2438,1773
4413.608305740906,4413.483305740906,4413.733305740906,882,1585,1234
4411.594258454985,4411.469258454985,4411.719258454985,2195,1418,1807
4416.611955459228,4416.486955459228,4416.736955459228,910,1365,1138
4420.212218275514,4420.087218275514,4420.337218275514,1053,814,934
4412.093352617728,4411.843352617728,4412.343352617728,1522,2287,1905
4414.152931047595,4413.902931047595,4414.402931047595,1280,489,885
4414.481596632382,4414.356596632382,4414.606596632382,1172,799,986
4414.322136328627,4413.947136328627,4414.697136328627,1576,905,1241
4421.077192676025,4420.702192676025,4421.452192676025,1399,946,1173
4419.480037525076,4419.355037525076,4419.605037525076,1721,794,1258
4423.224231287397,4423.099231287397,4423.349231287397,1223,2260,1742
4419.816110221256,4419.691110221256,4419.941110221256,805,1594,1200
4415.71738342133,4415.59238342133,4415.84238342133,1331,2008,1670
4417.833692067591,4417.583692067591,4418.083692067591,2808,1051,1930
4415.501938141756,4415.376938141756,4415.626938141756,1664,605,1135
4414.880159417318,4414.755159417318,4415.005159417318,932,925,929
4412.781336245613,4412.531336245613,4413.031336245613,1752,1757,1755
4411.695807143732,4411.445807143732,4411.945807143732,1843,1314,1579
4411.636664229,4411.511664229,4411.761664229,2023,1496,1760
4416.391211460735,4416.266211460735,4416.516211460735,1337,880,1109
4417.412064971826,4417.162064971826,4417.662064971826,1426,2319,1873
4419.923355525103,4419.673355525103,4420.173355525103,1664,1825,1745
4417.163281244096,4417.038281244096,4417.288281244096,1397,2176,1787
4421.633868196668,4421.508868196668,4421.758868196668,1532,2233,1883
4420.23108505237,4419.98108505237,4420.48108505237,1468,2479,1974
4425.516474097195,4425.391474097195,4425.641474097195,1272,1369,1321
4432.592856789496,4432.467856789496,4432.717856789496,894,1891,1393
4438.532170971996,4438.282170971996,4438.782170971996,1561,1106,1334
4438.80149777861,4438.67649777861,4438.92649777861,750,1433,1092
4441.726512126837,4441.476512126837,4441.976512126837,2395,1568,1982
4446.675560773899,4446.550560773899,4446.800560773899,722,1617,1170
4437.965610545512,4437.840610545512,4438.090610545512,1054,2145,1600
4433.652719089681,4433.277719089681,4434.027719089681,759,1364,1062
4436.306046941418,4436.181046941418,4436.431046941418,1265,744,1005
4445.36202844316,4445.23702844316,4445.48702844316,1664,633,1149
4437.716552492177,4437.466552492177,4437.966552492177,1190,1613,1402
4446.399782629985,4446.024782629985,4446.774782629985,1860,1065,1463
4440.912671511796,4440.787671511796,4441.037671511796,1896,1237,1567
4439.9038538797795,4439.7788538797795,4440.0288538797795,955,1580,1268
4445.4734330057545,4445.3484330057545,4445.5984330057545,2290,1221,1756
4442.786427462512,4442.661427462512,4442.911427462512,1489,682,1086
4451.304273826956,4451.179273826956,4451.429273826956,792,1177,985
4447.488587289631,4447.238587289631,4447.738587289631,1257,2592,1925
4438.922252013303,4438.797252013303,4439.047252013303,2086,947,1517
4443.499480756058,4443.374480756058,4443.624480756058,1482,1677,1580
4441.535298707179,4441.160298707179,4441.910298707179,1350,1921,1636
4438.463044899598,4438.213044899598,4438.713044899598,1590,607,1099
4440.072482298958,4439.947482298958,4440.197482298958,1092,2577,1835
4438.701660855089,4438.576660855089,4438.826660855089,1259,1378,1319
4450.696086958129,4450.571086958129,4450.821086958129,1656,2033,1845
4447.774646505875,4447.524646505875,4448.024646505875,1082,1287,1185
4444.510077286046,4444.385077286046,4444.635077286046,2691,1044,1868
4442.490049247958,4442.365049247958,4442.615049247958,1558,571,1065
4444.64248278344,4444.51748278344,4444.76748278344,717,1504,1111
4452.67626124545,4452.42626124545,4452.92626124545,1808,699,1254
4451.442833364534,4451.192833364534,4451.692833364534,1083,1872,1478
4448.419448876795,4448.044448876795,4448.794448876795,2132,933,1533
4446.035992932097,4445.910992932097,4446.160992932097,1194,2011,1603
4448.788956593627,4448.663956593627,4448.913956593627,2518,915,1717
4447.697702015861,4447.572702015861,4447.822702015861,1165,1870,1518
4445.766235863032,4445.641235863032,4445.891235863032,1344,1371,1358
4450.571495797464,4450.321495797464,4450.821495797464,1154,541,848
4453.648729512609,4453.273729512609,4454.023729512609,2185,1490,1838
4459.210428329393,4459.085428329393,4459.335428329393,676,1671,1174
4462.441683922829,4462.316683922829,4462.566683922829,993,2154,1574
4462.589165584251,4462.464165584251,4462.714165584251,2850,1135,1993
4458.7595320395185,4458.6345320395185,4458.8845320395185,692,1761,1227
4451.7318994369,4451.4818994369,4451.9818994369,2028,733,1381
4453.066011993075,4452.941011993075,4453.191011993075,1059,936,998
4452.643727668533,4452.518727668533,4452.768727668533,2752,1225,1989
4454.5981141257025,4454.3481141257025,4454.8481141257025,1430,477,954
4448.485508927364,4448.360508927364,4448.610508927364,1247,740,994
4449.6978294778,4449.4478294778,4449.9478294778,1036,2097,1567
4449.584685917242,4449.459685917242,4449.709685917242,934,1357,1146
4448.119745326751,4447.744745326751,4448.494745326751,1174,1163,1169
4448.676941310225,4448.426941310225,4448.926941310225,1654,579,1117
4446.592000246517,4446.467000246517,4446.717000246517,973,1350,1162
4453.675131576244,4453.425131576244,4453.925131576244,856,1691,1274
4448.250458024122,4448.125458024122,4448.375458024122,884,915,900
4451.273184116629,4451.023184116629,4451.523184116629,1042,2057,1550
4451.092940115444,4450.967940115444,4451.217940115444,925,682,804
4453.380578384665,4453.255578384665,4453.505578384665,868,1113,991
4451.163055303079,4451.038055303079,4451.288055303079,993,1246,1120
4451.794645966583,4451.544645966583,4452.044645966583,1988,899,1444
4437.447962089864,4437.322962089864,4437.572962089864,2362,1229,1796
4446.427554587402,4446.177554587402,4446.677554587402,1693,1888,1791
4444.6701975952965,4444.5451975952965,4444.7951975952965,1096,1007,1052
4441.382074402569,4441.132074402569,4441.632074402569,760,1769,1265
4435.68114211116,4435.55614211116,4435.80614211116,1333,2446,1890
4439.784508813369,4439.659508813369,4439.909508813369,1329,2210,1770
4432.977741065292,4432.602741065292,4433.352741065292,1741,832,1287
4427.108955579964,4426.983955579964,4427.233955579964,1647,1972,1810
4423.189415265002,4423.064415265002,4423.314415265002,2588,1001,1795
4426.274295582663,4426.149295582663,4426.399295582663,1540,2107,1824
4432.964964560737,4432.839964560737,4433.089964560737,1512,867,1190
4421.522593626672,4421.397593626672,4421.647593626672,2230,807,1519
4425.582401102354,4425.332401102354,4425.832401102354,1633,784,1209
4423.609547376709,4423.484547376709,4423.734547376709,1068,1279,1174
4426.4887531586155,4426.3637531586155,4426.6137531586155,1971,1272,1622
4431.889695914774,4431.764695914774,4432.014695914774,1399,1906,1653
4426.246513598,4425.996513598,4426.496513598,2315,1110,1713
4426.545440211766,4426.295440211766,4426.795440211766,1241,514,878
4426.868395881376,4426.493395881376,4427.243395881376,2887,1100,1994
4424.594876940545,4424.469876940545,4424.719876940545,752,1343,1048
4425.305538000736,4425.055538000736,4425.555538000736,2169,1464,1817
4427.445341502786,4427.320341502786,4427.570341502786,1108,687,898
4432.124038381612,4431.999038381612,4432.249038381612,2100,1595,1848
4425.772241902821,4425.522241902821,4426.022241902821,994,2349,1672
4427.532926976601,4427.282926976601,4427.782926976601,2108,843,1476
4424.675827143954,4424.300827143954,4425.050827143954,2399,1348,1874
4427.712224683526,4427.462224683526,4427.962224683526,1108,521,815
4436.070803515527,4435.945803515527,4436.195803515527,1655,1984,1820
4441.015015656411,4440.890015656411,4441.140015656411,1281,796,1039
4438.260361582645,4438.010361582645,4438.510361582645,2201,1782,1992
4438.071537758539,4437.946537758539,4438.196537758539,612,1741,1177
4435.215279498874,4434.965279498874,4435.465279498874,1714,1405,1560
4434.003258094544,4433.753258094544,4434.253258094544,1573,592,1083
4433.675807723657,4433.425807723657,4433.925807723657,764,1615,1190
4440.4475242655035,4440.3225242655035,4440.5725242655035,1529,1012,1271
4438.935410066128,4438.810410066128,4439.060410066128,1741,2164,1953
4433.066285148839,4432.941285148839,4433.191285148839,766,1909,1338
4437.253998247095,4437.003998247095,4437.503998247095,1820,1629,1725
4427.687915565335,4427.437915565335,4427.937915565335,684,1087,886
4424.921244591603,4424.671244591603,4425.171244591603,579,1658,1119
4414.540010694501,4414.415010694501,4414.665010694501,1605,1526,1566
4423.349374101481,4423.224374101481,4423.474374101481,1416,1839,1628
4427.835442231869,4427.585442231869,4428.085442231869,1237,594,916
4432.607969373687,4432.482969373687,4432.732969373687,1956,1531,1744
4441.620791807881,4441.495791807881,4441.745791807881,2657,1222,1940
4441.26766617553,4441.14266617553,4441.39266617553,1353,1552,1453
4448.691006376216,4448.566006376216,4448.816006376216,1802,1819,1811
4455.989596257543,4455.864596257543,4456.114596257543,577,1144,861
4450.801995038971,4450.426995038971,4451.176995038971,1541,1606,1574
4452.168811223271,4452.043811223271,4452.293811223271,1847,1272,1560
4454.896179168584,4454.771179168584,4455.021179168584,2030,1467,1749
4451.626068692144,4451.376068692144,4451.876068692144,1929,1464,1697
4459.061774694367,4458.811774694367,4459.311774694367,1402,1521,1462
4454.553390075085,4454.428390075085,4454.678390075085,907,2248,1578
4461.834535073719,4461.709535073719,4461.959535073719,1239,758,999
4455.408897805701,4455.033897805701,4455.783897805701,716,2009,1363
4455.332446574153,4455.207446574153,4455.457446574153,835,2054,1445
4454.0795385579295,4453.7045385579295,4454.4545385579295,922,697,810
4453.677522925972,4453.427522925972,4453.927522925972,931,2626,1779
4459.993259380618,4459.743259380618,4460.243259380618,1677,1212,1445
4458.302436506906,4458.052436506906,4458.552436506906,2217,1618,1918
4460.178682936611,4459.928682936611,4460.428682936611,2041,710,1376
4460.473545221172,4460.223545221172,4460.723545221172,1389,630,1010
4466.3091255003255,4466.1841255003255,4466.4341255003255,1463,1902,1683
4464.628339135574,4464.253339135574,4465.003339135574,1201,1062,1132
4467.456236927017,4467.331236927017,4467.581236927017,699,1724,1212
4472.28321847114,4472.03321847114,4472.53321847114,928,2633,1781
4464.408601021282,4464.283601021282,4464.533601021282,1529,558,1044
4466.730958023314,4466.480958023314,4466.980958023314,1209,404,807
4468.096087053962,4467.971087053962,4468.221087053962,1284,505,895
4465.120178444285,4464.995178444285,4465.245178444285,1055,722,889
4461.389166781625,4461.014166781625,4461.764166781625,1392,1839,1616
4458.329437631154,4458.204437631154,4458.454437631154,1433,948,1191
4461.141270350358,4460.891270350358,4461.391270350358,1055,2624,1840
4460.659042848174,4460.409042848174,4460.909042848174,933,1380,1157
4466.4043825917015,4466.2793825917015,4466.5293825917015,1536,901,1219
4463.549256322927,4463.424256322927,4463.674256322927,1788,1089,1439
4467.922625781787,4467.672625781787,4468.172625781787,1320,667,994
4466.9990230722,4466.8740230722,4467.1240230722,1640,1195,1418
4464.966719264447,4464.841719264447,4465.091719264447,904,2017,1461
4470.115599172862,4469.865599172862,4470.365599172862,964,1049,1007
4477.443750603698,4477.193750603698,4477.693750603698,1525,2280,1903
4476.488337714763,4476.238337714763,4476.738337714763,519,1442,981
