close,bid,ask,bid_volume,ask_volume,volume
4499.448017249163,4499.198017249163,4499.698017249163,2129,878,1504
4498.068144092087,4497.818144092087,4498.318144092087,638,963,801
4498.506768308971,4498.381768308971,4498.631768308971,1768,1809,1789
4500.690605556496,4500.315605556496,4501.065605556496,647,992,820
4503.974937884702,4503.599937884702,4504.349937884702,1815,1080,1448
4508.617325561833,4508.492325561833,4508.742325561833,1842,1671,1757
4506.894613482907,4506.769613482907,4507.019613482907,2537,1104,1821
4504.30517421348,4504.18017421348,4504.43017421348,1697,918,1308
4505.828872448242,4505.703872448242,4505.953872448242,2670,1025,1848
4508.372686011419,4508.247686011419,4508.497686011419,1996,839,1418
4505.356328978191,4505.231328978191,4505.481328978191,1006,1973,1490
4505.695078002305,4505.570078002305,4505.820078002305,1501,1412,1457
4504.591017850321,4504.466017850321,4504.716017850321,2251,1292,1772
4502.520685640053,4502.395685640053,4502.645685640053,1181,1976,1579
4503.05442228085,4502.92942228085,4503.17942228085,1212,953,1083
4502.210924230072,4501.835924230072,4502.585924230072,1315,1218,1267
4501.4749705044715,4501.2249705044715,4501.7249705044715,982,2295,1639
4501.357486438436,4501.232486438436,4501.482486438436,1858,975,1417
4496.937146119959,4496.687146119959,4497.187146119959,1730,637,1184
4497.362989592407,4497.237989592407,4497.487989592407,1814,1645,1730
4498.747185431817,4498.622185431817,4498.872185431817,1370,741,1056
4498.664848787561,4498.539848787561,4498.789848787561,2064,1845,1955
4493.578084034944,4493.328084034944,4493.828084034944,1310,649,980
4492.662750274487,4492.287750274487,4493.037750274487,1853,1504,1679
4495.879875359187,4495.754875359187,4496.004875359187,1087,2058,1573
4497.135600367774,4496.760600367774,4497.510600367774,969,2212,1591
4493.535055113578,4493.285055113578,4493.785055113578,1403,1836,1620
4490.912511237426,4490.662511237426,4491.162511237426,709,1236,973
4493.111969155438,4492.986969155438,4493.236969155438,1025,936,981
4490.909425487673,4490.784425487673,4491.034425487673,975,1732,1354
4486.760155031381,4486.635155031381,4486.885155031381,1489,1522,1506
4487.884717686619,4487.634717686619,4488.134717686619,2104,749,1427
4486.188992387139,4486.063992387139,4486.313992387139,1110,2073,1592
4487.8098845520635,4487.6848845520635,4487.9348845520635,2489,1312,1901
4485.719586625571,4485.594586625571,4485.844586625571,1490,1063,1277
4485.456665000285,4485.331665000285,4485.581665000285,1079,776,928
4480.4090968287455,4480.1590968287455,4480.6590968287455,1098,861,980
4480.705278500543,4480.580278500543,4480.830278500543,2264,1183,1724
4478.058305664156,4477.933305664156,4478.183305664156,680,1873,1277
4478.106259908969,4477.981259908969,4478.231259908969,1429,872,1151
4477.9857492861665,4477.8607492861665,4478.1107492861665,784,1509,1147
4475.766294981658,4475.391294981658,4476.141294981658,1037,1184,1111
4478.063697329656,4477.938697329656,4478.188697329656,2112,1699,1906
4477.618954494849,4477.368954494849,4477.868954494849,1279,502,891
4480.532212483259,4480.282212483259,4480.782212483259,1536,1487,1512
4481.523955160064,4481.273955160064,4481.773955160064,2288,1217,1753
4480.156666396617,4480.031666396617,4480.281666396617,655,1522,1089
4481.891468440185,4481.516468440185,4482.266468440185,2131,734,1433
4477.232039373878,4476.857039373878,4477.607039373878,1837,980,1409
4477.630347751146,4477.380347751146,4477.880347751146,1403,1348,1376
4474.9026464878725,4474.6526464878725,4475.1526464878725,1852,715,1284
4474.320216534583,4474.195216534583,4474.445216534583,1548,1213,1381
4475.9658555240185,4475.8408555240185,4476.0908555240185,2012,1109,1561
4479.83431959742,4479.58431959742,4480.08431959742,644,1899,1272
4482.618561881875,4482.368561881875,4482.868561881875,1342,1723,1533
4481.173005324411,4481.048005324411,4481.298005324411,1396,2107,1752
4481.1853521842495,4481.0603521842495,4481.3103521842495,2095,1570,1833
4484.205350216157,4483.955350216157,4484.455350216157,2053,768,1411
4487.6343552192175,4487.5093552192175,4487.7593552192175,2250,779,1515
4486.812692469901,4486.687692469901,4486.937692469901,1319,1036,1178
4485.555305227096,4485.430305227096,4485.680305227096,1375,1082,1229
4483.6110929189845,4483.3610929189845,4483.8610929189845,2230,1047,1639
4489.300043493149,4489.175043493149,4489.425043493149,1157,2208,1683
4488.718683212787,4488.593683212787,4488.843683212787,1482,523,1003
4486.326684912504,4485.951684912504,4486.701684912504,970,1501,1236
4484.994541372647,4484.619541372647,4485.369541372647,1955,1362,1659
4484.54040423795,4484.29040423795,4484.79040423795,1471,1606,1539
4485.418663872383,4485.043663872383,4485.793663872383,705,904,805
4485.11218023809,4484.98718023809,4485.23718023809,592,1141,867
4487.523257285203,4487.398257285203,4487.648257285203,2064,715,1390
4488.015438355575,4487.890438355575,4488.140438355575,2786,1103,1945
4489.820095486414,4489.695095486414,4489.945095486414,1338,1689,1514
4491.738470199063,4491.488470199063,4491.988470199063,516,1367,942
4490.497828068628,4490.372828068628,4490.622828068628,797,1340,1069
4491.138200445102,4490.888200445102,4491.388200445102,1151,734,943
4490.361739203554,4489.986739203554,4490.736739203554,1675,814,1245
4487.191516244812,4487.066516244812,4487.316516244812,1098,1877,1488
4483.169740648706,4482.919740648706,4483.419740648706,968,1989,1479
4482.199424252806,4482.074424252806,4482.324424252806,1648,1767,1708
4483.680189233529,4483.305189233529,4484.055189233529,820,1219,1020
4489.7369253536135,4489.4869253536135,4489.9869253536135,2001,1310,1656
4485.667292413925,4485.542292413925,4485.792292413925,1939,1018,1479
4485.982591099423,4485.857591099423,4486.107591099423,1404,1057,1231
4482.467299430575,4482.217299430575,4482.717299430575,1120,915,1018
4482.403437306853,4482.278437306853,4482.528437306853,1637,1458,1548
4481.851487847324,4481.601487847324,4482.101487847324,1674,1061,1368
4482.8217462221755,4482.6967462221755,4482.9467462221755,1380,1875,1628
4485.238062261487,4485.113062261487,4485.363062261487,1485,2232,1859
4483.0034665824505,4482.7534665824505,4483.2534665824505,1286,505,896
4483.887592665242,4483.637592665242,4484.137592665242,2031,704,1368
4484.557345376426,4484.307345376426,4484.807345376426,1305,850,1078
4486.076887127636,4485.826887127636,4486.326887127636,868,801,835
4485.5913520930235,4485.3413520930235,4485.8413520930235,1154,907,1031
4485.805594182151,4485.430594182151,4486.180594182151,1089,2582,1836
4487.694242711919,4487.569242711919,4487.819242711919,998,2591,1795
4486.725316171559,4486.600316171559,4486.850316171559,1226,2391,1809
4484.3621131390255,4484.1121131390255,4484.6121131390255,2333,1244,1789
4485.007219521619,4484.632219521619,4485.382219521619,1140,1029,1085
4482.1200431569805,4481.7450431569805,4482.4950431569805,1229,724,977
4483.544749626017,4483.294749626017,4483.794749626017,833,1556,1195
4485.151264806172,4484.901264806172,4485.401264806172,1224,2141,1683
4483.81768264623,4483.56768264623,4484.06768264623,1233,1048,1141
4483.905924753243,4483.780924753243,4484.030924753243,1339,1582,1461
4484.675525812728,4484.550525812728,4484.800525812728,985,2196,1591
4485.357779138097,4485.232779138097,4485.482779138097,806,1385,1096
4482.9388440024395,4482.8138440024395,4483.0638440024395,1081,2596,1839
4479.452087982156,4479.202087982156,4479.702087982156,2785,1056,1921
4476.492113847296,4476.242113847296,4476.742113847296,2707,946,1827
4475.12892172663,4474.87892172663,4475.37892172663,2249,964,1607
4472.748455771695,4472.498455771695,4472.998455771695,1381,2166,1774
4472.330659679376,4472.205659679376,4472.455659679376,484,1191,838
4474.389307477287,4474.139307477287,4474.639307477287,2213,1094,1654
4475.343080946007,4475.093080946007,4475.593080946007,755,1942,1349
4477.678001492347,4477.553001492347,4477.803001492347,1507,1868,1688
4479.0552594553965,4478.9302594553965,4479.1802594553965,1507,2102,1805
4478.37140311404,4478.24640311404,4478.49640311404,1663,1120,1392
4480.761865576102,4480.386865576102,4481.136865576102,1682,823,1253
4478.083837880204,4477.958837880204,4478.208837880204,1706,1755,1731
4478.760247938457,4478.510247938457,4479.010247938457,627,1794,1211
4476.659728000904,4476.534728000904,4476.784728000904,1771,1172,1472
4474.823976117338,4474.698976117338,4474.948976117338,2356,1017,1687
4474.60145553861,4474.35145553861,4474.85145553861,1826,987,1407
4475.812425388666,4475.687425388666,4475.937425388666,1482,1939,1711
4474.442951122714,4474.317951122714,4474.567951122714,1422,2457,1940
4479.345115548842,4479.220115548842,4479.470115548842,1102,1013,1058
4482.6640615531005,4482.4140615531005,4482.9140615531005,1221,1748,1485
4483.0034713971745,4482.8784713971745,4483.1284713971745,1008,807,908
4484.388946283981,4484.013946283981,4484.763946283981,1132,1195,1164
4489.029283839057,4488.779283839057,4489.279283839057,870,1499,1185
4488.088335958862,4487.963335958862,4488.213335958862,1387,542,965
4485.226386467448,4485.101386467448,4485.351386467448,1188,1601,1395
4486.469428682339,4486.219428682339,4486.719428682339,1576,1115,1346
4487.6456175557,4487.3956175557,4487.8956175557,1351,2320,1836
4489.400196063895,4489.150196063895,4489.650196063895,662,1389,1026
4484.643162140284,4484.268162140284,4485.018162140284,1954,1989,1972
4486.00663519659,4485.75663519659,4486.25663519659,720,1981,1351
4486.568599176142,4486.443599176142,4486.693599176142,2013,992,1503
4487.869165632611,4487.744165632611,4487.994165632611,2084,1425,1755
4488.74814893694,4488.62314893694,4488.87314893694,1253,658,956
4488.510041206719,4488.135041206719,4488.885041206719,956,2433,1695
4487.389053142746,4487.139053142746,4487.639053142746,2491,844,1668
4490.6261798537025,4490.5011798537025,4490.7511798537025,1177,956,1067
4487.9113762888355,4487.6613762888355,4488.1613762888355,1104,2429,1767
4490.640618614334,4490.515618614334,4490.765618614334,891,1776,1334
4490.0665894334625,4489.9415894334625,4490.1915894334625,1397,920,1159
4490.249355271512,4489.999355271512,4490.499355271512,1704,1889,1797
4490.158712059988,4489.908712059988,4490.408712059988,1602,1885,1744
4489.864662547527,4489.614662547527,4490.114662547527,1404,1571,1488
4494.207080740256,4493.957080740256,4494.457080740256,2733,1238,1986
4492.821666574238,4492.696666574238,4492.946666574238,569,1250,910
4493.116054442983,4492.741054442983,4493.491054442983,1380,1145,1263
4492.496518608838,4492.371518608838,4492.621518608838,1281,1964,1623
4490.839807397661,4490.714807397661,4490.964807397661,1984,1581,1783
4495.201773276192,4495.076773276192,4495.326773276192,879,2032,1456
4492.857686602803,4492.732686602803,4492.982686602803,663,1312,988
4495.438989741555,4495.313989741555,4495.563989741555,1667,762,1215
4491.912584164043,4491.787584164043,4492.037584164043,2062,1189,1626
4496.189278956242,4495.939278956242,4496.439278956242,817,1358,1088
4500.527852556271,4500.402852556271,4500.652852556271,1126,1371,1249
4502.283226311237,4502.033226311237,4502.533226311237,1597,786,1192
4502.652589048898,4502.527589048898,4502.777589048898,1021,2864,1943
4506.808249782766,4506.683249782766,4506.933249782766,1548,785,1167
4506.995608283255,4506.870608283255,4507.120608283255,1563,1004,1284
4510.137975654961,4510.012975654961,4510.262975654961,1034,759,897
4514.416032136956,4514.291032136956,4514.541032136956,2382,883,1633
4514.329486152085,4514.204486152085,4514.454486152085,622,1449,1036
4515.269434851396,4515.019434851396,4515.519434851396,746,1085,916
4514.023634960311,4513.648634960311,4514.398634960311,1129,542,836
4514.15682470527,4514.03182470527,4514.28182470527,2740,1191,1966
4515.416364508948,4515.166364508948,4515.666364508948,2177,994,1586
4513.702823603998,4513.577823603998,4513.827823603998,1398,1089,1244
4517.151709520317,4517.026709520317,4517.276709520317,2020,1377,1699
4518.539628498902,4518.289628498902,4518.789628498902,866,741,804
4519.362759967784,4519.237759967784,4519.487759967784,2288,1247,1768
4521.007620135369,4520.632620135369,4521.382620135369,1173,568,871
4522.408204195163,4522.283204195163,4522.533204195163,722,1055,889
4527.916380409935,4527.666380409935,4528.166380409935,1476,1665,1571
4522.504465837063,4522.379465837063,4522.629465837063,1946,993,1470
4522.021199792412,4521.896199792412,4522.146199792412,2271,1238,1755
4521.564855579432,4521.314855579432,4521.814855579432,1477,1870,1674
4524.896562792096,4524.771562792096,4525.021562792096,595,1178,887
4521.109631753724,4520.859631753724,4521.359631753724,901,2126,1514
4520.374129697535,4520.249129697535,4520.499129697535,1898,921,1410
4520.080988962302,4519.830988962302,4520.330988962302,1080,1061,1071
4520.6317682458475,4520.5067682458475,4520.7567682458475,1228,1589,1409
4519.225135576844,4518.850135576844,4519.600135576844,986,2263,1625
4515.372804902765,4515.122804902765,4515.622804902765,509,1470,990
4514.471851886857,4514.346851886857,4514.596851886857,919,2704,1812
4514.532915627528,4514.407915627528,4514.657915627528,1602,1749,1676
4517.517594356937,4517.392594356937,4517.642594356937,1223,1764,1494
4515.071349972676,4514.821349972676,4515.321349972676,1118,941,1030
4517.068619627796,4516.818619627796,4517.318619627796,2400,1135,1768
4514.469428011222,4514.344428011222,4514.594428011222,2207,1512,1860
4511.958795073362,4511.833795073362,4512.083795073362,965,2402,1684
4512.335910810318,4512.085910810318,4512.585910810318,1594,643,1119
4511.7588326421965,4511.6338326421965,4511.8838326421965,803,1016,910
4509.727021589053,4509.602021589053,4509.852021589053,1947,936,1442
4508.698432726485,4508.573432726485,4508.823432726485,1298,1989,1644
4503.740072932341,4503.490072932341,4503.990072932341,946,1305,1126
4503.965395133517,4503.840395133517,4504.090395133517,1409,2246,1828
4505.835072884807,4505.710072884807,4505.960072884807,2397,1484,1941
4508.604033495213,4508.354033495213,4508.854033495213,1026,2837,1932
4508.864718693792,4508.614718693792,4509.114718693792,1047,1116,1082
4504.053203525905,4503.928203525905,4504.178203525905,2019,692,1356
4507.010505207652,4506.885505207652,4507.135505207652,866,1255,1061
4507.134749773744,4507.009749773744,4507.259749773744,1473,1050,1262
4508.408939172901,4508.283939172901,4508.533939172901,1549,1602,1576
4512.2041724654055,4511.9541724654055,4512.4541724654055,1177,1108,1143
4502.858766127162,4502.733766127162,4502.983766127162,2630,895,1763
4501.041113679612,4500.791113679612,4501.291113679612,2024,675,1350
4497.8532798055985,4497.6032798055985,4498.1032798055985,915,722,819
4497.142503086622,4497.017503086622,4497.267503086622,2533,1368,1951
4496.453108110752,4496.328108110752,4496.578108110752,1026,2675,1851
4490.003632483733,4489.753632483733,4490.253632483733,2031,1124,1578
4492.622260976803,4492.497260976803,4492.747260976803,1720,2259,1990
4488.326393296066,4488.201393296066,4488.451393296066,1745,1344,1545
4487.351713520985,4487.101713520985,4487.601713520985,1194,2157,1676
4489.144432089537,4489.019432089537,4489.269432089537,477,1358,918
4488.19557540276,4488.07057540276,4488.32057540276,859,2034,1447
4488.241471468041,4488.116471468041,4488.366471468041,790,1793,1292
4487.346664290227,4487.221664290227,4487.471664290227,964,2373,1669
4485.799927085013,4485.674927085013,4485.924927085013,782,1263,1023
4482.65784901941,4482.53284901941,4482.78284901941,1206,1679,1443
4480.320042541404,4480.070042541404,4480.570042541404,1649,1046,1348
4476.949159080554,4476.824159080554,4477.074159080554,1279,2502,1891
4488.803820867274,4488.553820867274,4489.053820867274,1195,2072,1634
4485.521300243706,4485.271300243706,4485.771300243706,1618,999,1309
4485.943603172905,4485.693603172905,4486.193603172905,2195,1422,1809
4484.112294777409,4483.987294777409,4484.237294777409,500,1291,896
4480.780358361366,4480.405358361366,4481.155358361366,688,1733,1211
4479.475121601512,4479.350121601512,4479.600121601512,806,1963,1385
4481.161183616282,4481.036183616282,4481.286183616282,2217,802,1510
4479.24813240165,4479.12313240165,4479.37313240165,1811,970,1391
4482.269760558482,4482.144760558482,4482.394760558482,1252,517,885
4476.649513645765,4476.524513645765,4476.774513645765,1384,721,1053
4485.835612971976,4485.710612971976,4485.960612971976,2087,1656,1872
4490.242920576716,4490.117920576716,4490.367920576716,2753,1066,1910
4493.845346015372,4493.720346015372,4493.970346015372,1504,535,1020
4497.459064422195,4497.334064422195,4497.584064422195,1699,2124,1912
4499.535007145968,4499.410007145968,4499.660007145968,1831,1392,1612
4503.9386766644875,4503.8136766644875,4504.0636766644875,1516,2127,1822
4505.94030011177,4505.56530011177,4506.31530011177,1023,2268,1646
4505.050573976146,4504.800573976146,4505.300573976146,1514,1243,1379
4507.846731585565,4507.721731585565,4507.971731585565,972,2257,1615
4504.636636853294,4504.511636853294,4504.761636853294,2474,1253,1864
4506.124326710983,4505.999326710983,4506.249326710983,1543,1728,1636
4503.476583339475,4503.226583339475,4503.726583339475,1445,644,1045
4507.375035360892,4507.250035360892,4507.500035360892,923,1330,1127
4505.018639609893,4504.893639609893,4505.143639609893,1719,2088,1904
4503.516425499023,4503.266425499023,4503.766425499023,1218,1745,1482
4502.424865422989,4502.299865422989,4502.549865422989,1016,2671,1844
4499.443155857157,4499.318155857157,4499.568155857157,1413,634,1024
4503.359341171048,4503.234341171048,4503.484341171048,1664,2051,1858
4497.122006852032,4496.997006852032,4497.247006852032,971,1996,1484
4491.373418899861,4490.998418899861,4491.748418899861,1012,1631,1322
4481.558477148401,4481.433477148401,4481.683477148401,2161,1762,1962
4475.570468274416,4475.445468274416,4475.695468274416,716,1871,1294
4475.467636515165,4475.217636515165,4475.717636515165,902,821,862
4478.0565999697255,4477.8065999697255,4478.3065999697255,1436,679,1058
4482.817842974119,4482.692842974119,4482.942842974119,2528,1165,1847
4486.420380855573,4486.295380855573,4486.545380855573,1218,583,901
4490.26192449816,4490.13692449816,4490.38692449816,2914,995,1955
4480.221293222535,4480.096293222535,4480.346293222535,2470,831,1651
4480.427630750378,4480.302630750378,4480.552630750378,1340,2225,1783
4475.126249903134,4474.876249903134,4475.376249903134,840,1503,1172
4471.566769367359,4471.441769367359,4471.691769367359,1145,1220,1183
4467.015571221516,4466.890571221516,4467.140571221516,618,1373,996
4465.206627029331,4465.081627029331,4465.331627029331,1049,1322,1186
4475.312196949286,4475.062196949286,4475.562196949286,985,1288,1137
4472.306564437945,4472.056564437945,4472.556564437945,1193,2330,1762
4473.160943181113,4473.035943181113,4473.285943181113,1590,1285,1438
4474.544088717705,4474.419088717705,4474.669088717705,2304,1107,1706
4477.869542322831,4477.619542322831,4478.119542322831,1195,2380,1788
4486.69195391225,4486.56695391225,4486.81695391225,1029,640,835
4485.621028270464,4485.371028270464,4485.871028270464,2254,1491,1873
4490.590504126118,4490.465504126118,4490.715504126118,1331,826,1079
4487.498541729645,4487.248541729645,4487.748541729645,1105,1430,1268
4494.620660370192,4494.370660370192,4494.870660370192,875,1992,1434
4490.723042024627,4490.598042024627,4490.848042024627,1281,1586,1434
4490.7885017088565,4490.6635017088565,4490.9135017088565,1553,1142,1348
4497.467458075224,4497.342458075224,4497.592458075224,2206,1523,1865
4502.017394499283,4501.892394499283,4502.142394499283,1787,1236,1512
4500.91901968123,4500.79401968123,4501.04401968123,579,1374,977
4506.00666949792,4505.88166949792,4506.13166949792,1408,1173,1291
4506.045714672621,4505.920714672621,4506.170714672621,1513,1642,1578
4509.204716680224,4508.954716680224,4509.454716680224,1276,833,1055
4508.382175767085,4508.257175767085,4508.507175767085,1094,1495,1295
4510.427114778152,4510.302114778152,4510.552114778152,2404,1579,1992
4508.309643147114,4508.184643147114,4508.434643147114,1556,2131,1844
4510.597310444126,4510.472310444126,4510.722310444126,1340,2367,1854
4510.44319812841,4510.06819812841,4510.81819812841,1210,875,1043
4510.722043925578,4510.597043925578,4510.847043925578,1544,719,1132
4512.816749100901,4512.691749100901,4512.941749100901,1486,869,1178
4516.435555370384,4516.310555370384,4516.560555370384,1776,649,1213
4519.168065381646,4519.043065381646,4519.293065381646,1672,587,1130
4512.082889500124,4511.957889500124,4512.207889500124,762,2145,1454
4503.765181855166,4503.640181855166,4503.890181855166,1768,989,1379
4500.334306114462,4500.209306114462,4500.459306114462,876,2041,1459
4501.703637670779,4501.578637670779,4501.828637670779,1355,750,1053
4498.612734285945,4498.237734285945,4498.987734285945,1900,1907,1904
4499.59316537087,4499.21816537087,4499.96816537087,921,1590,1256
4508.379525709157,4508.254525709157,4508.504525709157,1869,846,1358
4505.526839976245,4505.151839976245,4505.901839976245,1426,779,1103
4506.237213052906,4506.112213052906,4506.362213052906,1251,2650,1951
4506.094073647918,4505.844073647918,4506.344073647918,1931,1164,1548
4504.016222884896,4503.766222884896,4504.266222884896,1516,1513,1515
4508.024065381766,4507.899065381766,4508.149065381766,1078,891,985
4513.243978969538,4513.118978969538,4513.368978969538,1383,1942,1663
4516.558134257476,4516.308134257476,4516.808134257476,1716,1005,1361
4507.80862774869,4507.68362774869,4507.93362774869,2742,1165,1954
4509.920532156368,4509.795532156368,4510.045532156368,1169,904,1037
4510.075258558032,4509.825258558032,4510.325258558032,1189,418,804
4505.584492308608,4505.334492308608,4505.834492308608,803,1892,1348
4506.83174440496,4506.45674440496,4507.20674440496,837,2200,1519
4512.762966177666,4512.512966177666,4513.012966177666,1479,2324,1902
4517.096380912752,4516.971380912752,4517.221380912752,1129,880,1005
4518.730545329449,4518.605545329449,4518.855545329449,1677,1502,1590
4517.577722235586,4517.452722235586,4517.702722235586,1572,1821,1697
4522.037728023199,4521.912728023199,4522.162728023199,1600,1277,1439
4524.861819977027,4524.736819977027,4524.986819977027,549,1194,872
4518.62504684534,4518.50004684534,4518.75004684534,1939,1340,1640
4515.002974718913,4514.877974718913,4515.127974718913,631,1806,1219
4515.157542563876,4514.907542563876,4515.407542563876,2296,1249,1773
4512.598920010917,4512.473920010917,4512.723920010917,1337,1932,1635
4515.899874111516,4515.774874111516,4516.024874111516,1869,780,1325
4514.161453489428,4514.036453489428,4514.286453489428,958,865,912
4518.2730725620595,4517.8980725620595,4518.6480725620595,651,1656,1154
4516.271166224694,4516.146166224694,4516.396166224694,1898,1737,1818
4513.199394861059,4513.074394861059,4513.324394861059,1541,2142,1842
4520.142468100606,4519.767468100606,4520.517468100606,1133,872,1003
4519.2549916716025,4519.0049916716025,4519.5049916716025,1176,2275,1726
4514.5209017101015,4514.2709017101015,4514.7709017101015,2786,1111,1949
4518.914292745147,4518.789292745147,4519.039292745147,2062,1051,1557
4518.732775311826,4518.357775311826,4519.107775311826,825,2458,1642
4512.496626120582,4512.246626120582,4512.746626120582,1617,2042,1830
4516.29272682924,4516.16772682924,4516.41772682924,1013,1408,1211
4515.309922005944,4515.184922005944,4515.434922005944,2256,797,1527
4508.4796604542735,4508.3546604542735,4508.6046604542735,2579,1222,1901
4508.726706993322,4508.601706993322,4508.851706993322,698,1231,965
4503.662520574292,4503.412520574292,4503.912520574292,1774,2063,1919
4507.942513193879,4507.817513193879,4508.067513193879,1228,1639,1434
4507.358669498163,4507.233669498163,4507.483669498163,2067,1256,1662
4510.389455825667,4510.264455825667,4510.514455825667,1112,795,954
4502.573494986743,4502.323494986743,4502.823494986743,1660,2303,1982
4506.323287091509,4506.073287091509,4506.573287091509,1111,922,1017
4509.683037007685,4509.308037007685,4510.058037007685,1493,508,1001
4510.197566462841,4509.947566462841,4510.447566462841,1122,2565,1844
4509.206799907449,4509.081799907449,4509.331799907449,2253,1210,1732
4508.068645634676,4507.943645634676,4508.193645634676,1218,1779,1499
4505.214860862551,4504.839860862551,4505.589860862551,2551,1014,1783
4499.656312097606,4499.531312097606,4499.781312097606,735,982,859
4493.648587450141,4493.398587450141,4493.898587450141,680,1983,1332
4502.328780540648,4502.203780540648,4502.453780540648,1442,1069,1256
4506.901494595776,4506.776494595776,4507.026494595776,1288,1995,1642
4512.185853417109,4512.060853417109,4512.310853417109,1639,618,1129
4508.739427606625,4508.614427606625,4508.864427606625,2504,1033,1769
4511.65931029226,4511.53431029226,4511.78431029226,1765,796,1281
4516.259647739507,4516.009647739507,4516.509647739507,1672,1297,1485
4514.779971073777,4514.654971073777,4514.904971073777,515,1186,851
4514.741438233778,4514.616438233778,4514.866438233778,661,1538,1100
4503.414428097617,4503.289428097617,4503.539428097617,1226,2561,1894
4503.732503585129,4503.607503585129,4503.857503585129,1074,2375,1725
4500.568820217436,4500.318820217436,4500.818820217436,1325,622,974
4503.107973322722,4502.732973322722,4503.482973322722,1143,2476,1810
4501.392035477564,4501.017035477564,4501.767035477564,767,1980,1374
4497.98092140647,4497.85592140647,4498.10592140647,939,1982,1461
4501.278806670866,4501.153806670866,4501.403806670866,2058,801,1430
4502.621264449058,4502.371264449058,4502.871264449058,887,1030,959
4505.572465998611,4505.447465998611,4505.697465998611,1240,511,876
4501.521564409546,4501.396564409546,4501.646564409546,532,1081,807
4491.80609985826,4491.68109985826,4491.93109985826,1405,1788,1597
4491.450957304858,4491.200957304858,4491.700957304858,2230,1317,1774
4498.8696398900665,4498.7446398900665,4498.9946398900665,918,2321,1620
4505.605932115321,4505.480932115321,4505.730932115321,662,1597,1130
4508.975067698754,4508.850067698754,4509.100067698754,1486,1733,1610
4503.00919445473,4502.75919445473,4503.25919445473,609,1532,1071
4495.808714454364,4495.683714454364,4495.933714454364,1648,1927,1788
4501.966923961144,4501.841923961144,4502.091923961144,2871,1046,1959
4507.580255147206,4507.330255147206,4507.830255147206,589,1330,960
4502.919114487247,4502.794114487247,4503.044114487247,2200,1381,1791
4496.651748348079,4496.526748348079,4496.776748348079,1423,2128,1776
4498.013601350786,4497.763601350786,4498.263601350786,2392,983,1688
4496.557643367882,4496.307643367882,4496.807643367882,1049,2872,1961
4499.722604990509,4499.347604990509,4500.097604990509,1572,1751,1662
4504.070470756648,4503.945470756648,4504.195470756648,1043,728,886
4502.639272987361,4502.514272987361,4502.764272987361,1203,894,1049
4506.631972345632,4506.506972345632,4506.756972345632,2334,897,1616
4509.801951508613,4509.551951508613,4510.051951508613,1253,2156,1705
4509.132063064742,4509.007063064742,4509.257063064742,1390,481,936
4500.9399097536125,4500.8149097536125,4501.0649097536125,722,1689,1206
4505.789755320495,4505.664755320495,4505.914755320495,701,1540,1121
4502.8317123056195,4502.7067123056195,4502.9567123056195,1113,710,912
4506.931312725725,4506.681312725725,4507.181312725725,2156,881,1519
4508.479280906902,4508.354280906902,4508.604280906902,721,1404,1063
4511.756164705843,4511.631164705843,4511.881164705843,1007,2496,1752
4509.84575254403,4509.72075254403,4509.97075254403,2376,1191,1784
4510.600809746531,4510.475809746531,4510.725809746531,546,1465,1006
4507.160681353309,4506.910681353309,4507.410681353309,1363,584,974
4513.14967430826,4512.77467430826,4513.52467430826,1133,1328,1231
4513.607727738797,4513.482727738797,4513.732727738797,733,1412,1073
4516.121779246618,4515.996779246618,4516.246779246618,774,1635,1205
4515.878937778225,4515.753937778225,4516.003937778225,2233,828,1531
4514.561177108541,4514.436177108541,4514.686177108541,1828,2019,1924
4508.240547590119,4508.115547590119,4508.365547590119,736,1409,1073
4495.66221277647,4495.41221277647,4495.91221277647,2100,1191,1646
4497.119842401972,4496.994842401972,4497.244842401972,1275,650,963
4494.437877908861,4494.312877908861,4494.562877908861,957,1350,1154
4493.854605324591,4493.604605324591,4494.104605324591,927,736,832
4499.863678490219,4499.613678490219,4500.113678490219,1112,2867,1990
4503.916779922433,4503.791779922433,4504.041779922433,1145,1142,1144
4509.602538924773,4509.477538924773,4509.727538924773,1439,1780,1610
4512.280411827487,4511.905411827487,4512.655411827487,635,1156,896
4512.903250457363,4512.778250457363,4513.028250457363,1433,606,1020
4506.938045900253,4506.813045900253,4507.063045900253,1230,1861,1546
4505.01056165645,4504.76056165645,4505.26056165645,1216,593,905
4509.524694126064,4509.399694126064,4509.649694126064,768,1345,1057
4502.563277322527,4502.438277322527,4502.688277322527,1983,926,1455
4502.614342782083,4502.489342782083,4502.739342782083,2181,898,1540
4504.656657755715,4504.406657755715,4504.906657755715,2071,1826,1949
4499.855477071655,4499.730477071655,4499.980477071655,2016,1897,1957
4495.888481500737,4495.763481500737,4496.013481500737,1385,1108,1247
4495.721367972058,4495.471367972058,4495.971367972058,920,1723,1322
4500.938266168533,4500.813266168533,4501.063266168533,1005,1708,1357
4498.372647832149,4498.122647832149,4498.622647832149,2233,1414,1824
4500.516784122289,4500.266784122289,4500.766784122289,1643,1646,1645
4498.506654649937,4498.256654649937,4498.756654649937,2200,1269,1735
4501.1237810853445,4500.9987810853445,4501.2487810853445,800,939,870
4506.883043688219,4506.758043688219,4507.008043688219,930,725,828
4510.140537962382,4509.890537962382,4510.390537962382,1502,2121,1812
4507.44623643807,4507.32123643807,4507.57123643807,1128,2549,1839
4511.862085890531,4511.737085890531,4511.987085890531,1320,2559,1940
4510.182445584678,4510.057445584678,4510.307445584678,1000,1541,1271
4513.272963948499,4512.897963948499,4513.647963948499,1657,1806,1732
4509.8931839583975,4509.5181839583975,4510.2681839583975,1736,1083,1410
4506.413039657785,4506.288039657785,4506.538039657785,787,1058,923
4497.730771461463,4497.605771461463,4497.855771461463,1728,1191,1460
4492.142341049968,4492.017341049968,4492.267341049968,980,705,843
4485.377369334055,4485.127369334055,4485.627369334055,1694,871,1283
4486.24134923782,4486.11634923782,4486.36634923782,736,915,826
4486.650791171368,4486.400791171368,4486.900791171368,1000,1097,1049
4484.469902107227,4484.219902107227,4484.719902107227,1348,2535,1942
4480.924430268651,4480.674430268651,4481.174430268651,1214,925,1070
4476.444055520087,4476.319055520087,4476.569055520087,2055,1212,1634
4477.625327961717,4477.250327961717,4478.000327961717,1000,995,998
4473.860308172945,4473.735308172945,4473.985308172945,871,908,890
4471.030894581952,4470.905894581952,4471.155894581952,847,1562,1205
4472.105452786232,4471.855452786232,4472.355452786232,1480,1277,1379
4464.031309781859,4463.906309781859,4464.156309781859,1820,1343,1582
4464.77843239306,4464.65343239306,4464.90343239306,1357,1280,1319
4463.506561484107,4463.381561484107,4463.631561484107,992,2397,1695
4459.581592901953,4459.456592901953,4459.706592901953,1387,1288,1338
4463.025170358689,4462.900170358689,4463.150170358689,1569,928,1249
4470.980340216638,4470.730340216638,4471.230340216638,964,955,960
4477.037571144269,4476.787571144269,4477.287571144269,2079,1732,1906
4476.680089097718,4476.305089097718,4477.055089097718,631,1686,1159
4477.336238081508,4476.961238081508,4477.711238081508,2460,1111,1786
4477.202125314011,4477.077125314011,4477.327125314011,954,1719,1337
4482.240647825898,4482.115647825898,4482.365647825898,1031,2268,1650
4479.733220820412,4479.483220820412,4479.983220820412,1508,671,1090
4482.215355375711,4482.090355375711,4482.340355375711,1120,2557,1839
4482.334103517992,4482.209103517992,4482.459103517992,2443,1216,1830
4478.998796592414,4478.873796592414,4479.123796592414,2441,1248,1845
4473.1691775755335,4473.0441775755335,4473.2941775755335,2147,824,1486
4474.006221443973,4473.881221443973,4474.131221443973,2064,1147,1606
4469.563614462953,4469.313614462953,4469.813614462953,1451,1066,1259
4480.006277086186,4479.881277086186,4480.131277086186,996,2415,1706
4477.050615156794,4476.925615156794,4477.175615156794,1756,1143,1450
4473.297975900056,4473.047975900056,4473.547975900056,1467,566,1017
4476.217045338849,4476.092045338849,4476.342045338849,1184,603,894
4482.300826621832,4481.925826621832,4482.675826621832,1319,1790,1555
4478.881800615217,4478.756800615217,4479.006800615217,569,1612,1091
4479.362106051667,4479.237106051667,4479.487106051667,1638,1687,1663
4481.312137564479,4481.187137564479,4481.437137564479,2571,1136,1854
4471.972660287874,4471.722660287874,4472.222660287874,1535,2022,1779
4472.354674526466,4472.229674526466,4472.479674526466,1487,1592,1540
4471.218144246416,4471.093144246416,4471.343144246416,1140,837,989
4470.370850901431,4470.245850901431,4470.495850901431,2133,1652,1893
4462.990212415131,4462.865212415131,4463.115212415131,1323,664,994
4470.1908278213405,4469.9408278213405,4470.4408278213405,1907,1296,1602
4470.982238858769,4470.857238858769,4471.107238858769,1736,1885,1811
4465.5733124148865,4465.4483124148865,4465.6983124148865,1461,496,979
4466.415470882946,4466.290470882946,4466.540470882946,2100,1453,1777
4465.731658178237,4465.481658178237,4465.981658178237,1404,1895,1650
4462.560121685295,4462.435121685295,4462.685121685295,945,2442,1694
4460.41413129197,4460.28913129197,4460.53913129197,1326,1341,1334
4452.801875539223,4452.676875539223,4452.926875539223,2181,1490,1836
4451.0768085304935,4450.9518085304935,4451.2018085304935,1600,965,1283
4452.697214692697,4452.572214692697,4452.822214692697,926,2191,1559
4457.676494615789,4457.426494615789,4457.926494615789,961,2876,1919
4457.728036857055,4457.603036857055,4457.853036857055,1148,631,890
4453.345863813112,4453.095863813112,4453.595863813112,1842,1935,1889
4457.287344993783,4457.162344993783,4457.412344993783,1205,1364,1285
4463.212456515141,4462.837456515141,4463.587456515141,595,1766,1181
4468.362001200633,4468.237001200633,4468.487001200633,1718,2149,1934
4467.750759457366,4467.625759457366,4467.875759457366,2586,1351,1969
4462.540694145448,4462.415694145448,4462.665694145448,1477,1264,1371
4458.8111136565085,4458.6861136565085,4458.9361136565085,924,1367,1146
4455.873639996558,4455.748639996558,4455.998639996558,997,1178,1088
4455.624180646476,4455.499180646476,4455.749180646476,1220,1401,1311
4454.724020477732,4454.599020477732,4454.849020477732,1294,1579,1437
4454.892269982441,4454.642269982441,4455.142269982441,1188,1289,1239
4452.955356718675,4452.830356718675,4453.080356718675,1383,946,1165
4455.294825055033,4455.169825055033,4455.419825055033,1901,908,1405
4452.164461565316,4452.039461565316,4452.289461565316,1646,1907,1777
4453.793212801721,4453.668212801721,4453.918212801721,1088,1119,1104
4457.68247571405,4457.43247571405,4457.93247571405,638,1847,1243
4459.9876844149085,4459.8626844149085,4460.1126844149085,730,1199,965
4458.37089614585,4458.12089614585,4458.62089614585,1048,1661,1355
4463.482538834767,4463.232538834767,4463.732538834767,2572,1411,1992
4462.923288714634,4462.798288714634,4463.048288714634,919,1524,1222
4460.493993750185,4460.368993750185,4460.618993750185,2203,834,1519
4458.5850078756275,4458.3350078756275,4458.8350078756275,795,846,821
4457.511649082707,4457.261649082707,4457.761649082707,1999,928,1464
4463.866538123552,4463.741538123552,4463.991538123552,1544,1233,1389
4461.607444726676,4461.482444726676,4461.732444726676,946,1513,1230
4460.5159552567875,4460.3909552567875,4460.6409552567875,957,1700,1329
4456.866487055661,4456.741487055661,4456.991487055661,1135,2226,1681
4458.320485736336,4457.945485736336,4458.695485736336,1527,2348,1938
4463.06966267862,4462.94466267862,4463.19466267862,979,1438,1209
4459.670467396713,4459.545467396713,4459.795467396713,1195,1954,1575
4458.075362133932,4457.950362133932,4458.200362133932,1215,1150,1183
4458.3803569554175,4458.1303569554175,4458.6303569554175,1531,2428,1980
4455.284607892729,4454.909607892729,4455.659607892729,1820,2075,1948
4457.348726028839,4457.223726028839,4457.473726028839,1679,912,1296
4459.042489137915,4458.917489137915,4459.167489137915,1342,1153,1248
4458.299352875499,4458.174352875499,4458.424352875499,1663,1376,1520
4459.329481447434,4459.204481447434,4459.454481447434,670,1089,880
4458.905526727142,4458.655526727142,4459.155526727142,735,1642,1189
4459.947336365373,4459.822336365373,4460.072336365373,1548,2383,1966
4458.916632410983,4458.541632410983,4459.291632410983,660,1019,840
4469.826746124993,4469.701746124993,4469.951746124993,1957,1508,1733
4470.876344026833,4470.751344026833,4471.001344026833,1423,1104,1264
4477.173455294128,4476.798455294128,4477.548455294128,1126,2607,1867
4482.048211384357,4481.798211384357,4482.298211384357,1943,1694,1819
4479.001179284471,4478.751179284471,4479.251179284471,2218,1593,1906
4481.41719531635,4481.16719531635,4481.66719531635,760,1133,947
4480.498947966288,4480.373947966288,4480.623947966288,1458,565,1012
4480.419259051666,4480.294259051666,4480.544259051666,1469,1836,1653
4480.981324264142,4480.731324264142,4481.231324264142,1157,1644,1401
4483.674140942826,4483.549140942826,4483.799140942826,813,1818,1316
4488.592079752012,4488.342079752012,4488.842079752012,1341,2202,1772
4494.513624935322,4494.388624935322,4494.638624935322,1027,2084,1556
4495.733577923152,4495.483577923152,4495.983577923152,1826,839,1333
4500.321283255867,4500.196283255867,4500.446283255867,897,724,811
4500.458348958401,4500.208348958401,4500.708348958401,1336,2233,1785
4496.708810501235,4496.583810501235,4496.833810501235,1231,818,1025
4492.308794818702,4492.058794818702,4492.558794818702,931,1634,1283
4488.5011381562235,4488.3761381562235,4488.6261381562235,553,1370,962
4487.458124849005,4487.208124849005,4487.708124849005,1138,1431,1285
4481.692920110247,4481.442920110247,4481.942920110247,1147,662,905
4481.026831519187,4480.901831519187,4481.151831519187,1992,1179,1586
4480.495535311774,4480.370535311774,4480.620535311774,1329,884,1107
4483.556193561527,4483.431193561527,4483.681193561527,979,2588,1784
4484.02402430516,4483.77402430516,4484.27402430516,1844,1089,1467
4487.563115457039,4487.188115457039,4487.938115457039,1074,2525,1800
4485.816035164853,4485.691035164853,4485.941035164853,1486,1077,1282
4483.541093268856,4483.166093268856,4483.916093268856,1789,1582,1686
4485.793012157037,4485.668012157037,4485.918012157037,1084,793,939
4489.3453546506125,4489.2203546506125,4489.4703546506125,856,2475,1666
4491.387158327041,4491.262158327041,4491.512158327041,681,1112,897
4492.250275188035,4492.000275188035,4492.500275188035,1071,1280,1176
4490.163458520464,4490.038458520464,4490.288458520464,1473,1348,1411
4487.677371135388,4487.427371135388,4487.927371135388,990,1743,1367
4482.582221012405,4482.457221012405,4482.707221012405,1040,1865,1453
4484.996906401704,4484.746906401704,4485.246906401704,1158,717,938
4482.914763281797,4482.789763281797,4483.039763281797,1101,890,996
4484.810545236935,4484.685545236935,4484.935545236935,1140,991,1066
4493.344115758185,4493.219115758185,4493.469115758185,1196,911,1054
4497.253207637598,4497.128207637598,4497.378207637598,880,1267,1074
4490.767590120717,4490.642590120717,4490.892590120717,1195,606,901
4499.157986425949,4499.032986425949,4499.282986425949,910,2407,1659
4497.561889323507,4497.436889323507,4497.686889323507,951,1120,1036
4495.413840729749,4495.288840729749,4495.538840729749,2152,997,1575
4499.782458060366,4499.657458060366,4499.907458060366,974,2597,1786
4500.821867737073,4500.571867737073,4501.071867737073,1506,1259,1383
4500.417474763511,4500.167474763511,4500.667474763511,1405,1292,1349
4497.543263377181,4497.418263377181,4497.668263377181,872,1573,1223
4496.92313753814,4496.67313753814,4497.17313753814,648,1637,1143
4499.316552723921,4499.066552723921,4499.566552723921,1134,1191,1163
4506.413216976219,4506.288216976219,4506.538216976219,982,953,968
4507.157870739509,4506.907870739509,4507.407870739509,2180,929,1555
4509.590238059803,4509.465238059803,4509.715238059803,746,1833,1290
4506.460072970691,4506.335072970691,4506.585072970691,1552,1723,1638
4505.5865867901475,4505.4615867901475,4505.7115867901475,874,1355,1115
4504.633498158307,4504.508498158307,4504.758498158307,2378,977,1678
4507.48204188063,4507.35704188063,4507.60704188063,1394,1151,1273
4509.795420406698,4509.670420406698,4509.920420406698,1972,1237,1605
4510.811785255881,4510.561785255881,4511.061785255881,2281,1028,1655
4506.808958780666,4506.683958780666,4506.933958780666,1991,1314,1653
4501.174686473802,4501.049686473802,4501.299686473802,1527,1174,1351
4499.374214925362,4498.999214925362,4499.749214925362,1109,1088,1099
4501.785936668809,4501.410936668809,4502.160936668809,1948,833,1391
4502.491905658446,4502.116905658446,4502.866905658446,879,1442,1161
4498.9997150645695,4498.8747150645695,4499.1247150645695,973,766,870
4492.970290055479,4492.845290055479,4493.095290055479,996,2859,1928
4488.58248451771,4488.33248451771,4488.83248451771,1461,1372,1417
4487.678720609072,4487.303720609072,4488.053720609072,2016,1459,1738
4495.242731361215,4495.117731361215,4495.367731361215,1402,1621,1512
4498.009582591189,4497.884582591189,4498.134582591189,1708,1571,1640
4499.869825469067,4499.619825469067,4500.119825469067,577,1682,1130
4501.450286542957,4501.200286542957,4501.700286542957,1591,2290,1941
4507.263400861103,4507.138400861103,4507.388400861103,1223,774,999
4509.402601000059,4509.152601000059,4509.652601000059,1728,1453,1591
4510.053023437964,4509.803023437964,4510.303023437964,2690,1255,1973
4506.472620075787,4506.222620075787,4506.722620075787,768,1893,1331
4513.204691953733,4513.079691953733,4513.329691953733,1654,731,1193
4508.716628147609,4508.591628147609,4508.841628147609,1546,837,1192
4503.854593187019,4503.604593187019,4504.104593187019,1886,743,1315
4502.22594368386,4502.10094368386,4502.35094368386,1844,1535,1690
4501.9785449405745,4501.8535449405745,4502.1035449405745,673,1372,1023
4498.80504906533,4498.68004906533,4498.93004906533,1387,1960,1674
4511.372890560228,4511.247890560228,4511.497890560228,1091,2678,1885
4513.982833688051,4513.857833688051,4514.107833688051,1641,608,1125
4505.463751575559,4505.338751575559,4505.588751575559,827,1812,1320
4501.68907071649,4501.56407071649,4501.81407071649,477,1306,892
4503.320362420516,4502.945362420516,4503.695362420516,589,1106,848
4499.2810962240565,4499.1560962240565,4499.4060962240565,505,1098,802
4492.654675576902,4492.529675576902,4492.779675576902,728,977,853
4487.162192636248,4487.037192636248,4487.287192636248,678,1641,1160
4480.621271364574,4480.496271364574,4480.746271364574,2171,1294,1733
4480.963270783483,4480.838270783483,4481.088270783483,999,2828,1914
4482.058913560199,4481.808913560199,4482.308913560199,1602,1817,1710
4477.30556570132,4477.18056570132,4477.43056570132,1152,1165,1159
4478.337999820918,4478.087999820918,4478.587999820918,798,1391,1095
4475.201785198065,4474.826785198065,4475.576785198065,1385,2346,1866
4486.535790204294,4486.285790204294,4486.785790204294,1708,629,1169
4480.563715992664,4480.438715992664,4480.688715992664,858,1223,1041
4474.60017876477,4474.47517876477,4474.72517876477,1654,635,1145
4478.068365594269,4477.818365594269,4478.318365594269,1938,849,1394
4475.405087141571,4475.280087141571,4475.530087141571,1142,1835,1489
4480.529052115958,4480.404052115958,4480.654052115958,1022,1377,1200
4470.76120007312,4470.38620007312,4471.13620007312,1287,432,860
4472.324893983146,4472.199893983146,4472.449893983146,2897,1012,1955
4476.342056898912,4476.092056898912,4476.592056898912,720,1181,951
4475.92582935142,4475.67582935142,4476.17582935142,2659,950,1805
4470.282444461002,4470.157444461002,4470.407444461002,1815,1546,1681
4465.305013316958,4465.180013316958,4465.430013316958,2011,982,1497
4467.71771871429,4467.59271871429,4467.84271871429,1743,1324,1534
4466.007397108178,4465.757397108178,4466.257397108178,1743,1306,1525
4459.723817766679,4459.598817766679,4459.848817766679,1344,809,1077
4455.271809244309,4455.146809244309,4455.396809244309,2704,1151,1928
4456.0655435027975,4455.9405435027975,4456.1905435027975,2176,1321,1749
4449.5827743394275,4449.3327743394275,4449.8327743394275,1551,1812,1682
4445.136141936608,4445.011141936608,4445.261141936608,1672,579,1126
4435.409630364626,4435.159630364626,4435.659630364626,2223,1444,1834
4432.492541399639,4432.367541399639,4432.617541399639,596,1505,1051
4435.776172643863,4435.651172643863,4435.901172643863,1119,632,876
4439.223660697484,4439.098660697484,4439.348660697484,822,1439,1131
4434.0772281158615,4433.9522281158615,4434.2022281158615,672,1615,1144
4438.946087676968,4438.821087676968,4439.071087676968,2019,1494,1757
4437.488176044717,4437.238176044717,4437.738176044717,1141,868,1005
4438.288504643197,4438.038504643197,4438.538504643197,2228,795,1512
4432.15224340003,4431.77724340003,4432.52724340003,2103,764,1434
4433.7504168830565,4433.6254168830565,4433.8754168830565,1921,1016,1469
4435.409520075651,4435.284520075651,4435.534520075651,1766,607,1187
4435.667532521325,4435.542532521325,4435.792532521325,1398,2229,1814
4435.792791318516,4435.542791318516,4436.042791318516,647,1846,1247
4433.22366178203,4432.97366178203,4433.47366178203,682,1851,1267
4428.924799248291,4428.799799248291,4429.049799248291,1178,661,920
4418.214143701821,4418.089143701821,4418.339143701821,961,922,942
4411.067414326151,4410.942414326151,4411.192414326151,1409,1456,1433
4417.525657644917,4417.275657644917,4417.775657644917,1800,937,1369
4414.719165170584,4414.594165170584,4414.844165170584,1092,1595,1344
4408.64163148913,4408.51663148913,4408.76663148913,889,2090,1490
4411.323266963106,4411.198266963106,4411.448266963106,1190,1321,1256
4406.613726998453,4406.488726998453,4406.738726998453,1144,719,932
4399.1263518635205,4399.0013518635205,4399.2513518635205,1228,1799,1514
4400.756266659902,4400.506266659902,4401.006266659902,1242,971,1107
4400.9074719725195,4400.5324719725195,4401.2824719725195,1006,1585,1296
4395.901665663337,4395.776665663337,4396.026665663337,1184,905,1045
4390.935493407441,4390.810493407441,4391.060493407441,1130,2619,1875
4390.93605455149,4390.81105455149,4391.06105455149,808,2273,1541
4393.457900198413,4393.332900198413,4393.582900198413,1968,1159,1564
4400.47781494495,4400.22781494495,4400.72781494495,1306,1021,1164
4404.184891138798,4404.059891138798,4404.309891138798,2644,1345,1995
4406.617709500926,4406.492709500926,4406.742709500926,2474,839,1657
4400.00015837416,4399.87515837416,4400.12515837416,1084,613,849
4404.6575697839335,4404.5325697839335,4404.7825697839335,1063,1308,1186
4407.138531789535,4407.013531789535,4407.263531789535,727,1738,1233
4408.724340375631,4408.599340375631,4408.849340375631,1629,1090,1360
4418.441672046611,4418.316672046611,4418.566672046611,1686,1675,1681
4412.171764307385,4412.046764307385,4412.296764307385,1533,902,1218
4411.867038726712,4411.742038726712,4411.992038726712,1447,726,1087
4412.912232228224,4412.662232228224,4413.162232228224,1048,1671,1360
4414.483462688865,4414.108462688865,4414.858462688865,1150,979,1065
4415.944359194627,4415.694359194627,4416.194359194627,1140,1045,1093
4413.236303799237,4412.986303799237,4413.486303799237,2118,1531,1825
4408.222474807976,4408.097474807976,4408.347474807976,920,1919,1420
4407.892118278362,4407.642118278362,4408.142118278362,1776,1025,1401
4409.513504944535,4409.263504944535,4409.763504944535,1650,1241,1446
4406.274049337494,4406.024049337494,4406.524049337494,1689,1322,1506
4407.1400334474565,4406.8900334474565,4407.3900334474565,706,1631,1169
4411.561188609825,4411.436188609825,4411.686188609825,1183,2524,1854
4417.960519367429,4417.710519367429,4418.210519367429,2094,793,1444
4414.99824990045,4414.87324990045,4415.12324990045,1912,913,1413
4418.1108479441245,4417.9858479441245,4418.2358479441245,810,1455,1133
4420.64621395302,4420.27121395302,4421.02121395302,1276,2525,1901
4420.504295549473,4420.379295549473,4420.629295549473,2403,922,1663
4421.735233402048,4421.610233402048,4421.860233402048,2440,1397,1919
4416.430742243469,4416.305742243469,4416.555742243469,1097,1376,1237
4415.7402737477905,4415.6152737477905,4415.8652737477905,987,2004,1496
4413.706484212169,4413.456484212169,4413.956484212169,1811,1532,1672
4423.507936802391,4423.257936802391,4423.757936802391,1327,2032,1680
4419.428474434636,4419.303474434636,4419.553474434636,909,1844,1377
4412.371987610286,4411.996987610286,4412.746987610286,842,1361,1102
4409.993645010499,4409.868645010499,4410.118645010499,1877,1356,1617
4403.210585350235,4403.085585350235,4403.335585350235,1010,667,839
4402.907809920153,4402.532809920153,4403.282809920153,1703,1644,1674
4396.217141320481,4395.967141320481,4396.467141320481,1286,507,897
4394.084994679047,4393.959994679047,4394.209994679047,1604,839,1222
4394.649393460709,4394.399393460709,4394.899393460709,959,920,940
4397.447697847619,4397.322697847619,4397.572697847619,1050,1195,1123
4393.065008876926,4392.940008876926,4393.190008876926,1056,1889,1473
4392.107498339793,4391.857498339793,4392.357498339793,1457,1308,1383
4391.692021028938,4391.567021028938,4391.817021028938,1296,2583,1940
4397.442719138646,4397.317719138646,4397.567719138646,1278,1535,1407
4405.646155600794,4405.521155600794,4405.771155600794,1395,2264,1830
4405.035287179,4404.910287179,4405.160287179,1241,2264,1753
4401.593432429363,4401.218432429363,4401.968432429363,741,1340,1041
4401.189326474811,4401.064326474811,4401.314326474811,1795,1958,1877
4406.284544078574,4405.909544078574,4406.659544078574,1407,722,1065
4407.367590517983,4407.117590517983,4407.617590517983,1297,2288,1793
4399.619578295775,4399.494578295775,4399.744578295775,1080,2607,1844
4401.040299265719,4400.915299265719,4401.165299265719,1392,707,1050
4400.793640221047,4400.668640221047,4400.918640221047,2023,1412,1718
4410.579644017487,4410.454644017487,4410.704644017487,1795,1976,1886
4405.926715944772,4405.551715944772,4406.301715944772,1067,888,978
4407.08610806738,4406.96110806738,4407.21110806738,1084,1517,1301
4404.324639579501,4404.199639579501,4404.449639579501,766,1505,1136
4406.797343467147,4406.547343467147,4407.047343467147,608,1261,935
4404.720555094568,4404.345555094568,4405.095555094568,2528,1193,1861
4398.702206304148,4398.452206304148,4398.952206304148,1900,1969,1935
4400.334448977356,4400.209448977356,4400.459448977356,783,820,802
4391.816002886956,4391.691002886956,4391.941002886956,1350,2553,1952
4399.670081744326,4399.545081744326,4399.795081744326,1870,1751,1811
4399.073637523243,4398.948637523243,4399.198637523243,927,1348,1138
4397.141342928858,4397.016342928858,4397.266342928858,2644,1067,1856
4393.913594476797,4393.788594476797,4394.038594476797,2238,887,1563
4397.782473570931,4397.657473570931,4397.907473570931,780,1049,915
4396.5358682793885,4396.2858682793885,4396.7858682793885,1430,701,1066
4400.555585325187,4400.430585325187,4400.680585325187,849,2430,1640
4397.327310821201,4397.202310821201,4397.452310821201,981,1144,1063
4393.900239544894,4393.775239544894,4394.025239544894,1702,1023,1363
4395.626791996356,4395.501791996356,4395.751791996356,909,2020,1465
4398.579057454906,4398.454057454906,4398.704057454906,1328,1427,1378
4396.844573907951,4396.719573907951,4396.969573907951,2264,853,1559
4395.052039272047,4394.927039272047,4395.177039272047,1470,1657,1564
4398.455707283349,4398.330707283349,4398.580707283349,1115,498,807
4400.004741682627,4399.754741682627,4400.254741682627,1430,791,1111
4402.24632393231,4401.99632393231,4402.49632393231,1100,2873,1987
4408.420986711647,4408.170986711647,4408.670986711647,678,1561,1120
4405.1107343288295,4404.9857343288295,4405.2357343288295,594,1681,1138
4402.148570168224,4402.023570168224,4402.273570168224,827,1020,924
4405.952615481568,4405.827615481568,4406.077615481568,1106,915,1011
4417.119777573032,4416.994777573032,4417.244777573032,1518,681,1100
4409.797785700254,4409.672785700254,4409.922785700254,1705,2066,1886
4404.314568759048,4404.189568759048,4404.439568759048,1928,805,1367
4407.734249206139,4407.484249206139,4407.984249206139,2504,1077,1791
4408.123063857053,4407.998063857053,4408.248063857053,933,2262,1598
4405.65503789233,4405.40503789233,4405.90503789233,1093,948,1021
4402.729607045212,4402.604607045212,4402.854607045212,2137,1508,1823
4400.613821061678,4400.488821061678,4400.738821061678,2509,1420,1965
4398.4802889809625,4398.2302889809625,4398.7302889809625,721,1116,919
4398.345207343271,4398.220207343271,4398.470207343271,1445,520,983
4389.450555088095,4389.075555088095,4389.825555088095,1581,2310,1946
4384.608102595531,4384.358102595531,4384.858102595531,1071,2446,1759
4382.745753168592,4382.495753168592,4382.995753168592,1484,2247,1866
4380.92290985834,4380.67290985834,4381.17290985834,951,1700,1326
4381.023354964002,4380.898354964002,4381.148354964002,718,1011,865
4376.8462188269405,4376.4712188269405,4377.2212188269405,1351,1960,1656
4379.148194835129,4379.023194835129,4379.273194835129,1312,1209,1261
4384.682532204762,4384.557532204762,4384.807532204762,493,1242,868
4378.769942879737,4378.644942879737,4378.894942879737,2449,1368,1909
4382.106746737176,4381.981746737176,4382.231746737176,1802,705,1254
4379.33088566456,4379.08088566456,4379.58088566456,758,1699,1229
4388.573495351492,4388.448495351492,4388.698495351492,1128,2267,1698
4395.611850488372,4395.486850488372,4395.736850488372,2060,1181,1621
4399.8790010294,4399.7540010294,4400.0040010294,2062,1677,1870
4391.573616539774,4391.323616539774,4391.823616539774,870,1387,1129
4393.2243366681205,4393.0993366681205,4393.3493366681205,2176,1291,1734
4391.987195410161,4391.862195410161,4392.112195410161,760,1461,1111
4395.546522456077,4395.421522456077,4395.671522456077,1430,2095,1763
4399.077804218433,4398.702804218433,4399.452804218433,1262,625,944
4404.956805475461,4404.706805475461,4405.206805475461,2373,1300,1837
4404.177810072916,4403.927810072916,4404.427810072916,1689,1206,1448
4406.37031689771,4406.24531689771,4406.49531689771,1075,872,974
4409.629777298855,4409.379777298855,4409.879777298855,1909,1944,1927
4410.882471247037,4410.757471247037,4411.007471247037,2028,1155,1592
4404.0021546804455,4403.7521546804455,4404.2521546804455,2370,925,1648
4399.791409453898,4399.666409453898,4399.916409453898,1903,950,1427
4409.634180536857,4409.384180536857,4409.884180536857,1585,1492,1539
4405.6024811557145,4405.4774811557145,4405.7274811557145,1153,2256,1705
4405.600554331456,4405.350554331456,4405.850554331456,652,1125,889
4411.245727062434,4410.995727062434,4411.495727062434,1569,706,1138
4408.190148563181,4408.065148563181,4408.315148563181,1578,1347,1463
4395.916455645776,4395.791455645776,4396.041455645776,685,1100,893
4402.44470465445,4402.19470465445,4402.69470465445,1687,1276,1482
4408.599343053531,4408.349343053531,4408.849343053531,1490,623,1057
4410.595659690165,4410.220659690165,4410.970659690165,1611,876,1244
4416.803444262737,4416.678444262737,4416.928444262737,1712,927,1320
4419.030796554299,4418.905796554299,4419.155796554299,1965,1158,1562
4418.292296819644,4418.042296819644,4418.542296819644,1150,1009,1080
4422.331538875552,4422.081538875552,4422.581538875552,655,1364,1010
4422.104036695727,4421.979036695727,4422.229036695727,708,1285,997
4426.111478775631,4425.986478775631,4426.236478775631,1007,678,843
4428.222197718006,4427.972197718006,4428.472197718006,1911,856,1384
4426.969119354823,4426.844119354823,4427.094119354823,1786,2045,1916
4427.444166870116,4427.319166870116,4427.569166870116,851,1132,992
4425.85121291128,4425.72621291128,4425.97621291128,1679,2250,1965
4428.252363621126,4427.877363621126,4428.627363621126,861,768,815
4429.920046765013,4429.795046765013,4430.045046765013,1214,1549,1382
4432.245782988315,4432.120782988315,4432.370782988315,860,1809,1335
4430.850821986982,4430.725821986982,4430.975821986982,718,1661,1190
4433.342528909947,4433.092528909947,4433.592528909947,1280,1249,1265
4434.062539128689,4433.812539128689,4434.312539128689,1062,2033,1548
4433.549681718488,4433.299681718488,4433.799681718488,2137,972,1555
4434.393536151997,4434.143536151997,4434.643536151997,1654,997,1326
4432.937867203826,4432.562867203826,4433.312867203826,1334,2467,1901
4432.9339355004095,4432.5589355004095,4433.3089355004095,821,2450,1636
4433.710114736468,4433.335114736468,4434.085114736468,1202,1727,1465
4437.538638342655,4437.288638342655,4437.788638342655,2446,1347,1897
4434.4462539684455,4434.3212539684455,4434.5712539684455,452,1337,895
4431.866713551292,4431.741713551292,4431.991713551292,2221,1658,1940
4431.0358852964455,4430.9108852964455,4431.1608852964455,997,2818,1908
4432.517740581716,4432.392740581716,4432.642740581716,587,1640,1114
4428.842092758431,4428.717092758431,4428.967092758431,1753,622,1188
4419.347956849909,4419.222956849909,4419.472956849909,2177,848,1513
4424.307576237533,4424.182576237533,4424.432576237533,1276,1763,1520
4421.6039249565365,4421.4789249565365,4421.7289249565365,999,2180,1590
4425.660771615914,4425.535771615914,4425.785771615914,2126,1811,1969
4418.252688974464,4418.127688974464,4418.377688974464,1519,1518,1519
4419.373949629672,4419.248949629672,4419.498949629672,2302,1657,1980
4420.24916735042,4419.99916735042,4420.49916735042,923,1124,1024
4413.925250840666,4413.550250840666,4414.300250840666,1433,1410,1422
4416.025200483394,4415.900200483394,4416.150200483394,1162,2121,1642
4419.307539604971,4419.182539604971,4419.432539604971,1443,1990,1717
4418.726024245516,4418.601024245516,4418.851024245516,881,1992,1437
4419.131468189921,4419.006468189921,4419.256468189921,1259,962,1111
4419.752260585472,4419.502260585472,4420.002260585472,1660,1243,1452
4423.243187121765,4422.993187121765,4423.493187121765,1106,2447,1777
4422.205181508563,4421.830181508563,4422.580181508563,2323,836,1580
4421.490050502432,4421.365050502432,4421.615050502432,1424,649,1037
4421.512860852673,4421.387860852673,4421.637860852673,779,2140,1460
4422.629674783579,4422.379674783579,4422.879674783579,832,1873,1353
4417.171885139889,4416.796885139889,4417.546885139889,1122,951,1037
4412.809963671349,4412.684963671349,4412.934963671349,906,1735,1321
4407.257931175505,4407.007931175505,4407.507931175505,879,848,864
4407.961580578178,4407.711580578178,4408.211580578178,1305,740,1023
4409.700523698159,4409.575523698159,4409.825523698159,1962,805,1384
4410.208761366445,4410.083761366445,4410.333761366445,1043,1860,1452
4405.0692153904865,4404.9442153904865,4405.1942153904865,568,1533,1051
4406.718032009353,4406.468032009353,4406.968032009353,1079,1384,1232
4404.001553802673,4403.876553802673,4404.126553802673,1342,2137,1740
4407.308072368011,4407.183072368011,4407.433072368011,2551,1142,1847
4406.009454626616,4405.634454626616,4406.384454626616,956,1265,1111
4406.4055893767845,4406.0305893767845,4406.7805893767845,1778,601,1190
4403.659361256201,4403.409361256201,4403.909361256201,923,912,918
4408.445454927633,4408.320454927633,4408.570454927633,2655,916,1786
4409.746609876169,4409.496609876169,4409.996609876169,1390,483,937
4403.605626924321,4403.480626924321,4403.730626924321,2233,1126,1680
4404.732537916317,4404.357537916317,4405.107537916317,1641,1118,1380
4407.461621426883,4407.211621426883,4407.711621426883,817,1388,1103
4407.623739961622,4407.498739961622,4407.748739961622,1449,1422,1436
4405.707033322525,4405.582033322525,4405.832033322525,862,1403,1133
4399.71000688763,4399.58500688763,4399.83500688763,2393,1006,1700
4395.1170048617805,4394.7420048617805,4395.4920048617805,1756,805,1281
4390.7839327732045,4390.6589327732045,4390.9089327732045,1055,2086,1571
4386.900243244069,4386.650243244069,4387.150243244069,1511,624,1068
4389.25655738515,4389.00655738515,4389.50655738515,1691,1470,1581
4391.627677849451,4391.502677849451,4391.752677849451,896,2129,1513
4395.619049887579,4395.494049887579,4395.744049887579,1242,1029,1136
4394.2500693761995,4394.1250693761995,4394.3750693761995,955,2542,1749
4394.973005378114,4394.848005378114,4395.098005378114,2609,1260,1935
4394.023024682602,4393.898024682602,4394.148024682602,1988,1933,1961
4393.964780245508,4393.714780245508,4394.214780245508,916,2683,1800
4393.030722374641,4392.780722374641,4393.280722374641,1294,1693,1494
4392.010086215774,4391.635086215774,4392.385086215774,1331,1174,1253
4393.719126288246,4393.594126288246,4393.844126288246,1296,2159,1728
4393.443324093444,4393.068324093444,4393.818324093444,2221,1070,1646
4396.29471946376,4396.04471946376,4396.54471946376,1452,1223,1338
4394.91145165007,4394.78645165007,4395.03645165007,547,1630,1089
4398.936170497744,4398.811170497744,4399.061170497744,1803,1700,1752
4401.784976445656,4401.534976445656,4402.034976445656,921,2700,1811
4400.254317231265,4400.004317231265,4400.504317231265,1491,1918,1705
4405.028812374119,4404.778812374119,4405.278812374119,878,1825,1352
4402.8073007971125,4402.6823007971125,4402.9323007971125,1869,2102,1986
4405.610534281211,4405.360534281211,4405.860534281211,1617,1578,1598
4406.821867656248,4406.696867656248,4406.946867656248,2190,1365,1778
4407.124282880317,4406.874282880317,4407.374282880317,792,2007,1400
4405.655318556273,4405.530318556273,4405.780318556273,811,2180,1496
4407.327915294481,4407.077915294481,4407.577915294481,1121,1790,1456
4410.363644453533,4410.238644453533,4410.488644453533,858,2195,1527
4410.680428808533,4410.555428808533,4410.805428808533,1441,2162,1802
4408.898154934642,4408.773154934642,4409.023154934642,985,2490,1738
4410.049218023445,4409.924218023445,4410.174218023445,1470,1575,1523
4408.955038052517,4408.705038052517,4409.205038052517,1097,688,893
4408.350944007507,4408.225944007507,4408.475944007507,2126,1399,1763
4406.329089623742,4406.079089623742,4406.579089623742,2114,1635,1875
4408.278898149374,4408.153898149374,4408.403898149374,1252,1479,1366
4405.747481342137,4405.622481342137,4405.872481342137,557,1204,881
4401.615969640166,4401.490969640166,4401.740969640166,1378,971,1175
4395.1412742218845,4395.0162742218845,4395.2662742218845,1276,1613,1445
4392.566768466425,4392.191768466425,4392.941768466425,1729,1626,1678
4395.063517460373,4394.938517460373,4395.188517460373,1992,765,1379
4393.971521169284,4393.846521169284,4394.096521169284,1321,1812,1567
4389.423167326467,4389.173167326467,4389.673167326467,499,1178,839
4387.563169450703,4387.438169450703,4387.688169450703,1083,680,882
4388.110474655658,4387.985474655658,4388.235474655658,1385,628,1007
4391.858200030565,4391.733200030565,4391.983200030565,715,1640,1178
4391.885436484011,4391.760436484011,4392.010436484011,2317,1240,1779
4388.157091222639,4388.032091222639,4388.282091222639,2537,1010,1774
4385.477039938893,4385.227039938893,4385.727039938893,896,2227,1562
4386.171951643424,4386.046951643424,4386.296951643424,1561,1166,1364
4386.065117002604,4385.815117002604,4386.315117002604,1466,893,1180
4386.2095840110205,4386.0845840110205,4386.3345840110205,1049,1166,1108
4386.556962660795,4386.431962660795,4386.681962660795,990,1339,1165
4389.966746960052,4389.841746960052,4390.091746960052,2416,1259,1838
4388.5324495853165,4388.4074495853165,4388.6574495853165,1805,840,1323
4391.621515099632,4391.371515099632,4391.871515099632,551,1574,1063
4396.2043819919745,4396.0793819919745,4396.3293819919745,1573,1400,1487
4392.142665251332,4392.017665251332,4392.267665251332,1736,625,1181
4391.746014686182,4391.371014686182,4392.121014686182,1385,1490,1438
4393.958614157123,4393.708614157123,4394.208614157123,742,2131,1437
4388.988851122087,4388.863851122087,4389.113851122087,1050,2493,1772
4387.69928827408,4387.57428827408,4387.82428827408,2272,1685,1979
4387.62607133024,4387.50107133024,4387.75107133024,935,680,808
4385.726485242363,4385.476485242363,4385.976485242363,1877,1036,1457
4384.276477870721,4384.026477870721,4384.526477870721,1057,1064,1061
4390.061367629493,4389.936367629493,4390.186367629493,924,1103,1014
4387.068053400042,4386.943053400042,4387.193053400042,649,1464,1057
4386.691244409515,4386.441244409515,4386.941244409515,1334,1925,1630
4386.436574021917,4386.186574021917,4386.686574021917,2164,1231,1698
4386.466432151185,4386.341432151185,4386.591432151185,969,1572,1271
4396.278030423399,4396.153030423399,4396.403030423399,1381,634,1008
4395.143157750667,4395.018157750667,4395.268157750667,1860,1797,1829
4392.927130664243,4392.802130664243,4393.052130664243,995,2252,1624
4394.026319575275,4393.651319575275,4394.401319575275,2491,1244,1868
4393.86178812624,4393.73678812624,4393.98678812624,1528,547,1038
4391.440949904467,4391.190949904467,4391.690949904467,1088,1307,1198
4388.137146157041,4388.012146157041,4388.262146157041,1215,1042,1129
4388.291085936705,4388.041085936705,4388.541085936705,1440,985,1213
4390.543549355712,4390.293549355712,4390.793549355712,1073,2344,1709
4388.865102312555,4388.615102312555,4389.115102312555,1680,1951,1816
4390.8640102793925,4390.4890102793925,4391.2390102793925,983,1208,1096
4386.997558702333,4386.872558702333,4387.122558702333,1879,824,1352
4387.584300634624,4387.209300634624,4387.959300634624,1026,745,886
4381.6819263878615,4381.3069263878615,4382.0569263878615,1108,2497,1803
4378.687725541683,4378.562725541683,4378.812725541683,736,1855,1296
4377.059226784247,4376.809226784247,4377.309226784247,1876,1241,1559
4370.562577004281,4370.437577004281,4370.687577004281,1593,1872,1733
4371.150651214799,4371.025651214799,4371.275651214799,843,1262,1053
4372.426662229665,4372.176662229665,4372.676662229665,1048,1617,1333
4369.496686191103,4369.371686191103,4369.621686191103,1010,2623,1817
4370.797259452824,4370.672259452824,4370.922259452824,778,1297,1038
4374.489269954075,4374.364269954075,4374.614269954075,1585,1092,1339
4376.739127121554,4376.364127121554,4377.114127121554,843,1590,1217
4372.267240224147,4372.017240224147,4372.517240224147,879,1016,948
4375.739364962675,4375.614364962675,4375.864364962675,1755,1314,1535
4374.962062535923,4374.837062535923,4375.087062535923,1458,2455,1957
4369.158638122472,4369.033638122472,4369.283638122472,1283,2708,1996
4363.620171879341,4363.495171879341,4363.745171879341,1277,960,1119
4366.4424347651575,4366.3174347651575,4366.5674347651575,1978,1177,1578
4367.965848904858,4367.715848904858,4368.215848904858,1412,1775,1594
4370.9487118471125,4370.8237118471125,4371.0737118471125,1963,1978,1971
4366.767358241435,4366.642358241435,4366.892358241435,1644,2137,1891
4367.134966122701,4366.884966122701,4367.384966122701,958,1557,1258
4363.37425347886,4363.12425347886,4363.62425347886,2300,1153,1727
4363.172595515521,4363.047595515521,4363.297595515521,914,891,903
4362.6124051127645,4362.4874051127645,4362.7374051127645,1364,1059,1212
4360.972918947739,4360.847918947739,4361.097918947739,1486,643,1065
4360.494262245223,4360.244262245223,4360.744262245223,1404,2175,1790
4361.837040598344,4361.712040598344,4361.962040598344,975,2408,1692
4361.171337090535,4361.046337090535,4361.296337090535,900,1901,1401
4357.960243252925,4357.585243252925,4358.335243252925,440,1189,815
4357.684597923421,4357.434597923421,4357.934597923421,640,1357,999
4360.043727514183,4359.918727514183,4360.168727514183,1967,1158,1563
4360.450805886876,4360.325805886876,4360.575805886876,983,2192,1588
4361.641477548887,4361.391477548887,4361.891477548887,1044,687,866
4362.614786261399,4362.489786261399,4362.739786261399,2194,1221,1708
4366.310171870581,4366.185171870581,4366.435171870581,1539,2194,1867
4367.682942214533,4367.557942214533,4367.807942214533,631,1514,1073
4367.214581412797,4366.964581412797,4367.464581412797,1876,1013,1445
4368.720853428298,4368.595853428298,4368.845853428298,1442,643,1043
4366.962470996618,4366.837470996618,4367.087470996618,1052,2451,1752
4367.130501577527,4366.880501577527,4367.380501577527,1539,1974,1757
4365.126293907769,4365.001293907769,4365.251293907769,1208,481,845
4361.691419960019,4361.441419960019,4361.941419960019,2212,1601,1907
4366.1517530284455,4366.0267530284455,4366.2767530284455,2005,1218,1612
4366.746644249786,4366.496644249786,4366.996644249786,1005,822,914
4370.367338230278,4370.117338230278,4370.617338230278,657,1096,877
4370.764632272293,4370.639632272293,4370.889632272293,1289,2022,1656
4371.588401261417,4371.213401261417,4371.963401261417,1759,2096,1928
4369.394192835376,4369.144192835376,4369.644192835376,1436,1691,1564
4366.680329378488,4366.430329378488,4366.930329378488,874,931,903
4364.938671644352,4364.813671644352,4365.063671644352,1752,1495,1624
4369.085559105589,4368.960559105589,4369.210559105589,989,1054,1022
4373.8748395283665,4373.7498395283665,4373.9998395283665,2368,1069,1719
4376.274733675042,4376.149733675042,4376.399733675042,760,1319,1040
4375.954249014546,4375.829249014546,4376.079249014546,2105,854,1480
4370.7162242188615,4370.3412242188615,4371.0912242188615,985,1404,1195
4365.857990646592,4365.607990646592,4366.107990646592,1711,1136,1424
4364.532811417837,4364.407811417837,4364.657811417837,1183,888,1036
4364.371015612699,4364.121015612699,4364.621015612699,1732,921,1327
4360.5606979302265,4360.4356979302265,4360.6856979302265,1401,614,1008
4356.714321274868,4356.589321274868,4356.839321274868,1387,486,937
4357.649276485602,4357.399276485602,4357.899276485602,2685,1130,1908
4359.031987655556,4358.906987655556,4359.156987655556,1450,647,1049
4359.613955365596,4359.363955365596,4359.863955365596,974,2269,1622
4362.812048736686,4362.687048736686,4362.937048736686,674,1017,846
4365.710585727312,4365.585585727312,4365.835585727312,1107,1700,1404
4363.1093162644665,4362.8593162644665,4363.3593162644665,1721,606,1164
4362.719192489674,4362.594192489674,4362.844192489674,1350,885,1118
4361.6570178108095,4361.4070178108095,4361.9070178108095,847,1466,1157
4357.812161371121,4357.687161371121,4357.937161371121,1208,2071,1640
4356.9311429749205,4356.6811429749205,4357.1811429749205,1135,734,935
4356.777159603857,4356.652159603857,4356.902159603857,1750,1295,1523
4353.298685611933,4353.173685611933,4353.423685611933,849,1652,1251
4349.306663942983,4349.056663942983,4349.556663942983,592,1157,875
4350.244032562882,4350.119032562882,4350.369032562882,1299,1580,1440
4347.251880389623,4347.001880389623,4347.501880389623,1883,1620,1752
4341.351035566855,4341.226035566855,4341.476035566855,1927,1114,1521
4343.214959925787,4342.964959925787,4343.464959925787,1555,1776,1666
4345.6957635784665,4345.4457635784665,4345.9457635784665,1561,2198,1880
4345.9981669813005,4345.7481669813005,4346.2481669813005,641,1582,1112
4344.847979669344,4344.597979669344,4345.097979669344,1846,1561,1704
4342.516012092197,4342.266012092197,4342.766012092197,1611,1286,1449
4345.030992269538,4344.905992269538,4345.155992269538,1710,1485,1598
4345.79678112484,4345.54678112484,4346.04678112484,1234,961,1098
4352.988490692248,4352.863490692248,4353.113490692248,525,1262,894
4349.850181062018,4349.725181062018,4349.975181062018,977,1884,1431
4349.762713963461,4349.512713963461,4350.012713963461,1873,954,1414
4348.331561202974,4348.206561202974,4348.456561202974,1139,1106,1123
4351.154536550732,4351.029536550732,4351.279536550732,930,1811,1371
4355.003918713402,4354.878918713402,4355.128918713402,2242,967,1605
4356.474578828899,4356.349578828899,4356.599578828899,1749,1354,1552
4355.793254320612,4355.668254320612,4355.918254320612,1140,537,839
4362.466124940739,4362.341124940739,4362.591124940739,1039,2762,1901
4355.598468175376,4355.473468175376,4355.723468175376,1364,1965,1665
4356.743397840397,4356.618397840397,4356.868397840397,1036,931,984
4362.3278155969065,4362.0778155969065,4362.5778155969065,2008,1981,1995
4362.865500358836,4362.740500358836,4362.990500358836,1125,734,930
4360.948624017944,4360.698624017944,4361.198624017944,1386,719,1053
4359.266283527474,4359.016283527474,4359.516283527474,1304,741,1023
4358.317098509422,4358.192098509422,4358.442098509422,1092,1867,1480
4364.083912549352,4363.958912549352,4364.208912549352,1287,1026,1157
4362.313477461788,4362.063477461788,4362.563477461788,664,1173,919
4362.499435454389,4362.374435454389,4362.624435454389,1059,1676,1368
4359.653318687984,4359.278318687984,4360.028318687984,1129,1896,1513
4362.7633496441495,4362.6383496441495,4362.8883496441495,2298,791,1545
4364.260658587471,4364.135658587471,4364.385658587471,672,1609,1141
4364.7025322280715,4364.5775322280715,4364.8275322280715,598,1763,1181
4365.163047778036,4365.038047778036,4365.288047778036,1501,1458,1480
4365.0401573032395,4364.7901573032395,4365.2901573032395,731,1008,870
4361.758538483573,4361.633538483573,4361.883538483573,1613,802,1208
4359.757193740483,4359.632193740483,4359.882193740483,1427,1326,1377
4362.359655500937,4362.109655500937,4362.609655500937,1119,566,843
4358.5048979135645,4358.3798979135645,4358.6298979135645,1799,648,1224
4359.25787972085,4358.88287972085,4359.63287972085,1350,2333,1842
4352.873289513942,4352.748289513942,4352.998289513942,1608,589,1099
4351.326606941483,4351.076606941483,4351.576606941483,1155,1862,1509
4352.015243891124,4351.890243891124,4352.140243891124,1544,1525,1535
4348.701386565633,4348.576386565633,4348.826386565633,643,1122,883
4350.906400351048,4350.781400351048,4351.031400351048,1629,1224,1427
4347.6743397558075,4347.2993397558075,4348.0493397558075,1385,1814,1600
4345.809732964397,4345.434732964397,4346.184732964397,1112,525,819
4347.251063723295,4347.126063723295,4347.376063723295,1930,947,1439
4343.782896230137,4343.407896230137,4344.157896230137,1102,1937,1520
4342.8904888188645,4342.7654888188645,4343.0154888188645,1324,1109,1217
4342.673203888488,4342.548203888488,4342.798203888488,1534,937,1236
4344.935655907827,4344.810655907827,4345.060655907827,1800,925,1363
4346.954575426705,4346.704575426705,4347.204575426705,1107,2534,1821
4348.268419748937,4348.143419748937,4348.393419748937,1570,2043,1807
4351.374557336171,4351.249557336171,4351.499557336171,2493,966,1730
4351.969743739242,4351.844743739242,4352.094743739242,864,2141,1503
4357.054359644545,4356.929359644545,4357.179359644545,2435,1480,1958
4362.1260326488,4361.7510326488,4362.5010326488,1170,2629,1900
4364.352702216134,4364.227702216134,4364.477702216134,894,2063,1479
4367.949968967159,4367.699968967159,4368.199968967159,1062,2883,1973
4368.737202565614,4368.612202565614,4368.862202565614,1520,1229,1375
4369.78305356728,4369.65805356728,4369.90805356728,913,1030,972
4368.00644991921,4367.63144991921,4368.38144991921,1429,484,957
4368.77212109196,4368.64712109196,4368.89712109196,1866,689,1278
4370.963154925424,4370.838154925424,4371.088154925424,691,1808,1250
4368.93474513311,4368.55974513311,4369.30974513311,753,1668,1211
4368.239123177733,4368.114123177733,4368.364123177733,864,1589,1227
4369.526430705355,4369.276430705355,4369.776430705355,662,1621,1142
4375.150183200384,4374.900183200384,4375.400183200384,1006,2049,1528
4374.209561372523,4374.084561372523,4374.334561372523,1354,1225,1290
4373.85999475055,4373.73499475055,4373.98499475055,1295,1752,1524
4380.263273356173,4380.013273356173,4380.513273356173,1241,622,932
4379.186706547495,4379.061706547495,4379.311706547495,1607,2170,1889
4378.561000824595,4378.311000824595,4378.811000824595,1638,1641,1640
4378.566313183852,4378.316313183852,4378.816313183852,919,1958,1439
4381.829259163291,4381.704259163291,4381.954259163291,713,946,830
4379.0631801505315,4378.9381801505315,4379.1881801505315,2030,1431,1731
4380.519001136894,4380.394001136894,4380.644001136894,922,1437,1180
4377.991643716808,4377.866643716808,4378.116643716808,528,1151,840
4377.01229192857,4376.88729192857,4377.13729192857,796,949,873
4378.277936374708,4378.152936374708,4378.402936374708,1438,1879,1659
4377.1433552623575,4376.8933552623575,4377.3933552623575,1648,607,1128
4378.924425518183,4378.799425518183,4379.049425518183,1130,1087,1109
4376.607020372416,4376.357020372416,4376.857020372416,1113,1302,1208
4374.54117302596,4374.29117302596,4374.79117302596,873,1320,1097
4371.653382270562,4371.528382270562,4371.778382270562,943,2124,1534
4368.5508762105355,4368.3008762105355,4368.8008762105355,2242,1063,1653
4366.836348891386,4366.711348891386,4366.961348891386,1931,1808,1870
4369.758624598857,4369.633624598857,4369.883624598857,2364,1487,1926
4371.453381061202,4371.203381061202,4371.703381061202,1019,1168,1094
4380.131209068491,4380.006209068491,4380.256209068491,2643,994,1819
4377.64844715821,4377.52344715821,4377.77344715821,1472,1005,1239
4377.960868828846,4377.710868828846,4378.210868828846,1263,1248,1256
4381.172329505231,4380.797329505231,4381.547329505231,958,1675,1317
4384.241106102861,4383.866106102861,4384.616106102861,878,1283,1081
4378.964020174444,4378.714020174444,4379.214020174444,1250,833,1042
4379.572941824713,4379.447941824713,4379.697941824713,1681,1172,1427
4385.0763827329465,4384.9513827329465,4385.2013827329465,2104,1491,1798
4384.573569453241,4384.448569453241,4384.698569453241,1019,1630,1325
4383.990456502354,4383.865456502354,4384.115456502354,1427,1162,1295
4386.264483099101,4385.889483099101,4386.639483099101,548,1591,1070
4381.789161924934,4381.664161924934,4381.914161924934,1731,582,1157
4382.224531565534,4381.974531565534,4382.474531565534,1124,731,928
4383.6880687216835,4383.4380687216835,4383.9380687216835,919,2414,1667
4386.722778093178,4386.597778093178,4386.847778093178,1116,2431,1774
4387.507080679042,4387.257080679042,4387.757080679042,1154,1331,1243
4387.738393462028,4387.613393462028,4387.863393462028,1273,1154,1214
4385.867090793677,4385.617090793677,4386.117090793677,815,1646,1231
4381.618002701754,4381.243002701754,4381.993002701754,1988,1327,1658
4379.452820306377,4379.327820306377,4379.577820306377,1565,1448,1507
4377.969714081144,4377.719714081144,4378.219714081144,2622,1123,1873
4381.718208115304,4381.593208115304,4381.843208115304,1600,1383,1492
4370.83217700263,4370.70717700263,4370.95717700263,1172,1107,1140
4373.008842886025,4372.633842886025,4373.383842886025,783,1506,1145
4375.806303597286,4375.681303597286,4375.931303597286,2201,1618,1910
4370.486492756894,4370.236492756894,4370.736492756894,713,2110,1412
4367.436255277274,4367.311255277274,4367.561255277274,1481,1152,1317
4361.976163281729,4361.726163281729,4362.226163281729,1313,1960,1637
4366.274914386587,4366.024914386587,4366.524914386587,1394,2151,1773
4371.2281709842955,4370.9781709842955,4371.4781709842955,828,973,901
4375.2517013285005,4374.8767013285005,4375.6267013285005,915,2370,1643
4378.082595198408,4377.832595198408,4378.332595198408,693,1336,1015
4375.1473563155605,4375.0223563155605,4375.2723563155605,984,617,801
4373.622495314005,4373.372495314005,4373.872495314005,1239,742,991
4377.093656427202,4376.968656427202,4377.218656427202,514,1333,924
4377.39887530649,4377.27387530649,4377.52387530649,2249,1546,1898
4375.609701461936,4375.359701461936,4375.859701461936,1181,2572,1877
4376.000870809715,4375.875870809715,4376.125870809715,896,731,814
4375.440548280795,4375.190548280795,4375.690548280795,2298,1315,1807
4376.229247015901,4376.104247015901,4376.354247015901,2605,916,1761
4374.355558473556,4374.230558473556,4374.480558473556,1100,535,818
4373.667117360607,4373.542117360607,4373.792117360607,2246,1363,1805
4373.524352896645,4373.274352896645,4373.774352896645,493,1328,911
4369.596658392841,4369.471658392841,4369.721658392841,2200,1025,1613
4366.852734027215,4366.727734027215,4366.977734027215,755,1814,1285
4365.559681560556,4365.309681560556,4365.809681560556,1482,1121,1302
4361.670837620808,4361.545837620808,4361.795837620808,879,1972,1426
4361.809351838245,4361.684351838245,4361.934351838245,1259,2474,1867
4355.338189558019,4355.088189558019,4355.588189558019,876,897,887
4357.004374499466,4356.879374499466,4357.129374499466,821,1474,1148
4359.169040935696,4359.044040935696,4359.294040935696,1330,1403,1367
4358.572584363504,4358.447584363504,4358.697584363504,1916,855,1386
4357.869111318566,4357.619111318566,4358.119111318566,2217,1240,1729
4358.263115506019,4358.138115506019,4358.388115506019,880,851,866
4359.298902476525,4359.173902476525,4359.423902476525,2408,871,1640
4359.574893130155,4359.449893130155,4359.699893130155,2776,1183,1980
4358.588640392927,4358.463640392927,4358.713640392927,1188,843,1016
4354.766925169114,4354.641925169114,4354.891925169114,482,1261,872
4359.550300837255,4359.425300837255,4359.675300837255,2333,1248,1791
4361.669502530013,4361.544502530013,4361.794502530013,1030,1365,1198
4360.770497790208,4360.520497790208,4361.020497790208,1995,1192,1594
4358.717502852968,4358.592502852968,4358.842502852968,1300,1979,1640
4356.167477121009,4356.042477121009,4356.292477121009,1362,1253,1308
4360.789133113036,4360.664133113036,4360.914133113036,453,1336,895
4361.050969415587,4360.925969415587,4361.175969415587,1554,1235,1395
4354.450736557253,4354.325736557253,4354.575736557253,871,760,816
4353.372650379173,4353.122650379173,4353.622650379173,1276,2149,1713
4359.491500433468,4359.241500433468,4359.741500433468,1291,464,878
4354.455214637967,4354.330214637967,4354.580214637967,892,2087,1490
4355.021002302356,4354.771002302356,4355.271002302356,1241,1644,1443
4356.515696780237,4356.265696780237,4356.765696780237,970,2775,1873
4360.992624069677,4360.867624069677,4361.117624069677,1922,863,1393
4361.993880832914,4361.868880832914,4362.118880832914,696,1563,1130
4355.490902943871,4355.240902943871,4355.740902943871,1556,2391,1974
4356.765378393836,4356.515378393836,4357.015378393836,1618,601,1110
4357.999157340871,4357.749157340871,4358.249157340871,1794,1535,1665
4356.509896123091,4356.134896123091,4356.884896123091,1106,1111,1109
4351.2116807609855,4351.0866807609855,4351.3366807609855,763,1642,1203
4349.930298609432,4349.680298609432,4350.180298609432,1797,780,1289
4350.343522283817,4350.218522283817,4350.468522283817,1183,558,871
4350.372867646223,4350.247867646223,4350.497867646223,2276,767,1522
4344.654955841654,4344.529955841654,4344.779955841654,1509,1562,1536
4346.19993177144,4345.94993177144,4346.44993177144,1232,1987,1610
4347.59690129228,4347.47190129228,4347.72190129228,1181,718,950
4348.651848596092,4348.526848596092,4348.776848596092,1071,1276,1174
4348.428426611286,4348.303426611286,4348.553426611286,1661,938,1300
4349.2872443307,4349.0372443307,4349.5372443307,1121,2270,1696
4347.583734008781,4347.458734008781,4347.708734008781,904,1945,1425
4346.984573855818,4346.609573855818,4347.359573855818,632,1697,1165
4348.7219199729425,4348.5969199729425,4348.8469199729425,1199,2504,1852
4340.358181435396,4340.233181435396,4340.483181435396,1240,541,891
4337.628884168155,4337.378884168155,4337.878884168155,2419,1162,1791
4335.388603670058,4335.263603670058,4335.513603670058,1991,1208,1600
4340.283084861926,4340.033084861926,4340.533084861926,1980,1483,1732
4344.085765357095,4343.835765357095,4344.335765357095,1184,1253,1219
4343.327629390337,4343.077629390337,4343.577629390337,1875,1402,1639
4351.554614489532,4351.304614489532,4351.804614489532,1159,1054,1107
4346.744136270355,4346.619136270355,4346.869136270355,1705,596,1151
4350.26627945222,4350.14127945222,4350.39127945222,842,1477,1160
4346.8753216485065,4346.6253216485065,4347.1253216485065,521,1256,889
4345.6417132459,4345.5167132459,4345.7667132459,1528,1423,1476
4344.368907310272,4344.243907310272,4344.493907310272,1375,2104,1740
4346.119675750545,4345.744675750545,4346.494675750545,2400,1137,1769
4345.51563786182,4345.39063786182,4345.64063786182,1263,2108,1686
4341.758504544191,4341.633504544191,4341.883504544191,1912,1013,1463
4339.109631718462,4338.984631718462,4339.234631718462,1386,647,1017
4336.463376204952,4336.338376204952,4336.588376204952,1083,1172,1128
4338.107051024864,4337.982051024864,4338.232051024864,775,1236,1006
4340.638855357564,4340.513855357564,4340.763855357564,1265,974,1120
4340.604754615681,4340.479754615681,4340.729754615681,1442,1605,1524
4337.726361019886,4337.601361019886,4337.851361019886,1552,1937,1745
4341.161938053601,4341.036938053601,4341.286938053601,2158,721,1440
4345.308603874503,4345.183603874503,4345.433603874503,1992,1225,1609
4347.991054298378,4347.866054298378,4348.116054298378,2043,760,1402
4348.805323192415,4348.680323192415,4348.930323192415,1394,1181,1288
4348.373778817521,4348.123778817521,4348.623778817521,1709,1516,1613
4336.857599414008,4336.607599414008,4337.107599414008,2313,1524,1919
4337.249954050323,4337.124954050323,4337.374954050323,628,1857,1243
4342.008055106385,4341.883055106385,4342.133055106385,667,1140,904
4347.227504112104,4347.102504112104,4347.352504112104,921,1822,1372
4343.520499992202,4343.395499992202,4343.645499992202,1222,1537,1380
4341.986676186007,4341.861676186007,4342.111676186007,535,1534,1035
4344.129886558686,4343.879886558686,4344.379886558686,1615,1554,1585
4340.602118504132,4340.477118504132,4340.727118504132,2282,1523,1903
4339.126104031,4339.001104031,4339.251104031,1725,1810,1768
4340.003020196621,4339.878020196621,4340.128020196621,1408,2361,1885
4347.223845723095,4346.973845723095,4347.473845723095,1367,1664,1516
4344.795721747211,4344.545721747211,4345.045721747211,1941,716,1329
4354.091431326419,4353.716431326419,4354.466431326419,1312,1103,1208
4357.64841127029,4357.52341127029,4357.77341127029,920,949,935
4355.773985012767,4355.648985012767,4355.898985012767,1152,1047,1100
4355.550284348458,4355.425284348458,4355.675284348458,1053,892,973
4349.158609886466,4349.033609886466,4349.283609886466,1639,568,1104
4354.194453932449,4353.944453932449,4354.444453932449,1515,678,1097
4357.969464809171,4357.844464809171,4358.094464809171,1745,900,1323
4364.4414418764045,4364.1914418764045,4364.6914418764045,2449,1266,1858
4358.648655660243,4358.273655660243,4359.023655660243,1430,2219,1825
4360.946046194961,4360.821046194961,4361.071046194961,1789,742,1266
4355.0667116197665,4354.9417116197665,4355.1917116197665,1463,1008,1236
4355.140249759182,4354.890249759182,4355.390249759182,2082,1717,1900
4350.596842839613,4350.346842839613,4350.846842839613,1382,929,1156
4353.642607708778,4353.392607708778,4353.892607708778,2003,962,1483
4354.18386984565,4354.05886984565,4354.30886984565,1010,2747,1879
4348.705329860495,4348.455329860495,4348.955329860495,1281,2002,1642
4347.606254693467,4347.481254693467,4347.731254693467,1621,2242,1932
4348.368095304468,4348.118095304468,4348.618095304468,1155,2138,1647
4344.279298808231,4344.154298808231,4344.404298808231,2695,1190,1943
4344.352486107367,4343.977486107367,4344.727486107367,2381,832,1607
4344.252604439129,4343.877604439129,4344.627604439129,1379,978,1179
4354.389854175317,4354.139854175317,4354.639854175317,1406,1281,1344
4362.687684210344,4362.437684210344,4362.937684210344,1420,1301,1361
4364.7789352818045,4364.5289352818045,4365.0289352818045,1252,1179,1216
4370.030217771154,4369.905217771154,4370.155217771154,1072,1077,1075
4378.865050712843,4378.740050712843,4378.990050712843,1160,2283,1722
4380.156059774751,4380.031059774751,4380.281059774751,1036,893,965
4382.301226633909,4382.176226633909,4382.426226633909,1516,2347,1932
4380.654077773821,4380.404077773821,4380.904077773821,1043,2302,1673
4381.002373294224,4380.627373294224,4381.377373294224,2060,1403,1732
4377.485268391562,4377.235268391562,4377.735268391562,1897,1350,1624
4372.169472138008,4372.044472138008,4372.294472138008,696,941,819
4378.387397415185,4378.262397415185,4378.512397415185,1908,893,1401
4382.799013382156,4382.674013382156,4382.924013382156,1297,1948,1623
4387.962439073177,4387.837439073177,4388.087439073177,1009,1286,1148
4384.044405007665,4383.919405007665,4384.169405007665,1861,1378,1620
4381.546768664849,4381.421768664849,4381.671768664849,1456,1141,1299
4374.225696283263,4373.850696283263,4374.600696283263,1206,2735,1971
4375.56714355457,4375.44214355457,4375.69214355457,1480,719,1100
4370.169129008802,4369.919129008802,4370.419129008802,1755,1654,1705
4365.450636177964,4365.325636177964,4365.575636177964,1065,2916,1991
4364.2267634007485,4364.1017634007485,4364.3517634007485,1117,2678,1898
4370.43027971817,4370.18027971817,4370.68027971817,2147,986,1567
4370.72527733063,4370.47527733063,4370.97527733063,1182,435,809
4372.473488814572,4372.348488814572,4372.598488814572,2037,1454,1746
4374.843690141964,4374.718690141964,4374.968690141964,2271,1710,1991
4373.912611117746,4373.787611117746,4374.037611117746,1932,761,1347
4382.7282519702885,4382.6032519702885,4382.8532519702885,495,1256,876
4386.52208064623,4386.39708064623,4386.64708064623,1994,1577,1786
4379.112524584221,4378.987524584221,4379.237524584221,1342,2611,1977
4384.0780037698005,4383.9530037698005,4384.2030037698005,755,1746,1251
4387.567517672396,4387.442517672396,4387.692517672396,2252,773,1513
4384.893593739593,4384.643593739593,4385.143593739593,1082,621,852
4381.7149337907995,4381.5899337907995,4381.8399337907995,1005,1038,1022
4376.173150119615,4376.048150119615,4376.298150119615,2441,1090,1766
4374.2516855191225,4374.1266855191225,4374.3766855191225,1146,1199,1173
4375.791725618781,4375.541725618781,4376.041725618781,880,1475,1178
4371.115378650702,4370.990378650702,4371.240378650702,1797,1916,1857
4366.461527353089,4366.336527353089,4366.586527353089,630,1207,919
4371.948925822436,4371.823925822436,4372.073925822436,1299,758,1029
4373.713264274891,4373.588264274891,4373.838264274891,1353,506,930
4369.997851230181,4369.747851230181,4370.247851230181,2440,1443,1942
4374.7260286781875,4374.6010286781875,4374.8510286781875,1063,1284,1174
4374.414439814736,4374.289439814736,4374.539439814736,1322,1789,1556
4382.357697460802,4382.232697460802,4382.482697460802,1388,2441,1915
4389.693082023995,4389.443082023995,4389.943082023995,986,1265,1126
4390.335587795117,4389.960587795117,4390.710587795117,2256,1637,1947
4394.762437715426,4394.512437715426,4395.012437715426,570,1127,849
4393.837644194905,4393.712644194905,4393.962644194905,2802,1181,1992
4400.35059131554,4400.22559131554,4400.47559131554,1153,990,1072
4400.918178710209,4400.668178710209,4401.168178710209,1174,471,823
4411.23754844468,4411.11254844468,4411.36254844468,1884,901,1393
4416.70068295704,4416.57568295704,4416.82568295704,1644,1765,1705
4414.567537341283,4414.442537341283,4414.692537341283,1368,1375,1372
4413.390052960478,4413.015052960478,4413.765052960478,1679,570,1125
4413.637644881944,4413.512644881944,4413.762644881944,749,948,849
4410.229044010954,4409.854044010954,4410.604044010954,1597,614,1106
4406.441825224591,4406.316825224591,4406.566825224591,1174,1129,1152
4408.277512273155,4408.152512273155,4408.402512273155,545,1402,974
4408.726815022127,4408.476815022127,4408.976815022127,1489,2132,1811
4407.016007523673,4406.891007523673,4407.141007523673,2258,1045,1652
4405.912374106687,4405.662374106687,4406.162374106687,1892,1573,1733
4401.753710096794,4401.628710096794,4401.878710096794,2007,1514,1761
4399.055484011793,4398.930484011793,4399.180484011793,1164,521,843
4397.620024057407,4397.495024057407,4397.745024057407,594,1227,911
4400.7144596645085,4400.3394596645085,4401.0894596645085,1610,707,1159
4407.780756975147,4407.655756975147,4407.905756975147,773,1754,1264
4408.84619619135,4408.72119619135,4408.97119619135,1227,1288,1258
4398.296297881605,4398.171297881605,4398.421297881605,764,2265,1515
4401.584205360427,4401.459205360427,4401.709205360427,944,785,865
4401.650566477404,4401.525566477404,4401.775566477404,849,2278,1564
4403.831746043429,4403.706746043429,4403.956746043429,1607,596,1102
4400.808897454451,4400.433897454451,4401.183897454451,1519,674,1097
4401.0439757774575,4400.9189757774575,4401.1689757774575,1050,2309,1680
4408.531643038766,4408.406643038766,4408.656643038766,493,1166,830
4408.017281187885,4407.642281187885,4408.392281187885,466,1361,914
4400.57838892154,4400.32838892154,4400.82838892154,1954,1717,1836
4405.863772458741,4405.738772458741,4405.988772458741,1538,2083,1811
4409.541097208586,4409.416097208586,4409.666097208586,1924,1851,1888
4409.522114279739,4409.272114279739,4409.772114279739,1480,1205,1343
4409.210171066886,4408.960171066886,4409.460171066886,901,976,939
4411.0591270235545,4410.9341270235545,4411.1841270235545,1203,812,1008
4415.766590301449,4415.516590301449,4416.016590301449,605,1056,831
4412.146194078698,4412.021194078698,4412.271194078698,1440,1659,1550
4418.155959562898,4418.030959562898,4418.280959562898,2408,1399,1904
4410.333190287844,4410.208190287844,4410.458190287844,441,1276,859
4407.210763395918,4406.960763395918,4407.460763395918,447,1266,857
4412.826073105201,4412.701073105201,4412.951073105201,982,1325,1154
4417.720631649183,4417.595631649183,4417.845631649183,1030,591,811
4415.3077895895585,4415.0577895895585,4415.5577895895585,1925,1238,1582
4418.101433569739,4417.976433569739,4418.226433569739,1562,829,1196
4419.895712265967,4419.645712265967,4420.145712265967,2330,963,1647
4419.00656762615,4418.88156762615,4419.13156762615,867,918,893
4419.734297504067,4419.484297504067,4419.984297504067,1949,666,1308
4417.174403590192,4417.049403590192,4417.299403590192,1313,2364,1839
4418.996978158623,4418.621978158623,4419.371978158623,825,2426,1626
4414.986411900824,4414.861411900824,4415.111411900824,2276,1231,1754
4408.423596041458,4408.048596041458,4408.798596041458,1476,1215,1346
4414.107310909934,4413.982310909934,4414.232310909934,1788,1943,1866
4416.318920100604,4416.193920100604,4416.443920100604,870,2447,1659
4414.073414410584,4413.823414410584,4414.323414410584,1071,796,934
4412.8624080167765,4412.7374080167765,4412.9874080167765,2145,1012,1579
4419.906540851965,4419.781540851965,4420.031540851965,1760,1111,1436
4422.334682859583,4422.209682859583,4422.459682859583,1509,1322,1416
4417.784320911222,4417.534320911222,4418.034320911222,865,1494,1180
4415.243024222593,4414.868024222593,4415.618024222593,1193,1318,1256
4415.2835511981375,4415.1585511981375,4415.4085511981375,1524,1419,1472
4420.739394945171,4420.614394945171,4420.864394945171,783,1808,1296
4427.89379240057,4427.76879240057,4428.01879240057,1280,2281,1781
4431.21739209491,4431.09239209491,4431.34239209491,1394,545,970
4430.8545713620515,4430.6045713620515,4431.1045713620515,1457,1930,1694
4428.584402504006,4428.459402504006,4428.709402504006,960,2677,1819
4437.519994003428,4437.394994003428,4437.644994003428,1124,835,980
4435.009865641485,4434.884865641485,4435.134865641485,1261,912,1087
4435.719790632123,4435.594790632123,4435.844790632123,1625,842,1234
4439.193636645087,4439.068636645087,4439.318636645087,1441,1090,1266
4433.423416119594,4433.298416119594,4433.548416119594,1263,1440,1352
4429.495012719239,4429.120012719239,4429.870012719239,1580,605,1093
4434.108946301289,4433.858946301289,4434.358946301289,1444,691,1068
4438.359590972336,4438.109590972336,4438.609590972336,1128,1775,1452
4446.021453164657,4445.771453164657,4446.271453164657,1301,2152,1727
4443.962280497575,4443.837280497575,4444.087280497575,1519,1846,1683
4441.396573801637,4441.271573801637,4441.521573801637,1976,1875,1926
4436.175700680551,4436.050700680551,4436.300700680551,2167,1406,1787
4431.646823366671,4431.396823366671,4431.896823366671,1162,1589,1376
4423.209662822188,4423.084662822188,4423.334662822188,704,1185,945
4415.365343731242,4415.240343731242,4415.490343731242,1074,2489,1782
4412.816997681252,4412.691997681252,4412.941997681252,779,2006,1393
4413.775205866535,4413.650205866535,4413.900205866535,907,1552,1230
4412.63014203981,4412.38014203981,4412.88014203981,1322,503,913
4419.305134113965,4419.180134113965,4419.430134113965,852,1833,1343
4418.131570925724,4417.881570925724,4418.381570925724,1501,1202,1352
4420.786346669862,4420.661346669862,4420.911346669862,852,1927,1390
4420.910321456851,4420.535321456851,4421.285321456851,2028,845,1437
4427.67387468685,4427.54887468685,4427.79887468685,1829,852,1341
4425.309324612397,4425.059324612397,4425.559324612397,1693,1386,1540
4423.83084319775,4423.45584319775,4424.20584319775,1061,1502,1282
4431.902915042194,4431.777915042194,4432.027915042194,801,2238,1520
4429.554660418859,4429.304660418859,4429.804660418859,1521,556,1039
4425.5757722429025,4425.4507722429025,4425.7007722429025,1111,2846,1979
4419.382527214195,4419.257527214195,4419.507527214195,962,1271,1117
4429.996977279904,4429.746977279904,4430.246977279904,2397,1358,1878
4434.027093989966,4433.902093989966,4434.152093989966,2637,988,1813
4428.7896942269535,4428.6646942269535,4428.9146942269535,1091,2358,1725
4418.467336975422,4418.342336975422,4418.592336975422,1100,1381,1241
4422.594293097968,4422.469293097968,4422.719293097968,1848,1093,1471
4414.10398462452,4413.85398462452,4414.35398462452,1317,2322,1820
4411.7116817843025,4411.5866817843025,4411.8366817843025,2023,1572,1798
4408.313030427368,4408.188030427368,4408.438030427368,1346,1071,1209
4407.058758708213,4406.933758708213,4407.183758708213,710,1461,1086
4401.048149202671,4400.923149202671,4401.173149202671,1711,1564,1638
4391.74682943087,4391.49682943087,4391.99682943087,1497,1370,1434
4398.229648070051,4398.104648070051,4398.354648070051,2191,1174,1683
4399.100383560165,4398.975383560165,4399.225383560165,1032,1769,1401
4406.605535281543,4406.480535281543,4406.730535281543,2633,1140,1887
4412.597859758073,4412.347859758073,4412.847859758073,1113,1352,1233
4414.769297324995,4414.644297324995,4414.894297324995,2858,1127,1993
4410.754480192151,4410.504480192151,4411.004480192151,1687,2074,1881
4421.769053752158,4421.644053752158,4421.894053752158,1177,2502,1840
4419.637171303463,4419.512171303463,4419.762171303463,774,1333,1054
4425.870596015691,4425.745596015691,4425.995596015691,704,1209,957
4420.631262424717,4420.256262424717,4421.006262424717,1659,2326,1993
4417.382545025103,4417.257545025103,4417.507545025103,1179,874,1027
4418.167145965168,4418.042145965168,4418.292145965168,1297,908,1103
4413.264240872136,4413.139240872136,4413.389240872136,2006,1483,1745
4409.358094633332,4409.233094633332,4409.483094633332,1036,1383,1210
4412.222545009072,4411.847545009072,4412.597545009072,687,1540,1114
4411.581370354896,4411.456370354896,4411.706370354896,1241,486,864
4406.778269936791,4406.403269936791,4407.153269936791,1955,1256,1606
4407.707537515133,4407.582537515133,4407.832537515133,1194,783,989
4407.480443028823,4407.230443028823,4407.730443028823,1442,917,1180
4407.318339602738,4407.193339602738,4407.443339602738,2699,1190,1945
4412.150990611551,4412.025990611551,4412.275990611551,1873,1766,1820
4413.623423241139,4413.498423241139,4413.748423241139,2153,1404,1779
4413.2713861675575,4413.1463861675575,4413.3963861675575,1207,2538,1873
4410.891129738945,4410.766129738945,4411.016129738945,1793,920,1357
4416.408124948418,4416.283124948418,4416.533124948418,1921,2056,1989
4417.8308990289615,4417.5808990289615,4418.0808990289615,1343,2022,1683
4410.3511344081235,4410.1011344081235,4410.6011344081235,1935,710,1323
4410.538964730032,4410.413964730032,4410.663964730032,707,1544,1126
4413.636804058363,4413.511804058363,4413.761804058363,2047,992,1520
4422.351401986683,4422.226401986683,4422.476401986683,1091,1510,1301
4419.922817189128,4419.797817189128,4420.047817189128,783,1046,915
4425.7601575104245,4425.3851575104245,4426.1351575104245,945,1660,1303
4416.525184528632,4416.400184528632,4416.650184528632,1971,1166,1569
4426.214008542234,4426.089008542234,4426.339008542234,2170,1743,1957
4431.01962174137,4430.89462174137,4431.14462174137,1253,2574,1914
4432.311197264553,4432.186197264553,4432.436197264553,648,951,800
4429.049088291512,4428.924088291512,4429.174088291512,1859,760,1310
4428.988883272982,4428.863883272982,4429.113883272982,1529,1804,1667
4428.028423534045,4427.778423534045,4428.278423534045,1327,1654,1491
4433.772870599775,4433.647870599775,4433.897870599775,824,2065,1445
4425.8229127421655,4425.5729127421655,4426.0729127421655,686,1915,1301
4424.746556102121,4424.621556102121,4424.871556102121,1736,1671,1704
4421.317090481275,4421.192090481275,4421.442090481275,907,1232,1070
4419.246139679549,4418.996139679549,4419.496139679549,705,934,820
4416.312334424679,4416.062334424679,4416.562334424679,1856,885,1371
4418.362434388494,4418.237434388494,4418.487434388494,1251,2364,1808
4425.176767705954,4425.051767705954,4425.301767705954,1209,530,870
4422.363827802089,4422.113827802089,4422.613827802089,1230,1591,1411
4432.115239924225,4431.990239924225,4432.240239924225,1766,1489,1628
4436.4796923615095,4436.3546923615095,4436.6046923615095,922,1113,1018
4436.364730495245,4436.114730495245,4436.614730495245,1170,2811,1991
4434.054044036717,4433.929044036717,4434.179044036717,1343,2094,1719
4425.066724276704,4424.941724276704,4425.191724276704,1514,671,1093
4421.262174115014,4421.137174115014,4421.387174115014,1008,1409,1209
4409.291932844641,4409.166932844641,4409.416932844641,1398,729,1064
4413.106017051305,4412.856017051305,4413.356017051305,2207,1400,1804
4413.270889507465,4413.145889507465,4413.395889507465,958,1495,1227
4414.930400382385,4414.805400382385,4415.055400382385,1526,1279,1403
4406.74344684056,4406.61844684056,4406.86844684056,1524,1353,1439
4406.021824282109,4405.771824282109,4406.271824282109,1219,2710,1965
4407.68921635849,4407.56421635849,4407.81421635849,1504,1451,1478
4405.697295620561,4405.572295620561,4405.822295620561,781,1552,1167
4402.684811567167,4402.559811567167,4402.809811567167,1020,2009,1515
4404.522762928181,4404.272762928181,4404.772762928181,1001,2712,1857
4397.3677147841045,4397.1177147841045,4397.6177147841045,1817,1802,1810
4388.830242536718,4388.580242536718,4389.080242536718,1378,1089,1234
4390.024670139755,4389.899670139755,4390.149670139755,502,1299,901
4385.734262462187,4385.359262462187,4386.109262462187,2198,1535,1867
4389.743980371649,4389.493980371649,4389.993980371649,1134,1535,1335
4393.166305064706,4392.916305064706,4393.416305064706,1152,1441,1297
4394.42838537065,4394.30338537065,4394.55338537065,2837,1134,1986
4392.000641854563,4391.875641854563,4392.125641854563,1381,866,1124
4384.7922456079295,4384.6672456079295,4384.9172456079295,2179,1752,1966
4382.189168518739,4381.939168518739,4382.439168518739,1086,777,932
4376.514955837995,4376.264955837995,4376.764955837995,1055,2782,1919
4365.634871780263,4365.509871780263,4365.759871780263,1486,1337,1412
4361.0880766570735,4360.9630766570735,4361.2130766570735,1501,682,1092
4362.6608698630525,4362.5358698630525,4362.7858698630525,1795,1420,1608
4362.198354035165,4362.073354035165,4362.323354035165,736,1081,909
4372.035289587555,4371.910289587555,4372.160289587555,1156,1387,1272
4383.804655407841,4383.679655407841,4383.929655407841,1423,2214,1819
4381.337808861051,4381.212808861051,4381.462808861051,870,1003,937
4382.375011875192,4382.125011875192,4382.625011875192,1248,1283,1266
4384.365925091113,4383.990925091113,4384.740925091113,1336,1611,1474
4386.272347554663,4386.022347554663,4386.522347554663,2531,1248,1890
4380.1217281918025,4379.9967281918025,4380.2467281918025,1961,1576,1769
4385.795527395835,4385.670527395835,4385.920527395835,972,2451,1712
4384.837656294077,4384.462656294077,4385.212656294077,2047,1340,1694
4378.505135447226,4378.380135447226,4378.630135447226,1307,1592,1450
4376.328730480716,4376.203730480716,4376.453730480716,1231,1594,1413
4381.386214537091,4381.261214537091,4381.511214537091,1243,1488,1366
4382.748269760259,4382.498269760259,4382.998269760259,1534,1429,1482
4385.380364449785,4385.130364449785,4385.630364449785,1075,2102,1589
4392.516657398338,4392.266657398338,4392.766657398338,1175,1430,1303
4389.520776561607,4389.270776561607,4389.770776561607,1657,1608,1633
4388.22310531461,4387.84810531461,4388.59810531461,1083,668,876
4388.2969484540745,4388.1719484540745,4388.4219484540745,1498,1231,1365
4389.2414320409935,4388.9914320409935,4389.4914320409935,1351,520,936
4393.042939186044,4392.917939186044,4393.167939186044,2740,1207,1974
4394.891559425957,4394.766559425957,4395.016559425957,1355,2102,1729
4386.072270909617,4385.947270909617,4386.197270909617,1950,1883,1917
4378.995747114508,4378.870747114508,4379.120747114508,979,1290,1135
4375.747676648264,4375.497676648264,4375.997676648264,1513,904,1209
4381.109228981112,4380.984228981112,4381.234228981112,1655,1712,1684
4382.699556957778,4382.449556957778,4382.949556957778,871,1462,1167
4382.487539369991,4382.362539369991,4382.612539369991,1353,1210,1282
4378.778839112764,4378.528839112764,4379.028839112764,2466,1457,1962
4380.547244459502,4380.297244459502,4380.797244459502,779,1804,1292
4381.756821262225,4381.631821262225,4381.881821262225,1466,2223,1845
4378.608840067683,4378.358840067683,4378.858840067683,766,1707,1237
4378.123973150737,4377.873973150737,4378.373973150737,1161,568,865
4377.91184847605,4377.66184847605,4378.16184847605,1432,2249,1841
4376.2092307676385,4376.0842307676385,4376.3342307676385,1757,2208,1983
4380.204712043128,4379.954712043128,4380.454712043128,628,1435,1032
4385.507195525966,4385.132195525966,4385.882195525966,922,1121,1022
4379.022390543045,4378.897390543045,4379.147390543045,998,1273,1136
4377.298769541929,4376.923769541929,4377.673769541929,2234,1549,1892
4387.591808831915,4387.466808831915,4387.716808831915,1272,2263,1768
4389.804067780419,4389.554067780419,4390.054067780419,1493,1080,1287
4391.192727274185,4390.817727274185,4391.567727274185,1322,587,955
4390.193037629351,4390.068037629351,4390.318037629351,1797,1358,1578
4390.227115029253,4390.102115029253,4390.352115029253,1187,2572,1880
4387.200004743096,4387.075004743096,4387.325004743096,1533,2112,1823
4393.153572973548,4393.028572973548,4393.278572973548,1082,2155,1619
4393.396040116477,4393.021040116477,4393.771040116477,850,837,844
4388.005719502847,4387.755719502847,4388.255719502847,2298,1357,1828
4393.487280289195,4393.362280289195,4393.612280289195,1544,2135,1840
4392.602669009009,4392.477669009009,4392.727669009009,710,1181,946
4385.970990204791,4385.720990204791,4386.220990204791,897,1370,1134
4379.6390224612505,4379.5140224612505,4379.7640224612505,1026,2581,1804
4383.247619106143,4382.872619106143,4383.622619106143,734,1185,960
4388.223803606711,4388.098803606711,4388.348803606711,572,1149,861
4386.877557074484,4386.502557074484,4387.252557074484,1881,898,1390
4394.69259629149,4394.44259629149,4394.94259629149,1207,1702,1455
4399.102311231665,4398.852311231665,4399.352311231665,602,1567,1085
4397.893437934144,4397.768437934144,4398.018437934144,1102,763,933
4404.113229991634,4403.988229991634,4404.238229991634,1891,1444,1668
4397.994709261659,4397.619709261659,4398.369709261659,1291,1146,1219
4403.186283808466,4402.936283808466,4403.436283808466,1402,1323,1363
4406.407965673814,4406.157965673814,4406.657965673814,1263,1832,1548
4398.634981965412,4398.509981965412,4398.759981965412,1979,1008,1494
4404.4792246411,4404.3542246411,4404.6042246411,550,1317,934
4399.711830556461,4399.461830556461,4399.961830556461,791,964,878
4409.232598298243,4408.982598298243,4409.482598298243,1021,2406,1714
4402.815642503643,4402.690642503643,4402.940642503643,721,1260,991
4406.606777827305,4406.481777827305,4406.731777827305,2171,1152,1662
4408.509962273066,4408.259962273066,4408.759962273066,710,1171,941
4421.056919473141,4420.806919473141,4421.306919473141,2063,1086,1575
4423.025382083564,4422.900382083564,4423.150382083564,746,1501,1124
4419.521895553247,4419.146895553247,4419.896895553247,1638,775,1207
4413.897592989686,4413.772592989686,4414.022592989686,1235,1254,1245
4417.190130091907,4416.815130091907,4417.565130091907,1186,455,821
4409.022652030512,4408.772652030512,4409.272652030512,773,1556,1165
4408.547683830695,4408.422683830695,4408.672683830695,773,1388,1081
4406.499581553468,4406.374581553468,4406.624581553468,805,2384,1595
4406.28017102932,4406.03017102932,4406.53017102932,1002,2399,1701
4406.523499019202,4406.398499019202,4406.648499019202,927,914,921
4407.412117383408,4407.162117383408,4407.662117383408,1316,1653,1485
4407.531525322114,4407.281525322114,4407.781525322114,1150,723,937
4406.3307136234625,4405.9557136234625,4406.7057136234625,823,1638,1231
4402.302528116771,4402.177528116771,4402.427528116771,1146,1233,1190
4408.964646198434,4408.839646198434,4409.089646198434,1704,2105,1905
4402.751923136447,4402.626923136447,4402.876923136447,1434,2559,1997
4398.310640300245,4398.185640300245,4398.435640300245,1167,978,1073
4397.713772906493,4397.588772906493,4397.838772906493,1176,2483,1830
4403.004997901731,4402.879997901731,4403.129997901731,1339,1506,1423
4401.414839162586,4401.164839162586,4401.664839162586,2199,1590,1895
4402.4009951396265,4402.0259951396265,4402.7759951396265,1840,919,1380
4404.889066627238,4404.639066627238,4405.139066627238,951,2216,1584
4402.799117178198,4402.424117178198,4403.174117178198,2089,1060,1575
4401.0010358444715,4400.8760358444715,4401.1260358444715,932,769,851
4403.016839860906,4402.766839860906,4403.266839860906,752,1327,1040
4399.56819673884,4399.44319673884,4399.69319673884,2353,1502,1928
4400.86050567921,4400.61050567921,4401.11050567921,1642,1291,1467
4404.928632172025,4404.803632172025,4405.053632172025,1768,889,1329
4406.511031203198,4406.386031203198,4406.636031203198,595,1496,1046
4412.889621658344,4412.639621658344,4413.139621658344,1839,850,1345
4415.388460037947,4415.263460037947,4415.513460037947,2065,736,1401
4420.770539782181,4420.645539782181,4420.895539782181,2429,1244,1837
4427.142987415173,4427.017987415173,4427.267987415173,1286,495,891
4439.913336472965,4439.788336472965,4440.038336472965,1426,765,1096
4444.872480235392,4444.622480235392,4445.122480235392,1249,904,1077
4437.509759701102,4437.384759701102,4437.634759701102,1980,1603,1792
4442.275550467115,4442.150550467115,4442.400550467115,1890,825,1358
4449.975250024663,4449.850250024663,4450.100250024663,1884,1721,1803
4451.398435299241,4451.273435299241,4451.523435299241,1022,1291,1157
4455.338891364214,4455.213891364214,4455.463891364214,1813,968,1391
4467.299213959492,4466.924213959492,4467.674213959492,2753,1066,1910
4463.174137504831,4463.049137504831,4463.299137504831,553,1242,898
4459.906816740937,4459.781816740937,4460.031816740937,961,2298,1630
4461.378742464594,4461.003742464594,4461.753742464594,1204,835,1020
4455.147674320292,4454.772674320292,4455.522674320292,577,1244,911
4455.272402476389,4455.147402476389,4455.397402476389,2045,1404,1725
4460.320937401153,4460.195937401153,4460.445937401153,1442,2237,1840
4457.5189513774485,4457.1439513774485,4457.8939513774485,2270,1497,1884
4456.043848169125,4455.918848169125,4456.168848169125,1541,1364,1453
4456.131647134608,4456.006647134608,4456.256647134608,1327,2392,1860
4454.627558966749,4454.502558966749,4454.752558966749,1580,1651,1616
4459.322179729328,4459.197179729328,4459.447179729328,830,1657,1244
4463.844722635026,4463.719722635026,4463.969722635026,1427,1596,1512
4464.011342666115,4463.761342666115,4464.261342666115,1886,669,1278
4457.923006057488,4457.798006057488,4458.048006057488,1799,1858,1829
4454.058475811199,4453.683475811199,4454.433475811199,839,1740,1290
4457.851167448369,4457.726167448369,4457.976167448369,2138,1109,1624
4456.414452538826,4456.039452538826,4456.789452538826,1539,2058,1799
4457.992742527126,4457.617742527126,4458.367742527126,2459,1350,1905
4466.884103544023,4466.759103544023,4467.009103544023,2656,1085,1871
4463.845920944127,4463.720920944127,4463.970920944127,1875,1590,1733
4453.690321812846,4453.440321812846,4453.940321812846,1129,2356,1743
4451.628913759274,4451.253913759274,4452.003913759274,746,1065,906
4450.151784471704,4450.026784471704,4450.276784471704,1122,1057,1090
4448.3042220207735,4448.1792220207735,4448.4292220207735,2340,1101,1721
4448.801741352356,4448.551741352356,4449.051741352356,908,2459,1684
4444.0870821653025,4443.8370821653025,4444.3370821653025,2346,987,1667
4440.8929858210095,4440.7679858210095,4441.0179858210095,1515,708,1112
4437.564492687988,4437.439492687988,4437.689492687988,991,808,900
4439.128434252998,4439.003434252998,4439.253434252998,2800,1053,1927
4434.544008340471,4434.419008340471,4434.669008340471,1608,801,1205
4435.769092090868,4435.644092090868,4435.894092090868,1098,2739,1919
4432.418245955433,4432.293245955433,4432.543245955433,1052,2663,1858
4427.1190962416595,4426.8690962416595,4427.3690962416595,1372,1597,1485
4423.238941700989,4423.113941700989,4423.363941700989,1173,544,859
4420.355687113371,4420.105687113371,4420.605687113371,1135,618,877
4412.367748404284,4412.242748404284,4412.492748404284,1138,1807,1473
4414.998347533712,4414.748347533712,4415.248347533712,582,1521,1052
4412.080700692259,4411.830700692259,4412.330700692259,1155,2262,1709
4415.200261487091,4415.075261487091,4415.325261487091,855,1832,1344
4414.017149153523,4413.892149153523,4414.142149153523,1359,476,918
4414.413202559806,4414.163202559806,4414.663202559806,875,1836,1356
4417.969582274281,4417.719582274281,4418.219582274281,790,1529,1160
4415.657109959192,4415.532109959192,4415.782109959192,1028,1131,1080
4421.155271194578,4420.780271194578,4421.530271194578,848,797,823
4422.246658523431,4422.121658523431,4422.371658523431,2038,959,1499
4421.236213610987,4420.861213610987,4421.611213610987,2108,1401,1755
4423.1563875726115,4423.0313875726115,4423.2813875726115,1802,1109,1456
4422.160554594443,4421.910554594443,4422.410554594443,886,1469,1178
4415.861953209144,4415.736953209144,4415.986953209144,2087,1640,1864
4417.281773321289,4417.156773321289,4417.406773321289,1203,1932,1568
4422.508093205366,4422.258093205366,4422.758093205366,2117,930,1524
4424.987559042037,4424.612559042037,4425.362559042037,1517,2360,1939
4431.138878189431,4430.888878189431,4431.388878189431,965,1094,1030
4430.2960549645595,4429.9210549645595,4430.6710549645595,1656,1911,1784
4429.380459046557,4429.130459046557,4429.630459046557,740,1041,891
4424.377738548649,4424.127738548649,4424.627738548649,1013,808,911
4424.1519086471835,4424.0269086471835,4424.2769086471835,712,1101,907
4413.8782430956035,4413.7532430956035,4414.0032430956035,2178,737,1458
4411.820111992851,4411.570111992851,4412.070111992851,2118,791,1455
4406.11018910404,4405.98518910404,4406.23518910404,1028,697,863
4412.3574523301995,4412.2324523301995,4412.4824523301995,1479,1462,1471
4416.5104230810875,4416.2604230810875,4416.7604230810875,739,1604,1172
4422.296592977114,4421.921592977114,4422.671592977114,973,1662,1318
4417.769847410707,4417.519847410707,4418.019847410707,1939,1786,1863
4414.415571132617,4414.165571132617,4414.665571132617,1174,2165,1670
4417.7325318608,4417.6075318608,4417.8575318608,1489,552,1021
4416.465205031979,4416.340205031979,4416.590205031979,2209,1274,1742
4417.859095699092,4417.734095699092,4417.984095699092,2517,1220,1869
4417.432280459223,4417.182280459223,4417.682280459223,701,1362,1032
4418.517687351908,4418.267687351908,4418.767687351908,1535,2346,1941
4420.012955548317,4419.762955548317,4420.262955548317,1881,1482,1682
4421.15288120543,4420.90288120543,4421.40288120543,1030,951,991
4418.273173564237,4418.148173564237,4418.398173564237,1745,1816,1781
4420.596191350288,4420.471191350288,4420.721191350288,1306,2219,1763
4414.284629291651,4414.034629291651,4414.534629291651,1177,2098,1638
4408.142229074372,4408.017229074372,4408.267229074372,994,619,807
4403.374551478643,4403.124551478643,4403.624551478643,2247,1380,1814
4407.753764850385,4407.628764850385,4407.878764850385,1354,1445,1400
4409.078035222098,4408.828035222098,4409.328035222098,1889,1218,1554
4404.6081536375705,4404.4831536375705,4404.7331536375705,1743,828,1286
4409.634271774199,4409.509271774199,4409.759271774199,1470,773,1122
4410.733154737636,4410.608154737636,4410.858154737636,522,1137,830
4403.6744831547,4403.2994831547,4404.0494831547,1004,765,885
4401.547984631116,4401.422984631116,4401.672984631116,1422,1673,1548
4404.373685972557,4404.248685972557,4404.498685972557,1131,580,856
4402.785751285712,4402.410751285712,4403.160751285712,1376,1821,1599
4401.405447387493,4401.280447387493,4401.530447387493,2043,898,1471
4405.7471150861875,4405.6221150861875,4405.8721150861875,1578,873,1226
4415.392697309887,4415.142697309887,4415.642697309887,682,1397,1040
4412.085828388234,4411.960828388234,4412.210828388234,1490,791,1141
4412.974672475642,4412.724672475642,4413.224672475642,894,1355,1125
4405.202972048076,4405.077972048076,4405.327972048076,751,1636,1194
4395.909343522421,4395.784343522421,4396.034343522421,1266,1505,1386
4397.335647468202,4397.085647468202,4397.585647468202,590,1467,1029
4392.399560571907,4392.274560571907,4392.524560571907,689,1678,1184
4387.499497040082,4387.374497040082,4387.624497040082,1795,766,1281
4384.930437698407,4384.805437698407,4385.055437698407,954,971,963
4384.1404493481405,4384.0154493481405,4384.2654493481405,823,1566,1195
4381.238638776548,4380.988638776548,4381.488638776548,1350,679,1015
4389.807855380993,4389.682855380993,4389.932855380993,1141,1660,1401
4399.331943919522,4399.206943919522,4399.456943919522,2398,841,1620
4395.937060520254,4395.812060520254,4396.062060520254,1014,2157,1586
4404.329875742866,4404.204875742866,4404.454875742866,847,2162,1505
4402.610958603844,4402.485958603844,4402.735958603844,495,1406,951
4405.665692304406,4405.540692304406,4405.790692304406,945,2186,1566
4406.729082318268,4406.604082318268,4406.854082318268,1064,2505,1785
4406.868621867467,4406.618621867467,4407.118621867467,1377,1202,1290
4409.660253519435,4409.535253519435,4409.785253519435,2100,1145,1623
4404.523047260607,4404.273047260607,4404.773047260607,1938,849,1394
4408.778728517353,4408.403728517353,4409.153728517353,1876,1975,1926
4406.33179685924,4406.20679685924,4406.45679685924,1442,839,1141
4405.613479994294,4405.363479994294,4405.863479994294,1821,1532,1677
4404.114243152011,4403.864243152011,4404.364243152011,1810,2161,1986
4408.663583455927,4408.413583455927,4408.913583455927,1870,1097,1484
4408.314602758168,4408.189602758168,4408.439602758168,871,2038,1455
4399.439829227413,4399.064829227413,4399.814829227413,1410,719,1065
4398.376071918746,4398.126071918746,4398.626071918746,1821,610,1216
4400.586939651618,4400.461939651618,4400.711939651618,954,985,970
4399.180574302198,4399.055574302198,4399.305574302198,713,1836,1275
4396.050000661867,4395.925000661867,4396.175000661867,1792,2197,1995
4396.350523235149,4396.225523235149,4396.475523235149,704,1657,1181
4403.785147734276,4403.535147734276,4404.035147734276,1288,841,1065
4399.258031724941,4399.133031724941,4399.383031724941,1707,1796,1752
4398.570169657438,4398.320169657438,4398.820169657438,929,914,922
4403.844446797574,4403.719446797574,4403.969446797574,1508,737,1123
4401.683179947702,4401.558179947702,4401.808179947702,2061,1090,1576
4400.774202611469,4400.524202611469,4401.024202611469,1886,1119,1503
4408.324247471796,4408.199247471796,4408.449247471796,1140,795,968
4406.13260464324,4406.00760464324,4406.25760464324,978,2199,1589
4407.593423153895,4407.468423153895,4407.718423153895,1338,1181,1260
4406.9953947604745,4406.8703947604745,4407.1203947604745,931,1360,1146
4412.324352714023,4412.199352714023,4412.449352714023,1372,487,930
4412.3189071414545,4412.1939071414545,4412.4439071414545,1435,522,979
4413.738656596808,4413.488656596808,4413.988656596808,2325,1670,1998
4408.300541224593,4407.925541224593,4408.675541224593,2026,1397,1712
4407.118914961436,4406.993914961436,4407.243914961436,1214,621,918
4410.520553638176,4410.395553638176,4410.645553638176,2855,1022,1939
4409.55420724601,4409.30420724601,4409.80420724601,1263,2304,1784
4398.853890595423,4398.603890595423,4399.103890595423,1414,1061,1238
4403.020501386677,4402.645501386677,4403.395501386677,1161,1800,1481
4404.783255433619,4404.658255433619,4404.908255433619,855,1652,1254
4412.443612531551,4412.318612531551,4412.568612531551,887,2528,1708
4407.007230490661,4406.757230490661,4407.257230490661,2292,1419,1856
4403.500768908754,4403.375768908754,4403.625768908754,1961,1516,1739
4397.876511867748,4397.751511867748,4398.001511867748,994,1351,1173
4399.528148430777,4399.403148430777,4399.653148430777,1558,1923,1741
4396.744421893536,4396.619421893536,4396.869421893536,1400,953,1177
4403.4078512328,4403.1578512328,4403.6578512328,2084,1407,1746
4403.699156987927,4403.574156987927,4403.824156987927,1312,2639,1976
4404.387762456819,4404.262762456819,4404.512762456819,531,1390,961
4401.303408591208,4401.178408591208,4401.428408591208,1366,953,1160
4399.85586177661,4399.60586177661,4400.10586177661,1197,510,854
4400.1842389286885,4400.0592389286885,4400.3092389286885,1416,1281,1349
4396.473218485236,4396.348218485236,4396.598218485236,1895,676,1286
4392.251025878765,4392.126025878765,4392.376025878765,1041,2190,1616
4394.5526590708505,4394.3026590708505,4394.8026590708505,1437,1282,1360
4393.421020090725,4393.296020090725,4393.546020090725,1407,2042,1725
4393.256198471767,4393.131198471767,4393.381198471767,875,2420,1648
4398.495708436016,4398.370708436016,4398.620708436016,2016,1017,1517
4393.046250618444,4392.796250618444,4393.296250618444,1419,1294,1357
4386.635457535795,4386.510457535795,4386.760457535795,692,1855,1274
4392.873799360131,4392.748799360131,4392.998799360131,1984,1695,1840
4397.463190603227,4397.213190603227,4397.713190603227,1473,1234,1354
4400.501103141416,4400.376103141416,4400.626103141416,1476,851,1164
4399.279070932893,4398.904070932893,4399.654070932893,2138,1345,1742
4401.972823379396,4401.847823379396,4402.097823379396,2017,802,1410
4397.058568987478,4396.933568987478,4397.183568987478,740,1877,1309
4396.996172711884,4396.871172711884,4397.121172711884,1563,852,1208
4392.569725596009,4392.319725596009,4392.819725596009,976,637,807
4390.987022835301,4390.862022835301,4391.112022835301,1720,1175,1448
4385.764207984427,4385.514207984427,4386.014207984427,1065,1306,1186
4387.708425496692,4387.583425496692,4387.833425496692,1476,1697,1587
4393.940305308698,4393.690305308698,4394.190305308698,840,2037,1439
4397.275110101962,4397.150110101962,4397.400110101962,1840,1981,1911
4409.477819970369,4409.352819970369,4409.602819970369,710,1503,1107
4401.725277440475,4401.350277440475,4402.100277440475,710,1917,1314
4398.1120956205095,4397.9870956205095,4398.2370956205095,654,1417,1036
4402.369248398217,4402.119248398217,4402.619248398217,1609,1002,1306
4405.389719133612,4405.264719133612,4405.514719133612,1220,475,848
4411.739611912505,4411.614611912505,4411.864611912505,467,1204,836
4424.588394898564,4424.463394898564,4424.713394898564,1998,1153,1576
4426.19319882397,4426.06819882397,4426.31819882397,929,930,930
4423.924469382415,4423.674469382415,4424.174469382415,1239,2158,1699
4420.872486681046,4420.497486681046,4421.247486681046,1030,765,898
4421.928469111917,4421.678469111917,4422.178469111917,2396,947,1672
4425.446106115996,4425.321106115996,4425.571106115996,2139,938,1539
4428.059749013625,4427.934749013625,4428.184749013625,2768,1223,1996
4430.501117748252,4430.251117748252,4430.751117748252,1112,2797,1955
4440.544440859869,4440.419440859869,4440.669440859869,2007,1562,1785
4446.938287028448,4446.688287028448,4447.188287028448,605,1362,984
4447.319899665311,4447.194899665311,4447.444899665311,1105,2830,1968
4437.824441616092,4437.699441616092,4437.949441616092,1048,1817,1433
4443.797288415595,4443.672288415595,4443.922288415595,2301,1364,1833
4445.982022655175,4445.857022655175,4446.107022655175,1367,754,1061
4446.282620980767,4446.032620980767,4446.532620980767,674,1647,1161
4446.540115764622,4446.415115764622,4446.665115764622,1641,552,1097
4443.061941657967,4442.936941657967,4443.186941657967,710,1117,914
4443.908881254695,4443.658881254695,4444.158881254695,600,1649,1125
4454.233230414974,4454.108230414974,4454.358230414974,2018,993,1506
4456.83107080204,4456.58107080204,4457.08107080204,665,1228,947
4454.231108052388,4453.981108052388,4454.481108052388,1308,1529,1419
4447.139123853923,4447.014123853923,4447.264123853923,1193,1068,1131
4450.8702514491715,4450.6202514491715,4451.1202514491715,1350,1655,1503
4440.311615994776,4440.061615994776,4440.561615994776,1187,920,1054
4440.397172948784,4440.272172948784,4440.522172948784,1773,660,1217
4441.989800430134,4441.614800430134,4442.364800430134,748,1143,946
4442.271770811689,4442.146770811689,4442.396770811689,1754,1867,1811
4440.77131413743,4440.52131413743,4441.02131413743,1571,1552,1562
4441.351666145438,4441.226666145438,4441.476666145438,877,2064,1471
4440.174108920567,4440.049108920567,4440.299108920567,1920,1275,1598
4437.64310260795,4437.39310260795,4437.89310260795,2145,1276,1711
4437.380012313036,4437.255012313036,4437.505012313036,1319,950,1135
4436.055038201308,4435.805038201308,4436.305038201308,1310,1669,1490
4437.56903232922,4437.44403232922,4437.69403232922,1126,2103,1615
4436.218792344351,4436.093792344351,4436.343792344351,1361,1192,1277
4436.995716235508,4436.745716235508,4437.245716235508,647,1190,919
4436.731268174377,4436.481268174377,4436.981268174377,1493,838,1166
4435.119629031548,4434.994629031548,4435.244629031548,749,1362,1056
4434.441295833373,4434.316295833373,4434.566295833373,1774,669,1222
4437.448281414983,4437.323281414983,4437.573281414983,1861,740,1301
4435.819518620353,4435.569518620353,4436.069518620353,2293,1160,1727
4435.083190840104,4434.958190840104,4435.208190840104,1493,1432,1463
4434.500262102965,4434.250262102965,4434.750262102965,1451,854,1153
4433.009572855047,4432.884572855047,4433.134572855047,1243,1750,1497
4433.748157985045,4433.498157985045,4433.998157985045,995,1542,1269
4434.837778774556,4434.712778774556,4434.962778774556,1950,1123,1537
4435.323340984874,4435.198340984874,4435.448340984874,1027,2016,1522
4436.515884603511,4436.140884603511,4436.890884603511,1410,661,1036
4436.816102627193,4436.566102627193,4437.066102627193,2140,727,1434
4435.2731261290855,4435.1481261290855,4435.3981261290855,2319,1458,1889
4436.287380473087,4436.162380473087,4436.412380473087,1223,2138,1681
4435.33416825908,4435.20916825908,4435.45916825908,1907,1506,1707
4434.6075252850815,4434.2325252850815,4434.9825252850815,1595,1618,1607
4435.949190922071,4435.699190922071,4436.199190922071,1269,1912,1591
4435.70895733477,4435.58395733477,4435.83395733477,1456,1581,1519
4434.818284319723,4434.693284319723,4434.943284319723,2455,1406,1931
4431.349958145889,4431.224958145889,4431.474958145889,1713,626,1170
4428.565891055129,4428.315891055129,4428.815891055129,844,789,817
4427.1996637214015,4426.9496637214015,4427.4496637214015,2056,785,1421
4427.784314569448,4427.659314569448,4427.909314569448,2107,1180,1644
4428.069846610954,4427.944846610954,4428.194846610954,925,1348,1137
4427.59765855959,4427.47265855959,4427.72265855959,822,1227,1025
4426.584563325581,4426.459563325581,4426.709563325581,1881,718,1300
4427.285251363598,4427.160251363598,4427.410251363598,518,1119,819
4427.66813001466,4427.54313001466,4427.79313001466,1194,2339,1767
4427.093593555233,4426.968593555233,4427.218593555233,1597,1278,1438
4425.45416581096,4425.32916581096,4425.57916581096,2493,1240,1867
4425.042956480324,4424.792956480324,4425.292956480324,2060,1647,1854
4424.598817606965,4424.348817606965,4424.848817606965,1184,2807,1996
4422.33700939141,4422.21200939141,4422.46200939141,587,1176,882
4420.878222398481,4420.753222398481,4421.003222398481,2549,1404,1977
4419.643910296079,4419.393910296079,4419.893910296079,2089,1060,1575
4418.555401701226,4418.180401701226,4418.930401701226,767,1826,1297
4418.3953736755975,4418.1453736755975,4418.6453736755975,813,2020,1417
4418.678767603759,4418.303767603759,4419.053767603759,1075,1758,1417
4419.6905109735335,4419.5655109735335,4419.8155109735335,2170,1031,1601
4417.954074865422,4417.704074865422,4418.204074865422,486,1185,836
4416.985858956166,4416.860858956166,4417.110858956166,1130,477,804
4415.574411413866,4415.449411413866,4415.699411413866,2082,945,1514
4418.5194289793335,4418.1444289793335,4418.8944289793335,1172,1903,1538
4418.224793326987,4418.099793326987,4418.349793326987,2661,908,1785
4417.161195202607,4417.036195202607,4417.286195202607,842,1461,1152
4417.396259736674,4417.271259736674,4417.521259736674,643,980,812
4418.085156684267,4417.960156684267,4418.210156684267,1777,1782,1780
4418.912893096152,4418.662893096152,4419.162893096152,1178,1413,1296
4419.833036095439,4419.583036095439,4420.083036095439,1230,1715,1473
4417.917521556484,4417.792521556484,4418.042521556484,1086,635,861
4418.996252142758,4418.621252142758,4419.371252142758,1267,2234,1751
4422.973860319699,4422.848860319699,4423.098860319699,1120,633,877
4422.466190881739,4422.341190881739,4422.591190881739,2063,1612,1838
4422.190483228482,4422.065483228482,4422.315483228482,1445,2420,1933
4421.339640942643,4421.214640942643,4421.464640942643,794,1193,994
4421.317109387613,4421.192109387613,4421.442109387613,2284,1707,1996
4422.885972285224,4422.760972285224,4423.010972285224,1031,1186,1109
4424.510045226142,4424.385045226142,4424.635045226142,986,2705,1846
4426.123106298332,4425.998106298332,4426.248106298332,993,1250,1122
4427.859678422165,4427.609678422165,4428.109678422165,1163,1324,1244
4425.523838712612,4425.398838712612,4425.648838712612,1798,1121,1460
4426.755350606941,4426.630350606941,4426.880350606941,752,2019,1386
4427.804700669382,4427.554700669382,4428.054700669382,1305,702,1004
4428.33502543882,4428.21002543882,4428.46002543882,1086,1979,1533
4425.805871621395,4425.680871621395,4425.930871621395,2234,823,1529
4424.974491196514,4424.724491196514,4425.224491196514,1053,884,969
4422.72212008595,4422.59712008595,4422.84712008595,1380,631,1006
4421.484049198696,4421.359049198696,4421.609049198696,626,1071,849
4419.289770386933,4419.039770386933,4419.539770386933,1041,2030,1536
4419.548631762348,4419.423631762348,4419.673631762348,480,1259,870
4419.8166645177025,4419.6916645177025,4419.9416645177025,1228,2301,1765
4419.913084984461,4419.788084984461,4420.038084984461,998,913,956
4420.541581125683,4420.291581125683,4420.791581125683,2515,1300,1908
4422.267279088383,4422.142279088383,4422.392279088383,1907,1818,1863
4421.536575837445,4421.286575837445,4421.786575837445,852,777,815
4419.740496177743,4419.490496177743,4419.990496177743,1041,1330,1186
4418.431911492972,4418.306911492972,4418.556911492972,2752,983,1868
4418.073817125928,4417.948817125928,4418.198817125928,1667,2184,1926
4419.925268583972,4419.675268583972,4420.175268583972,1383,936,1160
4421.310263523772,4421.185263523772,4421.435263523772,661,1524,1093
4423.284423219213,4423.159423219213,4423.409423219213,1750,1403,1577
4423.571224900985,4423.446224900985,4423.696224900985,820,1933,1377
4423.497711641256,4423.372711641256,4423.622711641256,1030,2067,1549
4424.894658985198,4424.769658985198,4425.019658985198,1155,1704,1430
4425.873524485819,4425.623524485819,4426.123524485819,1279,2548,1914
4427.08119243363,4426.83119243363,4427.33119243363,1469,984,1227
4424.405406099179,4424.280406099179,4424.530406099179,1056,1339,1198
4425.449321743228,4425.324321743228,4425.574321743228,1524,961,1243
4424.914603938611,4424.789603938611,4425.039603938611,1172,1347,1260
4423.863832302701,4423.488832302701,4424.238832302701,1236,2361,1799
4422.945728106676,4422.820728106676,4423.070728106676,1430,725,1078
4424.2802868135595,4423.9052868135595,4424.6552868135595,1160,1061,1111
4425.193708232668,4424.943708232668,4425.443708232668,2540,881,1711
4426.510670499446,4426.385670499446,4426.635670499446,912,1119,1016
4427.10079573515,4426.85079573515,4427.35079573515,1029,2394,1712
4427.70741085445,4427.45741085445,4427.95741085445,1058,1381,1220
4427.195107552829,4426.945107552829,4427.445107552829,1014,1607,1311
4425.772066963422,4425.522066963422,4426.022066963422,1922,987,1455
4429.390958473828,4429.265958473828,4429.515958473828,1587,734,1161
4429.994624500041,4429.744624500041,4430.244624500041,1428,977,1203
4427.733478328586,4427.608478328586,4427.858478328586,1849,2022,1936
4428.028032680201,4427.653032680201,4428.403032680201,968,1593,1281
4428.047201533351,4427.922201533351,4428.172201533351,1486,2351,1919
4426.932040581603,4426.807040581603,4427.057040581603,1031,1878,1455
4425.002092644966,4424.877092644966,4425.127092644966,857,1108,983
4427.148258660406,4426.898258660406,4427.398258660406,978,1165,1072
4427.999120126264,4427.749120126264,4428.249120126264,551,1230,891
4428.190131266216,4428.065131266216,4428.315131266216,1245,2374,1810
4426.238382067257,4426.113382067257,4426.363382067257,2014,1981,1998
4424.886753066976,4424.636753066976,4425.136753066976,1720,807,1264
4423.495409531496,4423.120409531496,4423.870409531496,2117,1120,1619
4423.7559649516115,4423.6309649516115,4423.8809649516115,1019,1872,1446
4423.9917208549205,4423.6167208549205,4424.3667208549205,1249,972,1111
4421.909689629767,4421.784689629767,4422.034689629767,1638,1837,1738
4421.193712735508,4421.068712735508,4421.318712735508,2251,1182,1717
4422.4426837298115,4422.3176837298115,4422.5676837298115,1085,1252,1169
4421.9658341009335,4421.8408341009335,4422.0908341009335,862,2487,1675
4421.182039524338,4421.057039524338,4421.307039524338,949,854,902
4420.646357462673,4420.396357462673,4420.896357462673,1126,1831,1479
4418.233902969896,4417.983902969896,4418.483902969896,1172,973,1073
4414.215429059504,4413.840429059504,4414.590429059504,1301,506,904
4416.014778841253,4415.764778841253,4416.264778841253,1625,1326,1476
4416.452605339583,4416.327605339583,4416.577605339583,2472,929,1701
4415.9019555033865,4415.7769555033865,4416.0269555033865,1124,2671,1898
4414.4036044927225,4414.1536044927225,4414.6536044927225,668,1883,1276
4415.659668219275,4415.534668219275,4415.784668219275,909,754,832
4414.626586652844,4414.501586652844,4414.751586652844,929,2494,1712
4416.315538144045,4416.190538144045,4416.440538144045,739,952,846
4416.809347173749,4416.434347173749,4417.184347173749,2011,1490,1751
4413.647655686059,4413.397655686059,4413.897655686059,997,724,861
4414.71358158694,4414.33858158694,4415.08858158694,806,1457,1132
4414.758033415411,4414.383033415411,4415.133033415411,775,1724,1250
4413.77364676111,4413.64864676111,4413.89864676111,1171,1096,1134
4413.900940418728,4413.775940418728,4414.025940418728,713,1288,1001
4414.178541906588,4414.053541906588,4414.303541906588,894,1033,964
4415.217941721473,4415.092941721473,4415.342941721473,929,2314,1622
4414.713977125665,4414.463977125665,4414.963977125665,1334,1469,1402
4413.417303214447,4413.167303214447,4413.667303214447,1550,1805,1678
4414.068660178718,4413.818660178718,4414.318660178718,1296,2479,1888
4413.352056811687,4413.227056811687,4413.477056811687,2583,1376,1980
4413.962411088349,4413.712411088349,4414.212411088349,1320,915,1118
4414.584643585953,4414.459643585953,4414.709643585953,1698,2003,1851
4414.615054618351,4414.240054618351,4414.990054618351,576,1413,995
4413.573426780928,4413.448426780928,4413.698426780928,2273,1034,1654
4412.972668469592,4412.847668469592,4413.097668469592,2080,1767,1924
4413.076123301466,4412.826123301466,4413.326123301466,1336,2637,1987
4411.178730164889,4411.053730164889,4411.303730164889,1162,683,923
4411.1796242185865,4411.0546242185865,4411.3046242185865,1671,1604,1638
4411.874181420431,4411.749181420431,4411.999181420431,2060,1079,1570
4411.528462566099,4411.403462566099,4411.653462566099,1105,2840,1973
4412.346025511125,4412.096025511125,4412.596025511125,2187,1530,1859
4413.602910540629,4413.352910540629,4413.852910540629,1535,1422,1479
4413.401820374423,4413.276820374423,4413.526820374423,874,1101,988
4417.367446008926,4417.242446008926,4417.492446008926,2063,734,1399
4417.72092579361,4417.34592579361,4418.09592579361,1010,1371,1191
4418.444208758555,4418.319208758555,4418.569208758555,1894,851,1373
4421.178666150997,4421.053666150997,4421.303666150997,505,1168,837
4421.26489839457,4421.13989839457,4421.38989839457,1145,860,1003
4420.259336420189,4420.134336420189,4420.384336420189,1739,1714,1727
4418.814290048805,4418.689290048805,4418.939290048805,1728,1021,1375
4418.293587362465,4418.168587362465,4418.418587362465,1514,2359,1937
4420.822130395736,4420.697130395736,4420.947130395736,1162,2569,1866
4418.520950334132,4418.395950334132,4418.645950334132,1069,1882,1476
4419.683815614605,4419.433815614605,4419.933815614605,2141,978,1560
4417.203293766081,4417.078293766081,4417.328293766081,1503,1380,1442
4417.030011034695,4416.905011034695,4417.155011034695,539,1320,930
4416.768764220085,4416.643764220085,4416.893764220085,2284,981,1633
4416.680616432304,4416.555616432304,4416.805616432304,514,1299,907
4416.693935598664,4416.443935598664,4416.943935598664,990,1479,1235
4415.201223430888,4414.826223430888,4415.576223430888,982,1483,1233
4415.316873083454,4415.191873083454,4415.441873083454,784,1087,936
4416.066529878569,4415.941529878569,4416.191529878569,1859,920,1390
4416.987555599824,4416.612555599824,4417.362555599824,871,1188,1030
4417.599866968295,4417.474866968295,4417.724866968295,1698,649,1174
4415.694610465028,4415.569610465028,4415.819610465028,996,1775,1386
4416.17056510607,4416.04556510607,4416.29556510607,950,807,879
4415.142899541887,4414.892899541887,4415.392899541887,1893,1670,1782
4415.251734775357,4415.126734775357,4415.376734775357,633,1580,1107
4416.419146947535,4416.294146947535,4416.544146947535,1609,552,1081
4415.962191854579,4415.837191854579,4416.087191854579,1005,1682,1344
4415.453256005339,4415.203256005339,4415.703256005339,1229,1746,1488
4417.631665537853,4417.256665537853,4418.006665537853,1662,1773,1718
4416.654523780268,4416.404523780268,4416.904523780268,1474,1007,1241
4418.186966824354,4417.936966824354,4418.436966824354,1688,1997,1843
4420.884092647664,4420.759092647664,4421.009092647664,659,1196,928
4420.766568493922,4420.391568493922,4421.141568493922,1115,712,914
4421.795140428628,4421.545140428628,4422.045140428628,2050,1817,1934
4420.901970077442,4420.776970077442,4421.026970077442,1534,1491,1513
4421.414052893934,4421.289052893934,4421.539052893934,1113,2144,1629
4425.111681802901,4424.986681802901,4425.236681802901,989,1942,1466
4421.913752220016,4421.788752220016,4422.038752220016,1741,1676,1709
4422.053990967894,4421.803990967894,4422.303990967894,2057,1528,1793
4421.143341299004,4421.018341299004,4421.268341299004,873,1554,1214
4421.111700903164,4420.986700903164,4421.236700903164,1227,992,1110
4422.1069202990375,4421.9819202990375,4422.2319202990375,1674,2227,1951
4421.463888326584,4421.338888326584,4421.588888326584,849,1384,1117
4422.0308166262685,4421.9058166262685,4422.1558166262685,675,1216,946
4424.284626775774,4424.034626775774,4424.534626775774,1588,869,1229
4423.354027235475,4423.104027235475,4423.604027235475,1360,1981,1671
4418.549379030349,4418.299379030349,4418.799379030349,1609,548,1079
4417.622189465539,4417.497189465539,4417.747189465539,2700,1221,1961
4420.057914701321,4419.807914701321,4420.307914701321,1302,2055,1679
4422.668162077727,4422.293162077727,4423.043162077727,1051,1372,1212
4423.9133776847,4423.7883776847,4424.0383776847,1529,1748,1639
4422.964878382615,4422.839878382615,4423.089878382615,768,1489,1129
4424.474537332841,4424.349537332841,4424.599537332841,2167,830,1499
4428.492188191122,4428.367188191122,4428.617188191122,935,2344,1640
4431.157900256634,4430.907900256634,4431.407900256634,1053,1446,1250
4437.527634689159,4437.152634689159,4437.902634689159,1746,625,1186
4438.866236312861,4438.491236312861,4439.241236312861,1211,2114,1663
4439.051187896023,4438.926187896023,4439.176187896023,1992,885,1439
4442.822999412885,4442.572999412885,4443.072999412885,1350,1049,1200
4435.100951004371,4434.975951004371,4435.225951004371,1548,1643,1596
4438.719637737033,4438.469637737033,4438.969637737033,859,2572,1716
4437.750045626681,4437.625045626681,4437.875045626681,1302,1435,1369
4438.270304914839,4437.895304914839,4438.645304914839,1210,689,950
4447.377367049896,4447.127367049896,4447.627367049896,676,1245,961
4448.150072273866,4448.025072273866,4448.275072273866,2078,1867,1973
4446.319425970453,4446.194425970453,4446.444425970453,1479,686,1083
4443.327204370742,4443.202204370742,4443.452204370742,889,1978,1434
4441.996412137443,4441.746412137443,4442.246412137443,624,1481,1053
4443.792737654474,4443.542737654474,4444.042737654474,2508,1065,1787
4446.96500955032,4446.84000955032,4447.09000955032,1944,999,1472
4444.914897009446,4444.789897009446,4445.039897009446,745,1220,983
4440.175813093897,4439.925813093897,4440.425813093897,1185,988,1087
4436.84027686351,4436.71527686351,4436.96527686351,1261,1584,1423
4434.260363973216,4434.010363973216,4434.510363973216,2573,1404,1989
4433.196161966434,4432.821161966434,4433.571161966434,826,2429,1628
4433.04778654324,4432.92278654324,4433.17278654324,1617,2234,1926
4426.770039705603,4426.645039705603,4426.895039705603,2116,1681,1899
4425.74530335942,4425.49530335942,4425.99530335942,1587,1666,1627
4425.6967811615705,4425.5717811615705,4425.8217811615705,1470,1353,1412
4426.183547629577,4426.058547629577,4426.308547629577,1362,1183,1273
4425.400585057871,4425.275585057871,4425.525585057871,1778,609,1194
4422.198929819354,4422.073929819354,4422.323929819354,629,1130,880
4425.158579520631,4425.033579520631,4425.283579520631,2126,761,1444
4423.21878915698,4423.09378915698,4423.34378915698,1523,1752,1638
4419.890211238391,4419.640211238391,4420.140211238391,2081,1806,1944
4416.7950412067485,4416.5450412067485,4417.0450412067485,948,2387,1668
4419.08102949182,4418.83102949182,4419.33102949182,2390,1469,1930
4422.322968614921,4422.072968614921,4422.572968614921,2242,1249,1746
4420.603595037649,4420.353595037649,4420.853595037649,1879,2076,1978
4416.994277013574,4416.869277013574,4417.119277013574,1471,1908,1690
4418.337371987087,4418.087371987087,4418.587371987087,627,1084,856
4414.769183618653,4414.644183618653,4414.894183618653,2302,1685,1994
4417.404077541557,4417.154077541557,4417.654077541557,917,1832,1375
4414.065140574092,4413.815140574092,4414.315140574092,1101,2060,1581
4418.213978088199,4417.963978088199,4418.463978088199,2453,1100,1777
4419.358148690147,4419.108148690147,4419.608148690147,2250,1645,1948
4415.362216697937,4415.237216697937,4415.487216697937,549,1640,1095
4406.990727501034,4406.865727501034,4407.115727501034,568,1241,905
4405.97354132612,4405.84854132612,4406.09854132612,1643,836,1240
4406.406067175622,4406.281067175622,4406.531067175622,1746,1321,1534
4407.398856739715,4407.273856739715,4407.523856739715,2195,1028,1612
4403.725376026074,4403.600376026074,4403.850376026074,930,767,849
4408.387931630974,4408.137931630974,4408.637931630974,2867,1020,1944
4403.458609329697,4403.208609329697,4403.708609329697,2461,1330,1896
4398.8356731566055,4398.7106731566055,4398.9606731566055,625,1668,1147
4403.5079866345695,4403.2579866345695,4403.7579866345695,586,1725,1156
4404.346379350045,4404.096379350045,4404.596379350045,2182,1453,1818
4406.397279151502,4406.272279151502,4406.522279151502,1113,2234,1674
4408.867001719844,4408.617001719844,4409.117001719844,684,1351,1018
4410.129756155814,4410.004756155814,4410.254756155814,2098,1291,1695
4403.39522838134,4403.27022838134,4403.52022838134,1166,857,1012
4400.57626806004,4400.32626806004,4400.82626806004,2737,1026,1882
4397.445302198768,4397.195302198768,4397.695302198768,1255,2672,1964
4395.894932209223,4395.644932209223,4396.144932209223,1568,577,1073
4397.464642195293,4397.339642195293,4397.589642195293,1546,649,1098
4397.147063652464,4397.022063652464,4397.272063652464,648,1161,905
4398.636664326386,4398.511664326386,4398.761664326386,1089,2330,1710
4396.167059981833,4395.792059981833,4396.542059981833,671,974,823
4393.751731957266,4393.626731957266,4393.876731957266,2729,1222,1976
4388.180779898551,4387.930779898551,4388.430779898551,1018,2125,1572
4388.875252391222,4388.750252391222,4389.000252391222,994,937,966
4388.982861392084,4388.857861392084,4389.107861392084,871,2260,1566
4387.64350926787,4387.51850926787,4387.76850926787,1566,1479,1523
4391.749090109641,4391.499090109641,4391.999090109641,799,970,885
4394.937301944771,4394.812301944771,4395.062301944771,1382,789,1086
4395.682939192637,4395.557939192637,4395.807939192637,2030,799,1415
4394.667443459117,4394.417443459117,4394.917443459117,2088,1113,1601
4393.664082695321,4393.414082695321,4393.914082695321,1408,811,1110
4386.731935937918,4386.606935937918,4386.856935937918,2109,936,1523
4388.041865567232,4387.791865567232,4388.291865567232,1495,1784,1640
4392.857900931281,4392.607900931281,4393.107900931281,1104,2233,1669
4393.3125174444785,4393.1875174444785,4393.4375174444785,2336,1555,1946
4391.959280281195,4391.834280281195,4392.084280281195,1517,1516,1517
4389.679264776666,4389.554264776666,4389.804264776666,1248,519,884
4390.502761887091,4390.377761887091,4390.627761887091,2369,1304,1837
4386.307637264839,4385.932637264839,4386.682637264839,1666,937,1302
4385.293979786347,4385.168979786347,4385.418979786347,1962,1033,1498
4384.7383353307105,4384.6133353307105,4384.8633353307105,1336,1969,1653
4381.931265512991,4381.806265512991,4382.056265512991,2167,1128,1648
4380.963459926817,4380.838459926817,4381.088459926817,808,1483,1146
4383.714007655312,4383.589007655312,4383.839007655312,1156,537,847
4384.6536170800455,4384.5286170800455,4384.7786170800455,1643,756,1200
4395.4766660110645,4395.1016660110645,4395.8516660110645,1456,1507,1482
4400.254117984989,4400.004117984989,4400.504117984989,1173,962,1068
4404.0309661194815,4403.7809661194815,4404.2809661194815,1196,781,989
4400.148273218827,4400.023273218827,4400.273273218827,905,1520,1213
4400.711512530388,4400.461512530388,4400.961512530388,1700,1503,1602
4403.0911612880445,4402.9661612880445,4403.2161612880445,1023,1138,1081
4402.021630015851,4401.771630015851,4402.271630015851,702,1027,865
4401.260449393936,4401.010449393936,4401.510449393936,1440,1775,1608
4402.446432007797,4402.071432007797,4402.821432007797,970,1833,1402
4403.0177234063285,4402.8927234063285,4403.1427234063285,679,954,817
4400.902346017081,4400.777346017081,4401.027346017081,659,1538,1099
4399.961019113863,4399.711019113863,4400.211019113863,2524,1213,1869
4403.464899820298,4403.339899820298,4403.589899820298,1413,1646,1530
4403.5628985279345,4403.3128985279345,4403.8128985279345,1266,701,984
4407.805137289274,4407.680137289274,4407.930137289274,1341,2054,1698
4406.038483107807,4405.788483107807,4406.288483107807,1756,1659,1708
4408.795901485433,4408.545901485433,4409.045901485433,1220,787,1004
4407.317793645333,4407.067793645333,4407.567793645333,1656,1481,1569
4408.845473676195,4408.595473676195,4409.095473676195,1434,1217,1326
4406.708814092408,4406.583814092408,4406.833814092408,1894,1159,1527
4407.169905397533,4406.794905397533,4407.544905397533,2037,1412,1725
4408.817185236625,4408.692185236625,4408.942185236625,1604,2209,1907
4409.349984183815,4409.099984183815,4409.599984183815,1141,2364,1753
4404.5006406107905,4404.3756406107905,4404.6256406107905,2517,1004,1761
4405.229767915513,4405.104767915513,4405.354767915513,1247,1020,1134
4406.950731579702,4406.825731579702,4407.075731579702,857,1998,1428
4411.239329911442,4411.114329911442,4411.364329911442,1122,1233,1178
4414.283762984969,4414.033762984969,4414.533762984969,2105,1080,1593
4416.168522916822,4416.043522916822,4416.293522916822,857,1874,1366
4410.918137258961,4410.793137258961,4411.043137258961,1119,564,842
4413.012095961415,4412.637095961415,4413.387095961415,558,1499,1029
4411.603723397635,4411.353723397635,4411.853723397635,2465,992,1729
4414.164813091436,4413.914813091436,4414.414813091436,2653,910,1782
4419.7766821393,4419.6516821393,4419.9016821393,1432,1251,1342
4420.3525436933805,4420.2275436933805,4420.4775436933805,1053,1516,1285
4419.721202198158,4419.471202198158,4419.971202198158,1666,2047,1857
4413.086045087423,4412.961045087423,4413.211045087423,1056,1577,1317
4412.350969803156,4412.225969803156,4412.475969803156,1632,1359,1496
4411.016231681634,4410.766231681634,4411.266231681634,1145,870,1008
4405.437681466795,4405.312681466795,4405.562681466795,1303,648,976
4402.564412155782,4402.439412155782,4402.689412155782,1257,1776,1517
4399.184867658785,4398.809867658785,4399.559867658785,1898,2091,1995
4398.512997681612,4398.262997681612,4398.762997681612,1415,1330,1373
4403.493157210549,4403.368157210549,4403.618157210549,1564,1191,1378
4402.754719351671,4402.629719351671,4402.879719351671,1399,2352,1876
4399.775391625892,4399.650391625892,4399.900391625892,493,1480,987
4395.750049688096,4395.500049688096,4396.000049688096,2209,1096,1653
4399.8888900956035,4399.7638900956035,4400.0138900956035,2066,1761,1914
4402.01065553684,4401.88565553684,4402.13565553684,1524,775,1150
4418.243260047869,4418.118260047869,4418.368260047869,1325,1104,1215
4419.462996728383,4419.337996728383,4419.587996728383,1197,748,973
4417.2094856401145,4417.0844856401145,4417.3344856401145,1064,1257,1161
4418.781175880976,4418.656175880976,4418.906175880976,1791,1662,1727
4419.618172501216,4419.493172501216,4419.743172501216,715,1710,1213
4411.861303666291,4411.611303666291,4412.111303666291,990,1741,1366
4408.258941563786,4408.133941563786,4408.383941563786,970,2673,1822
4408.1165317237555,4407.9915317237555,4408.2415317237555,1258,675,967
4405.330991808485,4405.205991808485,4405.455991808485,1912,717,1315
4407.247957748627,4406.997957748627,4407.497957748627,894,1227,1061
4410.5719157873045,4410.4469157873045,4410.6969157873045,2290,765,1528
4409.095480347602,4408.970480347602,4409.220480347602,1131,2424,1778
4403.738182192125,4403.613182192125,4403.863182192125,1213,1740,1477
4404.27618688563,4404.15118688563,4404.40118688563,1024,1877,1451
4403.070414144204,4402.945414144204,4403.195414144204,781,2280,1531
4414.657080741683,4414.407080741683,4414.907080741683,876,1551,1214
4411.738687551104,4411.613687551104,4411.863687551104,2058,1459,1759
4408.340377246508,4408.215377246508,4408.465377246508,2351,1008,1680
4406.0257987008845,4405.9007987008845,4406.1507987008845,612,1427,1020
4406.117400389011,4405.867400389011,4406.367400389011,1576,2229,1903
4407.250423591845,4407.125423591845,4407.375423591845,572,1379,976
4406.7063432118375,4406.3313432118375,4407.0813432118375,1161,690,926
4408.394712214071,4408.269712214071,4408.519712214071,1783,2152,1968
4410.866782732154,4410.741782732154,4410.991782732154,1329,682,1006
4415.413755121237,4415.288755121237,4415.538755121237,759,1812,1286
4412.936141807898,4412.811141807898,4413.061141807898,1178,1227,1203
4407.993876662489,4407.868876662489,4408.118876662489,1724,2263,1994
4411.473784877341,4411.348784877341,4411.598784877341,944,1147,1046
4416.1287104815465,4415.8787104815465,4416.3787104815465,811,1966,1389
4417.150272807923,4417.025272807923,4417.275272807923,913,2134,1524
4415.644968817226,4415.519968817226,4415.769968817226,848,1457,1153
4422.619749859976,4422.369749859976,4422.869749859976,1675,752,1214
4428.701195745006,4428.451195745006,4428.951195745006,744,1053,899
4431.745210107321,4431.620210107321,4431.870210107321,1823,1484,1654
4429.0252059784325,4428.9002059784325,4429.1502059784325,874,1029,952
4433.813071782778,4433.688071782778,4433.938071782778,1647,1938,1793
4437.970593288733,4437.845593288733,4438.095593288733,1014,629,822
4441.588289993671,4441.338289993671,4441.838289993671,1713,1080,1397
4444.849361828003,4444.724361828003,4444.974361828003,1961,1164,1563
4447.211640000055,4447.086640000055,4447.336640000055,892,1187,1040
4452.113371666654,4451.988371666654,4452.238371666654,1043,814,929
4456.2139272993645,4455.9639272993645,4456.4639272993645,855,1508,1182
4456.323002011577,4456.073002011577,4456.573002011577,1649,2208,1929
4450.429731426873,4450.304731426873,4450.554731426873,782,853,818
4447.972769737737,4447.847769737737,4448.097769737737,2026,1115,1571
4447.0560643520475,4446.6810643520475,4447.4310643520475,1338,933,1136
4447.026492563141,4446.901492563141,4447.151492563141,553,1538,1046
4445.951706044255,4445.826706044255,4446.076706044255,831,2284,1558
4445.134437973469,4444.884437973469,4445.384437973469,1877,658,1268
4443.601571221843,4443.476571221843,4443.726571221843,539,1120,830
4444.319814176943,4444.194814176943,4444.444814176943,1461,630,1046
4440.777378115615,4440.652378115615,4440.902378115615,997,1686,1342
4438.330826032987,4438.205826032987,4438.455826032987,1993,1854,1924
4429.269198823722,4429.144198823722,4429.394198823722,2192,1411,1802
4434.624314033139,4434.374314033139,4434.874314033139,1580,725,1153
4434.8488733199,4434.7238733199,4434.9738733199,2129,1082,1606
4429.672907261197,4429.422907261197,4429.922907261197,1563,1468,1516
4427.682116303979,4427.432116303979,4427.932116303979,2379,1586,1983
4423.650053852478,4423.525053852478,4423.775053852478,1087,1108,1098
4425.077342928007,4424.952342928007,4425.202342928007,479,1420,950
4418.923195107641,4418.798195107641,4419.048195107641,875,2432,1654
4424.763845530037,4424.638845530037,4424.888845530037,1359,460,910
4426.985046464707,4426.860046464707,4427.110046464707,750,1451,1101
4428.031283401952,4427.656283401952,4428.406283401952,1358,1259,1309
4425.7330397027,4425.6080397027,4425.8580397027,798,1599,1199
4424.82290769868,4424.57290769868,4425.07290769868,1400,951,1176
4420.775333688928,4420.650333688928,4420.900333688928,809,2082,1446
4416.13725543423,4416.01225543423,4416.26225543423,2190,1795,1993
4415.719668341279,4415.469668341279,4415.969668341279,1576,1665,1621
4409.930122601151,4409.805122601151,4410.055122601151,2430,1311,1871
4418.501912098708,4418.376912098708,4418.626912098708,1791,1304,1548
4413.846056187697,4413.721056187697,4413.971056187697,1041,1390,1216
4413.140150299602,4412.890150299602,4413.390150299602,1535,948,1242
4407.013288815246,4406.888288815246,4407.138288815246,1101,1042,1072
4408.995869729538,4408.745869729538,4409.245869729538,957,2850,1904
4411.951055957657,4411.826055957657,4412.076055957657,1317,2560,1939
4409.505086485253,4409.255086485253,4409.755086485253,2170,1127,1649
4412.977609371346,4412.852609371346,4413.102609371346,1466,517,992
4413.926426189025,4413.801426189025,4414.051426189025,835,1050,943
4418.923734439073,4418.798734439073,4419.048734439073,1761,1652,1707
4425.156697237901,4425.031697237901,4425.281697237901,1116,2099,1608
4417.568602296773,4417.318602296773,4417.818602296773,2919,1026,1973
4421.041871639082,4420.916871639082,4421.166871639082,1091,2072,1582
4423.767399830145,4423.642399830145,4423.892399830145,850,1425,1138
4418.792960718236,4418.667960718236,4418.917960718236,1358,481,920
4419.377938670613,4419.127938670613,4419.627938670613,2511,1030,1771
4417.562576305799,4417.312576305799,4417.812576305799,1853,1842,1848
4421.850821468998,4421.725821468998,4421.975821468998,1288,1095,1192
4420.48964956539,4420.36464956539,4420.61464956539,2681,1274,1978
4417.344735169405,4417.219735169405,4417.469735169405,778,959,869
4415.247265558378,4415.122265558378,4415.372265558378,1459,630,1045
4421.50008269122,4421.37508269122,4421.62508269122,1936,1363,1650
4418.314914943478,4418.064914943478,4418.564914943478,1477,524,1001
4417.93272955556,4417.80772955556,4418.05772955556,1559,2048,1804
4411.946535003984,4411.696535003984,4412.196535003984,628,1563,1096
4410.068140251354,4409.943140251354,4410.193140251354,2246,1677,1962
4408.058544791543,4407.808544791543,4408.308544791543,2661,1136,1899
4410.502147660916,4410.377147660916,4410.627147660916,761,892,827
4411.812757246353,4411.562757246353,4412.062757246353,616,1609,1113
4406.895792307365,4406.770792307365,4407.020792307365,978,1177,1078
4413.14210678733,4413.01710678733,4413.26710678733,1860,1413,1637
4413.8119389562125,4413.6869389562125,4413.9369389562125,1242,757,1000
4411.898650830887,4411.773650830887,4412.023650830887,1882,1287,1585
4412.234654581774,4412.109654581774,4412.359654581774,2423,1246,1835
4418.173845609239,4418.048845609239,4418.298845609239,1051,2026,1539
4419.893458598934,4419.643458598934,4420.143458598934,1069,2010,1540
4415.082905127472,4414.957905127472,4415.207905127472,1273,1638,1456
4414.535999682866,4414.285999682866,4414.785999682866,1374,553,964
4406.97564886456,4406.72564886456,4407.22564886456,750,1931,1341
4407.637171763528,4407.387171763528,4407.887171763528,1134,1109,1122
4409.2294576936465,4408.9794576936465,4409.4794576936465,844,2457,1651
4405.655606214228,4405.530606214228,4405.780606214228,1342,1945,1644
4407.5836562684435,4407.4586562684435,4407.7086562684435,646,1361,1004
4407.6183436359515,4407.4933436359515,4407.7433436359515,1450,1987,1719
4408.436197584544,4408.311197584544,4408.561197584544,846,2381,1614
4402.82042042399,4402.69542042399,4402.94542042399,949,1422,1186
4408.395989212829,4408.020989212829,4408.770989212829,1076,1821,1449
4406.641839753792,4406.266839753792,4407.016839753792,1523,1614,1569
4410.552202180241,4410.427202180241,4410.677202180241,1810,689,1250
4411.742534574251,4411.367534574251,4412.117534574251,1300,2403,1852
4413.969175413512,4413.719175413512,4414.219175413512,1169,824,997
4421.171200826978,4421.046200826978,4421.296200826978,530,1211,871
4420.326936885562,4420.201936885562,4420.451936885562,596,1617,1107
4421.047299980181,4420.922299980181,4421.172299980181,1092,657,875
4425.835173521943,4425.710173521943,4425.960173521943,963,890,927
4421.626257257511,4421.501257257511,4421.751257257511,1450,903,1177
4423.392812196559,4423.267812196559,4423.517812196559,1199,1502,1351
4422.375445708378,4422.000445708378,4422.750445708378,853,2300,1577
4423.0590458821125,4422.8090458821125,4423.3090458821125,824,957,891
4429.29024654129,4429.16524654129,4429.41524654129,488,1121,805
4430.009500611133,4429.759500611133,4430.259500611133,515,1484,1000
4431.818357980739,4431.568357980739,4432.068357980739,1839,1334,1587
4432.034397230407,4431.909397230407,4432.159397230407,1246,2157,1702
4433.89155313728,4433.76655313728,4434.01655313728,1699,1174,1437
4438.237979080582,4437.987979080582,4438.487979080582,841,1390,1116
4436.495596448627,4436.370596448627,4436.620596448627,2051,912,1482
4439.365842830969,4439.240842830969,4439.490842830969,2348,1273,1811
4440.602324085254,4440.477324085254,4440.727324085254,1337,1324,1331
4442.580818599367,4442.455818599367,4442.705818599367,896,771,834
4443.672213749631,4443.422213749631,4443.922213749631,653,1358,1006
4441.953329635951,4441.828329635951,4442.078329635951,1033,2144,1589
4443.19653014597,4443.07153014597,4443.32153014597,1117,2056,1587
4443.721869499173,4443.596869499173,4443.846869499173,921,2090,1506
4445.042861113675,4444.917861113675,4445.167861113675,1255,2196,1726
4443.595030176343,4443.470030176343,4443.720030176343,1896,1015,1456
4446.931030517399,4446.806030517399,4447.056030517399,1593,2308,1951
4448.256677521403,4448.131677521403,4448.381677521403,841,1630,1236
4447.6302715361535,4447.5052715361535,4447.7552715361535,877,2568,1723
4446.708402715148,4446.583402715148,4446.833402715148,1971,1298,1635
4440.485874203629,4440.110874203629,4440.860874203629,2500,1041,1771
4443.792466742376,4443.667466742376,4443.917466742376,2500,1199,1850
4448.142207564153,4448.017207564153,4448.267207564153,1473,2128,1801
4443.7347596237305,4443.6097596237305,4443.8597596237305,1560,1759,1660
4438.59536450683,4438.47036450683,4438.72036450683,876,1383,1130
4436.231746535068,4435.981746535068,4436.481746535068,991,1080,1036
4432.371023500209,4432.121023500209,4432.621023500209,1218,2549,1884
4428.885691456259,4428.760691456259,4429.010691456259,2146,1467,1807
4424.450907592962,4424.325907592962,4424.575907592962,1035,1554,1295
4419.032713239463,4418.907713239463,4419.157713239463,1257,778,1018
4420.52148455503,4420.39648455503,4420.64648455503,772,1233,1003
4425.698251618956,4425.573251618956,4425.823251618956,803,1726,1265
4425.187380883876,4424.812380883876,4425.562380883876,2708,1033,1871
4424.655245922116,4424.530245922116,4424.780245922116,1642,1021,1332
4426.839629038556,4426.589629038556,4427.089629038556,1364,2375,1870
4423.692001027563,4423.567001027563,4423.817001027563,710,1635,1173
4424.730277184435,4424.355277184435,4425.105277184435,1107,2038,1573
4421.581231426345,4421.456231426345,4421.706231426345,1885,1784,1835
4417.322569991368,4417.072569991368,4417.572569991368,1919,1570,1745
4414.875693716936,4414.750693716936,4415.000693716936,699,1098,899
4410.469011214477,4410.094011214477,4410.844011214477,1654,647,1151
4416.725397043928,4416.600397043928,4416.850397043928,2242,931,1587
4416.562111861039,4416.437111861039,4416.687111861039,2124,1011,1568
4415.985663237168,4415.860663237168,4416.110663237168,771,2126,1449
4415.842884647974,4415.467884647974,4416.217884647974,1408,1511,1460
4413.68337069619,4413.30837069619,4414.05837069619,1144,1057,1101
4411.868772069179,4411.618772069179,4412.118772069179,1447,2430,1939
4411.289720488647,4411.039720488647,4411.539720488647,1051,1948,1500
4413.734365644735,4413.484365644735,4413.984365644735,1031,954,993
4414.172834323248,4414.047834323248,4414.297834323248,1123,1042,1083
4413.607094395356,4413.482094395356,4413.732094395356,1810,1013,1412
4410.027698435173,4409.777698435173,4410.277698435173,1950,1851,1901
4414.33889856903,4414.21389856903,4414.46389856903,1892,847,1370
4417.052027479298,4416.927027479298,4417.177027479298,1423,504,964
4419.648109488337,4419.523109488337,4419.773109488337,1529,1052,1291
4418.63786702898,4418.51286702898,4418.76286702898,1673,670,1172
4418.884002058747,4418.759002058747,4419.009002058747,547,1510,1029
4413.259532328881,4413.134532328881,4413.384532328881,1512,899,1206
4411.148474962618,4411.023474962618,4411.273474962618,575,1098,837
4408.6832448236755,4408.5582448236755,4408.8082448236755,1710,857,1284
4407.781433714405,4407.656433714405,4407.906433714405,555,1284,920
4402.3954923925585,4402.2704923925585,4402.5204923925585,1283,1720,1502
4400.861972721577,4400.611972721577,4401.111972721577,1083,1194,1139
4398.756164955009,4398.631164955009,4398.881164955009,1578,965,1272
4397.471531419052,4397.346531419052,4397.596531419052,2361,1028,1695
4394.69416959669,4394.56916959669,4394.81916959669,942,2351,1647
4390.096436882891,4389.846436882891,4390.346436882891,1834,1647,1741
4392.997778767358,4392.872778767358,4393.122778767358,894,1701,1298
4393.7089343688,4393.4589343688,4393.9589343688,662,995,829
4393.223565222634,4393.098565222634,4393.348565222634,2210,1275,1743
4398.13290359828,4398.00790359828,4398.25790359828,1906,1283,1595
4402.197692796298,4402.072692796298,4402.322692796298,1932,1375,1654
4402.011594308476,4401.886594308476,4402.136594308476,2174,1271,1723
4397.69467254603,4397.31967254603,4398.06967254603,1134,595,865
4400.927835222558,4400.802835222558,4401.052835222558,1558,1227,1393
4403.527613113242,4403.402613113242,4403.652613113242,1411,1726,1569
4401.563368586611,4401.313368586611,4401.813368586611,1334,2457,1896
4402.08099934326,4401.70599934326,4402.45599934326,2307,1658,1983
4397.495868698211,4397.370868698211,4397.620868698211,1182,2657,1920
4403.610550419249,4403.485550419249,4403.735550419249,1091,1158,1125
4398.768500400484,4398.518500400484,4399.018500400484,1143,786,965
4402.064315133507,4401.814315133507,4402.314315133507,921,1068,995
4401.322047489944,4401.072047489944,4401.572047489944,913,1284,1099
4405.588087330982,4405.338087330982,4405.838087330982,2351,1120,1736
4413.876376878192,4413.626376878192,4414.126376878192,1060,997,1029
4414.33732208044,4414.21232208044,4414.46232208044,926,1085,1006
4416.365087614966,4415.990087614966,4416.740087614966,1357,1792,1575
4415.896294006174,4415.646294006174,4416.146294006174,969,1320,1145
4413.480848755284,4413.355848755284,4413.605848755284,1624,961,1293
4410.7930851485535,4410.6680851485535,4410.9180851485535,1999,1208,1604
4416.556550952176,4416.306550952176,4416.806550952176,1481,1134,1308
4418.59010039833,4418.46510039833,4418.71510039833,854,1085,970
4423.729032895326,4423.604032895326,4423.854032895326,839,1386,1113
4423.715405930789,4423.590405930789,4423.840405930789,762,979,871
4431.853916067506,4431.728916067506,4431.978916067506,898,1255,1077
4432.409886732492,4432.159886732492,4432.659886732492,2755,1140,1948
4434.760869871813,4434.635869871813,4434.885869871813,1027,574,801
4432.311081919256,4432.061081919256,4432.561081919256,846,1433,1140
4428.3070251240915,4428.0570251240915,4428.5570251240915,1904,1393,1649
4432.740135982287,4432.615135982287,4432.865135982287,466,1301,884
4429.617999206713,4429.492999206713,4429.742999206713,787,1972,1380
4429.114358112144,4428.739358112144,4429.489358112144,1803,1266,1535
4423.44959622753,4423.19959622753,4423.69959622753,1365,1864,1615
4427.797114204214,4427.672114204214,4427.922114204214,1707,1880,1794
4424.419478609239,4424.169478609239,4424.669478609239,1498,587,1043
4421.785857242597,4421.660857242597,4421.910857242597,690,965,828
4419.30988458241,4419.18488458241,4419.43488458241,1312,1757,1535
4423.351294666889,4423.226294666889,4423.476294666889,647,974,811
4420.57969736934,4420.20469736934,4420.95469736934,1802,841,1322
4416.96623336069,4416.59123336069,4417.34123336069,2168,1051,1610
4419.532100484295,4419.407100484295,4419.657100484295,1833,1350,1592
4421.856954341401,4421.731954341401,4421.981954341401,537,1600,1069
4424.275103475961,4424.150103475961,4424.400103475961,2298,1045,1672
4419.7913107471995,4419.6663107471995,4419.9163107471995,1221,916,1069
4420.284937573498,4420.159937573498,4420.409937573498,1197,986,1092
4422.904763017115,4422.779763017115,4423.029763017115,1438,577,1008
4420.134509202485,4420.009509202485,4420.259509202485,1421,1252,1337
4423.376110554193,4423.126110554193,4423.626110554193,903,2390,1647
4417.620420563981,4417.495420563981,4417.745420563981,2104,1319,1712
4424.264567693245,4424.014567693245,4424.514567693245,1065,1132,1099
4423.15760029355,4422.78260029355,4423.53260029355,1034,655,845
4431.822557630266,4431.697557630266,4431.947557630266,1236,1433,1335
4435.149457126223,4435.024457126223,4435.274457126223,1820,803,1312
4443.5175294448845,4443.2675294448845,4443.7675294448845,789,1344,1067
4448.962721832469,4448.837721832469,4449.087721832469,1588,2375,1982
4451.664877719774,4451.539877719774,4451.789877719774,1602,877,1240
4453.867728319861,4453.742728319861,4453.992728319861,1159,922,1041
4447.525463205024,4447.275463205024,4447.775463205024,915,1386,1151
4441.1778357610765,4441.0528357610765,4441.3028357610765,1046,2717,1882
4442.731185568983,4442.356185568983,4443.106185568983,1279,446,863
4448.11656592155,4447.99156592155,4448.24156592155,2733,986,1860
4453.402357412525,4453.277357412525,4453.527357412525,941,1742,1342
4458.196864104975,4458.071864104975,4458.321864104975,942,999,971
4455.38977408601,4455.26477408601,4455.51477408601,1639,596,1118
4465.5534650337595,4465.1784650337595,4465.9284650337595,786,1125,956
4472.171598312083,4471.921598312083,4472.421598312083,2171,1488,1830
4465.75173368453,4465.62673368453,4465.87673368453,1503,1108,1306
4471.994547949722,4471.744547949722,4472.244547949722,1729,2006,1868
4467.513656889924,4467.388656889924,4467.638656889924,2220,1373,1797
4469.361194247193,4469.111194247193,4469.611194247193,1172,1299,1236
4468.817643875638,4468.692643875638,4468.942643875638,940,2435,1688
4472.025549159979,4471.900549159979,4472.150549159979,1192,1283,1238
4480.727248053565,4480.352248053565,4481.102248053565,1264,585,925
4483.203424026623,4482.828424026623,4483.578424026623,618,1061,840
4483.8509382975035,4483.6009382975035,4484.1009382975035,890,791,841
4484.273600991386,4484.148600991386,4484.398600991386,1170,739,955
4483.426963616151,4483.301963616151,4483.551963616151,2325,910,1618
4483.031675466523,4482.781675466523,4483.281675466523,2282,1605,1944
4483.7257654471705,4483.6007654471705,4483.8507654471705,1569,2316,1943
4479.808470705277,4479.558470705277,4480.058470705277,1640,551,1096
4482.4239998888515,4482.1739998888515,4482.6739998888515,948,2437,1693
4478.078569007894,4477.828569007894,4478.328569007894,1385,568,977
4475.413753958167,4475.288753958167,4475.538753958167,1412,487,950
4468.728276163521,4468.353276163521,4469.103276163521,636,1313,975
4470.376419663331,4470.251419663331,4470.501419663331,1024,2707,1866
4466.502920266096,4466.377920266096,4466.627920266096,2639,1060,1850
4462.500898926842,4462.375898926842,4462.625898926842,754,1307,1031
4468.530069698758,4468.405069698758,4468.655069698758,1432,531,982
4469.631925795968,4469.506925795968,4469.756925795968,1688,1191,1440
4467.1301263674795,4466.8801263674795,4467.3801263674795,1224,513,869
4467.9219708737,4467.7969708737,4468.0469708737,1709,1780,1745
4472.801713230937,4472.676713230937,4472.926713230937,791,1098,945
4474.824150673065,4474.699150673065,4474.949150673065,1095,2494,1795
4477.51878327466,4477.26878327466,4477.76878327466,1941,1514,1728
4475.549885022346,4475.424885022346,4475.674885022346,2423,920,1672
4478.8009654798625,4478.6759654798625,4478.9259654798625,1808,1859,1834
4476.825969397314,4476.700969397314,4476.950969397314,1220,2331,1776
4480.556780418311,4480.306780418311,4480.806780418311,1165,682,924
4474.4852256241875,4474.3602256241875,4474.6102256241875,1675,714,1195
4471.005794754413,4470.880794754413,4471.130794754413,803,1504,1154
4471.6241497242145,4471.3741497242145,4471.8741497242145,2248,1475,1862
4471.6705270532375,4471.5455270532375,4471.7955270532375,2571,1090,1831
4473.056291374032,4472.681291374032,4473.431291374032,1588,1055,1322
4478.083562388516,4477.958562388516,4478.208562388516,1224,1255,1240
4474.3563313902805,4474.2313313902805,4474.4813313902805,1189,1232,1211
4477.429684483234,4477.304684483234,4477.554684483234,1303,512,908
4484.071893755897,4483.946893755897,4484.196893755897,1815,1732,1774
4483.429483354659,4483.304483354659,4483.554483354659,1791,1294,1543
4483.2935098852395,4483.1685098852395,4483.4185098852395,993,2062,1528
4477.1760520750895,4477.0510520750895,4477.3010520750895,1318,2399,1859
4479.2147723309035,4478.9647723309035,4479.4647723309035,1108,909,1009
4481.7041528468,4481.5791528468,4481.8291528468,560,1631,1096
4470.11295081886,4469.98795081886,4470.23795081886,2627,984,1806
4471.949608415625,4471.699608415625,4472.199608415625,2038,1275,1657
4474.8167698453635,4474.6917698453635,4474.9417698453635,1591,746,1169
4475.57839112977,4475.45339112977,4475.70339112977,875,2148,1512
4476.446751202769,4476.321751202769,4476.571751202769,1882,1577,1730
4469.653570178885,4469.403570178885,4469.903570178885,1859,1104,1482
4469.39526201918,4469.27026201918,4469.52026201918,884,1001,943
4467.512228986131,4467.387228986131,4467.637228986131,1277,1164,1221
4467.473763355806,4467.348763355806,4467.598763355806,1565,902,1234
4469.03444684708,4468.65944684708,4469.40944684708,1091,1840,1466
4465.945592980235,4465.695592980235,4466.195592980235,890,985,938
4467.385215181634,4467.260215181634,4467.510215181634,1171,982,1077
4468.546126998876,4468.296126998876,4468.796126998876,697,1448,1073
4460.342385354978,4460.092385354978,4460.592385354978,2329,1158,1744
4465.042416066723,4464.917416066723,4465.167416066723,2227,1416,1822
4463.586270632664,4463.336270632664,4463.836270632664,836,2215,1526
4460.267343475285,4460.142343475285,4460.392343475285,1947,926,1437
4462.613272483812,4462.363272483812,4462.863272483812,2364,985,1675
4459.1344496718375,4459.0094496718375,4459.2594496718375,1684,1827,1756
4455.076263341215,4454.951263341215,4455.201263341215,1776,1977,1877
4459.878882001627,4459.753882001627,4460.003882001627,2055,792,1424
4451.290435002209,4451.040435002209,4451.540435002209,731,896,814
4455.677699035004,4455.552699035004,4455.802699035004,788,1603,1196
4461.887317265586,4461.762317265586,4462.012317265586,1543,672,1108
4466.090765656631,4465.965765656631,4466.215765656631,1247,630,939
4466.40814537035,4466.28314537035,4466.53314537035,1465,804,1135
4467.552430372533,4467.427430372533,4467.677430372533,1195,2512,1854
4463.679996092646,4463.304996092646,4464.054996092646,1617,1436,1527
4458.127215395995,4458.002215395995,4458.252215395995,1028,777,903
4463.696012098152,4463.446012098152,4463.946012098152,2018,777,1398
4467.006715334693,4466.631715334693,4467.381715334693,2591,1120,1856
4463.474927321406,4463.349927321406,4463.599927321406,1362,465,914
4452.068846939486,4451.818846939486,4452.318846939486,1829,1768,1799
4447.424318655866,4447.299318655866,4447.549318655866,1016,879,948
4449.868313038822,4449.743313038822,4449.993313038822,1700,1311,1506
4444.610479499779,4444.485479499779,4444.735479499779,1098,943,1021
4437.880889775914,4437.755889775914,4438.005889775914,1813,626,1220
4440.486556335581,4440.111556335581,4440.861556335581,1363,1624,1494
4434.550425919796,4434.425425919796,4434.675425919796,751,1176,964
4438.582615688564,4438.332615688564,4438.832615688564,2130,987,1559
4435.516988142073,4435.391988142073,4435.641988142073,1429,1766,1598
4434.391081685792,4434.266081685792,4434.516081685792,1011,884,948
4435.054543091888,4434.929543091888,4435.179543091888,1432,2179,1806
4446.618880350289,4446.243880350289,4446.993880350289,1757,1098,1428
4452.719571586593,4452.344571586593,4453.094571586593,1888,1525,1707
4458.57911359861,4458.45411359861,4458.70411359861,1286,1487,1387
4459.337524813973,4458.962524813973,4459.712524813973,1694,971,1333
4453.626510036573,4453.501510036573,4453.751510036573,1394,1519,1457
4451.25655571785,4451.13155571785,4451.38155571785,2147,1790,1969
4445.293789582457,4445.168789582457,4445.418789582457,1389,2142,1766
4441.5182419591265,4441.2682419591265,4441.7682419591265,1099,1534,1317
4442.823743099092,4442.573743099092,4443.073743099092,1231,1360,1296
4438.221004355482,4438.096004355482,4438.346004355482,956,2015,1486
4440.974694117788,4440.849694117788,4441.099694117788,1748,1707,1728
4449.686202094055,4449.311202094055,4450.061202094055,2174,1613,1894
4445.554662023577,4445.429662023577,4445.679662023577,837,1826,1332
4448.226332338494,4447.976332338494,4448.476332338494,818,1017,918
4449.192293795091,4448.942293795091,4449.442293795091,1162,1085,1124
4444.0118097846325,4443.8868097846325,4444.1368097846325,2713,1024,1869
4448.860246036358,4448.610246036358,4449.110246036358,1870,1087,1479
4446.619773774865,4446.244773774865,4446.994773774865,1077,742,910
4446.836942548366,4446.711942548366,4446.961942548366,784,1077,931
4443.21548126029,4443.09048126029,4443.34048126029,1744,1461,1603
4445.222888658717,4445.097888658717,4445.347888658717,451,1158,805
4446.879460569999,4446.629460569999,4447.129460569999,819,1794,1307
4439.7345227881715,4439.6095227881715,4439.8595227881715,1258,2163,1711
4442.315327035437,4441.940327035437,4442.690327035437,2274,1187,1731
4443.307707762068,4443.057707762068,4443.557707762068,1509,2170,1840
4445.350937839854,4445.225937839854,4445.475937839854,2430,1021,1726
4449.546563349314,4449.421563349314,4449.671563349314,1091,554,823
4451.587787971549,4451.337787971549,4451.837787971549,1374,935,1155
4444.04746178679,4443.79746178679,4444.29746178679,691,970,831
4441.312543830377,4441.187543830377,4441.437543830377,1077,756,917
4447.043748557154,4446.918748557154,4447.168748557154,1494,1265,1380
4438.783643502486,4438.658643502486,4438.908643502486,739,1656,1198
4436.123364785746,4435.998364785746,4436.248364785746,951,1148,1050
4435.278558399669,4435.028558399669,4435.528558399669,987,1676,1332
4440.826396132379,4440.701396132379,4440.951396132379,1063,814,939
4441.748221623475,4441.623221623475,4441.873221623475,1294,773,1034
4435.497392921378,4435.372392921378,4435.622392921378,1048,1537,1293
4442.609412797028,4442.484412797028,4442.734412797028,2149,1252,1701
4442.5279627062755,4442.4029627062755,4442.6529627062755,1273,752,1013
4441.585654317971,4441.335654317971,4441.835654317971,1467,2304,1886
4436.257542888112,4436.132542888112,4436.382542888112,802,2263,1533
4428.242279836662,4427.867279836662,4428.617279836662,1612,1181,1397
4423.181823910209,4423.056823910209,4423.306823910209,1658,1631,1645
4424.949202194431,4424.824202194431,4425.074202194431,1536,935,1236
4430.354671512562,4430.229671512562,4430.479671512562,1480,973,1227
4431.622889575365,4431.497889575365,4431.747889575365,1088,2361,1725
4438.1156827857185,4437.7406827857185,4438.4906827857185,964,1007,986
4433.597095272447,4433.472095272447,4433.722095272447,1270,2297,1784
4425.931026399119,4425.681026399119,4426.181026399119,1139,2530,1835
4425.906257788404,4425.656257788404,4426.156257788404,2504,1197,1851
4427.03354581698,4426.90854581698,4427.15854581698,1217,1886,1552
4423.025436595492,4422.900436595492,4423.150436595492,1149,1392,1271
4416.996909341781,4416.746909341781,4417.246909341781,2092,1181,1637
4417.540554242651,4417.290554242651,4417.790554242651,1304,813,1059
4422.358557474144,4422.233557474144,4422.483557474144,969,2090,1530
4421.161415493242,4420.911415493242,4421.411415493242,1112,1631,1372
4427.208816084336,4427.083816084336,4427.333816084336,2224,1553,1889
4423.177768067726,4422.927768067726,4423.427768067726,692,1379,1036
4420.082285121087,4419.957285121087,4420.207285121087,1500,1713,1607
4414.436402956648,4414.311402956648,4414.561402956648,1793,1338,1566
4415.578132347778,4415.453132347778,4415.703132347778,2596,909,1753
4416.634949950545,4416.509949950545,4416.759949950545,1223,922,1073
4419.436816447755,4419.186816447755,4419.686816447755,704,1845,1275
4415.200356485302,4415.075356485302,4415.325356485302,1317,2590,1954
4417.55567117175,4417.43067117175,4417.68067117175,1413,2266,1840
4417.362528331855,4417.237528331855,4417.487528331855,1161,480,821
4425.777835450093,4425.527835450093,4426.027835450093,934,1379,1157
4427.172666227013,4427.047666227013,4427.297666227013,1878,1029,1454
4424.610454183879,4424.485454183879,4424.735454183879,1147,1066,1107
4424.375708502777,4424.125708502777,4424.625708502777,1248,1211,1230
4425.9771444068265,4425.8521444068265,4426.1021444068265,925,1374,1150
4415.8275272051,4415.7025272051,4415.9525272051,650,1107,879
4412.050815725112,4411.675815725112,4412.425815725112,534,1325,930
4405.589122874499,4405.464122874499,4405.714122874499,1827,838,1333
4408.366303627483,4408.241303627483,4408.491303627483,627,1494,1061
4400.067358260804,4399.817358260804,4400.317358260804,2209,1700,1955
4400.164990481547,4400.039990481547,4400.289990481547,1289,1092,1191
4398.751635950784,4398.501635950784,4399.001635950784,1348,2605,1977
4406.607347844457,4406.482347844457,4406.732347844457,2439,1376,1908
4401.046937018621,4400.921937018621,4401.171937018621,1690,1359,1525
4404.834495077065,4404.709495077065,4404.959495077065,1048,2131,1590
4406.406811103546,4406.281811103546,4406.531811103546,2159,1018,1589
4408.495498823523,4408.370498823523,4408.620498823523,1095,2496,1796
4416.415034149655,4416.040034149655,4416.790034149655,1070,965,1018
4425.606912019446,4425.481912019446,4425.731912019446,1793,1698,1746
4415.770629895788,4415.645629895788,4415.895629895788,1219,624,922
4411.506527502556,4411.381527502556,4411.631527502556,735,950,843
4408.668926112046,4408.418926112046,4408.918926112046,2502,1079,1791
4404.318381876338,4404.068381876338,4404.568381876338,1871,1586,1729
4403.9996367792,4403.8746367792,4404.1246367792,1704,1057,1381
4403.992389290714,4403.617389290714,4404.367389290714,501,1130,816
4404.751379850921,4404.501379850921,4405.001379850921,1240,1651,1446
4407.6382479627455,4407.3882479627455,4407.8882479627455,650,1871,1261
4409.262022659922,4409.137022659922,4409.387022659922,2271,1278,1775
4416.964876291511,4416.839876291511,4417.089876291511,733,1400,1067
4414.34068694916,4414.21568694916,4414.46568694916,1304,2329,1817
4416.270226560336,4416.145226560336,4416.395226560336,911,1294,1103
4414.6743177053095,4414.2993177053095,4415.0493177053095,1713,1952,1833
4416.671138590991,4416.546138590991,4416.796138590991,1181,1064,1123
4415.173394149143,4415.048394149143,4415.298394149143,2431,1508,1970
4408.789643903766,4408.539643903766,4409.039643903766,1181,1162,1172
4398.549045363701,4398.299045363701,4398.799045363701,2445,1118,1782
4397.716535000239,4397.466535000239,4397.966535000239,2032,1957,1995
4402.484857042849,4402.359857042849,4402.609857042849,1203,1520,1362
4397.449986646976,4397.199986646976,4397.699986646976,1516,1439,1478
4394.501074227289,4394.251074227289,4394.751074227289,1070,677,874
4393.589120177929,4393.214120177929,4393.964120177929,1055,638,847
4399.6845193848785,4399.5595193848785,4399.8095193848785,1218,2465,1842
4398.0507031446505,4397.9257031446505,4398.1757031446505,1983,1340,1662
4398.636243933613,4398.261243933613,4399.011243933613,1017,910,964
4403.080554389439,4402.705554389439,4403.455554389439,531,1120,826
4410.25083203214,4410.12583203214,4410.37583203214,688,1387,1038
4416.012123546795,4415.762123546795,4416.262123546795,2046,873,1460
4423.262540561855,4423.137540561855,4423.387540561855,1913,1320,1617
4424.9054871515345,4424.6554871515345,4425.1554871515345,1572,583,1078
4427.986302594381,4427.861302594381,4428.111302594381,905,912,909
4428.759375299312,4428.634375299312,4428.884375299312,1856,1037,1447
4426.395793473194,4426.145793473194,4426.645793473194,1130,1113,1122
4424.69069805279,4424.56569805279,4424.81569805279,1710,1111,1411
4427.412232890041,4427.287232890041,4427.537232890041,938,1431,1185
4423.432821163708,4423.057821163708,4423.807821163708,1980,1629,1805
4416.660960553391,4416.535960553391,4416.785960553391,2229,1218,1724
4417.37026552457,4417.12026552457,4417.62026552457,2669,1266,1968
4420.256211817282,4420.006211817282,4420.506211817282,1853,1862,1858
4422.293745594338,4422.043745594338,4422.543745594338,516,1183,850
4419.617519349171,4419.492519349171,4419.742519349171,579,1084,832
4417.567121763096,4417.317121763096,4417.817121763096,2056,1903,1980
4413.536657505033,4413.286657505033,4413.786657505033,1376,1097,1237
4418.211574632708,4417.961574632708,4418.461574632708,1572,1227,1400
4414.8464882487415,4414.7214882487415,4414.9714882487415,2108,1223,1666
4418.396099720585,4418.146099720585,4418.646099720585,1378,493,936
4421.487837401414,4421.237837401414,4421.737837401414,1356,749,1053
4424.862876061669,4424.612876061669,4425.112876061669,1292,511,902
4423.518615251019,4423.393615251019,4423.643615251019,1908,883,1396
4416.008288746254,4415.883288746254,4416.133288746254,2117,870,1494
4422.576037857168,4422.326037857168,4422.826037857168,1087,634,861
4426.969446509288,4426.719446509288,4427.219446509288,1762,2013,1888
4423.475880126488,4423.225880126488,4423.725880126488,1360,589,975
4426.551215673058,4426.426215673058,4426.676215673058,1905,1840,1873
4434.43260042458,4434.30760042458,4434.55760042458,1042,1791,1417
4434.747399191757,4434.622399191757,4434.872399191757,576,1483,1030
4436.186899491236,4436.061899491236,4436.311899491236,1258,759,1009
4435.514578310906,4435.264578310906,4435.764578310906,2111,842,1477
4438.33461857993,4438.20961857993,4438.45961857993,1557,1216,1387
4435.35744391178,4435.10744391178,4435.60744391178,1089,1134,1112
4439.610919823584,4439.360919823584,4439.860919823584,1357,722,1040
4438.790866535497,4438.415866535497,4439.165866535497,860,753,807
4437.589967101963,4437.464967101963,4437.714967101963,2515,1226,1871
4427.974794705334,4427.849794705334,4428.099794705334,785,1946,1366
4427.711145035301,4427.586145035301,4427.836145035301,1521,986,1254
4427.605412421339,4427.480412421339,4427.730412421339,1118,1567,1343
4426.722120265412,4426.347120265412,4427.097120265412,2309,854,1582
4421.223275013333,4421.098275013333,4421.348275013333,585,1048,817
4425.678699076164,4425.553699076164,4425.803699076164,1070,1601,1336
4430.350586300715,4430.225586300715,4430.475586300715,957,1554,1256
4428.167286627227,4428.042286627227,4428.292286627227,1534,531,1033
4428.025667562963,4427.900667562963,4428.150667562963,1796,1409,1603
4429.731420567361,4429.356420567361,4430.106420567361,689,1154,922
4432.300476155345,4431.925476155345,4432.675476155345,2111,1256,1684
4423.534923138937,4423.409923138937,4423.659923138937,971,1958,1465
4418.438658905695,4418.188658905695,4418.688658905695,734,1617,1176
4416.654063104345,4416.529063104345,4416.779063104345,1769,1572,1671
4424.72036135937,4424.47036135937,4424.97036135937,1021,2170,1596
4427.239259284567,4426.864259284567,4427.614259284567,600,1535,1068
4427.203402783091,4427.078402783091,4427.328402783091,878,1897,1388
4420.675886434875,4420.550886434875,4420.800886434875,1296,2033,1665
4419.948298274176,4419.698298274176,4420.198298274176,2337,1158,1748
4421.510662296791,4421.385662296791,4421.635662296791,1458,1727,1593
4424.052827901221,4423.927827901221,4424.177827901221,1454,1073,1264
4424.542023744244,4424.417023744244,4424.667023744244,1069,1296,1183
4423.317840375978,4423.192840375978,4423.442840375978,1289,1754,1522
4418.225990502504,4418.100990502504,4418.350990502504,1464,1739,1602
4418.338729291185,4418.213729291185,4418.463729291185,605,1520,1063
4423.521962002692,4423.396962002692,4423.646962002692,875,1702,1289
4430.801337105322,4430.676337105322,4430.926337105322,2681,916,1799
4424.703544418741,4424.578544418741,4424.828544418741,933,1664,1299
4428.602412688822,4428.477412688822,4428.727412688822,529,1518,1024
4433.811242640238,4433.436242640238,4434.186242640238,1971,688,1330
4440.307371744082,4440.182371744082,4440.432371744082,658,1645,1152
4442.082813672296,4441.957813672296,4442.207813672296,672,1143,908
4440.283280630887,4439.908280630887,4440.658280630887,791,1492,1142
4440.189929899873,4440.064929899873,4440.314929899873,990,803,897
4436.550817757634,4436.425817757634,4436.675817757634,757,1020,889
4437.5073189916975,4437.3823189916975,4437.6323189916975,1162,2317,1740
4439.283625179358,4439.158625179358,4439.408625179358,1572,1589,1581
4441.987834924004,4441.612834924004,4442.362834924004,1823,1454,1639
4449.784876857477,4449.409876857477,4450.159876857477,1370,777,1074
4446.387923281343,4446.262923281343,4446.512923281343,1037,1232,1135
4449.482050478971,4449.357050478971,4449.607050478971,2139,892,1516
4448.465728700506,4448.340728700506,4448.590728700506,1236,533,885
4458.954208610296,4458.829208610296,4459.079208610296,2257,1092,1675
4459.516130979122,4459.391130979122,4459.641130979122,1982,821,1402
4456.843911963324,4456.468911963324,4457.218911963324,1605,632,1119
4454.490220964508,4454.365220964508,4454.615220964508,1774,2219,1997
4448.099928525658,4447.849928525658,4448.349928525658,941,912,927
4433.525112790997,4433.400112790997,4433.650112790997,2658,1045,1852
4434.571175568625,4434.321175568625,4434.821175568625,1452,989,1221
4433.852244904414,4433.727244904414,4433.977244904414,2269,1696,1983
4430.422983660038,4430.297983660038,4430.547983660038,1326,2131,1729
4430.6075399188585,4430.4825399188585,4430.7325399188585,582,1675,1129
4427.458929353183,4427.333929353183,4427.583929353183,1306,739,1023
4429.95354255832,4429.82854255832,4430.07854255832,2009,932,1471
4430.055043728574,4429.930043728574,4430.180043728574,1385,2354,1870
4426.320426885694,4426.195426885694,4426.445426885694,1194,1111,1153
4424.434664736617,4424.309664736617,4424.559664736617,2047,1328,1688
4423.919849581075,4423.669849581075,4424.169849581075,976,855,916
4416.434569945334,4416.309569945334,4416.559569945334,2260,1493,1877
4413.597686996751,4413.472686996751,4413.722686996751,872,815,844
4409.311463168845,4409.061463168845,4409.561463168845,1472,1159,1316
4411.864989787715,4411.614989787715,4412.114989787715,908,2085,1497
4417.757164798899,4417.632164798899,4417.882164798899,1696,1213,1455
4409.470669332391,4409.345669332391,4409.595669332391,708,1149,929
4405.054498120491,4404.929498120491,4405.179498120491,1559,1842,1701
4402.95131179097,4402.82631179097,4403.07631179097,2286,1613,1950
4403.438417916632,4403.313417916632,4403.563417916632,983,698,841
4400.001008232948,4399.751008232948,4400.251008232948,908,915,912
4399.772047286708,4399.522047286708,4400.022047286708,819,2172,1496
4402.09357454868,4401.84357454868,4402.34357454868,952,1543,1248
4407.689837496523,4407.439837496523,4407.939837496523,2217,1370,1794
4401.14922916479,4400.89922916479,4401.39922916479,1956,831,1394
4395.410032137542,4395.160032137542,4395.660032137542,1622,567,1095
4397.703083041831,4397.578083041831,4397.828083041831,732,975,854
4400.736906184668,4400.361906184668,4401.111906184668,523,1340,932
4399.475737425536,4399.350737425536,4399.600737425536,1733,900,1317
4399.891859390517,4399.766859390517,4400.016859390517,1363,1076,1220
4397.843793727667,4397.593793727667,4398.093793727667,474,1191,833
4402.678294151034,4402.553294151034,4402.803294151034,2382,1245,1814
4392.786961775921,4392.661961775921,4392.911961775921,988,1853,1421
4390.317246326503,4390.192246326503,4390.442246326503,1507,2338,1923
4388.991095039347,4388.741095039347,4389.241095039347,1052,2845,1949
4385.54932019961,4385.17432019961,4385.92432019961,1195,936,1066
4387.34617469919,4387.09617469919,4387.59617469919,1935,2014,1975
4383.338565914818,4383.213565914818,4383.463565914818,2374,1439,1907
4388.049689674928,4387.799689674928,4388.299689674928,670,1319,995
4389.3264159918845,4389.2014159918845,4389.4514159918845,1684,841,1263
4388.38541359473,4388.13541359473,4388.63541359473,841,778,810
4390.696472337353,4390.446472337353,4390.946472337353,672,1691,1182
4391.393059791106,4391.268059791106,4391.518059791106,1718,589,1154
4396.173279812873,4396.048279812873,4396.298279812873,2443,1434,1939
4397.430315399556,4397.305315399556,4397.555315399556,1964,2027,1996
4399.415039847257,4399.165039847257,4399.665039847257,1552,2111,1832
4400.265258416099,4400.015258416099,4400.515258416099,771,1170,971
4404.331023331673,4403.956023331673,4404.706023331673,1975,970,1473
4405.63338443968,4405.50838443968,4405.75838443968,1558,907,1233
4403.351408996693,4402.976408996693,4403.726408996693,572,1499,1036
4398.659961004663,4398.534961004663,4398.784961004663,910,2273,1592
4394.853598057965,4394.728598057965,4394.978598057965,746,1199,973
4398.018700777355,4397.893700777355,4398.143700777355,744,2219,1482
4400.190919168101,4400.065919168101,4400.315919168101,1037,2078,1558
4397.904110856312,4397.654110856312,4398.154110856312,914,2551,1733
4390.602090350461,4390.352090350461,4390.852090350461,1635,1838,1737
4397.861831674468,4397.611831674468,4398.111831674468,746,1675,1211
4398.713909504199,4398.588909504199,4398.838909504199,1116,973,1045
4405.233696320933,4405.108696320933,4405.358696320933,703,1512,1108
4406.6451614831,4406.5201614831,4406.7701614831,989,1706,1348
4401.713296674136,4401.588296674136,4401.838296674136,1756,693,1225
4407.9937447274915,4407.8687447274915,4408.1187447274915,2266,1073,1670
4398.664369077199,4398.539369077199,4398.789369077199,2346,949,1648
4397.03136382426,4396.78136382426,4397.28136382426,1639,2088,1864
4402.083601954133,4401.708601954133,4402.458601954133,2082,697,1390
4398.884630359514,4398.759630359514,4399.009630359514,958,2485,1722
4405.026148528325,4404.776148528325,4405.276148528325,873,1526,1200
4408.317226098069,4408.192226098069,4408.442226098069,751,866,809
4404.809847358658,4404.684847358658,4404.934847358658,1754,857,1306
4404.237118866536,4404.112118866536,4404.362118866536,1893,1538,1716
4410.725652413273,4410.350652413273,4411.100652413273,1013,974,994
4408.139376520451,4407.889376520451,4408.389376520451,937,2472,1705
4405.945509313051,4405.695509313051,4406.195509313051,1728,1611,1670
4403.592318382003,4403.467318382003,4403.717318382003,877,2004,1441
4402.546579783454,4402.421579783454,4402.671579783454,1265,1442,1354
4402.673456842759,4402.548456842759,4402.798456842759,2216,1329,1773
4391.708240637293,4391.458240637293,4391.958240637293,2261,1084,1673
4390.063755910363,4389.813755910363,4390.313755910363,928,2451,1690
4390.5915990962,4390.4665990962,4390.7165990962,991,1756,1374
4389.021602259095,4388.896602259095,4389.146602259095,1497,620,1059
4388.743695256592,4388.493695256592,4388.993695256592,1115,1378,1247
4387.445480863497,4387.195480863497,4387.695480863497,564,1119,842
4390.6765675256775,4390.4265675256775,4390.9265675256775,1159,1628,1394
4390.030070653741,4389.780070653741,4390.280070653741,458,1205,832
4389.620088967082,4389.370088967082,4389.870088967082,760,1095,928
4388.703276125134,4388.578276125134,4388.828276125134,1418,1097,1258
4380.570085238175,4380.320085238175,4380.820085238175,1245,474,860
4384.358618481614,4384.233618481614,4384.483618481614,609,1710,1160
4377.533254067513,4377.408254067513,4377.658254067513,1459,2478,1969
4380.702148199569,4380.327148199569,4381.077148199569,2078,1807,1943
4380.065885513883,4379.815885513883,4380.315885513883,1946,1271,1609
4378.227251360365,4378.102251360365,4378.352251360365,2249,1342,1796
4374.880243487224,4374.505243487224,4375.255243487224,685,1526,1106
4383.808713321761,4383.683713321761,4383.933713321761,846,925,886
4389.5229483261855,4389.1479483261855,4389.8979483261855,682,1029,856
4391.482873571413,4391.357873571413,4391.607873571413,2314,1127,1721
4386.68949488013,4386.56449488013,4386.81449488013,2301,1242,1772
4389.44843372877,4389.07343372877,4389.82343372877,2193,816,1505
4388.652762805716,4388.277762805716,4389.027762805716,461,1374,918
4392.1570967230255,4392.0320967230255,4392.2820967230255,772,1603,1188
4396.397382074132,4396.272382074132,4396.522382074132,2017,1826,1922
4399.506555963514,4399.256555963514,4399.756555963514,2870,1063,1967
4400.848169751481,4400.723169751481,4400.973169751481,1002,2021,1512
4399.021826449334,4398.896826449334,4399.146826449334,1491,2076,1784
4388.5686100083785,4388.3186100083785,4388.8186100083785,1288,1235,1262
4383.63500745258,4383.51000745258,4383.76000745258,885,1484,1185
4386.802298901513,4386.677298901513,4386.927298901513,2145,1230,1688
4378.916266795902,4378.541266795902,4379.291266795902,1471,894,1183
4378.830628771419,4378.705628771419,4378.955628771419,926,1107,1017
4384.671625874409,4384.546625874409,4384.796625874409,1995,1996,1996
4381.927791824756,4381.677791824756,4382.177791824756,857,1592,1225
4391.632803713073,4391.507803713073,4391.757803713073,2450,1041,1746
4401.905030672265,4401.655030672265,4402.155030672265,1071,2820,1946
4402.501045480491,4402.376045480491,4402.626045480491,2205,1172,1689
4395.171804082589,4395.046804082589,4395.296804082589,2258,821,1540
4397.55189524127,4397.42689524127,4397.67689524127,1478,2309,1894
4392.665133544862,4392.415133544862,4392.915133544862,1070,1047,1059
4382.007786832605,4381.882786832605,4382.132786832605,2069,714,1392
4381.178092297522,4380.928092297522,4381.428092297522,1312,781,1047
4371.223331550685,4370.973331550685,4371.473331550685,725,1976,1351
4362.016727686249,4361.891727686249,4362.141727686249,1245,2280,1763
4358.54179543424,4358.41679543424,4358.66679543424,1785,708,1247
4364.3362335761085,4364.0862335761085,4364.5862335761085,1022,749,886
4368.531212326698,4368.281212326698,4368.781212326698,1199,1744,1472
4374.458368893195,4374.333368893195,4374.583368893195,974,1927,1451
4375.074612739864,4374.949612739864,4375.199612739864,1723,1710,1717
4369.0179421022085,4368.6429421022085,4369.3929421022085,944,2321,1633
4369.98991753757,4369.73991753757,4370.23991753757,2292,1567,1930
4377.903937501548,4377.653937501548,4378.153937501548,610,1457,1034
4376.565253882828,4376.440253882828,4376.690253882828,1462,1705,1584
4386.671477184765,4386.421477184765,4386.921477184765,575,1122,849
4382.069719369119,4381.694719369119,4382.444719369119,1748,1989,1869
4377.7255552724855,4377.4755552724855,4377.9755552724855,604,1699,1152
4379.567863397482,4379.442863397482,4379.692863397482,1728,1259,1494
4376.188106686772,4375.938106686772,4376.438106686772,1175,750,963
4375.950896660439,4375.825896660439,4376.075896660439,1540,2449,1995
4375.951627081616,4375.826627081616,4376.076627081616,2419,968,1694
4368.841360911551,4368.716360911551,4368.966360911551,1085,1672,1379
4365.5103140849415,4365.1353140849415,4365.8853140849415,1189,834,1012
4366.040645362358,4365.915645362358,4366.165645362358,823,1794,1309
4365.62487160755,4365.49987160755,4365.74987160755,2521,1278,1900
4360.8275722648505,4360.7025722648505,4360.9525722648505,924,2465,1695
4372.086070298005,4371.836070298005,4372.336070298005,2361,1496,1929
4378.942458144802,4378.817458144802,4379.067458144802,1717,2194,1956
4380.707347021367,4380.457347021367,4380.957347021367,1857,1280,1569
4378.255791082421,4377.880791082421,4378.630791082421,1280,2021,1651
4384.150707186993,4383.900707186993,4384.400707186993,758,2153,1456
4384.934118093861,4384.809118093861,4385.059118093861,1094,1061,1078
4395.370595184009,4395.245595184009,4395.495595184009,1336,777,1057
4402.797134816193,4402.547134816193,4403.047134816193,2010,789,1400
4400.975216421613,4400.850216421613,4401.100216421613,1088,2483,1786
4406.0059724164075,4405.8809724164075,4406.1309724164075,1559,822,1191
4408.856472058558,4408.731472058558,4408.981472058558,2204,1745,1975
4409.797629352543,4409.547629352543,4410.047629352543,750,861,806
4408.988682391883,4408.863682391883,4409.113682391883,777,2170,1474
4408.390290072147,4408.140290072147,4408.640290072147,1922,1325,1624
4408.852770044302,4408.727770044302,4408.977770044302,953,1674,1314
4406.396712042148,4406.271712042148,4406.521712042148,2283,1412,1848
4413.945693234971,4413.820693234971,4414.070693234971,2418,1065,1742
4420.380645048489,4420.005645048489,4420.755645048489,1060,1659,1360
4424.184761908598,4423.934761908598,4424.434761908598,718,1029,874
4421.336502175549,4421.086502175549,4421.586502175549,1944,969,1457
4422.781597257492,4422.531597257492,4423.031597257492,596,1513,1055
4413.145487621185,4413.020487621185,4413.270487621185,865,1130,998
4407.5058602266145,4407.3808602266145,4407.6308602266145,1825,1686,1756
4405.206296730538,4405.081296730538,4405.331296730538,1642,1469,1556
4397.388095531728,4397.263095531728,4397.513095531728,1778,1975,1877
4390.758263681209,4390.508263681209,4391.008263681209,427,1222,825
4394.520729427618,4394.270729427618,4394.770729427618,1458,1865,1662
4387.757249407212,4387.632249407212,4387.882249407212,1419,508,964
4389.68243696781,4389.55743696781,4389.80743696781,754,1157,956
4381.928253709059,4381.803253709059,4382.053253709059,1433,2366,1900
4393.304817654459,4393.179817654459,4393.429817654459,1145,906,1026
4386.054926569775,4385.804926569775,4386.304926569775,1212,2667,1940
4387.149792117194,4386.774792117194,4387.524792117194,1996,1203,1600
4393.518189851918,4393.268189851918,4393.768189851918,1646,975,1311
4395.482090631077,4395.232090631077,4395.732090631077,867,2102,1485
4398.814681188007,4398.689681188007,4398.939681188007,1017,754,886
4404.572612774859,4404.447612774859,4404.697612774859,1142,2273,1708
4403.050848578942,4402.675848578942,4403.425848578942,1786,887,1337
4406.511370934431,4406.261370934431,4406.761370934431,2524,969,1747
4413.127144349941,4412.877144349941,4413.377144349941,1013,1338,1176
4406.942588821482,4406.817588821482,4407.067588821482,1078,1137,1108
4412.944510223826,4412.694510223826,4413.194510223826,824,1637,1231
4400.73109675793,4400.60609675793,4400.85609675793,1502,1957,1730
4406.142301853271,4406.017301853271,4406.267301853271,2696,975,1836
4391.710468109223,4391.585468109223,4391.835468109223,1229,478,854
4388.636237713275,4388.511237713275,4388.761237713275,1601,1026,1314
4394.677542594544,4394.302542594544,4395.052542594544,1202,1341,1272
4391.18477260798,4390.93477260798,4391.43477260798,1271,688,980
4382.950595674542,4382.825595674542,4383.075595674542,1228,1409,1319
4382.498209658221,4382.248209658221,4382.748209658221,1020,1477,1249
4381.238875153289,4381.113875153289,4381.363875153289,1764,1563,1664
4371.198121806788,4371.073121806788,4371.323121806788,2131,1506,1819
4357.719669710816,4357.469669710816,4357.969669710816,1258,1529,1394
4360.869509682961,4360.494509682961,4361.244509682961,2281,1078,1680
4369.58401292255,4369.20901292255,4369.95901292255,1122,977,1050
4367.767804695378,4367.517804695378,4368.017804695378,790,1959,1375
4366.70767843545,4366.58267843545,4366.83267843545,2919,1076,1998
4355.594799441311,4355.344799441311,4355.844799441311,710,1411,1061
4362.242925213332,4362.117925213332,4362.367925213332,721,1312,1017
4364.194145732267,4364.069145732267,4364.319145732267,1391,1272,1332
4369.401575826647,4369.276575826647,4369.526575826647,1067,724,896
4373.516255809529,4373.391255809529,4373.641255809529,1221,1598,1410
4376.879843517998,4376.629843517998,4377.129843517998,780,2231,1506
4372.689185075578,4372.564185075578,4372.814185075578,1159,972,1066
4373.635300106422,4373.385300106422,4373.885300106422,1196,895,1046
4378.196352392477,4377.946352392477,4378.446352392477,1370,1455,1413
4377.718193186834,4377.593193186834,4377.843193186834,1388,1995,1692
4375.100891756678,4374.975891756678,4375.225891756678,1523,1292,1408
4368.023266768242,4367.898266768242,4368.148266768242,880,1033,957
4359.998516279219,4359.748516279219,4360.248516279219,546,1155,851
4362.53696039918,4362.41196039918,4362.66196039918,1854,1905,1880
4367.167303559766,4367.042303559766,4367.292303559766,1568,1749,1659
4372.310366756719,4372.185366756719,4372.435366756719,875,1614,1245
4374.260618330135,4374.135618330135,4374.385618330135,1562,1469,1516
4372.767995560742,4372.642995560742,4372.892995560742,1670,2309,1990
4376.971297847622,4376.846297847622,4377.096297847622,1751,1830,1791
4379.498799209877,4379.373799209877,4379.623799209877,1871,1426,1649
4381.085384154631,4380.960384154631,4381.210384154631,675,1116,896
4385.792100567006,4385.542100567006,4386.042100567006,1011,2120,1566
4386.432542201298,4386.307542201298,4386.557542201298,1599,1348,1474
4380.816995743997,4380.691995743997,4380.941995743997,1515,1226,1371
4379.462013981033,4379.337013981033,4379.587013981033,1090,2555,1823
4385.015853558725,4384.890853558725,4385.140853558725,1827,968,1398
4381.535185118383,4381.410185118383,4381.660185118383,2193,886,1540
4370.170490050489,4370.045490050489,4370.295490050489,2030,1081,1556
4367.226984011263,4366.976984011263,4367.476984011263,1308,2365,1837
4357.962717006558,4357.837717006558,4358.087717006558,1804,819,1312
4358.092892212749,4357.967892212749,4358.217892212749,2099,1734,1917
4359.0884198044605,4358.7134198044605,4359.4634198044605,1155,1524,1340
4352.406564593949,4352.156564593949,4352.656564593949,1518,915,1217
4357.918060034021,4357.793060034021,4358.043060034021,2183,1028,1606
4362.289921482521,4361.914921482521,4362.664921482521,774,1851,1313
4362.736386900234,4362.611386900234,4362.861386900234,1355,2392,1874
4365.663156841418,4365.538156841418,4365.788156841418,1332,2447,1890
4358.453660169701,4358.328660169701,4358.578660169701,700,981,841
4363.314432513105,4363.189432513105,4363.439432513105,2152,1441,1797
4360.712221242841,4360.462221242841,4360.962221242841,909,1024,967
4360.362304937773,4360.237304937773,4360.487304937773,1806,1551,1679
4363.350569474893,4363.225569474893,4363.475569474893,529,1180,855
4368.850682192811,4368.600682192811,4369.100682192811,1490,815,1153
4360.169458661034,4359.919458661034,4360.419458661034,1985,802,1394
4353.024029216567,4352.774029216567,4353.274029216567,1815,908,1362
4355.913444771811,4355.788444771811,4356.038444771811,778,2297,1538
4354.2730705318145,4353.8980705318145,4354.6480705318145,1453,1884,1669
4356.811848534015,4356.561848534015,4357.061848534015,836,1239,1038
4358.877253311873,4358.752253311873,4359.002253311873,485,1324,905
4352.341027589241,4352.216027589241,4352.466027589241,1208,2409,1809
4349.945129162513,4349.820129162513,4350.070129162513,767,1976,1372
4347.1201822495195,4346.8701822495195,4347.3701822495195,1751,698,1225
4350.155637158323,4349.905637158323,4350.405637158323,2066,1927,1997
4345.062620798121,4344.937620798121,4345.187620798121,1680,625,1153
4344.195647973564,4344.070647973564,4344.320647973564,934,2789,1862
4341.64014578603,4341.39014578603,4341.89014578603,2377,1424,1901
4335.732265719004,4335.607265719004,4335.857265719004,774,907,841
4334.529206650184,4334.404206650184,4334.654206650184,1532,717,1125
4331.75380466343,4331.50380466343,4332.00380466343,1515,536,1026
4334.143751002918,4333.893751002918,4334.393751002918,633,1506,1070
4330.26909259194,4330.14409259194,4330.39409259194,707,1160,934
4329.499582052743,4329.374582052743,4329.624582052743,1656,1769,1713
4325.567827742993,4325.192827742993,4325.942827742993,2166,1701,1934
4329.058242952753,4328.808242952753,4329.308242952753,718,1783,1251
4334.443954605376,4334.193954605376,4334.693954605376,1080,2307,1694
4327.799769179203,4327.674769179203,4327.924769179203,613,1398,1006
4324.38768460584,4324.26268460584,4324.51268460584,1532,1235,1384
4320.835928760131,4320.585928760131,4321.085928760131,1896,1891,1894
4319.146806859035,4318.896806859035,4319.396806859035,968,1857,1413
4320.466351426667,4320.341351426667,4320.591351426667,1087,1846,1467
4317.1661902176265,4317.0411902176265,4317.2911902176265,1169,2106,1638
4326.526821106697,4326.276821106697,4326.776821106697,1013,628,821
4337.564126513701,4337.439126513701,4337.689126513701,2272,909,1591
4330.393826989912,4330.268826989912,4330.518826989912,2358,1315,1837
4333.791425936781,4333.666425936781,4333.916425936781,1709,754,1232
4336.622726152918,4336.497726152918,4336.747726152918,706,1073,890
4349.057755151923,4348.807755151923,4349.307755151923,1143,1374,1259
4345.329792012423,4345.204792012423,4345.454792012423,2200,793,1497
4337.972640445184,4337.597640445184,4338.347640445184,945,2576,1761
4341.74038021879,4341.49038021879,4341.99038021879,1858,1941,1900
4343.417144055636,4343.292144055636,4343.542144055636,1779,976,1378
4342.463744660923,4342.088744660923,4342.838744660923,1866,919,1393
4343.858124715953,4343.733124715953,4343.983124715953,2208,759,1484
4347.175034086304,4347.050034086304,4347.300034086304,1970,1167,1569
4347.302740023288,4347.177740023288,4347.427740023288,1094,1517,1306
4351.689800424525,4351.439800424525,4351.939800424525,2470,945,1708
4349.630057639026,4349.255057639026,4350.005057639026,1231,1584,1408
4351.427500232201,4351.302500232201,4351.552500232201,2337,1476,1907
4346.808311093888,4346.433311093888,4347.183311093888,1657,1122,1390
4347.089632701734,4346.714632701734,4347.464632701734,1283,1736,1510
4342.879874753389,4342.754874753389,4343.004874753389,1166,983,1075
4339.49494987965,4339.24494987965,4339.74494987965,984,709,847
4339.959024475224,4339.584024475224,4340.334024475224,1348,1371,1360
4345.761264417431,4345.511264417431,4346.011264417431,1394,2501,1948
4343.8184231580235,4343.6934231580235,4343.9434231580235,1477,606,1042
