close,bid,ask,bid_volume,ask_volume,volume
4499.577596388181,4499.327596388181,4499.827596388181,1293,1480,1387
4505.068513656063,4504.943513656063,4505.193513656063,1073,1408,1241
4503.593602305832,4503.468602305832,4503.718602305832,2081,1290,1686
4503.303948416233,4503.178948416233,4503.428948416233,2580,1055,1818
4504.447969876411,4504.322969876411,4504.572969876411,1474,1543,1509
4500.497067894248,4500.372067894248,4500.622067894248,820,2319,1570
4504.597187345568,4504.347187345568,4504.847187345568,1533,590,1062
4507.789092783833,4507.539092783833,4508.039092783833,929,1214,1072
4507.319031296335,4507.194031296335,4507.444031296335,1543,896,1220
4512.834541008914,4512.709541008914,4512.959541008914,598,1307,953
4516.619359936517,4516.494359936517,4516.744359936517,1088,839,964
4514.0195855615675,4513.6445855615675,4514.3945855615675,1580,543,1062
4514.61694329602,4514.24194329602,4514.99194329602,1938,951,1445
4513.509868484936,4513.259868484936,4513.759868484936,1147,1124,1136
4513.591521144053,4513.466521144053,4513.716521144053,2311,1064,1688
4510.898535480038,4510.773535480038,4511.023535480038,1722,695,1209
4511.602976043903,4511.477976043903,4511.727976043903,1366,623,995
4509.495189429788,4509.120189429788,4509.870189429788,1529,586,1058
4509.016950003484,4508.891950003484,4509.141950003484,669,978,824
4502.1505557827195,4502.0255557827195,4502.2755557827195,2302,797,1550
4503.542428242254,4503.417428242254,4503.667428242254,2061,994,1528
4502.036037845385,4501.911037845385,4502.161037845385,1240,633,937
4503.583218963822,4503.458218963822,4503.708218963822,2066,1793,1930
4504.459244091606,4504.209244091606,4504.709244091606,1671,1220,1446
4503.279638308597,4503.154638308597,4503.404638308597,1245,1930,1588
4501.301864842123,4501.051864842123,4501.551864842123,1071,612,842
4496.493597780662,4496.368597780662,4496.618597780662,1054,2665,1860
4494.656977107178,4494.531977107178,4494.781977107178,1129,2254,1692
4494.828502798645,4494.703502798645,4494.953502798645,2262,1217,1740
4496.527019957955,4496.277019957955,4496.777019957955,1884,1123,1504
4499.9498929121655,4499.8248929121655,4500.0748929121655,2541,1306,1924
4498.74547130591,4498.62047130591,4498.87047130591,1854,1441,1648
4500.032175578452,4499.657175578452,4500.407175578452,2032,1367,1700
4502.247321457703,4502.122321457703,4502.372321457703,840,1229,1035
4503.72180754967,4503.59680754967,4503.84680754967,1257,2410,1834
4501.159968648095,4500.784968648095,4501.534968648095,981,2454,1718
4499.070433118525,4498.945433118525,4499.195433118525,1643,2016,1830
4501.767403770942,4501.642403770942,4501.892403770942,1667,1252,1460
4500.055142215447,4499.930142215447,4500.180142215447,555,1360,958
4496.5408937332895,4496.1658937332895,4496.9158937332895,1205,1062,1134
4496.866753922576,4496.741753922576,4496.991753922576,2046,689,1368
4498.1112781609045,4497.9862781609045,4498.2362781609045,828,1027,928
4494.497303535841,4494.247303535841,4494.747303535841,535,1238,887
4493.239444522322,4492.989444522322,4493.489444522322,784,1033,909
4496.649430336753,4496.524430336753,4496.774430336753,1794,995,1395
4499.526828330033,4499.276828330033,4499.776828330033,1604,953,1279
4499.529483586645,4499.404483586645,4499.654483586645,1954,1185,1570
4500.6592455334185,4500.4092455334185,4500.9092455334185,1165,448,807
4497.745859891977,4497.620859891977,4497.870859891977,903,1772,1338
4497.759551865705,4497.634551865705,4497.884551865705,2841,1080,1961
4498.084680495101,4497.959680495101,4498.209680495101,726,1193,960
4494.879776547843,4494.629776547843,4495.129776547843,1036,1295,1166
4494.436781754582,4494.311781754582,4494.561781754582,1385,1356,1371
4491.3279050775345,4491.2029050775345,4491.4529050775345,830,1341,1086
4491.6334305334485,4491.3834305334485,4491.8834305334485,1222,1429,1326
4488.690258319257,4488.440258319257,4488.940258319257,1235,1788,1512
4487.403536792743,4487.153536792743,4487.653536792743,1189,834,1012
4488.08912870431,4487.83912870431,4488.33912870431,2052,947,1500
4491.555772053027,4491.305772053027,4491.805772053027,1336,1037,1187
4493.565380742976,4493.440380742976,4493.690380742976,1545,576,1061
4492.151393236817,4492.026393236817,4492.276393236817,1950,941,1446
4490.041166445194,4489.666166445194,4490.416166445194,939,2184,1562
4492.073214926263,4491.823214926263,4492.323214926263,1088,811,950
4490.38050691309,4490.13050691309,4490.63050691309,1080,1085,1083
4489.1632376189855,4489.0382376189855,4489.2882376189855,1074,2761,1918
4490.66044200503,4490.53544200503,4490.78544200503,721,1732,1227
4491.91010475447,4491.78510475447,4492.03510475447,1219,2152,1686
4494.812544073162,4494.687544073162,4494.937544073162,2231,1084,1658
4493.872329355331,4493.622329355331,4494.122329355331,1291,772,1032
4493.37504812109,4493.12504812109,4493.62504812109,2369,898,1634
4490.909465258977,4490.659465258977,4491.159465258977,1565,1082,1324
4493.187939737008,4492.812939737008,4493.562939737008,1482,1131,1307
4492.955120176467,4492.705120176467,4493.205120176467,2290,1179,1735
4496.059283511046,4495.809283511046,4496.309283511046,1383,1116,1250
4498.299624585717,4498.174624585717,4498.424624585717,702,1113,908
4498.0566349785,4497.8066349785,4498.3066349785,1452,1857,1655
4498.144709400663,4498.019709400663,4498.269709400663,1683,1448,1566
4494.4602206931595,4494.3352206931595,4494.5852206931595,2240,1475,1858
4492.752244867184,4492.377244867184,4493.127244867184,1268,491,880
4489.926592978722,4489.801592978722,4490.051592978722,651,960,806
4488.473631864242,4488.348631864242,4488.598631864242,1832,1561,1697
4491.364314063761,4491.239314063761,4491.489314063761,2445,1148,1797
4491.658075574865,4491.533075574865,4491.783075574865,717,1774,1246
4491.8492747344235,4491.5992747344235,4492.0992747344235,575,1580,1078
4489.160640133163,4489.035640133163,4489.285640133163,959,1300,1130
4486.01111461628,4485.88611461628,4486.13611461628,819,1020,920
4484.5695541548685,4484.4445541548685,4484.6945541548685,1043,1408,1226
4479.26201236373,4479.13701236373,4479.38701236373,1355,2204,1780
4481.300953323192,4481.175953323192,4481.425953323192,1315,640,978
4480.631175572453,4480.506175572453,4480.756175572453,1000,973,987
4480.340099172155,4480.090099172155,4480.590099172155,1225,512,869
4480.347444618722,4480.222444618722,4480.472444618722,1424,2311,1868
4478.051888071385,4477.926888071385,4478.176888071385,1520,2067,1794
4479.961586857225,4479.711586857225,4480.211586857225,1666,981,1324
4483.177299833633,4483.052299833633,4483.302299833633,1234,1385,1310
4478.883211005432,4478.633211005432,4479.133211005432,564,1359,962
4479.212164011103,4479.087164011103,4479.337164011103,1272,1763,1518
4482.291811266466,4482.166811266466,4482.416811266466,1378,1959,1669
4485.240356093229,4484.865356093229,4485.615356093229,1657,892,1275
4485.256300468325,4485.131300468325,4485.381300468325,615,1594,1105
4490.625341910852,4490.500341910852,4490.750341910852,2786,937,1862
4487.58661980205,4487.46161980205,4487.71161980205,1471,838,1155
4484.6648032458015,4484.5398032458015,4484.7898032458015,1604,2077,1841
4480.584947535486,4480.459947535486,4480.709947535486,548,1521,1035
4477.54927836118,4477.42427836118,4477.67427836118,1581,602,1092
4477.707417955327,4477.582417955327,4477.832417955327,2602,919,1761
4479.583694210236,4479.333694210236,4479.833694210236,1317,906,1112
4482.856137187772,4482.606137187772,4483.106137187772,2122,1653,1888
4480.146605870647,4480.021605870647,4480.271605870647,2165,1096,1631
4482.578990290144,4482.453990290144,4482.703990290144,2075,1430,1753
4484.531330762171,4484.281330762171,4484.781330762171,1697,2092,1895
4481.370598897272,4481.245598897272,4481.495598897272,1854,651,1253
4481.511333109919,4481.386333109919,4481.636333109919,1524,1335,1430
4476.307332049268,4476.057332049268,4476.557332049268,1790,1961,1876
4476.933603624311,4476.808603624311,4477.058603624311,1584,1613,1599
4480.925559896334,4480.550559896334,4481.300559896334,1242,841,1042
4479.900185342479,4479.775185342479,4480.025185342479,969,1144,1057
4478.988412370841,4478.738412370841,4479.238412370841,435,1270,853
4480.728872087005,4480.478872087005,4480.978872087005,1262,2319,1791
4480.804394514646,4480.554394514646,4481.054394514646,2478,1505,1992
4482.240765786726,4482.115765786726,4482.365765786726,1164,859,1012
4483.556894599807,4483.431894599807,4483.681894599807,831,2038,1435
4485.175054843464,4484.925054843464,4485.425054843464,1718,1493,1606
4481.105493668837,4480.855493668837,4481.355493668837,2801,1042,1922
4478.276118754573,4478.151118754573,4478.401118754573,1051,2894,1973
4479.03011255893,4478.78011255893,4479.28011255893,1374,2543,1959
4481.459361589885,4481.334361589885,4481.584361589885,1027,2146,1587
4479.223146257153,4478.848146257153,4479.598146257153,1029,1092,1061
4478.940415307164,4478.815415307164,4479.065415307164,908,1657,1283
4478.384082255782,4478.259082255782,4478.509082255782,998,1991,1495
4474.381750657963,4474.131750657963,4474.631750657963,2143,944,1544
4472.859380396321,4472.734380396321,4472.984380396321,1543,1152,1348
4472.832557282968,4472.582557282968,4473.082557282968,898,777,838
4474.428176493599,4474.303176493599,4474.553176493599,1613,1500,1557
4470.4695816691,4470.2195816691,4470.7195816691,616,1513,1065
4474.7727186695065,4474.5227186695065,4475.0227186695065,839,2060,1450
4477.419067384243,4477.294067384243,4477.544067384243,1440,2385,1913
4477.072128337588,4476.947128337588,4477.197128337588,1693,1852,1773
4483.230468040377,4482.980468040377,4483.480468040377,751,1468,1110
4485.399516678565,4485.024516678565,4485.774516678565,1858,1141,1500
4488.846866998519,4488.596866998519,4489.096866998519,904,1461,1183
4488.643690264001,4488.518690264001,4488.768690264001,1221,2018,1620
4489.309303607939,4489.184303607939,4489.434303607939,2347,1504,1926
4492.663353473788,4492.288353473788,4493.038353473788,1668,557,1113
4494.859199635134,4494.609199635134,4495.109199635134,1108,875,992
4497.696027386952,4497.571027386952,4497.821027386952,1284,2081,1683
4498.887819803588,4498.762819803588,4499.012819803588,1239,1370,1305
4499.634431214016,4499.509431214016,4499.759431214016,781,2068,1425
4497.969008064574,4497.719008064574,4498.219008064574,1644,701,1173
4497.741494833118,4497.366494833118,4498.116494833118,1021,578,800
4496.639855966578,4496.514855966578,4496.764855966578,586,1139,863
4492.617106699646,4492.367106699646,4492.867106699646,948,1677,1313
4491.400608111481,4491.275608111481,4491.525608111481,690,1005,848
4492.798493157771,4492.673493157771,4492.923493157771,840,1193,1017
4492.4607102486125,4492.3357102486125,4492.5857102486125,824,2353,1589
4495.44030135912,4495.31530135912,4495.56530135912,1559,1460,1510
4494.617270102191,4494.492270102191,4494.742270102191,1709,2160,1935
4496.422869240663,4496.047869240663,4496.797869240663,948,1133,1041
4497.784685002826,4497.659685002826,4497.909685002826,1407,852,1130
4500.104270128641,4499.979270128641,4500.229270128641,2849,1044,1947
4504.680006681384,4504.555006681384,4504.805006681384,1614,613,1114
4509.942058016195,4509.817058016195,4510.067058016195,787,2030,1409
4508.660221394803,4508.535221394803,4508.785221394803,2587,932,1760
4508.492645618801,4508.367645618801,4508.617645618801,682,1017,850
4510.661540277688,4510.411540277688,4510.911540277688,1082,2741,1912
4509.908197984758,4509.783197984758,4510.033197984758,953,1810,1382
4511.538722342963,4511.413722342963,4511.663722342963,763,1302,1033
4511.046479976694,4510.921479976694,4511.171479976694,1796,623,1210
4510.095003420203,4509.970003420203,4510.220003420203,705,924,815
4510.620851171254,4510.245851171254,4510.995851171254,1254,1221,1238
4512.785475293445,4512.660475293445,4512.910475293445,994,821,908
4512.899037767517,4512.649037767517,4513.149037767517,651,1052,852
4512.615272629582,4512.490272629582,4512.740272629582,2012,871,1442
4516.092216302676,4515.842216302676,4516.342216302676,557,1648,1103
4517.123764953397,4516.998764953397,4517.248764953397,1851,1728,1790
4515.41307383263,4515.28807383263,4515.53807383263,1409,1780,1595
4520.475652577654,4520.350652577654,4520.600652577654,801,1156,979
4518.859647572586,4518.484647572586,4519.234647572586,1715,2062,1889
4514.776192411144,4514.651192411144,4514.901192411144,1251,1054,1153
4514.29148993329,4514.16648993329,4514.41648993329,1595,706,1151
4512.90651667259,4512.78151667259,4513.03151667259,1301,1142,1222
4511.434330273529,4511.309330273529,4511.559330273529,1207,1958,1583
4514.0696049804665,4513.8196049804665,4514.3196049804665,2633,1166,1900
4515.282810201524,4514.907810201524,4515.657810201524,1422,1109,1266
4518.371917673973,4518.246917673973,4518.496917673973,2337,1286,1812
4519.600115570628,4519.475115570628,4519.725115570628,1386,2197,1792
4523.285782385703,4523.160782385703,4523.410782385703,731,1520,1126
4525.921417722713,4525.796417722713,4526.046417722713,982,1141,1062
4527.873260824292,4527.748260824292,4527.998260824292,881,1470,1176
4527.925492164699,4527.800492164699,4528.050492164699,991,1652,1322
4527.156118337604,4527.031118337604,4527.281118337604,997,2868,1933
4529.262247092929,4529.012247092929,4529.512247092929,1627,1404,1516
4528.293278729086,4528.043278729086,4528.543278729086,2111,988,1550
4527.768244110219,4527.643244110219,4527.893244110219,2175,904,1540
4525.221857364049,4525.096857364049,4525.346857364049,2374,959,1667
4526.100359837501,4525.975359837501,4526.225359837501,765,918,842
4527.6354696246135,4527.3854696246135,4527.8854696246135,1460,1377,1419
4529.820976475873,4529.695976475873,4529.945976475873,2359,1122,1741
4529.936338774226,4529.811338774226,4530.061338774226,1586,1839,1713
4529.217886509931,4529.092886509931,4529.342886509931,983,1136,1060
4526.853387649898,4526.728387649898,4526.978387649898,1637,878,1258
4521.69430921139,4521.56930921139,4521.81930921139,1986,1779,1883
4519.532654074777,4519.282654074777,4519.782654074777,1868,1995,1932
4519.803245720252,4519.678245720252,4519.928245720252,995,638,817
4520.903394225454,4520.778394225454,4521.028394225454,1016,601,809
4527.340162195895,4527.215162195895,4527.465162195895,762,1241,1002
4530.9497245366465,4530.8247245366465,4531.0747245366465,2364,1115,1740
4530.046356117118,4529.921356117118,4530.171356117118,811,854,833
4528.040897454881,4527.915897454881,4528.165897454881,1864,1079,1472
4531.118042443733,4530.993042443733,4531.243042443733,1589,1228,1409
4533.67023557455,4533.54523557455,4533.79523557455,1022,2297,1660
4531.8195618061645,4531.6945618061645,4531.9445618061645,1995,1108,1552
4536.14206108496,4536.01706108496,4536.26706108496,1790,2037,1914
4532.058042694655,4531.933042694655,4532.183042694655,827,1090,959
4531.609120997838,4531.484120997838,4531.734120997838,1061,1650,1356
4529.454427016503,4529.204427016503,4529.704427016503,582,1639,1111
4530.5310714539355,4530.4060714539355,4530.6560714539355,920,2437,1679
4530.247629762835,4530.122629762835,4530.372629762835,1485,1434,1460
4528.00718760698,4527.75718760698,4528.25718760698,935,894,915
4522.548197068098,4522.423197068098,4522.673197068098,1304,767,1036
4525.161974880665,4524.911974880665,4525.411974880665,672,1913,1293
4524.334705976786,4524.209705976786,4524.459705976786,1571,1996,1784
4523.16841152112,4523.04341152112,4523.29341152112,1883,816,1350
4523.431039595395,4523.306039595395,4523.556039595395,1965,1174,1570
4523.089368643491,4522.964368643491,4523.214368643491,2657,1308,1983
4525.45725909362,4525.33225909362,4525.58225909362,1325,1232,1279
4528.14904463016,4527.89904463016,4528.39904463016,1517,1944,1731
4529.419983374571,4529.294983374571,4529.544983374571,2127,726,1427
4530.330724939781,4530.205724939781,4530.455724939781,1135,1268,1202
4530.661139834487,4530.536139834487,4530.786139834487,1422,1671,1547
4532.810298428439,4532.685298428439,4532.935298428439,663,1780,1222
4534.317862980552,4534.192862980552,4534.442862980552,1553,770,1162
4538.7569480159145,4538.6319480159145,4538.8819480159145,878,2481,1680
4542.089813121733,4541.964813121733,4542.214813121733,1233,862,1048
4542.025275026022,4541.775275026022,4542.275275026022,2186,1595,1891
4544.553090489281,4544.428090489281,4544.678090489281,1313,844,1079
4545.463593229872,4545.338593229872,4545.588593229872,863,1278,1071
4545.111323191491,4544.986323191491,4545.236323191491,1216,795,1006
4546.260398168356,4546.135398168356,4546.385398168356,1831,1106,1469
4539.071342064509,4538.946342064509,4539.196342064509,939,814,877
4539.674033045844,4539.549033045844,4539.799033045844,2634,1339,1987
4544.6948287131,4544.5698287131,4544.8198287131,805,1532,1169
4546.768306759949,4546.518306759949,4547.018306759949,2269,1022,1646
4547.083179058529,4546.958179058529,4547.208179058529,1738,775,1257
4543.866523319748,4543.741523319748,4543.991523319748,1175,588,882
4543.264534232362,4543.139534232362,4543.389534232362,1418,667,1043
4543.5124162959855,4543.3874162959855,4543.6374162959855,2352,943,1648
4546.644169360414,4546.394169360414,4546.894169360414,1381,1044,1213
4546.3707033716455,4546.1207033716455,4546.6207033716455,933,1270,1102
4549.641348911101,4549.516348911101,4549.766348911101,573,1220,897
4547.893270269778,4547.518270269778,4548.268270269778,1707,740,1224
4552.114547789622,4551.864547789622,4552.364547789622,905,1172,1039
4546.222622957087,4546.097622957087,4546.347622957087,909,2678,1794
4542.715864236475,4542.465864236475,4542.965864236475,610,1193,902
4543.843154164798,4543.593154164798,4544.093154164798,1555,1954,1755
4539.9553465656345,4539.7053465656345,4540.2053465656345,1507,2348,1928
4540.785058548856,4540.535058548856,4541.035058548856,883,1016,950
4544.043589176917,4543.918589176917,4544.168589176917,725,1622,1174
4549.135726495887,4549.010726495887,4549.260726495887,935,1194,1065
4546.649086532499,4546.524086532499,4546.774086532499,1372,1509,1441
4538.026393436654,4537.776393436654,4538.276393436654,672,1271,972
4537.823279068863,4537.698279068863,4537.948279068863,2134,1761,1948
4538.229991599172,4538.104991599172,4538.354991599172,1342,961,1152
4540.18609856054,4539.93609856054,4540.43609856054,1888,1345,1617
4537.954701435731,4537.579701435731,4538.329701435731,971,1014,993
4537.449059390315,4537.199059390315,4537.699059390315,1168,559,864
4539.132213280117,4539.007213280117,4539.257213280117,506,1113,810
4542.779565772666,4542.654565772666,4542.904565772666,1870,1383,1627
4538.63848698927,4538.38848698927,4538.88848698927,765,2090,1428
4539.055711429793,4538.930711429793,4539.180711429793,1151,2788,1970
4536.455938336039,4536.330938336039,4536.580938336039,582,1241,912
4536.369304536989,4536.244304536989,4536.494304536989,1768,1579,1674
4537.036132799568,4536.911132799568,4537.161132799568,1041,662,852
4536.144820357914,4535.894820357914,4536.394820357914,1677,710,1194
4533.5846569582745,4533.4596569582745,4533.7096569582745,1508,1103,1306
4527.938436224189,4527.813436224189,4528.063436224189,904,735,820
4530.246099290674,4530.121099290674,4530.371099290674,1137,750,944
4530.622512152545,4530.497512152545,4530.747512152545,1306,715,1011
4524.017677222516,4523.767677222516,4524.267677222516,1160,491,826
4526.174385328133,4525.799385328133,4526.549385328133,575,1400,988
4522.254151689566,4522.129151689566,4522.379151689566,977,1956,1467
4525.463056383497,4525.338056383497,4525.588056383497,1693,912,1303
4523.725100353151,4523.600100353151,4523.850100353151,1191,1254,1223
4524.424451164488,4524.174451164488,4524.674451164488,1450,1283,1367
4527.595682683064,4527.470682683064,4527.720682683064,968,1279,1124
4531.309531320417,4531.184531320417,4531.434531320417,2063,1798,1931
4533.059779389157,4532.934779389157,4533.184779389157,2006,1755,1881
4533.169160280421,4533.044160280421,4533.294160280421,1552,1729,1641
4526.978018746256,4526.728018746256,4527.228018746256,2728,1107,1918
4526.120585280796,4525.870585280796,4526.370585280796,1688,1577,1633
4521.1557558063805,4520.7807558063805,4521.5307558063805,1430,1697,1564
4517.82296528582,4517.57296528582,4518.07296528582,1659,1418,1539
4516.3229835054335,4516.1979835054335,4516.4479835054335,2522,1141,1832
4509.43083548671,4509.30583548671,4509.55583548671,1135,656,896
4511.42310045049,4511.29810045049,4511.54810045049,664,1955,1310
4510.123735318392,4509.873735318392,4510.373735318392,854,2367,1611
4505.281913361551,4504.906913361551,4505.656913361551,689,1324,1007
4507.005627908569,4506.880627908569,4507.130627908569,2487,1194,1841
4509.928639155512,4509.803639155512,4510.053639155512,1939,752,1346
4510.129595484885,4509.879595484885,4510.379595484885,1356,483,920
4510.301322180088,4510.176322180088,4510.426322180088,1451,552,1002
4511.719289692287,4511.594289692287,4511.844289692287,2072,1725,1899
4510.621895407718,4510.246895407718,4510.996895407718,921,1580,1251
4511.653593516526,4511.403593516526,4511.903593516526,2658,1083,1871
4515.956717995145,4515.831717995145,4516.081717995145,1763,1440,1602
4523.936558672893,4523.811558672893,4524.061558672893,743,1758,1251
4527.947614424075,4527.697614424075,4528.197614424075,854,2537,1696
4526.00524461566,4525.75524461566,4526.25524461566,1405,764,1085
4524.165554328075,4524.040554328075,4524.290554328075,557,1496,1027
4525.46800889552,4525.34300889552,4525.59300889552,1102,1577,1340
4530.781400935695,4530.406400935695,4531.156400935695,913,1192,1053
4526.063512300278,4525.813512300278,4526.313512300278,1285,2052,1669
4527.093671249065,4526.968671249065,4527.218671249065,1259,908,1084
4530.923524157432,4530.798524157432,4531.048524157432,2401,958,1680
4532.183116692008,4531.808116692008,4532.558116692008,2239,1442,1841
4532.286103697886,4532.161103697886,4532.411103697886,941,2014,1478
4533.230653531726,4533.105653531726,4533.355653531726,2234,959,1597
4536.9660837898045,4536.5910837898045,4537.3410837898045,713,1834,1274
4535.333293535385,4535.208293535385,4535.458293535385,1041,1060,1051
4531.954316254611,4531.579316254611,4532.329316254611,2445,874,1660
4533.600252731508,4533.475252731508,4533.725252731508,1203,2742,1973
4535.271832359077,4535.146832359077,4535.396832359077,2214,913,1564
4534.26990489839,4534.14490489839,4534.39490489839,1609,1192,1401
4534.159079848376,4534.034079848376,4534.284079848376,830,1791,1311
4534.595113333068,4534.220113333068,4534.970113333068,1943,1950,1947
4529.554991782603,4529.429991782603,4529.679991782603,1092,891,992
4529.185445119418,4529.060445119418,4529.310445119418,1073,640,857
4530.841552251064,4530.591552251064,4531.091552251064,1321,1092,1207
4532.925417688872,4532.675417688872,4533.175417688872,1703,2170,1937
4536.79655729229,4536.67155729229,4536.92155729229,1735,1376,1556
4532.726438739952,4532.601438739952,4532.851438739952,1039,1380,1210
4540.5809641111155,4540.3309641111155,4540.8309641111155,1043,2796,1920
4539.225545910511,4539.100545910511,4539.350545910511,1051,1962,1507
4543.382876872082,4543.257876872082,4543.507876872082,1109,2044,1577
4545.806072567516,4545.681072567516,4545.931072567516,1233,438,836
4541.91124906835,4541.53624906835,4542.28624906835,1237,1180,1209
4542.824975223441,4542.574975223441,4543.074975223441,589,1134,862
4543.637123900892,4543.512123900892,4543.762123900892,748,1215,982
4541.427904103445,4541.302904103445,4541.552904103445,1124,999,1062
4545.6634379126535,4545.5384379126535,4545.7884379126535,2176,837,1507
4543.804661815103,4543.679661815103,4543.929661815103,1981,988,1485
4537.647825666258,4537.397825666258,4537.897825666258,2317,1404,1861
4544.385638197486,4544.135638197486,4544.635638197486,903,2368,1636
4546.2084835474925,4546.0834835474925,4546.3334835474925,1665,1478,1572
4543.4969350152705,4543.3719350152705,4543.6219350152705,954,1709,1332
4543.162315016632,4543.037315016632,4543.287315016632,568,1501,1035
4544.78483649081,4544.65983649081,4544.90983649081,781,1834,1308
4549.483410163212,4549.358410163212,4549.608410163212,977,1418,1198
4548.827137617712,4548.702137617712,4548.952137617712,1427,2160,1794
4544.6252522480545,4544.5002522480545,4544.7502522480545,989,1830,1410
4550.017163630589,4549.767163630589,4550.267163630589,1288,1445,1367
4547.722277990277,4547.597277990277,4547.847277990277,1120,1575,1348
4546.433449685866,4546.308449685866,4546.558449685866,1064,1253,1159
4548.190247588062,4547.940247588062,4548.440247588062,1050,2767,1909
4552.7058405272055,4552.4558405272055,4552.9558405272055,722,2161,1442
4551.345529054129,4551.220529054129,4551.470529054129,1488,1397,1443
4552.356505839699,4552.231505839699,4552.481505839699,1142,779,961
4550.086166865357,4549.711166865357,4550.461166865357,1260,633,947
4547.73623911676,4547.61123911676,4547.86123911676,1023,2170,1597
4541.726300008585,4541.601300008585,4541.851300008585,916,2227,1572
4539.060569219916,4538.810569219916,4539.310569219916,1425,1358,1392
4539.515006283146,4539.140006283146,4539.890006283146,2428,1353,1891
4536.640825759097,4536.515825759097,4536.765825759097,1341,638,990
4534.141880798164,4534.016880798164,4534.266880798164,850,2243,1547
4531.373706679979,4531.123706679979,4531.623706679979,1341,1660,1501
4531.791864688247,4531.666864688247,4531.916864688247,1816,2109,1963
4533.675207534396,4533.550207534396,4533.800207534396,1293,1212,1253
4532.686070362038,4532.561070362038,4532.811070362038,1365,2274,1820
4531.708342869106,4531.458342869106,4531.958342869106,1567,1752,1660
4531.575949380574,4531.450949380574,4531.700949380574,824,2451,1638
4538.349854612876,4538.099854612876,4538.599854612876,1415,930,1173
4533.091194470726,4532.841194470726,4533.341194470726,1728,1639,1684
4535.591789558785,4535.466789558785,4535.716789558785,1446,541,994
4534.434936772596,4534.309936772596,4534.559936772596,2682,1161,1922
4529.994421645207,4529.869421645207,4530.119421645207,1166,2555,1861
4534.606458999882,4534.356458999882,4534.856458999882,1452,587,1020
4532.251264026518,4532.126264026518,4532.376264026518,1184,1329,1257
4534.45585563334,4534.33085563334,4534.58085563334,966,1257,1112
4535.920366152623,4535.670366152623,4536.170366152623,2071,720,1396
4535.894444554292,4535.519444554292,4536.269444554292,1890,1113,1502
4543.860446183105,4543.610446183105,4544.110446183105,954,1097,1026
4552.1856967091435,4551.9356967091435,4552.4356967091435,1262,715,989
4546.382573122632,4546.257573122632,4546.507573122632,1632,919,1276
4550.539751018731,4550.164751018731,4550.914751018731,2298,981,1640
4550.705309945849,4550.330309945849,4551.080309945849,1629,1168,1399
4548.108122143402,4547.983122143402,4548.233122143402,2478,1291,1885
4546.498154085282,4546.248154085282,4546.748154085282,805,1050,928
4543.708864935067,4543.583864935067,4543.833864935067,1283,1458,1371
4546.176000338921,4546.051000338921,4546.301000338921,1773,1968,1871
4552.79118617308,4552.66618617308,4552.91618617308,2149,1746,1948
4558.292724025227,4558.167724025227,4558.417724025227,1073,2154,1614
4554.013270764149,4553.763270764149,4554.263270764149,471,1412,942
4551.996306495035,4551.746306495035,4552.246306495035,1237,862,1050
4555.208316050303,4554.833316050303,4555.583316050303,1969,1296,1633
4554.781120294436,4554.656120294436,4554.906120294436,1888,785,1337
4560.6227296910765,4560.3727296910765,4560.8727296910765,1406,2067,1737
4557.0665664536,4556.8165664536,4557.3165664536,891,1032,962
4559.208798339352,4559.083798339352,4559.333798339352,1077,2218,1648
4561.621931751978,4561.371931751978,4561.871931751978,1272,1673,1473
4562.275364609658,4562.150364609658,4562.400364609658,879,1272,1076
4560.830675503792,4560.580675503792,4561.080675503792,1532,1467,1500
4558.338729086719,4558.213729086719,4558.463729086719,1852,2015,1934
4558.515139985153,4558.390139985153,4558.640139985153,1760,809,1285
4560.222611670573,4560.097611670573,4560.347611670573,1211,518,865
4559.3542100451905,4559.2292100451905,4559.4792100451905,1906,1587,1747
4560.9852385784225,4560.8602385784225,4561.1102385784225,946,1643,1295
4561.501363326936,4561.251363326936,4561.751363326936,643,1274,959
4561.466631054603,4561.216631054603,4561.716631054603,1191,802,997
4564.083088657348,4563.833088657348,4564.333088657348,1331,1956,1644
4566.90651979491,4566.65651979491,4567.15651979491,2000,895,1448
4566.101478838885,4565.976478838885,4566.226478838885,1799,728,1264
4567.485117267669,4567.235117267669,4567.735117267669,885,1256,1071
4566.599356244098,4566.474356244098,4566.724356244098,946,1111,1029
4568.758992533971,4568.383992533971,4569.133992533971,1222,875,1049
4568.916574080243,4568.666574080243,4569.166574080243,1872,1587,1730
4569.866506990734,4569.616506990734,4570.116506990734,1794,1107,1451
4569.443011076929,4569.318011076929,4569.568011076929,906,925,916
4573.107327878246,4572.732327878246,4573.482327878246,656,1937,1297
4572.811492290293,4572.561492290293,4573.061492290293,1307,2462,1885
4571.527765675939,4571.402765675939,4571.652765675939,1382,2131,1757
4570.090979292115,4569.840979292115,4570.340979292115,757,1834,1296
4568.405140283423,4568.280140283423,4568.530140283423,1545,1038,1292
4570.602539873293,4570.477539873293,4570.727539873293,2003,816,1410
4569.701536534371,4569.576536534371,4569.826536534371,2137,1676,1907
4573.800993028493,4573.675993028493,4573.925993028493,1197,542,870
4575.171633364111,4574.921633364111,4575.421633364111,827,906,867
4576.226639144808,4575.976639144808,4576.476639144808,831,2348,1590
4574.467071263533,4574.217071263533,4574.717071263533,841,876,859
4574.4196870840715,4574.2946870840715,4574.5446870840715,897,2438,1668
4575.686921121842,4575.436921121842,4575.936921121842,1574,1865,1720
4574.1730621437455,4574.0480621437455,4574.2980621437455,597,1310,954
4574.928143514017,4574.803143514017,4575.053143514017,718,1977,1348
4574.354312944381,4574.104312944381,4574.604312944381,901,988,945
4570.26203163026,4570.01203163026,4570.51203163026,1403,500,952
4570.554004446994,4570.429004446994,4570.679004446994,820,1963,1392
4570.1489107796415,4570.0239107796415,4570.2739107796415,553,1076,815
4569.45780886779,4569.33280886779,4569.58280886779,1368,799,1084
4568.010846297829,4567.635846297829,4568.385846297829,1335,2062,1699
4567.57322237375,4567.44822237375,4567.69822237375,915,1448,1182
4568.36337862632,4568.11337862632,4568.61337862632,936,2795,1866
4567.8993223608895,4567.6493223608895,4568.1493223608895,641,1494,1068
4565.70827336011,4565.45827336011,4565.95827336011,1909,1396,1653
4569.345495212455,4569.095495212455,4569.595495212455,2561,972,1767
4572.206003754217,4572.081003754217,4572.331003754217,2114,1527,1821
4571.3934079362825,4571.1434079362825,4571.6434079362825,939,2278,1609
4571.5430748304425,4571.1680748304425,4571.9180748304425,603,1050,827
4571.434480979849,4571.309480979849,4571.559480979849,1786,829,1308
4570.099563044193,4569.724563044193,4570.474563044193,898,1459,1179
4569.231490662763,4568.981490662763,4569.481490662763,1310,1133,1222
4569.736953066682,4569.611953066682,4569.861953066682,1143,2508,1826
4569.916779374134,4569.666779374134,4570.166779374134,664,1485,1075
4568.6405175436985,4568.5155175436985,4568.7655175436985,1363,2518,1941
4568.273174736909,4568.023174736909,4568.523174736909,758,1403,1081
4565.600678442605,4565.350678442605,4565.850678442605,1342,1509,1426
4567.165892903047,4566.790892903047,4567.540892903047,1067,1542,1305
4566.951190369225,4566.701190369225,4567.201190369225,1335,2272,1804
4565.824772395392,4565.449772395392,4566.199772395392,2601,1024,1813
4565.427210279991,4565.302210279991,4565.552210279991,425,1174,800
4563.300574379462,4563.175574379462,4563.425574379462,2011,1452,1732
4561.991667197248,4561.866667197248,4562.116667197248,1515,1350,1433
4562.208103096531,4561.958103096531,4562.458103096531,1537,1990,1764
4565.938687235821,4565.813687235821,4566.063687235821,997,2552,1775
4565.036525952082,4564.911525952082,4565.161525952082,960,2551,1756
4565.117009060121,4564.992009060121,4565.242009060121,642,1281,962
4566.2522202908,4566.1272202908,4566.3772202908,1283,2376,1830
4566.583299628095,4566.333299628095,4566.833299628095,1736,2037,1887
4567.267890262675,4567.142890262675,4567.392890262675,1945,1782,1864
4563.325582155316,4563.075582155316,4563.575582155316,1511,1156,1334
4564.890487112557,4564.640487112557,4565.140487112557,917,2650,1784
4565.938972235553,4565.688972235553,4566.188972235553,1514,1611,1563
4568.867175854864,4568.742175854864,4568.992175854864,1237,2280,1759
4571.436189198191,4571.311189198191,4571.561189198191,1449,1928,1689
4570.099818076802,4569.849818076802,4570.349818076802,1958,939,1449
4574.383541192616,4574.258541192616,4574.508541192616,1506,2273,1890
4578.027623994154,4577.902623994154,4578.152623994154,1434,599,1017
4578.423967836595,4578.298967836595,4578.548967836595,1490,603,1047
4576.7919246170495,4576.6669246170495,4576.9169246170495,1425,632,1029
4577.2592732976045,4577.1342732976045,4577.3842732976045,1921,1020,1471
4577.834340549556,4577.459340549556,4578.209340549556,1868,1105,1487
4578.547639612156,4578.422639612156,4578.672639612156,1273,468,871
4577.540754905749,4577.290754905749,4577.790754905749,1906,1981,1944
4576.636847106525,4576.511847106525,4576.761847106525,991,1730,1361
4579.114848856854,4578.989848856854,4579.239848856854,1487,730,1109
4581.734979271167,4581.609979271167,4581.859979271167,1100,505,803
4581.525476710304,4581.400476710304,4581.650476710304,2171,1322,1747
4582.436781273252,4582.311781273252,4582.561781273252,1177,548,863
4585.050996234007,4584.925996234007,4585.175996234007,1462,491,977
4584.409640991021,4584.159640991021,4584.659640991021,1560,1413,1487
4584.687073770785,4584.562073770785,4584.812073770785,616,1413,1015
4584.456329432351,4584.206329432351,4584.706329432351,838,1207,1023
4586.139267895081,4586.014267895081,4586.264267895081,1012,2643,1828
4585.894109587042,4585.769109587042,4586.019109587042,1348,489,919
4584.890298826743,4584.765298826743,4585.015298826743,1066,2551,1809
4585.5887028419875,4585.4637028419875,4585.7137028419875,1742,1589,1666
4583.0828287834875,4582.9578287834875,4583.2078287834875,1313,842,1078
4582.906152550588,4582.656152550588,4583.156152550588,1249,1660,1455
4582.836530337032,4582.711530337032,4582.961530337032,1754,741,1248
4580.825490495755,4580.700490495755,4580.950490495755,2676,949,1813
4578.848732348786,4578.723732348786,4578.973732348786,594,1763,1179
4578.142897125524,4578.017897125524,4578.267897125524,1277,1492,1385
4581.600413768897,4581.350413768897,4581.850413768897,1193,514,854
4582.390002878727,4582.265002878727,4582.515002878727,1713,1988,1851
4583.308771747004,4583.183771747004,4583.433771747004,796,1243,1020
4583.23371603049,4582.85871603049,4583.60871603049,1066,2153,1610
4578.000486885436,4577.875486885436,4578.125486885436,1036,1983,1510
4581.5227148428075,4581.3977148428075,4581.6477148428075,1023,1322,1173
4582.170919003648,4582.045919003648,4582.295919003648,1803,1274,1539
4583.090714316777,4582.965714316777,4583.215714316777,1138,2065,1602
4583.075375494725,4582.950375494725,4583.200375494725,811,1340,1076
4580.367584036699,4580.242584036699,4580.492584036699,1149,1514,1332
4580.808181192607,4580.558181192607,4581.058181192607,1356,1213,1285
4584.810279359284,4584.560279359284,4585.060279359284,2351,790,1571
4584.5654191767235,4584.3154191767235,4584.8154191767235,1602,671,1137
4582.218468681566,4581.843468681566,4582.593468681566,2409,1062,1736
4584.434196312948,4584.059196312948,4584.809196312948,1769,1204,1487
4585.295244725082,4585.170244725082,4585.420244725082,1462,1053,1258
4582.689502437278,4582.564502437278,4582.814502437278,894,2367,1631
4584.06865235584,4583.81865235584,4584.31865235584,1124,1813,1469
4581.734795915158,4581.484795915158,4581.984795915158,1220,2721,1971
4581.549032057812,4581.424032057812,4581.674032057812,1445,1678,1562
4584.505829628379,4584.380829628379,4584.630829628379,1038,871,955
4584.824135440908,4584.574135440908,4585.074135440908,921,1534,1228
4585.5794277742525,4585.3294277742525,4585.8294277742525,1779,700,1240
4586.5673523046835,4586.3173523046835,4586.8173523046835,1023,884,954
4585.6509003043,4585.5259003043,4585.7759003043,785,1706,1246
4586.431193971574,4586.306193971574,4586.556193971574,1309,626,968
4588.538550744611,4588.288550744611,4588.788550744611,1127,2534,1831
4585.941531212842,4585.566531212842,4586.316531212842,734,995,865
4582.288638871058,4582.163638871058,4582.413638871058,805,1298,1052
4580.4535042916295,4580.0785042916295,4580.8285042916295,2296,1041,1669
4579.935762260432,4579.685762260432,4580.185762260432,1336,473,905
4582.170997526607,4581.920997526607,4582.420997526607,1093,1930,1512
4581.778756892924,4581.528756892924,4582.028756892924,1793,980,1387
4583.673584498536,4583.548584498536,4583.798584498536,1513,2464,1989
4582.270819668272,4582.145819668272,4582.395819668272,1245,1862,1554
4578.461446566666,4578.086446566666,4578.836446566666,1516,931,1224
4579.412457952313,4579.287457952313,4579.537457952313,813,2202,1508
4577.052574277805,4576.927574277805,4577.177574277805,2925,1072,1999
4578.980826825075,4578.855826825075,4579.105826825075,724,1679,1202
4580.2611997969025,4580.0111997969025,4580.5111997969025,2491,852,1672
4577.285371030387,4577.160371030387,4577.410371030387,1763,1910,1837
4579.186106241243,4579.061106241243,4579.311106241243,1016,2295,1656
4578.855547366711,4578.605547366711,4579.105547366711,864,1267,1066
4578.9676554215375,4578.7176554215375,4579.2176554215375,1546,1001,1274
4579.539017509317,4579.289017509317,4579.789017509317,630,981,806
4579.27249529674,4578.89749529674,4579.64749529674,2237,1674,1956
4579.639192301291,4579.389192301291,4579.889192301291,1033,2716,1875
4578.7870196968715,4578.6620196968715,4578.9120196968715,1034,781,908
4580.16643087945,4580.04143087945,4580.29143087945,1709,898,1304
4581.2613876426885,4580.8863876426885,4581.6363876426885,1299,724,1012
4580.391328293702,4580.141328293702,4580.641328293702,1714,1267,1491
4583.6801276802,4583.3051276802,4584.0551276802,2463,1118,1791
4582.6999236098645,4582.5749236098645,4582.8249236098645,1362,1549,1456
4584.936380665328,4584.811380665328,4585.061380665328,965,674,820
4583.244383837905,4583.119383837905,4583.369383837905,839,1854,1347
4580.6239123823125,4580.2489123823125,4580.9989123823125,749,1072,911
4580.054792226948,4579.929792226948,4580.179792226948,1491,928,1210
4582.5951261730825,4582.4701261730825,4582.7201261730825,690,965,828
4584.943698748501,4584.818698748501,4585.068698748501,1537,1336,1437
4586.057657246844,4585.932657246844,4586.182657246844,2737,1192,1965
4586.047190666359,4585.797190666359,4586.297190666359,1756,1857,1807
4584.712869402346,4584.587869402346,4584.837869402346,1577,1938,1758
4584.839252280559,4584.589252280559,4585.089252280559,701,1448,1075
4585.608320989117,4585.358320989117,4585.858320989117,1041,2562,1802
4586.714362130176,4586.589362130176,4586.839362130176,1518,529,1024
4583.127714815944,4582.877714815944,4583.377714815944,1613,1346,1480
4583.478820513928,4583.353820513928,4583.603820513928,1232,813,1023
4581.217461099503,4581.092461099503,4581.342461099503,1312,1801,1557
4582.514181365765,4582.264181365765,4582.764181365765,810,2119,1465
4582.430781126564,4582.305781126564,4582.555781126564,820,985,903
4583.367864981265,4583.242864981265,4583.492864981265,686,945,816
4585.272374765184,4585.022374765184,4585.522374765184,1573,1232,1403
4584.016089850345,4583.766089850345,4584.266089850345,2123,1552,1838
4585.205672673722,4584.830672673722,4585.580672673722,1575,1654,1615
4583.002534396436,4582.752534396436,4583.252534396436,2029,1850,1940
4582.730144352618,4582.605144352618,4582.855144352618,2313,1252,1783
4582.2495030619975,4581.8745030619975,4582.6245030619975,1493,1040,1267
4583.630719675822,4583.380719675822,4583.880719675822,2016,1841,1929
4584.250735952571,4584.000735952571,4584.500735952571,1979,1958,1969
4584.098955334545,4583.973955334545,4584.223955334545,2616,1303,1960
4586.405385122605,4586.155385122605,4586.655385122605,1421,1212,1317
4586.439746902991,4586.189746902991,4586.689746902991,746,1299,1023
4589.492838082627,4589.367838082627,4589.617838082627,1499,2422,1961
4593.529421752064,4593.404421752064,4593.654421752064,2415,1056,1736
4591.908299427834,4591.783299427834,4592.033299427834,1009,656,833
4592.224448991751,4592.099448991751,4592.349448991751,988,659,824
4593.05202829555,4592.80202829555,4593.30202829555,1824,1579,1702
4593.654445538574,4593.529445538574,4593.779445538574,2250,961,1606
4597.612814814564,4597.362814814564,4597.862814814564,1682,1175,1429
4600.028921524125,4599.903921524125,4600.153921524125,654,1395,1025
4599.40532450054,4599.28032450054,4599.53032450054,1289,1466,1378
4598.364632661909,4598.114632661909,4598.614632661909,685,1848,1267
4595.621049441159,4595.496049441159,4595.746049441159,1152,1321,1237
4594.362475717246,4594.237475717246,4594.487475717246,1200,463,832
4594.069721585119,4593.819721585119,4594.319721585119,1828,1261,1545
4595.589803695538,4595.339803695538,4595.839803695538,1637,986,1312
4596.076310487665,4595.826310487665,4596.326310487665,1085,1022,1054
4595.18738233929,4595.06238233929,4595.31238233929,2025,1088,1557
4596.1236581365765,4595.7486581365765,4596.4986581365765,698,1859,1279
4596.41701023078,4596.29201023078,4596.54201023078,2100,779,1440
4594.4601724075865,4594.3351724075865,4594.5851724075865,1470,511,991
4598.695289630274,4598.570289630274,4598.820289630274,899,828,864
4591.38085822423,4591.25585822423,4591.50585822423,1465,776,1121
4600.741156680592,4600.616156680592,4600.866156680592,829,1494,1162
4594.571840345828,4594.196840345828,4594.946840345828,611,1566,1089
4589.785595692799,4589.660595692799,4589.910595692799,866,1271,1069
4590.232525170819,4590.107525170819,4590.357525170819,1051,2132,1592
4595.701511871375,4595.451511871375,4595.951511871375,832,2327,1580
4589.1951522714435,4588.9451522714435,4589.4451522714435,550,1555,1053
4586.307589111334,4586.057589111334,4586.557589111334,1577,1206,1392
4584.785320561556,4584.660320561556,4584.910320561556,626,1695,1161
4587.20115184696,4587.07615184696,4587.32615184696,2527,1454,1991
4586.993299675578,4586.868299675578,4587.118299675578,504,1217,861
4583.3510882930395,4583.1010882930395,4583.6010882930395,1572,921,1247
4590.749351151154,4590.624351151154,4590.874351151154,1032,2203,1618
4592.800001374292,4592.675001374292,4592.925001374292,710,1747,1229
4594.7900255553095,4594.5400255553095,4595.0400255553095,536,1305,921
4593.521902690579,4593.146902690579,4593.896902690579,897,1788,1343
4595.95248126746,4595.70248126746,4596.20248126746,993,2450,1722
4597.484329159998,4597.359329159998,4597.609329159998,1591,1264,1428
4590.9285752068545,4590.8035752068545,4591.0535752068545,819,1350,1085
4592.46468465869,4592.33968465869,4592.58968465869,2105,1224,1665
4599.154455902031,4598.904455902031,4599.404455902031,876,1009,943
4597.368199080384,4597.243199080384,4597.493199080384,839,1406,1123
4604.633282733342,4604.383282733342,4604.883282733342,924,1719,1322
4604.167565488048,4604.042565488048,4604.292565488048,2055,760,1408
4607.973736676815,4607.723736676815,4608.223736676815,1918,1899,1909
4609.163575116362,4608.913575116362,4609.413575116362,1112,1345,1229
4610.220138086794,4609.970138086794,4610.470138086794,1033,2334,1684
4611.364054068636,4611.239054068636,4611.489054068636,1025,2278,1652
4612.3117045590025,4612.0617045590025,4612.5617045590025,1049,1506,1278
4613.402959442048,4613.277959442048,4613.527959442048,595,1438,1017
4614.400279519929,4614.025279519929,4614.775279519929,1161,2170,1666
4614.712937335524,4614.587937335524,4614.837937335524,2661,1098,1880
4612.1142843184225,4611.9892843184225,4612.2392843184225,2344,899,1622
4604.6323640373075,4604.5073640373075,4604.7573640373075,938,1001,970
4604.523717243112,4604.148717243112,4604.898717243112,1099,2232,1666
4612.16529880842,4611.91529880842,4612.41529880842,908,1905,1407
4615.805463439284,4615.555463439284,4616.055463439284,2302,1077,1690
4614.656717558753,4614.531717558753,4614.781717558753,743,1134,939
4610.407851213119,4610.157851213119,4610.657851213119,2387,884,1636
4608.129252908484,4608.004252908484,4608.254252908484,1049,556,803
4614.618770313984,4614.493770313984,4614.743770313984,1214,1653,1434
4613.371690772808,4613.246690772808,4613.496690772808,1434,1403,1419
4608.767230856609,4608.517230856609,4609.017230856609,2043,1504,1774
4608.776839695958,4608.651839695958,4608.901839695958,1467,704,1086
4610.059773016376,4609.934773016376,4610.184773016376,1780,1091,1436
4611.849482036729,4611.724482036729,4611.974482036729,1072,1259,1166
4612.793167108473,4612.418167108473,4613.168167108473,736,1917,1327
4619.073220804983,4618.823220804983,4619.323220804983,1162,2005,1584
4623.330911888016,4623.205911888016,4623.455911888016,652,1215,934
4627.246200493969,4627.121200493969,4627.371200493969,874,1197,1036
4630.905662753762,4630.655662753762,4631.155662753762,775,1234,1005
4637.511355457367,4637.136355457367,4637.886355457367,1455,2086,1771
4636.675939287826,4636.550939287826,4636.800939287826,1382,1083,1233
4645.574401299392,4645.324401299392,4645.824401299392,1344,1753,1549
4640.949546215776,4640.824546215776,4641.074546215776,2334,789,1562
4641.847376565899,4641.722376565899,4641.972376565899,1768,1393,1581
4639.955263034679,4639.705263034679,4640.205263034679,1241,1744,1493
4640.624304661101,4640.499304661101,4640.749304661101,1019,1456,1238
4640.429986987941,4640.179986987941,4640.679986987941,1672,605,1139
4638.791361608227,4638.666361608227,4638.916361608227,980,1029,1005
4636.526389489622,4636.401389489622,4636.651389489622,1946,1957,1952
4635.026562398956,4634.776562398956,4635.276562398956,1175,1304,1240
4634.384838883584,4634.259838883584,4634.509838883584,1376,727,1052
4637.379736936158,4637.129736936158,4637.629736936158,1471,2064,1768
4637.736874858877,4637.611874858877,4637.861874858877,1664,2127,1896
4634.417965603346,4634.167965603346,4634.667965603346,2136,999,1568
4639.477285753276,4639.352285753276,4639.602285753276,1209,988,1099
4644.907563482729,4644.657563482729,4645.157563482729,751,1216,984
4639.670043027485,4639.420043027485,4639.920043027485,1128,1491,1310
4640.557195404024,4640.432195404024,4640.682195404024,1156,759,958
4646.373708532429,4646.123708532429,4646.623708532429,1431,1852,1642
4650.781892385391,4650.531892385391,4651.031892385391,975,726,851
4653.331111980291,4653.206111980291,4653.456111980291,899,974,937
4648.303139638289,4648.178139638289,4648.428139638289,2096,1421,1759
4647.199538505955,4646.949538505955,4647.449538505955,769,2214,1492
4650.056077793352,4649.806077793352,4650.306077793352,1432,889,1161
4650.138123868854,4650.013123868854,4650.263123868854,1147,546,847
4656.698874086642,4656.573874086642,4656.823874086642,1241,850,1046
4664.742563133835,4664.617563133835,4664.867563133835,1109,2804,1957
4664.596107591569,4664.346107591569,4664.846107591569,1333,610,972
4666.094308482116,4665.844308482116,4666.344308482116,569,1252,911
4662.636426445939,4662.511426445939,4662.761426445939,1618,1297,1458
4665.345809475089,4665.220809475089,4665.470809475089,1134,677,906
4666.060237307119,4665.810237307119,4666.310237307119,1035,1154,1095
4664.66652858418,4664.54152858418,4664.79152858418,785,1114,950
4661.22338659127,4661.09838659127,4661.34838659127,1786,751,1269
4661.606217253582,4661.481217253582,4661.731217253582,1360,2113,1737
4658.252822454317,4658.127822454317,4658.377822454317,2269,1292,1781
4658.851953202243,4658.726953202243,4658.976953202243,1313,714,1014
4658.196130943478,4658.071130943478,4658.321130943478,2775,1188,1982
4653.496589692082,4653.246589692082,4653.746589692082,639,1618,1129
4648.524713289404,4648.399713289404,4648.649713289404,1636,1319,1478
4646.767940596135,4646.517940596135,4647.017940596135,1477,2462,1970
4653.8007172974485,4653.5507172974485,4654.0507172974485,820,921,871
4658.841808137052,4658.716808137052,4658.966808137052,987,1702,1345
4660.935419254704,4660.810419254704,4661.060419254704,1422,899,1161
4666.140269842448,4665.890269842448,4666.390269842448,1061,2026,1544
4664.841069919832,4664.591069919832,4665.091069919832,1292,725,1009
4662.072856456173,4661.822856456173,4662.322856456173,1053,2008,1531
4661.569630455419,4661.444630455419,4661.694630455419,1456,1547,1502
4659.87807612968,4659.75307612968,4660.00307612968,434,1195,815
4659.643954149968,4659.393954149968,4659.893954149968,2491,838,1665
4659.58252753583,4659.33252753583,4659.83252753583,744,1133,939
4656.127748166836,4656.002748166836,4656.252748166836,1716,1709,1713
4655.952184249009,4655.702184249009,4656.202184249009,1431,604,1018
4648.774042270112,4648.649042270112,4648.899042270112,2052,1621,1837
4643.835772562515,4643.710772562515,4643.960772562515,1959,676,1318
4647.17613854718,4646.92613854718,4647.42613854718,952,1529,1241
4647.731868138369,4647.481868138369,4647.981868138369,1750,2139,1945
4647.08091185907,4646.95591185907,4647.20591185907,1784,1549,1667
4644.975566585744,4644.850566585744,4645.100566585744,1041,2348,1695
4637.517526445952,4637.392526445952,4637.642526445952,1340,1525,1433
4641.698412944007,4641.448412944007,4641.948412944007,633,1896,1265
4643.516346978872,4643.391346978872,4643.641346978872,1614,1287,1451
4639.0699563359685,4638.8199563359685,4639.3199563359685,1493,1540,1517
4638.278242352724,4637.903242352724,4638.653242352724,1205,2060,1633
4636.17342052407,4636.04842052407,4636.29842052407,1196,2707,1952
4634.865135030237,4634.615135030237,4635.115135030237,788,1161,975
4637.252818911984,4637.002818911984,4637.502818911984,2537,1424,1981
4644.535877181205,4644.410877181205,4644.660877181205,2276,1185,1731
4645.698098177463,4645.573098177463,4645.823098177463,2200,1317,1759
4651.772080434412,4651.397080434412,4652.147080434412,1469,492,981
4643.896614540052,4643.771614540052,4644.021614540052,1376,1605,1491
4643.247464382217,4642.997464382217,4643.497464382217,1185,660,923
4637.1943673171345,4636.9443673171345,4637.4443673171345,702,1483,1093
4635.250250196621,4635.125250196621,4635.375250196621,1627,602,1115
4634.461951869994,4634.336951869994,4634.586951869994,910,1465,1188
4633.569393479339,4633.444393479339,4633.694393479339,696,1011,854
4628.647654479871,4628.397654479871,4628.897654479871,1415,1864,1640
4625.768854059083,4625.643854059083,4625.893854059083,515,1342,929
4624.540047781381,4624.415047781381,4624.665047781381,1441,652,1047
4625.131979043857,4625.006979043857,4625.256979043857,1054,2125,1590
4622.201668525643,4622.076668525643,4622.326668525643,2324,995,1660
4625.632041078503,4625.507041078503,4625.757041078503,552,1321,937
4620.29538986136,4620.17038986136,4620.42038986136,998,2941,1970
4622.942331636504,4622.817331636504,4623.067331636504,1332,1317,1325
4624.885535454465,4624.635535454465,4625.135535454465,1682,1141,1412
4627.039318108812,4626.664318108812,4627.414318108812,1157,1246,1202
4629.752482042596,4629.627482042596,4629.877482042596,1629,1562,1596
4633.667229854646,4633.542229854646,4633.792229854646,2083,1352,1718
4635.470267518442,4635.220267518442,4635.720267518442,966,1587,1277
4634.632180850003,4634.507180850003,4634.757180850003,2031,1112,1572
4632.120122117364,4631.995122117364,4632.245122117364,703,1372,1038
4629.593670037483,4629.468670037483,4629.718670037483,1407,922,1165
4627.770637212991,4627.520637212991,4628.020637212991,1425,1096,1261
4631.733653738816,4631.483653738816,4631.983653738816,914,2343,1629
4636.847105201976,4636.722105201976,4636.972105201976,1453,930,1192
4639.305869114818,4638.930869114818,4639.680869114818,1252,2237,1745
4641.0582117045815,4640.9332117045815,4641.1832117045815,1808,1159,1484
4638.902000506207,4638.777000506207,4639.027000506207,1594,859,1227
4634.210438064122,4633.835438064122,4634.585438064122,2649,926,1788
4633.228713267751,4633.103713267751,4633.353713267751,2603,872,1738
4633.150220789577,4633.025220789577,4633.275220789577,2637,1342,1990
4631.022852385449,4630.772852385449,4631.272852385449,1377,1112,1245
4629.465531361976,4629.340531361976,4629.590531361976,1218,1019,1119
4633.155733380804,4632.905733380804,4633.405733380804,687,1862,1275
4635.239771101682,4635.114771101682,4635.364771101682,2433,1440,1937
4630.976128408497,4630.851128408497,4631.101128408497,2368,1383,1876
4629.823826524282,4629.698826524282,4629.948826524282,1149,674,912
4632.948908780453,4632.823908780453,4633.073908780453,1068,1579,1324
4627.201354922165,4627.076354922165,4627.326354922165,627,1280,954
4628.451171987143,4628.326171987143,4628.576171987143,952,1015,984
4636.552526908614,4636.302526908614,4636.802526908614,845,1008,927
4635.260995450154,4635.135995450154,4635.385995450154,1318,1419,1369
4641.277649201797,4641.152649201797,4641.402649201797,1404,2143,1774
4647.346114229342,4647.221114229342,4647.471114229342,593,1560,1077
4643.888021451972,4643.763021451972,4644.013021451972,1203,408,806
4642.988326952805,4642.863326952805,4643.113326952805,1892,857,1375
4634.272997503296,4634.147997503296,4634.397997503296,622,1681,1152
4631.599161988086,4631.224161988086,4631.974161988086,602,1623,1113
4627.302975918355,4627.052975918355,4627.552975918355,1958,1517,1738
4626.363768721236,4626.238768721236,4626.488768721236,2144,1231,1688
4629.032246084546,4628.782246084546,4629.282246084546,904,1703,1304
4638.447463557419,4638.322463557419,4638.572463557419,1134,1759,1447
4635.004082737737,4634.754082737737,4635.254082737737,1772,1063,1418
4631.075512342462,4630.700512342462,4631.450512342462,2506,967,1737
4633.052867061286,4632.927867061286,4633.177867061286,941,1116,1029
4638.187361275337,4638.062361275337,4638.312361275337,1114,1919,1517
4640.920218401404,4640.670218401404,4641.170218401404,2012,1111,1562
4641.59732637227,4641.47232637227,4641.72232637227,2230,1523,1877
4640.521787963668,4640.271787963668,4640.771787963668,1166,2405,1786
4644.875241819542,4644.625241819542,4645.125241819542,1898,991,1445
4644.748544533172,4644.623544533172,4644.873544533172,1673,682,1178
4639.947195418213,4639.697195418213,4640.197195418213,896,769,833
4639.740883835203,4639.365883835203,4640.115883835203,2091,1122,1607
4640.962637205102,4640.837637205102,4641.087637205102,1465,1964,1715
4640.950378975258,4640.825378975258,4641.075378975258,981,856,919
4635.450030077918,4635.200030077918,4635.700030077918,1479,782,1131
4633.096304876706,4632.971304876706,4633.221304876706,2243,1186,1715
4636.985260278406,4636.860260278406,4637.110260278406,923,726,825
4642.850791840937,4642.600791840937,4643.100791840937,2217,1650,1934
4645.365265228446,4645.115265228446,4645.615265228446,1086,589,838
4644.636108178709,4644.511108178709,4644.761108178709,2272,1429,1851
4647.897163008694,4647.772163008694,4648.022163008694,1321,1026,1174
4652.289104101645,4652.164104101645,4652.414104101645,1006,1647,1327
4657.813870811701,4657.688870811701,4657.938870811701,1333,1900,1617
4660.636023883478,4660.386023883478,4660.886023883478,1653,1178,1416
4670.03628188716,4669.78628188716,4670.28628188716,1008,771,890
4671.494976050603,4671.369976050603,4671.619976050603,1632,1039,1336
4673.018728277085,4672.768728277085,4673.268728277085,1290,1635,1463
4674.781449149943,4674.656449149943,4674.906449149943,2104,965,1535
4671.248579398311,4671.123579398311,4671.373579398311,1802,1675,1739
4674.153575525047,4674.028575525047,4674.278575525047,854,1529,1192
4671.643321570117,4671.393321570117,4671.893321570117,1556,705,1131
4670.5180558591455,4670.3930558591455,4670.6430558591455,1069,2690,1880
4674.911023300555,4674.661023300555,4675.161023300555,1180,465,823
4676.057165221051,4675.807165221051,4676.307165221051,2377,836,1607
4677.3399474728585,4677.2149474728585,4677.4649474728585,1364,1773,1569
4675.884032875416,4675.634032875416,4676.134032875416,1640,565,1103
4675.2660507684905,4675.1410507684905,4675.3910507684905,1113,2804,1959
4673.949397970169,4673.824397970169,4674.074397970169,1320,979,1150
4676.753864333554,4676.503864333554,4677.003864333554,1759,846,1303
4677.412516061399,4677.162516061399,4677.662516061399,975,2278,1627
4674.722480511137,4674.597480511137,4674.847480511137,1945,982,1464
4676.090558280134,4675.840558280134,4676.340558280134,1048,1967,1508
4674.8887331495025,4674.7637331495025,4675.0137331495025,987,1398,1193
4673.499111862543,4673.124111862543,4673.874111862543,1248,623,936
4671.866064833748,4671.741064833748,4671.991064833748,1998,1193,1596
4673.264809727589,4673.139809727589,4673.389809727589,2320,1621,1971
4674.44958915634,4674.32458915634,4674.57458915634,456,1315,886
4674.796493633772,4674.671493633772,4674.921493633772,1244,1581,1413
4676.028719759276,4675.778719759276,4676.278719759276,1622,789,1206
4677.683753067143,4677.558753067143,4677.808753067143,649,1664,1157
4675.55718248776,4675.30718248776,4675.80718248776,1788,2049,1919
4673.814693164431,4673.564693164431,4674.064693164431,1407,1512,1460
4676.55395713561,4676.17895713561,4676.92895713561,1916,729,1323
4673.96333105402,4673.71333105402,4674.21333105402,2277,1054,1666
4676.322567969268,4676.197567969268,4676.447567969268,1826,1235,1531
4678.7233468753875,4678.3483468753875,4679.0983468753875,1269,792,1031
4676.4611631292,4676.3361631292,4676.5861631292,583,1344,964
4677.341578453498,4677.216578453498,4677.466578453498,1985,672,1329
4678.117229714475,4677.742229714475,4678.492229714475,1520,2045,1783
4676.773729840865,4676.648729840865,4676.898729840865,972,809,891
4678.306030361911,4678.181030361911,4678.431030361911,1497,512,1005
4679.567419351007,4679.442419351007,4679.692419351007,1213,2230,1722
4676.506987626775,4676.256987626775,4676.756987626775,569,1184,877
4669.732078793758,4669.482078793758,4669.982078793758,1380,2593,1987
4672.9576681213675,4672.5826681213675,4673.3326681213675,2184,1455,1820
4678.101880671902,4677.851880671902,4678.351880671902,1329,1894,1612
4674.4572433974145,4674.2072433974145,4674.7072433974145,739,2150,1445
4675.932818650176,4675.807818650176,4676.057818650176,484,1271,878
4674.84417096998,4674.59417096998,4675.09417096998,2589,1140,1865
4678.040324284148,4677.915324284148,4678.165324284148,1407,572,990
4681.341561991927,4681.216561991927,4681.466561991927,1337,1720,1529
4678.217218494074,4678.092218494074,4678.342218494074,527,1326,927
4678.460907887429,4678.210907887429,4678.710907887429,1448,2121,1785
4677.088760691447,4676.963760691447,4677.213760691447,1213,1960,1587
4676.453057335243,4676.328057335243,4676.578057335243,1175,1212,1194
4675.853836146326,4675.478836146326,4676.228836146326,1128,2703,1916
4675.916382025125,4675.791382025125,4676.041382025125,1869,800,1335
4675.02192286825,4674.89692286825,4675.14692286825,895,1334,1115
4676.099909675001,4675.974909675001,4676.224909675001,1734,1037,1386
4680.823415513365,4680.698415513365,4680.948415513365,1226,971,1099
4679.453649436681,4679.328649436681,4679.578649436681,926,2333,1630
4677.036836014166,4676.661836014166,4677.411836014166,608,1337,973
4673.057192765057,4672.932192765057,4673.182192765057,2145,716,1431
4672.027429685887,4671.902429685887,4672.152429685887,1416,1593,1505
4674.292407375147,4674.042407375147,4674.542407375147,1325,658,992
4675.772519151553,4675.647519151553,4675.897519151553,2751,1174,1963
4675.919004405,4675.669004405,4676.169004405,724,1469,1097
4677.008931330109,4676.883931330109,4677.133931330109,1113,1964,1539
4676.230229781924,4675.855229781924,4676.605229781924,1370,1733,1552
4675.0890005715955,4674.9640005715955,4675.2140005715955,882,1863,1373
4673.043711739853,4672.918711739853,4673.168711739853,1057,1512,1285
4667.848182041536,4667.723182041536,4667.973182041536,1302,1805,1554
4670.773273270033,4670.398273270033,4671.148273270033,1452,1135,1294
4668.0856161076445,4667.8356161076445,4668.3356161076445,2114,779,1447
4669.796764800385,4669.546764800385,4670.046764800385,2163,1074,1619
4672.379942000389,4672.254942000389,4672.504942000389,930,793,862
4671.745085627791,4671.620085627791,4671.870085627791,1865,1182,1524
4672.530877294163,4672.405877294163,4672.655877294163,2475,944,1710
4672.3270066047535,4672.2020066047535,4672.4520066047535,1065,1144,1105
4673.798233089862,4673.673233089862,4673.923233089862,927,1606,1267
4671.536694777357,4671.286694777357,4671.786694777357,925,1212,1069
4668.3716944122725,4668.2466944122725,4668.4966944122725,2066,1869,1968
4670.369983127807,4670.244983127807,4670.494983127807,732,1067,900
4668.768545255021,4668.643545255021,4668.893545255021,1106,2891,1999
4668.444596181177,4668.319596181177,4668.569596181177,1441,1476,1459
4668.199405660566,4668.074405660566,4668.324405660566,618,1533,1076
4667.415838843332,4667.165838843332,4667.665838843332,1001,782,892
4667.02323702916,4666.77323702916,4667.27323702916,621,1060,841
4669.491958591534,4669.366958591534,4669.616958591534,1273,770,1022
4667.385516836537,4667.260516836537,4667.510516836537,1225,2628,1927
4667.868510609063,4667.743510609063,4667.993510609063,1918,1659,1789
4665.902374819347,4665.527374819347,4666.277374819347,1444,537,991
4664.731907935275,4664.606907935275,4664.856907935275,1024,725,875
4666.329516155821,4666.079516155821,4666.579516155821,1894,777,1336
4662.766864545965,4662.641864545965,4662.891864545965,994,1345,1170
4662.811998977322,4662.436998977322,4663.186998977322,2446,883,1665
4661.73730126959,4661.36230126959,4662.11230126959,1048,2201,1625
4660.661983523576,4660.411983523576,4660.911983523576,1207,1670,1439
4660.331987455149,4660.206987455149,4660.456987455149,1088,2095,1592
4657.943934208264,4657.818934208264,4658.068934208264,1480,887,1184
4657.751948939634,4657.626948939634,4657.876948939634,2814,983,1899
4662.286819145774,4662.161819145774,4662.411819145774,1290,1661,1476
4657.539534919783,4657.414534919783,4657.664534919783,1131,702,917
4658.124652052475,4657.999652052475,4658.249652052475,1064,1827,1446
4662.322701664407,4662.197701664407,4662.447701664407,1107,1412,1260
4664.403544204608,4664.278544204608,4664.528544204608,2146,1077,1612
4661.804918453916,4661.554918453916,4662.054918453916,547,1392,970
4663.577598456383,4663.452598456383,4663.702598456383,1737,854,1296
4666.533142961193,4666.408142961193,4666.658142961193,2047,1392,1720
4667.718911343039,4667.593911343039,4667.843911343039,691,1296,994
4661.856688668984,4661.606688668984,4662.106688668984,1154,845,1000
4660.62701067302,4660.25201067302,4661.00201067302,1747,1564,1656
4661.4987264007295,4661.3737264007295,4661.6237264007295,1392,2599,1996
4661.906611489616,4661.656611489616,4662.156611489616,1904,1419,1662
4660.389455638107,4660.139455638107,4660.639455638107,876,2067,1472
4661.789511528246,4661.664511528246,4661.914511528246,1125,1016,1071
4659.524940347807,4659.274940347807,4659.774940347807,1714,1723,1719
4659.1104281824655,4658.9854281824655,4659.2354281824655,1443,1392,1418
4658.105467086072,4657.980467086072,4658.230467086072,2462,1473,1968
4659.639199988879,4659.389199988879,4659.889199988879,1109,1824,1467
4654.656977972954,4654.531977972954,4654.781977972954,1279,1512,1396
4655.501840695136,4655.376840695136,4655.626840695136,2458,963,1711
4653.746137892896,4653.621137892896,4653.871137892896,2058,1603,1831
4655.921230330051,4655.796230330051,4656.046230330051,1364,1081,1223
4658.430739464151,4658.305739464151,4658.555739464151,544,1619,1082
4655.237177059718,4655.112177059718,4655.362177059718,2301,942,1622
4651.481790489654,4651.231790489654,4651.731790489654,1548,1073,1311
4650.141013697302,4650.016013697302,4650.266013697302,1308,681,995
4648.544519904121,4648.294519904121,4648.794519904121,2048,1237,1643
4648.40065430118,4648.27565430118,4648.52565430118,1127,1650,1389
4649.33775661301,4649.21275661301,4649.46275661301,767,958,863
4647.255529945793,4647.130529945793,4647.380529945793,1801,860,1331
4644.86922405813,4644.74422405813,4644.99422405813,1770,945,1358
4650.1255248702255,4650.0005248702255,4650.2505248702255,980,707,844
4650.299538014459,4650.174538014459,4650.424538014459,2111,1614,1863
4646.622761261639,4646.247761261639,4646.997761261639,1541,1336,1439
4643.611109213335,4643.486109213335,4643.736109213335,1622,2371,1997
4644.014620491033,4643.889620491033,4644.139620491033,1458,1343,1401
4646.514891717223,4646.264891717223,4646.764891717223,1625,932,1279
4645.806237811189,4645.681237811189,4645.931237811189,1214,1101,1158
4647.504334546034,4647.379334546034,4647.629334546034,1167,1294,1231
4643.896796830562,4643.771796830562,4644.021796830562,746,1531,1139
4645.629933622752,4645.504933622752,4645.754933622752,2096,1097,1597
4646.635029276419,4646.510029276419,4646.760029276419,955,1326,1141
4648.45126060993,4648.32626060993,4648.57626060993,2406,1099,1753
4646.165847411158,4646.040847411158,4646.290847411158,2147,1024,1586
4646.605479281329,4646.355479281329,4646.855479281329,1654,1237,1446
4646.824731555186,4646.574731555186,4647.074731555186,2021,1200,1611
4645.660074142704,4645.535074142704,4645.785074142704,1071,1316,1194
4645.737216327922,4645.487216327922,4645.987216327922,471,1240,856
4641.660122270285,4641.535122270285,4641.785122270285,714,1297,1006
4635.776862522708,4635.651862522708,4635.901862522708,1403,1598,1501
4640.4242462065595,4640.2992462065595,4640.5492462065595,1497,862,1180
4639.319533578307,4639.194533578307,4639.444533578307,1154,855,1005
4639.0421078509025,4638.9171078509025,4639.1671078509025,2373,1080,1727
4637.94182223328,4637.81682223328,4638.06682223328,2294,1379,1837
4640.717304525746,4640.592304525746,4640.842304525746,1252,867,1060
4641.336813596335,4641.211813596335,4641.461813596335,1242,979,1111
4639.443406752598,4639.318406752598,4639.568406752598,719,2018,1369
4638.975096982687,4638.850096982687,4639.100096982687,1296,1655,1476
4635.998120117562,4635.873120117562,4636.123120117562,1164,1751,1458
4636.456562062656,4636.331562062656,4636.581562062656,2291,1632,1962
4636.057647633236,4635.932647633236,4636.182647633236,1951,1914,1933
4637.5437320667925,4637.4187320667925,4637.6687320667925,1661,734,1198
4637.833890362233,4637.583890362233,4638.083890362233,2331,846,1589
4636.702132218686,4636.452132218686,4636.952132218686,2443,1146,1795
4635.447421021482,4635.322421021482,4635.572421021482,1177,1314,1246
4634.010459573902,4633.760459573902,4634.260459573902,1135,1054,1095
4634.721219958782,4634.471219958782,4634.971219958782,941,2064,1503
4633.720573044752,4633.345573044752,4634.095573044752,1478,1401,1440
4632.000021952212,4631.750021952212,4632.250021952212,1367,1922,1645
4630.981697900519,4630.731697900519,4631.231697900519,1615,2266,1941
4631.755564707218,4631.630564707218,4631.880564707218,873,1678,1276
4637.851496801563,4637.476496801563,4638.226496801563,1007,2770,1889
4639.979910043127,4639.854910043127,4640.104910043127,1273,2520,1897
4641.291082759222,4641.041082759222,4641.541082759222,2108,1823,1966
4641.317170520984,4641.192170520984,4641.442170520984,992,2413,1703
4639.743981759191,4639.618981759191,4639.868981759191,2261,1058,1660
4636.346816193612,4636.221816193612,4636.471816193612,1166,743,955
4637.8391674626,4637.7141674626,4637.9641674626,731,1678,1205
4638.652961600078,4638.402961600078,4638.902961600078,1084,1703,1394
4638.856544693912,4638.606544693912,4639.106544693912,1533,1566,1550
4639.3290967254125,4639.0790967254125,4639.5790967254125,875,2604,1740
4639.9897842648015,4639.7397842648015,4640.2397842648015,1513,728,1121
4639.3303799690275,4639.2053799690275,4639.4553799690275,533,1592,1063
4642.215278543609,4641.965278543609,4642.465278543609,1288,1327,1308
4644.325142917562,4644.200142917562,4644.450142917562,975,882,929
4643.498746399973,4643.248746399973,4643.748746399973,1188,671,930
4642.052646492877,4641.927646492877,4642.177646492877,1228,2495,1862
4641.209629401255,4641.084629401255,4641.334629401255,1520,2371,1946
4642.707381437659,4642.582381437659,4642.832381437659,1408,1401,1405
4642.726349797994,4642.601349797994,4642.851349797994,1144,547,846
4644.794332271389,4644.669332271389,4644.919332271389,1599,1844,1722
4645.554421622612,4645.429421622612,4645.679421622612,1239,2608,1924
4642.576819919802,4642.326819919802,4642.826819919802,1025,2626,1826
4644.328282159668,4644.078282159668,4644.578282159668,2082,1507,1795
4644.109210825241,4643.859210825241,4644.359210825241,1176,2299,1738
4644.649230406162,4644.524230406162,4644.774230406162,482,1307,895
4649.146888070896,4649.021888070896,4649.271888070896,830,1643,1237
4653.206242052663,4652.956242052663,4653.456242052663,2009,1404,1707
4655.203039049468,4654.953039049468,4655.453039049468,2567,1052,1810
4653.887994124699,4653.512994124699,4654.262994124699,1670,2039,1855
4651.854681295871,4651.729681295871,4651.979681295871,790,1203,997
4655.858533124761,4655.733533124761,4655.983533124761,1444,2343,1894
4657.726911423704,4657.601911423704,4657.851911423704,2127,1750,1939
4658.034278399105,4657.909278399105,4658.159278399105,981,1198,1090
4663.418733150239,4663.293733150239,4663.543733150239,477,1230,854
4665.881097991537,4665.631097991537,4666.131097991537,1084,1355,1220
4668.962079808543,4668.837079808543,4669.087079808543,1212,583,898
4671.4750015687305,4671.3500015687305,4671.6000015687305,1402,1745,1574
4672.49880245244,4672.37380245244,4672.62380245244,1655,1392,1524
4669.753016998208,4669.628016998208,4669.878016998208,1624,2259,1942
4669.351963318085,4669.226963318085,4669.476963318085,511,1346,929
4660.239911603419,4660.114911603419,4660.364911603419,1325,1610,1468
4657.929770065182,4657.804770065182,4658.054770065182,1988,1585,1787
4661.464181452004,4661.339181452004,4661.589181452004,1151,1800,1476
4656.578214059425,4656.453214059425,4656.703214059425,1055,1046,1051
4661.321030654925,4661.196030654925,4661.446030654925,903,2672,1788
4656.575814815674,4656.450814815674,4656.700814815674,2533,1016,1775
4652.456352031055,4652.331352031055,4652.581352031055,1286,625,956
4656.726357827205,4656.601357827205,4656.851357827205,1859,1866,1863
4650.930711283392,4650.805711283392,4651.055711283392,736,1597,1167
4644.429061596166,4644.304061596166,4644.554061596166,868,735,802
4645.914665465226,4645.664665465226,4646.164665465226,1720,1785,1753
4639.389773051146,4639.264773051146,4639.514773051146,2321,1098,1710
4639.826088875166,4639.701088875166,4639.951088875166,1106,2511,1809
4636.317844329348,4636.192844329348,4636.442844329348,933,2390,1662
4629.889898530433,4629.764898530433,4630.014898530433,484,1305,895
4620.118196524147,4619.743196524147,4620.493196524147,740,1471,1106
4615.035319086893,4614.785319086893,4615.285319086893,1360,547,954
4611.869303870923,4611.494303870923,4612.244303870923,2199,952,1576
4609.207229786238,4609.082229786238,4609.332229786238,638,1847,1243
4605.307325567542,4604.932325567542,4605.682325567542,607,1436,1022
4605.445851146562,4605.320851146562,4605.570851146562,959,964,962
4605.095812418877,4604.845812418877,4605.345812418877,2681,1284,1983
4608.284057442026,4608.159057442026,4608.409057442026,689,2018,1354
4612.047608099283,4611.922608099283,4612.172608099283,1781,1294,1538
4608.9349250540445,4608.8099250540445,4609.0599250540445,2724,1257,1991
4602.705872120647,4602.455872120647,4602.955872120647,2182,927,1555
4609.8489132066015,4609.7239132066015,4609.9739132066015,2647,1248,1948
4607.474554286053,4607.349554286053,4607.599554286053,703,1850,1277
4607.480671220338,4607.355671220338,4607.605671220338,2021,1700,1861
4603.099114219777,4602.849114219777,4603.349114219777,881,2238,1560
4610.479383431044,4610.354383431044,4610.604383431044,1271,2194,1733
4609.868089363235,4609.743089363235,4609.993089363235,2364,1033,1699
4606.0489550427255,4605.9239550427255,4606.1739550427255,1966,747,1357
4614.3204310984265,4614.0704310984265,4614.5704310984265,936,761,849
4618.067820496113,4617.692820496113,4618.442820496113,1959,2018,1989
4623.773788560963,4623.523788560963,4624.023788560963,1255,2106,1681
4628.278291299158,4628.153291299158,4628.403291299158,2740,997,1869
4628.994165911146,4628.744165911146,4629.244165911146,1048,2903,1976
4634.315943519379,4634.065943519379,4634.565943519379,1927,1102,1515
4629.876221740881,4629.751221740881,4630.001221740881,2075,942,1509
4631.31819955028,4630.94319955028,4631.69319955028,1860,2045,1953
4624.444017839452,4624.194017839452,4624.694017839452,1313,2458,1886
4622.691753604251,4622.441753604251,4622.941753604251,1446,1997,1722
4623.77937587733,4623.65437587733,4623.90437587733,1104,625,865
4623.280638656969,4623.155638656969,4623.405638656969,1154,1789,1472
4623.409295647305,4623.284295647305,4623.534295647305,1531,2364,1948
4616.086165784481,4615.961165784481,4616.211165784481,910,1617,1264
4611.618566048814,4611.368566048814,4611.868566048814,2215,1428,1822
4616.980462453455,4616.730462453455,4617.230462453455,1143,2418,1781
4614.285088999009,4614.160088999009,4614.410088999009,2368,1537,1953
4619.064539882851,4618.814539882851,4619.314539882851,1201,418,810
4618.631968482737,4618.506968482737,4618.756968482737,500,1387,944
4622.50985422695,4622.38485422695,4622.63485422695,878,1985,1432
4621.017929004924,4620.892929004924,4621.142929004924,2171,1072,1622
4621.461976651052,4621.211976651052,4621.711976651052,1273,688,981
4620.168891484691,4619.918891484691,4620.418891484691,1028,2547,1788
4626.188102054558,4626.063102054558,4626.313102054558,1220,617,919
4622.006574559012,4621.756574559012,4622.256574559012,1819,2008,1914
4616.834261970365,4616.709261970365,4616.959261970365,1994,1021,1508
4618.946987478844,4618.821987478844,4619.071987478844,1939,666,1303
4620.695720728209,4620.570720728209,4620.820720728209,2681,898,1790
4629.3826551555985,4629.1326551555985,4629.6326551555985,1765,1916,1841
4629.460293200064,4629.335293200064,4629.585293200064,1882,831,1357
4624.649990703768,4624.399990703768,4624.899990703768,628,1167,898
4622.747583201307,4622.622583201307,4622.872583201307,739,1414,1077
4629.358078971241,4629.233078971241,4629.483078971241,1893,1882,1888
4626.061956794412,4625.686956794412,4626.436956794412,1530,1257,1394
4622.730314249718,4622.480314249718,4622.980314249718,549,1142,846
4630.416438952602,4630.291438952602,4630.541438952602,1620,1037,1329
4639.531490878842,4639.406490878842,4639.656490878842,2288,945,1617
4638.5696236418835,4638.3196236418835,4638.8196236418835,698,1051,875
4645.829572281613,4645.579572281613,4646.079572281613,2308,1661,1985
4647.0148489533085,4646.8898489533085,4647.1398489533085,1633,1362,1498
4649.35928237397,4649.10928237397,4649.60928237397,944,1399,1172
4643.982462695344,4643.857462695344,4644.107462695344,674,941,808
4638.668184748551,4638.543184748551,4638.793184748551,916,1427,1172
4633.511519289091,4633.261519289091,4633.761519289091,684,1561,1123
4635.978903082379,4635.853903082379,4636.103903082379,1293,950,1122
4639.659349377303,4639.534349377303,4639.784349377303,2100,1355,1728
4638.5813429885375,4638.3313429885375,4638.8313429885375,977,890,934
4645.2456871105815,4644.9956871105815,4645.4956871105815,886,1933,1410
4634.046795494181,4633.921795494181,4634.171795494181,829,1146,988
4630.690771447773,4630.565771447773,4630.815771447773,1918,1463,1691
4628.104562540917,4627.979562540917,4628.229562540917,895,2196,1546
4627.653712593806,4627.528712593806,4627.778712593806,2078,1185,1632
4619.894436095164,4619.769436095164,4620.019436095164,987,2038,1513
4610.032104547171,4609.907104547171,4610.157104547171,1313,2528,1921
4602.253091409875,4601.878091409875,4602.628091409875,1558,1899,1729
4605.74706949561,4605.49706949561,4605.99706949561,1278,1723,1501
4607.684048653506,4607.309048653506,4608.059048653506,576,1155,866
4609.1581377283,4609.0331377283,4609.2831377283,1463,1894,1679
4610.046407818952,4609.921407818952,4610.171407818952,1090,2381,1736
4616.329778618998,4616.204778618998,4616.454778618998,1335,1852,1594
4617.83234212632,4617.70734212632,4617.95734212632,1481,1738,1610
4616.8169763457,4616.6919763457,4616.9419763457,1230,2577,1904
4617.768517119128,4617.643517119128,4617.893517119128,2343,1238,1791
4617.0640841079785,4616.8140841079785,4617.3140841079785,849,1668,1259
4615.542114350349,4615.417114350349,4615.667114350349,1459,2304,1882
4612.596909369665,4612.346909369665,4612.846909369665,773,1522,1148
4609.880900575284,4609.755900575284,4610.005900575284,1404,2243,1824
4610.837700680867,4610.712700680867,4610.962700680867,1236,2541,1889
4608.442542632989,4608.317542632989,4608.567542632989,1566,1779,1673
4603.538227376756,4603.413227376756,4603.663227376756,1753,2208,1981
4603.266488292479,4603.141488292479,4603.391488292479,1438,1297,1368
4600.846901351295,4600.596901351295,4601.096901351295,1451,2536,1994
4601.153120676281,4601.028120676281,4601.278120676281,741,1434,1088
4596.555780129581,4596.430780129581,4596.680780129581,1559,2418,1989
4589.166695111133,4589.041695111133,4589.291695111133,2654,983,1819
4584.241534371216,4584.116534371216,4584.366534371216,642,1567,1105
4587.056254037499,4586.931254037499,4587.181254037499,1835,1234,1535
4589.408764058433,4589.283764058433,4589.533764058433,834,2465,1650
4584.4999249902285,4584.3749249902285,4584.6249249902285,693,1106,900
4571.642361075984,4571.517361075984,4571.767361075984,435,1276,856
4580.847464118432,4580.722464118432,4580.972464118432,1611,2190,1901
4578.3707696592855,4578.1207696592855,4578.6207696592855,806,1203,1005
4570.545611576283,4570.170611576283,4570.920611576283,508,1457,983
4564.964387133487,4564.839387133487,4565.089387133487,909,2158,1534
4570.113806205048,4569.988806205048,4570.238806205048,1503,702,1103
4574.982215381108,4574.857215381108,4575.107215381108,2380,1041,1711
4573.993656210379,4573.743656210379,4574.243656210379,1313,538,926
4579.9084919548295,4579.7834919548295,4580.0334919548295,903,2022,1463
4581.774292290918,4581.649292290918,4581.899292290918,498,1123,811
4580.699099458316,4580.324099458316,4581.074099458316,2039,682,1361
4583.8605515117615,4583.7355515117615,4583.9855515117615,553,1192,873
4590.759043815834,4590.509043815834,4591.009043815834,509,1338,924
4584.610441583897,4584.485441583897,4584.735441583897,1824,1801,1813
4586.342944809117,4586.217944809117,4586.467944809117,2030,859,1445
4586.842746848309,4586.592746848309,4587.092746848309,1331,2404,1868
4590.038421323114,4589.913421323114,4590.163421323114,1693,1546,1620
4587.32758062289,4587.20258062289,4587.45258062289,2198,1513,1856
4589.38946241512,4589.13946241512,4589.63946241512,2726,1169,1948
4595.036659502933,4594.911659502933,4595.161659502933,550,1487,1019
4591.924889496866,4591.674889496866,4592.174889496866,1362,913,1138
4588.360865117034,4588.235865117034,4588.485865117034,1094,1937,1516
4594.89241707422,4594.76741707422,4595.01741707422,1952,1483,1718
4595.963075448215,4595.713075448215,4596.213075448215,1757,962,1360
4591.699597612641,4591.574597612641,4591.824597612641,718,1813,1266
4596.284038214601,4596.159038214601,4596.409038214601,1743,806,1275
4592.040025185054,4591.790025185054,4592.290025185054,1263,1426,1345
4589.225675318121,4589.100675318121,4589.350675318121,504,1329,917
4588.615431121857,4588.490431121857,4588.740431121857,2164,1223,1694
4583.452295437669,4583.202295437669,4583.702295437669,1314,1583,1449
4581.923925466729,4581.798925466729,4582.048925466729,909,896,903
4590.524982222952,4590.274982222952,4590.774982222952,1000,2397,1699
4586.632614386171,4586.382614386171,4586.882614386171,1641,838,1240
4584.850847851769,4584.600847851769,4585.100847851769,719,1128,924
4587.518222984435,4587.268222984435,4587.768222984435,848,1709,1279
4582.184591126502,4582.059591126502,4582.309591126502,1377,914,1146
4574.435717376699,4574.310717376699,4574.560717376699,1335,1784,1560
4568.977684396816,4568.852684396816,4569.102684396816,1638,2235,1937
4561.737722000283,4561.362722000283,4562.112722000283,1568,1143,1356
4561.316782213013,4561.191782213013,4561.441782213013,2126,1787,1957
4558.768837693625,4558.643837693625,4558.893837693625,843,2374,1609
4556.327054527944,4556.202054527944,4556.452054527944,991,2892,1942
4551.427944976785,4551.177944976785,4551.677944976785,1835,732,1284
4549.4559602919435,4549.0809602919435,4549.8309602919435,604,1595,1100
4545.895030638233,4545.770030638233,4546.020030638233,1170,621,896
4549.88807381981,4549.76307381981,4550.01307381981,1273,1834,1554
4552.369428098788,4551.994428098788,4552.744428098788,2093,1692,1893
4549.433268015972,4549.308268015972,4549.558268015972,420,1229,825
4554.014046501961,4553.889046501961,4554.139046501961,1327,698,1013
4547.523259733539,4547.398259733539,4547.648259733539,800,2291,1546
4532.954468200147,4532.829468200147,4533.079468200147,1570,989,1280
4528.717740403588,4528.592740403588,4528.842740403588,801,2390,1596
4532.044010702401,4531.669010702401,4532.419010702401,1692,619,1156
4533.309671490062,4533.184671490062,4533.434671490062,1514,909,1212
4537.357272825108,4537.232272825108,4537.482272825108,992,2315,1654
4536.3226784690805,4536.1976784690805,4536.4476784690805,1181,424,803
4536.134789661735,4536.009789661735,4536.259789661735,1740,1209,1475
4534.30874508511,4534.05874508511,4534.55874508511,1281,2046,1664
4533.795389647023,4533.670389647023,4533.920389647023,921,828,875
4537.555799449244,4537.430799449244,4537.680799449244,1892,1027,1460
4533.104078028242,4532.979078028242,4533.229078028242,1409,2522,1966
4539.635030617547,4539.260030617547,4540.010030617547,1427,1168,1298
4533.388142534336,4533.138142534336,4533.638142534336,1623,584,1104
4533.160501617373,4532.785501617373,4533.535501617373,1340,853,1097
4533.118285455471,4532.868285455471,4533.368285455471,2522,1319,1921
4536.43742416325,4536.31242416325,4536.56242416325,1659,1184,1422
4537.416641599478,4537.041641599478,4537.791641599478,1250,1245,1248
4540.0369648113765,4539.7869648113765,4540.2869648113765,879,1630,1255
4538.555417262649,4538.430417262649,4538.680417262649,1013,2004,1509
4545.255010978547,4545.130010978547,4545.380010978547,821,1676,1249
4554.7475690896445,4554.6225690896445,4554.8725690896445,848,1095,972
4552.34053921391,4551.96553921391,4552.71553921391,745,1564,1155
4551.341021904386,4551.216021904386,4551.466021904386,1378,651,1015
4546.803240524403,4546.678240524403,4546.928240524403,2202,1497,1850
4541.672312970732,4541.547312970732,4541.797312970732,1143,2530,1837
4539.284804174,4539.034804174,4539.534804174,1016,1061,1039
4541.871291183495,4541.746291183495,4541.996291183495,1881,1814,1848
4545.00328786694,4544.87828786694,4545.12828786694,1532,843,1188
4543.387636046221,4543.262636046221,4543.512636046221,657,1108,883
4539.904231978634,4539.654231978634,4540.154231978634,829,2362,1596
4536.684026673963,4536.559026673963,4536.809026673963,1398,1555,1477
4535.874256409496,4535.749256409496,4535.999256409496,1663,724,1194
4537.335872255627,4537.210872255627,4537.460872255627,1511,1708,1610
4539.755414061454,4539.380414061454,4540.130414061454,1942,1899,1921
4535.218200627908,4534.843200627908,4535.593200627908,1624,1765,1695
4537.559297774638,4537.309297774638,4537.809297774638,1868,1621,1745
4537.138816990624,4536.888816990624,4537.388816990624,1271,2138,1705
4537.580871302749,4537.455871302749,4537.705871302749,1817,1388,1603
4537.751649086484,4537.376649086484,4538.126649086484,691,1048,870
4534.762786255081,4534.637786255081,4534.887786255081,2203,1082,1643
4537.683157975108,4537.433157975108,4537.933157975108,1679,1212,1446
4540.221116254548,4539.846116254548,4540.596116254548,647,1172,910
4543.476946542369,4543.351946542369,4543.601946542369,621,1532,1077
4541.20523857479,4541.08023857479,4541.33023857479,831,1926,1379
4540.618064790704,4540.368064790704,4540.868064790704,1994,797,1396
4540.220314362237,4540.095314362237,4540.345314362237,586,1571,1079
4538.573923612976,4538.448923612976,4538.698923612976,1019,2870,1945
4540.50437109227,4540.12937109227,4540.87937109227,697,1068,883
4538.242289870343,4538.117289870343,4538.367289870343,885,818,852
4543.01100896931,4542.88600896931,4543.13600896931,899,2494,1697
4541.552998078358,4541.427998078358,4541.677998078358,1745,654,1200
4539.529025056732,4539.279025056732,4539.779025056732,664,1463,1064
4541.229411482913,4540.854411482913,4541.604411482913,1027,1780,1404
4542.143059183309,4542.018059183309,4542.268059183309,1078,1153,1116
4539.741291821201,4539.616291821201,4539.866291821201,1161,612,887
4537.5295216272825,4537.4045216272825,4537.6545216272825,2733,1224,1979
4535.415112395268,4535.290112395268,4535.540112395268,1188,2259,1724
4532.87389982673,4532.62389982673,4533.12389982673,1666,1855,1761
4536.548718693273,4536.298718693273,4536.798718693273,1007,776,892
4542.136226121055,4542.011226121055,4542.261226121055,1634,1511,1573
4544.223269664829,4544.098269664829,4544.348269664829,878,793,836
4544.090396703658,4543.840396703658,4544.340396703658,1769,1812,1791
4541.799677289708,4541.674677289708,4541.924677289708,1504,627,1066
4538.447752706936,4538.322752706936,4538.572752706936,1126,1031,1079
4542.942939659784,4542.817939659784,4543.067939659784,687,1972,1330
4546.187730013888,4546.062730013888,4546.312730013888,1049,1776,1413
4550.494199190731,4550.369199190731,4550.619199190731,1579,1676,1628
4557.963808230201,4557.713808230201,4558.213808230201,1441,1742,1592
4560.761436379839,4560.636436379839,4560.886436379839,1201,2552,1877
4556.579649461345,4556.454649461345,4556.704649461345,844,1643,1244
4553.617872409334,4553.492872409334,4553.742872409334,1406,1265,1336
4553.554852951909,4553.429852951909,4553.679852951909,1418,999,1209
4549.354256757751,4549.104256757751,4549.604256757751,630,1105,868
4551.36993784647,4551.24493784647,4551.49493784647,2311,1028,1670
4557.584307059704,4557.334307059704,4557.834307059704,598,1455,1027
4556.838121917222,4556.713121917222,4556.963121917222,1655,718,1187
4552.178740678979,4552.053740678979,4552.303740678979,1186,2049,1618
4549.50652718587,4549.38152718587,4549.63152718587,665,962,814
4546.956369505736,4546.706369505736,4547.206369505736,1812,827,1320
4544.318659536723,4544.193659536723,4544.443659536723,1081,1142,1112
4549.70630104383,4549.58130104383,4549.83130104383,2281,1506,1894
4548.328049817715,4548.203049817715,4548.453049817715,1700,1355,1528
4548.630713533266,4548.505713533266,4548.755713533266,1158,2249,1704
4546.019380815732,4545.894380815732,4546.144380815732,1025,2108,1567
4543.4474531875285,4543.3224531875285,4543.5724531875285,1002,2431,1717
4543.0340801443035,4542.9090801443035,4543.1590801443035,2485,1150,1818
4543.029554244213,4542.779554244213,4543.279554244213,2315,1368,1842
4544.675105622649,4544.550105622649,4544.800105622649,1223,872,1048
4550.023145172372,4549.773145172372,4550.273145172372,1654,1875,1765
4547.764253999786,4547.389253999786,4548.139253999786,1178,2535,1857
4548.796659196675,4548.546659196675,4549.046659196675,1056,825,941
4546.313308925497,4546.063308925497,4546.563308925497,777,1994,1386
4542.416043302219,4542.166043302219,4542.666043302219,1521,1176,1349
4540.100026732419,4539.725026732419,4540.475026732419,1134,1801,1468
4539.6003219539125,4539.4753219539125,4539.7253219539125,1158,2147,1653
4535.425849703828,4535.300849703828,4535.550849703828,1071,2908,1990
4533.927269854658,4533.802269854658,4534.052269854658,2575,1234,1905
4535.716331767954,4535.341331767954,4536.091331767954,2022,1573,1798
4538.214412424731,4537.964412424731,4538.464412424731,1606,2041,1824
4537.915982051877,4537.790982051877,4538.040982051877,1153,1628,1391
4539.47566432085,4539.35066432085,4539.60066432085,1517,508,1013
4542.8408419103525,4542.4658419103525,4543.2158419103525,1046,797,922
4542.963467796978,4542.838467796978,4543.088467796978,2918,985,1952
4546.044479696964,4545.919479696964,4546.169479696964,2069,1048,1559
4540.60413323185,4540.47913323185,4540.72913323185,1717,582,1150
4543.421752461076,4543.171752461076,4543.671752461076,1301,2494,1898
4542.4973434925605,4542.3723434925605,4542.6223434925605,2014,1215,1615
4546.788042712782,4546.663042712782,4546.913042712782,2267,1670,1969
4549.726261815101,4549.601261815101,4549.851261815101,2187,902,1545
4550.375437678052,4550.000437678052,4550.750437678052,1908,1275,1592
4548.331366480354,4548.206366480354,4548.456366480354,623,1556,1090
4545.923860828208,4545.798860828208,4546.048860828208,1455,1004,1230
4545.11081596375,4544.98581596375,4545.23581596375,792,1175,984
4544.661907888976,4544.536907888976,4544.786907888976,897,726,812
4543.5444604540835,4543.4194604540835,4543.6694604540835,1934,2017,1976
4540.482667326013,4540.232667326013,4540.732667326013,1658,1409,1534
4541.610251202491,4541.485251202491,4541.735251202491,1655,816,1236
4548.417493753383,4548.042493753383,4548.792493753383,2703,998,1851
4547.276706819462,4547.151706819462,4547.401706819462,1972,1597,1785
4550.451988596241,4550.326988596241,4550.576988596241,2189,1296,1743
4552.913725159516,4552.788725159516,4553.038725159516,1672,1309,1491
4546.260509734208,4546.135509734208,4546.385509734208,1452,1067,1260
4543.261587433353,4543.011587433353,4543.511587433353,1944,1327,1636
4546.020567201493,4545.895567201493,4546.145567201493,2117,748,1433
4546.293550828423,4546.168550828423,4546.418550828423,1057,1000,1029
4552.284867728417,4552.159867728417,4552.409867728417,1044,763,904
4551.904890503892,4551.779890503892,4552.029890503892,1153,844,999
4550.865950547225,4550.740950547225,4550.990950547225,860,1853,1357
4557.095021468754,4556.970021468754,4557.220021468754,1459,612,1036
4557.07847550589,4556.95347550589,4557.20347550589,1523,1624,1574
4561.481559511521,4561.231559511521,4561.731559511521,1437,490,964
4564.545788344657,4564.420788344657,4564.670788344657,1024,2149,1587
4564.145434500408,4564.020434500408,4564.270434500408,2614,1215,1915
4559.603048462663,4559.478048462663,4559.728048462663,1413,1306,1360
4559.804699719919,4559.679699719919,4559.929699719919,1059,1370,1215
4559.856457318671,4559.481457318671,4560.231457318671,970,675,823
4553.272750038157,4553.147750038157,4553.397750038157,1526,953,1240
4552.606979449164,4552.481979449164,4552.731979449164,1330,541,936
4557.978078596644,4557.728078596644,4558.228078596644,657,1390,1024
4554.959170063865,4554.709170063865,4555.209170063865,857,776,817
4555.153866295583,4555.028866295583,4555.278866295583,1039,1750,1395
4543.302090741624,4543.177090741624,4543.427090741624,1872,1951,1912
4545.225308721551,4544.850308721551,4545.600308721551,1197,1678,1438
4542.624907202683,4542.499907202683,4542.749907202683,918,2267,1593
4539.9671074812295,4539.8421074812295,4540.0921074812295,1852,749,1301
4534.760513275516,4534.635513275516,4534.885513275516,991,870,931
4536.424989133648,4536.299989133648,4536.549989133648,1832,1963,1898
4542.14643693038,4541.89643693038,4542.39643693038,1223,1688,1456
4539.296647224627,4539.171647224627,4539.421647224627,1035,2464,1750
4535.558202993599,4535.433202993599,4535.683202993599,1325,948,1137
4541.923463881279,4541.673463881279,4542.173463881279,1564,725,1145
4544.075189896954,4543.700189896954,4544.450189896954,1346,731,1039
4545.130020053036,4544.880020053036,4545.380020053036,1214,915,1065
4543.288768666216,4543.163768666216,4543.413768666216,584,1097,841
4544.830628579473,4544.580628579473,4545.080628579473,717,1164,941
4545.969405041926,4545.719405041926,4546.219405041926,637,1660,1149
4546.242953352409,4545.992953352409,4546.492953352409,1483,1866,1675
4541.749038698922,4541.624038698922,4541.874038698922,1168,1159,1164
4546.658146960338,4546.533146960338,4546.783146960338,2611,1010,1811
4544.281410405647,4543.906410405647,4544.656410405647,1251,2154,1703
4546.265309888889,4545.890309888889,4546.640309888889,1252,1871,1562
4552.8821399782455,4552.6321399782455,4553.1321399782455,1025,2706,1866
4551.466097916327,4551.091097916327,4551.841097916327,1051,754,903
4555.763585377758,4555.513585377758,4556.013585377758,1573,2350,1962
4549.139298808919,4548.889298808919,4549.389298808919,1014,1051,1033
4548.864565022531,4548.614565022531,4549.114565022531,1013,774,894
4556.136002820538,4556.011002820538,4556.261002820538,2097,1748,1923
4557.746531886511,4557.621531886511,4557.871531886511,723,1116,920
4561.965594641191,4561.840594641191,4562.090594641191,840,1175,1008
4561.074885505506,4560.949885505506,4561.199885505506,1817,1062,1440
4564.748028877196,4564.623028877196,4564.873028877196,2059,1746,1903
4562.085574562418,4561.835574562418,4562.335574562418,1922,769,1346
4556.173274389582,4555.923274389582,4556.423274389582,1127,1756,1442
4560.183675890471,4559.808675890471,4560.558675890471,498,1291,895
4560.189549242356,4559.939549242356,4560.439549242356,860,2543,1702
4554.542263981896,4554.417263981896,4554.667263981896,944,833,889
4554.076744164844,4553.826744164844,4554.326744164844,1473,2462,1968
4550.29366961801,4550.16866961801,4550.41866961801,2347,1038,1693
4545.931010252315,4545.806010252315,4546.056010252315,985,2104,1545
4545.0641293062,4544.8141293062,4545.3141293062,1043,1892,1468
4542.38871936355,4542.13871936355,4542.63871936355,902,937,920
4540.887718302524,4540.762718302524,4541.012718302524,1286,2611,1949
4544.0336082481945,4543.9086082481945,4544.1586082481945,1139,2266,1703
4541.31499168069,4541.18999168069,4541.43999168069,1864,1321,1593
4540.573328663554,4540.448328663554,4540.698328663554,1835,710,1273
4538.364916778335,4538.239916778335,4538.489916778335,929,2210,1570
4536.940423992165,4536.690423992165,4537.190423992165,974,687,831
4538.395561732185,4538.270561732185,4538.520561732185,491,1150,821
4538.573410762032,4538.323410762032,4538.823410762032,1052,1075,1064
4539.264719243378,4539.139719243378,4539.389719243378,1349,612,981
4542.025011784704,4541.775011784704,4542.275011784704,1373,2232,1803
4546.188358093709,4546.063358093709,4546.313358093709,1254,1799,1527
4543.073914351259,4542.948914351259,4543.198914351259,2306,819,1563
4542.815053239805,4542.690053239805,4542.940053239805,2259,1022,1641
4542.3553609722785,4542.1053609722785,4542.6053609722785,1181,578,880
4539.437558535407,4539.312558535407,4539.562558535407,1159,2314,1737
4538.378646044189,4538.253646044189,4538.503646044189,709,1886,1298
4539.675713687677,4539.425713687677,4539.925713687677,1094,849,972
4538.0195116048035,4537.8945116048035,4538.1445116048035,590,1615,1103
4534.872341264472,4534.622341264472,4535.122341264472,1038,1765,1402
4531.4443714723075,4531.1943714723075,4531.6943714723075,1112,575,844
4529.700291885167,4529.575291885167,4529.825291885167,2469,1282,1876
4534.178279636525,4533.803279636525,4534.553279636525,2604,1169,1887
4535.123502589945,4534.748502589945,4535.498502589945,1739,978,1359
4537.412190592104,4537.287190592104,4537.537190592104,1492,685,1089
4536.183697089536,4535.933697089536,4536.433697089536,1088,1173,1131
4539.561872442477,4539.436872442477,4539.686872442477,678,1795,1237
4539.105753081066,4538.730753081066,4539.480753081066,1019,2242,1631
4532.642235984186,4532.392235984186,4532.892235984186,1463,890,1177
4528.429683655883,4528.179683655883,4528.679683655883,1048,1303,1176
4530.311498800595,4530.186498800595,4530.436498800595,1248,2027,1638
4525.352470667265,4525.102470667265,4525.602470667265,1192,2081,1637
4525.942021278473,4525.817021278473,4526.067021278473,1169,888,1029
4527.525591615053,4527.400591615053,4527.650591615053,1396,721,1059
4523.979188706181,4523.854188706181,4524.104188706181,870,1299,1085
4524.658505722695,4524.533505722695,4524.783505722695,857,1476,1167
4528.294379225873,4528.044379225873,4528.544379225873,1215,1526,1371
4528.025299400726,4527.900299400726,4528.150299400726,1568,2071,1820
4534.595955395485,4534.345955395485,4534.845955395485,462,1373,918
4533.8154033527835,4533.6904033527835,4533.9404033527835,1509,558,1034
4537.747908935849,4537.622908935849,4537.872908935849,1628,2017,1823
4535.341993865954,4535.091993865954,4535.591993865954,1640,1457,1549
4527.0266549261505,4526.9016549261505,4527.1516549261505,1512,2243,1878
4527.942540350026,4527.692540350026,4528.192540350026,831,2212,1522
4527.938837279606,4527.813837279606,4528.063837279606,1137,2746,1942
4532.107877482662,4531.982877482662,4532.232877482662,1294,1079,1187
4526.948301746668,4526.823301746668,4527.073301746668,599,1330,965
4526.833197812065,4526.708197812065,4526.958197812065,1378,829,1104
4529.8043582631,4529.4293582631,4530.1793582631,2162,1795,1979
4527.734544454085,4527.359544454085,4528.109544454085,1195,1626,1411
4526.637592134609,4526.512592134609,4526.762592134609,1559,1260,1410
4522.630056840655,4522.505056840655,4522.755056840655,1647,2276,1962
4520.610547041292,4520.360547041292,4520.860547041292,1474,2121,1798
4515.622752493482,4515.247752493482,4515.997752493482,2202,745,1474
4505.6032127872395,4505.4782127872395,4505.7282127872395,1142,485,814
4509.02112405253,4508.89612405253,4509.14612405253,2669,986,1828
4515.812344769601,4515.687344769601,4515.937344769601,2303,806,1555
4514.757988209364,4514.632988209364,4514.882988209364,1302,1563,1433
4510.518514233975,4510.268514233975,4510.768514233975,1357,784,1071
4508.907947554883,4508.782947554883,4509.032947554883,1269,588,929
4510.20129934908,4509.95129934908,4510.45129934908,1201,870,1036
4512.6302119254515,4512.3802119254515,4512.8802119254515,1624,1307,1466
4515.089743663354,4514.839743663354,4515.339743663354,1660,1649,1655
4507.2012731471605,4506.8262731471605,4507.5762731471605,1937,810,1374
4509.594581465846,4509.469581465846,4509.719581465846,1800,1217,1509
4513.023946015594,4512.898946015594,4513.148946015594,910,1301,1106
4512.880387835106,4512.755387835106,4513.005387835106,1546,1253,1400
4512.78563556933,4512.53563556933,4513.03563556933,1461,696,1079
4507.925980563913,4507.800980563913,4508.050980563913,1918,743,1331
4511.765680136002,4511.640680136002,4511.890680136002,1238,2211,1725
4517.62819077196,4517.50319077196,4517.75319077196,1009,2346,1678
4512.981910545782,4512.856910545782,4513.106910545782,811,2212,1512
4509.3523200130385,4509.2273200130385,4509.4773200130385,1232,947,1090
4512.065429565973,4511.940429565973,4512.190429565973,1148,1591,1370
4508.764236793161,4508.639236793161,4508.889236793161,2353,1166,1760
4512.963816665552,4512.838816665552,4513.088816665552,1893,916,1405
4516.109889963948,4515.859889963948,4516.359889963948,826,2385,1606
4508.312124928382,4508.187124928382,4508.437124928382,2194,1577,1886
4505.522345717265,4505.272345717265,4505.772345717265,2569,1048,1809
4503.221292469176,4502.846292469176,4503.596292469176,2030,863,1447
4505.179602650961,4505.054602650961,4505.304602650961,788,1915,1352
4507.583228222112,4507.333228222112,4507.833228222112,1263,2660,1962
4510.645450878295,4510.520450878295,4510.770450878295,1785,1498,1642
4506.364250260341,4506.239250260341,4506.489250260341,1059,1738,1399
4507.700293590503,4507.575293590503,4507.825293590503,1856,965,1411
4508.777015325582,4508.527015325582,4509.027015325582,1443,1118,1281
4512.798883908067,4512.548883908067,4513.048883908067,1522,1143,1333
4512.222540391725,4512.097540391725,4512.347540391725,912,971,942
4510.602120777597,4510.477120777597,4510.727120777597,2192,773,1483
4511.896920244889,4511.771920244889,4512.021920244889,1553,562,1058
4514.676033138436,4514.551033138436,4514.801033138436,1015,2150,1583
4508.388173563312,4508.013173563312,4508.763173563312,2019,1194,1607
4505.3256147352,4505.2006147352,4505.4506147352,926,723,825
4507.777174356796,4507.652174356796,4507.902174356796,2003,790,1397
4507.218903179691,4507.093903179691,4507.343903179691,961,1514,1238
4508.355248817943,4508.230248817943,4508.480248817943,1286,1859,1573
4511.588929408962,4511.338929408962,4511.838929408962,1360,1431,1396
4512.900013125051,4512.775013125051,4513.025013125051,2101,726,1414
4517.220820136682,4517.095820136682,4517.345820136682,1089,1210,1150
4515.8216129111515,4515.5716129111515,4516.0716129111515,1769,1060,1415
4512.561311750964,4512.436311750964,4512.686311750964,1074,653,864
4511.595973729872,4511.345973729872,4511.845973729872,2035,1726,1881
4505.74709072587,4505.62209072587,4505.87209072587,1392,2053,1723
4508.65587357709,4508.53087357709,4508.78087357709,1185,762,974
4510.595344513905,4510.470344513905,4510.720344513905,1415,550,983
4511.427646873581,4511.052646873581,4511.802646873581,1600,2131,1866
4507.10470336547,4506.85470336547,4507.35470336547,816,1595,1206
4505.535871000796,4505.410871000796,4505.660871000796,758,847,803
4509.970999399348,4509.845999399348,4510.095999399348,689,1616,1153
4511.0223352272915,4510.8973352272915,4511.1473352272915,2097,860,1479
4515.103938322354,4514.978938322354,4515.228938322354,1303,2620,1962
4516.277565922095,4516.152565922095,4516.402565922095,994,631,813
4520.3261978675355,4520.2011978675355,4520.4511978675355,1754,1513,1634
4517.610174192441,4517.485174192441,4517.735174192441,1154,987,1071
4517.616075235011,4517.491075235011,4517.741075235011,730,1931,1331
4513.21490549227,4512.96490549227,4513.46490549227,879,1954,1417
4510.96484651528,4510.83984651528,4511.08984651528,580,1149,865
4517.682723625133,4517.432723625133,4517.932723625133,1111,2540,1826
4518.840509535568,4518.715509535568,4518.965509535568,984,2125,1555
4518.8777148448835,4518.7527148448835,4519.0027148448835,2084,1129,1607
4517.104417195935,4516.979417195935,4517.229417195935,1114,1485,1300
4517.91064470623,4517.78564470623,4518.03564470623,2339,1636,1988
4514.643596496067,4514.393596496067,4514.893596496067,1672,1971,1822
4515.004180811851,4514.629180811851,4515.379180811851,1174,953,1064
4516.598668768021,4516.473668768021,4516.723668768021,928,2385,1657
4512.210403171079,4512.085403171079,4512.335403171079,1250,2111,1681
4512.823705779721,4512.698705779721,4512.948705779721,2141,982,1562
4512.32237828652,4512.19737828652,4512.44737828652,1642,771,1207
4510.206246032312,4509.956246032312,4510.456246032312,1494,1235,1365
4520.027900320471,4519.902900320471,4520.152900320471,1598,1777,1688
4526.751376314873,4526.501376314873,4527.001376314873,1251,514,883
4525.916162318839,4525.541162318839,4526.291162318839,919,1510,1215
4528.460594528702,4528.210594528702,4528.710594528702,1800,1657,1729
4526.959649759878,4526.834649759878,4527.084649759878,1954,1313,1634
4532.178702193728,4532.053702193728,4532.303702193728,1621,2102,1862
4534.749427726739,4534.624427726739,4534.874427726739,1246,1147,1197
4532.481421391035,4532.356421391035,4532.606421391035,1037,2488,1763
4534.967376547273,4534.842376547273,4535.092376547273,1493,1340,1417
4526.801208767963,4526.676208767963,4526.926208767963,584,1339,962
4524.524420606272,4524.399420606272,4524.649420606272,1111,2444,1778
4516.350132171957,4515.975132171957,4516.725132171957,2022,1811,1917
4512.769015415659,4512.519015415659,4513.019015415659,2192,907,1550
4509.229816580193,4509.104816580193,4509.354816580193,1203,1844,1524
4506.960956854082,4506.585956854082,4507.335956854082,1335,2574,1955
4507.697221110638,4507.447221110638,4507.947221110638,458,1309,884
4506.603220165464,4506.478220165464,4506.728220165464,2049,722,1386
4505.377215544239,4505.252215544239,4505.502215544239,828,1035,932
4498.40545716715,4498.03045716715,4498.78045716715,970,1795,1383
4497.929153952162,4497.804153952162,4498.054153952162,1324,1875,1600
4501.1525799323645,4500.9025799323645,4501.4025799323645,1913,912,1413
4508.956413759358,4508.706413759358,4509.206413759358,982,2301,1642
4504.936131676895,4504.811131676895,4505.061131676895,1130,1585,1358
4506.975234956944,4506.850234956944,4507.100234956944,1896,1621,1759
4513.680158421011,4513.555158421011,4513.805158421011,1297,1224,1261
4510.08530351761,4509.96030351761,4510.21030351761,2252,1197,1725
4510.073474156093,4509.823474156093,4510.323474156093,1001,1642,1322
4508.47609428127,4508.35109428127,4508.60109428127,996,697,847
4506.072890686549,4505.822890686549,4506.322890686549,2661,1096,1879
4506.406380805875,4506.281380805875,4506.531380805875,1095,1212,1154
4503.553564619494,4503.428564619494,4503.678564619494,972,1613,1293
4499.224668275832,4499.099668275832,4499.349668275832,416,1207,812
4498.45661190855,4498.33161190855,4498.58161190855,849,1168,1009
4497.221332786288,4496.971332786288,4497.471332786288,1389,578,984
4495.463551578441,4495.338551578441,4495.588551578441,962,699,831
4492.200886153955,4492.075886153955,4492.325886153955,1357,1144,1251
4489.011455699575,4488.886455699575,4489.136455699575,1013,1874,1444
4491.72999036208,4491.47999036208,4491.97999036208,1114,2523,1819
4492.782698020623,4492.532698020623,4493.032698020623,1263,592,928
4496.100094653996,4495.975094653996,4496.225094653996,1080,1711,1396
4491.027915187218,4490.902915187218,4491.152915187218,2097,1300,1699
4489.633942969798,4489.383942969798,4489.883942969798,748,889,819
4492.672233522221,4492.422233522221,4492.922233522221,1837,1214,1526
4491.163554611402,4490.913554611402,4491.413554611402,1239,1100,1170
4490.459945737448,4490.084945737448,4490.834945737448,1072,639,856
4490.360099058914,4490.235099058914,4490.485099058914,2525,1124,1825
4483.632886273651,4483.507886273651,4483.757886273651,602,1281,942
4483.201365144794,4482.826365144794,4483.576365144794,745,1602,1174
4485.711736631445,4485.586736631445,4485.836736631445,1669,1182,1426
4489.8601603476955,4489.6101603476955,4490.1101603476955,754,1171,963
4485.356225826732,4485.106225826732,4485.606225826732,778,1909,1344
4493.192200770588,4492.942200770588,4493.442200770588,1335,2450,1893
4498.989334137998,4498.739334137998,4499.239334137998,941,1718,1330
4499.915082915788,4499.665082915788,4500.165082915788,2009,1046,1528
4499.301740706076,4498.926740706076,4499.676740706076,1569,1452,1511
4498.5657427560545,4498.3157427560545,4498.8157427560545,1112,1143,1128
4496.530075963997,4496.405075963997,4496.655075963997,2426,1011,1719
4491.437309430568,4491.312309430568,4491.562309430568,1278,1387,1333
4487.725268881636,4487.600268881636,4487.850268881636,607,1268,938
4490.73076230373,4490.35576230373,4491.10576230373,1230,1501,1366
4492.579203351503,4492.329203351503,4492.829203351503,2771,1220,1996
4495.827460407952,4495.702460407952,4495.952460407952,2090,779,1435
4498.207792336697,4498.082792336697,4498.332792336697,1373,1352,1363
4497.5237166697725,4497.2737166697725,4497.7737166697725,1298,569,934
4507.914534616169,4507.664534616169,4508.164534616169,1443,1288,1366
4508.469591798883,4508.344591798883,4508.594591798883,1494,523,1009
4509.6190303878575,4509.4940303878575,4509.7440303878575,2128,1623,1876
4509.65057536617,4509.40057536617,4509.90057536617,1994,1589,1792
4508.657658274821,4508.282658274821,4509.032658274821,2598,1179,1889
4504.647728057809,4504.272728057809,4505.022728057809,1383,478,931
4502.693055909301,4502.568055909301,4502.818055909301,2050,1679,1865
4501.875952556798,4501.625952556798,4502.125952556798,1718,1741,1730
4505.394646722237,4505.144646722237,4505.644646722237,954,991,973
4506.0376679046385,4505.9126679046385,4506.1626679046385,1199,2342,1771
4508.69141258514,4508.44141258514,4508.94141258514,1996,819,1408
4510.411920730914,4510.036920730914,4510.786920730914,920,1343,1132
4510.874228133545,4510.749228133545,4510.999228133545,1641,1244,1443
4514.56673352122,4514.31673352122,4514.81673352122,1429,1050,1240
4518.616783883489,4518.366783883489,4518.866783883489,683,1972,1328
4521.996404840243,4521.621404840243,4522.371404840243,1843,1518,1681
4528.147960441371,4528.022960441371,4528.272960441371,1859,632,1246
4528.8803688525295,4528.7553688525295,4529.0053688525295,1072,817,945
4521.042373110037,4520.917373110037,4521.167373110037,934,751,843
4514.990044977217,4514.865044977217,4515.115044977217,1507,1030,1269
4510.507007847019,4510.257007847019,4510.757007847019,1168,2007,1588
4512.130876586052,4512.005876586052,4512.255876586052,750,979,865
4508.9784933586225,4508.7284933586225,4509.2284933586225,1902,1823,1863
4511.857970258995,4511.607970258995,4512.107970258995,2081,1002,1542
4507.111725247119,4506.861725247119,4507.361725247119,928,1781,1355
4503.686975692888,4503.561975692888,4503.811975692888,643,968,806
4503.427670956999,4503.302670956999,4503.552670956999,2166,1193,1680
4499.719807194891,4499.594807194891,4499.844807194891,1019,1340,1180
4499.105627743414,4498.980627743414,4499.230627743414,1733,722,1228
4495.2599946772,4495.1349946772,4495.3849946772,2043,1768,1906
4496.454116064698,4496.329116064698,4496.579116064698,1348,1227,1288
4497.555504180293,4497.430504180293,4497.680504180293,1749,1418,1584
4501.7492470875895,4501.6242470875895,4501.8742470875895,2281,1132,1707
4502.063471479436,4501.938471479436,4502.188471479436,876,1863,1370
4506.612876432107,4506.487876432107,4506.737876432107,1092,967,1030
4499.76709170528,4499.51709170528,4500.01709170528,1053,1308,1181
4507.673724344871,4507.423724344871,4507.923724344871,1914,903,1409
4508.170975546292,4508.045975546292,4508.295975546292,896,1329,1113
4509.213699466769,4508.838699466769,4509.588699466769,908,1053,981
4506.722650061217,4506.597650061217,4506.847650061217,1810,1065,1438
4503.732762846536,4503.482762846536,4503.982762846536,981,1308,1145
4511.4860821534285,4511.2360821534285,4511.7360821534285,1437,1710,1574
4504.948723151273,4504.823723151273,4505.073723151273,1562,1775,1669
4507.0674458457415,4506.8174458457415,4507.3174458457415,1341,510,926
4496.6775280917645,4496.4275280917645,4496.9275280917645,1501,2076,1789
4497.942628925842,4497.692628925842,4498.192628925842,1041,2288,1665
4497.528958784856,4497.278958784856,4497.778958784856,2420,1537,1979
4500.662480209213,4500.537480209213,4500.787480209213,907,1892,1400
4504.914955746952,4504.539955746952,4505.289955746952,2214,1725,1970
4502.514396110796,4502.389396110796,4502.639396110796,1809,692,1251
4499.1767163130835,4499.0517163130835,4499.3017163130835,1307,560,934
4503.383937331338,4503.133937331338,4503.633937331338,1171,1360,1266
4502.5298337756385,4502.4048337756385,4502.6548337756385,1363,2562,1963
4503.74494009653,4503.61994009653,4503.86994009653,1482,2087,1785
4505.736255691674,4505.486255691674,4505.986255691674,814,2233,1524
4507.4356512649365,4507.0606512649365,4507.8106512649365,2292,1483,1888
4511.4949988834005,4511.3699988834005,4511.6199988834005,1530,1489,1510
4509.044193408571,4508.919193408571,4509.169193408571,1228,699,964
4513.274745416044,4512.899745416044,4513.649745416044,917,2296,1607
4513.427397578304,4513.302397578304,4513.552397578304,1658,823,1241
4511.790772417863,4511.540772417863,4512.040772417863,1153,1576,1365
4522.698253993091,4522.573253993091,4522.823253993091,678,1093,886
4516.9773323771515,4516.7273323771515,4517.2273323771515,1048,2709,1879
4518.4982119077995,4518.3732119077995,4518.6232119077995,2568,1035,1802
4511.258731772872,4511.133731772872,4511.383731772872,1043,660,852
4503.993684076108,4503.868684076108,4504.118684076108,1165,1850,1508
4503.062727388638,4502.937727388638,4503.187727388638,1258,1353,1306
4501.83555556834,4501.58555556834,4502.08555556834,1594,2363,1979
4503.385901454226,4503.135901454226,4503.635901454226,1065,2652,1859
4497.637867903288,4497.387867903288,4497.887867903288,906,2337,1622
4500.159936237913,4500.034936237913,4500.284936237913,707,1556,1132
4500.2222019017845,4500.0972019017845,4500.3472019017845,973,2014,1494
4493.769355302019,4493.519355302019,4494.019355302019,1670,2047,1859
4502.38942781279,4502.26442781279,4502.51442781279,1906,1453,1680
4512.529055963594,4512.404055963594,4512.654055963594,2448,1095,1772
4499.46306118703,4499.33806118703,4499.58806118703,1882,1685,1784
4492.425256487135,4492.175256487135,4492.675256487135,797,1586,1192
4499.436348016034,4499.186348016034,4499.686348016034,753,1202,978
4503.3863430626725,4503.2613430626725,4503.5113430626725,2202,1011,1607
4500.085632604766,4499.835632604766,4500.335632604766,1180,683,932
4499.394735811215,4499.019735811215,4499.769735811215,1526,1771,1649
4499.1929771029345,4498.9429771029345,4499.4429771029345,2082,735,1409
4499.8961390274435,4499.6461390274435,4500.1461390274435,759,1284,1022
4497.648263873158,4497.398263873158,4497.898263873158,730,1373,1052
4495.502014709972,4495.377014709972,4495.627014709972,2439,1558,1999
4500.025420230238,4499.775420230238,4500.275420230238,1868,679,1274
4505.506383413883,4505.256383413883,4505.756383413883,1773,1988,1881
4497.769387549827,4497.644387549827,4497.894387549827,1878,1421,1650
4492.8981441037195,4492.7731441037195,4493.0231441037195,958,737,848
4489.1541862077065,4488.9041862077065,4489.4041862077065,1917,754,1336
4493.592988732947,4493.467988732947,4493.717988732947,1083,1098,1091
4493.683655539839,4493.558655539839,4493.808655539839,1674,2113,1894
4496.896353974808,4496.771353974808,4497.021353974808,2043,1812,1928
4493.638665691599,4493.388665691599,4493.888665691599,1344,2195,1770
4491.687317683905,4491.437317683905,4491.937317683905,1060,1601,1331
4490.443205716678,4490.068205716678,4490.818205716678,2067,874,1471
4490.908407353585,4490.783407353585,4491.033407353585,1548,2117,1833
4482.055910653288,4481.930910653288,4482.180910653288,1669,1638,1654
4485.69079978129,4485.56579978129,4485.81579978129,1482,1843,1663
4486.610608601749,4486.485608601749,4486.735608601749,1932,1021,1477
4488.293626463099,4488.168626463099,4488.418626463099,958,989,974
4480.980626724802,4480.730626724802,4481.230626724802,1236,827,1032
4482.035513254313,4481.910513254313,4482.160513254313,2465,1102,1784
4476.614258635569,4476.364258635569,4476.864258635569,1369,970,1170
4475.475926917551,4475.225926917551,4475.725926917551,1363,1226,1295
4471.30423840943,4471.05423840943,4471.55423840943,1401,1390,1396
4465.974354793973,4465.849354793973,4466.099354793973,1624,983,1304
4462.297639900328,4462.172639900328,4462.422639900328,1398,691,1045
4455.828838795259,4455.453838795259,4456.203838795259,760,1119,940
4453.791501836409,4453.666501836409,4453.916501836409,683,1658,1171
4452.143909671804,4452.018909671804,4452.268909671804,1417,1568,1493
4445.53207015628,4445.40707015628,4445.65707015628,1776,661,1219
4442.382761575663,4442.007761575663,4442.757761575663,874,759,817
4442.122008504123,4441.872008504123,4442.372008504123,1507,1104,1306
4443.243975622465,4443.118975622465,4443.368975622465,860,905,883
4432.738667907269,4432.613667907269,4432.863667907269,699,1332,1016
4434.656509577431,4434.406509577431,4434.906509577431,1508,1985,1747
4439.284822416082,4439.159822416082,4439.409822416082,1498,1413,1456
4442.533387966697,4442.283387966697,4442.783387966697,1439,2386,1913
4446.20058193956,4445.95058193956,4446.45058193956,2287,996,1642
4452.032996641301,4451.907996641301,4452.157996641301,1111,1586,1349
4448.098541134024,4447.973541134024,4448.223541134024,1444,723,1084
4445.237352354665,4444.987352354665,4445.487352354665,948,1893,1421
4441.558635131633,4441.308635131633,4441.808635131633,1442,993,1218
4435.832875141444,4435.707875141444,4435.957875141444,1522,2113,1818
4439.22004937519,4439.09504937519,4439.34504937519,841,2080,1461
4436.889443740127,4436.764443740127,4437.014443740127,754,1179,967
4439.496329211187,4439.371329211187,4439.621329211187,1046,2021,1534
4435.129871022108,4434.879871022108,4435.379871022108,1344,969,1157
4438.757176592722,4438.632176592722,4438.882176592722,1426,1733,1580
4432.672337366627,4432.547337366627,4432.797337366627,2725,1164,1945
4437.365897285198,4437.240897285198,4437.490897285198,1792,807,1300
4431.673308858814,4431.548308858814,4431.798308858814,732,1699,1216
4425.463703343492,4425.338703343492,4425.588703343492,642,1415,1029
4426.182698343522,4425.932698343522,4426.432698343522,1341,1664,1503
4430.804141928026,4430.429141928026,4431.179141928026,1442,719,1081
4420.898623406282,4420.648623406282,4421.148623406282,2401,838,1620
4423.081124542678,4422.831124542678,4423.331124542678,1945,1146,1546
4416.104514713897,4415.854514713897,4416.354514713897,1633,602,1118
4411.552329626744,4411.427329626744,4411.677329626744,879,1256,1068
4410.4424244862375,4410.3174244862375,4410.5674244862375,689,936,813
4406.089409236603,4405.964409236603,4406.214409236603,1095,2708,1902
4403.680256168242,4403.430256168242,4403.930256168242,1713,1158,1436
4407.089150971047,4406.964150971047,4407.214150971047,1561,578,1070
4402.493752740628,4402.243752740628,4402.743752740628,1420,487,954
4401.047056596012,4400.922056596012,4401.172056596012,708,985,847
4404.538040215253,4404.413040215253,4404.663040215253,1770,1981,1876
4405.709085844816,4405.584085844816,4405.834085844816,1240,2489,1865
4395.279491534349,4395.154491534349,4395.404491534349,1200,1017,1109
4392.376949211972,4392.126949211972,4392.626949211972,1950,1003,1477
4390.309561726589,4390.184561726589,4390.434561726589,1228,1397,1313
4391.936038800389,4391.686038800389,4392.186038800389,1150,2129,1640
4397.440559843196,4397.190559843196,4397.690559843196,1566,1127,1347
4400.4009640924705,4400.0259640924705,4400.7759640924705,592,1585,1089
4397.515985197195,4397.390985197195,4397.640985197195,872,2013,1443
4398.09633740338,4397.97133740338,4398.22133740338,1782,619,1201
4388.424891115348,4388.299891115348,4388.549891115348,2594,1135,1865
4389.272352293048,4389.147352293048,4389.397352293048,2267,808,1538
4397.755249882759,4397.630249882759,4397.880249882759,968,2205,1587
4395.3419242511045,4395.2169242511045,4395.4669242511045,1416,1025,1221
4388.879841174119,4388.504841174119,4389.254841174119,1118,1261,1190
4385.229917103959,4385.104917103959,4385.354917103959,1554,973,1264
4390.963284380155,4390.713284380155,4391.213284380155,1025,794,910
4399.502771303913,4399.377771303913,4399.627771303913,664,1193,929
4401.2645435898185,4401.1395435898185,4401.3895435898185,1661,1544,1603
4401.649889566445,4401.524889566445,4401.774889566445,1446,523,985
4406.307423825081,4406.182423825081,4406.432423825081,2140,1795,1968
4400.484871724365,4400.234871724365,4400.734871724365,931,1980,1456
4406.78785473856,4406.66285473856,4406.91285473856,1260,603,932
4408.886667597014,4408.761667597014,4409.011667597014,1309,1986,1648
4412.070753824249,4411.945753824249,4412.195753824249,2245,1080,1663
4414.531595418388,4414.406595418388,4414.656595418388,1209,430,820
4415.7817655529825,4415.6567655529825,4415.9067655529825,1339,1842,1591
4414.810567262006,4414.685567262006,4414.935567262006,875,1386,1131
4410.556692857737,4410.431692857737,4410.681692857737,1615,636,1126
4406.723464915029,4406.473464915029,4406.973464915029,1382,513,948
4411.74646327036,4411.62146327036,4411.87146327036,1480,1363,1422
4413.2573363703705,4413.1323363703705,4413.3823363703705,769,936,853
4407.726718105472,4407.601718105472,4407.851718105472,1636,2053,1845
4400.134445965474,4400.009445965474,4400.259445965474,1268,1983,1626
4399.401288404045,4399.276288404045,4399.526288404045,914,1375,1145
4391.719239949426,4391.469239949426,4391.969239949426,1245,564,905
4384.959069185759,4384.709069185759,4385.209069185759,2314,911,1613
4384.896021353147,4384.771021353147,4385.021021353147,1299,544,922
4391.581625173391,4391.456625173391,4391.706625173391,1122,2401,1762
4393.3483756920095,4393.2233756920095,4393.4733756920095,2242,1401,1822
4395.993737125106,4395.618737125106,4396.368737125106,1407,1380,1394
4393.322713839085,4393.197713839085,4393.447713839085,1036,2145,1591
4399.841858957806,4399.466858957806,4400.216858957806,1854,1499,1677
4401.703640203868,4401.453640203868,4401.953640203868,979,1066,1023
4402.164309059184,4401.789309059184,4402.539309059184,1561,856,1209
4401.9130132971995,4401.7880132971995,4402.0380132971995,816,1537,1177
4406.415496036778,4406.290496036778,4406.540496036778,1232,1065,1149
4402.664907555317,4402.289907555317,4403.039907555317,1802,943,1373
4397.460922133297,4397.210922133297,4397.710922133297,1231,1646,1439
4396.110924696687,4395.860924696687,4396.360924696687,2234,805,1520
4387.519651672021,4387.394651672021,4387.644651672021,1106,2575,1841
4383.870225791588,4383.745225791588,4383.995225791588,1424,1735,1580
4386.216657683487,4386.091657683487,4386.341657683487,2345,1056,1701
4381.372236559855,4381.122236559855,4381.622236559855,1387,696,1042
4380.541248821959,4380.291248821959,4380.791248821959,951,744,848
4390.5741714252445,4390.4491714252445,4390.6991714252445,1119,812,966
4387.103170557892,4386.978170557892,4387.228170557892,1005,1996,1501
4393.623647203193,4393.373647203193,4393.873647203193,1513,776,1145
4389.963645967406,4389.838645967406,4390.088645967406,686,1323,1005
4387.789116402512,4387.664116402512,4387.914116402512,773,1984,1379
4382.686854046391,4382.436854046391,4382.936854046391,1648,1603,1626
4387.842264942096,4387.467264942096,4388.217264942096,806,2355,1581
4387.64732920881,4387.52232920881,4387.77232920881,1311,2612,1962
4377.463831872519,4377.338831872519,4377.588831872519,831,1088,960
4381.471710384472,4381.096710384472,4381.846710384472,1875,952,1414
4390.875225521714,4390.750225521714,4391.000225521714,1550,1707,1629
4378.228371295226,4378.103371295226,4378.353371295226,1273,2210,1742
4372.337882036549,4372.087882036549,4372.587882036549,2286,1069,1678
4368.598479915648,4368.348479915648,4368.848479915648,986,853,920
4365.294840068904,4365.044840068904,4365.544840068904,1197,998,1098
4359.499396447962,4359.249396447962,4359.749396447962,1288,963,1126
4364.510406470389,4364.260406470389,4364.760406470389,1214,2697,1956
4365.715051068305,4365.340051068305,4366.090051068305,2502,909,1706
4361.894665445387,4361.769665445387,4362.019665445387,1846,1517,1682
4365.79985816674,4365.67485816674,4365.92485816674,1059,2622,1841
4365.2337557024475,4365.1087557024475,4365.3587557024475,1081,620,851
4362.699328794459,4362.449328794459,4362.949328794459,969,1894,1432
4363.946475257286,4363.821475257286,4364.071475257286,1043,676,860
4356.296017294233,4356.171017294233,4356.421017294233,923,838,881
4349.4495811432525,4349.3245811432525,4349.5745811432525,1543,998,1271
4346.2072729828615,4345.9572729828615,4346.4572729828615,937,1054,996
4352.885558163729,4352.635558163729,4353.135558163729,1682,867,1275
4346.071211010833,4345.821211010833,4346.321211010833,611,1828,1220
4351.283664572786,4351.158664572786,4351.408664572786,2298,831,1565
4349.887250804537,4349.762250804537,4350.012250804537,1485,2058,1772
4350.177085876617,4350.052085876617,4350.302085876617,1048,1697,1373
4339.152474177904,4339.027474177904,4339.277474177904,1316,2649,1983
4338.48285915468,4338.35785915468,4338.60785915468,1822,965,1394
4336.492783827799,4336.117783827799,4336.867783827799,1109,916,1013
4344.591138976068,4344.466138976068,4344.716138976068,1147,1292,1220
4340.454546422098,4340.204546422098,4340.704546422098,898,2469,1684
4340.1044144765865,4339.7294144765865,4340.4794144765865,1495,710,1103
4334.910935143204,4334.660935143204,4335.160935143204,1650,1415,1533
4338.4172599949525,4338.2922599949525,4338.5422599949525,2389,900,1645
4335.61484827494,4335.36484827494,4335.86484827494,1522,1807,1665
4334.799535608958,4334.549535608958,4335.049535608958,1578,2353,1966
4333.5116822171085,4333.2616822171085,4333.7616822171085,1701,582,1142
4335.60654879976,4335.48154879976,4335.73154879976,1578,527,1053
4336.682885331652,4336.307885331652,4337.057885331652,1360,2553,1957
4337.562028219447,4337.437028219447,4337.687028219447,1161,1142,1152
4337.339886700089,4337.214886700089,4337.464886700089,1256,1125,1191
4345.690125455816,4345.565125455816,4345.815125455816,1950,853,1402
4344.98084369153,4344.85584369153,4345.10584369153,921,1642,1282
4343.599918141408,4343.474918141408,4343.724918141408,1298,463,881
4341.0424016137285,4340.9174016137285,4341.1674016137285,2028,1699,1864
4340.765338747416,4340.640338747416,4340.890338747416,1049,2724,1887
4346.938999601253,4346.813999601253,4347.063999601253,1554,933,1244
4355.33366525055,4355.20866525055,4355.45866525055,1957,1126,1542
4366.882719770783,4366.757719770783,4367.007719770783,1590,1523,1557
4358.035021446965,4357.785021446965,4358.285021446965,789,2020,1405
4362.734972928865,4362.484972928865,4362.984972928865,1715,2246,1981
4370.303977075369,4370.178977075369,4370.428977075369,1734,913,1324
4374.540933316128,4374.290933316128,4374.790933316128,2603,1066,1835
4373.874962348011,4373.749962348011,4373.999962348011,1082,1983,1533
4375.055688539864,4374.930688539864,4375.180688539864,1113,1526,1320
4378.080358841499,4377.705358841499,4378.455358841499,1932,739,1336
4382.092564852719,4381.967564852719,4382.217564852719,1425,1314,1370
4386.678280439236,4386.553280439236,4386.803280439236,2649,1180,1915
4386.807307916695,4386.557307916695,4387.057307916695,954,1901,1428
4397.134304683895,4397.009304683895,4397.259304683895,1982,707,1345
4404.186319435059,4404.061319435059,4404.311319435059,781,912,847
4400.917774226592,4400.667774226592,4401.167774226592,1805,692,1249
4406.203522154727,4406.078522154727,4406.328522154727,1046,1829,1438
4407.207153302362,4407.082153302362,4407.332153302362,1782,1423,1603
4398.460365850901,4398.335365850901,4398.585365850901,2447,872,1660
4401.25339460751,4401.00339460751,4401.50339460751,1463,1758,1611
4403.391585220547,4403.266585220547,4403.516585220547,2345,1510,1928
4404.635213082521,4404.510213082521,4404.760213082521,843,888,866
4403.605003889438,4403.480003889438,4403.730003889438,1944,903,1424
4408.872765992512,4408.747765992512,4408.997765992512,1216,1109,1163
4416.438755938336,4416.188755938336,4416.688755938336,669,1428,1049
4412.087292905985,4411.962292905985,4412.212292905985,1129,622,876
4411.610189145628,4411.360189145628,4411.860189145628,1341,908,1125
4410.277155506117,4410.027155506117,4410.527155506117,1363,1258,1311
4411.991786251915,4411.741786251915,4412.241786251915,1912,1945,1929
4403.860813375823,4403.735813375823,4403.985813375823,1561,860,1211
4394.847889562832,4394.722889562832,4394.972889562832,1351,1220,1286
4393.9462678067275,4393.8212678067275,4394.0712678067275,813,1094,954
4398.3760584525635,4398.2510584525635,4398.5010584525635,1564,1531,1548
4401.377321930629,4401.127321930629,4401.627321930629,1501,878,1190
4410.867543992965,4410.742543992965,4410.992543992965,1925,958,1442
4409.817845286461,4409.442845286461,4410.192845286461,2438,977,1708
4411.821828716803,4411.696828716803,4411.946828716803,1895,1042,1469
4410.14507561759,4410.02007561759,4410.27007561759,1608,1553,1581
4405.931509055591,4405.806509055591,4406.056509055591,1436,1925,1681
4411.3928919083455,4411.2678919083455,4411.5178919083455,1174,2279,1727
4411.990735011719,4411.740735011719,4412.240735011719,790,1941,1366
4412.204366560789,4411.829366560789,4412.579366560789,901,728,815
4411.967762643282,4411.717762643282,4412.217762643282,1239,1812,1526
4403.529701337855,4403.404701337855,4403.654701337855,1122,2251,1687
4403.918776443218,4403.668776443218,4404.168776443218,1232,1441,1337
4404.586182372036,4404.461182372036,4404.711182372036,1472,2205,1839
4402.8839326489,4402.7589326489,4403.0089326489,889,1472,1181
4401.84449007106,4401.71949007106,4401.96949007106,1931,1830,1881
4405.260840094873,4405.135840094873,4405.385840094873,1571,2314,1943
4405.411558145648,4405.161558145648,4405.661558145648,1512,1353,1433
4413.626273804119,4413.501273804119,4413.751273804119,1096,705,901
4415.355980849159,4415.230980849159,4415.480980849159,820,1179,1000
4412.057107092998,4411.932107092998,4412.182107092998,951,1314,1133
4415.427009795531,4415.302009795531,4415.552009795531,1614,2061,1838
4409.483738548398,4409.358738548398,4409.608738548398,553,1204,879
4403.424249034172,4403.174249034172,4403.674249034172,472,1397,935
4401.1460474364185,4401.0210474364185,4401.2710474364185,896,1587,1242
4398.309149034716,4397.934149034716,4398.684149034716,1917,1902,1910
4402.66656316076,4402.41656316076,4402.91656316076,2751,960,1856
4400.83988785054,4400.71488785054,4400.96488785054,1623,2232,1928
4406.65381686815,4406.52881686815,4406.77881686815,1619,1974,1797
4410.031308595065,4409.781308595065,4410.281308595065,1268,1481,1375
4410.908306120282,4410.658306120282,4411.158306120282,1574,653,1114
4410.123822534049,4409.998822534049,4410.248822534049,446,1297,872
4409.207427107031,4409.082427107031,4409.332427107031,1024,2479,1752
4408.592914618555,4408.467914618555,4408.717914618555,989,2640,1815
4410.810486306785,4410.685486306785,4410.935486306785,2385,1488,1937
4413.222179203091,4412.972179203091,4413.472179203091,942,1239,1091
4410.451342667872,4410.326342667872,4410.576342667872,616,1849,1233
4414.373873219667,4414.248873219667,4414.498873219667,970,1737,1354
4415.181162620037,4415.056162620037,4415.306162620037,1284,2123,1704
4416.485226439803,4416.360226439803,4416.610226439803,559,1154,857
4414.654750530595,4414.404750530595,4414.904750530595,1774,869,1322
4425.972503473051,4425.847503473051,4426.097503473051,708,1615,1162
4421.69093425936,4421.56593425936,4421.81593425936,2717,1062,1890
4421.171210609735,4421.046210609735,4421.296210609735,1130,967,1049
4420.814558936419,4420.564558936419,4421.064558936419,2290,1191,1741
4429.274606392542,4428.899606392542,4429.649606392542,1117,2640,1879
4430.770113365187,4430.645113365187,4430.895113365187,912,1417,1165
4433.06811416134,4432.94311416134,4433.19311416134,2163,1074,1619
4431.028990024503,4430.778990024503,4431.278990024503,931,866,899
4436.2243247001525,4436.0993247001525,4436.3493247001525,1842,661,1252
4438.526627804157,4438.401627804157,4438.651627804157,1390,1081,1236
4434.949805099114,4434.824805099114,4435.074805099114,675,2020,1348
4436.168988766194,4436.043988766194,4436.293988766194,1011,2932,1972
4429.058752893165,4428.933752893165,4429.183752893165,1127,520,824
4426.5099936020615,4426.2599936020615,4426.7599936020615,606,1413,1010
4434.631742675913,4434.506742675913,4434.756742675913,1824,1401,1613
4433.345331210994,4433.220331210994,4433.470331210994,1806,1517,1662
4438.5632755523275,4438.3132755523275,4438.8132755523275,1555,922,1239
4434.847643715819,4434.722643715819,4434.972643715819,1438,1683,1561
4433.226154303951,4433.101154303951,4433.351154303951,1231,884,1058
4431.348414953943,4430.973414953943,4431.723414953943,892,1163,1028
4432.029787660532,4431.654787660532,4432.404787660532,1237,666,952
4433.021648171383,4432.896648171383,4433.146648171383,1982,1703,1843
4433.439822982405,4433.189822982405,4433.689822982405,1856,1559,1708
4425.5979463103085,4425.3479463103085,4425.8479463103085,959,2418,1689
4422.395725142104,4422.270725142104,4422.520725142104,1706,935,1321
4428.238566285578,4428.113566285578,4428.363566285578,1667,1034,1351
4424.592853687344,4424.342853687344,4424.842853687344,972,1245,1109
4413.690568152847,4413.565568152847,4413.815568152847,2620,1373,1997
4415.137525743564,4415.012525743564,4415.262525743564,2607,1278,1943
4419.394077374644,4419.019077374644,4419.769077374644,2042,1101,1572
4420.439638064547,4420.189638064547,4420.689638064547,1852,911,1382
4420.902805435594,4420.777805435594,4421.027805435594,870,843,857
4419.56777158068,4419.44277158068,4419.69277158068,783,1790,1287
4409.399103760317,4409.149103760317,4409.649103760317,1892,649,1271
4401.366314987298,4401.241314987298,4401.491314987298,1388,1855,1622
4399.020976387882,4398.770976387882,4399.270976387882,726,1551,1139
4395.3251626743795,4395.2001626743795,4395.4501626743795,2068,1079,1574
4392.620310642261,4392.370310642261,4392.870310642261,1504,1145,1325
4395.868332239271,4395.743332239271,4395.993332239271,2022,1365,1694
4400.295024578732,4400.045024578732,4400.545024578732,656,971,814
4406.776347349595,4406.526347349595,4407.026347349595,2336,1557,1947
4407.0441912884935,4406.9191912884935,4407.1691912884935,2218,1051,1635
4403.157857151914,4402.907857151914,4403.407857151914,1246,2025,1636
4408.922229408882,4408.672229408882,4409.172229408882,578,1141,860
4411.966479121745,4411.716479121745,4412.216479121745,619,988,804
4416.000190535595,4415.875190535595,4416.125190535595,749,1864,1307
4404.305526474347,4403.930526474347,4404.680526474347,1107,2142,1625
4402.488195300877,4402.363195300877,4402.613195300877,2257,1626,1942
4402.287847590089,4402.162847590089,4402.412847590089,1308,1397,1353
4403.068760490394,4402.943760490394,4403.193760490394,1476,2097,1787
4405.53866882564,4405.41366882564,4405.66366882564,1577,2102,1840
4407.116655477195,4406.991655477195,4407.241655477195,1463,1952,1708
4407.5907003359225,4407.4657003359225,4407.7157003359225,1112,579,846
4407.5585363832715,4407.3085363832715,4407.8085363832715,1785,1534,1660
4401.832053202917,4401.707053202917,4401.957053202917,1816,935,1376
4408.085402115809,4407.835402115809,4408.335402115809,2646,951,1799
4409.986941934701,4409.861941934701,4410.111941934701,1244,767,1006
4416.805506547558,4416.680506547558,4416.930506547558,1007,1082,1045
4413.64923164053,4413.52423164053,4413.77423164053,613,1342,978
4404.335005904056,4403.960005904056,4404.710005904056,841,758,800
4402.538229424698,4402.413229424698,4402.663229424698,1333,2178,1756
4407.104413145109,4406.854413145109,4407.354413145109,1154,1845,1500
4404.305233274075,4404.180233274075,4404.430233274075,1864,1667,1766
4410.59088131004,4410.34088131004,4410.84088131004,1423,1762,1593
4417.530082112575,4417.405082112575,4417.655082112575,1158,973,1066
4415.762370260275,4415.512370260275,4416.012370260275,2924,1019,1972
4414.434628011428,4414.309628011428,4414.559628011428,1539,1062,1301
4411.361978046185,4411.111978046185,4411.611978046185,744,957,851
4402.879690687165,4402.754690687165,4403.004690687165,977,656,817
4408.882816383969,4408.757816383969,4409.007816383969,1346,2577,1962
4406.06093627922,4405.81093627922,4406.31093627922,2038,743,1391
4406.536172671412,4406.411172671412,4406.661172671412,571,1120,846
4395.719142888059,4395.594142888059,4395.844142888059,932,1903,1418
4389.8985460885915,4389.7735460885915,4390.0235460885915,2297,940,1619
4390.270775235699,4390.145775235699,4390.395775235699,890,1317,1104
4385.790703314087,4385.665703314087,4385.915703314087,1606,1049,1328
4384.5485550979565,4384.4235550979565,4384.6735550979565,1217,2052,1635
4387.055164384517,4386.805164384517,4387.305164384517,644,1671,1158
4387.981878609251,4387.731878609251,4388.231878609251,2264,1513,1889
4386.342901356508,4386.217901356508,4386.467901356508,487,1136,812
4386.389653716026,4386.264653716026,4386.514653716026,539,1138,839
4375.97226856945,4375.84726856945,4376.09726856945,893,1556,1225
4375.173247392967,4375.048247392967,4375.298247392967,1685,1760,1723
4374.734817852118,4374.609817852118,4374.859817852118,574,1553,1064
4368.921262331998,4368.796262331998,4369.046262331998,1720,1823,1772
4371.879618007521,4371.754618007521,4372.004618007521,849,1276,1063
4372.7960154855355,4372.6710154855355,4372.9210154855355,2290,807,1549
4376.281895213785,4376.031895213785,4376.531895213785,987,1548,1268
4372.024558698984,4371.774558698984,4372.274558698984,597,1772,1185
4377.098742962628,4376.973742962628,4377.223742962628,909,1190,1050
4381.692052538911,4381.567052538911,4381.817052538911,2077,1088,1583
4381.11061571701,4380.98561571701,4381.23561571701,1094,1941,1518
4384.151155081495,4384.026155081495,4384.276155081495,1231,852,1042
4388.576518025549,4388.326518025549,4388.826518025549,1057,2350,1704
4383.109112739615,4382.984112739615,4383.234112739615,1340,2309,1825
4386.7542481861465,4386.6292481861465,4386.8792481861465,2296,907,1602
4384.103285449679,4383.978285449679,4384.228285449679,1664,599,1132
4381.16311047137,4380.91311047137,4381.41311047137,1488,663,1076
4383.322660909451,4383.197660909451,4383.447660909451,1312,1007,1160
4379.211051308371,4378.961051308371,4379.461051308371,1881,954,1418
4380.592410121368,4380.467410121368,4380.717410121368,1868,2073,1971
4384.163955286124,4384.038955286124,4384.288955286124,1440,1473,1457
4381.641060864426,4381.391060864426,4381.891060864426,2045,1282,1664
4382.532630628329,4382.407630628329,4382.657630628329,1562,619,1091
4383.676823897821,4383.301823897821,4384.051823897821,1030,935,983
4377.729897489018,4377.479897489018,4377.979897489018,912,1707,1310
4376.44728802741,4376.32228802741,4376.57228802741,1749,2046,1898
4377.350547684654,4377.225547684654,4377.475547684654,1720,1611,1666
4379.400604356684,4379.275604356684,4379.525604356684,2198,927,1563
4384.772011692933,4384.522011692933,4385.022011692933,2758,989,1874
4393.476268583893,4393.351268583893,4393.601268583893,1487,2266,1877
4392.290836916186,4392.040836916186,4392.540836916186,913,1788,1351
4389.164373266104,4389.039373266104,4389.289373266104,1496,1223,1360
4401.066979765912,4400.816979765912,4401.316979765912,1221,526,874
4394.900689043917,4394.775689043917,4395.025689043917,1661,2174,1918
4389.301254280015,4389.176254280015,4389.426254280015,605,1026,816
4402.890122379453,4402.765122379453,4403.015122379453,2193,1218,1706
4394.716318635931,4394.466318635931,4394.966318635931,2239,1086,1663
4387.173072308997,4387.048072308997,4387.298072308997,1398,1319,1359
4388.08130066053,4387.95630066053,4388.20630066053,1247,1158,1203
4389.5460191463935,4389.4210191463935,4389.6710191463935,893,2114,1504
4390.348065251945,4390.223065251945,4390.473065251945,2041,1152,1597
4395.830568433187,4395.580568433187,4396.080568433187,1071,1582,1327
4398.142060274777,4398.017060274777,4398.267060274777,1329,660,995
4389.8039775798825,4389.6789775798825,4389.9289775798825,1013,1556,1285
4395.901836788945,4395.651836788945,4396.151836788945,2498,1429,1964
4401.180617362376,4401.055617362376,4401.305617362376,1015,694,855
4397.040609705732,4396.790609705732,4397.290609705732,1439,2052,1746
4404.053820473116,4403.678820473116,4404.428820473116,1943,956,1450
4414.006178101759,4413.631178101759,4414.381178101759,1880,1489,1685
4414.076915314065,4413.826915314065,4414.326915314065,1965,1406,1686
4414.026277364606,4413.651277364606,4414.401277364606,1075,1078,1077
4413.922711257917,4413.797711257917,4414.047711257917,1422,1485,1454
4414.032823853264,4413.782823853264,4414.282823853264,921,2120,1521
4409.229744075503,4409.104744075503,4409.354744075503,1298,1059,1179
4415.357086401427,4415.107086401427,4415.607086401427,604,1413,1009
4421.679125019624,4421.304125019624,4422.054125019624,1293,1254,1274
4424.925266786425,4424.800266786425,4425.050266786425,1815,2118,1967
4424.504221901598,4424.379221901598,4424.629221901598,1031,1936,1484
4427.724599251543,4427.599599251543,4427.849599251543,557,1184,871
4429.741587061974,4429.366587061974,4430.116587061974,1762,595,1179
4426.568469533917,4426.318469533917,4426.818469533917,1452,1411,1432
4426.281455684162,4426.156455684162,4426.406455684162,1413,1332,1373
4427.2691809995595,4427.0191809995595,4427.5191809995595,995,1162,1079
4425.043135205634,4424.918135205634,4425.168135205634,1917,1250,1584
4424.323584321722,4424.198584321722,4424.448584321722,2216,1203,1710
4421.100202171556,4420.975202171556,4421.225202171556,1931,1214,1573
4415.828652258078,4415.703652258078,4415.953652258078,1434,569,1002
4411.244682389613,4411.119682389613,4411.369682389613,1156,673,915
4413.606531332156,4413.481531332156,4413.731531332156,1932,1699,1816
4410.253036131959,4410.128036131959,4410.378036131959,1849,668,1259
4406.153752591564,4406.028752591564,4406.278752591564,2406,1589,1998
4400.235251757452,4399.860251757452,4400.610251757452,1002,805,904
4399.339242108472,4399.214242108472,4399.464242108472,1984,1605,1795
4396.356398262959,4396.231398262959,4396.481398262959,495,1172,834
4394.664783442344,4394.539783442344,4394.789783442344,1803,1510,1657
4395.861113410923,4395.611113410923,4396.111113410923,1919,1468,1694
4396.0116676421185,4395.8866676421185,4396.1366676421185,833,1276,1055
4397.3144452705565,4397.1894452705565,4397.4394452705565,2212,877,1545
4400.135760824872,4399.885760824872,4400.385760824872,2433,1162,1798
4404.857809345873,4404.607809345873,4405.107809345873,567,1370,969
4408.219944427151,4408.094944427151,4408.344944427151,1083,2426,1755
4403.982419980941,4403.857419980941,4404.107419980941,1132,2167,1650
4409.938347489636,4409.688347489636,4410.188347489636,835,768,802
4407.256959481902,4407.006959481902,4407.506959481902,1185,500,843
4405.052247073068,4404.677247073068,4405.427247073068,667,1334,1001
4403.511685131927,4403.261685131927,4403.761685131927,1135,1974,1555
4399.001313224056,4398.876313224056,4399.126313224056,2463,1234,1849
4400.306919837775,4400.056919837775,4400.556919837775,1372,2109,1741
4399.619812515424,4399.494812515424,4399.744812515424,1222,739,981
4403.79893039372,4403.67393039372,4403.92393039372,712,1279,996
4410.510189854173,4410.385189854173,4410.635189854173,1211,578,895
4408.368890167338,4407.993890167338,4408.743890167338,860,2519,1690
4409.338764512239,4409.213764512239,4409.463764512239,1814,2139,1977
4409.536206564904,4409.411206564904,4409.661206564904,749,1538,1144
4408.587958802193,4408.337958802193,4408.837958802193,1054,1109,1082
4407.163237005936,4406.913237005936,4407.413237005936,751,1580,1166
4410.546652707395,4410.296652707395,4410.796652707395,660,1011,836
4409.4832884822,4409.2332884822,4409.7332884822,944,2147,1546
4409.137998200377,4409.012998200377,4409.262998200377,1829,2050,1940
4413.093419848012,4412.843419848012,4413.343419848012,1653,1380,1517
4416.677631573404,4416.552631573404,4416.802631573404,1149,2398,1774
4415.791548270535,4415.666548270535,4415.916548270535,453,1216,835
4419.548708306505,4419.423708306505,4419.673708306505,775,1470,1123
4419.54556560974,4419.17056560974,4419.92056560974,1339,1354,1347
4420.031648785316,4419.906648785316,4420.156648785316,1421,2418,1920
4420.584431378287,4420.334431378287,4420.834431378287,720,1255,988
4422.270443574861,4422.020443574861,4422.520443574861,1167,808,988
4420.52703608394,4420.27703608394,4420.77703608394,2359,1386,1873
4424.238813490589,4423.988813490589,4424.488813490589,1476,1951,1714
4431.198498459426,4431.073498459426,4431.323498459426,669,1848,1259
4429.163016470718,4428.913016470718,4429.413016470718,959,2374,1667
4430.394007918939,4430.269007918939,4430.519007918939,782,1319,1051
4430.975675917344,4430.725675917344,4431.225675917344,1145,2044,1595
4430.374245418543,4430.249245418543,4430.499245418543,1664,617,1141
4430.572749669963,4430.447749669963,4430.697749669963,1671,1336,1504
4426.846986984757,4426.721986984757,4426.971986984757,712,1357,1035
4429.140619312652,4429.015619312652,4429.265619312652,1157,2626,1892
4433.695432168658,4433.570432168658,4433.820432168658,2184,1611,1898
4430.081975989573,4429.956975989573,4430.206975989573,1040,967,1004
4428.8693271715,4428.7443271715,4428.9943271715,509,1102,806
4431.763939854479,4431.638939854479,4431.888939854479,2181,992,1587
4436.236683678863,4435.986683678863,4436.486683678863,964,1097,1031
4435.478335675923,4435.228335675923,4435.728335675923,1548,1671,1610
4434.4902492042875,4434.3652492042875,4434.6152492042875,447,1200,824
4435.359813050252,4435.109813050252,4435.609813050252,1070,901,986
4428.758096780739,4428.633096780739,4428.883096780739,2200,1131,1666
4428.23831355574,4427.86331355574,4428.61331355574,1001,1008,1005
4430.804813878959,4430.679813878959,4430.929813878959,1554,1145,1350
4427.7791743027165,4427.6541743027165,4427.9041743027165,1091,1150,1121
4427.965280652519,4427.840280652519,4428.090280652519,713,1042,878
4429.308606646767,4429.058606646767,4429.558606646767,868,1911,1390
4429.048761104507,4428.923761104507,4429.173761104507,1397,1512,1455
4425.805539309953,4425.555539309953,4426.055539309953,1416,2273,1845
4423.427727176917,4423.302727176917,4423.552727176917,1340,833,1087
4423.238469393237,4423.113469393237,4423.363469393237,980,2431,1706
4423.941625340046,4423.816625340046,4424.066625340046,1340,813,1077
4427.585205870496,4427.460205870496,4427.710205870496,2165,1330,1748
4430.903988864615,4430.653988864615,4431.153988864615,1296,1627,1462
4435.365066783442,4435.240066783442,4435.490066783442,983,2286,1635
4436.142289401737,4436.017289401737,4436.267289401737,1009,944,977
4432.377824184892,4432.127824184892,4432.627824184892,698,1179,939
4429.3233273474925,4429.0733273474925,4429.5733273474925,2302,1613,1958
4431.702276995704,4431.452276995704,4431.952276995704,1967,1090,1529
4429.557657074752,4429.432657074752,4429.682657074752,1629,2280,1955
4427.953834188757,4427.578834188757,4428.328834188757,1525,1792,1659
4430.434090114997,4430.309090114997,4430.559090114997,610,1801,1206
4430.624267925323,4430.374267925323,4430.874267925323,1106,759,933
4434.937776475765,4434.562776475765,4435.312776475765,935,2582,1759
4434.16419883729,4433.91419883729,4434.41419883729,1395,618,1007
4430.714319304323,4430.589319304323,4430.839319304323,1829,1874,1852
4432.2549219311095,4432.1299219311095,4432.3799219311095,1331,2554,1943
4438.513796629814,4438.388796629814,4438.638796629814,611,1486,1049
4439.1370740141065,4438.8870740141065,4439.3870740141065,2713,1200,1957
4442.820851480959,4442.695851480959,4442.945851480959,1449,1150,1300
4446.771922212846,4446.646922212846,4446.896922212846,1321,1230,1276
4449.7292362346825,4449.6042362346825,4449.8542362346825,1022,2713,1868
4454.614904523799,4454.239904523799,4454.989904523799,639,1012,826
4460.1380909002355,4460.0130909002355,4460.2630909002355,927,692,810
4461.69874764512,4461.44874764512,4461.94874764512,2485,858,1672
4458.994049537597,4458.869049537597,4459.119049537597,523,1336,930
4455.363544081088,4455.238544081088,4455.488544081088,1345,2572,1959
4454.177981595987,4454.052981595987,4454.302981595987,1968,1369,1669
4452.924134922379,4452.799134922379,4453.049134922379,841,1566,1204
4447.64840290112,4447.39840290112,4447.89840290112,2094,1049,1572
4450.951067216681,4450.701067216681,4451.201067216681,1005,1670,1338
4462.948801267809,4462.698801267809,4463.198801267809,1358,1179,1269
4462.455439429256,4462.330439429256,4462.580439429256,923,1944,1434
4461.422370867152,4461.047370867152,4461.797370867152,1922,1887,1905
4462.2838101982,4462.1588101982,4462.4088101982,845,2434,1640
4460.365408351897,4460.115408351897,4460.615408351897,552,1235,894
4463.502359766592,4463.377359766592,4463.627359766592,1203,2776,1990
4462.800515581093,4462.550515581093,4463.050515581093,2078,1503,1791
4454.191264894441,4454.066264894441,4454.316264894441,2340,1107,1724
4456.8577440153285,4456.6077440153285,4457.1077440153285,2053,1246,1650
4459.68796270138,4459.56296270138,4459.81296270138,2084,701,1393
4461.456031796934,4461.206031796934,4461.706031796934,2061,1026,1544
4461.927833829784,4461.802833829784,4462.052833829784,1347,1684,1516
4462.56199216297,4462.43699216297,4462.68699216297,1852,963,1408
4459.471598887739,4459.346598887739,4459.596598887739,836,2223,1530
4459.776741575774,4459.651741575774,4459.901741575774,1695,2078,1887
4459.311284267643,4459.186284267643,4459.436284267643,2327,912,1620
4462.7799559328805,4462.6549559328805,4462.9049559328805,1347,858,1103
4453.292677484817,4453.167677484817,4453.417677484817,647,1648,1148
4458.368204072776,4458.118204072776,4458.618204072776,1506,1127,1317
4452.877219911957,4452.752219911957,4453.002219911957,530,1171,851
4455.082598032685,4454.957598032685,4455.207598032685,462,1375,919
4463.386505578753,4463.261505578753,4463.511505578753,475,1354,915
4463.179867953416,4463.054867953416,4463.304867953416,1005,984,995
4466.169619165999,4465.794619165999,4466.544619165999,1264,1327,1296
4464.932561714357,4464.682561714357,4465.182561714357,971,2024,1498
4473.265473312401,4473.140473312401,4473.390473312401,1114,1621,1368
4474.377796001328,4474.127796001328,4474.627796001328,1304,563,934
4476.941781339192,4476.691781339192,4477.191781339192,1256,1777,1517
4480.157092813016,4480.032092813016,4480.282092813016,1558,1763,1661
4486.839339948028,4486.714339948028,4486.964339948028,776,1251,1014
4488.920330352239,4488.795330352239,4489.045330352239,1447,1574,1511
4491.556903729955,4491.431903729955,4491.681903729955,469,1146,808
4491.523024019417,4491.273024019417,4491.773024019417,1611,760,1186
4491.698454515698,4491.573454515698,4491.823454515698,865,2018,1442
4487.689316722463,4487.564316722463,4487.814316722463,1751,1424,1588
4487.695213644878,4487.445213644878,4487.945213644878,983,1676,1330
4493.149101134374,4493.024101134374,4493.274101134374,1410,1147,1279
4495.338174165135,4495.088174165135,4495.588174165135,2131,1370,1751
4489.909364548225,4489.659364548225,4490.159364548225,1234,523,879
4497.350853407525,4497.100853407525,4497.600853407525,2361,1546,1954
4495.719283680009,4495.594283680009,4495.844283680009,2373,800,1587
4499.76718858158,4499.39218858158,4500.14218858158,1048,2219,1634
4502.043766924682,4501.918766924682,4502.168766924682,1224,691,958
4501.591664823771,4501.341664823771,4501.841664823771,906,1673,1290
4501.391145223271,4501.016145223271,4501.766145223271,1340,551,946
4502.748283859799,4502.623283859799,4502.873283859799,1298,853,1076
4502.702239476113,4502.577239476113,4502.827239476113,943,1360,1152
4503.288360383672,4503.163360383672,4503.413360383672,696,2021,1359
4504.89849521854,4504.77349521854,4505.02349521854,1000,1343,1172
4512.6020852665715,4512.4770852665715,4512.7270852665715,1596,1645,1621
4513.887983548214,4513.762983548214,4514.012983548214,1141,616,879
4511.9784727130445,4511.7284727130445,4512.2284727130445,1550,1063,1307
4512.885461903088,4512.760461903088,4513.010461903088,945,2102,1524
4512.866654065781,4512.616654065781,4513.116654065781,2697,1196,1947
4519.0202618236135,4518.8952618236135,4519.1452618236135,763,2254,1509
4519.944979428383,4519.569979428383,4520.319979428383,763,964,864
4521.0132710092985,4520.7632710092985,4521.2632710092985,1371,2350,1861
4527.212025847126,4527.087025847126,4527.337025847126,1746,1471,1609
4518.969941787673,4518.844941787673,4519.094941787673,1302,1855,1579
4517.479392782935,4517.229392782935,4517.729392782935,1589,1992,1791
4524.66398693377,4524.41398693377,4524.91398693377,626,1365,996
4519.292774320449,4519.167774320449,4519.417774320449,1782,735,1259
4523.238330429731,4522.988330429731,4523.488330429731,1439,1252,1346
4521.800727973948,4521.550727973948,4522.050727973948,1318,1035,1177
4521.811883470299,4521.686883470299,4521.936883470299,1940,879,1410
4520.8895199433555,4520.7645199433555,4521.0145199433555,1385,1922,1654
4518.687504460835,4518.437504460835,4518.937504460835,2557,1338,1948
4517.093106919783,4516.718106919783,4517.468106919783,1725,1618,1672
4512.316934782833,4512.191934782833,4512.441934782833,1220,1135,1178
4502.59907925298,4502.47407925298,4502.72407925298,1038,1423,1231
4492.481072863803,4492.356072863803,4492.606072863803,1246,2079,1663
4492.486550285304,4492.361550285304,4492.611550285304,856,2309,1583
4483.857048651765,4483.482048651765,4484.232048651765,2217,1250,1734
4480.0708466010465,4479.9458466010465,4480.1958466010465,601,1346,974
4480.399212335728,4480.274212335728,4480.524212335728,1609,1266,1438
4484.257594224141,4484.132594224141,4484.382594224141,705,1098,902
4485.964766876087,4485.839766876087,4486.089766876087,1549,2320,1935
4489.742084847652,4489.617084847652,4489.867084847652,1730,1021,1376
4489.5902017950775,4489.2152017950775,4489.9652017950775,1815,936,1376
4492.964096120129,4492.839096120129,4493.089096120129,1570,1031,1301
4497.201989572641,4497.076989572641,4497.326989572641,1004,2257,1631
4501.300044401286,4500.925044401286,4501.675044401286,2503,1368,1936
4497.173605392041,4497.048605392041,4497.298605392041,597,1044,821
4496.617967863256,4496.492967863256,4496.742967863256,1858,1221,1540
4499.225435292967,4499.100435292967,4499.350435292967,2247,1574,1911
4504.446161069909,4504.321161069909,4504.571161069909,941,2496,1719
4505.234489346624,4505.109489346624,4505.359489346624,1938,693,1316
4506.973375462508,4506.848375462508,4507.098375462508,1823,1400,1612
4505.838492832828,4505.713492832828,4505.963492832828,774,1313,1044
4504.608599436648,4504.358599436648,4504.858599436648,764,1541,1153
4504.7774527122265,4504.5274527122265,4505.0274527122265,1437,856,1147
4505.1815238495565,4505.0565238495565,4505.3065238495565,2228,1091,1660
4503.026990661989,4502.901990661989,4503.151990661989,1130,1427,1279
4502.994792852867,4502.619792852867,4503.369792852867,1623,1100,1362
4505.377490102922,4505.002490102922,4505.752490102922,1187,632,910
4501.969025099961,4501.719025099961,4502.219025099961,882,2415,1649
4499.400497360787,4499.275497360787,4499.525497360787,1409,672,1041
4499.380343928384,4499.130343928384,4499.630343928384,1236,2467,1852
4500.060621859172,4499.935621859172,4500.185621859172,1155,954,1055
4503.766166857491,4503.641166857491,4503.891166857491,566,1285,926
4502.789165867404,4502.664165867404,4502.914165867404,1968,1797,1883
4504.3325983995155,4504.0825983995155,4504.5825983995155,1088,2785,1937
4504.331004082391,4504.206004082391,4504.456004082391,714,1447,1081
4502.294559060315,4502.044559060315,4502.544559060315,1116,569,843
4501.663234742755,4501.538234742755,4501.788234742755,708,979,844
4502.143655298997,4501.893655298997,4502.393655298997,1649,648,1149
4503.302799954811,4502.927799954811,4503.677799954811,2449,1268,1859
4501.543359968247,4501.418359968247,4501.668359968247,2373,1502,1938
4501.282955893929,4501.157955893929,4501.407955893929,1378,773,1076
4503.833151715108,4503.583151715108,4504.083151715108,1004,2535,1770
4503.572044288185,4503.322044288185,4503.822044288185,884,1119,1002
4505.446754005524,4505.321754005524,4505.571754005524,839,1108,974
4507.881378975653,4507.631378975653,4508.131378975653,1325,1562,1444
4506.525947665838,4506.150947665838,4506.900947665838,520,1219,870
4504.699987987265,4504.574987987265,4504.824987987265,1226,1145,1186
4502.655193274162,4502.405193274162,4502.905193274162,1160,953,1057
4503.208958529614,4503.083958529614,4503.333958529614,1323,2298,1811
4499.67253472582,4499.54753472582,4499.79753472582,1953,998,1476
4502.100159694176,4501.725159694176,4502.475159694176,1127,838,983
4503.176045697801,4503.051045697801,4503.301045697801,673,1088,881
4505.927743295694,4505.802743295694,4506.052743295694,1073,1700,1387
4504.540157360746,4504.290157360746,4504.790157360746,1965,1386,1676
4506.984566235661,4506.859566235661,4507.109566235661,1266,1875,1571
4504.129795312526,4504.004795312526,4504.254795312526,1103,1772,1438
4504.775959255222,4504.525959255222,4505.025959255222,1434,1979,1707
4504.014515007711,4503.639515007711,4504.389515007711,1117,1352,1235
4503.342581851142,4503.217581851142,4503.467581851142,2053,1662,1858
4502.70373296423,4502.45373296423,4502.95373296423,1254,2523,1889
4503.62083983825,4503.49583983825,4503.74583983825,853,2430,1642
4503.06479883445,4502.93979883445,4503.18979883445,2475,1054,1765
4503.938856622771,4503.813856622771,4504.063856622771,590,1233,912
4503.452467708144,4503.202467708144,4503.702467708144,1128,527,828
4504.560556415766,4504.310556415766,4504.810556415766,1216,925,1071
4502.363726299629,4502.238726299629,4502.488726299629,1807,2002,1905
4500.760443658622,4500.635443658622,4500.885443658622,2299,962,1631
4500.155454795315,4499.905454795315,4500.405454795315,2217,844,1531
4498.72406711475,4498.59906711475,4498.84906711475,910,731,821
4499.223954651443,4499.098954651443,4499.348954651443,1671,884,1278
4500.177293628061,4499.802293628061,4500.552293628061,771,1188,980
4499.2109762241735,4499.0859762241735,4499.3359762241735,1145,1880,1513
4497.77546370851,4497.52546370851,4498.02546370851,797,1756,1277
4498.627941119551,4498.502941119551,4498.752941119551,2597,1324,1961
4494.713229558954,4494.463229558954,4494.963229558954,1415,1704,1560
4494.753956893999,4494.503956893999,4495.003956893999,977,938,958
4494.031236641737,4493.656236641737,4494.406236641737,1810,2047,1929
4495.833283892971,4495.708283892971,4495.958283892971,916,1671,1294
4495.808593303072,4495.683593303072,4495.933593303072,1335,982,1159
4492.274540703072,4492.024540703072,4492.524540703072,1395,532,964
4494.034320784463,4493.909320784463,4494.159320784463,1447,1706,1577
4495.033234302296,4494.908234302296,4495.158234302296,1026,669,848
4493.631110501293,4493.506110501293,4493.756110501293,569,1418,994
4495.2482624029,4495.1232624029,4495.3732624029,1135,520,828
4494.264017959874,4494.139017959874,4494.389017959874,1256,1081,1169
4493.968139444507,4493.718139444507,4494.218139444507,1129,2066,1598
4495.856732830166,4495.731732830166,4495.981732830166,1902,2051,1977
4496.121127607793,4495.996127607793,4496.246127607793,1305,896,1101
4493.627322602437,4493.502322602437,4493.752322602437,1492,1277,1385
4490.7142318763445,4490.5892318763445,4490.8392318763445,1456,1931,1694
4490.533458180262,4490.408458180262,4490.658458180262,2428,1133,1781
4492.733272467345,4492.608272467345,4492.858272467345,1072,2049,1561
4496.160840370076,4496.035840370076,4496.285840370076,485,1444,965
4495.336692535429,4495.086692535429,4495.586692535429,1401,1368,1385
4496.377332487281,4496.252332487281,4496.502332487281,1162,797,980
4494.532507055581,4494.407507055581,4494.657507055581,2033,1580,1807
4493.798650659648,4493.423650659648,4494.173650659648,1992,1789,1891
4494.027655136718,4493.902655136718,4494.152655136718,1150,487,819
4493.26509096892,4493.14009096892,4493.39009096892,1395,532,964
4493.077525580722,4492.952525580722,4493.202525580722,1892,1295,1594
4491.622136150515,4491.497136150515,4491.747136150515,2656,1071,1864
4493.712471590253,4493.587471590253,4493.837471590253,582,1207,895
4491.999895459373,4491.874895459373,4492.124895459373,1084,2441,1763
4493.299517476732,4493.174517476732,4493.424517476732,1975,1422,1699
4493.356302007164,4493.231302007164,4493.481302007164,1010,1431,1221
4493.406383917579,4493.281383917579,4493.531383917579,1152,1627,1390
4495.4600901129,4495.3350901129,4495.5850901129,1978,1675,1827
4496.862340144451,4496.737340144451,4496.987340144451,1640,1285,1463
4493.792813867744,4493.667813867744,4493.917813867744,2336,803,1570
4496.534159453761,4496.409159453761,4496.659159453761,824,1561,1193
4494.992367280666,4494.867367280666,4495.117367280666,1203,1634,1419
4491.901959694401,4491.651959694401,4492.151959694401,1252,1795,1524
4491.707887027897,4491.457887027897,4491.957887027897,582,1081,832
4491.775678410219,4491.525678410219,4492.025678410219,1199,898,1049
4489.401392683394,4489.151392683394,4489.651392683394,1363,1044,1204
4490.1733267350955,4489.9233267350955,4490.4233267350955,750,861,806
4486.601785666164,4486.476785666164,4486.726785666164,978,797,888
4487.7947632835,4487.5447632835,4488.0447632835,1988,737,1363
4487.506885318616,4487.256885318616,4487.756885318616,1170,2027,1599
4485.577212874707,4485.327212874707,4485.827212874707,1039,2190,1615
4486.550821799636,4486.425821799636,4486.675821799636,832,1499,1166
4484.414223269891,4484.289223269891,4484.539223269891,1100,589,845
4485.073390931845,4484.948390931845,4485.198390931845,697,1806,1252
4482.694450494803,4482.444450494803,4482.944450494803,974,2735,1855
4483.12411621167,4482.99911621167,4483.24911621167,1605,1674,1640
4483.16230501245,4482.78730501245,4483.53730501245,864,1201,1033
4483.240864466186,4483.115864466186,4483.365864466186,1508,1151,1330
4483.966649130791,4483.841649130791,4484.091649130791,2337,1202,1770
4484.648364770063,4484.523364770063,4484.773364770063,1145,1142,1144
4486.84324074275,4486.59324074275,4487.09324074275,1185,1036,1111
4487.451889680094,4487.201889680094,4487.701889680094,2077,1234,1656
4487.148071190882,4487.023071190882,4487.273071190882,841,1678,1260
4489.229770031662,4488.854770031662,4489.604770031662,1078,1867,1473
4490.533567248148,4490.283567248148,4490.783567248148,2296,1629,1963
4487.656996522565,4487.531996522565,4487.781996522565,783,1660,1222
4491.136158624652,4490.886158624652,4491.386158624652,1409,1900,1655
4491.660620722488,4491.535620722488,4491.785620722488,1399,1330,1365
4492.452641637657,4492.202641637657,4492.702641637657,699,1034,867
4489.892640855049,4489.642640855049,4490.142640855049,1194,1917,1556
4493.815238828957,4493.690238828957,4493.940238828957,1308,1313,1311
4494.060988217934,4493.810988217934,4494.310988217934,1618,1299,1459
4492.54959853646,4492.42459853646,4492.67459853646,997,2586,1792
4492.197564294675,4492.072564294675,4492.322564294675,1460,1055,1258
4491.911767513898,4491.786767513898,4492.036767513898,772,1433,1103
4493.441700252058,4493.066700252058,4493.816700252058,1054,1417,1236
4489.595477108513,4489.470477108513,4489.720477108513,1769,1134,1452
4487.967497365247,4487.842497365247,4488.092497365247,1380,1199,1290
4488.361683939053,4488.236683939053,4488.486683939053,2076,1053,1565
4488.727305441193,4488.602305441193,4488.852305441193,1577,1246,1412
4489.535446309502,4489.410446309502,4489.660446309502,1092,1665,1379
4492.649276284957,4492.524276284957,4492.774276284957,893,1068,981
4492.419880998516,4492.169880998516,4492.669880998516,1395,1750,1573
4492.379739380867,4492.129739380867,4492.629739380867,2758,925,1842
4490.943597958464,4490.818597958464,4491.068597958464,1086,2563,1825
4492.851762839056,4492.726762839056,4492.976762839056,1673,798,1236
4493.121678116775,4492.996678116775,4493.246678116775,2003,1076,1540
4494.482659333047,4494.357659333047,4494.607659333047,2066,751,1409
4493.314492311798,4493.189492311798,4493.439492311798,1387,750,1069
4495.8609517861105,4495.6109517861105,4496.1109517861105,1116,1607,1362
4494.992403141262,4494.867403141262,4495.117403141262,958,1301,1130
4494.972017596134,4494.847017596134,4495.097017596134,721,1650,1186
4498.346065850034,4498.096065850034,4498.596065850034,1401,2260,1831
4501.057746995412,4500.807746995412,4501.307746995412,1908,669,1289
4498.387719136305,4498.262719136305,4498.512719136305,2093,1632,1863
4499.41678767401,4499.29178767401,4499.54178767401,1505,1024,1265
4499.854266219883,4499.604266219883,4500.104266219883,1185,1056,1121
4497.077626185533,4496.952626185533,4497.202626185533,1282,665,974
4498.547622537932,4498.422622537932,4498.672622537932,859,1682,1271
4497.969722405838,4497.844722405838,4498.094722405838,1876,1237,1557
4496.343052973585,4496.093052973585,4496.593052973585,1812,1503,1658
4496.4659422626,4496.3409422626,4496.5909422626,1269,1464,1367
4498.117964972011,4497.992964972011,4498.242964972011,2272,1263,1768
4499.478118108618,4499.353118108618,4499.603118108618,1531,1860,1696
4502.43022640724,4502.18022640724,4502.68022640724,1921,1066,1494
4500.30131815486,4500.05131815486,4500.55131815486,2570,1373,1972
4501.839913555734,4501.714913555734,4501.964913555734,1169,1498,1334
4503.884428741139,4503.634428741139,4504.134428741139,961,1030,996
4501.974567069334,4501.724567069334,4502.224567069334,1537,2442,1990
4503.4997997016335,4503.2497997016335,4503.7497997016335,1128,1671,1400
4505.409859289941,4505.284859289941,4505.534859289941,1402,1545,1474
4506.400716595174,4506.275716595174,4506.525716595174,1399,1926,1663
4508.1845052480485,4507.8095052480485,4508.5595052480485,1827,1402,1615
4508.900168162795,4508.775168162795,4509.025168162795,909,968,939
4509.671956445322,4509.546956445322,4509.796956445322,2291,1190,1741
4508.5098959552615,4508.3848959552615,4508.6348959552615,578,1331,955
4503.990440601211,4503.865440601211,4504.115440601211,590,1647,1119
4502.447306127581,4502.197306127581,4502.697306127581,1377,1736,1557
4506.173768885372,4506.048768885372,4506.298768885372,1163,1680,1422
4505.979792981494,4505.854792981494,4506.104792981494,1248,1267,1258
4507.12052230874,4506.99552230874,4507.24552230874,613,1798,1206
4509.381448411861,4509.256448411861,4509.506448411861,1047,2354,1701
4508.839686482013,4508.589686482013,4509.089686482013,1004,1051,1028
4512.475898219572,4512.100898219572,4512.850898219572,822,1289,1056
4513.904413834663,4513.779413834663,4514.029413834663,944,1449,1197
4512.463233004678,4512.338233004678,4512.588233004678,771,1070,921
4509.834850299797,4509.709850299797,4509.959850299797,1380,1491,1436
4510.198840694405,4510.073840694405,4510.323840694405,1387,824,1106
4512.045964627134,4511.795964627134,4512.295964627134,834,911,873
4512.624036892621,4512.499036892621,4512.749036892621,615,1670,1143
4513.2024513276965,4512.8274513276965,4513.5774513276965,1013,2760,1887
4513.410855769236,4513.285855769236,4513.535855769236,853,1040,947
4511.369289405332,4511.244289405332,4511.494289405332,1101,1658,1380
4512.933783414602,4512.808783414602,4513.058783414602,1750,1639,1695
4515.245404411374,4514.870404411374,4515.620404411374,1259,646,953
4515.637216522537,4515.387216522537,4515.887216522537,1407,1130,1269
4519.232052984054,4519.107052984054,4519.357052984054,1989,1198,1594
4521.206426922015,4521.081426922015,4521.331426922015,1877,1480,1679
4519.858057145665,4519.608057145665,4520.108057145665,1981,1906,1944
4517.024360441772,4516.899360441772,4517.149360441772,450,1279,865
4517.346120261549,4517.221120261549,4517.471120261549,1664,747,1206
4520.852500233625,4520.602500233625,4521.102500233625,1132,2627,1880
4518.994785969488,4518.869785969488,4519.119785969488,705,1098,902
4517.692561949829,4517.442561949829,4517.942561949829,1052,761,907
4519.0303876052485,4518.6553876052485,4519.4053876052485,755,1758,1257
4522.108802784773,4521.858802784773,4522.358802784773,793,2216,1505
4522.875306137536,4522.625306137536,4523.125306137536,1915,1476,1696
4525.475959262211,4525.350959262211,4525.600959262211,1244,2153,1699
4527.016056533406,4526.766056533406,4527.266056533406,554,1317,936
4532.315842229685,4532.190842229685,4532.440842229685,1163,642,903
4530.389639367346,4530.264639367346,4530.514639367346,1125,2250,1688
4528.311829670919,4528.186829670919,4528.436829670919,1057,1940,1499
4530.693572647789,4530.568572647789,4530.818572647789,925,1076,1001
4529.452980724418,4529.202980724418,4529.702980724418,2060,1167,1614
4528.814271220076,4528.689271220076,4528.939271220076,1515,632,1074
4525.9522392609015,4525.7022392609015,4526.2022392609015,737,2054,1396
4527.012336733051,4526.762336733051,4527.262336733051,663,1236,950
4529.363242623913,4529.238242623913,4529.488242623913,1890,1373,1632
4530.665136760182,4530.540136760182,4530.790136760182,2760,947,1854
4529.434079947184,4529.309079947184,4529.559079947184,2042,1123,1583
4526.628571663998,4526.253571663998,4527.003571663998,1248,1581,1415
4526.666164198892,4526.541164198892,4526.791164198892,1215,2568,1892
4528.47714516268,4528.22714516268,4528.72714516268,1500,539,1020
4525.269252412919,4525.019252412919,4525.519252412919,1204,1053,1129
4527.645867405234,4527.520867405234,4527.770867405234,1180,2543,1862
4526.853632240013,4526.728632240013,4526.978632240013,1761,1924,1843
4525.790502821367,4525.540502821367,4526.040502821367,1255,1766,1511
4527.905581862162,4527.780581862162,4528.030581862162,1101,2042,1572
4530.656144268636,4530.531144268636,4530.781144268636,1722,963,1343
4531.196516746414,4531.071516746414,4531.321516746414,1493,1792,1643
4529.255793616042,4529.005793616042,4529.505793616042,894,2679,1787
4530.233265174318,4530.108265174318,4530.358265174318,1713,1944,1829
4532.912152929454,4532.787152929454,4533.037152929454,827,1592,1210
4532.951504909533,4532.701504909533,4533.201504909533,2426,863,1645
4531.857075045014,4531.607075045014,4532.107075045014,1032,1319,1176
4534.6683492921175,4534.5433492921175,4534.7933492921175,1243,2016,1630
4534.327955698508,4534.202955698508,4534.452955698508,1673,1014,1344
4534.4975235110705,4534.3725235110705,4534.6225235110705,1343,1098,1221
4531.717852579953,4531.467852579953,4531.967852579953,2429,880,1655
4534.816320994088,4534.691320994088,4534.941320994088,680,1077,879
4533.3287893888455,4533.0787893888455,4533.5787893888455,2389,1532,1961
4535.772321945034,4535.522321945034,4536.022321945034,1169,1838,1504
4537.21979354719,4537.09479354719,4537.34479354719,1501,1060,1281
4535.287074725893,4535.162074725893,4535.412074725893,1265,882,1074
4537.573123434395,4537.198123434395,4537.948123434395,955,2320,1638
4540.654363442094,4540.529363442094,4540.779363442094,808,2281,1545
4539.728656083096,4539.603656083096,4539.853656083096,1969,928,1449
4539.283542701911,4539.033542701911,4539.533542701911,1016,2969,1993
4537.083222775328,4536.958222775328,4537.208222775328,1840,2001,1921
4538.810711441755,4538.685711441755,4538.935711441755,1690,2235,1963
4538.090156397328,4537.840156397328,4538.340156397328,916,1253,1085
4539.703137789668,4539.578137789668,4539.828137789668,1360,795,1078
4540.578028034324,4540.453028034324,4540.703028034324,688,1949,1319
4542.912475133225,4542.662475133225,4543.162475133225,1634,1967,1801
4543.022629896497,4542.897629896497,4543.147629896497,1194,491,843
4542.917978084717,4542.792978084717,4543.042978084717,1746,2181,1964
4545.879662289193,4545.754662289193,4546.004662289193,1779,1308,1544
4544.266939835349,4544.141939835349,4544.391939835349,788,1301,1045
4547.140171346965,4547.015171346965,4547.265171346965,1954,1589,1772
4547.618566668304,4547.368566668304,4547.868566668304,1989,820,1405
4547.183411580919,4547.058411580919,4547.308411580919,959,1892,1426
4548.7819019276485,4548.6569019276485,4548.9069019276485,842,803,823
4550.895238205645,4550.770238205645,4551.020238205645,1545,1562,1554
4547.431321370686,4547.306321370686,4547.556321370686,998,2761,1880
4549.173761549954,4549.048761549954,4549.298761549954,2253,1656,1955
4547.456041716696,4547.206041716696,4547.706041716696,860,1609,1235
4545.029304628512,4544.779304628512,4545.279304628512,896,1581,1239
4543.802598271826,4543.427598271826,4544.177598271826,1472,1265,1369
4542.730714396553,4542.605714396553,4542.855714396553,2444,1495,1970
4542.239145220275,4542.114145220275,4542.364145220275,512,1277,895
4539.547365290092,4539.422365290092,4539.672365290092,1384,705,1045
4541.146933319729,4540.771933319729,4541.521933319729,995,978,987
4541.7650044609045,4541.3900044609045,4542.1400044609045,1101,622,862
4544.170211169457,4543.795211169457,4544.545211169457,1451,2366,1909
4541.347693204853,4541.097693204853,4541.597693204853,999,1040,1020
4543.273853554535,4543.148853554535,4543.398853554535,1486,1859,1673
4541.311399880714,4541.186399880714,4541.436399880714,844,1089,967
4540.120599429248,4539.870599429248,4540.370599429248,2339,974,1657
4540.43078373628,4540.30578373628,4540.55578373628,806,2335,1571
4538.262656533516,4538.137656533516,4538.387656533516,1121,2076,1599
4539.205019514265,4539.080019514265,4539.330019514265,2443,854,1649
4539.258662690767,4539.133662690767,4539.383662690767,1219,540,880
4537.882722694165,4537.757722694165,4538.007722694165,1579,1542,1561
4538.957531794168,4538.832531794168,4539.082531794168,937,2396,1667
4539.616143504235,4539.366143504235,4539.866143504235,1294,663,979
4538.613490547835,4538.488490547835,4538.738490547835,1016,2479,1748
4537.899588753979,4537.774588753979,4538.024588753979,1433,2224,1829
4538.922535368378,4538.797535368378,4539.047535368378,2458,1395,1927
4536.487284635067,4536.237284635067,4536.737284635067,1305,670,988
4537.854924534558,4537.729924534558,4537.979924534558,1687,1938,1813
4535.296983070563,4535.046983070563,4535.546983070563,1797,710,1254
4536.370673070027,4536.245673070027,4536.495673070027,1236,1287,1262
4539.751939530216,4539.626939530216,4539.876939530216,1269,512,891
4540.439816898783,4540.314816898783,4540.564816898783,1731,1510,1621
4538.941732223114,4538.566732223114,4539.316732223114,1534,625,1080
4539.662034060996,4539.412034060996,4539.912034060996,1166,1767,1467
4536.21567989147,4536.09067989147,4536.34067989147,1428,1231,1330
4536.586887004918,4536.461887004918,4536.711887004918,2468,1451,1960
4535.061157321496,4534.811157321496,4535.311157321496,1071,1362,1217
4534.78860052675,4534.53860052675,4535.03860052675,1069,1842,1456
4534.161504503589,4534.036504503589,4534.286504503589,1554,729,1142
4532.177590183116,4532.052590183116,4532.302590183116,1785,1516,1651
4533.494832294597,4533.244832294597,4533.744832294597,2057,1864,1961
4531.5457245942325,4531.4207245942325,4531.6707245942325,2471,1090,1781
4534.447767472785,4534.197767472785,4534.697767472785,1048,2089,1569
4534.748135564446,4534.498135564446,4534.998135564446,836,915,876
4534.397927294693,4534.272927294693,4534.522927294693,1002,679,841
4534.808876339439,4534.433876339439,4535.183876339439,1503,1320,1412
4537.661289153876,4537.411289153876,4537.911289153876,552,1529,1041
4541.360197368178,4541.235197368178,4541.485197368178,492,1321,907
4540.795421896712,4540.670421896712,4540.920421896712,1162,471,817
4541.7622705942495,4541.6372705942495,4541.8872705942495,909,958,934
4543.767628075104,4543.517628075104,4544.017628075104,1431,710,1071
4542.366522297763,4541.991522297763,4542.741522297763,1185,2242,1714
4541.461845565667,4541.336845565667,4541.586845565667,1024,1177,1101
4542.62192822624,4542.49692822624,4542.74692822624,1409,2276,1843
4543.015948861963,4542.890948861963,4543.140948861963,1561,1294,1428
4542.038037357696,4541.913037357696,4542.163037357696,1750,1021,1386
4540.194173690495,4540.069173690495,4540.319173690495,875,1572,1224
4540.154650168224,4540.029650168224,4540.279650168224,826,1315,1071
4541.947756341323,4541.697756341323,4542.197756341323,1006,2233,1620
4538.9062977883395,4538.7812977883395,4539.0312977883395,1059,720,890
4538.481204735447,4538.356204735447,4538.606204735447,2004,1173,1589
4541.861885962898,4541.611885962898,4542.111885962898,2060,937,1499
4543.473192730451,4543.348192730451,4543.598192730451,795,1036,916
4542.2121517334845,4541.9621517334845,4542.4621517334845,1483,2058,1771
4543.520010220031,4543.145010220031,4543.895010220031,981,1386,1184
4543.802783615543,4543.677783615543,4543.927783615543,2549,986,1768
4544.594209481305,4544.469209481305,4544.719209481305,1909,1414,1662
4544.754344163232,4544.629344163232,4544.879344163232,928,1451,1190
4545.985985566786,4545.860985566786,4546.110985566786,1991,736,1364
4547.375543669301,4547.250543669301,4547.500543669301,518,1499,1009
4550.066427022587,4549.941427022587,4550.191427022587,1192,2781,1987
4550.08792951559,4549.83792951559,4550.33792951559,982,2917,1950
4550.156494716862,4549.906494716862,4550.406494716862,948,675,812
4549.654915113885,4549.404915113885,4549.904915113885,1261,670,966
4549.552068404998,4549.427068404998,4549.677068404998,913,1200,1057
4553.681427765448,4553.431427765448,4553.931427765448,874,1441,1158
4552.712741487685,4552.587741487685,4552.837741487685,1375,1988,1682
4554.730876911466,4554.605876911466,4554.855876911466,1509,1894,1702
4558.354039078665,4558.229039078665,4558.479039078665,2154,755,1455
4560.2255535491095,4559.8505535491095,4560.6005535491095,950,1465,1208
4556.802549507594,4556.677549507594,4556.927549507594,669,944,807
4555.995980131779,4555.870980131779,4556.120980131779,1133,634,884
4553.472771726039,4553.222771726039,4553.722771726039,2848,1103,1976
4554.327445868958,4554.202445868958,4554.452445868958,2470,941,1706
4553.723727925488,4553.473727925488,4553.973727925488,1346,2173,1760
4552.625089172038,4552.500089172038,4552.750089172038,1767,674,1221
4554.6436351312395,4554.5186351312395,4554.7686351312395,1419,1446,1433
4557.8355184706725,4557.5855184706725,4558.0855184706725,975,660,818
4560.036228071958,4559.911228071958,4560.161228071958,895,1394,1145
4558.41161677541,4558.28661677541,4558.53661677541,776,2219,1498
4560.8631726615195,4560.7381726615195,4560.9881726615195,1935,1370,1653
4562.263367980884,4562.138367980884,4562.388367980884,564,1261,913
4560.24155563564,4560.11655563564,4560.36655563564,969,1618,1294
4555.875248634193,4555.625248634193,4556.125248634193,1862,1567,1715
4550.75965775465,4550.63465775465,4550.88465775465,1788,1805,1797
4551.192421306264,4550.817421306264,4551.567421306264,1017,2048,1533
4554.324014572931,4554.199014572931,4554.449014572931,1001,2632,1817
4558.331045973334,4558.206045973334,4558.456045973334,2550,1371,1961
4555.149180327608,4554.899180327608,4555.399180327608,1928,1513,1721
4554.8526929413565,4554.7276929413565,4554.9776929413565,737,2102,1420
4553.349348649354,4553.099348649354,4553.599348649354,420,1183,802
4550.183555857762,4549.808555857762,4550.558555857762,851,2224,1538
4548.5061507511455,4548.3811507511455,4548.6311507511455,859,892,876
4550.27862113493,4550.15362113493,4550.40362113493,1172,2101,1637
4551.263409189915,4551.138409189915,4551.388409189915,1014,1033,1024
4549.059531870192,4548.934531870192,4549.184531870192,2373,1514,1944
4546.26781591445,4546.14281591445,4546.39281591445,2032,1273,1653
4543.594533154345,4543.469533154345,4543.719533154345,2326,1179,1753
4543.379760468207,4543.254760468207,4543.504760468207,1527,1106,1317
4545.885495816309,4545.635495816309,4546.135495816309,504,1279,892
4544.634660282172,4544.509660282172,4544.759660282172,2981,1012,1997
4544.577489254465,4544.327489254465,4544.827489254465,813,1874,1344
4545.522552070923,4545.272552070923,4545.772552070923,1399,888,1144
4548.0894719004045,4547.8394719004045,4548.3394719004045,1631,1234,1433
4543.74950327663,4543.62450327663,4543.87450327663,2181,1724,1953
4545.718939616463,4545.593939616463,4545.843939616463,1618,1619,1619
4547.889648116643,4547.764648116643,4548.014648116643,1651,956,1304
4546.868887802033,4546.743887802033,4546.993887802033,949,1144,1047
4542.596722423968,4542.471722423968,4542.721722423968,2037,998,1518
4541.805154939554,4541.680154939554,4541.930154939554,2020,1299,1660
4542.747285942917,4542.497285942917,4542.997285942917,1304,1075,1190
4540.429180235665,4540.304180235665,4540.554180235665,1471,1530,1501
4542.030250958808,4541.905250958808,4542.155250958808,904,1265,1085
4540.2705232804965,4540.1455232804965,4540.3955232804965,1072,609,841
4543.561477124546,4543.311477124546,4543.811477124546,1991,1448,1720
4543.305591563339,4543.055591563339,4543.555591563339,1624,879,1252
4545.013028671779,4544.888028671779,4545.138028671779,779,1756,1268
4544.493143028858,4544.368143028858,4544.618143028858,1625,970,1298
4549.051021826686,4548.926021826686,4549.176021826686,1232,1583,1408
4550.5897127514545,4550.4647127514545,4550.7147127514545,1182,1027,1105
4549.748710547477,4549.623710547477,4549.873710547477,1369,1290,1330
4549.202939191896,4548.952939191896,4549.452939191896,1178,1615,1397
4550.481607457219,4550.356607457219,4550.606607457219,2148,995,1572
4552.390936983657,4552.265936983657,4552.515936983657,653,1548,1101
4552.4133453252025,4552.2883453252025,4552.5383453252025,1124,589,857
4551.937907941211,4551.687907941211,4552.187907941211,793,1872,1333
4550.902960440648,4550.652960440648,4551.152960440648,1285,1002,1144
4550.506962560125,4550.381962560125,4550.631962560125,561,1488,1025
4548.302379052395,4548.177379052395,4548.427379052395,2413,1362,1888
4549.684749529847,4549.434749529847,4549.934749529847,579,1256,918
4549.030264009479,4548.905264009479,4549.155264009479,1701,856,1279
4550.1239982088955,4549.7489982088955,4550.4989982088955,2503,1018,1761
4551.524904909575,4551.399904909575,4551.649904909575,2272,1157,1715
4548.546555198761,4548.421555198761,4548.671555198761,1950,1331,1641
4548.205308002846,4547.955308002846,4548.455308002846,1618,809,1214
4548.819585367949,4548.694585367949,4548.944585367949,1154,449,802
4549.36899450462,4549.24399450462,4549.49399450462,2397,816,1607
4547.1080307150505,4546.7330307150505,4547.4830307150505,1235,2032,1634
4543.416660241417,4543.291660241417,4543.541660241417,1112,2191,1652
4543.19778947371,4542.94778947371,4543.44778947371,1150,657,904
4544.261014067574,4544.136014067574,4544.386014067574,1813,670,1242
4543.120724219537,4542.745724219537,4543.495724219537,1795,1914,1855
4543.019671673343,4542.894671673343,4543.144671673343,1047,2262,1655
4544.599476566982,4544.474476566982,4544.724476566982,1453,1610,1532
4548.714072184719,4548.464072184719,4548.964072184719,752,1749,1251
4552.436036845557,4552.186036845557,4552.686036845557,994,1253,1124
4551.951420261871,4551.826420261871,4552.076420261871,1791,882,1337
4556.884002336553,4556.509002336553,4557.259002336553,1314,2245,1780
4555.563890992849,4555.438890992849,4555.688890992849,2334,1255,1795
4556.87657592488,4556.50157592488,4557.25157592488,1648,1691,1670
4558.882786103777,4558.757786103777,4559.007786103777,1007,1920,1464
4562.631076473408,4562.256076473408,4563.006076473408,1403,1570,1487
4565.124437579718,4564.749437579718,4565.499437579718,1759,1064,1412
4567.988647996972,4567.863647996972,4568.113647996972,1308,855,1082
4567.694756067854,4567.444756067854,4567.944756067854,1254,2389,1822
4566.203554963292,4566.078554963292,4566.328554963292,1620,1889,1755
4563.972408235939,4563.722408235939,4564.222408235939,2106,1801,1954
4562.337872344773,4562.212872344773,4562.462872344773,2122,789,1456
4562.616106582073,4562.366106582073,4562.866106582073,1563,2058,1811
4567.746709728438,4567.621709728438,4567.871709728438,1348,2279,1814
4564.077443542097,4563.702443542097,4564.452443542097,1404,1605,1505
4564.838248752498,4564.463248752498,4565.213248752498,1151,2180,1666
4568.520361440214,4568.270361440214,4568.770361440214,1109,1722,1416
4570.9032359939865,4570.7782359939865,4571.0282359939865,1103,1578,1341
4568.032130662845,4567.782130662845,4568.282130662845,1256,605,931
4566.498304580976,4566.248304580976,4566.748304580976,2230,1519,1875
4566.494502306559,4566.119502306559,4566.869502306559,1033,2096,1565
4568.37716040593,4568.25216040593,4568.50216040593,969,660,815
4565.969789654909,4565.844789654909,4566.094789654909,2727,1126,1927
4566.775195466995,4566.650195466995,4566.900195466995,817,1054,936
4566.34069713122,4566.21569713122,4566.46569713122,1051,2188,1620
4566.500599166732,4566.375599166732,4566.625599166732,772,1105,939
4563.700470524358,4563.325470524358,4564.075470524358,1580,729,1155
4562.383505598887,4562.133505598887,4562.633505598887,1118,591,855
4559.502717824087,4559.252717824087,4559.752717824087,877,972,925
4560.544701661183,4560.294701661183,4560.794701661183,2148,851,1500
4562.227550175541,4561.977550175541,4562.477550175541,981,1576,1279
4562.953581375733,4562.703581375733,4563.203581375733,1642,1951,1797
4564.112383921034,4563.862383921034,4564.362383921034,1171,464,818
4563.126782955816,4562.751782955816,4563.501782955816,1097,1622,1360
4567.011388785664,4566.886388785664,4567.136388785664,1259,1242,1251
4567.134669305558,4566.884669305558,4567.384669305558,964,2573,1769
4569.569695838909,4569.319695838909,4569.819695838909,751,902,827
4569.439047250017,4569.189047250017,4569.689047250017,739,1998,1369
4571.308061424121,4571.183061424121,4571.433061424121,892,929,911
4574.663885519918,4574.413885519918,4574.913885519918,546,1471,1009
4575.619493528494,4575.244493528494,4575.994493528494,2226,821,1524
4574.530808228849,4574.405808228849,4574.655808228849,1343,2484,1914
4580.060780733656,4579.810780733656,4580.310780733656,723,2078,1401
4581.628349994571,4581.503349994571,4581.753349994571,1149,2030,1590
4580.595598347402,4580.470598347402,4580.720598347402,1109,1510,1310
4585.042990897172,4584.792990897172,4585.292990897172,1219,2280,1750
4581.865923769453,4581.740923769453,4581.990923769453,1171,1226,1199
4580.9757400418675,4580.8507400418675,4581.1007400418675,837,1606,1222
4578.960172361963,4578.710172361963,4579.210172361963,836,1315,1076
4582.902250083123,4582.652250083123,4583.152250083123,1138,1539,1339
4582.860041124793,4582.735041124793,4582.985041124793,633,1006,820
4586.310674478141,4586.060674478141,4586.560674478141,968,1543,1256
4587.6022351939455,4587.3522351939455,4587.8522351939455,2618,1121,1870
4583.551301924382,4583.426301924382,4583.676301924382,514,1279,897
4586.285501318457,4586.160501318457,4586.410501318457,656,1141,899
4582.258512848662,4582.133512848662,4582.383512848662,1048,1873,1461
4585.312038514029,4585.187038514029,4585.437038514029,2574,1251,1913
4582.187191591116,4582.062191591116,4582.312191591116,1358,2061,1710
4577.656753807879,4577.531753807879,4577.781753807879,2450,1117,1784
4578.658269908385,4578.533269908385,4578.783269908385,2574,1051,1813
4575.040268498417,4574.915268498417,4575.165268498417,986,1893,1440
4575.5370575841125,4575.4120575841125,4575.6620575841125,1066,1997,1532
4574.321151732368,4574.196151732368,4574.446151732368,2010,1087,1549
4576.075619448555,4575.700619448555,4576.450619448555,718,1455,1087
4572.293572379765,4572.168572379765,4572.418572379765,2305,1368,1837
4571.67571166563,4571.42571166563,4571.92571166563,893,1256,1075
4572.765362732909,4572.640362732909,4572.890362732909,1001,1108,1055
4572.1277357899735,4571.8777357899735,4572.3777357899735,2083,1734,1909
4573.5595850769505,4573.1845850769505,4573.9345850769505,1630,1353,1492
4570.5218955502905,4570.3968955502905,4570.6468955502905,2211,818,1515
4569.406251598966,4569.156251598966,4569.656251598966,1175,1290,1233
4569.527563353072,4569.277563353072,4569.777563353072,1458,1771,1615
4565.018461049138,4564.768461049138,4565.268461049138,1905,1990,1948
4562.404073933624,4562.154073933624,4562.654073933624,1568,1675,1622
4560.650043849794,4560.525043849794,4560.775043849794,2445,1296,1871
4557.787775629079,4557.537775629079,4558.037775629079,464,1135,800
4557.031077949856,4556.781077949856,4557.281077949856,1400,889,1145
4552.999405668605,4552.874405668605,4553.124405668605,1976,1963,1970
4550.697712131846,4550.572712131846,4550.822712131846,1466,1027,1247
4548.567361382001,4548.442361382001,4548.692361382001,1078,1647,1363
4551.98079059944,4551.85579059944,4552.10579059944,994,2489,1742
4553.532616339445,4553.407616339445,4553.657616339445,1594,1473,1534
4556.608928287982,4556.233928287982,4556.983928287982,857,1274,1066
4556.078984387162,4555.953984387162,4556.203984387162,2052,1251,1652
4556.930660532559,4556.680660532559,4557.180660532559,1084,1111,1098
4558.555464879255,4558.430464879255,4558.680464879255,2459,1118,1789
4560.550683958766,4560.425683958766,4560.675683958766,1286,753,1020
4560.211380520936,4559.961380520936,4560.461380520936,540,1223,882
4560.115467369185,4559.740467369185,4560.490467369185,2362,1581,1972
4563.070390955312,4562.945390955312,4563.195390955312,677,1934,1306
4557.747547886048,4557.622547886048,4557.872547886048,1155,906,1031
4557.9045607841135,4557.6545607841135,4558.1545607841135,1242,1273,1258
4555.94547941834,4555.69547941834,4556.19547941834,668,973,821
4555.797315737902,4555.672315737902,4555.922315737902,2130,777,1454
4550.158754196821,4550.033754196821,4550.283754196821,1794,1809,1802
4551.154107627405,4551.029107627405,4551.279107627405,1005,1762,1384
4555.793134184174,4555.668134184174,4555.918134184174,1732,655,1194
4555.4762177385965,4555.2262177385965,4555.7262177385965,544,1309,927
4554.429522250094,4554.179522250094,4554.679522250094,1164,1817,1491
4554.646381114111,4554.521381114111,4554.771381114111,685,1814,1250
4555.16027807429,4554.91027807429,4555.41027807429,1852,1871,1862
4553.915553081137,4553.790553081137,4554.040553081137,1632,2337,1985
4558.706559690619,4558.581559690619,4558.831559690619,2088,1585,1837
4560.347082958598,4559.972082958598,4560.722082958598,2548,1087,1818
4562.8811362087845,4562.5061362087845,4563.2561362087845,1160,473,817
4561.0171016745835,4560.8921016745835,4561.1421016745835,1165,1854,1510
4560.039135020976,4559.914135020976,4560.164135020976,2461,1184,1823
4563.2452054951655,4562.8702054951655,4563.6202054951655,1005,2516,1761
4561.8720192023675,4561.6220192023675,4562.1220192023675,2455,1234,1845
4561.723456642493,4561.598456642493,4561.848456642493,1052,2361,1707
4563.808160376823,4563.683160376823,4563.933160376823,2089,1066,1578
4566.429266725206,4566.304266725206,4566.554266725206,1878,1445,1662
4571.05349396932,4570.80349396932,4571.30349396932,878,2131,1505
4571.658264477875,4571.533264477875,4571.783264477875,767,1146,957
4568.752198395934,4568.502198395934,4569.002198395934,1121,2278,1700
4569.455864719818,4569.205864719818,4569.705864719818,2387,1420,1904
4572.321706221843,4572.196706221843,4572.446706221843,1893,1514,1704
4572.348393836863,4572.098393836863,4572.598393836863,715,2054,1385
4572.360722465829,4572.110722465829,4572.610722465829,1785,1192,1489
4572.7098646243485,4572.5848646243485,4572.8348646243485,2115,1728,1922
4575.169641861824,4574.794641861824,4575.544641861824,2237,1594,1916
4575.616956357472,4575.241956357472,4575.991956357472,1166,1573,1370
4577.0687348222855,4576.8187348222855,4577.3187348222855,2053,1664,1859
4579.003263173456,4578.878263173456,4579.128263173456,865,970,918
4579.0643340548795,4578.9393340548795,4579.1893340548795,2121,1688,1905
4578.909254591741,4578.784254591741,4579.034254591741,1033,1768,1401
4578.779582039912,4578.529582039912,4579.029582039912,1181,2620,1901
4580.127200204754,4579.877200204754,4580.377200204754,1081,622,852
4579.462439946486,4579.212439946486,4579.712439946486,2164,1769,1967
4578.108749352863,4577.983749352863,4578.233749352863,1707,770,1239
4575.810244475073,4575.685244475073,4575.935244475073,900,859,880
4577.134592512634,4576.884592512634,4577.384592512634,904,1423,1164
4579.013328884964,4578.888328884964,4579.138328884964,1308,693,1001
4582.551758038364,4582.426758038364,4582.676758038364,1734,1789,1762
4580.445243562707,4580.320243562707,4580.570243562707,851,1800,1326
4580.490920146028,4580.240920146028,4580.740920146028,862,2109,1486
4581.147862816087,4580.897862816087,4581.397862816087,1456,2013,1735
4578.505965273053,4578.380965273053,4578.630965273053,1597,1186,1392
4577.168592884364,4577.043592884364,4577.293592884364,2614,909,1762
4577.241327548417,4576.866327548417,4577.616327548417,1789,2004,1897
4574.663202244313,4574.413202244313,4574.913202244313,2670,891,1781
4575.989984952942,4575.614984952942,4576.364984952942,1105,2498,1802
4575.185620538509,4574.810620538509,4575.560620538509,2174,1685,1930
4576.0841306190605,4575.9591306190605,4576.2091306190605,636,1497,1067
4576.925940065967,4576.800940065967,4577.050940065967,658,1411,1035
4574.247453983006,4574.122453983006,4574.372453983006,1761,1264,1513
4576.8737509435405,4576.7487509435405,4576.9987509435405,1297,792,1045
4577.60638354265,4577.35638354265,4577.85638354265,755,2064,1410
4579.693217270259,4579.443217270259,4579.943217270259,994,1093,1044
4575.1201387108995,4574.8701387108995,4575.3701387108995,1284,575,930
4575.118971740644,4574.993971740644,4575.243971740644,2301,1280,1791
4574.2932093128575,4574.1682093128575,4574.4182093128575,982,1921,1452
4570.653013792059,4570.528013792059,4570.778013792059,1050,2139,1595
4568.507458775712,4568.257458775712,4568.757458775712,909,2228,1569
4568.628204767543,4568.503204767543,4568.753204767543,1294,2639,1967
4568.6777348834685,4568.4277348834685,4568.9277348834685,1934,1371,1653
4570.587336861545,4570.462336861545,4570.712336861545,1291,1264,1278
4567.941301796847,4567.816301796847,4568.066301796847,990,1563,1277
4565.4975404999805,4565.2475404999805,4565.7475404999805,1988,1397,1693
4567.060220030856,4566.935220030856,4567.185220030856,1594,1629,1612
4564.453839803137,4564.328839803137,4564.578839803137,1342,1841,1592
4561.536641829676,4561.411641829676,4561.661641829676,1717,2060,1889
4558.23821127777,4557.98821127777,4558.48821127777,1547,1180,1364
4557.927258601109,4557.677258601109,4558.177258601109,1643,994,1319
4562.893909497811,4562.768909497811,4563.018909497811,2447,1126,1787
4562.764175558748,4562.514175558748,4563.014175558748,1363,2102,1733
4565.12127847381,4564.99627847381,4565.24627847381,777,1124,951
4566.374085121074,4566.124085121074,4566.624085121074,1321,700,1011
4568.591838599892,4568.466838599892,4568.716838599892,656,1615,1136
4568.286308333085,4567.911308333085,4568.661308333085,2227,1606,1917
4564.816561268102,4564.566561268102,4565.066561268102,418,1201,810
4567.045626000894,4566.920626000894,4567.170626000894,2671,930,1801
4569.616392591864,4569.366392591864,4569.866392591864,667,1858,1263
4568.011696585433,4567.761696585433,4568.261696585433,2947,1006,1977
4566.823346414527,4566.698346414527,4566.948346414527,1372,629,1001
4566.039457669401,4565.914457669401,4566.164457669401,767,1404,1086
4562.4802275112515,4562.3552275112515,4562.6052275112515,1676,1003,1340
4563.3929742620885,4563.2679742620885,4563.5179742620885,1325,890,1108
4562.571174068764,4562.321174068764,4562.821174068764,2053,1200,1627
4561.419239325328,4561.294239325328,4561.544239325328,1293,1514,1404
4558.139379287865,4558.014379287865,4558.264379287865,1273,1448,1361
4553.705059421291,4553.330059421291,4554.080059421291,1112,1029,1071
4554.441547989887,4554.316547989887,4554.566547989887,1314,461,888
4556.35408051424,4556.22908051424,4556.47908051424,1536,1643,1590
4554.550544209861,4554.425544209861,4554.675544209861,2289,1392,1841
4560.190202586133,4559.940202586133,4560.440202586133,1833,1028,1431
4559.32964133186,4559.07964133186,4559.57964133186,843,794,819
4554.859477664002,4554.734477664002,4554.984477664002,1542,1039,1291
4553.179238100051,4553.054238100051,4553.304238100051,913,2678,1796
4555.417537614407,4555.292537614407,4555.542537614407,1344,1201,1273
4555.953827619981,4555.828827619981,4556.078827619981,542,1305,924
4560.208342416446,4559.958342416446,4560.458342416446,2288,767,1528
4559.077052947434,4558.702052947434,4559.452052947434,1691,1414,1553
4564.07804479723,4563.95304479723,4564.20304479723,1850,1651,1751
4555.268494054337,4555.018494054337,4555.518494054337,855,1302,1079
4562.267993258241,4562.142993258241,4562.392993258241,581,1510,1046
4565.4015158282045,4565.2765158282045,4565.5265158282045,1661,1080,1371
4557.106110502545,4556.731110502545,4557.481110502545,980,2719,1850
4552.615482340266,4552.490482340266,4552.740482340266,1191,1498,1345
4554.368575341969,4554.118575341969,4554.618575341969,789,1926,1358
4562.894872532259,4562.644872532259,4563.144872532259,955,2300,1628
4559.046906194682,4558.796906194682,4559.296906194682,634,1723,1179
4563.305026070788,4562.930026070788,4563.680026070788,1235,2302,1769
4557.833682077877,4557.708682077877,4557.958682077877,868,2473,1671
4555.515633287438,4555.390633287438,4555.640633287438,872,1415,1144
4557.528770250452,4557.403770250452,4557.653770250452,1301,768,1035
4553.2427860973585,4553.1177860973585,4553.3677860973585,2285,862,1574
4554.936158437293,4554.561158437293,4555.311158437293,1478,627,1053
4548.221341622192,4548.096341622192,4548.346341622192,2041,836,1439
4550.858094220256,4550.733094220256,4550.983094220256,1062,789,926
4549.2271188974155,4548.8521188974155,4549.6021188974155,2395,1320,1858
4545.22464919533,4545.09964919533,4545.34964919533,1614,1631,1623
4544.03176083472,4543.65676083472,4544.40676083472,555,1224,890
4536.935681731493,4536.810681731493,4537.060681731493,551,1052,802
4534.596971504741,4534.471971504741,4534.721971504741,2139,1254,1697
4533.876341625297,4533.751341625297,4534.001341625297,1392,1721,1557
4531.697319770143,4531.447319770143,4531.947319770143,1469,1462,1466
4529.320485959913,4529.195485959913,4529.445485959913,1286,1349,1318
4528.234702190685,4528.109702190685,4528.359702190685,2057,1310,1684
4520.074807194421,4519.824807194421,4520.324807194421,2455,1444,1950
4519.578807356808,4519.203807356808,4519.953807356808,1225,2146,1686
4508.215463476525,4507.965463476525,4508.465463476525,2873,1088,1981
4508.921985304832,4508.796985304832,4509.046985304832,828,955,892
4513.322205224238,4513.072205224238,4513.572205224238,946,843,895
4513.872603566434,4513.497603566434,4514.247603566434,1633,1496,1565
4512.373613085258,4512.248613085258,4512.498613085258,1040,1711,1376
4515.648014392045,4515.523014392045,4515.773014392045,1650,1489,1570
4512.592375867434,4512.217375867434,4512.967375867434,1889,1276,1583
4508.8197951022385,4508.6947951022385,4508.9447951022385,1777,1228,1503
4513.3738883351925,4513.1238883351925,4513.6238883351925,910,1155,1033
4509.021997124237,4508.771997124237,4509.271997124237,829,1482,1156
4515.568894562926,4515.443894562926,4515.693894562926,1597,846,1222
4519.206992187856,4518.956992187856,4519.456992187856,1295,672,984
4519.599795387578,4519.474795387578,4519.724795387578,1637,1542,1590
4520.025030576957,4519.900030576957,4520.150030576957,1886,953,1420
4516.362879770591,4516.112879770591,4516.612879770591,1065,2264,1665
4504.424408888546,4504.299408888546,4504.549408888546,794,1955,1375
4507.065389720484,4506.815389720484,4507.315389720484,1385,2148,1767
4504.623358757734,4504.373358757734,4504.873358757734,1771,914,1343
4505.647305240997,4505.522305240997,4505.772305240997,2602,973,1788
4508.149486955423,4508.024486955423,4508.274486955423,1125,1830,1478
4501.850896273365,4501.600896273365,4502.100896273365,1598,1807,1703
4503.111174928942,4502.986174928942,4503.236174928942,1321,2622,1972
4507.798832367405,4507.548832367405,4508.048832367405,1593,1972,1783
4506.946630780605,4506.821630780605,4507.071630780605,1119,1476,1298
4509.735193617776,4509.610193617776,4509.860193617776,1502,1807,1655
4510.63106972147,4510.50606972147,4510.75606972147,2781,1064,1923
4511.6945586251995,4511.5695586251995,4511.8195586251995,2277,1662,1970
4508.483236504273,4508.233236504273,4508.733236504273,1972,1189,1581
4509.828170285926,4509.703170285926,4509.953170285926,1044,1121,1083
4511.004695126689,4510.879695126689,4511.129695126689,2085,1490,1788
4505.536165289427,4505.286165289427,4505.786165289427,1714,1067,1391
4497.511358254099,4497.386358254099,4497.636358254099,909,1574,1242
4498.587504567254,4498.462504567254,4498.712504567254,774,2193,1484
4495.416941088366,4495.291941088366,4495.541941088366,791,1740,1266
4499.5674458866515,4499.4424458866515,4499.6924458866515,2717,1106,1912
4498.872534468591,4498.747534468591,4498.997534468591,1503,1550,1527
4502.223275819734,4502.098275819734,4502.348275819734,950,1323,1137
4499.0995169336,4498.7245169336,4499.4745169336,1664,1079,1372
4497.54071812919,4497.41571812919,4497.66571812919,2433,1074,1754
4490.014619028506,4489.764619028506,4490.264619028506,2166,1603,1885
4494.906498768167,4494.656498768167,4495.156498768167,1247,1448,1348
4493.202931882152,4493.077931882152,4493.327931882152,1842,1151,1497
4495.701280800962,4495.451280800962,4495.951280800962,1588,1745,1667
4493.443170220045,4493.318170220045,4493.568170220045,656,1543,1100
4492.789207986569,4492.539207986569,4493.039207986569,993,1042,1018
4496.095534085141,4495.970534085141,4496.220534085141,742,1171,957
4496.277642478894,4496.027642478894,4496.527642478894,1043,2540,1792
4495.484157617172,4495.234157617172,4495.734157617172,1399,834,1117
4498.003357633171,4497.878357633171,4498.128357633171,743,1302,1023
4504.9813188292,4504.7313188292,4505.2313188292,2483,868,1676
4504.072909933189,4503.947909933189,4504.197909933189,1249,1880,1565
4509.778776121022,4509.653776121022,4509.903776121022,1542,1665,1604
4510.746000511736,4510.621000511736,4510.871000511736,1411,2316,1864
4518.746537188726,4518.621537188726,4518.871537188726,1278,931,1105
4521.200861848321,4521.075861848321,4521.325861848321,825,916,871
4519.007621903496,4518.632621903496,4519.382621903496,2026,1905,1966
4519.252313083939,4519.127313083939,4519.377313083939,1470,1295,1383
4516.105734028032,4515.855734028032,4516.355734028032,764,2047,1406
4518.374612860085,4518.249612860085,4518.499612860085,2557,922,1740
4521.036671698454,4520.786671698454,4521.286671698454,1083,2774,1929
4527.34552655713,4526.97052655713,4527.72052655713,1217,806,1012
4526.093453894728,4525.718453894728,4526.468453894728,2372,1227,1800
4519.961109414567,4519.836109414567,4520.086109414567,695,1416,1056
4515.425703619186,4515.300703619186,4515.550703619186,1776,1409,1593
4518.981082190144,4518.731082190144,4519.231082190144,896,911,904
4520.199896771764,4519.949896771764,4520.449896771764,840,927,884
4520.878456714935,4520.628456714935,4521.128456714935,1216,1817,1517
4512.102904361072,4511.977904361072,4512.227904361072,1415,1792,1604
4512.287178749615,4512.162178749615,4512.412178749615,1009,2930,1970
4512.5068794731915,4512.3818794731915,4512.6318794731915,1559,2344,1952
4511.61724371578,4511.36724371578,4511.86724371578,1955,1320,1638
4515.1096993970195,4514.8596993970195,4515.3596993970195,689,1450,1070
4524.012974030887,4523.887974030887,4524.137974030887,1644,2171,1908
4521.677525830419,4521.302525830419,4522.052525830419,711,1078,895
4516.229631918925,4515.979631918925,4516.479631918925,892,1423,1158
4521.15804024818,4521.03304024818,4521.28304024818,875,804,840
4513.259737486853,4513.134737486853,4513.384737486853,1048,2427,1738
4513.88788807003,4513.76288807003,4514.01288807003,1852,1055,1454
4514.4298722426665,4514.3048722426665,4514.5548722426665,2305,1078,1692
4508.878758533478,4508.753758533478,4509.003758533478,862,1741,1302
4511.32952513398,4511.07952513398,4511.57952513398,1903,2070,1987
4516.084452947758,4515.709452947758,4516.459452947758,725,1624,1175
4516.296374527683,4516.171374527683,4516.421374527683,1392,1883,1638
4516.565831640959,4516.315831640959,4516.815831640959,2529,1276,1903
4517.425571165102,4517.300571165102,4517.550571165102,1025,942,984
4519.557798443943,4519.432798443943,4519.682798443943,1135,2720,1928
4521.265825597639,4521.140825597639,4521.390825597639,1701,756,1229
4516.196258104999,4515.821258104999,4516.571258104999,1564,693,1129
4516.519767376728,4516.394767376728,4516.644767376728,1022,1563,1293
4516.25471644497,4515.87971644497,4516.62971644497,1112,1519,1316
4518.176954889212,4517.801954889212,4518.551954889212,1269,1938,1604
4526.072104121309,4525.947104121309,4526.197104121309,1114,687,901
4521.556379631068,4521.431379631068,4521.681379631068,1817,752,1285
4521.7186656898175,4521.4686656898175,4521.9686656898175,2696,937,1817
4527.981376814619,4527.731376814619,4528.231376814619,1522,1337,1430
4522.021164184387,4521.896164184387,4522.146164184387,1141,1376,1259
4513.5616405954315,4513.1866405954315,4513.9366405954315,888,2265,1577
4515.911039367823,4515.786039367823,4516.036039367823,912,1333,1123
4512.229801272947,4512.104801272947,4512.354801272947,1608,921,1265
4508.341206542709,4508.091206542709,4508.591206542709,985,1130,1058
4503.645807551706,4503.395807551706,4503.895807551706,1928,1909,1919
4509.970641853021,4509.720641853021,4510.220641853021,1849,742,1296
4509.11292396211,4508.86292396211,4509.36292396211,1739,1524,1632
4506.58573094564,4506.46073094564,4506.71073094564,659,1010,835
4509.447529638556,4509.197529638556,4509.697529638556,1720,907,1314
4499.323004947002,4499.198004947002,4499.448004947002,654,1017,836
4499.879622982677,4499.504622982677,4500.254622982677,1436,1103,1270
4501.029893713963,4500.904893713963,4501.154893713963,2509,1364,1937
4505.153466920287,4505.028466920287,4505.278466920287,1330,1145,1238
4514.759981548437,4514.509981548437,4515.009981548437,867,1484,1176
4517.074657758519,4516.699657758519,4517.449657758519,1358,909,1134
4514.195524624948,4513.820524624948,4514.570524624948,1188,2203,1696
4516.418319863816,4516.293319863816,4516.543319863816,1109,1516,1313
4520.255861755175,4520.130861755175,4520.380861755175,920,2219,1570
4513.96884305582,4513.84384305582,4514.09384305582,731,966,849
4508.008794745895,4507.883794745895,4508.133794745895,763,1552,1158
4508.572669407635,4508.322669407635,4508.822669407635,1349,1162,1256
4511.411760000484,4511.286760000484,4511.536760000484,1006,1977,1492
4514.807302108357,4514.682302108357,4514.932302108357,855,1298,1077
4517.666993828265,4517.291993828265,4518.041993828265,1442,1269,1356
4517.5291201487025,4517.2791201487025,4517.7791201487025,2354,1201,1778
4514.8424215331725,4514.7174215331725,4514.9674215331725,2214,853,1534
4518.621443678063,4518.496443678063,4518.746443678063,1788,2095,1942
4526.289506768092,4526.164506768092,4526.414506768092,1005,1334,1170
4527.650393134404,4527.400393134404,4527.900393134404,2060,1281,1671
4525.361363683996,4525.236363683996,4525.486363683996,2441,1316,1879
4524.225690833866,4524.100690833866,4524.350690833866,1215,1052,1134
4520.7089802295395,4520.5839802295395,4520.8339802295395,2011,1754,1883
4523.585059532931,4523.210059532931,4523.960059532931,1110,1999,1555
4516.83692838753,4516.58692838753,4517.08692838753,1571,1950,1761
4512.711887559029,4512.586887559029,4512.836887559029,786,1367,1077
4511.43445000711,4511.30945000711,4511.55945000711,699,1234,967
4512.209771786599,4511.959771786599,4512.459771786599,1443,946,1195
4513.874234772231,4513.624234772231,4514.124234772231,1400,1455,1428
4517.517191268686,4517.392191268686,4517.642191268686,1844,1185,1515
4519.009974871797,4518.884974871797,4519.134974871797,818,901,860
4514.475662628752,4514.225662628752,4514.725662628752,1470,767,1119
4509.800583074278,4509.550583074278,4510.050583074278,1429,2250,1840
4510.604527931516,4510.479527931516,4510.729527931516,1562,2385,1974
4508.693159414704,4508.568159414704,4508.818159414704,1497,1194,1346
4506.660778419116,4506.285778419116,4507.035778419116,1498,1259,1379
4500.290395228698,4500.165395228698,4500.415395228698,642,1677,1160
4497.225937233974,4496.850937233974,4497.600937233974,1568,1753,1661
4492.167702969734,4491.917702969734,4492.417702969734,1061,772,917
4492.136179038652,4492.011179038652,4492.261179038652,1312,2435,1874
4493.262318911178,4493.012318911178,4493.512318911178,1994,1975,1985
4491.373747773405,4491.123747773405,4491.623747773405,595,1738,1167
4493.3297070094895,4493.2047070094895,4493.4547070094895,1893,1444,1669
4494.6874473393955,4494.4374473393955,4494.9374473393955,1686,1225,1456
4495.593303950845,4495.468303950845,4495.718303950845,1198,1417,1308
4495.623921131643,4495.498921131643,4495.748921131643,1165,962,1064
4500.660170903575,4500.285170903575,4501.035170903575,910,773,842
4503.026601189082,4502.901601189082,4503.151601189082,1862,1313,1588
4498.651330137905,4498.401330137905,4498.901330137905,2894,1097,1996
4501.872769172392,4501.747769172392,4501.997769172392,1157,1852,1505
4501.298599115207,4501.173599115207,4501.423599115207,1765,876,1321
4498.957176713066,4498.707176713066,4499.207176713066,714,1919,1317
4498.920101681231,4498.795101681231,4499.045101681231,2449,1052,1751
4493.328025860535,4493.078025860535,4493.578025860535,1498,1965,1732
4494.321243009427,4494.196243009427,4494.446243009427,1394,2089,1742
4499.314981657208,4498.939981657208,4499.689981657208,1271,1584,1428
4493.160894528046,4493.035894528046,4493.285894528046,1819,1044,1432
4492.094225418241,4491.969225418241,4492.219225418241,545,1184,865
4500.502009532088,4500.377009532088,4500.627009532088,1708,1313,1511
4502.067583430678,4501.942583430678,4502.192583430678,1071,1544,1308
4508.784552792768,4508.409552792768,4509.159552792768,915,1736,1326
4509.288930909961,4509.163930909961,4509.413930909961,1271,2426,1849
4513.156157950574,4513.031157950574,4513.281157950574,2610,1235,1923
4511.653468188595,4511.528468188595,4511.778468188595,717,1922,1320
4510.999414091275,4510.749414091275,4511.249414091275,1236,1041,1139
