close,bid,ask,bid_volume,ask_volume,volume
4497.689464848452,4497.439464848452,4497.939464848452,1046,1683,1365
4498.188144877814,4498.063144877814,4498.313144877814,1826,1525,1676
4497.865281614165,4497.740281614165,4497.990281614165,1406,977,1192
4497.05243411244,4496.92743411244,4497.17743411244,1072,2837,1955
4501.129966511209,4501.004966511209,4501.254966511209,1667,1318,1493
4503.482650273634,4503.232650273634,4503.732650273634,2151,1574,1863
4503.980740916607,4503.855740916607,4504.105740916607,954,1645,1300
4508.049298722886,4507.799298722886,4508.299298722886,2419,946,1683
4507.819995816985,4507.694995816985,4507.944995816985,1047,1024,1036
4510.084936389423,4509.959936389423,4510.209936389423,1247,1260,1254
4512.748083646318,4512.623083646318,4512.873083646318,710,2035,1373
4513.411565225594,4513.286565225594,4513.536565225594,1155,1318,1237
4520.039398865684,4519.914398865684,4520.164398865684,1486,1071,1279
4519.321083719438,4519.196083719438,4519.446083719438,1357,526,942
4517.212923536008,4517.087923536008,4517.337923536008,1698,2275,1987
4518.153466576654,4518.028466576654,4518.278466576654,656,1723,1190
4515.238515430846,4514.988515430846,4515.488515430846,2078,1675,1877
4514.581537506911,4514.456537506911,4514.706537506911,2178,1661,1920
4514.480429027485,4514.355429027485,4514.605429027485,1155,2346,1751
4517.73757445796,4517.61257445796,4517.86257445796,1020,913,967
4517.672009170143,4517.297009170143,4518.047009170143,1311,1252,1282
4518.536238575044,4518.286238575044,4518.786238575044,1316,1219,1268
4519.256914923107,4519.006914923107,4519.506914923107,1071,1552,1312
4521.493013710173,4521.368013710173,4521.618013710173,967,1124,1046
4522.41788748192,4522.29288748192,4522.54288748192,1512,1599,1556
4526.511111519976,4526.136111519976,4526.886111519976,719,1472,1096
4526.301284305258,4526.176284305258,4526.426284305258,1274,701,988
4526.365522917011,4526.240522917011,4526.490522917011,778,2333,1556
4525.120799804747,4524.870799804747,4525.370799804747,2466,965,1716
4525.540952513369,4525.415952513369,4525.665952513369,1945,684,1315
4527.318828325298,4527.193828325298,4527.443828325298,2202,805,1504
4524.183907917005,4523.808907917005,4524.558907917005,945,1010,978
4522.43681576323,4522.31181576323,4522.56181576323,712,1761,1237
4525.219190443801,4524.969190443801,4525.469190443801,1352,945,1149
4530.3832842114325,4530.0082842114325,4530.7582842114325,2641,1344,1993
4528.572615885646,4528.447615885646,4528.697615885646,1971,854,1413
4529.257444430213,4529.132444430213,4529.382444430213,1443,518,981
4529.473247563973,4529.348247563973,4529.598247563973,1043,2170,1607
4528.8105183653515,4528.6855183653515,4528.9355183653515,1262,1923,1593
4528.462152717843,4528.337152717843,4528.587152717843,1339,2478,1909
4529.646214097422,4529.396214097422,4529.896214097422,1063,1478,1271
4528.753878459441,4528.378878459441,4529.128878459441,1722,661,1192
4529.4743064817685,4529.2243064817685,4529.7243064817685,510,1161,836
4533.436213947997,4533.186213947997,4533.686213947997,1012,1117,1065
4537.256136206441,4537.131136206441,4537.381136206441,1239,2082,1661
4539.878848834788,4539.753848834788,4540.003848834788,1510,641,1076
4537.448601027603,4537.323601027603,4537.573601027603,1104,1137,1121
4536.248634521307,4536.123634521307,4536.373634521307,1021,1458,1240
4538.043448337763,4537.918448337763,4538.168448337763,1620,1053,1337
4539.350265435171,4539.225265435171,4539.475265435171,2232,1027,1630
4538.416107544034,4538.291107544034,4538.541107544034,2847,1132,1990
4539.890413815434,4539.640413815434,4540.140413815434,847,1116,982
4543.879723576559,4543.754723576559,4544.004723576559,1849,1054,1452
4546.7559215050205,4546.6309215050205,4546.8809215050205,782,1969,1376
4545.818963476677,4545.693963476677,4545.943963476677,958,2291,1625
4544.115207755533,4543.865207755533,4544.365207755533,1970,1209,1590
4545.3749648983285,4545.2499648983285,4545.4999648983285,854,1597,1226
4546.913431468102,4546.538431468102,4547.288431468102,2092,819,1456
4545.300669134874,4545.175669134874,4545.425669134874,1567,1608,1588
4548.197307617335,4547.947307617335,4548.447307617335,1108,1091,1100
4550.686151261784,4550.561151261784,4550.811151261784,2378,1495,1937
4547.882630894078,4547.632630894078,4548.132630894078,1612,1131,1372
4543.304660063399,4543.054660063399,4543.554660063399,1852,1247,1550
4543.116552021496,4542.866552021496,4543.366552021496,574,1137,856
4541.502306442524,4541.377306442524,4541.627306442524,1792,1221,1507
4541.141535511254,4541.016535511254,4541.266535511254,1595,2174,1885
4544.255294724131,4544.130294724131,4544.380294724131,1607,1952,1780
4544.372843610476,4543.997843610476,4544.747843610476,995,1252,1124
4546.906894943434,4546.656894943434,4547.156894943434,1230,2073,1652
4544.726261657985,4544.601261657985,4544.851261657985,1002,1119,1061
4545.793732085225,4545.668732085225,4545.918732085225,810,1713,1262
4548.0496696534865,4547.9246696534865,4548.1746696534865,1230,2095,1663
4545.302152185371,4545.177152185371,4545.427152185371,2234,1103,1669
4545.289095095735,4545.164095095735,4545.414095095735,1231,788,1010
4546.231212470714,4545.981212470714,4546.481212470714,1151,830,991
4547.066146721222,4546.691146721222,4547.441146721222,985,722,854
4545.441266932254,4545.191266932254,4545.691266932254,2586,877,1732
4540.421024290252,4540.296024290252,4540.546024290252,840,2189,1515
4541.802872359728,4541.677872359728,4541.927872359728,921,964,943
4539.711864886054,4539.586864886054,4539.836864886054,1124,2309,1717
4535.9698307803,4535.7198307803,4536.2198307803,1107,600,854
4538.490140323785,4538.365140323785,4538.615140323785,646,1627,1137
4536.653787204232,4536.528787204232,4536.778787204232,2183,1508,1846
4535.176786247876,4535.051786247876,4535.301786247876,796,2313,1555
4535.533154399203,4535.408154399203,4535.658154399203,856,1457,1157
4536.964437062134,4536.714437062134,4537.214437062134,1460,1755,1608
4535.579916375101,4535.454916375101,4535.704916375101,938,849,894
4534.476419481991,4534.351419481991,4534.601419481991,2691,966,1829
4534.4060626805685,4534.2810626805685,4534.5310626805685,1746,1471,1609
4532.620530674984,4532.245530674984,4532.995530674984,2344,957,1651
4534.703487815896,4534.578487815896,4534.828487815896,973,826,900
4537.497545970396,4537.372545970396,4537.622545970396,1498,1257,1378
4539.869888745854,4539.619888745854,4540.119888745854,679,1114,897
4538.822475176253,4538.697475176253,4538.947475176253,1755,2242,1999
4540.641560034309,4540.391560034309,4540.891560034309,1082,1995,1539
4542.059714704193,4541.934714704193,4542.184714704193,1545,850,1198
4546.243692830658,4545.993692830658,4546.493692830658,896,1291,1094
4547.057341204032,4546.682341204032,4547.432341204032,1468,797,1133
4549.462479008371,4549.212479008371,4549.712479008371,1159,708,934
4547.8091034073705,4547.6841034073705,4547.9341034073705,1652,2311,1982
4547.722368808381,4547.597368808381,4547.847368808381,2085,1170,1628
4549.55958106038,4549.43458106038,4549.68458106038,1305,1270,1288
4549.445462680379,4549.195462680379,4549.695462680379,1113,2636,1875
4548.561921007727,4548.311921007727,4548.811921007727,2238,1469,1854
4548.572711907222,4548.197711907222,4548.947711907222,1069,1058,1064
4553.315370445901,4553.190370445901,4553.440370445901,1118,2199,1659
4555.638585785835,4555.513585785835,4555.763585785835,806,881,844
4555.926115828777,4555.801115828777,4556.051115828777,2236,1595,1916
4554.7958234465705,4554.6708234465705,4554.9208234465705,1079,1702,1391
4554.913187178467,4554.538187178467,4555.288187178467,1098,1453,1276
4555.501477759964,4555.376477759964,4555.626477759964,1579,1638,1609
4556.799076361937,4556.674076361937,4556.924076361937,579,1250,915
4555.840825258718,4555.465825258718,4556.215825258718,1220,2417,1819
4555.373487901977,4555.248487901977,4555.498487901977,1525,576,1051
4558.034131561712,4557.909131561712,4558.159131561712,1946,681,1314
4557.461316426211,4557.336316426211,4557.586316426211,1471,1466,1469
4562.0213355237975,4561.8963355237975,4562.1463355237975,1643,1300,1472
4561.535218941821,4561.410218941821,4561.660218941821,1570,643,1107
4563.236317568754,4563.111317568754,4563.361317568754,742,1191,967
4567.799638877667,4567.549638877667,4568.049638877667,1569,814,1192
4569.960021553932,4569.710021553932,4570.210021553932,760,2055,1408
4565.128763822496,4564.753763822496,4565.503763822496,857,1234,1046
4564.9499343889,4564.8249343889,4565.0749343889,1792,999,1396
4560.046859504967,4559.921859504967,4560.171859504967,1432,1721,1577
4558.620663423654,4558.495663423654,4558.745663423654,2278,1455,1867
4557.828198317557,4557.578198317557,4558.078198317557,880,2431,1656
4557.998248230287,4557.748248230287,4558.248248230287,2075,1474,1775
4556.991058499372,4556.741058499372,4557.241058499372,873,958,916
4557.375886976126,4557.125886976126,4557.625886976126,1382,853,1118
4553.934023375756,4553.809023375756,4554.059023375756,649,1842,1246
4554.823222394726,4554.698222394726,4554.948222394726,919,1090,1005
4552.732067364003,4552.482067364003,4552.982067364003,2045,1050,1548
4553.94898664513,4553.82398664513,4554.07398664513,985,1770,1378
4559.998649374722,4559.873649374722,4560.123649374722,2101,1786,1944
4559.165089078546,4558.915089078546,4559.415089078546,2328,793,1561
4559.646562480307,4559.396562480307,4559.896562480307,602,1113,858
4559.183527893779,4558.933527893779,4559.433527893779,949,2724,1837
4557.2657976413075,4557.1407976413075,4557.3907976413075,856,1341,1099
4551.390791478017,4551.140791478017,4551.640791478017,1854,1683,1769
4550.522542676935,4550.397542676935,4550.647542676935,1250,2321,1786
4548.759068108531,4548.634068108531,4548.884068108531,1040,2287,1664
4545.953638683183,4545.828638683183,4546.078638683183,1861,2046,1954
4545.34628077793,4545.22128077793,4545.47128077793,1878,835,1357
4545.724346327855,4545.599346327855,4545.849346327855,1317,1398,1358
4544.7924891769335,4544.6674891769335,4544.9174891769335,728,1317,1023
4541.432230758996,4541.057230758996,4541.807230758996,1565,828,1197
4542.11042013597,4541.86042013597,4542.36042013597,1540,1659,1600
4539.336977472314,4538.961977472314,4539.711977472314,1608,2065,1837
4539.037692588113,4538.912692588113,4539.162692588113,2065,1516,1791
4539.108129043837,4538.983129043837,4539.233129043837,1721,694,1208
4537.114240001476,4536.989240001476,4537.239240001476,1002,2699,1851
4536.927305438821,4536.802305438821,4537.052305438821,756,1555,1156
4534.805787368877,4534.680787368877,4534.930787368877,2168,985,1577
4536.129469664166,4536.004469664166,4536.254469664166,793,1542,1168
4539.137312378664,4539.012312378664,4539.262312378664,1211,970,1091
4541.6798527671535,4541.3048527671535,4542.0548527671535,683,1790,1237
4546.075549310559,4545.950549310559,4546.200549310559,1218,1679,1449
4543.358409233328,4543.233409233328,4543.483409233328,1013,2872,1943
4541.156656250048,4540.906656250048,4541.406656250048,926,1215,1071
4540.6616632508685,4540.5366632508685,4540.7866632508685,841,1814,1328
4539.7388697276765,4539.4888697276765,4539.9888697276765,1102,1045,1074
4540.599097061348,4540.474097061348,4540.724097061348,1093,1500,1297
4540.399402163722,4540.274402163722,4540.524402163722,700,1243,972
4541.046998082138,4540.796998082138,4541.296998082138,932,2097,1515
4540.591600888098,4540.466600888098,4540.716600888098,567,1486,1027
4537.394891079471,4537.144891079471,4537.644891079471,1167,678,923
4538.2443165405975,4537.9943165405975,4538.4943165405975,2190,1567,1879
4535.347721911717,4535.222721911717,4535.472721911717,529,1340,935
4537.659252504299,4537.409252504299,4537.909252504299,572,1155,864
4536.381934031138,4536.131934031138,4536.631934031138,1113,2534,1824
4536.7443892046385,4536.4943892046385,4536.9943892046385,593,1722,1158
4534.825678122987,4534.700678122987,4534.950678122987,779,1086,933
4534.053972991703,4533.928972991703,4534.178972991703,1104,857,981
4534.153726895133,4533.903726895133,4534.403726895133,1761,916,1339
4533.395042545527,4533.270042545527,4533.520042545527,1694,2181,1938
4534.031114909647,4533.656114909647,4534.406114909647,743,1596,1170
4537.679863712478,4537.304863712478,4538.054863712478,1300,755,1028
4537.056751060078,4536.806751060078,4537.306751060078,1113,1512,1313
4535.526269812129,4535.401269812129,4535.651269812129,1119,824,972
4533.571498246371,4533.446498246371,4533.696498246371,1305,2422,1864
4536.621866069538,4536.496866069538,4536.746866069538,972,1017,995
4536.853025296504,4536.728025296504,4536.978025296504,1559,1096,1328
4538.648526421007,4538.523526421007,4538.773526421007,911,1026,969
4540.325599912734,4540.200599912734,4540.450599912734,1394,1869,1632
4541.029591723019,4540.904591723019,4541.154591723019,2059,792,1426
4539.631067476033,4539.381067476033,4539.881067476033,767,2266,1517
4541.850642523876,4541.725642523876,4541.975642523876,741,1262,1002
4545.840734969386,4545.715734969386,4545.965734969386,1157,1356,1257
4542.861468887122,4542.736468887122,4542.986468887122,2054,767,1411
4543.351484814895,4543.226484814895,4543.476484814895,687,1662,1175
4545.119278089787,4544.869278089787,4545.369278089787,1786,2071,1929
4547.255127293048,4547.130127293048,4547.380127293048,629,1238,934
4547.4071556251965,4547.1571556251965,4547.6571556251965,2267,1474,1871
4547.997472323885,4547.872472323885,4548.122472323885,1339,2298,1819
4551.312101407592,4551.062101407592,4551.562101407592,1975,1332,1654
4547.986756629457,4547.736756629457,4548.236756629457,2624,1309,1967
4549.610376396311,4549.485376396311,4549.735376396311,851,1928,1390
4550.691867701237,4550.566867701237,4550.816867701237,1003,742,873
4547.40185501368,4547.27685501368,4547.52685501368,887,1450,1169
4548.544556549645,4548.294556549645,4548.794556549645,1238,2121,1680
4550.706753422098,4550.581753422098,4550.831753422098,813,830,822
4547.31849848082,4547.19349848082,4547.44349848082,673,1676,1175
4542.756363166845,4542.506363166845,4543.006363166845,1380,465,923
4541.7242860336,4541.5992860336,4541.8492860336,1495,1384,1440
4543.518136642349,4543.393136642349,4543.643136642349,1429,984,1207
4543.482025267911,4543.357025267911,4543.607025267911,1443,2186,1815
4541.985916517486,4541.860916517486,4542.110916517486,1343,2098,1721
4540.0311733974395,4539.9061733974395,4540.1561733974395,862,1939,1401
4544.870939117598,4544.495939117598,4545.245939117598,967,1870,1419
4549.502638132028,4549.377638132028,4549.627638132028,2122,1149,1636
4550.797926364626,4550.672926364626,4550.922926364626,836,2339,1588
4547.231008335458,4547.106008335458,4547.356008335458,2184,1515,1850
4546.591782148285,4546.466782148285,4546.716782148285,1088,935,1012
4541.238395003596,4540.988395003596,4541.488395003596,1163,1340,1252
4546.456030943538,4546.331030943538,4546.581030943538,1309,900,1105
4537.355393467281,4537.230393467281,4537.480393467281,1440,1231,1336
4535.02437586591,4534.89937586591,4535.14937586591,1955,1022,1489
4531.13539656738,4531.01039656738,4531.26039656738,1001,1214,1108
4531.06414954676,4530.81414954676,4531.31414954676,924,1941,1433
4529.412192930828,4529.287192930828,4529.537192930828,2315,1114,1715
4524.410583925264,4524.285583925264,4524.535583925264,1342,877,1110
4524.296216079208,4524.046216079208,4524.546216079208,1435,1196,1316
4522.407197648432,4522.282197648432,4522.532197648432,2078,1669,1874
4519.207966769476,4518.957966769476,4519.457966769476,737,1128,933
4523.460361026484,4523.210361026484,4523.710361026484,874,967,921
4522.81993136658,4522.56993136658,4523.06993136658,771,1558,1165
4522.4416414826555,4522.1916414826555,4522.6916414826555,1064,1171,1118
4521.296749414358,4521.171749414358,4521.421749414358,1461,742,1102
4519.720898812007,4519.595898812007,4519.845898812007,574,1437,1006
4517.442982652179,4517.317982652179,4517.567982652179,1388,791,1090
4516.500753009772,4516.375753009772,4516.625753009772,1337,2592,1965
4517.073350390782,4516.823350390782,4517.323350390782,1019,2648,1834
4513.811423734557,4513.686423734557,4513.936423734557,945,1886,1416
4503.908625614178,4503.533625614178,4504.283625614178,1440,877,1159
4498.127047733927,4498.002047733927,4498.252047733927,1588,1255,1422
4503.656793095643,4503.531793095643,4503.781793095643,2189,940,1565
4503.961200226066,4503.711200226066,4504.211200226066,1625,1274,1450
4504.596018254311,4504.346018254311,4504.846018254311,2424,1293,1859
4505.951947246069,4505.576947246069,4506.326947246069,1263,1714,1489
4503.507683422342,4503.257683422342,4503.757683422342,2407,1016,1712
4498.4479908614385,4498.1979908614385,4498.6979908614385,597,1626,1112
4501.540887204522,4501.415887204522,4501.665887204522,1901,1524,1713
4502.902911102748,4502.652911102748,4503.152911102748,690,1065,878
4500.1149467890455,4499.9899467890455,4500.2399467890455,778,1121,950
4505.12482671483,4504.99982671483,4505.24982671483,616,1809,1213
4501.098557533697,4500.848557533697,4501.348557533697,1261,1752,1507
4502.740396674139,4502.490396674139,4502.990396674139,944,1039,992
4498.171256126979,4497.921256126979,4498.421256126979,818,1981,1400
4501.226802513468,4500.976802513468,4501.476802513468,1718,849,1284
4500.689508149401,4500.564508149401,4500.814508149401,1776,2065,1921
4503.740817748275,4503.615817748275,4503.865817748275,825,1524,1175
4502.78226989857,4502.65726989857,4502.90726989857,1919,1500,1710
4502.887300900826,4502.637300900826,4503.137300900826,709,1304,1007
4511.303514772093,4511.178514772093,4511.428514772093,978,1897,1438
4508.019980382945,4507.894980382945,4508.144980382945,1509,1118,1314
4504.6735030992295,4504.4235030992295,4504.9235030992295,2071,1086,1579
4506.571225390029,4506.321225390029,4506.821225390029,1521,1510,1516
4508.906459805705,4508.781459805705,4509.031459805705,982,1461,1222
4513.943205187111,4513.818205187111,4514.068205187111,779,1704,1242
4515.656040301941,4515.406040301941,4515.906040301941,1560,1199,1380
4512.0061398668,4511.7561398668,4512.2561398668,1584,2327,1956
4511.002394558302,4510.752394558302,4511.252394558302,1848,1195,1522
4508.400725584796,4508.150725584796,4508.650725584796,1673,920,1297
4506.1452073633145,4506.0202073633145,4506.2702073633145,1467,1664,1566
4507.216127532329,4506.966127532329,4507.466127532329,798,963,881
4510.167964254992,4509.792964254992,4510.542964254992,1287,1776,1532
4507.997909740863,4507.872909740863,4508.122909740863,590,1037,814
4506.166511865622,4506.041511865622,4506.291511865622,1119,612,866
4505.687908879766,4505.562908879766,4505.812908879766,1048,1889,1469
4506.047133462081,4505.922133462081,4506.172133462081,667,1832,1250
4508.826979990031,4508.576979990031,4509.076979990031,1667,770,1219
4503.58715080973,4503.33715080973,4503.83715080973,2133,1046,1590
4506.44324381003,4506.31824381003,4506.56824381003,1122,2433,1778
4509.988918192657,4509.863918192657,4510.113918192657,1789,908,1349
4506.7053734385945,4506.5803734385945,4506.8303734385945,976,937,957
4502.232269614731,4502.107269614731,4502.357269614731,840,1597,1219
4504.72583736454,4504.60083736454,4504.85083736454,637,1368,1003
4502.10007677696,4501.72507677696,4502.47507677696,1047,2040,1544
4505.047638789012,4504.797638789012,4505.297638789012,1776,931,1354
4504.958980245355,4504.708980245355,4505.208980245355,1383,532,958
4506.071459065392,4505.821459065392,4506.321459065392,1170,563,867
4504.94037990877,4504.56537990877,4505.31537990877,1556,689,1123
4507.294417817011,4506.919417817011,4507.669417817011,2050,1175,1613
4505.630615248023,4505.505615248023,4505.755615248023,735,1538,1137
4501.854050840421,4501.729050840421,4501.979050840421,2180,963,1572
4501.508953000674,4501.258953000674,4501.758953000674,2018,1577,1798
4498.19292221069,4498.06792221069,4498.31792221069,1226,1563,1395
4494.586483322198,4494.461483322198,4494.711483322198,1300,1819,1560
4495.464525469104,4495.339525469104,4495.589525469104,586,1417,1002
4492.353343017941,4492.228343017941,4492.478343017941,1092,1357,1225
4493.747454024641,4493.622454024641,4493.872454024641,2048,1247,1648
4500.331669116782,4499.956669116782,4500.706669116782,947,828,888
4499.449679611917,4499.199679611917,4499.699679611917,934,2707,1821
4498.804541900424,4498.429541900424,4499.179541900424,1002,1977,1490
4498.398188145794,4498.148188145794,4498.648188145794,1094,919,1007
4499.866058475971,4499.741058475971,4499.991058475971,1024,1619,1322
4501.67173254522,4501.54673254522,4501.79673254522,1004,1929,1467
4496.949725081524,4496.824725081524,4497.074725081524,1357,458,908
4504.265397178339,4504.140397178339,4504.390397178339,1185,1644,1415
4505.837580844335,4505.712580844335,4505.962580844335,937,1580,1259
4505.895478011869,4505.770478011869,4506.020478011869,2200,1487,1844
4509.938078586193,4509.813078586193,4510.063078586193,658,1493,1076
4511.586582896585,4511.461582896585,4511.711582896585,1634,1471,1553
4512.957523586026,4512.832523586026,4513.082523586026,2225,1340,1783
4512.734040297655,4512.609040297655,4512.859040297655,1074,1727,1401
4508.675124043402,4508.550124043402,4508.800124043402,1577,2324,1951
4504.317265618006,4504.192265618006,4504.442265618006,2056,1523,1790
4497.946097336951,4497.821097336951,4498.071097336951,1876,743,1310
4497.288939689726,4497.163939689726,4497.413939689726,635,996,816
4494.695406578974,4494.445406578974,4494.945406578974,1165,492,829
4488.992539713416,4488.742539713416,4489.242539713416,1137,2286,1712
4487.474904667293,4487.349904667293,4487.599904667293,2027,1028,1528
4487.133794027694,4486.758794027694,4487.508794027694,1189,1104,1147
4491.083326748186,4490.958326748186,4491.208326748186,1519,1010,1265
4495.667021659295,4495.417021659295,4495.917021659295,1748,1297,1523
4501.49296332023,4501.36796332023,4501.61796332023,1774,1601,1688
4502.7555996886795,4502.6305996886795,4502.8805996886795,888,2503,1696
4506.0081386877155,4505.8831386877155,4506.1331386877155,2541,1044,1793
4496.380930037966,4496.130930037966,4496.630930037966,1648,1021,1335
4494.971097489705,4494.846097489705,4495.096097489705,2606,997,1802
4497.705829352554,4497.455829352554,4497.955829352554,939,1084,1012
4496.683272653945,4496.558272653945,4496.808272653945,1180,805,993
4495.810874904115,4495.560874904115,4496.060874904115,766,2075,1421
4494.017468420635,4493.892468420635,4494.142468420635,1434,655,1045
4495.553240881959,4495.428240881959,4495.678240881959,1718,951,1335
4500.450840659351,4500.075840659351,4500.825840659351,2050,809,1430
4496.904236866667,4496.779236866667,4497.029236866667,575,1486,1031
4491.636538624685,4491.511538624685,4491.761538624685,2588,1359,1974
4492.697636503201,4492.447636503201,4492.947636503201,1199,746,973
4489.513919573199,4489.388919573199,4489.638919573199,705,1180,943
4489.730288191197,4489.605288191197,4489.855288191197,2587,894,1741
4489.794573200042,4489.669573200042,4489.919573200042,1989,1608,1799
4487.831597931169,4487.706597931169,4487.956597931169,1826,1317,1572
4494.2965501312265,4494.1715501312265,4494.4215501312265,2021,1670,1846
4493.602901906842,4493.477901906842,4493.727901906842,1365,1248,1307
4491.723575358253,4491.473575358253,4491.973575358253,1162,1239,1201
4496.689622582398,4496.564622582398,4496.814622582398,1315,524,920
4498.846911416959,4498.596911416959,4499.096911416959,1528,769,1149
4503.075082345612,4502.825082345612,4503.325082345612,1443,2350,1897
4507.157975634441,4506.782975634441,4507.532975634441,1525,1998,1762
4499.783567637674,4499.533567637674,4500.033567637674,1495,1708,1602
4501.823671105727,4501.573671105727,4502.073671105727,1364,1691,1528
4504.03120997233,4503.78120997233,4504.28120997233,928,1449,1189
4507.180857107131,4507.055857107131,4507.305857107131,1008,1565,1287
4504.477764232411,4504.352764232411,4504.602764232411,1660,1919,1790
4506.221757183074,4506.096757183074,4506.346757183074,551,1088,820
4506.313575161483,4506.188575161483,4506.438575161483,1597,1498,1548
4504.9957769129605,4504.7457769129605,4505.2457769129605,823,968,896
4504.659560365968,4504.534560365968,4504.784560365968,1235,2204,1720
4505.719836762611,4505.594836762611,4505.844836762611,1036,1079,1058
4506.061937834764,4505.936937834764,4506.186937834764,898,1197,1048
4504.799924969118,4504.549924969118,4505.049924969118,1605,1362,1484
4502.886871841306,4502.761871841306,4503.011871841306,2445,1132,1789
4501.594980051194,4501.344980051194,4501.844980051194,2329,1100,1715
4502.464871794645,4502.339871794645,4502.589871794645,2165,1558,1862
4503.297931738594,4503.047931738594,4503.547931738594,542,1259,901
4505.382045585125,4505.257045585125,4505.507045585125,1318,1445,1382
4508.272603693738,4508.022603693738,4508.522603693738,1926,1421,1674
4503.822194409274,4503.572194409274,4504.072194409274,1683,1702,1693
4510.9570787818975,4510.5820787818975,4511.3320787818975,972,2245,1609
4516.1339615970255,4515.7589615970255,4516.5089615970255,1076,2253,1665
4509.211588786655,4508.961588786655,4509.461588786655,502,1207,855
4508.417434658775,4508.042434658775,4508.792434658775,2670,1213,1942
4509.773749161036,4509.523749161036,4510.023749161036,1573,882,1228
4517.644822508669,4517.519822508669,4517.769822508669,938,2435,1687
4518.38668105658,4518.26168105658,4518.51168105658,982,1087,1035
4519.359861137246,4518.984861137246,4519.734861137246,1477,1312,1395
4523.96186494623,4523.83686494623,4524.08686494623,1075,1676,1376
4526.85025361426,4526.72525361426,4526.97525361426,870,1819,1345
4524.21273128738,4523.96273128738,4524.46273128738,1082,1607,1345
4524.361211778372,4524.236211778372,4524.486211778372,959,1020,990
4524.686425132852,4524.561425132852,4524.811425132852,1209,758,984
4522.440213059818,4522.190213059818,4522.690213059818,2249,1050,1650
4525.9084452605875,4525.7834452605875,4526.0334452605875,2725,998,1862
4530.173875075806,4529.923875075806,4530.423875075806,597,1236,917
4532.237991804947,4532.112991804947,4532.362991804947,2899,986,1943
4529.570799964117,4529.320799964117,4529.820799964117,1773,972,1373
4533.764476355352,4533.639476355352,4533.889476355352,829,964,897
4534.655338817775,4534.530338817775,4534.780338817775,1369,1690,1530
4529.628358921685,4529.503358921685,4529.753358921685,1170,1263,1217
4533.516834456667,4533.266834456667,4533.766834456667,1055,1748,1402
4542.278351812387,4541.903351812387,4542.653351812387,894,1445,1170
4535.581568103786,4535.456568103786,4535.706568103786,1597,914,1256
4535.386169564908,4535.261169564908,4535.511169564908,2088,1677,1883
4537.458018994422,4537.208018994422,4537.708018994422,2512,1167,1840
4536.3616980302895,4536.2366980302895,4536.4866980302895,1073,1330,1202
4536.956320108597,4536.706320108597,4537.206320108597,638,1657,1148
4533.4438855032395,4533.3188855032395,4533.5688855032395,1696,1465,1581
4533.231180798245,4533.106180798245,4533.356180798245,936,1177,1057
4534.369797076295,4534.119797076295,4534.619797076295,2062,1151,1607
4532.415586723166,4532.165586723166,4532.665586723166,858,2055,1457
4533.603475361142,4533.353475361142,4533.853475361142,1093,804,949
4532.950918410742,4532.700918410742,4533.200918410742,953,2042,1498
4537.837175540889,4537.712175540889,4537.962175540889,993,1860,1427
4538.981122513675,4538.731122513675,4539.231122513675,1120,635,878
4541.140876878532,4541.015876878532,4541.265876878532,1587,840,1214
4551.136139000746,4551.011139000746,4551.261139000746,2417,1434,1926
4555.784044745842,4555.409044745842,4556.159044745842,2626,937,1782
4558.67694500802,4558.42694500802,4558.92694500802,1202,2353,1778
4557.374821675654,4557.249821675654,4557.499821675654,850,1429,1140
4557.547622694595,4557.422622694595,4557.672622694595,991,1390,1191
4557.556785056009,4557.431785056009,4557.681785056009,2374,1545,1960
4554.409411419398,4554.284411419398,4554.534411419398,2617,1238,1928
4558.344947120376,4558.219947120376,4558.469947120376,1666,771,1219
4561.474958868977,4561.224958868977,4561.724958868977,2879,1108,1994
4560.142546884971,4560.017546884971,4560.267546884971,911,1340,1126
4559.432624973735,4559.307624973735,4559.557624973735,604,1395,1000
4560.1750606468095,4560.0500606468095,4560.3000606468095,1461,802,1132
4554.684146969244,4554.559146969244,4554.809146969244,661,1942,1302
4557.688781124653,4557.438781124653,4557.938781124653,2311,1504,1908
4554.213517823009,4554.088517823009,4554.338517823009,1025,640,833
4559.699156723917,4559.449156723917,4559.949156723917,814,2253,1534
4557.451643829755,4557.201643829755,4557.701643829755,1868,2121,1995
4557.631242866227,4557.381242866227,4557.881242866227,2233,1242,1738
4564.88911084195,4564.76411084195,4565.01411084195,2261,1704,1983
4564.816188351279,4564.566188351279,4565.066188351279,1439,1624,1532
4566.595406864001,4566.345406864001,4566.845406864001,1245,854,1050
4568.5191966645625,4568.3941966645625,4568.6441966645625,1125,2838,1982
4568.4086088360045,4568.1586088360045,4568.6586088360045,1025,1182,1104
4566.3783319242475,4566.1283319242475,4566.6283319242475,1109,1700,1405
4555.926953036015,4555.676953036015,4556.176953036015,2054,1391,1723
4556.016812652899,4555.641812652899,4556.391812652899,1841,808,1325
4554.630544171939,4554.505544171939,4554.755544171939,1760,1281,1521
4559.485405699055,4559.110405699055,4559.860405699055,1238,2167,1703
4559.733345705348,4559.358345705348,4560.108345705348,1157,514,836
4559.6028890888865,4559.4778890888865,4559.7278890888865,713,1630,1172
4560.192662278542,4560.067662278542,4560.317662278542,1211,1620,1416
4558.746005638031,4558.621005638031,4558.871005638031,1979,1296,1638
4557.79298144098,4557.66798144098,4557.91798144098,1302,1927,1615
4556.573181094828,4556.198181094828,4556.948181094828,629,1230,930
4551.468287882338,4551.218287882338,4551.718287882338,1860,899,1380
4546.047058159641,4545.797058159641,4546.297058159641,2272,1333,1803
4546.554571475855,4546.429571475855,4546.679571475855,576,1361,969
4539.553462370164,4539.428462370164,4539.678462370164,1189,510,850
4545.663725697299,4545.538725697299,4545.788725697299,705,1038,872
4549.458500743679,4549.333500743679,4549.583500743679,705,1376,1041
4545.637509116438,4545.512509116438,4545.762509116438,1842,1939,1891
4544.356509265851,4544.231509265851,4544.481509265851,2038,761,1400
4546.880765951263,4546.630765951263,4547.130765951263,509,1252,881
4549.570053739091,4549.445053739091,4549.695053739091,1372,1755,1564
4546.0357674958805,4545.7857674958805,4546.2857674958805,1257,854,1056
4542.555868435257,4542.305868435257,4542.805868435257,568,1331,950
4536.263153436383,4536.138153436383,4536.388153436383,1651,932,1292
4540.5017149164305,4540.3767149164305,4540.6267149164305,1859,1018,1439
4542.316890284386,4541.941890284386,4542.691890284386,601,1070,836
4538.3058108091855,4538.0558108091855,4538.5558108091855,1425,1212,1319
4543.69621286279,4543.44621286279,4543.94621286279,1264,649,957
4538.532034363367,4538.407034363367,4538.657034363367,1198,857,1028
4540.426623303538,4540.301623303538,4540.551623303538,1693,826,1260
4544.193313306568,4543.943313306568,4544.443313306568,2352,1435,1894
4541.683424869494,4541.558424869494,4541.808424869494,1416,2573,1995
4543.377710737819,4543.252710737819,4543.502710737819,829,1698,1264
4544.797709750284,4544.547709750284,4545.047709750284,660,1045,853
4542.364765167892,4542.114765167892,4542.614765167892,916,1235,1076
4547.149746290466,4546.899746290466,4547.399746290466,1539,2156,1848
4555.4460139288485,4555.3210139288485,4555.5710139288485,1803,1944,1874
4545.396541092486,4545.271541092486,4545.521541092486,1527,574,1051
4543.435564628861,4543.185564628861,4543.685564628861,2285,1104,1695
4553.576295340258,4553.451295340258,4553.701295340258,2132,1027,1580
4552.3931313426,4552.2681313426,4552.5181313426,1408,2017,1713
4553.563990570885,4553.313990570885,4553.813990570885,520,1407,964
4553.606135756233,4553.481135756233,4553.731135756233,1658,1071,1365
4556.201622608646,4556.076622608646,4556.326622608646,2132,1515,1824
4554.243071572148,4553.868071572148,4554.618071572148,1343,984,1164
4549.124076223779,4548.999076223779,4549.249076223779,2458,1015,1737
4551.152088183821,4551.027088183821,4551.277088183821,1721,1594,1658
4553.227715282418,4552.977715282418,4553.477715282418,833,1164,999
4561.143420635896,4561.018420635896,4561.268420635896,1803,884,1344
4563.965926008052,4563.840926008052,4564.090926008052,2455,1182,1819
4566.552150783181,4566.427150783181,4566.677150783181,1403,836,1120
4562.637267865517,4562.512267865517,4562.762267865517,2842,993,1918
4559.016402103924,4558.641402103924,4559.391402103924,834,1211,1023
4560.83349328362,4560.70849328362,4560.95849328362,1244,2005,1625
4556.600293009022,4556.475293009022,4556.725293009022,1320,1119,1220
4558.937759443325,4558.812759443325,4559.062759443325,554,1323,939
4562.262546991461,4562.012546991461,4562.512546991461,1659,852,1256
4568.799272652129,4568.549272652129,4569.049272652129,1158,2725,1942
4565.483178364247,4565.233178364247,4565.733178364247,2093,1116,1605
4568.213727281476,4568.088727281476,4568.338727281476,860,765,813
4563.456825269854,4563.331825269854,4563.581825269854,762,1603,1183
4564.01408911211,4563.88908911211,4564.13908911211,1361,2110,1736
4565.032379864489,4564.782379864489,4565.282379864489,1087,1978,1533
4564.633799123068,4564.508799123068,4564.758799123068,1099,1308,1204
4563.518346002697,4563.393346002697,4563.643346002697,2444,1227,1836
4561.776301585745,4561.651301585745,4561.901301585745,1927,1000,1464
4561.9852272982025,4561.8602272982025,4562.1102272982025,951,1278,1115
4558.510088483567,4558.260088483567,4558.760088483567,2863,1004,1934
4555.970442423084,4555.845442423084,4556.095442423084,1351,2454,1903
4549.969683622205,4549.844683622205,4550.094683622205,2110,1619,1865
4555.985319199393,4555.860319199393,4556.110319199393,756,1787,1272
4559.755334336474,4559.505334336474,4560.005334336474,471,1224,848
4563.41461592608,4563.28961592608,4563.53961592608,2664,1133,1899
4566.8682595723085,4566.7432595723085,4566.9932595723085,526,1279,903
4563.462355499317,4563.337355499317,4563.587355499317,1598,741,1170
4557.11912799017,4556.99412799017,4557.24412799017,1093,2592,1843
4555.345140587489,4555.095140587489,4555.595140587489,1674,1539,1607
4554.031145069706,4553.906145069706,4554.156145069706,822,1417,1120
4558.259824477667,4558.134824477667,4558.384824477667,1862,1893,1878
4567.998840138978,4567.873840138978,4568.123840138978,1571,1302,1437
4563.375745139413,4563.250745139413,4563.500745139413,1070,1071,1071
4556.426420537312,4556.176420537312,4556.676420537312,1856,941,1399
4559.062210712222,4558.937210712222,4559.187210712222,808,903,856
4555.454164587124,4555.329164587124,4555.579164587124,2345,1340,1843
4546.612685323894,4546.362685323894,4546.862685323894,2599,922,1761
4549.690430902536,4549.315430902536,4550.065430902536,1812,665,1239
4549.062180654703,4548.937180654703,4549.187180654703,753,1346,1050
4549.3181365950595,4549.1931365950595,4549.4431365950595,2372,1051,1712
4548.568650487287,4548.443650487287,4548.693650487287,1189,1614,1402
4548.224875586122,4547.974875586122,4548.474875586122,1209,1192,1201
4547.2421414094015,4546.9921414094015,4547.4921414094015,773,1774,1274
4552.309217289764,4552.184217289764,4552.434217289764,1041,2002,1522
4549.7707753379655,4549.5207753379655,4550.0207753379655,2206,1087,1647
4550.516612049984,4550.391612049984,4550.641612049984,1164,1311,1238
4548.334679768386,4548.209679768386,4548.459679768386,2015,1342,1679
4544.8193898842765,4544.4443898842765,4545.1943898842765,839,2166,1503
4543.614596552659,4543.364596552659,4543.864596552659,1485,1238,1362
4543.377425594509,4543.252425594509,4543.502425594509,619,1656,1138
4542.274988454306,4542.024988454306,4542.524988454306,921,1620,1271
4537.8909448911745,4537.6409448911745,4538.1409448911745,1380,1931,1656
4548.079184182987,4547.954184182987,4548.204184182987,2568,1403,1986
4554.051190853049,4553.926190853049,4554.176190853049,1820,1615,1718
4550.436051363697,4550.186051363697,4550.686051363697,818,2413,1616
4542.4956246137335,4542.3706246137335,4542.6206246137335,2335,1352,1844
4542.8272749621865,4542.7022749621865,4542.9522749621865,1434,2477,1956
4543.336034735257,4543.086034735257,4543.586034735257,2048,791,1420
4545.716556664376,4545.591556664376,4545.841556664376,898,1481,1190
4533.395676542279,4533.270676542279,4533.520676542279,2295,1260,1778
4534.5743158015875,4534.4493158015875,4534.6993158015875,1617,1104,1361
4528.612292060498,4528.487292060498,4528.737292060498,522,1271,897
4527.63530309554,4527.51030309554,4527.76030309554,1141,1510,1326
4523.0837490035665,4522.9587490035665,4523.2087490035665,1363,638,1001
4522.547290253809,4522.297290253809,4522.797290253809,2463,1074,1769
4513.103184715697,4512.978184715697,4513.228184715697,1832,783,1308
4511.020263784259,4510.895263784259,4511.145263784259,1536,2451,1994
4515.066647476603,4514.941647476603,4515.191647476603,1250,595,923
4520.050549510422,4519.675549510422,4520.425549510422,2637,1164,1901
4518.702820808043,4518.452820808043,4518.952820808043,1665,1156,1411
4521.111618534239,4520.986618534239,4521.236618534239,2040,931,1486
4520.745902932694,4520.620902932694,4520.870902932694,627,1200,914
4517.01013696521,4516.76013696521,4517.26013696521,1048,873,961
4515.917664470009,4515.667664470009,4516.167664470009,1652,683,1168
4525.850973897225,4525.475973897225,4526.225973897225,1227,1656,1442
4526.390005082573,4526.265005082573,4526.515005082573,1597,1444,1521
4525.681011046876,4525.431011046876,4525.931011046876,1929,1422,1676
4523.96992812369,4523.59492812369,4524.34492812369,1714,1337,1526
4523.155785796287,4522.905785796287,4523.405785796287,904,1131,1018
4518.347569650384,4517.972569650384,4518.722569650384,735,1490,1113
4511.385670380562,4511.135670380562,4511.635670380562,1026,1537,1282
4516.882148989362,4516.757148989362,4517.007148989362,1417,1232,1325
4512.340124760562,4512.215124760562,4512.465124760562,1430,1423,1427
4503.207775002938,4502.957775002938,4503.457775002938,991,1424,1208
4509.158561435196,4508.783561435196,4509.533561435196,885,1618,1252
4508.6386207885225,4508.2636207885225,4509.0136207885225,1009,928,969
4510.833201917654,4510.708201917654,4510.958201917654,1066,851,959
4511.942009033801,4511.817009033801,4512.067009033801,1057,1266,1162
4513.542656772925,4513.292656772925,4513.792656772925,2250,1279,1765
4517.27438513162,4517.02438513162,4517.52438513162,1547,914,1231
4518.973325771146,4518.848325771146,4519.098325771146,2606,1221,1914
4517.069306647116,4516.694306647116,4517.444306647116,1878,1131,1505
4518.136110711483,4518.011110711483,4518.261110711483,859,1722,1291
4522.815478357695,4522.690478357695,4522.940478357695,1531,1532,1532
4525.284344046634,4525.159344046634,4525.409344046634,1359,1466,1413
4526.579897659975,4526.454897659975,4526.704897659975,2359,1394,1877
4525.4750924237105,4525.1000924237105,4525.8500924237105,2831,1124,1978
4523.271231617648,4523.146231617648,4523.396231617648,1031,1828,1430
4521.512780022856,4521.387780022856,4521.637780022856,2216,943,1580
4518.826152749688,4518.701152749688,4518.951152749688,2321,866,1594
4516.234232693341,4516.109232693341,4516.359232693341,658,987,823
4513.075150565046,4512.950150565046,4513.200150565046,1073,750,912
4512.2375335922325,4512.1125335922325,4512.3625335922325,863,1766,1315
4513.415532302549,4513.290532302549,4513.540532302549,921,1368,1145
4517.690906577053,4517.565906577053,4517.815906577053,1168,2427,1798
4516.40520368985,4516.28020368985,4516.53020368985,1900,893,1397
4520.853870958722,4520.728870958722,4520.978870958722,2019,730,1375
4521.485283963421,4521.360283963421,4521.610283963421,910,2193,1552
4518.397749442617,4518.272749442617,4518.522749442617,2410,899,1655
4525.879276025652,4525.754276025652,4526.004276025652,1755,588,1172
4526.981479242291,4526.856479242291,4527.106479242291,754,1651,1203
4527.440623253834,4527.190623253834,4527.690623253834,2384,917,1651
4523.0768475269415,4522.8268475269415,4523.3268475269415,948,2495,1722
4519.672396008617,4519.297396008617,4520.047396008617,1838,2103,1971
4516.1397443405185,4516.0147443405185,4516.2647443405185,592,1135,864
4506.268069834052,4506.143069834052,4506.393069834052,1752,1901,1827
4505.025276058354,4504.650276058354,4505.400276058354,1025,660,843
4497.649806756561,4497.524806756561,4497.774806756561,2005,1550,1778
4490.806592921548,4490.681592921548,4490.931592921548,1678,611,1145
4494.311275121776,4494.186275121776,4494.436275121776,959,1110,1035
4495.830933090799,4495.705933090799,4495.955933090799,1232,417,825
4492.73912490289,4492.36412490289,4493.11412490289,1636,1709,1673
4497.0977786910125,4496.9727786910125,4497.2227786910125,586,1331,959
4498.8757631939825,4498.6257631939825,4499.1257631939825,1936,817,1377
4499.956992340924,4499.831992340924,4500.081992340924,1529,2094,1812
4502.351067593116,4502.226067593116,4502.476067593116,738,993,866
4501.681800596802,4501.431800596802,4501.931800596802,1085,1458,1272
4507.469725861793,4507.219725861793,4507.719725861793,812,1419,1116
4504.537138992077,4504.412138992077,4504.662138992077,1212,2119,1666
4506.035440396203,4505.910440396203,4506.160440396203,1094,981,1038
4499.922458737368,4499.797458737368,4500.047458737368,1048,1269,1159
4494.957308274568,4494.832308274568,4495.082308274568,789,1632,1211
4496.637581730621,4496.387581730621,4496.887581730621,1069,1756,1413
4495.418721838977,4495.293721838977,4495.543721838977,780,1169,975
4492.546288835258,4492.296288835258,4492.796288835258,1501,2232,1867
4492.153290356347,4492.028290356347,4492.278290356347,722,1365,1044
4494.262311276931,4494.012311276931,4494.512311276931,1867,1422,1645
4495.555002235221,4495.430002235221,4495.680002235221,1140,2661,1901
4498.653733177261,4498.528733177261,4498.778733177261,1265,1586,1426
4499.173644070985,4499.048644070985,4499.298644070985,2111,1238,1675
4499.499888181081,4499.374888181081,4499.624888181081,754,1521,1138
4498.880296753513,4498.755296753513,4499.005296753513,1692,1665,1679
4495.060657878793,4494.935657878793,4495.185657878793,2705,1152,1929
4496.6718788761145,4496.4218788761145,4496.9218788761145,2073,936,1505
4496.240226474617,4495.990226474617,4496.490226474617,1625,786,1206
4495.139295413114,4494.889295413114,4495.389295413114,1786,877,1332
4494.59715446548,4494.47215446548,4494.72215446548,2316,991,1654
4494.986175621131,4494.861175621131,4495.111175621131,575,1438,1007
4493.570504320399,4493.320504320399,4493.820504320399,745,2180,1463
4491.104315781926,4490.979315781926,4491.229315781926,1387,2100,1744
4491.000452418038,4490.875452418038,4491.125452418038,1039,588,814
4490.457686092298,4490.207686092298,4490.707686092298,1015,1676,1346
4492.63842287436,4492.51342287436,4492.76342287436,556,1527,1042
4494.587920864107,4494.212920864107,4494.962920864107,1150,1957,1554
4492.3788590630775,4492.2538590630775,4492.5038590630775,968,2371,1670
4491.967569708181,4491.717569708181,4492.217569708181,916,1491,1204
4493.0402747703865,4492.6652747703865,4493.4152747703865,863,1142,1003
4494.111391646651,4493.736391646651,4494.486391646651,988,953,971
4494.27201958935,4494.02201958935,4494.52201958935,922,1477,1200
4495.122920327253,4494.997920327253,4495.247920327253,1135,1650,1393
4495.836976076615,4495.711976076615,4495.961976076615,648,1329,989
4496.655700352348,4496.530700352348,4496.780700352348,747,1984,1366
4497.712377782168,4497.462377782168,4497.962377782168,753,964,859
4498.581579789225,4498.331579789225,4498.831579789225,956,747,852
4499.076729396667,4498.951729396667,4499.201729396667,1409,844,1127
4499.061943563564,4498.936943563564,4499.186943563564,1639,1694,1667
4500.950317944814,4500.825317944814,4501.075317944814,1428,1209,1319
4503.125556792967,4503.000556792967,4503.250556792967,1549,2444,1997
4501.409538982054,4501.284538982054,4501.534538982054,1274,1087,1181
4499.101118338773,4498.976118338773,4499.226118338773,1011,742,877
4498.767952685247,4498.642952685247,4498.892952685247,1209,1678,1444
4496.860096381026,4496.610096381026,4497.110096381026,2280,779,1530
4494.739337837341,4494.614337837341,4494.864337837341,1272,555,914
4494.122360979848,4493.997360979848,4494.247360979848,713,2060,1387
4496.573511787675,4496.323511787675,4496.823511787675,1601,1876,1739
4496.309147496414,4496.184147496414,4496.434147496414,1921,1372,1647
4494.932976637175,4494.807976637175,4495.057976637175,961,2750,1856
4494.54370150201,4494.41870150201,4494.66870150201,584,1321,953
4493.496276984321,4493.371276984321,4493.621276984321,1730,1201,1466
4492.80697355717,4492.68197355717,4492.93197355717,824,1103,964
4494.9159053106005,4494.7909053106005,4495.0409053106005,1199,1496,1348
4494.174478825318,4494.049478825318,4494.299478825318,1197,1364,1281
4494.822812431888,4494.572812431888,4495.072812431888,848,1819,1334
4496.00265569691,4495.87765569691,4496.12765569691,1257,2684,1971
4495.431666678643,4495.056666678643,4495.806666678643,639,1470,1055
4495.310408251729,4495.060408251729,4495.560408251729,1286,1005,1146
4492.659859511376,4492.409859511376,4492.909859511376,1363,1106,1235
4494.440769370059,4494.315769370059,4494.565769370059,1444,1345,1395
4495.855777841017,4495.605777841017,4496.105777841017,1808,643,1226
4497.265637382304,4497.015637382304,4497.515637382304,925,2082,1504
4497.75470124245,4497.62970124245,4497.87970124245,937,1966,1452
4498.424467105562,4498.299467105562,4498.549467105562,627,1780,1204
4498.334176551726,4497.959176551726,4498.709176551726,743,1316,1030
4498.6090340553055,4498.2340340553055,4498.9840340553055,1574,1805,1690
4499.058107568782,4498.933107568782,4499.183107568782,1037,676,857
4500.3573831986505,4500.2323831986505,4500.4823831986505,796,1651,1224
4499.783938185909,4499.658938185909,4499.908938185909,1316,589,953
4497.7780367377945,4497.5280367377945,4498.0280367377945,1562,1591,1577
4498.088101806877,4497.713101806877,4498.463101806877,644,1433,1039
4496.107112363983,4495.732112363983,4496.482112363983,2733,1114,1924
4495.681759719027,4495.306759719027,4496.056759719027,1332,2529,1931
4496.432765074913,4496.307765074913,4496.557765074913,2234,1031,1633
4494.968412635424,4494.843412635424,4495.093412635424,1102,1443,1273
4492.670145993911,4492.420145993911,4492.920145993911,1356,523,940
4491.019904681909,4490.894904681909,4491.144904681909,826,1513,1170
4490.281157542691,4490.156157542691,4490.406157542691,1102,2639,1871
4488.602996835054,4488.477996835054,4488.727996835054,918,1005,962
4491.002178923159,4490.877178923159,4491.127178923159,928,1449,1189
4490.73524735911,4490.48524735911,4490.98524735911,1675,1680,1678
4490.276104722424,4490.151104722424,4490.401104722424,1575,2274,1925
4489.9637422462665,4489.8387422462665,4490.0887422462665,974,1889,1432
4489.335259810238,4488.960259810238,4489.710259810238,1978,907,1443
4490.8819274186335,4490.7569274186335,4491.0069274186335,2553,888,1721
4491.5380633183395,4491.1630633183395,4491.9130633183395,934,1033,984
4491.326038317169,4491.201038317169,4491.451038317169,1842,1621,1732
4487.029201850565,4486.779201850565,4487.279201850565,681,1058,870
4489.041950477973,4488.916950477973,4489.166950477973,1296,1595,1446
4489.019227650382,4488.894227650382,4489.144227650382,852,1775,1314
4490.042636053547,4489.917636053547,4490.167636053547,2212,1651,1932
4490.577631564,4490.452631564,4490.702631564,1740,1765,1753
4491.504375156626,4491.379375156626,4491.629375156626,967,734,851
4489.462660091543,4489.212660091543,4489.712660091543,1054,1141,1098
4489.02917298086,4488.77917298086,4489.27917298086,1968,1403,1686
4489.3510834831295,4489.2260834831295,4489.4760834831295,1421,1804,1613
4483.539805316516,4483.289805316516,4483.789805316516,1752,1311,1532
4484.405494740496,4484.155494740496,4484.655494740496,1361,1456,1409
4483.977708164756,4483.852708164756,4484.102708164756,1575,2200,1888
4485.2946716006845,4485.1696716006845,4485.4196716006845,1428,1843,1636
4484.762013801915,4484.637013801915,4484.887013801915,1873,1012,1443
4485.193609027917,4484.943609027917,4485.443609027917,2212,851,1532
4484.158560589607,4483.908560589607,4484.408560589607,1153,832,993
4485.355808103009,4485.105808103009,4485.605808103009,1148,777,963
4483.488939638638,4483.113939638638,4483.863939638638,1587,1372,1480
4480.382301948939,4480.257301948939,4480.507301948939,1142,1005,1074
4482.52294081551,4482.27294081551,4482.77294081551,2435,1376,1906
4481.3871022387075,4481.2621022387075,4481.5121022387075,833,1654,1244
4481.843944274207,4481.468944274207,4482.218944274207,1055,1610,1333
4480.43354699494,4480.05854699494,4480.80854699494,1427,2032,1730
4479.823695227483,4479.698695227483,4479.948695227483,490,1161,826
4480.520602658513,4480.395602658513,4480.645602658513,1220,479,850
4479.53155177763,4479.40655177763,4479.65655177763,689,1456,1073
4480.578708489561,4480.328708489561,4480.828708489561,2342,1545,1944
4479.625943148402,4479.375943148402,4479.875943148402,1618,737,1178
4479.728805990068,4479.603805990068,4479.853805990068,934,2215,1575
4481.88194189369,4481.75694189369,4482.00694189369,1031,2702,1867
4478.549457576647,4478.424457576647,4478.674457576647,1147,1062,1105
4475.956528869578,4475.831528869578,4476.081528869578,1201,1986,1594
4475.604213797075,4475.479213797075,4475.729213797075,1217,2064,1641
4476.377944828602,4476.252944828602,4476.502944828602,539,1516,1028
4476.457280604086,4476.332280604086,4476.582280604086,1694,1673,1684
4477.431257437615,4477.056257437615,4477.806257437615,949,1726,1338
4474.347197763089,4474.222197763089,4474.472197763089,1435,968,1202
4475.315765715872,4475.190765715872,4475.440765715872,2574,887,1731
4478.465167733316,4478.340167733316,4478.590167733316,2109,742,1426
4480.257916613519,4480.132916613519,4480.382916613519,897,1008,953
4482.425490870396,4482.050490870396,4482.800490870396,912,1341,1127
4482.872163184382,4482.747163184382,4482.997163184382,1659,988,1324
4481.757603633968,4481.632603633968,4481.882603633968,875,2050,1463
4480.816132672911,4480.691132672911,4480.941132672911,1071,1336,1204
4482.902006339035,4482.652006339035,4483.152006339035,1198,933,1066
4481.709535253659,4481.584535253659,4481.834535253659,1543,1056,1300
4479.228308308595,4479.103308308595,4479.353308308595,2571,916,1744
4479.745756083614,4479.620756083614,4479.870756083614,837,1090,964
4481.752996512518,4481.502996512518,4482.002996512518,1539,1534,1537
4481.794383719368,4481.669383719368,4481.919383719368,859,1584,1222
4483.329775754181,4483.079775754181,4483.579775754181,2040,1607,1824
4483.171473957004,4482.921473957004,4483.421473957004,1676,1371,1524
4481.675184739738,4481.425184739738,4481.925184739738,1184,745,965
4480.975521350268,4480.725521350268,4481.225521350268,1551,1660,1606
4482.355766506556,4482.230766506556,4482.480766506556,1232,631,932
4481.9966655978,4481.8716655978,4482.1216655978,852,1183,1018
4484.021948821553,4483.771948821553,4484.271948821553,1942,921,1432
4483.167065062892,4483.042065062892,4483.292065062892,1855,1188,1522
4481.483528905121,4481.358528905121,4481.608528905121,1816,1737,1777
4480.563759599167,4480.313759599167,4480.813759599167,2497,928,1713
4479.933148608814,4479.808148608814,4480.058148608814,929,2048,1489
4481.303638984709,4481.178638984709,4481.428638984709,1387,582,985
4480.407207273143,4480.282207273143,4480.532207273143,1864,1443,1654
4479.535451588117,4479.410451588117,4479.660451588117,1445,1902,1674
4481.289721617936,4481.164721617936,4481.414721617936,2054,1705,1880
4479.889539764478,4479.764539764478,4480.014539764478,1966,705,1336
4480.669731021856,4480.544731021856,4480.794731021856,1568,1803,1686
4481.750273936115,4481.500273936115,4482.000273936115,974,1387,1181
4481.087418578748,4480.837418578748,4481.337418578748,2102,1839,1971
4481.58987551626,4481.46487551626,4481.71487551626,1455,1222,1339
4485.799759168773,4485.674759168773,4485.924759168773,1135,1136,1136
4489.7905034173755,4489.6655034173755,4489.9155034173755,1510,2235,1873
4491.28105012036,4491.03105012036,4491.53105012036,536,1197,867
4492.2247628807245,4492.0997628807245,4492.3497628807245,1830,887,1359
4494.727173364554,4494.602173364554,4494.852173364554,2357,1232,1795
4494.20126908617,4493.82626908617,4494.57626908617,1850,1347,1599
4492.127729626889,4491.752729626889,4492.502729626889,1512,539,1026
4491.27234886929,4491.14734886929,4491.39734886929,925,748,837
4489.446576096095,4489.321576096095,4489.571576096095,1182,2623,1903
4490.117761033179,4489.992761033179,4490.242761033179,1126,2115,1621
4491.426908552097,4491.301908552097,4491.551908552097,1039,1384,1212
4492.529304626808,4492.404304626808,4492.654304626808,989,750,870
4491.320572327524,4491.070572327524,4491.570572327524,1214,2319,1767
4490.738927888501,4490.363927888501,4491.113927888501,1476,721,1099
4491.840208099956,4491.715208099956,4491.965208099956,1769,1182,1476
4491.397792526713,4491.272792526713,4491.522792526713,1696,1967,1832
4490.901077757803,4490.776077757803,4491.026077757803,2101,1796,1949
4490.9702301756415,4490.8452301756415,4491.0952301756415,1229,1768,1499
4492.614424741494,4492.364424741494,4492.864424741494,1570,2323,1947
4494.955459678413,4494.580459678413,4495.330459678413,2058,1405,1732
4498.3804782103925,4498.1304782103925,4498.6304782103925,1892,887,1390
4499.79682516969,4499.67182516969,4499.92182516969,604,1555,1080
4500.547243239052,4500.172243239052,4500.922243239052,1980,1801,1891
4498.4342777251495,4498.1842777251495,4498.6842777251495,1622,1491,1557
4500.043244448781,4499.918244448781,4500.168244448781,1093,2894,1994
4501.139857720921,4500.889857720921,4501.389857720921,1045,1776,1411
4503.305873390283,4502.930873390283,4503.680873390283,1063,1066,1065
4503.702971401203,4503.452971401203,4503.952971401203,2309,1444,1877
4504.6187979767965,4504.4937979767965,4504.7437979767965,1567,2388,1978
4503.787558362624,4503.662558362624,4503.912558362624,2492,1153,1823
4503.320622733455,4503.070622733455,4503.570622733455,1452,513,983
4503.553193343435,4503.428193343435,4503.678193343435,1337,1218,1278
4503.593263790093,4503.468263790093,4503.718263790093,1178,743,961
4502.572908166097,4502.447908166097,4502.697908166097,1306,1107,1207
4503.976219787618,4503.851219787618,4504.101219787618,2102,1799,1951
4504.177209644912,4503.927209644912,4504.427209644912,1229,2056,1643
4505.2116013125,4505.0866013125,4505.3366013125,1002,1347,1175
4506.08376541154,4505.95876541154,4506.20876541154,2226,1209,1718
4505.978525686913,4505.603525686913,4506.353525686913,2399,1230,1815
4508.935077716766,4508.810077716766,4509.060077716766,1047,1814,1431
4509.758837106125,4509.383837106125,4510.133837106125,1921,1886,1904
4508.577679751241,4508.452679751241,4508.702679751241,1780,723,1252
4506.864468487614,4506.739468487614,4506.989468487614,982,1479,1231
4508.595096756273,4508.345096756273,4508.845096756273,1025,2784,1905
4509.931570844369,4509.681570844369,4510.181570844369,1324,1681,1503
4507.542174136595,4507.292174136595,4507.792174136595,1466,1675,1571
4506.534442776828,4506.284442776828,4506.784442776828,2863,1118,1991
4506.229012931259,4506.104012931259,4506.354012931259,1198,713,956
4516.166916935341,4516.041916935341,4516.291916935341,1306,647,977
4514.5102689950345,4514.2602689950345,4514.7602689950345,1948,925,1437
4511.952831693232,4511.702831693232,4512.202831693232,1229,2556,1893
4507.244696657649,4506.994696657649,4507.494696657649,1127,1888,1508
4516.050835565223,4515.800835565223,4516.300835565223,2079,1456,1768
4513.309902495575,4513.184902495575,4513.434902495575,975,1536,1256
4509.773151333564,4509.648151333564,4509.898151333564,506,1111,809
4516.421284006878,4516.296284006878,4516.546284006878,1312,1563,1438
4516.0443184270025,4515.7943184270025,4516.2943184270025,1970,1511,1741
4519.430400057783,4519.055400057783,4519.805400057783,1211,1446,1329
4523.069841053406,4522.819841053406,4523.319841053406,1405,544,975
4525.440559716393,4525.315559716393,4525.565559716393,1986,863,1425
4528.299753459912,4528.174753459912,4528.424753459912,1602,911,1257
4526.275264830581,4526.025264830581,4526.525264830581,1689,2136,1913
4517.063045403222,4516.813045403222,4517.313045403222,989,2320,1655
4522.361951197181,4522.236951197181,4522.486951197181,1480,939,1210
4522.725914180375,4522.600914180375,4522.850914180375,1559,674,1117
4523.682280478402,4523.557280478402,4523.807280478402,1540,2427,1984
4520.0971414191645,4519.9721414191645,4520.2221414191645,2012,743,1378
4521.691909342489,4521.566909342489,4521.816909342489,1898,933,1416
4522.789982348874,4522.539982348874,4523.039982348874,1398,2133,1766
4527.3716774528675,4527.2466774528675,4527.4966774528675,2087,982,1535
4525.370856084671,4525.245856084671,4525.495856084671,659,958,809
4530.8900877051165,4530.7650877051165,4531.0150877051165,1206,1509,1358
4531.97930018953,4531.72930018953,4532.22930018953,1215,1870,1543
4524.587627884993,4524.337627884993,4524.837627884993,1508,1807,1658
4522.58735435925,4522.46235435925,4522.71235435925,1109,1388,1249
4522.291748846683,4522.166748846683,4522.416748846683,774,1837,1306
4516.373266309187,4516.248266309187,4516.498266309187,830,1205,1018
4512.20096426588,4511.82596426588,4512.57596426588,1374,459,917
4509.071948357775,4508.946948357775,4509.196948357775,1183,692,938
4504.777783252735,4504.527783252735,4505.027783252735,951,2094,1523
4504.827473704694,4504.577473704694,4505.077473704694,1274,1849,1562
4505.40442333716,4505.15442333716,4505.65442333716,1542,809,1176
4493.040395362645,4492.915395362645,4493.165395362645,804,1175,990
4491.938340382276,4491.813340382276,4492.063340382276,1982,1369,1676
4487.525218399449,4487.400218399449,4487.650218399449,1708,1381,1545
4490.970898228575,4490.720898228575,4491.220898228575,887,1064,976
4494.939598557998,4494.814598557998,4495.064598557998,1328,1467,1398
4494.158517691351,4494.033517691351,4494.283517691351,1226,2409,1818
4488.631093758831,4488.506093758831,4488.756093758831,2330,1229,1780
4489.060186843066,4488.810186843066,4489.310186843066,2360,1085,1723
4485.931462102651,4485.806462102651,4486.056462102651,1213,2044,1629
4479.699788118842,4479.574788118842,4479.824788118842,1586,1451,1519
4470.8240046828205,4470.6990046828205,4470.9490046828205,2128,1221,1675
4474.702136898648,4474.577136898648,4474.827136898648,881,1008,945
4471.283126292655,4471.033126292655,4471.533126292655,1570,1997,1784
4464.146928320875,4464.021928320875,4464.271928320875,1144,1147,1146
4459.653781800433,4459.528781800433,4459.778781800433,1706,1599,1653
4458.956964111282,4458.706964111282,4459.206964111282,1984,823,1404
4455.481541132954,4455.356541132954,4455.606541132954,620,1717,1169
4461.428655308931,4461.303655308931,4461.553655308931,1278,1021,1150
4455.950835530443,4455.825835530443,4456.075835530443,2136,1859,1998
4448.098161131771,4447.848161131771,4448.348161131771,2588,1321,1955
4451.67123160421,4451.54623160421,4451.79623160421,1269,600,935
4449.621705879596,4449.246705879596,4449.996705879596,1376,1415,1396
4446.235583980195,4445.860583980195,4446.610583980195,1406,909,1158
4445.747448258474,4445.372448258474,4446.122448258474,1026,2499,1763
4449.530698265745,4449.280698265745,4449.780698265745,1975,730,1353
4451.033453131072,4450.783453131072,4451.283453131072,1817,1144,1481
4454.4440384837935,4454.1940384837935,4454.6940384837935,1904,1529,1717
4448.758985887901,4448.508985887901,4449.008985887901,1142,2327,1735
4454.1861807480145,4454.0611807480145,4454.3111807480145,713,1456,1085
4453.7143583655325,4453.5893583655325,4453.8393583655325,1838,695,1267
4453.5177759800945,4453.3927759800945,4453.6427759800945,1500,1001,1251
4456.209732455507,4456.084732455507,4456.334732455507,2331,904,1618
4463.05142509551,4462.92642509551,4463.17642509551,1486,1281,1384
4462.0058220588735,4461.6308220588735,4462.3808220588735,1979,1770,1875
4470.1100489173095,4469.8600489173095,4470.3600489173095,1657,1786,1722
4465.568479293303,4465.443479293303,4465.693479293303,1038,1447,1243
4461.376995387478,4461.251995387478,4461.501995387478,1307,550,929
4468.230761533833,4467.980761533833,4468.480761533833,1841,2064,1953
4467.058445228257,4466.808445228257,4467.308445228257,2200,1485,1843
4468.104084524687,4467.854084524687,4468.354084524687,2333,1662,1998
4469.596229295311,4469.471229295311,4469.721229295311,1625,2048,1837
4472.098579452603,4471.973579452603,4472.223579452603,632,1209,921
4468.363458247353,4468.238458247353,4468.488458247353,1968,1559,1764
4464.082429873811,4463.707429873811,4464.457429873811,803,1760,1282
4459.055276868031,4458.805276868031,4459.305276868031,2424,1327,1876
4461.243220245128,4460.993220245128,4461.493220245128,1007,858,933
4459.333790833213,4459.208790833213,4459.458790833213,2371,1330,1851
4461.959562872783,4461.834562872783,4462.084562872783,2418,1401,1910
4457.701557995048,4457.576557995048,4457.826557995048,2221,1114,1668
4459.886321040215,4459.761321040215,4460.011321040215,1654,1805,1730
4457.036795232323,4456.911795232323,4457.161795232323,1020,1587,1304
4455.703804343374,4455.328804343374,4456.078804343374,1036,1235,1136
4448.116980349186,4447.991980349186,4448.241980349186,429,1204,817
4453.7368578949845,4453.6118578949845,4453.8618578949845,445,1336,891
4453.687906644668,4453.312906644668,4454.062906644668,1238,1987,1613
4458.116474522866,4457.991474522866,4458.241474522866,481,1438,960
4457.531547173898,4457.406547173898,4457.656547173898,2213,1298,1756
4463.225872957603,4463.100872957603,4463.350872957603,1790,1791,1791
4465.706439157967,4465.581439157967,4465.831439157967,1157,986,1072
4468.931202137065,4468.806202137065,4469.056202137065,2355,1622,1989
4474.63280885043,4474.50780885043,4474.75780885043,1017,2052,1535
4470.259366470845,4470.009366470845,4470.509366470845,641,1606,1124
4476.118666742381,4475.868666742381,4476.368666742381,2426,883,1655
4475.346484842933,4475.221484842933,4475.471484842933,2228,925,1577
4479.570502826984,4479.445502826984,4479.695502826984,1118,2569,1844
4482.541603994339,4482.291603994339,4482.791603994339,2268,1245,1757
4477.584691351654,4477.459691351654,4477.709691351654,1166,1577,1372
4472.643171862601,4472.393171862601,4472.893171862601,1400,1599,1500
4466.093326341891,4465.843326341891,4466.343326341891,1468,1721,1595
4462.668221265743,4462.293221265743,4463.043221265743,1660,2087,1874
4465.358586884223,4465.108586884223,4465.608586884223,828,1307,1068
4461.943848020169,4461.693848020169,4462.193848020169,2065,1236,1651
4465.072994797465,4464.947994797465,4465.197994797465,1357,2376,1867
4467.96995621687,4467.71995621687,4468.21995621687,1075,2508,1792
4476.401025376401,4476.151025376401,4476.651025376401,759,842,801
4477.13265509042,4477.00765509042,4477.25765509042,769,1410,1090
4474.664337036855,4474.539337036855,4474.789337036855,2268,945,1607
4468.677306597993,4468.427306597993,4468.927306597993,1396,2589,1993
4468.574264547254,4468.449264547254,4468.699264547254,2206,1097,1652
4464.319923242679,4464.194923242679,4464.444923242679,1470,2375,1923
4470.566391520615,4470.316391520615,4470.816391520615,679,1266,973
4476.395386030347,4476.270386030347,4476.520386030347,1045,1876,1461
4475.962868481629,4475.837868481629,4476.087868481629,661,1334,998
4477.070778630066,4476.945778630066,4477.195778630066,1337,1624,1481
4471.220100393589,4470.845100393589,4471.595100393589,1991,1450,1721
4475.717002975781,4475.467002975781,4475.967002975781,1947,2046,1997
4473.399201294085,4473.024201294085,4473.774201294085,1064,2501,1783
4466.8951535757615,4466.5201535757615,4467.2701535757615,1881,1370,1626
4474.364287228616,4474.239287228616,4474.489287228616,816,1971,1394
4468.868842927914,4468.618842927914,4469.118842927914,912,1611,1262
4474.727717210421,4474.602717210421,4474.852717210421,2114,1493,1804
4477.5029498124095,4477.3779498124095,4477.6279498124095,1019,848,934
4472.519450146292,4472.269450146292,4472.769450146292,1226,1863,1545
4478.676451738532,4478.551451738532,4478.801451738532,1142,2545,1844
4474.513091301597,4474.388091301597,4474.638091301597,972,2157,1565
4470.685177641165,4470.310177641165,4471.060177641165,1014,2693,1854
4465.9440675335,4465.8190675335,4466.0690675335,1967,1152,1560
4472.548767787237,4472.423767787237,4472.673767787237,1269,646,958
4477.545828613869,4477.420828613869,4477.670828613869,2197,1222,1710
4489.784087610184,4489.659087610184,4489.909087610184,751,1482,1117
4495.394927502481,4495.144927502481,4495.644927502481,579,1118,849
4494.302238486332,4494.177238486332,4494.427238486332,594,1431,1013
4496.767001345513,4496.517001345513,4497.017001345513,962,1661,1312
4488.700037911613,4488.575037911613,4488.825037911613,1430,887,1159
4491.1163882874125,4490.8663882874125,4491.3663882874125,1974,1949,1962
4496.051880577924,4495.926880577924,4496.176880577924,2030,1605,1818
4499.9480977350695,4499.8230977350695,4500.0730977350695,1055,1214,1135
4496.9648311257515,4496.7148311257515,4497.2148311257515,729,2036,1383
4500.241306013873,4500.116306013873,4500.366306013873,1358,983,1171
4498.686465295253,4498.436465295253,4498.936465295253,1337,1078,1208
4497.432429027221,4497.182429027221,4497.682429027221,2514,1083,1799
4494.343849362635,4494.218849362635,4494.468849362635,668,1455,1062
4493.268912679445,4493.018912679445,4493.518912679445,1496,1675,1586
4499.327361980321,4499.202361980321,4499.452361980321,1819,1948,1884
4495.682150574355,4495.432150574355,4495.932150574355,2586,1393,1990
4484.60656987336,4484.35656987336,4484.85656987336,1668,1039,1354
4487.212638716984,4487.087638716984,4487.337638716984,1176,2463,1820
4484.305639645473,4484.180639645473,4484.430639645473,1125,1448,1287
4488.150082200369,4488.025082200369,4488.275082200369,562,1681,1122
4490.361769874329,4490.111769874329,4490.611769874329,1718,629,1174
4490.61838632372,4490.49338632372,4490.74338632372,1950,1295,1623
4494.190361327826,4493.815361327826,4494.565361327826,531,1224,878
4496.852570843156,4496.602570843156,4497.102570843156,1632,887,1260
4496.017313012321,4495.767313012321,4496.267313012321,1355,662,1009
4492.841421773113,4492.716421773113,4492.966421773113,1619,1068,1344
4474.659599100529,4474.534599100529,4474.784599100529,1697,1080,1389
4478.888788731057,4478.763788731057,4479.013788731057,1909,1754,1832
4483.509098466336,4483.134098466336,4483.884098466336,1589,2018,1804
4485.731302096378,4485.606302096378,4485.856302096378,1598,1535,1567
4476.148172548352,4476.023172548352,4476.273172548352,1337,2262,1800
4475.994890138924,4475.869890138924,4476.119890138924,1662,1745,1704
4480.682638825143,4480.557638825143,4480.807638825143,1962,1803,1883
4480.599356151274,4480.474356151274,4480.724356151274,2752,1061,1907
4486.385383289238,4486.260383289238,4486.510383289238,961,770,866
4500.227033531941,4499.977033531941,4500.477033531941,2434,1411,1923
4497.145419560205,4497.020419560205,4497.270419560205,1191,542,867
4501.534737644622,4501.409737644622,4501.659737644622,1186,813,1000
4497.635772271918,4497.385772271918,4497.885772271918,1960,1799,1880
4496.999814191197,4496.874814191197,4497.124814191197,2050,1169,1610
4503.908129909735,4503.783129909735,4504.033129909735,1398,1961,1680
4505.734847930783,4505.484847930783,4505.984847930783,887,1468,1178
4510.304531464572,4510.054531464572,4510.554531464572,1605,1640,1623
4517.26782316502,4517.14282316502,4517.39282316502,2571,1330,1951
4518.4801219541205,4518.3551219541205,4518.6051219541205,1546,903,1225
4512.798944582565,4512.548944582565,4513.048944582565,709,2044,1377
4508.848071790469,4508.598071790469,4509.098071790469,2439,920,1680
4506.101591475717,4505.976591475717,4506.226591475717,476,1143,810
4513.421202079296,4513.296202079296,4513.546202079296,2587,1012,1800
4519.470675836018,4519.220675836018,4519.720675836018,577,1174,876
4519.58464445812,4519.45964445812,4519.70964445812,2561,1168,1865
4521.507264573858,4521.382264573858,4521.632264573858,1238,1169,1204
4519.721951454185,4519.346951454185,4520.096951454185,1566,777,1172
4517.298011313166,4517.048011313166,4517.548011313166,1167,2418,1793
4519.256901865926,4519.006901865926,4519.506901865926,728,1941,1335
4526.335792312888,4526.085792312888,4526.585792312888,2212,1763,1988
4536.586108242911,4536.461108242911,4536.711108242911,1492,2109,1801
4532.955244732112,4532.830244732112,4533.080244732112,766,2253,1510
4530.376716183217,4530.251716183217,4530.501716183217,2131,988,1560
4529.864360964003,4529.739360964003,4529.989360964003,1491,1844,1668
4529.672420189488,4529.547420189488,4529.797420189488,1023,1130,1077
4529.17645788193,4528.92645788193,4529.42645788193,1537,2020,1779
4532.797196696211,4532.422196696211,4533.172196696211,1954,1069,1512
4530.028176517131,4529.778176517131,4530.278176517131,1045,2044,1545
4521.315750261576,4521.065750261576,4521.565750261576,1207,744,976
4520.817457388614,4520.567457388614,4521.067457388614,765,1484,1125
4506.354537143092,4506.104537143092,4506.604537143092,1303,940,1122
4504.997139469333,4504.622139469333,4505.372139469333,838,1049,944
4501.463765668178,4501.213765668178,4501.713765668178,942,1651,1297
4511.054964519162,4510.804964519162,4511.304964519162,1586,571,1079
4507.65295405991,4507.52795405991,4507.77795405991,1346,507,927
4513.872352857336,4513.747352857336,4513.997352857336,1832,1587,1710
4507.817300000793,4507.692300000793,4507.942300000793,1627,1844,1736
4505.141499394374,4505.016499394374,4505.266499394374,1145,1394,1270
4504.5355729476405,4504.1605729476405,4504.9105729476405,1643,2052,1848
4507.78762496866,4507.66262496866,4507.91262496866,1519,1032,1276
4508.135812749062,4508.010812749062,4508.260812749062,1121,1786,1454
4506.160144300583,4506.035144300583,4506.285144300583,1840,1073,1457
4512.264792478516,4512.139792478516,4512.389792478516,1040,817,929
4512.582518510055,4512.457518510055,4512.707518510055,1224,609,917
4523.539946215586,4523.289946215586,4523.789946215586,743,1124,934
4528.768739151106,4528.643739151106,4528.893739151106,523,1224,874
4523.559132717015,4523.434132717015,4523.684132717015,2250,889,1570
4518.93147850744,4518.68147850744,4519.18147850744,690,2009,1350
4518.616623090615,4518.366623090615,4518.866623090615,1031,1160,1096
4517.7974291448245,4517.5474291448245,4518.0474291448245,1210,1113,1162
4522.180165050231,4521.930165050231,4522.430165050231,1455,1480,1468
4525.0216072399535,4524.8966072399535,4525.1466072399535,674,965,820
4524.465133053713,4524.340133053713,4524.590133053713,1578,1557,1568
4523.408591060708,4523.283591060708,4523.533591060708,1191,1382,1287
4514.862993095106,4514.737993095106,4514.987993095106,1821,1360,1591
4509.613498011899,4509.488498011899,4509.738498011899,1586,1567,1577
4509.7606291432385,4509.5106291432385,4510.0106291432385,1845,750,1298
4512.5267966261945,4512.2767966261945,4512.7767966261945,1114,2371,1743
4512.211515641073,4512.086515641073,4512.336515641073,977,2922,1950
4509.766945856394,4509.516945856394,4510.016945856394,939,2058,1499
4508.353153654441,4508.228153654441,4508.478153654441,1137,1026,1082
4510.0145293043515,4509.6395293043515,4510.3895293043515,2433,1508,1971
4508.849812762955,4508.724812762955,4508.974812762955,2127,1582,1855
4509.583584197836,4509.458584197836,4509.708584197836,2928,1009,1969
4503.463641100417,4503.338641100417,4503.588641100417,1353,622,988
4501.836155387592,4501.711155387592,4501.961155387592,809,1588,1199
4506.953736837012,4506.828736837012,4507.078736837012,834,1249,1042
4507.705902797644,4507.580902797644,4507.830902797644,642,1723,1183
4503.719661018325,4503.469661018325,4503.969661018325,1599,1430,1515
4501.533624506432,4501.408624506432,4501.658624506432,1585,670,1128
4499.177938958412,4499.052938958412,4499.302938958412,669,1880,1275
4497.46240838957,4497.33740838957,4497.58740838957,1801,1030,1416
4499.583152824244,4499.333152824244,4499.833152824244,1201,1920,1561
4505.768025755431,4505.643025755431,4505.893025755431,1796,2091,1944
4503.913724717331,4503.788724717331,4504.038724717331,757,1238,998
4507.776647475176,4507.651647475176,4507.901647475176,665,1878,1272
4503.890320894541,4503.765320894541,4504.015320894541,961,894,928
4496.531092517891,4496.406092517891,4496.656092517891,601,1118,860
4500.377462828842,4500.252462828842,4500.502462828842,796,1509,1153
4502.748281339135,4502.498281339135,4502.998281339135,1215,2648,1932
4506.104306211245,4505.979306211245,4506.229306211245,1609,710,1160
4510.178233224065,4510.053233224065,4510.303233224065,622,1147,885
4513.424154874064,4513.174154874064,4513.674154874064,2039,1942,1991
4518.2857357069615,4518.0357357069615,4518.5357357069615,1733,808,1271
4511.826715479513,4511.701715479513,4511.951715479513,699,1966,1333
4509.306536442384,4509.181536442384,4509.431536442384,1938,789,1364
4511.625477419159,4511.375477419159,4511.875477419159,655,968,812
4516.05204447143,4515.92704447143,4516.17704447143,1277,1240,1259
4511.259724403241,4511.134724403241,4511.384724403241,2444,815,1630
4511.512646121497,4511.262646121497,4511.762646121497,1251,1498,1375
4506.21676758264,4506.09176758264,4506.34176758264,1446,541,994
4506.732982989005,4506.607982989005,4506.857982989005,1372,2175,1774
4507.241750187445,4506.866750187445,4507.616750187445,2092,969,1531
4505.130986380072,4504.880986380072,4505.380986380072,1273,2534,1904
4498.307654614156,4498.182654614156,4498.432654614156,646,1341,994
4497.7265994340405,4497.4765994340405,4497.9765994340405,440,1239,840
4500.812839012604,4500.687839012604,4500.937839012604,1099,588,844
4497.79942250659,4497.54942250659,4498.04942250659,1083,1272,1178
4499.8522235027185,4499.7272235027185,4499.9772235027185,808,1465,1137
4492.382653726175,4492.257653726175,4492.507653726175,1047,628,838
4493.810852292877,4493.560852292877,4494.060852292877,1321,1238,1280
4497.113239919086,4496.988239919086,4497.238239919086,533,1378,956
4491.914595187384,4491.664595187384,4492.164595187384,769,1158,964
4488.694175605878,4488.444175605878,4488.944175605878,1610,1929,1770
4484.099847727268,4483.974847727268,4484.224847727268,664,1887,1276
4478.40766276552,4478.28266276552,4478.53266276552,1072,1479,1276
4483.752696436116,4483.627696436116,4483.877696436116,879,2412,1646
4490.571691373846,4490.446691373846,4490.696691373846,760,985,873
4486.8624949759,4486.6124949759,4487.1124949759,1870,1861,1866
4488.15083239449,4488.02583239449,4488.27583239449,1743,718,1231
4479.303950999839,4479.053950999839,4479.553950999839,1672,1007,1340
4475.683278569587,4475.433278569587,4475.933278569587,2478,963,1721
4476.156564220933,4476.031564220933,4476.281564220933,1079,786,933
4474.317148195458,4474.192148195458,4474.442148195458,2768,1073,1921
4477.829976188993,4477.579976188993,4478.079976188993,2245,1738,1992
4480.008708470131,4479.758708470131,4480.258708470131,709,1202,956
4481.213170090855,4481.088170090855,4481.338170090855,1242,779,1011
4483.825504486758,4483.700504486758,4483.950504486758,2210,1037,1624
4485.741241847398,4485.366241847398,4486.116241847398,1699,842,1271
4477.008762855204,4476.883762855204,4477.133762855204,1002,939,971
4479.60443728136,4479.47943728136,4479.72943728136,1656,853,1255
4476.545350227196,4476.295350227196,4476.795350227196,2367,968,1668
4482.8989444266845,4482.7739444266845,4483.0239444266845,957,1750,1354
4489.218906189937,4488.968906189937,4489.468906189937,2435,1258,1847
4485.077488177761,4484.952488177761,4485.202488177761,1443,2386,1915
4484.242439947947,4484.117439947947,4484.367439947947,815,1256,1036
4478.28955143343,4478.16455143343,4478.41455143343,1632,1049,1341
4477.540447886038,4477.415447886038,4477.665447886038,1831,2024,1928
4476.396753054432,4476.271753054432,4476.521753054432,1200,2025,1613
4475.603369223307,4475.353369223307,4475.853369223307,734,1129,932
4477.299524768116,4477.049524768116,4477.549524768116,2061,962,1512
4481.211544720317,4481.086544720317,4481.336544720317,1517,1342,1430
4485.350989869902,4485.100989869902,4485.600989869902,1394,1725,1560
4482.437289822749,4482.312289822749,4482.562289822749,1708,1815,1762
4475.116401041329,4474.991401041329,4475.241401041329,1509,2444,1977
4467.014788804101,4466.889788804101,4467.139788804101,1766,1313,1540
4473.747556718675,4473.622556718675,4473.872556718675,1446,1585,1516
4471.391588563575,4471.141588563575,4471.641588563575,925,2570,1748
4468.495358824959,4468.370358824959,4468.620358824959,1410,1647,1529
4471.882155110228,4471.632155110228,4472.132155110228,1261,2102,1682
4474.342558494762,4474.217558494762,4474.467558494762,1020,1587,1304
4474.368045359944,4474.118045359944,4474.618045359944,909,1594,1252
4470.645244661012,4470.395244661012,4470.895244661012,1307,914,1111
4473.314766436965,4473.189766436965,4473.439766436965,2125,868,1497
4475.036880557737,4474.911880557737,4475.161880557737,2183,908,1546
4473.303773842867,4473.178773842867,4473.428773842867,1202,2711,1957
4475.450777914573,4475.075777914573,4475.825777914573,1858,779,1319
4474.923144227763,4474.798144227763,4475.048144227763,1310,767,1039
4477.359285793135,4477.234285793135,4477.484285793135,1360,1763,1562
4479.0093743809775,4478.7593743809775,4479.2593743809775,1453,1102,1278
4489.117504905739,4488.992504905739,4489.242504905739,636,1417,1027
4497.022910254943,4496.897910254943,4497.147910254943,1869,1010,1440
4497.035593043192,4496.660593043192,4497.410593043192,1550,849,1200
4495.493289085238,4495.368289085238,4495.618289085238,1717,1562,1640
4500.652278415478,4500.527278415478,4500.777278415478,846,1151,999
4498.544256352357,4498.169256352357,4498.919256352357,963,1794,1379
4491.189723388721,4491.064723388721,4491.314723388721,1954,813,1384
4479.885069295555,4479.635069295555,4480.135069295555,867,894,881
4484.119628128516,4483.994628128516,4484.244628128516,685,1062,874
4482.736189879236,4482.486189879236,4482.986189879236,533,1282,908
4481.904098789022,4481.654098789022,4482.154098789022,1018,1561,1290
4479.971565612447,4479.846565612447,4480.096565612447,843,2258,1551
4477.642973978256,4477.517973978256,4477.767973978256,2017,1634,1826
4478.299513259683,4478.049513259683,4478.549513259683,1680,2277,1979
4466.743953141274,4466.618953141274,4466.868953141274,1161,594,878
4468.921182447245,4468.796182447245,4469.046182447245,1164,1055,1110
4467.904191042814,4467.654191042814,4468.154191042814,794,1779,1287
4466.731287361315,4466.606287361315,4466.856287361315,1231,892,1062
4457.796460227595,4457.671460227595,4457.921460227595,2012,1851,1932
4458.941536103972,4458.816536103972,4459.066536103972,591,1660,1126
4456.644067386593,4456.394067386593,4456.894067386593,1812,1765,1789
4456.139692175371,4455.889692175371,4456.389692175371,1004,1511,1258
4457.589447836726,4457.464447836726,4457.714447836726,1464,965,1215
4455.869252570026,4455.744252570026,4455.994252570026,1321,2468,1895
4463.6379895856335,4463.3879895856335,4463.8879895856335,1683,1890,1787
4466.935842416065,4466.685842416065,4467.185842416065,516,1127,822
4469.579778622714,4469.454778622714,4469.704778622714,1917,1208,1563
4466.8449778609,4466.7199778609,4466.9699778609,1397,2338,1868
4462.780476037069,4462.530476037069,4463.030476037069,1065,1648,1357
4462.670717951504,4462.545717951504,4462.795717951504,1654,1511,1583
4467.676922787085,4467.551922787085,4467.801922787085,643,1518,1081
4471.842996458568,4471.592996458568,4472.092996458568,1732,2163,1948
4474.209516813934,4474.084516813934,4474.334516813934,1346,459,903
4471.4659993520645,4471.2159993520645,4471.7159993520645,1442,1847,1645
4470.749088357465,4470.499088357465,4470.999088357465,1429,1778,1604
4474.961969940756,4474.836969940756,4475.086969940756,710,1865,1288
4480.594116177352,4480.469116177352,4480.719116177352,1022,811,917
4486.314744234361,4486.064744234361,4486.564744234361,472,1253,863
4483.087702798339,4482.962702798339,4483.212702798339,1900,911,1406
4486.383805354494,4486.258805354494,4486.508805354494,2692,1177,1935
4481.923305881897,4481.798305881897,4482.048305881897,2582,981,1782
4479.572888095787,4479.447888095787,4479.697888095787,481,1284,883
4486.282873629765,4486.157873629765,4486.407873629765,939,2798,1869
4482.830264106094,4482.705264106094,4482.955264106094,1403,1428,1416
4479.222706859367,4479.097706859367,4479.347706859367,2635,922,1779
4472.269263917312,4472.144263917312,4472.394263917312,1359,666,1013
4479.890581116118,4479.640581116118,4480.140581116118,2426,1427,1927
4482.976540715543,4482.726540715543,4483.226540715543,1280,2051,1666
4488.1067795837325,4487.8567795837325,4488.3567795837325,985,1514,1250
4497.877877251832,4497.627877251832,4498.127877251832,920,1591,1256
4503.447696873563,4503.197696873563,4503.697696873563,955,2538,1747
4505.120867583912,4504.995867583912,4505.245867583912,2026,899,1463
4492.030646707674,4491.780646707674,4492.280646707674,1774,2175,1975
4496.812114651038,4496.687114651038,4496.937114651038,1755,794,1275
4499.490434868921,4499.365434868921,4499.615434868921,1430,1095,1263
4502.578935183224,4502.453935183224,4502.703935183224,1186,1061,1124
4504.224292952527,4503.849292952527,4504.599292952527,604,1555,1080
4504.810934678786,4504.685934678786,4504.935934678786,1392,1391,1392
4504.065048697325,4503.940048697325,4504.190048697325,1179,816,998
4499.485350363735,4499.360350363735,4499.610350363735,821,2038,1430
4509.180268905014,4508.930268905014,4509.430268905014,1229,624,927
4511.576272894057,4511.201272894057,4511.951272894057,1167,2420,1794
4510.672058187958,4510.422058187958,4510.922058187958,739,1728,1234
4513.949752040206,4513.824752040206,4514.074752040206,1269,678,974
4511.141728463845,4511.016728463845,4511.266728463845,1210,1399,1305
4511.635002290444,4511.510002290444,4511.760002290444,1348,653,1001
4509.582247491736,4509.207247491736,4509.957247491736,1267,716,992
4507.716615261187,4507.591615261187,4507.841615261187,1777,1504,1641
4510.768919156662,4510.393919156662,4511.143919156662,2522,1341,1932
4511.551365634708,4511.426365634708,4511.676365634708,1373,1296,1335
4513.762147600136,4513.637147600136,4513.887147600136,1315,2012,1664
4514.645549935847,4514.270549935847,4515.020549935847,1157,1940,1549
4517.2828104274595,4517.1578104274595,4517.4078104274595,1359,784,1072
4520.880011128434,4520.630011128434,4521.130011128434,951,864,908
4519.0716987199685,4518.9466987199685,4519.1966987199685,1047,2908,1978
4515.831120796276,4515.581120796276,4516.081120796276,2445,1028,1737
4520.521756614717,4520.271756614717,4520.771756614717,1749,780,1265
4531.197009426474,4531.072009426474,4531.322009426474,902,1785,1344
4532.121225395327,4531.996225395327,4532.246225395327,1098,2739,1919
4527.659761633254,4527.284761633254,4528.034761633254,1139,2358,1749
4526.7582897501925,4526.5082897501925,4527.0082897501925,2238,1447,1843
4524.508060590411,4524.383060590411,4524.633060590411,2495,1392,1944
4517.844519391296,4517.719519391296,4517.969519391296,549,1422,986
4514.878996904585,4514.753996904585,4515.003996904585,2942,1025,1984
4515.259089688046,4515.134089688046,4515.384089688046,1010,1787,1399
4509.7318391483295,4509.6068391483295,4509.8568391483295,1054,665,860
4511.477378008964,4511.227378008964,4511.727378008964,2172,787,1480
4517.170323133927,4517.045323133927,4517.295323133927,1414,749,1082
4517.3797294869655,4517.2547294869655,4517.5047294869655,1110,1845,1478
4503.403657705298,4503.278657705298,4503.528657705298,1094,1483,1289
4498.701392468134,4498.576392468134,4498.826392468134,868,2105,1487
4500.450350260026,4500.325350260026,4500.575350260026,1739,2060,1900
4505.389178694079,4505.139178694079,4505.639178694079,1591,742,1167
4505.722626500089,4505.472626500089,4505.972626500089,1557,540,1049
4504.102599271334,4503.977599271334,4504.227599271334,1617,2214,1916
4497.519903341015,4497.394903341015,4497.644903341015,872,1195,1034
4498.25086375267,4498.12586375267,4498.37586375267,1704,929,1317
4502.385283703538,4502.260283703538,4502.510283703538,1017,1436,1227
4504.673845895893,4504.548845895893,4504.798845895893,2278,1471,1875
4508.295097404352,4508.170097404352,4508.420097404352,1259,1718,1489
4509.8414120976395,4509.5914120976395,4510.0914120976395,1042,1113,1078
4513.17362212087,4513.04862212087,4513.29862212087,501,1126,814
4520.364425114614,4520.239425114614,4520.489425114614,2048,689,1369
4531.7850245713025,4531.4100245713025,4532.1600245713025,1229,1630,1430
4522.217826535845,4522.092826535845,4522.342826535845,838,771,805
4520.943428792525,4520.693428792525,4521.193428792525,1210,1409,1310
4517.706637839488,4517.581637839488,4517.831637839488,1856,905,1381
4523.456286038418,4523.331286038418,4523.581286038418,1446,505,976
4522.55636237752,4522.30636237752,4522.80636237752,722,1685,1204
4524.611334172801,4524.486334172801,4524.736334172801,1205,686,946
4526.64506813929,4526.52006813929,4526.77006813929,1622,2007,1815
4530.45733836596,4530.33233836596,4530.58233836596,1092,791,942
4532.255959370696,4532.005959370696,4532.505959370696,739,1258,999
4536.251545630249,4536.126545630249,4536.376545630249,1172,2255,1714
4533.076844251097,4532.951844251097,4533.201844251097,453,1204,829
4534.316105234843,4534.066105234843,4534.566105234843,1176,1799,1488
4532.246136155739,4532.121136155739,4532.371136155739,2108,1253,1681
4535.393719321995,4535.268719321995,4535.518719321995,1157,1820,1489
4540.064789196355,4539.814789196355,4540.314789196355,1873,840,1357
4539.537757795489,4539.287757795489,4539.787757795489,702,1237,970
4534.850726547418,4534.725726547418,4534.975726547418,1740,2223,1982
4528.373653948348,4528.248653948348,4528.498653948348,814,1705,1260
4530.841164799841,4530.716164799841,4530.966164799841,1453,1194,1324
4524.867109485347,4524.742109485347,4524.992109485347,715,1292,1004
4522.884214961538,4522.634214961538,4523.134214961538,1914,923,1419
4519.7905007382715,4519.6655007382715,4519.9155007382715,995,1786,1391
4522.706771708066,4522.581771708066,4522.831771708066,1448,657,1053
4534.794136281006,4534.669136281006,4534.919136281006,849,2514,1682
4536.98923671124,4536.73923671124,4537.23923671124,2348,1493,1921
4544.302754779186,4544.052754779186,4544.552754779186,1060,2249,1655
4546.980861459881,4546.855861459881,4547.105861459881,2381,1094,1738
4547.103840318614,4546.853840318614,4547.353840318614,1159,1638,1399
4548.150610367094,4547.900610367094,4548.400610367094,1073,1090,1082
4544.156255175478,4543.906255175478,4544.406255175478,1775,2114,1945
4545.718206456141,4545.593206456141,4545.843206456141,720,1335,1028
4542.496458217329,4542.371458217329,4542.621458217329,1172,529,851
4548.831365432791,4548.581365432791,4549.081365432791,920,2701,1811
4554.508612695698,4554.258612695698,4554.758612695698,1544,867,1206
4547.935179124675,4547.810179124675,4548.060179124675,1889,788,1339
4546.338002870753,4546.213002870753,4546.463002870753,1453,2316,1885
4541.338587986943,4541.213587986943,4541.463587986943,671,1424,1048
4546.89927700555,4546.77427700555,4547.02427700555,571,1352,962
4547.013923503655,4546.888923503655,4547.138923503655,2083,1432,1758
4545.249267790339,4545.124267790339,4545.374267790339,556,1501,1029
4548.894321366126,4548.519321366126,4549.269321366126,1266,1021,1144
4548.554424971472,4548.429424971472,4548.679424971472,1366,1109,1238
4546.762824449664,4546.387824449664,4547.137824449664,2495,1336,1916
4550.95811456559,4550.58311456559,4551.33311456559,1621,1322,1472
4546.541714231804,4546.416714231804,4546.666714231804,1159,1718,1439
4539.726820659118,4539.476820659118,4539.976820659118,734,2191,1463
4537.126581328569,4537.001581328569,4537.251581328569,1556,1799,1678
4536.126758118166,4536.001758118166,4536.251758118166,1064,1103,1084
4538.292397477295,4537.917397477295,4538.667397477295,2965,1016,1991
4536.420943617993,4536.170943617993,4536.670943617993,1296,1307,1302
4529.833159827858,4529.458159827858,4530.208159827858,1382,2113,1748
4528.811354386499,4528.686354386499,4528.936354386499,968,2407,1688
4530.808544344827,4530.683544344827,4530.933544344827,2392,1463,1928
4538.651029684575,4538.401029684575,4538.901029684575,2001,1122,1562
4530.09581074758,4529.97081074758,4530.22081074758,1609,646,1128
4520.169029257384,4519.794029257384,4520.544029257384,1949,1484,1717
4516.435343306946,4516.310343306946,4516.560343306946,2368,1033,1701
4524.445919624081,4524.320919624081,4524.570919624081,2016,1243,1630
4518.3312923722115,4518.0812923722115,4518.5812923722115,611,1224,918
4513.679960015079,4513.554960015079,4513.804960015079,1693,706,1200
4522.460434343583,4522.335434343583,4522.585434343583,1545,1646,1596
4524.658260152142,4524.283260152142,4525.033260152142,1220,1555,1388
4530.755950612212,4530.630950612212,4530.880950612212,2348,833,1591
4530.036692412798,4529.911692412798,4530.161692412798,1057,2214,1636
4529.1416246761755,4529.0166246761755,4529.2666246761755,941,1438,1190
4527.958565763359,4527.833565763359,4528.083565763359,1572,885,1229
4527.250746679556,4526.875746679556,4527.625746679556,966,2137,1552
4534.173289122182,4534.048289122182,4534.298289122182,1105,2098,1602
4526.989827248541,4526.864827248541,4527.114827248541,981,806,894
4531.420011411651,4531.295011411651,4531.545011411651,1286,1577,1432
4524.831959995128,4524.706959995128,4524.956959995128,1346,1929,1638
4519.868774112899,4519.618774112899,4520.118774112899,699,1658,1179
4520.733383480984,4520.608383480984,4520.858383480984,1386,973,1180
4521.526550379885,4521.276550379885,4521.776550379885,1593,1058,1326
4520.696285403845,4520.446285403845,4520.946285403845,900,911,906
4522.919980998719,4522.669980998719,4523.169980998719,1483,740,1112
4513.844729560067,4513.594729560067,4514.094729560067,897,1352,1125
4517.371989940394,4517.246989940394,4517.496989940394,969,1830,1400
4519.064411889074,4518.814411889074,4519.314411889074,1251,1896,1574
4516.999498697674,4516.874498697674,4517.124498697674,1070,2681,1876
4518.235406774515,4517.985406774515,4518.485406774515,614,1157,886
4512.015054503404,4511.890054503404,4512.140054503404,1835,990,1413
4519.010482480459,4518.885482480459,4519.135482480459,808,1295,1052
4520.513725887289,4520.388725887289,4520.638725887289,726,1219,973
4517.643860612993,4517.393860612993,4517.893860612993,639,1070,855
4520.137570776348,4520.012570776348,4520.262570776348,926,789,858
4520.260564374118,4520.010564374118,4520.510564374118,1721,2130,1926
4526.813851333236,4526.688851333236,4526.938851333236,700,1165,933
4526.343724421412,4525.968724421412,4526.718724421412,2841,1000,1921
4528.7799215914265,4528.5299215914265,4529.0299215914265,965,1756,1361
4531.990313159645,4531.740313159645,4532.240313159645,1117,728,923
4536.94819954543,4536.82319954543,4537.07319954543,807,1770,1289
4529.902208005468,4529.777208005468,4530.027208005468,995,2102,1549
4530.53776947994,4530.41276947994,4530.66276947994,1942,1283,1613
4538.022279375402,4537.897279375402,4538.147279375402,1182,2777,1980
4535.263611610368,4535.138611610368,4535.388611610368,538,1277,908
4532.2564855312,4532.0064855312,4532.5064855312,1352,963,1158
4530.591786672964,4530.466786672964,4530.716786672964,1338,595,967
4533.07299452474,4532.94799452474,4533.19799452474,614,1155,885
4532.607534250119,4532.482534250119,4532.732534250119,979,708,844
4538.711602337792,4538.586602337792,4538.836602337792,1006,1367,1187
4544.139514951972,4544.014514951972,4544.264514951972,1600,1781,1691
4535.9753223141015,4535.8503223141015,4536.1003223141015,1954,861,1408
4533.963160686592,4533.838160686592,4534.088160686592,503,1376,940
4529.940225935985,4529.565225935985,4530.315225935985,1274,1159,1217
4529.20826232214,4529.08326232214,4529.33326232214,1183,2196,1690
4525.397510928291,4525.022510928291,4525.772510928291,1002,2009,1506
4530.121288507731,4529.746288507731,4530.496288507731,1236,719,978
4533.932153258442,4533.807153258442,4534.057153258442,558,1297,928
4521.6574357616355,4521.4074357616355,4521.9074357616355,2144,1095,1620
4513.5225819549505,4513.3975819549505,4513.6475819549505,786,889,838
4510.707566434717,4510.582566434717,4510.832566434717,1477,2042,1760
4513.912638947862,4513.662638947862,4514.162638947862,1536,1203,1370
4518.94125896776,4518.81625896776,4519.06625896776,1618,1977,1798
4518.9397004753255,4518.8147004753255,4519.0647004753255,825,1570,1198
4508.4140890347735,4508.2890890347735,4508.5390890347735,1202,2017,1610
4512.715857039223,4512.465857039223,4512.965857039223,1609,954,1282
4510.63883757797,4510.51383757797,4510.76383757797,827,900,864
4505.079738891707,4504.829738891707,4505.329738891707,638,1347,993
4506.390430674115,4506.140430674115,4506.640430674115,772,873,823
4509.902691912553,4509.777691912553,4510.027691912553,1277,2106,1692
4502.564502832554,4502.439502832554,4502.689502832554,2450,1433,1942
4504.982359515163,4504.857359515163,4505.107359515163,2298,1683,1991
4515.430392344726,4515.055392344726,4515.805392344726,1637,882,1260
4512.8920290197775,4512.7670290197775,4513.0170290197775,909,1316,1113
4510.043886348715,4509.918886348715,4510.168886348715,2708,1241,1975
4508.299896982598,4508.174896982598,4508.424896982598,1401,1926,1664
4500.583919337055,4500.458919337055,4500.708919337055,1158,2047,1603
4497.079791689006,4496.954791689006,4497.204791689006,577,1582,1080
4497.462951292376,4497.337951292376,4497.587951292376,931,840,886
4498.820194868461,4498.570194868461,4499.070194868461,1612,1323,1468
4491.371113987356,4491.246113987356,4491.496113987356,1599,1298,1449
4488.703934324359,4488.578934324359,4488.828934324359,1230,757,994
4491.078552735702,4490.953552735702,4491.203552735702,1317,2200,1759
4491.925830472604,4491.800830472604,4492.050830472604,1613,734,1174
4491.167391125049,4491.042391125049,4491.292391125049,1331,602,967
4489.663619473161,4489.538619473161,4489.788619473161,801,976,889
4487.634124613429,4487.259124613429,4488.009124613429,911,1312,1112
4495.827212620244,4495.702212620244,4495.952212620244,616,1383,1000
4503.794599941364,4503.669599941364,4503.919599941364,1314,1029,1172
4506.403537159239,4506.153537159239,4506.653537159239,895,1432,1164
4505.165960932329,4504.915960932329,4505.415960932329,1397,562,980
4503.943029370769,4503.818029370769,4504.068029370769,1945,1434,1690
4506.349827408924,4506.224827408924,4506.474827408924,2351,1540,1946
4518.005815806679,4517.880815806679,4518.130815806679,1612,1717,1665
4512.723743867449,4512.473743867449,4512.973743867449,1439,2478,1959
4504.005266580873,4503.880266580873,4504.130266580873,715,1880,1298
4511.28014767237,4511.15514767237,4511.40514767237,913,742,828
4511.036461579863,4510.911461579863,4511.161461579863,1337,1996,1667
4516.411998882541,4516.161998882541,4516.661998882541,1962,1445,1704
4515.494279588044,4515.244279588044,4515.744279588044,2959,1002,1981
4516.8370146317975,4516.7120146317975,4516.9620146317975,2562,1351,1957
4512.399693550066,4512.274693550066,4512.524693550066,1451,2094,1773
4506.730865854821,4506.605865854821,4506.855865854821,1008,2351,1680
4504.585294672183,4504.460294672183,4504.710294672183,2677,1004,1841
4502.772912166376,4502.647912166376,4502.897912166376,1159,2516,1838
4505.622648104548,4505.372648104548,4505.872648104548,1070,2397,1734
4515.647842998556,4515.522842998556,4515.772842998556,787,1168,978
4515.206987202222,4515.081987202222,4515.331987202222,1723,700,1212
4517.852442129853,4517.727442129853,4517.977442129853,584,1747,1166
4509.576477723466,4509.451477723466,4509.701477723466,1198,1397,1298
4502.460703881144,4502.085703881144,4502.835703881144,667,1110,889
4505.306280035431,4505.056280035431,4505.556280035431,871,1092,982
4511.04223550131,4510.66723550131,4511.41723550131,915,1642,1279
4507.581190531897,4507.456190531897,4507.706190531897,1896,1769,1833
4509.647204963943,4509.522204963943,4509.772204963943,1941,1360,1651
4510.595347467194,4510.345347467194,4510.845347467194,1499,2274,1887
4509.148080254041,4509.023080254041,4509.273080254041,1794,1583,1689
4516.173185633489,4516.048185633489,4516.298185633489,832,1763,1298
4514.63336692406,4514.50836692406,4514.75836692406,808,877,843
4516.236958683589,4516.111958683589,4516.361958683589,1761,1458,1610
4520.622596319093,4520.247596319093,4520.997596319093,2420,1153,1787
4524.5984474612615,4524.4734474612615,4524.7234474612615,1711,796,1254
4525.273950889701,4525.023950889701,4525.523950889701,1023,1906,1465
4526.437682958042,4526.062682958042,4526.812682958042,897,2058,1478
4525.416487122615,4525.291487122615,4525.541487122615,1169,1430,1300
4524.443897913277,4524.318897913277,4524.568897913277,1461,604,1033
4524.694359318079,4524.569359318079,4524.819359318079,1157,932,1045
4525.583449817581,4525.208449817581,4525.958449817581,1191,1428,1310
4526.801913313608,4526.676913313608,4526.926913313608,863,1246,1055
4524.505128310155,4524.255128310155,4524.755128310155,875,1034,955
4525.232399209785,4524.982399209785,4525.482399209785,946,687,817
4525.537211225992,4525.287211225992,4525.787211225992,1406,651,1029
4524.037256740987,4523.787256740987,4524.287256740987,1082,1983,1533
4524.769916296911,4524.644916296911,4524.894916296911,777,1212,995
4523.7634498901225,4523.6384498901225,4523.8884498901225,1125,2316,1721
4527.734470552932,4527.609470552932,4527.859470552932,1382,1061,1222
4525.711668272773,4525.586668272773,4525.836668272773,1256,2415,1836
4526.899697079493,4526.774697079493,4527.024697079493,1735,1244,1490
4529.36246884593,4529.23746884593,4529.48746884593,1622,1073,1348
4530.792528255059,4530.667528255059,4530.917528255059,1046,2553,1800
4531.580280534346,4531.330280534346,4531.830280534346,1077,634,856
4533.189313630457,4533.064313630457,4533.314313630457,1281,2144,1713
4531.367638274444,4531.242638274444,4531.492638274444,984,2729,1857
4530.914113026196,4530.789113026196,4531.039113026196,618,1721,1170
4531.837177209586,4531.712177209586,4531.962177209586,564,1315,940
4532.21022250077,4532.08522250077,4532.33522250077,1057,1554,1306
4533.758067690634,4533.633067690634,4533.883067690634,934,1471,1203
4536.549111739869,4536.424111739869,4536.674111739869,2682,923,1803
4540.471956527135,4540.221956527135,4540.721956527135,1433,1300,1367
4536.452511942119,4536.202511942119,4536.702511942119,2344,1463,1904
4538.435739249558,4538.310739249558,4538.560739249558,1366,1279,1323
4538.654305511064,4538.529305511064,4538.779305511064,1919,1426,1673
4539.367497796584,4538.992497796584,4539.742497796584,2116,991,1554
4542.942447240761,4542.817447240761,4543.067447240761,1632,2101,1867
4539.625710413556,4539.500710413556,4539.750710413556,636,1217,927
4541.9583443870815,4541.8333443870815,4542.0833443870815,2115,1216,1666
4541.663899117897,4541.538899117897,4541.788899117897,655,1664,1160
4541.536526600119,4541.411526600119,4541.661526600119,669,1686,1178
4540.069208491211,4539.944208491211,4540.194208491211,663,1036,850
4538.671240759292,4538.421240759292,4538.921240759292,1106,1173,1140
4541.187400754661,4541.062400754661,4541.312400754661,1858,1247,1553
4537.335417095344,4537.210417095344,4537.460417095344,2361,1338,1850
4538.972533396195,4538.847533396195,4539.097533396195,2037,1194,1616
4536.071152294787,4535.946152294787,4536.196152294787,1253,1364,1309
4535.970927531728,4535.845927531728,4536.095927531728,1298,2385,1842
4535.925197633268,4535.675197633268,4536.175197633268,2411,942,1677
4536.779646610159,4536.654646610159,4536.904646610159,1927,1268,1598
4536.539598698461,4536.289598698461,4536.789598698461,577,1620,1099
4537.850881311866,4537.725881311866,4537.975881311866,519,1238,879
4536.753241256604,4536.503241256604,4537.003241256604,1893,1454,1674
4537.606758520152,4537.481758520152,4537.731758520152,1220,1961,1591
4540.376192734485,4540.251192734485,4540.501192734485,967,820,894
4540.363259481119,4539.988259481119,4540.738259481119,933,982,958
4541.878701472599,4541.753701472599,4542.003701472599,802,1511,1157
4544.589990713881,4544.464990713881,4544.714990713881,1016,1613,1315
4546.691304921119,4546.566304921119,4546.816304921119,474,1169,822
4546.9110235562175,4546.7860235562175,4547.0360235562175,1851,896,1374
4546.938486634626,4546.813486634626,4547.063486634626,920,1847,1384
4541.804276168081,4541.679276168081,4541.929276168081,1170,1831,1501
4541.535674615364,4541.285674615364,4541.785674615364,902,1981,1442
4538.9546333613125,4538.8296333613125,4539.0796333613125,1182,1183,1183
4539.144758848844,4539.019758848844,4539.269758848844,1213,2364,1789
4537.425054608135,4537.300054608135,4537.550054608135,1322,1313,1318
4537.898822398407,4537.773822398407,4538.023822398407,1690,1519,1605
4536.223735123697,4536.098735123697,4536.348735123697,1262,1051,1157
4536.944313842592,4536.819313842592,4537.069313842592,1947,2016,1982
4539.647283212895,4539.272283212895,4540.022283212895,1256,761,1009
4541.730018936814,4541.480018936814,4541.980018936814,1347,574,961
4542.7374211680435,4542.4874211680435,4542.9874211680435,1824,913,1369
4546.387775881505,4546.262775881505,4546.512775881505,685,1238,962
4547.283408583004,4547.158408583004,4547.408408583004,1082,2843,1963
4546.953555825326,4546.703555825326,4547.203555825326,1148,965,1057
4549.026451540296,4548.901451540296,4549.151451540296,1108,1657,1383
4548.9597598710525,4548.7097598710525,4549.2097598710525,610,1031,821
4551.420198254,4551.045198254,4551.795198254,660,1263,962
4552.049141768015,4551.924141768015,4552.174141768015,1159,876,1018
4554.111939185411,4553.986939185411,4554.236939185411,2028,951,1490
4552.754291945574,4552.629291945574,4552.879291945574,1685,1642,1664
4553.164057222406,4553.039057222406,4553.289057222406,1328,483,906
4554.519034291284,4554.269034291284,4554.769034291284,1620,1697,1659
4555.4667824247435,4555.3417824247435,4555.5917824247435,1093,1394,1244
4553.130527660511,4553.005527660511,4553.255527660511,1533,2062,1798
4555.570665828321,4555.445665828321,4555.695665828321,1615,872,1244
4554.560364870627,4554.435364870627,4554.685364870627,1310,1679,1495
4555.140124830097,4555.015124830097,4555.265124830097,1704,1131,1418
4555.823502645565,4555.573502645565,4556.073502645565,2121,1082,1602
4555.795067966761,4555.670067966761,4555.920067966761,1100,2507,1804
4552.258372759639,4552.133372759639,4552.383372759639,1064,2623,1844
4554.024288957171,4553.899288957171,4554.149288957171,1130,599,865
4557.035965622925,4556.910965622925,4557.160965622925,1119,1156,1138
4557.987318066328,4557.612318066328,4558.362318066328,691,1380,1036
4557.376021133558,4557.126021133558,4557.626021133558,1753,1140,1447
4556.3816014866015,4556.2566014866015,4556.5066014866015,2469,1026,1748
4558.642572405712,4558.517572405712,4558.767572405712,1167,452,810
4557.469399388573,4557.344399388573,4557.594399388573,1803,834,1319
4555.840034675306,4555.590034675306,4556.090034675306,1644,1815,1730
4555.088905206457,4554.963905206457,4555.213905206457,926,1305,1116
4551.62268643072,4551.37268643072,4551.87268643072,1696,1419,1558
4553.514959444924,4553.389959444924,4553.639959444924,761,1262,1012
4552.466763274121,4552.216763274121,4552.716763274121,857,1508,1183
4549.717750582087,4549.467750582087,4549.967750582087,1804,1141,1473
4551.041725676983,4550.916725676983,4551.166725676983,2704,979,1842
4554.203138910236,4553.828138910236,4554.578138910236,2342,1181,1762
4553.4438283924455,4553.1938283924455,4553.6938283924455,669,972,821
4552.184042856476,4551.809042856476,4552.559042856476,1710,799,1255
4554.253209730595,4554.128209730595,4554.378209730595,754,1383,1069
4556.413204133162,4556.163204133162,4556.663204133162,1546,1355,1451
4556.926704127897,4556.801704127897,4557.051704127897,2463,1036,1750
4556.194868610625,4556.069868610625,4556.319868610625,1067,1402,1235
4557.56533759962,4557.31533759962,4557.81533759962,1639,2338,1989
4558.888086681847,4558.638086681847,4559.138086681847,637,1448,1043
4558.339990287803,4558.214990287803,4558.464990287803,2364,1013,1689
4562.502028432405,4562.252028432405,4562.752028432405,1053,1890,1472
4562.664760503852,4562.539760503852,4562.789760503852,1699,746,1223
4565.655592694153,4565.530592694153,4565.780592694153,1408,2205,1807
4564.440807076999,4564.315807076999,4564.565807076999,2081,1628,1855
4563.387836010168,4563.262836010168,4563.512836010168,1240,455,848
4565.300341369455,4564.925341369455,4565.675341369455,2421,916,1669
4564.9640357581875,4564.8390357581875,4565.0890357581875,569,1086,828
4563.922693499254,4563.547693499254,4564.297693499254,1241,2294,1768
4566.5384568590425,4566.2884568590425,4566.7884568590425,566,1359,963
4569.566710663477,4569.441710663477,4569.691710663477,1356,773,1065
4569.622764623563,4569.497764623563,4569.747764623563,1413,2284,1849
4573.3270063030495,4573.2020063030495,4573.4520063030495,1225,1288,1257
4575.581685590368,4575.456685590368,4575.706685590368,797,2236,1517
4574.368484692906,4574.243484692906,4574.493484692906,829,1200,1015
4575.0103313733025,4574.8853313733025,4575.1353313733025,875,842,859
4576.108701356556,4575.983701356556,4576.233701356556,1282,1971,1627
4572.707150044999,4572.332150044999,4573.082150044999,1725,820,1273
4572.90647343905,4572.78147343905,4573.03147343905,1028,1403,1216
4575.293505524745,4575.043505524745,4575.543505524745,1468,873,1171
4577.479707736814,4577.354707736814,4577.604707736814,1880,1067,1474
4579.446695662418,4579.196695662418,4579.696695662418,1698,1949,1824
4579.103807406466,4578.728807406466,4579.478807406466,962,659,811
4577.754430672503,4577.379430672503,4578.129430672503,906,843,875
4579.152122595039,4579.027122595039,4579.277122595039,1428,1843,1636
4576.294706667745,4576.169706667745,4576.419706667745,1281,442,862
4572.511967478558,4572.386967478558,4572.636967478558,923,752,838
4574.771348240595,4574.396348240595,4575.146348240595,1121,1494,1308
4576.428629626956,4576.303629626956,4576.553629626956,1418,2145,1782
4578.404458958273,4578.279458958273,4578.529458958273,560,1503,1032
4579.89136150478,4579.64136150478,4580.14136150478,1533,670,1102
4577.682673779089,4577.307673779089,4578.057673779089,523,1370,947
4577.985906393071,4577.860906393071,4578.110906393071,2061,1314,1688
4576.774713801432,4576.399713801432,4577.149713801432,1790,665,1228
4576.714217380924,4576.589217380924,4576.839217380924,2582,1185,1884
4575.848227457133,4575.723227457133,4575.973227457133,1838,803,1321
4576.901597382006,4576.776597382006,4577.026597382006,1887,1560,1724
4577.353289474275,4577.228289474275,4577.478289474275,776,2105,1441
4577.251146739442,4577.126146739442,4577.376146739442,469,1130,800
4577.361952608596,4576.986952608596,4577.736952608596,2481,948,1715
4580.268995698317,4580.018995698317,4580.518995698317,1924,839,1382
4580.901200620022,4580.776200620022,4581.026200620022,947,2048,1498
4579.479877228518,4579.354877228518,4579.604877228518,1691,582,1137
4579.341165664718,4579.216165664718,4579.466165664718,902,2047,1475
4579.658885459283,4579.533885459283,4579.783885459283,1444,1665,1555
4578.464244765123,4578.339244765123,4578.589244765123,1676,1157,1417
4574.850237363276,4574.725237363276,4574.975237363276,1743,1684,1714
4574.284458600268,4574.159458600268,4574.409458600268,944,817,881
4572.174510070505,4572.049510070505,4572.299510070505,1266,1431,1349
4571.192303271983,4571.067303271983,4571.317303271983,2503,1292,1898
4569.495007213172,4569.370007213172,4569.620007213172,1905,1856,1881
4571.790675048972,4571.665675048972,4571.915675048972,1723,1086,1405
4573.376334136756,4573.126334136756,4573.626334136756,1981,1300,1641
4575.019174661075,4574.894174661075,4575.144174661075,1874,1473,1674
4571.119058050329,4570.744058050329,4571.494058050329,1476,2165,1821
4571.762152138133,4571.637152138133,4571.887152138133,607,1326,967
4572.418036980932,4572.043036980932,4572.793036980932,2035,1794,1915
4571.759109454606,4571.509109454606,4572.009109454606,1594,2219,1907
4570.157939800007,4570.032939800007,4570.282939800007,784,1079,932
4569.449844246708,4569.199844246708,4569.699844246708,771,950,861
4568.790275763263,4568.540275763263,4569.040275763263,1084,599,842
4566.908114334351,4566.658114334351,4567.158114334351,1263,1568,1416
4570.412576092552,4570.287576092552,4570.537576092552,2251,916,1584
4570.048790620017,4569.673790620017,4570.423790620017,903,2264,1584
4570.03534902961,4569.91034902961,4570.16034902961,1670,1115,1393
4569.336161251369,4569.211161251369,4569.461161251369,788,1135,962
4563.427033599479,4563.052033599479,4563.802033599479,991,1986,1489
4561.342780179321,4561.217780179321,4561.467780179321,1836,1629,1733
4562.379261974438,4562.254261974438,4562.504261974438,1746,809,1278
4568.338993124124,4568.088993124124,4568.588993124124,1333,1118,1226
4568.299330271754,4568.174330271754,4568.424330271754,1921,1302,1612
4570.388410909247,4570.263410909247,4570.513410909247,712,1495,1104
4571.295279852787,4571.045279852787,4571.545279852787,1809,1058,1434
4572.137655056955,4572.012655056955,4572.262655056955,565,1126,846
4571.074364256561,4570.824364256561,4571.324364256561,1239,806,1023
4569.301491036014,4569.176491036014,4569.426491036014,2154,1189,1672
4570.728093654264,4570.603093654264,4570.853093654264,1874,1887,1881
4567.324679351847,4567.199679351847,4567.449679351847,1427,1600,1514
4563.672131994353,4563.422131994353,4563.922131994353,829,1386,1108
4560.823586833336,4560.698586833336,4560.948586833336,2148,1159,1654
4562.635859582727,4562.510859582727,4562.760859582727,1475,1176,1326
4562.097115434527,4561.972115434527,4562.222115434527,1524,1767,1646
4561.556863250674,4561.306863250674,4561.806863250674,950,2103,1527
4563.396452459355,4563.271452459355,4563.521452459355,1487,2150,1819
4561.20358352123,4560.95358352123,4561.45358352123,2210,799,1505
4561.423656935854,4561.173656935854,4561.673656935854,1734,2107,1921
4558.951856391928,4558.701856391928,4559.201856391928,2022,1827,1925
4557.94148695306,4557.81648695306,4558.06648695306,2571,860,1716
4554.20972198007,4554.08472198007,4554.33472198007,765,1012,889
4555.825794272712,4555.700794272712,4555.950794272712,1193,1566,1380
4557.418795634522,4557.168795634522,4557.668795634522,2380,1071,1726
4556.069737444637,4555.819737444637,4556.319737444637,1440,1085,1263
4558.788808513027,4558.538808513027,4559.038808513027,1203,934,1069
4559.466294903386,4559.341294903386,4559.591294903386,2517,990,1754
4557.514709964114,4557.264709964114,4557.764709964114,1495,1264,1380
4553.705987109219,4553.455987109219,4553.955987109219,778,2041,1410
4557.497896066516,4557.122896066516,4557.872896066516,1282,2251,1767
4561.443578221417,4561.193578221417,4561.693578221417,1595,1820,1708
4562.770501141704,4562.520501141704,4563.020501141704,1724,1345,1535
4564.86071819152,4564.61071819152,4565.11071819152,1320,1233,1277
4564.360470921838,4564.235470921838,4564.485470921838,1681,1970,1826
4562.138933777303,4562.013933777303,4562.263933777303,1119,2372,1746
4562.700878391794,4562.450878391794,4562.950878391794,1671,618,1145
4561.352212952351,4561.227212952351,4561.477212952351,794,2119,1457
4562.13786305111,4562.01286305111,4562.26286305111,2269,858,1564
4560.7600594651,4560.6350594651,4560.8850594651,2415,884,1650
4561.169290123363,4561.044290123363,4561.294290123363,1390,601,996
4561.132819848447,4561.007819848447,4561.257819848447,717,2096,1407
4562.238322741853,4561.988322741853,4562.488322741853,673,1626,1150
4564.820287041719,4564.570287041719,4565.070287041719,1322,2143,1733
4567.271593508372,4566.896593508372,4567.646593508372,1156,2717,1937
4570.36467794825,4570.23967794825,4570.48967794825,526,1217,872
4570.167110053585,4569.792110053585,4570.542110053585,1013,1166,1090
4569.777160342275,4569.527160342275,4570.027160342275,2161,1512,1837
4568.896171353399,4568.646171353399,4569.146171353399,1912,729,1321
4569.76352255343,4569.63852255343,4569.88852255343,1693,1108,1401
4569.130210305522,4569.005210305522,4569.255210305522,2302,1005,1654
4564.666718769119,4564.541718769119,4564.791718769119,1200,1575,1388
4563.880698603865,4563.505698603865,4564.255698603865,1140,2069,1605
4561.830179133376,4561.455179133376,4562.205179133376,921,1372,1147
4561.69405683493,4561.44405683493,4561.94405683493,1338,2017,1678
4560.651265183237,4560.526265183237,4560.776265183237,2064,1069,1567
4561.11517077355,4560.99017077355,4561.24017077355,746,2065,1406
4560.319018372371,4560.194018372371,4560.444018372371,1846,1303,1575
4562.3347752459995,4562.2097752459995,4562.4597752459995,2777,928,1853
4562.5717359611945,4562.4467359611945,4562.6967359611945,1302,761,1032
4567.618568357071,4567.493568357071,4567.743568357071,1069,826,948
4569.91012670587,4569.78512670587,4570.03512670587,2473,850,1662
4569.962648774397,4569.837648774397,4570.087648774397,943,2774,1859
4570.374015592444,4570.124015592444,4570.624015592444,1723,764,1244
4571.849782005767,4571.599782005767,4572.099782005767,1944,977,1461
4574.818811656643,4574.568811656643,4575.068811656643,2157,1656,1907
4574.2412232037,4573.9912232037,4574.4912232037,1556,1173,1365
4575.629940082116,4575.254940082116,4576.004940082116,916,795,856
4574.642337526634,4574.517337526634,4574.767337526634,2285,1374,1830
4576.072207414058,4575.947207414058,4576.197207414058,1367,1594,1481
4577.847298585814,4577.722298585814,4577.972298585814,888,2309,1599
4580.428375984454,4580.303375984454,4580.553375984454,2108,1089,1599
4583.891239188915,4583.766239188915,4584.016239188915,1831,906,1369
4583.715603891049,4583.465603891049,4583.965603891049,907,964,936
4581.172162546796,4580.922162546796,4581.422162546796,2340,853,1597
4581.2410035722005,4581.1160035722005,4581.3660035722005,1149,1448,1299
4576.709471543862,4576.584471543862,4576.834471543862,1996,1299,1648
4574.008326815707,4573.758326815707,4574.258326815707,1023,2034,1529
4573.720765861815,4573.595765861815,4573.845765861815,1321,928,1125
4571.080758104178,4570.830758104178,4571.330758104178,1006,649,828
4568.958950940068,4568.833950940068,4569.083950940068,1002,1725,1364
4570.383249137059,4570.258249137059,4570.508249137059,2071,1222,1647
4572.434486007198,4572.184486007198,4572.684486007198,1158,1483,1321
4571.4947115306595,4571.1197115306595,4571.8697115306595,1324,541,933
4569.063133182847,4568.938133182847,4569.188133182847,830,1243,1037
4567.887424297877,4567.762424297877,4568.012424297877,640,1729,1185
4569.993475210492,4569.868475210492,4570.118475210492,1894,711,1303
4570.414176924267,4570.289176924267,4570.539176924267,1212,673,943
4570.600286616359,4570.475286616359,4570.725286616359,873,1460,1167
4569.450752561338,4569.325752561338,4569.575752561338,1168,683,926
4567.624594416103,4567.374594416103,4567.874594416103,1207,438,823
4569.354035026576,4569.104035026576,4569.604035026576,942,2217,1580
4569.446944625403,4569.196944625403,4569.696944625403,1398,2587,1993
4571.4269126912495,4571.1769126912495,4571.6769126912495,2294,1425,1860
4568.780844900309,4568.655844900309,4568.905844900309,1001,2494,1748
4567.226084732184,4566.851084732184,4567.601084732184,633,1796,1215
4567.396254749568,4567.271254749568,4567.521254749568,1353,864,1109
4567.113058828552,4566.988058828552,4567.238058828552,1165,922,1044
4568.385172773627,4568.260172773627,4568.510172773627,1490,931,1211
4567.37247728627,4567.12247728627,4567.62247728627,445,1184,815
4568.609135536719,4568.234135536719,4568.984135536719,2305,1624,1965
4572.771654543412,4572.396654543412,4573.146654543412,1667,1432,1550
4573.75835013993,4573.50835013993,4574.00835013993,1186,1263,1225
4575.853116309054,4575.728116309054,4575.978116309054,581,1160,871
4573.6640711789605,4573.5390711789605,4573.7890711789605,1941,1266,1604
4573.127264777117,4572.877264777117,4573.377264777117,1076,1945,1511
4574.525966391106,4574.400966391106,4574.650966391106,2224,1475,1850
4574.432187350547,4574.307187350547,4574.557187350547,891,900,896
4574.396014495272,4574.146014495272,4574.646014495272,1772,619,1196
4575.822746456526,4575.697746456526,4575.947746456526,1948,1879,1914
4574.612796560569,4574.362796560569,4574.862796560569,2806,967,1887
4572.155097423711,4571.905097423711,4572.405097423711,863,2024,1444
4575.422976212873,4575.047976212873,4575.797976212873,853,2506,1680
4577.102466842002,4576.977466842002,4577.227466842002,829,1244,1037
4578.242697122586,4577.992697122586,4578.492697122586,1100,715,908
4581.311501278492,4581.186501278492,4581.436501278492,996,1619,1308
4583.794376653446,4583.669376653446,4583.919376653446,1068,1559,1314
4584.373830057261,4584.248830057261,4584.498830057261,1410,1075,1243
4582.038171833991,4581.913171833991,4582.163171833991,1440,745,1093
4584.636424095248,4584.511424095248,4584.761424095248,1012,707,860
4586.303632127776,4586.178632127776,4586.428632127776,1047,1106,1077
4588.162889827886,4588.037889827886,4588.287889827886,2062,1383,1723
4586.374686728603,4586.249686728603,4586.499686728603,505,1220,863
4588.278773793389,4588.028773793389,4588.528773793389,822,2233,1528
4590.090621928217,4589.715621928217,4590.465621928217,2302,1351,1827
4590.515103905804,4590.390103905804,4590.640103905804,1600,857,1229
4591.257660976014,4591.132660976014,4591.382660976014,1322,487,905
4593.227303096963,4593.102303096963,4593.352303096963,1140,781,961
4592.489486107492,4592.239486107492,4592.739486107492,1418,825,1122
4595.661336511413,4595.536336511413,4595.786336511413,839,920,880
4596.4015065598705,4596.2765065598705,4596.5265065598705,1176,2663,1920
4597.33341554631,4597.20841554631,4597.45841554631,1177,514,846
4592.825589911089,4592.700589911089,4592.950589911089,1031,1410,1221
4591.033775216198,4590.783775216198,4591.283775216198,1452,1285,1369
4591.605183948417,4591.355183948417,4591.855183948417,1608,1231,1420
4591.70414215135,4591.57914215135,4591.82914215135,1012,2617,1815
4594.68567292877,4594.56067292877,4594.81067292877,909,2114,1512
4597.574521115625,4597.324521115625,4597.824521115625,1583,2212,1898
4598.948852578689,4598.823852578689,4599.073852578689,957,960,959
4595.397129144142,4595.272129144142,4595.522129144142,1439,1828,1634
4596.021476841951,4595.896476841951,4596.146476841951,1857,1498,1678
4596.658855423188,4596.533855423188,4596.783855423188,753,874,814
4599.357916057738,4599.107916057738,4599.607916057738,1257,2614,1936
4600.381016194604,4600.256016194604,4600.506016194604,856,1229,1043
4602.3308801301855,4602.0808801301855,4602.5808801301855,1940,1579,1760
4599.477605328683,4599.352605328683,4599.602605328683,1918,769,1344
4599.854422431463,4599.604422431463,4600.104422431463,1195,2088,1642
4598.818355987233,4598.568355987233,4599.068355987233,1904,1351,1628
4600.339253480415,4600.089253480415,4600.589253480415,877,1750,1314
4599.419991732494,4599.044991732494,4599.794991732494,1872,983,1428
4599.494980636103,4599.244980636103,4599.744980636103,1141,1754,1448
4598.085306918203,4597.960306918203,4598.210306918203,2024,929,1477
4598.8000230417565,4598.6750230417565,4598.9250230417565,1702,1869,1786
4595.874603636885,4595.749603636885,4595.999603636885,1754,1201,1478
4592.040562093163,4591.915562093163,4592.165562093163,1108,1045,1077
4592.503595908882,4592.253595908882,4592.753595908882,1108,1129,1119
4590.568080219418,4590.443080219418,4590.693080219418,1087,576,832
4590.501386583971,4590.251386583971,4590.751386583971,706,1519,1113
4591.301427658788,4591.176427658788,4591.426427658788,1505,1258,1382
4590.1544084950465,4590.0294084950465,4590.2794084950465,1515,1942,1729
4589.029073069063,4588.779073069063,4589.279073069063,1219,1696,1458
4591.878759353387,4591.628759353387,4592.128759353387,2097,1712,1905
4590.465642042581,4590.340642042581,4590.590642042581,2404,889,1647
4592.811746755344,4592.686746755344,4592.936746755344,911,2236,1574
4592.774706906435,4592.649706906435,4592.899706906435,1282,1139,1211
4590.840496416066,4590.715496416066,4590.965496416066,1634,1983,1809
4590.685186040764,4590.560186040764,4590.810186040764,1485,2096,1791
4592.041220643912,4591.916220643912,4592.166220643912,1260,517,889
4593.263883586962,4593.013883586962,4593.513883586962,1997,1832,1915
4590.89413086145,4590.76913086145,4591.01913086145,752,1961,1357
4592.640626754595,4592.515626754595,4592.765626754595,1292,2153,1723
4591.905966386356,4591.780966386356,4592.030966386356,1466,1427,1447
4591.293766270075,4591.168766270075,4591.418766270075,2628,1353,1991
4594.99195665058,4594.86695665058,4595.11695665058,1396,1325,1361
4595.771677426969,4595.396677426969,4596.146677426969,1264,1875,1570
4599.663163584418,4599.538163584418,4599.788163584418,1087,2718,1903
4594.527800207313,4594.402800207313,4594.652800207313,557,1178,868
4594.685266369183,4594.560266369183,4594.810266369183,814,791,803
4592.022380966274,4591.772380966274,4592.272380966274,1245,2456,1851
4592.350530673959,4592.100530673959,4592.600530673959,2159,1306,1733
4592.966898412176,4592.841898412176,4593.091898412176,991,1110,1051
4591.895542922808,4591.770542922808,4592.020542922808,1537,1700,1619
4591.5601377201065,4591.4351377201065,4591.6851377201065,921,1538,1230
4593.186825508921,4593.061825508921,4593.311825508921,537,1082,810
4594.0464869811,4593.6714869811,4594.4214869811,855,2058,1457
4594.0756078646655,4593.9506078646655,4594.2006078646655,732,1875,1304
4597.458761423263,4597.333761423263,4597.583761423263,1443,988,1216
4594.27363991119,4594.02363991119,4594.52363991119,2060,1239,1650
4594.1682328771985,4594.0432328771985,4594.2932328771985,2137,758,1448
4596.538150613134,4596.413150613134,4596.663150613134,1936,1559,1748
4597.022477320961,4596.772477320961,4597.272477320961,1352,949,1151
4599.974808357287,4599.849808357287,4600.099808357287,1311,1882,1597
4600.232818307051,4600.107818307051,4600.357818307051,986,2751,1869
4600.436431447634,4600.311431447634,4600.561431447634,1019,894,957
4598.9380723357035,4598.6880723357035,4599.1880723357035,715,954,835
4595.484156344424,4595.359156344424,4595.609156344424,1466,1725,1596
4593.123017927532,4592.873017927532,4593.373017927532,2208,1375,1792
4592.150770641481,4592.025770641481,4592.275770641481,942,1081,1012
4594.391847653054,4594.266847653054,4594.516847653054,1329,2266,1798
4595.738099927424,4595.488099927424,4595.988099927424,1591,1084,1338
4595.969738360061,4595.844738360061,4596.094738360061,500,1351,926
4597.034400497725,4596.909400497725,4597.159400497725,719,940,830
4598.207419587812,4597.957419587812,4598.457419587812,2835,982,1909
4598.531645720781,4598.281645720781,4598.781645720781,1123,800,962
4599.3060953983395,4599.0560953983395,4599.5560953983395,966,1063,1015
4602.838926274516,4602.713926274516,4602.963926274516,1043,574,809
4604.282545613241,4604.032545613241,4604.532545613241,1907,2042,1975
4602.551031317446,4602.176031317446,4602.926031317446,919,944,932
4602.243280514449,4602.118280514449,4602.368280514449,996,1001,999
4603.930203678754,4603.805203678754,4604.055203678754,1262,2565,1914
4604.876002975531,4604.501002975531,4605.251002975531,910,2487,1699
4604.431172541275,4604.056172541275,4604.806172541275,1143,2622,1883
4605.671403139584,4605.546403139584,4605.796403139584,1315,1206,1261
4607.467469999848,4607.342469999848,4607.592469999848,1638,889,1264
4609.451669149309,4609.201669149309,4609.701669149309,2213,858,1536
4609.487785916095,4609.237785916095,4609.737785916095,973,1916,1445
4608.885881355931,4608.760881355931,4609.010881355931,709,1046,878
4604.657817698893,4604.407817698893,4604.907817698893,1653,2222,1938
4603.382241866442,4603.132241866442,4603.632241866442,857,1906,1382
4598.607295583205,4598.482295583205,4598.732295583205,1469,1584,1527
4597.619762737626,4597.494762737626,4597.744762737626,2015,746,1381
4597.5122329329015,4597.3872329329015,4597.6372329329015,1285,1854,1570
4597.355420514166,4597.230420514166,4597.480420514166,1141,1452,1297
4596.564663280261,4596.439663280261,4596.689663280261,1773,1538,1656
4597.893703564465,4597.768703564465,4598.018703564465,2073,1156,1615
4593.462530420118,4593.087530420118,4593.837530420118,1137,1892,1515
4595.156826881857,4594.781826881857,4595.531826881857,1626,1561,1594
4592.8429448035495,4592.7179448035495,4592.9679448035495,2434,1405,1920
4595.22328710485,4594.97328710485,4595.47328710485,1119,1812,1466
4598.639865469073,4598.389865469073,4598.889865469073,1411,550,981
4600.308374032979,4600.183374032979,4600.433374032979,1896,1897,1897
4603.883114948408,4603.508114948408,4604.258114948408,1028,2655,1842
4604.714836322209,4604.464836322209,4604.964836322209,1176,1097,1137
4606.897871213996,4606.772871213996,4607.022871213996,1053,546,800
4610.713986393503,4610.588986393503,4610.838986393503,1163,850,1007
4611.575813738443,4611.325813738443,4611.825813738443,1370,2015,1693
4612.54268529834,4612.41768529834,4612.66768529834,821,1430,1126
4616.459636717488,4616.334636717488,4616.584636717488,1459,1038,1249
4618.8557753797395,4618.7307753797395,4618.9807753797395,1632,751,1192
4621.085696397154,4620.960696397154,4621.210696397154,980,1739,1360
4621.863307490338,4621.738307490338,4621.988307490338,1636,705,1171
4621.423888679444,4621.173888679444,4621.673888679444,1835,1290,1563
4624.520811438664,4624.270811438664,4624.770811438664,1441,858,1150
4624.844788532886,4624.719788532886,4624.969788532886,2510,1415,1963
4623.490436289382,4623.365436289382,4623.615436289382,966,1015,991
4628.5398128134075,4628.4148128134075,4628.6648128134075,1429,1322,1376
4626.599947035129,4626.474947035129,4626.724947035129,1812,721,1267
4627.907021130935,4627.782021130935,4628.032021130935,970,691,831
4625.923845933252,4625.673845933252,4626.173845933252,757,2084,1421
4627.544337067007,4627.169337067007,4627.919337067007,2473,1490,1982
4629.345822902768,4629.220822902768,4629.470822902768,1488,1805,1647
4625.133324759595,4625.008324759595,4625.258324759595,1190,455,823
4629.109053876133,4628.984053876133,4629.234053876133,756,1257,1007
4630.710998399033,4630.460998399033,4630.960998399033,1594,909,1252
4631.925284495946,4631.800284495946,4632.050284495946,827,1070,949
4630.618809049584,4630.493809049584,4630.743809049584,1660,1037,1349
4629.039729975893,4628.914729975893,4629.164729975893,424,1197,811
4629.187901925484,4629.062901925484,4629.312901925484,2032,723,1378
4628.928463084096,4628.803463084096,4629.053463084096,2096,1243,1670
4628.730029681606,4628.605029681606,4628.855029681606,1302,821,1062
4629.671993751411,4629.546993751411,4629.796993751411,761,1616,1189
4630.721700800727,4630.596700800727,4630.846700800727,1722,1787,1755
4632.155940660094,4631.905940660094,4632.405940660094,1352,2545,1949
4634.316095533185,4634.191095533185,4634.441095533185,2053,940,1497
4631.425685656893,4631.175685656893,4631.675685656893,1016,907,962
4631.330875887922,4631.205875887922,4631.455875887922,915,1026,971
4628.886709261457,4628.761709261457,4629.011709261457,1612,2089,1851
4634.20110642635,4633.95110642635,4634.45110642635,955,1800,1378
4631.864881994688,4631.739881994688,4631.989881994688,842,795,819
4628.315197939163,4628.190197939163,4628.440197939163,1445,2022,1734
4631.3704368214885,4631.2454368214885,4631.4954368214885,1588,963,1276
4631.346263779432,4631.221263779432,4631.471263779432,1114,907,1011
4630.7417095033215,4630.4917095033215,4630.9917095033215,646,1545,1096
4631.855326464293,4631.730326464293,4631.980326464293,1431,1314,1373
4632.5383758432,4632.2883758432,4632.7883758432,1514,2343,1929
4628.761467016156,4628.636467016156,4628.886467016156,897,708,803
4624.111877120096,4623.986877120096,4624.236877120096,729,1248,989
4617.838672009101,4617.713672009101,4617.963672009101,797,1840,1319
4615.71844361754,4615.46844361754,4615.96844361754,1828,1373,1601
4610.40129269772,4610.15129269772,4610.65129269772,968,959,964
4607.861124157088,4607.611124157088,4608.111124157088,1526,1885,1706
4607.167488377511,4607.042488377511,4607.292488377511,2693,1072,1883
4604.6046029743,4604.2296029743,4604.9796029743,688,1797,1243
4609.459591351538,4609.209591351538,4609.709591351538,809,2208,1509
4611.882317442058,4611.757317442058,4612.007317442058,1285,1100,1193
4615.595796404333,4615.470796404333,4615.720796404333,2047,1100,1574
4615.256654591146,4615.131654591146,4615.381654591146,910,1871,1391
4623.382449598848,4623.132449598848,4623.632449598848,1971,706,1339
4623.063161753052,4622.938161753052,4623.188161753052,2320,999,1660
4624.8713571548615,4624.7463571548615,4624.9963571548615,1074,2163,1619
4621.358556054523,4620.983556054523,4621.733556054523,1270,2345,1808
4619.888578656002,4619.763578656002,4620.013578656002,1876,1003,1440
4617.323103910603,4617.198103910603,4617.448103910603,2491,1320,1906
4614.816978285331,4614.691978285331,4614.941978285331,636,1725,1181
4611.771746319597,4611.521746319597,4612.021746319597,715,1566,1141
4609.420508359799,4609.295508359799,4609.545508359799,1523,1132,1328
4610.906668101737,4610.781668101737,4611.031668101737,2701,1284,1993
4607.455735448985,4607.205735448985,4607.705735448985,1296,2501,1899
4612.6288091754095,4612.3788091754095,4612.8788091754095,817,2100,1459
4612.676238853019,4612.551238853019,4612.801238853019,1076,1269,1173
4613.848641940441,4613.723641940441,4613.973641940441,1057,828,943
4613.72770598061,4613.60270598061,4613.85270598061,626,1597,1112
4613.922476934238,4613.672476934238,4614.172476934238,1500,2133,1817
4611.684852847037,4611.559852847037,4611.809852847037,2708,1277,1993
4609.098752369609,4608.848752369609,4609.348752369609,549,1642,1096
4606.299806446835,4606.049806446835,4606.549806446835,997,1600,1299
4609.206618076342,4609.081618076342,4609.331618076342,2407,1304,1856
4612.378337172797,4612.003337172797,4612.753337172797,1063,1284,1174
4614.221419756466,4614.096419756466,4614.346419756466,878,1923,1401
4611.727124673067,4611.477124673067,4611.977124673067,1392,2023,1708
4612.856043780564,4612.731043780564,4612.981043780564,1005,1516,1261
4614.064658349602,4613.939658349602,4614.189658349602,1757,1540,1649
4615.958005299941,4615.833005299941,4616.083005299941,654,1541,1098
4613.836668771778,4613.711668771778,4613.961668771778,615,1530,1073
4618.133640674959,4617.883640674959,4618.383640674959,987,762,875
4613.339138319382,4613.214138319382,4613.464138319382,2428,1145,1787
4614.057541232727,4613.932541232727,4614.182541232727,1040,1121,1081
4618.361203818338,4618.111203818338,4618.611203818338,828,1093,961
4616.569902788478,4616.444902788478,4616.694902788478,1355,2094,1725
4614.553885508039,4614.303885508039,4614.803885508039,2724,1027,1876
4612.934518213557,4612.684518213557,4613.184518213557,996,1057,1027
4613.063800291497,4612.938800291497,4613.188800291497,466,1329,898
4609.3585973705,4608.9835973705,4609.7335973705,1417,2184,1801
4609.549766513867,4609.424766513867,4609.674766513867,2090,1195,1643
4611.812646283475,4611.687646283475,4611.937646283475,2012,1857,1935
4613.494633727321,4613.369633727321,4613.619633727321,841,1726,1284
4607.835220509712,4607.585220509712,4608.085220509712,1974,1847,1911
4605.958426732871,4605.833426732871,4606.083426732871,1082,1609,1346
4608.816401301986,4608.566401301986,4609.066401301986,865,1452,1159
4611.95803247712,4611.70803247712,4612.20803247712,2115,1726,1921
4613.453986309512,4613.328986309512,4613.578986309512,1411,536,974
4609.369047335963,4609.244047335963,4609.494047335963,2091,1746,1919
4609.550086493525,4609.425086493525,4609.675086493525,1072,1269,1171
4613.738719151744,4613.488719151744,4613.988719151744,1808,1173,1491
4613.337613544446,4613.212613544446,4613.462613544446,1060,875,968
4612.836205178558,4612.461205178558,4613.211205178558,2566,883,1725
4612.958038371707,4612.833038371707,4613.083038371707,1310,1685,1498
4608.632645264768,4608.382645264768,4608.882645264768,892,1425,1159
4613.9521183186835,4613.8271183186835,4614.0771183186835,1063,684,874
4614.789683782289,4614.664683782289,4614.914683782289,1444,2517,1981
4613.668560915729,4613.293560915729,4614.043560915729,1047,2702,1875
4614.498635564633,4614.373635564633,4614.623635564633,2155,1494,1825
4612.786315611136,4612.536315611136,4613.036315611136,725,1140,933
4610.639038774757,4610.514038774757,4610.764038774757,1932,1209,1571
4613.190172124895,4612.815172124895,4613.565172124895,1737,1946,1842
4611.265923238963,4611.140923238963,4611.390923238963,849,1394,1122
4610.433603617061,4610.308603617061,4610.558603617061,1337,2194,1766
4612.864619267492,4612.614619267492,4613.114619267492,1232,1709,1471
4612.434551802934,4612.184551802934,4612.684551802934,1125,736,931
4615.809396258838,4615.684396258838,4615.934396258838,1818,945,1382
4619.894528043399,4619.769528043399,4620.019528043399,1829,740,1285
4623.898638075567,4623.773638075567,4624.023638075567,930,713,822
4620.895547088164,4620.770547088164,4621.020547088164,1221,986,1104
4621.276347355031,4621.026347355031,4621.526347355031,1253,532,893
4620.146998798168,4619.896998798168,4620.396998798168,1898,1533,1716
4625.815900996258,4625.565900996258,4626.065900996258,1284,1719,1502
4617.560008303471,4617.435008303471,4617.685008303471,539,1396,968
4617.896487686344,4617.771487686344,4618.021487686344,652,1157,905
4617.7136450333965,4617.5886450333965,4617.8386450333965,975,1030,1003
4613.792644407371,4613.667644407371,4613.917644407371,1283,482,883
4615.707403508466,4615.582403508466,4615.832403508466,1728,1547,1638
4615.583091564633,4615.333091564633,4615.833091564633,1228,1755,1492
4614.144546814224,4613.894546814224,4614.394546814224,2244,1353,1799
4618.192702258104,4617.942702258104,4618.442702258104,1356,841,1099
4613.0354832454195,4612.7854832454195,4613.2854832454195,1388,541,965
4610.174814904967,4609.799814904967,4610.549814904967,1407,784,1096
4606.783770207453,4606.533770207453,4607.033770207453,2155,1270,1713
4605.75890712044,4605.63390712044,4605.88390712044,1080,711,896
4610.1402138651465,4610.0152138651465,4610.2652138651465,1252,1983,1618
4611.495640630012,4611.370640630012,4611.620640630012,2643,1304,1974
4611.938496455084,4611.813496455084,4612.063496455084,1452,631,1042
4615.054936750091,4614.929936750091,4615.179936750091,513,1492,1003
4613.720805084343,4613.595805084343,4613.845805084343,861,1070,966
4611.512982838334,4611.387982838334,4611.637982838334,2256,1017,1637
4617.626890052109,4617.501890052109,4617.751890052109,1795,1946,1871
4618.404673345278,4618.279673345278,4618.529673345278,1532,1333,1433
4616.515964217898,4616.265964217898,4616.765964217898,1206,431,819
4616.600152739248,4616.475152739248,4616.725152739248,588,1449,1019
4617.385518195283,4617.135518195283,4617.635518195283,994,1603,1299
4620.001819038802,4619.876819038802,4620.126819038802,1702,1771,1737
4624.548470808606,4624.423470808606,4624.673470808606,2095,884,1490
4627.863179338391,4627.738179338391,4627.988179338391,1288,1157,1223
4627.936541424944,4627.686541424944,4628.186541424944,724,1489,1107
4632.8622584345585,4632.7372584345585,4632.9872584345585,860,1161,1011
4633.155065967197,4633.030065967197,4633.280065967197,1363,2476,1920
4633.230624979978,4632.980624979978,4633.480624979978,589,1080,835
4637.390130347178,4637.265130347178,4637.515130347178,1824,1471,1648
4637.9027350638635,4637.6527350638635,4638.1527350638635,1052,669,861
4639.3237921582695,4639.1987921582695,4639.4487921582695,963,2082,1523
4633.128540442541,4632.878540442541,4633.378540442541,2268,1085,1677
4629.117474074026,4628.867474074026,4629.367474074026,1550,1111,1331
4634.66720964646,4634.54220964646,4634.79220964646,1465,944,1205
4633.756607336346,4633.631607336346,4633.881607336346,759,1674,1217
4631.9490879341,4631.8240879341,4632.0740879341,1973,1036,1505
4633.5898340150325,4633.4648340150325,4633.7148340150325,798,1201,1000
4638.570212863279,4638.320212863279,4638.820212863279,1577,2262,1920
4641.703290672646,4641.328290672646,4642.078290672646,2060,1473,1767
4650.064469136607,4649.939469136607,4650.189469136607,1046,1967,1507
4650.963622092457,4650.838622092457,4651.088622092457,1277,856,1067
4657.165196843568,4656.915196843568,4657.415196843568,909,1714,1312
4658.607504195275,4658.482504195275,4658.732504195275,781,1744,1263
4659.263417556196,4659.138417556196,4659.388417556196,1796,2095,1946
4659.515068826691,4659.390068826691,4659.640068826691,615,1590,1103
4659.994608512773,4659.744608512773,4660.244608512773,1259,1470,1365
4658.68922162246,4658.56422162246,4658.81422162246,1222,1243,1233
4658.226429634327,4657.976429634327,4658.476429634327,1519,1080,1300
4657.791714980558,4657.666714980558,4657.916714980558,1965,1948,1957
4658.7597060916505,4658.5097060916505,4659.0097060916505,1356,1407,1382
4653.155907476915,4653.030907476915,4653.280907476915,911,2656,1784
4653.267331327271,4653.142331327271,4653.392331327271,955,1704,1330
4651.822910556899,4651.447910556899,4652.197910556899,2645,1328,1987
4656.766074300771,4656.641074300771,4656.891074300771,1320,1127,1224
4656.966542615656,4656.716542615656,4657.216542615656,2459,990,1725
4659.643115707921,4659.518115707921,4659.768115707921,1370,1095,1233
4659.445510323859,4659.195510323859,4659.695510323859,1634,1469,1552
4660.110598115663,4659.985598115663,4660.235598115663,2370,1289,1830
4658.318478026602,4658.193478026602,4658.443478026602,1599,1440,1520
4655.770227941377,4655.645227941377,4655.895227941377,1261,662,962
4654.863342858573,4654.738342858573,4654.988342858573,2452,939,1696
4656.230949134414,4656.105949134414,4656.355949134414,1318,1289,1304
4654.631248354038,4654.381248354038,4654.881248354038,508,1289,899
4660.152914720436,4660.027914720436,4660.277914720436,873,1602,1238
4660.09387696245,4659.84387696245,4660.34387696245,1764,1401,1583
4664.111607508393,4663.861607508393,4664.361607508393,2790,931,1861
4661.799431854664,4661.549431854664,4662.049431854664,1381,758,1070
4659.002863553288,4658.877863553288,4659.127863553288,1537,1378,1458
4659.561627219735,4659.311627219735,4659.811627219735,1218,1027,1123
4654.54801194774,4654.42301194774,4654.67301194774,2750,1137,1944
4655.593868623364,4655.343868623364,4655.843868623364,1535,1396,1466
4659.477826814807,4659.352826814807,4659.602826814807,1190,1525,1358
4659.654768599419,4659.529768599419,4659.779768599419,1390,1707,1549
4658.92634669431,4658.80134669431,4659.05134669431,748,1915,1332
4655.28039359177,4655.15539359177,4655.40539359177,2323,1356,1840
4658.134162130964,4657.884162130964,4658.384162130964,682,1217,950
4667.906830860491,4667.656830860491,4668.156830860491,1642,1189,1416
4669.334283797444,4668.959283797444,4669.709283797444,792,1597,1195
4669.947625437868,4669.697625437868,4670.197625437868,1433,1994,1714
4671.293451762013,4671.168451762013,4671.418451762013,1254,761,1008
4671.491816669344,4671.366816669344,4671.616816669344,1507,914,1211
4670.93761116717,4670.68761116717,4671.18761116717,1133,494,814
4669.566967334858,4669.441967334858,4669.691967334858,1453,1550,1502
4674.771587781283,4674.646587781283,4674.896587781283,1404,2557,1981
4680.85463608862,4680.72963608862,4680.97963608862,2322,907,1615
4681.469144830925,4681.219144830925,4681.719144830925,887,844,866
4679.878271617329,4679.753271617329,4680.003271617329,781,1810,1296
4679.413029557525,4679.288029557525,4679.538029557525,2451,1018,1735
4680.71987889741,4680.46987889741,4680.96987889741,724,1357,1041
4679.219287977814,4679.094287977814,4679.344287977814,2260,967,1614
4677.654284229553,4677.529284229553,4677.779284229553,2437,836,1637
4680.215185871851,4679.965185871851,4680.465185871851,1569,548,1059
4687.023376555725,4686.898376555725,4687.148376555725,1756,1143,1450
4696.728797614842,4696.603797614842,4696.853797614842,2064,1267,1666
4697.038353168226,4696.913353168226,4697.163353168226,2635,1128,1882
4693.704204722612,4693.454204722612,4693.954204722612,1978,713,1346
4691.893153087999,4691.768153087999,4692.018153087999,736,1059,898
4683.755233685983,4683.630233685983,4683.880233685983,1864,959,1412
4687.505676004934,4687.380676004934,4687.630676004934,2488,1121,1805
4685.873606865754,4685.748606865754,4685.998606865754,1675,2302,1989
4689.808675759673,4689.558675759673,4690.058675759673,555,1446,1001
4694.579960526444,4694.454960526444,4694.704960526444,1144,581,863
4699.705520332569,4699.330520332569,4700.080520332569,521,1368,945
4702.163723782382,4701.913723782382,4702.413723782382,833,838,836
4699.812120899408,4699.437120899408,4700.187120899408,1515,2374,1945
4702.0813090012325,4701.9563090012325,4702.2063090012325,895,972,934
4700.94253870183,4700.69253870183,4701.19253870183,1766,1571,1669
4701.343068160639,4701.093068160639,4701.593068160639,1151,1768,1460
4699.277216441292,4699.027216441292,4699.527216441292,1012,1313,1163
4702.434909437732,4702.309909437732,4702.559909437732,1222,643,933
4702.815338237831,4702.690338237831,4702.940338237831,655,1034,845
4708.350345252178,4708.225345252178,4708.475345252178,1239,1238,1239
4710.007538081107,4709.882538081107,4710.132538081107,1533,850,1192
4711.4094859915,4711.1594859915,4711.6594859915,1875,1360,1618
4722.528792487395,4722.403792487395,4722.653792487395,715,1284,1000
4717.28970194187,4717.16470194187,4717.41470194187,1542,1485,1514
4714.468838946821,4714.343838946821,4714.593838946821,927,1252,1090
4706.811070576397,4706.436070576397,4707.186070576397,2629,1254,1942
4711.7837179646895,4711.6587179646895,4711.9087179646895,2025,1870,1948
4700.217152760738,4699.967152760738,4700.467152760738,1926,1513,1720
4695.500420566263,4695.375420566263,4695.625420566263,519,1544,1032
4696.870708517732,4696.745708517732,4696.995708517732,579,1376,978
4703.481583369143,4703.356583369143,4703.606583369143,2195,750,1473
4704.6821726415565,4704.4321726415565,4704.9321726415565,553,1314,934
4715.428083808039,4715.178083808039,4715.678083808039,626,1021,824
4717.569898158659,4717.444898158659,4717.694898158659,834,1769,1302
4712.817873507397,4712.692873507397,4712.942873507397,1449,1108,1279
4710.961032264485,4710.836032264485,4711.086032264485,2262,1341,1802
4710.955682396635,4710.705682396635,4711.205682396635,1853,1036,1445
4710.617622517559,4710.367622517559,4710.867622517559,1924,1481,1703
4710.2594436843965,4710.1344436843965,4710.3844436843965,1798,2107,1953
4699.684181570534,4699.559181570534,4699.809181570534,2149,910,1530
4702.803399163027,4702.553399163027,4703.053399163027,1217,1262,1240
4698.224193430187,4697.974193430187,4698.474193430187,456,1193,825
4689.321524547098,4689.071524547098,4689.571524547098,1355,1212,1284
4692.150951339253,4692.025951339253,4692.275951339253,1232,2201,1717
4702.382763208975,4702.007763208975,4702.757763208975,1999,846,1423
4696.466818245454,4696.341818245454,4696.591818245454,903,830,867
4695.492663730861,4695.367663730861,4695.617663730861,1089,548,819
4695.82819451237,4695.70319451237,4695.95319451237,969,694,832
4690.21461446079,4690.08961446079,4690.33961446079,1050,2157,1604
4692.506605650455,4692.256605650455,4692.756605650455,872,1441,1157
4691.692305682581,4691.567305682581,4691.817305682581,1135,1582,1359
4701.175647213568,4700.925647213568,4701.425647213568,1204,2155,1680
4704.146000882984,4704.021000882984,4704.271000882984,1642,1447,1545
4696.040191632093,4695.665191632093,4696.415191632093,2487,1292,1890
4683.635179753993,4683.260179753993,4684.010179753993,1396,1255,1326
4685.796616883554,4685.671616883554,4685.921616883554,461,1338,900
4692.145890298481,4692.020890298481,4692.270890298481,528,1165,847
4691.03820736589,4690.91320736589,4691.16320736589,1234,1475,1355
4690.609280389289,4690.484280389289,4690.734280389289,898,1667,1283
4688.776501967111,4688.651501967111,4688.901501967111,2054,1149,1602
4694.048803912147,4693.923803912147,4694.173803912147,1472,953,1213
4691.121624870626,4690.871624870626,4691.371624870626,2714,1101,1908
4684.235427066494,4684.110427066494,4684.360427066494,597,1598,1098
4685.189392369526,4684.939392369526,4685.439392369526,1419,1820,1620
4684.431054845315,4684.056054845315,4684.806054845315,1267,1308,1288
4684.93185320931,4684.68185320931,4685.18185320931,1836,911,1374
4680.304441637836,4680.179441637836,4680.429441637836,1664,1229,1447
4676.617809543527,4676.492809543527,4676.742809543527,991,1198,1095
4674.081286145141,4673.831286145141,4674.331286145141,725,920,823
4670.427054572096,4670.302054572096,4670.552054572096,1439,2048,1744
4667.602148863145,4667.477148863145,4667.727148863145,1427,692,1060
4659.950361546336,4659.825361546336,4660.075361546336,1222,587,905
4667.28671886757,4667.03671886757,4667.53671886757,1348,839,1094
4670.54065366363,4670.41565366363,4670.66565366363,1534,575,1055
4663.828449752443,4663.578449752443,4664.078449752443,1951,820,1386
4663.8128760564505,4663.6878760564505,4663.9378760564505,2528,1391,1960
4661.097593186633,4660.722593186633,4661.472593186633,1302,1297,1300
4653.318410150968,4653.068410150968,4653.568410150968,2642,897,1770
4656.729640003267,4656.354640003267,4657.104640003267,1543,2324,1934
4654.586574222797,4654.461574222797,4654.711574222797,1236,767,1002
4654.234297376007,4653.859297376007,4654.609297376007,1676,2139,1908
4655.980908681354,4655.855908681354,4656.105908681354,885,1012,949
4646.126822723196,4646.001822723196,4646.251822723196,967,826,897
4646.345840769712,4646.220840769712,4646.470840769712,1128,2581,1855
4651.88537006151,4651.63537006151,4652.13537006151,1641,1100,1371
4662.169479249181,4662.044479249181,4662.294479249181,582,1325,954
4659.865053497467,4659.740053497467,4659.990053497467,1099,2036,1568
4660.9645801412225,4660.5895801412225,4661.3395801412225,791,1402,1097
4666.269827183846,4665.894827183846,4666.644827183846,745,1834,1290
4666.167323041707,4666.042323041707,4666.292323041707,1038,2497,1768
4664.3394011587225,4664.2144011587225,4664.4644011587225,1396,507,952
4662.296366151254,4662.046366151254,4662.546366151254,997,1180,1089
4652.173791693407,4651.923791693407,4652.423791693407,1905,1108,1507
4655.709275969051,4655.459275969051,4655.959275969051,1167,516,842
4648.654935909135,4648.529935909135,4648.779935909135,680,1657,1169
4655.058888764858,4654.683888764858,4655.433888764858,847,2146,1497
4650.4701306443185,4650.2201306443185,4650.7201306443185,2201,1504,1853
4652.261407748856,4652.011407748856,4652.511407748856,1664,1661,1663
4659.0922801329125,4658.9672801329125,4659.2172801329125,812,2163,1488
4652.788103217436,4652.663103217436,4652.913103217436,1307,640,974
4648.380638446865,4648.005638446865,4648.755638446865,2196,1081,1639
4634.652656623901,4634.402656623901,4634.902656623901,982,2141,1562
4639.191638733295,4639.066638733295,4639.316638733295,2206,841,1524
4633.548612594665,4633.423612594665,4633.673612594665,1368,1107,1238
4633.593155900945,4633.343155900945,4633.843155900945,1302,1155,1229
4627.035765292106,4626.910765292106,4627.160765292106,805,1596,1201
4627.518986056556,4627.393986056556,4627.643986056556,1146,615,881
4627.642826929488,4627.392826929488,4627.892826929488,1554,1597,1576
4643.4250986102625,4643.1750986102625,4643.6750986102625,1198,1955,1577
4643.066704262608,4642.941704262608,4643.191704262608,938,1595,1267
4646.087074287363,4645.962074287363,4646.212074287363,555,1468,1012
4645.525869388499,4645.400869388499,4645.650869388499,1480,867,1174
4654.30990694949,4654.05990694949,4654.55990694949,2192,1669,1931
4655.222524196661,4654.972524196661,4655.472524196661,962,1365,1164
4656.086546336715,4655.961546336715,4656.211546336715,1536,1831,1684
4651.092561869129,4650.967561869129,4651.217561869129,746,1435,1091
4657.943773456035,4657.693773456035,4658.193773456035,1041,1676,1359
4660.986954191957,4660.861954191957,4661.111954191957,519,1424,972
4673.69157141622,4673.56657141622,4673.81657141622,2684,1021,1853
4665.461299251854,4665.336299251854,4665.586299251854,1191,2676,1934
4670.4796186367,4670.3546186367,4670.6046186367,1050,1397,1224
4653.85513305804,4653.60513305804,4654.10513305804,2748,973,1861
4653.750423756125,4653.500423756125,4654.000423756125,931,730,831
4659.380761273372,4659.005761273372,4659.755761273372,1336,1925,1631
4656.500309112417,4656.375309112417,4656.625309112417,1023,1608,1316
4660.454685605848,4660.329685605848,4660.579685605848,792,2221,1507
4660.786743402473,4660.661743402473,4660.911743402473,1118,1619,1369
4663.304003084633,4663.179003084633,4663.429003084633,1322,2561,1942
4664.82549273417,4664.70049273417,4664.95049273417,2183,1148,1666
4658.350408298896,4658.225408298896,4658.475408298896,1379,2500,1940
4660.431980317892,4660.181980317892,4660.681980317892,916,2103,1510
4659.918327706875,4659.793327706875,4660.043327706875,868,2105,1487
4664.4230968770125,4664.0480968770125,4664.7980968770125,1476,891,1184
4658.447840887677,4658.322840887677,4658.572840887677,1228,499,864
4660.028909739204,4659.778909739204,4660.278909739204,1732,2123,1928
4664.134564593686,4664.009564593686,4664.259564593686,1680,663,1172
4664.657006762106,4664.532006762106,4664.782006762106,1756,1155,1456
4674.7758414856835,4674.6508414856835,4674.9008414856835,1942,1771,1857
4674.278896652307,4674.153896652307,4674.403896652307,1940,823,1382
4677.412158924574,4677.287158924574,4677.537158924574,1489,1308,1399
4684.201749749637,4683.951749749637,4684.451749749637,1773,1252,1513
4685.9549692216715,4685.8299692216715,4686.0799692216715,853,1146,1000
4687.092120089602,4686.967120089602,4687.217120089602,2056,1791,1924
4688.279519331608,4688.029519331608,4688.529519331608,744,1609,1177
4696.043037754403,4695.918037754403,4696.168037754403,2096,883,1490
4696.680313305945,4696.430313305945,4696.930313305945,854,1143,999
4692.709778579916,4692.584778579916,4692.834778579916,1523,1172,1348
4687.693764741555,4687.443764741555,4687.943764741555,1549,652,1101
4682.368215153557,4681.993215153557,4682.743215153557,1645,1608,1627
4681.625521915267,4681.500521915267,4681.750521915267,1259,1192,1226
4671.27159536962,4670.89659536962,4671.64659536962,1844,2021,1933
4668.933223107831,4668.558223107831,4669.308223107831,1467,1640,1554
4667.681542623876,4667.556542623876,4667.806542623876,1226,909,1068
4675.199627142145,4674.949627142145,4675.449627142145,1190,1743,1467
4673.260862586676,4673.135862586676,4673.385862586676,1841,1576,1709
4677.295982193908,4677.170982193908,4677.420982193908,712,983,848
4671.010453496134,4670.885453496134,4671.135453496134,663,950,807
4671.16385804148,4671.03885804148,4671.28885804148,889,774,832
4671.236977298032,4670.986977298032,4671.486977298032,1826,611,1219
4668.55545005843,4668.43045005843,4668.68045005843,1591,904,1248
4675.555472780305,4675.305472780305,4675.805472780305,1675,886,1281
4683.205736352741,4683.080736352741,4683.330736352741,865,788,827
4680.666211534713,4680.541211534713,4680.791211534713,1000,1075,1038
4686.239856024262,4686.114856024262,4686.364856024262,1428,1535,1482
4688.451238838623,4688.201238838623,4688.701238838623,2085,1096,1591
4686.103197772653,4685.978197772653,4686.228197772653,796,1665,1231
4678.719184390471,4678.594184390471,4678.844184390471,2554,1173,1864
4679.838775312916,4679.588775312916,4680.088775312916,1814,2151,1983
4677.697704497875,4677.447704497875,4677.947704497875,953,2608,1781
4671.778157114342,4671.528157114342,4672.028157114342,2322,1303,1813
4665.39046546198,4665.26546546198,4665.51546546198,1490,669,1080
4658.495874551387,4658.370874551387,4658.620874551387,1238,2137,1688
4665.589424747276,4665.464424747276,4665.714424747276,576,1461,1019
4663.525098802893,4663.400098802893,4663.650098802893,1138,1173,1156
4659.438634664453,4659.188634664453,4659.688634664453,1128,1655,1392
4660.063277755739,4659.813277755739,4660.313277755739,1452,1089,1271
4658.886518867158,4658.636518867158,4659.136518867158,1517,2272,1895
4656.097196588548,4655.972196588548,4656.222196588548,2613,972,1793
4648.685001772721,4648.560001772721,4648.810001772721,1199,726,963
4642.105778779456,4641.980778779456,4642.230778779456,957,2092,1525
4636.535671576929,4636.410671576929,4636.660671576929,626,1229,928
4634.268097249428,4634.143097249428,4634.393097249428,699,1060,880
4634.461434624429,4634.211434624429,4634.711434624429,2248,1417,1833
4636.528321891168,4636.278321891168,4636.778321891168,1265,2178,1722
4636.587278945914,4636.462278945914,4636.712278945914,2703,956,1830
4637.177727493311,4636.927727493311,4637.427727493311,1615,1202,1409
4635.350684074716,4635.225684074716,4635.475684074716,2506,985,1746
4630.807227568657,4630.682227568657,4630.932227568657,2559,942,1751
4630.630099680921,4630.505099680921,4630.755099680921,1517,1802,1660
4633.1511959614745,4633.0261959614745,4633.2761959614745,1943,748,1346
4639.113451449341,4638.863451449341,4639.363451449341,1511,990,1251
4643.539595981033,4643.414595981033,4643.664595981033,1862,1215,1539
4647.633022305894,4647.258022305894,4648.008022305894,1088,1183,1136
4650.976602990649,4650.726602990649,4651.226602990649,767,1242,1005
4649.920058516403,4649.670058516403,4650.170058516403,1565,1142,1354
4654.971720815038,4654.846720815038,4655.096720815038,675,1678,1177
4660.539695244884,4660.414695244884,4660.664695244884,2143,1402,1773
4664.995909251819,4664.870909251819,4665.120909251819,1349,1042,1196
4664.827200007288,4664.702200007288,4664.952200007288,921,1054,988
4673.403076892862,4673.153076892862,4673.653076892862,1082,2021,1552
4673.123685572191,4672.748685572191,4673.498685572191,545,1124,835
4671.220806192336,4671.095806192336,4671.345806192336,627,1056,842
4668.63856233103,4668.51356233103,4668.76356233103,758,2045,1402
4670.112982177967,4669.862982177967,4670.362982177967,2503,1458,1981
4670.771944716778,4670.521944716778,4671.021944716778,475,1180,828
4673.085766523532,4672.960766523532,4673.210766523532,1172,455,814
4671.320635265811,4671.195635265811,4671.445635265811,824,1757,1291
4674.453358605538,4674.203358605538,4674.703358605538,1741,1434,1588
4673.503814197511,4673.378814197511,4673.628814197511,1252,671,962
4670.816880591719,4670.691880591719,4670.941880591719,830,1995,1413
4676.675923827145,4676.550923827145,4676.800923827145,1599,1688,1644
4669.641555261693,4669.391555261693,4669.891555261693,930,687,809
4664.537697654782,4664.412697654782,4664.662697654782,989,1640,1315
4668.470239851626,4668.220239851626,4668.720239851626,1673,1556,1615
4671.928892483766,4671.803892483766,4672.053892483766,1858,1711,1785
4670.531250193946,4670.406250193946,4670.656250193946,1388,1935,1662
4670.748729900884,4670.498729900884,4670.998729900884,1154,1073,1114
4674.141137315544,4673.766137315544,4674.516137315544,887,2282,1585
4679.482037291749,4679.357037291749,4679.607037291749,1524,823,1174
4682.591756084582,4682.466756084582,4682.716756084582,1397,1698,1548
4684.069615581599,4683.944615581599,4684.194615581599,770,1093,932
4690.196028151522,4690.071028151522,4690.321028151522,598,1121,860
4693.252644001742,4693.127644001742,4693.377644001742,920,1759,1340
4683.897339829347,4683.772339829347,4684.022339829347,1295,712,1004
4687.080936705221,4686.955936705221,4687.205936705221,1875,1408,1642
4695.618991540947,4695.493991540947,4695.743991540947,1040,1571,1306
4697.696730183405,4697.571730183405,4697.821730183405,1006,1817,1412
4694.168949962125,4694.043949962125,4694.293949962125,1022,1605,1314
4692.069317761963,4691.944317761963,4692.194317761963,2444,1439,1942
4692.684266809034,4692.559266809034,4692.809266809034,747,1072,910
4695.329964286273,4695.204964286273,4695.454964286273,1995,1148,1572
4693.335234907204,4693.210234907204,4693.460234907204,1518,1159,1339
4689.555360414732,4689.430360414732,4689.680360414732,1396,851,1124
4684.808260527073,4684.683260527073,4684.933260527073,1113,2800,1957
4680.732832281131,4680.607832281131,4680.857832281131,1620,1917,1769
4680.213455085602,4680.088455085602,4680.338455085602,1099,910,1005
4679.185815788723,4678.935815788723,4679.435815788723,1206,2463,1835
4672.310951358311,4672.060951358311,4672.560951358311,692,1135,914
4672.368746309143,4672.243746309143,4672.493746309143,2020,679,1350
4681.061387864361,4680.936387864361,4681.186387864361,853,1108,981
4684.602654925914,4684.477654925914,4684.727654925914,1074,1949,1512
4691.641587581722,4691.516587581722,4691.766587581722,778,1857,1318
4687.34163901122,4687.21663901122,4687.46663901122,1920,1903,1912
4684.942821145068,4684.817821145068,4685.067821145068,1759,1356,1558
4687.382685291856,4687.257685291856,4687.507685291856,1360,1179,1270
4692.91560923829,4692.66560923829,4693.16560923829,1503,2072,1788
4689.955230290607,4689.830230290607,4690.080230290607,717,1738,1228
4691.305189937912,4690.930189937912,4691.680189937912,1188,915,1052
4689.349155521169,4689.224155521169,4689.474155521169,849,2370,1610
4683.612301354557,4683.362301354557,4683.862301354557,782,1199,991
4681.836356142917,4681.711356142917,4681.961356142917,941,1276,1109
4678.5233907646025,4678.2733907646025,4678.7733907646025,1865,1466,1666
4675.496049555338,4675.246049555338,4675.746049555338,2355,796,1576
4677.415589828253,4677.040589828253,4677.790589828253,529,1432,981
4674.7496511029085,4674.6246511029085,4674.8746511029085,2563,1018,1791
4675.351372015411,4675.226372015411,4675.476372015411,1424,685,1055
4675.728344571037,4675.603344571037,4675.853344571037,2454,1537,1996
4673.159472862755,4672.909472862755,4673.409472862755,1171,902,1037
4674.727168179083,4674.602168179083,4674.852168179083,1359,558,959
4663.691076136678,4663.566076136678,4663.816076136678,1025,1332,1179
4668.839216208333,4668.714216208333,4668.964216208333,2393,928,1661
4669.157310103164,4668.782310103164,4669.532310103164,1268,1087,1178
4674.018808461868,4673.893808461868,4674.143808461868,1539,1884,1712
4669.349655318735,4669.224655318735,4669.474655318735,1200,1823,1512
4671.258407307663,4671.133407307663,4671.383407307663,1512,1661,1587
4665.848651484657,4665.598651484657,4666.098651484657,1252,911,1082
4665.203194527144,4665.078194527144,4665.328194527144,1099,1150,1125
4671.785454140144,4671.660454140144,4671.910454140144,2283,860,1572
4681.460140167104,4681.335140167104,4681.585140167104,1000,811,906
4681.751417303129,4681.626417303129,4681.876417303129,1996,1353,1675
4676.293918139709,4676.168918139709,4676.418918139709,969,1578,1274
4674.09911630054,4673.97411630054,4674.22411630054,1019,2818,1919
4668.854066649336,4668.729066649336,4668.979066649336,1429,830,1130
4672.828630241651,4672.453630241651,4673.203630241651,1746,759,1253
4672.766146514984,4672.641146514984,4672.891146514984,944,1205,1075
4671.292211178836,4671.042211178836,4671.542211178836,1824,1487,1656
4672.516929048661,4672.391929048661,4672.641929048661,1831,838,1335
4676.37754919815,4676.12754919815,4676.62754919815,1185,1978,1582
4676.607880889854,4676.357880889854,4676.857880889854,584,1331,958
4678.743707000187,4678.618707000187,4678.868707000187,1720,1787,1754
4672.539417501562,4672.164417501562,4672.914417501562,896,1101,999
4675.534751028182,4675.284751028182,4675.784751028182,1085,1384,1235
4676.291521622094,4676.166521622094,4676.416521622094,637,1768,1203
4672.9763565963785,4672.8513565963785,4673.1013565963785,2385,1236,1811
4676.148697699495,4675.773697699495,4676.523697699495,1369,692,1031
4676.804313745277,4676.679313745277,4676.929313745277,1912,1735,1824
4678.34698455048,4678.22198455048,4678.47198455048,1041,1344,1193
4679.888397784275,4679.763397784275,4680.013397784275,976,1275,1126
4676.666393252152,4676.416393252152,4676.916393252152,669,1818,1244
4681.232602908097,4680.857602908097,4681.607602908097,1049,2328,1689
4678.575959038773,4678.200959038773,4678.950959038773,931,1402,1167
4676.043238018945,4675.793238018945,4676.293238018945,869,2520,1695
4678.122984817308,4677.872984817308,4678.372984817308,1873,1076,1475
4683.839820961664,4683.464820961664,4684.214820961664,1702,719,1211
4681.548702511646,4681.423702511646,4681.673702511646,920,1585,1253
4677.8075238537385,4677.4325238537385,4678.1825238537385,1371,928,1150
4675.10726157524,4674.73226157524,4675.48226157524,1405,926,1166
4670.590421182856,4670.465421182856,4670.715421182856,980,2231,1606
4673.3003661014645,4673.1753661014645,4673.4253661014645,827,1942,1385
4667.983304448218,4667.858304448218,4668.108304448218,1280,1169,1225
4665.055861610794,4664.930861610794,4665.180861610794,1653,712,1183
4662.757290080796,4662.632290080796,4662.882290080796,473,1178,826
4662.335400189291,4662.210400189291,4662.460400189291,1316,1077,1197
4664.9888571025585,4664.8638571025585,4665.1138571025585,481,1380,931
4667.1972758240845,4666.9472758240845,4667.4472758240845,1082,875,979
4665.268821690196,4665.018821690196,4665.518821690196,2536,1381,1959
4661.7082519386,4661.5832519386,4661.8332519386,648,1129,889
4658.649680952183,4658.524680952183,4658.774680952183,1824,611,1218
4653.223083299374,4653.098083299374,4653.348083299374,1756,1705,1731
4646.568467222941,4646.318467222941,4646.818467222941,754,1131,943
4652.317596034105,4652.067596034105,4652.567596034105,672,1369,1021
4660.364351766196,4660.239351766196,4660.489351766196,2091,894,1493
4658.619994807234,4658.369994807234,4658.869994807234,963,2306,1635
4654.617420772422,4654.492420772422,4654.742420772422,2276,1491,1884
4656.291517296248,4656.166517296248,4656.416517296248,463,1284,874
4649.528363736987,4649.403363736987,4649.653363736987,816,2175,1496
4648.4115261611,4648.1615261611,4648.6615261611,913,852,883
4654.670834346944,4654.420834346944,4654.920834346944,599,1602,1101
4655.908424473805,4655.783424473805,4656.033424473805,1531,2212,1872
4651.719769150663,4651.344769150663,4652.094769150663,2170,1321,1746
4649.737608341228,4649.487608341228,4649.987608341228,1936,1211,1574
4647.120888497214,4646.995888497214,4647.245888497214,714,1355,1035
4650.436242543904,4650.186242543904,4650.686242543904,1878,1533,1706
4651.220318467593,4650.845318467593,4651.595318467593,1776,1825,1801
4654.571658849488,4654.446658849488,4654.696658849488,1577,846,1212
4658.223714052609,4657.973714052609,4658.473714052609,2647,928,1788
4660.1565845976065,4660.0315845976065,4660.2815845976065,1417,740,1079
4653.42339453902,4653.29839453902,4653.54839453902,2095,1722,1909
4652.563102642545,4652.438102642545,4652.688102642545,686,1251,969
4649.9089499908505,4649.5339499908505,4650.2839499908505,2413,1500,1957
4656.245750163993,4656.120750163993,4656.370750163993,800,1305,1053
4656.67695687412,4656.42695687412,4656.92695687412,576,1603,1090
4658.844967631309,4658.719967631309,4658.969967631309,1221,2420,1821
4653.229655107799,4653.104655107799,4653.354655107799,1152,941,1047
4653.41652595542,4653.29152595542,4653.54152595542,935,1296,1116
4652.82875100138,4652.57875100138,4653.07875100138,1467,1712,1590
4656.869219007933,4656.744219007933,4656.994219007933,1501,746,1124
4651.286101944937,4651.161101944937,4651.411101944937,660,1509,1085
4648.056488407342,4647.931488407342,4648.181488407342,2135,804,1470
4648.581951377163,4648.456951377163,4648.706951377163,1419,1434,1427
4650.102197949333,4649.977197949333,4650.227197949333,1479,2270,1875
4648.922623579425,4648.797623579425,4649.047623579425,1165,620,893
4648.540266921563,4648.415266921563,4648.665266921563,1937,2018,1978
4646.9773451187975,4646.8523451187975,4647.1023451187975,2304,1241,1773
4647.492713666361,4647.367713666361,4647.617713666361,1572,1291,1432
4643.131525162213,4643.006525162213,4643.256525162213,1036,2327,1682
4645.130801561832,4645.005801561832,4645.255801561832,1024,2563,1794
4644.745937901364,4644.620937901364,4644.870937901364,1350,483,917
4643.626591888632,4643.376591888632,4643.876591888632,1612,895,1254
4640.723294721179,4640.473294721179,4640.973294721179,1349,1230,1290
4637.527424642185,4637.402424642185,4637.652424642185,1613,1328,1471
4635.861496837798,4635.611496837798,4636.111496837798,2445,1260,1853
4629.913243427245,4629.788243427245,4630.038243427245,2755,936,1846
4628.717453909326,4628.592453909326,4628.842453909326,1375,672,1024
4634.575863063924,4634.450863063924,4634.700863063924,1434,621,1028
4634.391423541219,4634.141423541219,4634.641423541219,2592,1119,1856
4636.575922610751,4636.325922610751,4636.825922610751,1881,1970,1926
4634.911758821865,4634.661758821865,4635.161758821865,1334,573,954
4634.53108751528,4634.40608751528,4634.65608751528,1590,1185,1388
4641.537030883855,4641.412030883855,4641.662030883855,680,1161,921
4643.687829228225,4643.562829228225,4643.812829228225,1823,734,1279
4647.847531530581,4647.597531530581,4648.097531530581,1313,1036,1175
4647.762346102573,4647.637346102573,4647.887346102573,1860,973,1417
4643.0392950625765,4642.9142950625765,4643.1642950625765,1062,2659,1861
4642.4275703880485,4642.3025703880485,4642.5525703880485,882,755,819
4640.269359064289,4640.019359064289,4640.519359064289,1283,512,898
4639.255688181025,4639.130688181025,4639.380688181025,912,2539,1726
4640.893196113217,4640.768196113217,4641.018196113217,2432,1107,1770
4646.476690589322,4646.351690589322,4646.601690589322,789,1720,1255
4646.814483716278,4646.439483716278,4647.189483716278,1030,661,846
4650.118826740611,4649.993826740611,4650.243826740611,436,1249,843
4646.369616255372,4645.994616255372,4646.744616255372,1172,503,838
4649.700039669539,4649.575039669539,4649.825039669539,990,1809,1400
4641.383613785518,4641.258613785518,4641.508613785518,1550,821,1186
4640.761909262506,4640.636909262506,4640.886909262506,585,1444,1015
4645.7135999444035,4645.5885999444035,4645.8385999444035,2219,768,1494
4651.763356986046,4651.638356986046,4651.888356986046,2586,1411,1999
4655.518239338391,4655.393239338391,4655.643239338391,1724,1041,1383
4647.237984452299,4647.112984452299,4647.362984452299,2110,1843,1977
4645.753098347376,4645.503098347376,4646.003098347376,1975,1404,1690
4655.021752266715,4654.896752266715,4655.146752266715,425,1208,817
4651.822361772047,4651.572361772047,4652.072361772047,1210,959,1085
4652.935547337098,4652.810547337098,4653.060547337098,2659,948,1804
4650.750427507332,4650.625427507332,4650.875427507332,1075,1158,1117
4647.583391407466,4647.458391407466,4647.708391407466,2291,884,1588
4650.75920676438,4650.50920676438,4651.00920676438,1427,698,1063
4648.92330139553,4648.79830139553,4649.04830139553,908,2539,1724
4642.738987903034,4642.613987903034,4642.863987903034,2248,1041,1645
4638.7411364013,4638.4911364013,4638.9911364013,1930,1939,1935
4643.633516853317,4643.508516853317,4643.758516853317,2674,1319,1997
4640.548539460939,4640.423539460939,4640.673539460939,1078,1693,1386
4641.2793480960345,4640.9043480960345,4641.6543480960345,1225,2184,1705
4642.35611011405,4642.23111011405,4642.48111011405,1774,1885,1830
4644.354639634666,4644.229639634666,4644.479639634666,731,1444,1088
4644.659840501852,4644.534840501852,4644.784840501852,1555,1044,1300
4643.287473573695,4643.162473573695,4643.412473573695,855,1366,1111
4637.990677545856,4637.865677545856,4638.115677545856,672,1803,1238
4635.049190676975,4634.799190676975,4635.299190676975,1278,1695,1487
4633.582653836473,4633.332653836473,4633.832653836473,566,1207,887
4637.883603127153,4637.758603127153,4638.008603127153,1078,1183,1131
4630.48936854957,4630.36436854957,4630.61436854957,2668,965,1817
4629.414182976558,4629.164182976558,4629.664182976558,1830,673,1252
4628.059366796063,4627.809366796063,4628.309366796063,1571,1656,1614
4622.255582038014,4622.130582038014,4622.380582038014,776,1363,1070
4616.806356018259,4616.681356018259,4616.931356018259,1206,1867,1537
4616.990570431533,4616.740570431533,4617.240570431533,1078,2147,1613
4622.42712208546,4622.30212208546,4622.55212208546,1985,916,1451
4624.970228786756,4624.845228786756,4625.095228786756,854,1743,1299
4614.7288506283185,4614.3538506283185,4615.1038506283185,707,1536,1122
4613.73475328766,4613.60975328766,4613.85975328766,1752,1383,1568
4615.617798465783,4615.367798465783,4615.867798465783,698,1837,1268
4611.415696466513,4611.165696466513,4611.665696466513,902,909,906
4609.203261303572,4608.953261303572,4609.453261303572,708,1415,1062
4605.10687935407,4604.98187935407,4605.23187935407,1416,1021,1219
4605.695421918712,4605.570421918712,4605.820421918712,2461,1028,1745
4600.8837409122225,4600.7587409122225,4601.0087409122225,2105,1638,1872
4602.501789346624,4602.376789346624,4602.626789346624,1149,1012,1081
4599.246532993011,4598.996532993011,4599.496532993011,2240,833,1537
4603.826719030489,4603.701719030489,4603.951719030489,662,1349,1006
4600.460873535132,4600.335873535132,4600.585873535132,1394,2225,1810
4605.16229493486,4605.03729493486,4605.28729493486,1390,1071,1231
4602.859180542888,4602.734180542888,4602.984180542888,1215,1566,1391
4597.1731759480635,4597.0481759480635,4597.2981759480635,1638,1301,1470
4603.101281731042,4602.976281731042,4603.226281731042,1278,2111,1695
4598.127320135362,4598.002320135362,4598.252320135362,1474,2439,1957
4597.419057439683,4597.169057439683,4597.669057439683,970,1991,1481
4600.8553148840165,4600.7303148840165,4600.9803148840165,680,1539,1110
4599.844146837074,4599.719146837074,4599.969146837074,1294,437,866
4598.868358578312,4598.618358578312,4599.118358578312,1324,2087,1706
4600.155962618235,4600.030962618235,4600.280962618235,1185,1944,1565
4598.053845773432,4597.803845773432,4598.303845773432,810,1031,921
4598.939536553546,4598.814536553546,4599.064536553546,1141,1684,1413
4593.219544110393,4592.844544110393,4593.594544110393,1688,1791,1740
4592.405587841767,4592.155587841767,4592.655587841767,730,955,843
4595.229002197854,4595.104002197854,4595.354002197854,1849,790,1320
4596.339151843976,4595.964151843976,4596.714151843976,1180,913,1047
4597.237384535103,4596.987384535103,4597.487384535103,888,963,926
4591.541411176059,4591.291411176059,4591.791411176059,582,1607,1095
4588.775225939171,4588.650225939171,4588.900225939171,1309,1076,1193
4582.776147129094,4582.651147129094,4582.901147129094,2329,1052,1691
4583.8039200386365,4583.4289200386365,4584.1789200386365,1642,2207,1925
4582.937171076381,4582.812171076381,4583.062171076381,1213,828,1021
4587.729756837839,4587.604756837839,4587.854756837839,1137,2284,1711
4586.51803287807,4586.26803287807,4586.76803287807,2756,1041,1899
4583.757550973658,4583.632550973658,4583.882550973658,1111,2560,1836
4582.886919899623,4582.761919899623,4583.011919899623,554,1435,995
4583.457856228816,4583.332856228816,4583.582856228816,1729,2194,1962
4584.175416003281,4584.050416003281,4584.300416003281,2154,819,1487
4581.754311832187,4581.629311832187,4581.879311832187,1488,509,999
4573.93237693255,4573.80737693255,4574.05737693255,842,1121,982
4576.0409907783815,4575.7909907783815,4576.2909907783815,2042,857,1450
4573.301927615007,4573.176927615007,4573.426927615007,1025,648,837
4572.821136949835,4572.696136949835,4572.946136949835,1850,917,1384
4571.0480432018885,4570.9230432018885,4571.1730432018885,2142,1615,1879
4570.0937054485,4569.7187054485,4570.4687054485,594,1275,935
4576.177222836933,4575.927222836933,4576.427222836933,748,1903,1326
4574.156191574059,4574.031191574059,4574.281191574059,1667,1764,1716
4578.56548366336,4578.44048366336,4578.69048366336,2041,684,1363
4585.843504207992,4585.718504207992,4585.968504207992,1145,1214,1180
4591.347538837942,4591.222538837942,4591.472538837942,1898,1725,1812
4592.511581755918,4592.386581755918,4592.636581755918,1582,2193,1888
4592.063901211468,4591.938901211468,4592.188901211468,1372,995,1184
4595.392459009956,4595.267459009956,4595.517459009956,1099,914,1007
4592.352991919897,4592.227991919897,4592.477991919897,1100,1663,1382
4587.678099543343,4587.428099543343,4587.928099543343,746,1255,1001
4585.424612714908,4585.299612714908,4585.549612714908,2501,982,1742
4582.5602154167545,4582.4352154167545,4582.6852154167545,1465,2024,1745
4579.963790388061,4579.838790388061,4580.088790388061,772,2023,1398
4577.590620542433,4577.465620542433,4577.715620542433,1267,1156,1212
4583.341122622337,4583.216122622337,4583.466122622337,1551,626,1089
4584.113898721267,4583.738898721267,4584.488898721267,1912,1849,1881
4587.504516360239,4587.254516360239,4587.754516360239,577,1520,1049
4591.186485519355,4591.061485519355,4591.311485519355,842,1099,971
4596.11770055905,4595.86770055905,4596.36770055905,1306,789,1048
4596.193717681108,4596.068717681108,4596.318717681108,1460,1801,1631
4596.590784171304,4596.465784171304,4596.715784171304,1431,1110,1271
4598.928321708177,4598.803321708177,4599.053321708177,963,1566,1265
4609.748893788458,4609.623893788458,4609.873893788458,1667,1176,1422
4615.348502249619,4615.223502249619,4615.473502249619,856,2453,1655
4617.107691499675,4616.982691499675,4617.232691499675,1612,1879,1746
4614.8488606901055,4614.4738606901055,4615.2238606901055,1393,2602,1998
4620.1607839220505,4620.0357839220505,4620.2857839220505,2121,886,1504
4626.912152626333,4626.662152626333,4627.162152626333,647,1232,940
4632.57534240649,4632.32534240649,4632.82534240649,834,2051,1443
4632.50886716397,4632.25886716397,4632.75886716397,761,1358,1060
4632.864322335661,4632.739322335661,4632.989322335661,1719,1736,1728
4635.820679331681,4635.570679331681,4636.070679331681,714,1187,951
4635.467033214104,4635.217033214104,4635.717033214104,1894,911,1403
4633.709036277553,4633.584036277553,4633.834036277553,1077,2118,1598
4637.290472087102,4637.040472087102,4637.540472087102,1253,1628,1441
4645.486868924962,4645.236868924962,4645.736868924962,1733,1748,1741
4644.593405503936,4644.468405503936,4644.718405503936,1380,2613,1997
4645.147814500565,4645.022814500565,4645.272814500565,1092,583,838
4643.2749790603275,4643.1499790603275,4643.3999790603275,995,1450,1223
4635.735472908559,4635.485472908559,4635.985472908559,1526,1287,1407
4640.543062095398,4640.418062095398,4640.668062095398,2064,891,1478
4640.9694922570025,4640.8444922570025,4641.0944922570025,1282,2057,1670
4644.047688934017,4643.922688934017,4644.172688934017,1783,812,1298
4650.994048542544,4650.744048542544,4651.244048542544,1126,509,818
4646.999763772774,4646.874763772774,4647.124763772774,1807,1450,1629
4649.980124118368,4649.855124118368,4650.105124118368,1114,523,819
4648.038654496984,4647.788654496984,4648.288654496984,1906,1177,1542
4653.909426731739,4653.659426731739,4654.159426731739,2286,765,1526
4657.537120758305,4657.287120758305,4657.787120758305,1026,715,871
4651.077656640979,4650.952656640979,4651.202656640979,1974,1677,1826
4648.86390397204,4648.61390397204,4649.11390397204,2152,1443,1798
4645.837926800657,4645.587926800657,4646.087926800657,2045,1698,1872
4639.012110954309,4638.762110954309,4639.262110954309,1589,1214,1402
4630.789173655165,4630.539173655165,4631.039173655165,1183,514,849
4634.298929932,4634.173929932,4634.423929932,1613,990,1302
4637.105813831298,4636.855813831298,4637.355813831298,2359,1016,1688
4640.986578627474,4640.861578627474,4641.111578627474,1620,991,1306
4634.611750762376,4634.486750762376,4634.736750762376,2064,1475,1770
4633.117725757252,4632.992725757252,4633.242725757252,2128,1597,1863
4631.9688969193585,4631.8438969193585,4632.0938969193585,1887,664,1276
4629.506598695078,4629.381598695078,4629.631598695078,1275,786,1031
4632.614610895571,4632.489610895571,4632.739610895571,831,1008,920
4634.876283722759,4634.751283722759,4635.001283722759,1560,893,1227
4638.154317024777,4637.904317024777,4638.404317024777,1259,2624,1942
4632.188859008535,4631.938859008535,4632.438859008535,2322,1081,1702
4629.242425634928,4628.992425634928,4629.492425634928,2040,977,1509
4624.2372549963475,4623.9872549963475,4624.4872549963475,1617,866,1242
4622.150698303952,4622.025698303952,4622.275698303952,1452,935,1194
4630.188664375397,4630.063664375397,4630.313664375397,2586,955,1771
4629.6275530983285,4629.5025530983285,4629.7525530983285,2041,904,1473
4631.589724523332,4631.464724523332,4631.714724523332,1516,1063,1290
4637.845340727234,4637.595340727234,4638.095340727234,802,1185,994
4631.008661399984,4630.883661399984,4631.133661399984,1082,2631,1857
4629.595427452567,4629.470427452567,4629.720427452567,745,892,819
4638.623950352272,4638.373950352272,4638.873950352272,1015,1164,1090
4641.195408411237,4641.070408411237,4641.320408411237,1103,1696,1400
4636.070643078407,4635.945643078407,4636.195643078407,1435,1412,1424
4635.697462178971,4635.447462178971,4635.947462178971,2195,872,1534
4636.0951649521985,4635.9701649521985,4636.2201649521985,826,1135,981
4632.39048004355,4632.26548004355,4632.51548004355,677,1134,906
4625.793839061793,4625.668839061793,4625.918839061793,1304,603,954
4620.479360790612,4620.354360790612,4620.604360790612,1934,1229,1582
4627.628764631669,4627.503764631669,4627.753764631669,777,1536,1157
4626.548699946852,4626.298699946852,4626.798699946852,638,1739,1189
4627.356412226417,4627.231412226417,4627.481412226417,1167,2718,1943
4628.502947232869,4628.377947232869,4628.627947232869,1048,1729,1389
4622.094202859406,4621.969202859406,4622.219202859406,990,2475,1733
4622.117158923595,4621.992158923595,4622.242158923595,1362,2287,1825
4625.865690442757,4625.740690442757,4625.990690442757,1806,1803,1805
4626.723880759081,4626.598880759081,4626.848880759081,676,1755,1216
4625.950756203006,4625.825756203006,4626.075756203006,1028,1289,1159
4622.19807271305,4622.07307271305,4622.32307271305,1849,1280,1565
4625.374139728395,4625.249139728395,4625.499139728395,1910,737,1324
4628.000059303114,4627.625059303114,4628.375059303114,1154,2583,1869
4619.126925752546,4619.001925752546,4619.251925752546,587,1110,849
4610.203872943396,4610.078872943396,4610.328872943396,1195,2296,1746
4605.141748651305,4604.891748651305,4605.391748651305,1177,2176,1677
4600.683989578589,4600.433989578589,4600.933989578589,1438,2185,1812
4604.319905454879,4604.194905454879,4604.444905454879,1627,1546,1587
4605.728463185502,4605.603463185502,4605.853463185502,1159,1110,1135
4603.792493801325,4603.667493801325,4603.917493801325,630,1489,1060
4594.754685603493,4594.379685603493,4595.129685603493,2205,1714,1960
4595.208472515877,4595.083472515877,4595.333472515877,1420,1941,1681
4591.044906272287,4590.794906272287,4591.294906272287,734,1223,979
4592.965654434238,4592.840654434238,4593.090654434238,1051,2858,1955
4599.341049582675,4598.966049582675,4599.716049582675,1077,628,853
4597.938740322525,4597.813740322525,4598.063740322525,663,1598,1131
4594.072176126804,4593.947176126804,4594.197176126804,2252,1729,1991
4588.267497266933,4587.892497266933,4588.642497266933,503,1150,827
4585.816619952948,4585.691619952948,4585.941619952948,1326,2551,1939
4588.185193103013,4588.060193103013,4588.310193103013,1180,1127,1154
4585.793609117234,4585.668609117234,4585.918609117234,2758,1001,1880
4591.978893723614,4591.853893723614,4592.103893723614,2079,1502,1791
4590.824858615606,4590.699858615606,4590.949858615606,1034,1783,1409
4594.437075152173,4594.312075152173,4594.562075152173,1780,927,1354
4591.535848804069,4591.410848804069,4591.660848804069,1060,2221,1641
4587.9057285239205,4587.6557285239205,4588.1557285239205,408,1221,815
4581.516710952729,4581.391710952729,4581.641710952729,1349,1580,1465
4583.0143423501895,4582.8893423501895,4583.1393423501895,1058,1177,1118
4589.371693685214,4589.121693685214,4589.621693685214,1464,1233,1349
4583.298307985338,4583.173307985338,4583.423307985338,1182,1309,1246
4585.7647349079025,4585.6397349079025,4585.8897349079025,1351,2314,1833
4591.097799811381,4590.972799811381,4591.222799811381,760,1637,1199
4592.158721180592,4592.033721180592,4592.283721180592,1600,1335,1468
4603.802696466174,4603.552696466174,4604.052696466174,2562,1131,1847
4599.117383645992,4598.867383645992,4599.367383645992,810,2289,1550
4601.416215518793,4601.291215518793,4601.541215518793,1389,1040,1215
4597.989219646797,4597.864219646797,4598.114219646797,683,1010,847
4602.560827323484,4602.435827323484,4602.685827323484,1475,934,1205
4595.801772603469,4595.676772603469,4595.926772603469,2172,1491,1832
4597.709108039671,4597.584108039671,4597.834108039671,1161,2320,1741
4590.338199250763,4590.213199250763,4590.463199250763,1125,1252,1189
4585.113383012846,4584.988383012846,4585.238383012846,1870,961,1416
4580.0984675216605,4579.9734675216605,4580.2234675216605,754,1851,1303
4571.475319133392,4571.225319133392,4571.725319133392,975,1400,1188
4571.574015848568,4571.449015848568,4571.699015848568,1429,1250,1340
4571.257886504036,4570.882886504036,4571.632886504036,1031,2756,1894
4574.928066382712,4574.553066382712,4575.303066382712,2245,1000,1623
4576.785061030453,4576.535061030453,4577.035061030453,1595,1448,1522
4579.774824633161,4579.524824633161,4580.024824633161,2423,1432,1928
4578.087564102873,4577.837564102873,4578.337564102873,1577,2302,1940
4584.974361207882,4584.849361207882,4585.099361207882,1692,1197,1445
4588.72714206776,4588.60214206776,4588.85214206776,591,1686,1139
4584.004494867445,4583.754494867445,4584.254494867445,698,1311,1005
4590.092198954171,4589.967198954171,4590.217198954171,1707,1296,1502
4590.210636828091,4589.835636828091,4590.585636828091,1513,1690,1602
4592.016882318869,4591.891882318869,4592.141882318869,2223,1344,1784
4589.75478702601,4589.37978702601,4590.12978702601,959,2324,1642
4593.649663451574,4593.274663451574,4594.024663451574,1296,2399,1848
4591.590942046503,4591.465942046503,4591.715942046503,1331,1420,1376
4588.004838017931,4587.754838017931,4588.254838017931,1413,1494,1454
4586.84228291959,4586.59228291959,4587.09228291959,545,1368,957
4584.9391983886,4584.8141983886,4585.0641983886,1956,1003,1480
4586.385507911923,4586.260507911923,4586.510507911923,1714,1237,1476
4581.671573813453,4581.546573813453,4581.796573813453,776,1109,943
4575.201405948733,4575.076405948733,4575.326405948733,1306,483,895
4580.729216621089,4580.604216621089,4580.854216621089,806,2099,1453
4586.248029925524,4586.123029925524,4586.373029925524,1057,992,1025
4582.69863059587,4582.32363059587,4583.07363059587,900,1339,1120
4576.1918277738005,4575.9418277738005,4576.4418277738005,1795,1302,1549
4585.658140337054,4585.533140337054,4585.783140337054,1245,1414,1330
4585.472093626287,4585.347093626287,4585.597093626287,993,1876,1435
4575.15819212794,4574.90819212794,4575.40819212794,1686,947,1317
4575.04237314011,4574.91737314011,4575.16737314011,1081,1154,1118
4573.148944813575,4572.898944813575,4573.398944813575,832,1531,1182
4577.4177904363605,4577.0427904363605,4577.7927904363605,1835,1798,1817
4580.733659968073,4580.608659968073,4580.858659968073,1389,650,1020
4588.757405210893,4588.632405210893,4588.882405210893,2467,1190,1829
4582.503596622724,4582.378596622724,4582.628596622724,2416,1189,1803
4586.785361718736,4586.410361718736,4587.160361718736,1039,600,820
4584.377600149732,4584.252600149732,4584.502600149732,1730,1387,1559
4578.863988017096,4578.738988017096,4578.988988017096,703,1088,896
4581.5979040256,4581.4729040256,4581.7229040256,1271,822,1047
4588.738444837937,4588.488444837937,4588.988444837937,2135,1732,1934
4589.1627491955705,4588.9127491955705,4589.4127491955705,1229,458,844
4588.838491211267,4588.713491211267,4588.963491211267,993,750,872
4582.639065876816,4582.514065876816,4582.764065876816,1410,981,1196
4589.174951266626,4588.924951266626,4589.424951266626,1309,1424,1367
4597.96611071396,4597.84111071396,4598.09111071396,994,1441,1218
4596.753550947291,4596.628550947291,4596.878550947291,527,1186,857
4596.573711360978,4596.448711360978,4596.698711360978,1430,1787,1609
4601.4148228793465,4601.1648228793465,4601.6648228793465,1306,453,880
4599.890371312807,4599.640371312807,4600.140371312807,2382,1441,1912
4596.2704689044385,4596.1454689044385,4596.3954689044385,1321,480,901
4588.883028793215,4588.633028793215,4589.133028793215,1784,1943,1864
4591.129178255158,4591.004178255158,4591.254178255158,1815,1170,1493
4596.737875890265,4596.612875890265,4596.862875890265,1910,1309,1610
4601.462982429301,4601.337982429301,4601.587982429301,830,1927,1379
4601.060929648821,4600.935929648821,4601.185929648821,862,1397,1130
4603.880463989054,4603.755463989054,4604.005463989054,1274,597,936
4609.638025576097,4609.513025576097,4609.763025576097,1525,1792,1659
4608.2486555746855,4607.9986555746855,4608.4986555746855,1749,1976,1863
4607.5239560372775,4607.3989560372775,4607.6489560372775,1035,2202,1619
4604.95241075171,4604.82741075171,4605.07741075171,877,2584,1731
4607.2514811535975,4607.1264811535975,4607.3764811535975,1973,1710,1842
4604.368021494817,4604.118021494817,4604.618021494817,1473,500,987
4602.726339564599,4602.476339564599,4602.976339564599,1215,978,1097
4598.676905194591,4598.551905194591,4598.801905194591,1821,1632,1727
4592.294894985057,4592.044894985057,4592.544894985057,2202,793,1498
4579.303317629342,4579.178317629342,4579.428317629342,1728,685,1207
4573.998237697978,4573.748237697978,4574.248237697978,1236,2501,1869
4570.230004797576,4570.105004797576,4570.355004797576,1208,2417,1813
4571.253845809478,4570.878845809478,4571.628845809478,1320,471,896
4563.387212075571,4563.262212075571,4563.512212075571,686,1021,854
4560.2194715334435,4559.9694715334435,4560.4694715334435,1143,1600,1372
4554.249972214411,4554.124972214411,4554.374972214411,967,1112,1040
4557.567033169323,4557.317033169323,4557.817033169323,1501,1326,1414
4553.817117607947,4553.442117607947,4554.192117607947,1970,1767,1869
4566.490381077033,4566.115381077033,4566.865381077033,1357,1654,1506
4568.115059662229,4567.865059662229,4568.365059662229,1236,557,897
4568.087255500873,4567.837255500873,4568.337255500873,1185,1978,1582
4566.204037140738,4566.079037140738,4566.329037140738,1441,1116,1279
4560.402778491764,4560.152778491764,4560.652778491764,2006,1537,1772
4556.541283095587,4556.416283095587,4556.666283095587,962,2807,1885
4555.722990410162,4555.472990410162,4555.972990410162,644,1007,826
4564.180954679593,4564.055954679593,4564.305954679593,1984,1123,1554
4558.504918409522,4558.379918409522,4558.629918409522,2283,1326,1805
4556.193899077729,4556.068899077729,4556.318899077729,1098,881,990
4551.856266381114,4551.731266381114,4551.981266381114,949,850,900
4547.480386123784,4547.105386123784,4547.855386123784,1153,1668,1411
4551.740457142715,4551.365457142715,4552.115457142715,1272,2567,1920
4550.579658070838,4550.204658070838,4550.954658070838,1094,2529,1812
4538.49890319394,4538.24890319394,4538.74890319394,1038,1087,1063
4535.855100541501,4535.480100541501,4536.230100541501,683,1682,1183
4535.255994605901,4535.005994605901,4535.505994605901,768,1185,977
4531.434823478673,4531.184823478673,4531.684823478673,739,1478,1109
4526.034845405446,4525.659845405446,4526.409845405446,1980,1113,1547
4524.09583135944,4523.84583135944,4524.34583135944,1208,1719,1464
4528.736132347699,4528.611132347699,4528.861132347699,2059,990,1525
4535.737731883545,4535.487731883545,4535.987731883545,1653,1710,1682
4536.571027481915,4536.446027481915,4536.696027481915,1417,1994,1706
4536.436341197963,4536.311341197963,4536.561341197963,886,787,837
4540.91382453634,4540.78882453634,4541.03882453634,756,1849,1303
4538.921055093443,4538.671055093443,4539.171055093443,1803,1662,1733
4541.970071120389,4541.720071120389,4542.220071120389,1079,1684,1382
4536.4619836620495,4536.3369836620495,4536.5869836620495,1353,2510,1932
4538.331950679241,4538.206950679241,4538.456950679241,1833,1012,1423
4533.0160690438615,4532.6410690438615,4533.3910690438615,975,854,915
4537.37311327031,4537.24811327031,4537.49811327031,1811,2088,1950
4540.952371198577,4540.702371198577,4541.202371198577,1457,2172,1815
4533.036221907686,4532.911221907686,4533.161221907686,2288,1063,1676
4527.625911979081,4527.250911979081,4528.000911979081,827,2150,1489
4528.439079217864,4528.064079217864,4528.814079217864,1809,1924,1867
4529.667009762597,4529.417009762597,4529.917009762597,873,1808,1341
4526.709860465491,4526.584860465491,4526.834860465491,1538,769,1154
4525.32842590351,4525.20342590351,4525.45342590351,2086,917,1502
4524.125245160472,4524.000245160472,4524.250245160472,1219,1988,1604
4526.448122719051,4526.323122719051,4526.573122719051,1188,479,834
4524.114217039168,4523.989217039168,4524.239217039168,775,1370,1073
4522.575802426626,4522.450802426626,4522.700802426626,1345,1498,1422
4516.715848111697,4516.590848111697,4516.840848111697,1090,1239,1165
4523.970855412715,4523.720855412715,4524.220855412715,860,1083,972
4523.39480920334,4523.26980920334,4523.51980920334,1295,1118,1207
4532.192777517176,4531.942777517176,4532.442777517176,963,2812,1888
4539.356722023029,4539.231722023029,4539.481722023029,1097,2874,1986
4536.1496117800725,4535.8996117800725,4536.3996117800725,2178,1287,1733
4533.253174576827,4533.128174576827,4533.378174576827,2301,1630,1966
4527.294702800866,4526.919702800866,4527.669702800866,1669,1262,1466
4526.325021155242,4525.950021155242,4526.700021155242,1482,873,1178
4526.034879298193,4525.784879298193,4526.284879298193,2418,1425,1922
4530.042071432187,4529.792071432187,4530.292071432187,589,1188,889
4525.515861158,4525.265861158,4525.765861158,509,1148,829
4527.4756954917475,4527.3506954917475,4527.6006954917475,615,1836,1226
4523.280475371788,4523.155475371788,4523.405475371788,1491,930,1211
4529.76998633235,4529.64498633235,4529.89498633235,2322,987,1655
4527.971908212621,4527.846908212621,4528.096908212621,1936,909,1423
4535.607395415011,4535.357395415011,4535.857395415011,716,1435,1076
4549.278122805636,4549.153122805636,4549.403122805636,2301,1046,1674
4552.392841737458,4552.267841737458,4552.517841737458,1027,1262,1145
4549.059821634483,4548.684821634483,4549.434821634483,971,1184,1078
4539.0093849458335,4538.8843849458335,4539.1343849458335,1090,1465,1278
4528.733792944562,4528.608792944562,4528.858792944562,1927,1212,1570
4539.67109916345,4539.42109916345,4539.92109916345,1202,729,966
4540.86241776628,4540.73741776628,4540.98741776628,1350,1407,1379
4544.503047606477,4544.128047606477,4544.878047606477,1018,2375,1697
4540.530442729436,4540.405442729436,4540.655442729436,816,2191,1504
4535.721115657155,4535.596115657155,4535.846115657155,1372,1047,1210
4540.926883630913,4540.801883630913,4541.051883630913,2317,882,1600
4537.24681493791,4536.99681493791,4537.49681493791,1012,781,897
4532.287411201079,4532.162411201079,4532.412411201079,1551,1438,1495
4531.458146016368,4531.333146016368,4531.583146016368,1208,2095,1652
4536.3377811674245,4536.2127811674245,4536.4627811674245,1527,1998,1763
4541.657753477735,4541.532753477735,4541.782753477735,1048,1373,1211
4544.863838679626,4544.613838679626,4545.113838679626,872,1229,1051
4545.408357318371,4545.158357318371,4545.658357318371,2111,782,1447
4541.627970387145,4541.377970387145,4541.877970387145,1678,2249,1964
4541.334695666954,4541.209695666954,4541.459695666954,995,1040,1018
4541.930758930886,4541.805758930886,4542.055758930886,811,2346,1579
4540.761359624831,4540.386359624831,4541.136359624831,460,1235,848
4535.179580329187,4535.054580329187,4535.304580329187,1257,902,1080
4532.155414911585,4532.030414911585,4532.280414911585,1534,1143,1339
4527.2213564960975,4526.8463564960975,4527.5963564960975,2216,1477,1847
4526.4759658005005,4526.3509658005005,4526.6009658005005,825,2068,1447
4528.916792915421,4528.666792915421,4529.166792915421,1824,1869,1847
4532.617167566674,4532.492167566674,4532.742167566674,833,2320,1577
4532.1305598161925,4531.8805598161925,4532.3805598161925,2028,797,1413
4541.187225835575,4541.062225835575,4541.312225835575,1574,2337,1956
4536.979077250739,4536.604077250739,4537.354077250739,2250,1679,1965
4537.160643263752,4537.035643263752,4537.285643263752,699,1470,1085
4536.740611774364,4536.365611774364,4537.115611774364,614,1075,845
4532.471327151832,4532.346327151832,4532.596327151832,1293,1570,1432
4534.343772792481,4533.968772792481,4534.718772792481,1795,872,1334
4539.172877815099,4539.047877815099,4539.297877815099,1073,1998,1536
4537.581458888292,4537.331458888292,4537.831458888292,1319,2638,1979
4541.985438367771,4541.860438367771,4542.110438367771,1972,1149,1561
4541.628784796188,4541.378784796188,4541.878784796188,906,2625,1766
4538.95458312427,4538.82958312427,4539.07958312427,1655,1362,1509
4533.637644598683,4533.512644598683,4533.762644598683,1601,760,1181
4537.438530996956,4537.313530996956,4537.563530996956,643,1202,923
4539.476609024542,4539.226609024542,4539.726609024542,1064,2041,1553
4537.356279582443,4537.106279582443,4537.606279582443,1259,700,980
4541.511093515789,4541.386093515789,4541.636093515789,892,1285,1089
4531.406345638998,4531.281345638998,4531.531345638998,1055,1926,1491
4528.01395177973,4527.76395177973,4528.26395177973,1625,2084,1855
4530.107533642735,4529.857533642735,4530.357533642735,1369,1164,1267
4533.057840991266,4532.932840991266,4533.182840991266,861,2106,1484
4538.480863295735,4538.355863295735,4538.605863295735,1852,737,1295
4536.8782149829685,4536.7532149829685,4537.0032149829685,1391,850,1121
4544.821857434204,4544.696857434204,4544.946857434204,898,931,915
4549.942221830247,4549.692221830247,4550.192221830247,2509,1102,1806
4550.343117435929,4550.218117435929,4550.468117435929,1607,972,1290
4551.963392976649,4551.838392976649,4552.088392976649,1207,2160,1684
4553.286472167745,4553.161472167745,4553.411472167745,2210,1077,1644
4559.891051173841,4559.641051173841,4560.141051173841,1712,723,1218
4556.674710705735,4556.424710705735,4556.924710705735,1660,839,1250
4558.723347480167,4558.598347480167,4558.848347480167,442,1169,806
4551.801032456123,4551.676032456123,4551.926032456123,886,769,828
4557.392440765432,4557.142440765432,4557.642440765432,753,1968,1361
4558.1404865974955,4557.7654865974955,4558.5154865974955,2439,1444,1942
4552.377070717897,4552.252070717897,4552.502070717897,1163,1602,1383
4557.332775456214,4557.082775456214,4557.582775456214,1067,1200,1134
4558.63739064669,4558.51239064669,4558.76239064669,1615,666,1141
4560.770325167621,4560.645325167621,4560.895325167621,928,935,932
4555.154741836306,4555.029741836306,4555.279741836306,2363,952,1658
4553.300376155607,4553.050376155607,4553.550376155607,1755,1340,1548
4560.345909515545,4560.095909515545,4560.595909515545,2674,1203,1939
4558.27321525386,4558.14821525386,4558.39821525386,1509,1120,1315
4559.357485373492,4559.232485373492,4559.482485373492,1973,1288,1631
4562.969129047456,4562.719129047456,4563.219129047456,2059,1728,1894
4561.363504717233,4561.238504717233,4561.488504717233,2069,766,1418
4567.143913189765,4566.893913189765,4567.393913189765,886,753,820
4567.48265073573,4567.35765073573,4567.60765073573,1639,1640,1640
4562.626914351664,4562.501914351664,4562.751914351664,973,916,945
4559.3475207384,4559.2225207384,4559.4725207384,1159,1708,1434
4557.688722812837,4557.563722812837,4557.813722812837,691,1736,1214
4559.473377075811,4559.348377075811,4559.598377075811,1259,812,1036
4560.516620039293,4560.391620039293,4560.641620039293,2124,1351,1738
4563.836452753382,4563.711452753382,4563.961452753382,951,1570,1261
4560.295065778428,4559.920065778428,4560.670065778428,1218,1507,1363
4559.60704587311,4559.35704587311,4559.85704587311,2384,1113,1749
4562.371243953506,4562.121243953506,4562.621243953506,709,1792,1251
4561.470562908171,4561.220562908171,4561.720562908171,1121,1524,1323
4563.497556556495,4563.372556556495,4563.622556556495,1581,1488,1535
4564.454992993671,4564.329992993671,4564.579992993671,2222,1571,1897
4563.664072157434,4563.414072157434,4563.914072157434,1263,1614,1439
4561.685706223062,4561.560706223062,4561.810706223062,1654,1095,1375
4567.018149171291,4566.768149171291,4567.268149171291,2689,1154,1922
4567.633780585057,4567.258780585057,4568.008780585057,1416,1173,1295
4569.13998790172,4568.76498790172,4569.51498790172,636,1197,917
4571.873166256607,4571.623166256607,4572.123166256607,1239,2016,1628
4578.26657860377,4578.14157860377,4578.39157860377,1902,1029,1466
4578.027318398385,4577.902318398385,4578.152318398385,2618,1197,1908
4580.633953474273,4580.508953474273,4580.758953474273,2159,1416,1788
4577.982580920947,4577.857580920947,4578.107580920947,1399,832,1116
4577.202295999281,4576.827295999281,4577.577295999281,986,729,858
4576.467680719388,4576.342680719388,4576.592680719388,1354,1611,1483
4578.223241320784,4578.098241320784,4578.348241320784,1729,2038,1884
4571.613814504094,4571.363814504094,4571.863814504094,2597,1272,1935
4567.452238088213,4567.327238088213,4567.577238088213,2211,1156,1684
4568.221727797476,4568.096727797476,4568.346727797476,922,903,913
4565.296512127396,4565.046512127396,4565.546512127396,740,2171,1456
4564.190673531374,4563.940673531374,4564.440673531374,1551,1204,1378
4566.950371437591,4566.825371437591,4567.075371437591,423,1248,836
4574.068511478684,4573.818511478684,4574.318511478684,2489,1256,1873
4576.861534916818,4576.611534916818,4577.111534916818,2313,828,1571
4574.733665766872,4574.608665766872,4574.858665766872,960,723,842
4571.240205298946,4570.990205298946,4571.490205298946,1391,790,1091
4570.87016919624,4570.49516919624,4571.24516919624,1059,544,802
4564.237746655937,4563.862746655937,4564.612746655937,713,1984,1349
4568.226087703748,4568.101087703748,4568.351087703748,1154,1211,1183
4567.094838262513,4566.969838262513,4567.219838262513,2045,1764,1905
4569.593625681014,4569.468625681014,4569.718625681014,1140,983,1062
4570.940973255688,4570.565973255688,4571.315973255688,949,2410,1680
4572.474858951353,4572.349858951353,4572.599858951353,1567,538,1053
4577.515508429242,4577.140508429242,4577.890508429242,800,899,850
4577.93946196848,4577.81446196848,4578.06446196848,1182,1119,1151
4579.037900698559,4578.787900698559,4579.287900698559,906,2121,1514
4579.255303867014,4579.130303867014,4579.380303867014,1661,2014,1838
4581.8776720951355,4581.5026720951355,4582.2526720951355,566,1501,1034
4581.440896597227,4581.190896597227,4581.690896597227,2566,1107,1837
4582.741089636293,4582.616089636293,4582.866089636293,767,1386,1077
4584.24736091667,4584.12236091667,4584.37236091667,892,1013,953
4586.3937347499395,4586.2687347499395,4586.5187347499395,1148,1213,1181
4583.680706572219,4583.555706572219,4583.805706572219,2402,1369,1886
4583.288854077617,4582.913854077617,4583.663854077617,1804,811,1308
4583.311623990658,4583.186623990658,4583.436623990658,499,1178,839
4582.461102267888,4582.211102267888,4582.711102267888,2042,1529,1786
4579.097335378467,4578.972335378467,4579.222335378467,2593,1204,1899
4577.892046725192,4577.767046725192,4578.017046725192,1397,1930,1664
4574.322831823998,4573.947831823998,4574.697831823998,2087,1706,1897
4573.398055415559,4573.023055415559,4573.773055415559,1704,1767,1736
4571.7704715934815,4571.5204715934815,4572.0204715934815,1936,861,1399
4572.275995568702,4572.150995568702,4572.400995568702,839,1228,1034
4567.9762452604955,4567.7262452604955,4568.2262452604955,2278,1103,1691
4571.676882868127,4571.301882868127,4572.051882868127,648,1547,1098
4569.7575776905205,4569.6325776905205,4569.8825776905205,2617,1212,1915
4570.051684776895,4569.926684776895,4570.176684776895,1278,2017,1648
4567.752914712135,4567.502914712135,4568.002914712135,1386,873,1130
4567.640633408773,4567.390633408773,4567.890633408773,1991,1312,1652
4569.281212451472,4569.156212451472,4569.406212451472,934,779,857
4568.36401447111,4568.23901447111,4568.48901447111,647,1236,942
4566.876780570452,4566.751780570452,4567.001780570452,1564,2399,1982
4566.54541581719,4566.42041581719,4566.67041581719,863,1692,1278
4570.290336304413,4569.915336304413,4570.665336304413,1963,748,1356
4565.800246461651,4565.550246461651,4566.050246461651,769,1324,1047
4566.2954101727155,4566.1704101727155,4566.4204101727155,1047,988,1018
4565.123537254319,4564.998537254319,4565.248537254319,785,1918,1352
4567.438420859223,4567.313420859223,4567.563420859223,965,2686,1826
4565.425900169831,4565.300900169831,4565.550900169831,1467,824,1146
4564.5749700668985,4564.4499700668985,4564.6999700668985,1003,2610,1807
4567.78971226617,4567.53971226617,4568.03971226617,2519,870,1695
4568.020823179464,4567.770823179464,4568.270823179464,2444,909,1677
4569.934638535188,4569.559638535188,4570.309638535188,1015,986,1001
4565.599385552679,4565.474385552679,4565.724385552679,2266,1027,1647
4567.446611210004,4567.321611210004,4567.571611210004,1988,783,1386
4564.239474976166,4563.989474976166,4564.489474976166,1903,1392,1648
4561.7369294416485,4561.6119294416485,4561.8619294416485,929,2626,1778
4562.983823351667,4562.733823351667,4563.233823351667,1855,1388,1622
4561.743494906571,4561.618494906571,4561.868494906571,2089,1120,1605
4560.99379293531,4560.74379293531,4561.24379293531,931,2620,1776
4559.209169332555,4559.084169332555,4559.334169332555,1035,1704,1370
4557.041220251977,4556.916220251977,4557.166220251977,1160,2249,1705
4559.741738441061,4559.616738441061,4559.866738441061,511,1264,888
4561.3318381437375,4561.0818381437375,4561.5818381437375,1161,2454,1808
4558.296800158976,4558.171800158976,4558.421800158976,1155,476,816
4560.552125168267,4560.427125168267,4560.677125168267,2460,959,1710
4559.251569662898,4559.126569662898,4559.376569662898,1020,1217,1119
4558.732087754916,4558.482087754916,4558.982087754916,1484,2415,1950
4561.05655688188,4560.93155688188,4561.18155688188,1787,1930,1859
4563.1058159065,4562.9808159065,4563.2308159065,1215,932,1074
4563.033483081908,4562.908483081908,4563.158483081908,1336,1329,1333
4562.930237259656,4562.680237259656,4563.180237259656,1338,1809,1574
4567.071149384932,4566.946149384932,4567.196149384932,2528,915,1722
4572.113825596029,4571.863825596029,4572.363825596029,1930,1631,1781
4571.659455464712,4571.534455464712,4571.784455464712,1597,1714,1656
4573.406015877331,4573.156015877331,4573.656015877331,891,2078,1485
4570.001105723898,4569.876105723898,4570.126105723898,1183,1512,1348
4572.846306422672,4572.721306422672,4572.971306422672,1081,1134,1108
4568.747943073036,4568.497943073036,4568.997943073036,958,1863,1411
4572.965187913378,4572.715187913378,4573.215187913378,2052,783,1418
4571.997287912419,4571.747287912419,4572.247287912419,726,1513,1120
4575.297253620554,4575.172253620554,4575.422253620554,1435,538,987
4574.16279322066,4574.03779322066,4574.28779322066,831,2400,1616
4578.2895785659775,4578.0395785659775,4578.5395785659775,1827,858,1343
4574.801873125109,4574.551873125109,4575.051873125109,1317,1284,1301
4576.63173775825,4576.50673775825,4576.75673775825,2579,1414,1997
4580.1918517697795,4580.0668517697795,4580.3168517697795,2813,998,1906
4579.390129509741,4579.265129509741,4579.515129509741,900,1001,951
4575.631134018107,4575.506134018107,4575.756134018107,1523,2128,1826
4576.791350575299,4576.666350575299,4576.916350575299,909,882,896
4576.405277424265,4576.280277424265,4576.530277424265,1302,577,940
4577.317472961871,4577.192472961871,4577.442472961871,1568,1159,1364
4578.3420964428715,4578.2170964428715,4578.4670964428715,1264,681,973
4578.301954346764,4578.176954346764,4578.426954346764,878,2521,1700
4581.592797180641,4581.217797180641,4581.967797180641,2348,1257,1803
4582.69392745552,4582.31892745552,4583.06892745552,739,1094,917
4583.776331533512,4583.526331533512,4584.026331533512,2750,935,1843
4584.53315884797,4584.28315884797,4584.78315884797,593,1620,1107
4583.169490943355,4582.794490943355,4583.544490943355,1192,625,909
4584.797068895135,4584.672068895135,4584.922068895135,1449,1324,1387
4584.973694183805,4584.723694183805,4585.223694183805,743,2014,1379
4584.946346123936,4584.696346123936,4585.196346123936,910,1389,1150
4587.560325976053,4587.185325976053,4587.935325976053,1338,799,1069
4587.532470710183,4587.282470710183,4587.782470710183,1609,642,1126
4590.042013655047,4589.667013655047,4590.417013655047,1893,1044,1469
4587.382718773011,4587.257718773011,4587.507718773011,2343,830,1587
4587.640078114151,4587.390078114151,4587.890078114151,812,2369,1591
4587.010875243624,4586.760875243624,4587.260875243624,1736,875,1306
4588.337719765054,4587.962719765054,4588.712719765054,631,1368,1000
4588.384324827431,4588.009324827431,4588.759324827431,1654,1303,1479
4586.816415222324,4586.566415222324,4587.066415222324,1779,1100,1440
4586.609189863213,4586.484189863213,4586.734189863213,1585,1776,1681
4582.809751400281,4582.684751400281,4582.934751400281,1355,1664,1510
4576.007235421646,4575.757235421646,4576.257235421646,1419,1324,1372
4572.865300606589,4572.490300606589,4573.240300606589,2152,1511,1832
4569.418667139501,4569.168667139501,4569.668667139501,1494,1425,1460
4565.99386485826,4565.86886485826,4566.11886485826,2260,1295,1778
4558.811327099639,4558.561327099639,4559.061327099639,921,1304,1113
4557.327544975287,4557.202544975287,4557.452544975287,1122,797,960
4554.765768545724,4554.640768545724,4554.890768545724,1584,1121,1353
4554.264958337044,4554.139958337044,4554.389958337044,2508,1061,1785
4552.355910036468,4552.230910036468,4552.480910036468,1819,2082,1951
4554.473997536345,4554.223997536345,4554.723997536345,686,1611,1149
4550.178201865384,4550.053201865384,4550.303201865384,838,1847,1343
4548.547884255202,4548.422884255202,4548.672884255202,967,2206,1587
4542.855055807765,4542.730055807765,4542.980055807765,775,950,863
4543.643207796901,4543.518207796901,4543.768207796901,1331,1146,1239
4543.441609886827,4543.191609886827,4543.691609886827,705,1866,1286
4541.647596680662,4541.272596680662,4542.022596680662,1406,2265,1836
4540.563449849985,4540.313449849985,4540.813449849985,2620,961,1791
4544.138099892761,4543.888099892761,4544.388099892761,1083,2028,1556
4545.689621743058,4545.439621743058,4545.939621743058,1249,1468,1359
4545.719868113209,4545.344868113209,4546.094868113209,709,1082,896
4548.1402841143945,4548.0152841143945,4548.2652841143945,1331,652,992
4550.823695665599,4550.698695665599,4550.948695665599,1643,686,1165
4553.640808214068,4553.515808214068,4553.765808214068,1438,2161,1800
4558.214521240919,4558.089521240919,4558.339521240919,1818,747,1283
4565.330619337871,4565.205619337871,4565.455619337871,1955,852,1404
4561.59913506909,4561.47413506909,4561.72413506909,2293,964,1629
4562.334378004876,4562.209378004876,4562.459378004876,1469,1778,1624
4559.443143982912,4559.318143982912,4559.568143982912,1315,800,1058
4559.0782519272325,4558.9532519272325,4559.2032519272325,2288,1475,1882
4563.813349702288,4563.563349702288,4564.063349702288,1980,725,1353
4565.941168402599,4565.566168402599,4566.316168402599,951,2626,1789
4566.705906279235,4566.580906279235,4566.830906279235,1456,963,1210
4568.62827295312,4568.50327295312,4568.75327295312,2567,1136,1852
4568.201560444135,4568.076560444135,4568.326560444135,1077,920,999
4565.437123955682,4565.187123955682,4565.687123955682,1290,2171,1731
4571.244595875828,4570.869595875828,4571.619595875828,1927,1246,1587
4572.480396903334,4572.105396903334,4572.855396903334,1570,979,1275
4578.369740040467,4577.994740040467,4578.744740040467,2484,1097,1791
4574.8111017725705,4574.6861017725705,4574.9361017725705,2362,1083,1723
4578.476649552713,4578.101649552713,4578.851649552713,1281,1058,1170
4575.309212197342,4575.059212197342,4575.559212197342,2156,1323,1740
