close,bid,ask,bid_volume,ask_volume,volume
4503.324894322691,4502.949894322691,4503.699894322691,1894,1073,1484
4500.361850169709,4500.111850169709,4500.611850169709,1454,753,1104
4501.130401716168,4501.005401716168,4501.255401716168,1081,620,851
4502.462615274406,4502.337615274406,4502.587615274406,1607,1986,1797
4499.782181962604,4499.532181962604,4500.032181962604,1084,989,1037
4496.363108875277,4496.238108875277,4496.488108875277,1472,1347,1410
4495.132389952984,4494.882389952984,4495.382389952984,2054,1343,1699
4495.497992869683,4495.372992869683,4495.622992869683,841,836,839
4497.208020926821,4496.958020926821,4497.458020926821,1032,2599,1816
4499.661673890786,4499.536673890786,4499.786673890786,916,733,825
4496.32013964692,4496.19513964692,4496.44513964692,1002,2567,1785
4495.385357220025,4495.260357220025,4495.510357220025,1906,1459,1683
4490.061571396562,4489.686571396562,4490.436571396562,2574,889,1732
4489.895730888501,4489.645730888501,4490.145730888501,979,1712,1346
4491.579692035003,4491.204692035003,4491.954692035003,1138,875,1007
4490.382542099985,4490.257542099985,4490.507542099985,719,948,834
4489.44638673056,4489.32138673056,4489.57138673056,1129,1038,1084
4486.65574260705,4486.53074260705,4486.78074260705,1148,2609,1879
4482.362231842523,4482.237231842523,4482.487231842523,2796,939,1868
4482.339576400045,4482.214576400045,4482.464576400045,897,980,939
4481.961674808256,4481.836674808256,4482.086674808256,957,1982,1470
4481.072217624951,4480.947217624951,4481.197217624951,785,1266,1026
4480.625454894576,4480.500454894576,4480.750454894576,1007,2012,1510
4480.005166370157,4479.880166370157,4480.130166370157,1069,700,885
4477.844349300161,4477.719349300161,4477.969349300161,1602,2193,1898
4473.97676395067,4473.72676395067,4474.22676395067,2100,1443,1772
4472.5683300991805,4472.4433300991805,4472.6933300991805,2266,1005,1636
4474.356306156714,4474.106306156714,4474.606306156714,2355,910,1633
4474.6302645683245,4474.5052645683245,4474.7552645683245,1972,1059,1516
4472.11850154292,4471.86850154292,4472.36850154292,535,1118,827
4473.895302036187,4473.770302036187,4474.020302036187,1474,2155,1815
4473.957742529863,4473.832742529863,4474.082742529863,1062,2901,1982
4470.557889058879,4470.432889058879,4470.682889058879,1048,1217,1133
4473.096643917853,4472.721643917853,4473.471643917853,1726,971,1349
4476.499131391551,4476.249131391551,4476.749131391551,934,2369,1652
4474.128363981001,4474.003363981001,4474.253363981001,1771,678,1225
4477.111934951428,4476.986934951428,4477.236934951428,548,1391,970
4478.283121873258,4477.908121873258,4478.658121873258,528,1383,956
4474.77929682175,4474.65429682175,4474.90429682175,1161,1246,1204
4471.023459605126,4470.898459605126,4471.148459605126,1638,1415,1527
4474.969528905534,4474.844528905534,4475.094528905534,2399,1448,1924
4477.226692026551,4476.851692026551,4477.601692026551,877,2366,1622
4475.1074442318295,4474.9824442318295,4475.2324442318295,1746,1165,1456
4472.695282612554,4472.445282612554,4472.945282612554,1105,1600,1353
4473.231476962933,4472.856476962933,4473.606476962933,2011,750,1381
4474.796107616834,4474.546107616834,4475.046107616834,1103,1916,1510
4477.4748860951995,4477.0998860951995,4477.8498860951995,1349,2328,1839
4476.811160027764,4476.686160027764,4476.936160027764,551,1458,1005
4476.1788984400055,4476.0538984400055,4476.3038984400055,750,1471,1111
4480.174934911401,4480.049934911401,4480.299934911401,927,868,898
4477.132746367906,4476.882746367906,4477.382746367906,922,2315,1619
4479.358495422841,4478.983495422841,4479.733495422841,1185,1412,1299
4481.763143584502,4481.638143584502,4481.888143584502,905,2694,1800
4476.477602443007,4476.352602443007,4476.602602443007,1138,815,977
4476.303512169174,4476.178512169174,4476.428512169174,1402,703,1053
4475.645073585835,4475.520073585835,4475.770073585835,1703,1210,1457
4474.287654571016,4474.162654571016,4474.412654571016,692,1947,1320
4473.632901058696,4473.507901058696,4473.757901058696,1390,927,1159
4475.252606640392,4475.127606640392,4475.377606640392,953,2238,1596
4475.442234854149,4475.067234854149,4475.817234854149,1077,554,816
4476.179665068946,4476.054665068946,4476.304665068946,1193,540,867
4472.1127172196475,4471.8627172196475,4472.3627172196475,1010,735,873
4471.68081044213,4471.43081044213,4471.93081044213,1106,1157,1132
4472.771384189925,4472.646384189925,4472.896384189925,2763,1008,1886
4470.559118695133,4470.434118695133,4470.684118695133,1255,2318,1787
4468.843210788033,4468.718210788033,4468.968210788033,1269,2290,1780
4466.707358185857,4466.457358185857,4466.957358185857,699,1798,1249
4469.019762132049,4468.894762132049,4469.144762132049,1107,1642,1375
4470.238883025893,4469.988883025893,4470.488883025893,1060,1865,1463
4469.445072359994,4469.320072359994,4469.570072359994,703,1314,1009
4470.708928869133,4470.583928869133,4470.833928869133,1437,1258,1348
4467.921939659171,4467.671939659171,4468.171939659171,1483,2000,1742
4469.43721123566,4469.18721123566,4469.68721123566,1212,1911,1562
4470.220794280533,4469.970794280533,4470.470794280533,1714,1991,1853
4474.705920967684,4474.580920967684,4474.830920967684,905,1100,1003
4474.344054362504,4474.094054362504,4474.594054362504,820,1591,1206
4473.908423110444,4473.783423110444,4474.033423110444,1958,1027,1493
4474.6144512992805,4474.4894512992805,4474.7394512992805,668,955,812
4476.489175104703,4476.364175104703,4476.614175104703,2262,1137,1700
4475.265840083041,4475.140840083041,4475.390840083041,2384,933,1659
4477.562884365174,4477.312884365174,4477.812884365174,2163,726,1445
4474.36430889955,4474.11430889955,4474.61430889955,1028,935,982
4477.32222266926,4477.19722266926,4477.44722266926,1941,738,1340
4473.491038894077,4473.241038894077,4473.741038894077,900,2301,1601
4471.964194933279,4471.839194933279,4472.089194933279,998,1337,1168
4470.923793979811,4470.798793979811,4471.048793979811,1312,551,932
4472.259673796287,4472.009673796287,4472.509673796287,1200,1817,1509
4472.757787574773,4472.382787574773,4473.132787574773,757,1028,893
4473.530665432625,4473.405665432625,4473.655665432625,2593,1294,1944
4471.236203738596,4471.111203738596,4471.361203738596,992,943,968
4472.242762052391,4471.992762052391,4472.492762052391,969,1286,1128
4469.767601594212,4469.642601594212,4469.892601594212,1546,759,1153
4466.697613868242,4466.447613868242,4466.947613868242,1984,1825,1905
4464.2768644459065,4464.0268644459065,4464.5268644459065,621,1616,1119
4462.462121462149,4462.212121462149,4462.712121462149,1714,2023,1869
4461.407763131231,4461.282763131231,4461.532763131231,1365,1792,1579
4459.594137890059,4459.469137890059,4459.719137890059,2097,1300,1699
4461.5148600410275,4461.3898600410275,4461.6398600410275,1561,910,1236
4462.673912103256,4462.423912103256,4462.923912103256,2387,1552,1970
4464.1743073073,4464.0493073073,4464.2993073073,1727,1662,1695
4462.018168196606,4461.768168196606,4462.268168196606,1619,2304,1962
4466.111528725677,4465.861528725677,4466.361528725677,1248,1999,1624
4469.821093870228,4469.696093870228,4469.946093870228,976,1085,1031
4470.864335007431,4470.739335007431,4470.989335007431,1110,1071,1091
4469.631366971832,4469.506366971832,4469.756366971832,1116,1299,1208
4471.063250366697,4470.938250366697,4471.188250366697,1575,1344,1460
4470.998178942981,4470.873178942981,4471.123178942981,1300,1015,1158
4471.721201074257,4471.346201074257,4472.096201074257,1271,938,1105
4474.396526520227,4474.271526520227,4474.521526520227,2056,1207,1632
4476.953779042032,4476.828779042032,4477.078779042032,1242,1851,1547
4477.985086545169,4477.860086545169,4478.110086545169,940,863,902
4476.267423535349,4475.892423535349,4476.642423535349,773,1536,1155
4476.87383392717,4476.74883392717,4476.99883392717,579,1208,894
4476.480134133863,4476.355134133863,4476.605134133863,1054,2753,1904
4477.682429852033,4477.557429852033,4477.807429852033,2106,1443,1775
4480.488771058343,4480.238771058343,4480.738771058343,2408,991,1700
4480.771719099584,4480.646719099584,4480.896719099584,1876,1167,1522
4480.460727468478,4480.335727468478,4480.585727468478,863,1710,1287
4479.161754428093,4479.036754428093,4479.286754428093,1672,2101,1887
4478.305233490448,4478.180233490448,4478.430233490448,2956,1009,1983
4480.876801862095,4480.626801862095,4481.126801862095,1034,881,958
4477.949427866561,4477.824427866561,4478.074427866561,2805,1148,1977
4475.068127153148,4474.943127153148,4475.193127153148,1339,1388,1364
4477.577300703262,4477.327300703262,4477.827300703262,876,1995,1436
4478.120530204324,4477.870530204324,4478.370530204324,992,2087,1540
4477.807110313799,4477.557110313799,4478.057110313799,866,2239,1553
4478.033194733327,4477.908194733327,4478.158194733327,924,1391,1158
4477.812079264265,4477.687079264265,4477.937079264265,1417,944,1181
4476.426737118901,4476.176737118901,4476.676737118901,1646,1473,1560
4473.664408918156,4473.414408918156,4473.914408918156,1647,2160,1904
4476.5714336024,4476.4464336024,4476.6964336024,1440,1085,1263
4478.154138077122,4478.029138077122,4478.279138077122,774,1141,958
4477.968697645501,4477.718697645501,4478.218697645501,1965,1010,1488
4474.979436329598,4474.729436329598,4475.229436329598,1751,634,1193
4474.9189286434475,4474.6689286434475,4475.1689286434475,990,1243,1117
4473.101298951937,4472.851298951937,4473.351298951937,1009,2508,1759
4472.385502537286,4472.260502537286,4472.510502537286,2021,868,1445
4469.912928679754,4469.787928679754,4470.037928679754,1378,505,942
4466.683158959411,4466.558158959411,4466.808158959411,971,2000,1486
4464.204756686515,4464.079756686515,4464.329756686515,1095,554,825
4467.164773576506,4466.914773576506,4467.414773576506,746,957,852
4464.676248403578,4464.551248403578,4464.801248403578,1828,1227,1528
4463.525054458157,4463.275054458157,4463.775054458157,1257,2472,1865
4463.195619884484,4463.070619884484,4463.320619884484,1032,2109,1571
4459.981989502216,4459.856989502216,4460.106989502216,2140,1771,1956
4459.3675837212995,4459.2425837212995,4459.4925837212995,1095,1490,1293
4460.524199766083,4460.399199766083,4460.649199766083,1073,788,931
4459.968077209324,4459.843077209324,4460.093077209324,511,1466,989
4458.510827465511,4458.385827465511,4458.635827465511,2722,1059,1891
4463.107479888397,4462.982479888397,4463.232479888397,1995,1480,1738
4463.077649557321,4462.827649557321,4463.327649557321,1122,2549,1836
4461.9076720870935,4461.7826720870935,4462.0326720870935,1847,646,1247
4466.779688180103,4466.654688180103,4466.904688180103,511,1340,926
4466.466660028583,4466.341660028583,4466.591660028583,1705,1642,1674
4465.569017909919,4465.444017909919,4465.694017909919,1225,1204,1215
4466.811459467944,4466.561459467944,4467.061459467944,1942,1937,1940
4465.071280570531,4464.946280570531,4465.196280570531,855,950,903
4465.147778354155,4464.897778354155,4465.397778354155,1043,784,914
4465.300227534787,4465.175227534787,4465.425227534787,1376,1383,1380
4463.507943490339,4463.132943490339,4463.882943490339,1065,2300,1683
4466.116182711621,4465.991182711621,4466.241182711621,1321,1808,1565
4465.938459085694,4465.688459085694,4466.188459085694,889,1368,1129
4466.467560375477,4466.342560375477,4466.592560375477,1150,1361,1256
4467.731902954006,4467.481902954006,4467.981902954006,876,1033,955
4466.4896451816985,4466.3646451816985,4466.6146451816985,2112,1385,1749
4468.1031256809865,4467.8531256809865,4468.3531256809865,2109,1488,1799
4471.898408120424,4471.773408120424,4472.023408120424,963,1498,1231
4470.364660889137,4470.114660889137,4470.614660889137,1140,803,972
4469.69953101178,4469.44953101178,4469.94953101178,1756,959,1358
4469.838898090138,4469.713898090138,4469.963898090138,1055,1126,1091
4471.743094314946,4471.618094314946,4471.868094314946,1303,560,932
4470.696820598428,4470.571820598428,4470.821820598428,1476,1217,1347
4468.2224801714165,4468.0974801714165,4468.3474801714165,1560,1053,1307
4471.096509681672,4470.846509681672,4471.346509681672,1882,1423,1653
4470.18374825981,4469.93374825981,4470.43374825981,1747,1818,1783
4468.424800374002,4468.299800374002,4468.549800374002,1743,900,1322
4470.366915836988,4470.116915836988,4470.616915836988,1278,2409,1844
4467.289723198178,4467.164723198178,4467.414723198178,1619,1144,1382
4463.734710176321,4463.609710176321,4463.859710176321,1094,1503,1299
4465.779950272783,4465.404950272783,4466.154950272783,2010,1047,1529
4464.4112511914855,4464.2862511914855,4464.5362511914855,969,1558,1264
4462.3186263764765,4462.0686263764765,4462.5686263764765,612,1609,1111
4459.25716848651,4459.13216848651,4459.38216848651,1170,1169,1170
4460.891937191584,4460.516937191584,4461.266937191584,871,1102,987
4460.70259286597,4460.57759286597,4460.82759286597,2031,1708,1870
4456.536523631987,4456.411523631987,4456.661523631987,1971,930,1451
4458.558433564478,4458.183433564478,4458.933433564478,708,951,830
4461.50695643737,4461.13195643737,4461.88195643737,1291,1234,1263
4466.0597617362255,4465.9347617362255,4466.1847617362255,1453,514,984
4463.928221960389,4463.803221960389,4464.053221960389,1104,713,909
4463.959600285086,4463.834600285086,4464.084600285086,2520,1125,1823
4463.749488297883,4463.624488297883,4463.874488297883,1591,1704,1648
4466.915380083357,4466.540380083357,4467.290380083357,717,1972,1345
4471.431982209422,4471.306982209422,4471.556982209422,1094,1901,1498
4467.886059905297,4467.761059905297,4468.011059905297,1391,2260,1826
4468.851772107638,4468.601772107638,4469.101772107638,1218,1007,1113
4470.2829726381115,4470.1579726381115,4470.4079726381115,1620,1211,1416
4468.798949905543,4468.673949905543,4468.923949905543,1153,1740,1447
4468.340482779178,4468.090482779178,4468.590482779178,2007,1948,1978
4469.349107183441,4469.099107183441,4469.599107183441,583,1682,1133
4469.879641216838,4469.504641216838,4470.254641216838,1037,1666,1352
4467.687741818182,4467.562741818182,4467.812741818182,1041,1832,1437
4465.444429525026,4465.194429525026,4465.694429525026,942,2177,1560
4467.665708681981,4467.415708681981,4467.915708681981,818,2125,1472
4467.265518764797,4467.015518764797,4467.515518764797,1695,1062,1379
4467.887828149483,4467.637828149483,4468.137828149483,1111,2496,1804
4466.956984671689,4466.706984671689,4467.206984671689,1059,796,928
4465.849058717908,4465.724058717908,4465.974058717908,2121,1872,1997
4469.460847650832,4469.335847650832,4469.585847650832,841,846,844
4468.871752010058,4468.746752010058,4468.996752010058,1153,1154,1154
4471.166769541057,4471.041769541057,4471.291769541057,765,1918,1342
4472.50812191804,4472.38312191804,4472.63312191804,913,2144,1529
4471.486997299065,4471.361997299065,4471.611997299065,1742,1267,1505
4473.666181618323,4473.541181618323,4473.791181618323,978,1229,1104
4471.604199110222,4471.479199110222,4471.729199110222,1358,983,1171
4472.769395751334,4472.519395751334,4473.019395751334,659,1780,1220
4473.090405231494,4472.965405231494,4473.215405231494,1174,1407,1291
4473.287122090358,4472.912122090358,4473.662122090358,2700,1005,1853
4472.497803269117,4472.247803269117,4472.747803269117,1801,2110,1956
4471.524673649041,4471.274673649041,4471.774673649041,1685,2020,1853
4472.111163435735,4471.861163435735,4472.361163435735,1982,1331,1657
4473.275134896112,4473.025134896112,4473.525134896112,669,1426,1048
4474.203194221404,4474.078194221404,4474.328194221404,454,1245,850
4476.462992907358,4476.337992907358,4476.587992907358,753,1432,1093
4475.847282184072,4475.597282184072,4476.097282184072,1152,1103,1128
4477.308630415933,4477.183630415933,4477.433630415933,1078,1301,1190
4476.089709441862,4475.964709441862,4476.214709441862,1038,2429,1734
4476.620546310918,4476.495546310918,4476.745546310918,1185,874,1030
4477.100007606189,4476.850007606189,4477.350007606189,1714,1533,1624
4477.885024562506,4477.635024562506,4478.135024562506,863,1534,1199
4477.893628820571,4477.643628820571,4478.143628820571,1955,832,1394
4479.428494778316,4479.303494778316,4479.553494778316,1275,996,1136
4477.998469123224,4477.873469123224,4478.123469123224,1374,1369,1372
4479.987944287148,4479.862944287148,4480.112944287148,1327,2534,1931
4479.208938381613,4478.958938381613,4479.458938381613,1141,584,863
4479.892326689011,4479.642326689011,4480.142326689011,1817,958,1388
4479.2362968293755,4479.1112968293755,4479.3612968293755,1588,1699,1644
4477.389043948235,4477.014043948235,4477.764043948235,2735,1232,1984
4478.296207806742,4478.046207806742,4478.546207806742,1816,953,1385
4477.472528621649,4477.347528621649,4477.597528621649,1332,2063,1698
4478.103003330469,4477.978003330469,4478.228003330469,1217,1756,1487
4479.641098618103,4479.266098618103,4480.016098618103,851,954,903
4479.073455771387,4478.823455771387,4479.323455771387,1321,1070,1196
4478.556695963579,4478.431695963579,4478.681695963579,1072,2605,1839
4479.307324795952,4479.182324795952,4479.432324795952,1304,755,1030
4477.919565802328,4477.794565802328,4478.044565802328,1174,2065,1620
4477.343593810558,4477.218593810558,4477.468593810558,2526,1077,1802
4479.901781705052,4479.651781705052,4480.151781705052,2369,1306,1838
4480.986312235974,4480.861312235974,4481.111312235974,1035,1998,1517
4483.3342725201555,4483.2092725201555,4483.4592725201555,1725,1480,1603
4483.760166325295,4483.635166325295,4483.885166325295,612,1371,992
4484.783716803295,4484.658716803295,4484.908716803295,970,2451,1711
4484.450736960563,4484.325736960563,4484.575736960563,828,1949,1389
4484.653732823421,4484.528732823421,4484.778732823421,2506,1249,1878
4485.228689777727,4485.103689777727,4485.353689777727,919,770,845
4484.783286423313,4484.658286423313,4484.908286423313,990,2383,1687
4483.81937450557,4483.69437450557,4483.94437450557,1349,1292,1321
4485.062359983555,4484.812359983555,4485.312359983555,1866,1741,1804
4485.990383300567,4485.865383300567,4486.115383300567,897,2332,1615
4487.344216273056,4487.219216273056,4487.469216273056,2123,1380,1752
4488.678238660135,4488.428238660135,4488.928238660135,1548,559,1054
4489.391180115967,4489.016180115967,4489.766180115967,914,1331,1123
4491.052276918106,4490.802276918106,4491.302276918106,1827,1620,1724
4492.082033652384,4491.707033652384,4492.457033652384,1124,2633,1879
4491.285926291861,4491.035926291861,4491.535926291861,915,1944,1430
4489.333525339162,4489.208525339162,4489.458525339162,953,2516,1735
4489.009407988609,4488.884407988609,4489.134407988609,2582,1171,1877
4489.51701104988,4489.39201104988,4489.64201104988,989,650,820
4489.679309465591,4489.429309465591,4489.929309465591,1152,2113,1633
4490.368034125922,4490.243034125922,4490.493034125922,1315,976,1146
4490.264924256939,4490.139924256939,4490.389924256939,834,1095,965
4486.40015466643,4486.27515466643,4486.52515466643,823,2020,1422
4488.195066522273,4488.070066522273,4488.320066522273,1563,894,1229
4492.291435914169,4492.041435914169,4492.541435914169,1908,1617,1763
4492.844104815248,4492.469104815248,4493.219104815248,2869,1048,1959
4491.393652682133,4491.268652682133,4491.518652682133,1467,2032,1750
4489.850683259442,4489.725683259442,4489.975683259442,1327,630,979
4489.808555469395,4489.558555469395,4490.058555469395,602,1493,1048
4491.836856765709,4491.586856765709,4492.086856765709,948,1711,1330
4490.643656323657,4490.518656323657,4490.768656323657,1867,1786,1827
4490.837225600641,4490.712225600641,4490.962225600641,2027,1226,1627
4491.645605819372,4491.395605819372,4491.895605819372,1018,1657,1338
4486.466792359113,4486.216792359113,4486.716792359113,1334,1895,1615
4485.744327550621,4485.619327550621,4485.869327550621,2232,1391,1812
4485.337238328769,4485.087238328769,4485.587238328769,1077,2476,1777
4483.691443058516,4483.441443058516,4483.941443058516,1432,653,1043
4484.246391956758,4484.121391956758,4484.371391956758,1218,667,943
4484.84297563754,4484.59297563754,4485.09297563754,1172,1763,1468
4485.636898465423,4485.511898465423,4485.761898465423,1513,934,1224
4487.196166595138,4487.071166595138,4487.321166595138,1248,1435,1342
4486.50232094386,4486.12732094386,4486.87732094386,2134,765,1450
4487.295164374814,4486.920164374814,4487.670164374814,1019,1350,1185
4489.152184184105,4489.027184184105,4489.277184184105,1537,1530,1534
4486.439789667434,4486.064789667434,4486.814789667434,2442,1207,1825
4485.544369201718,4485.419369201718,4485.669369201718,2262,787,1525
4484.3421726119495,4484.2171726119495,4484.4671726119495,1415,1260,1338
4485.462180511343,4485.087180511343,4485.837180511343,1139,1118,1129
4483.5187055313445,4483.3937055313445,4483.6437055313445,1653,1508,1581
4481.671615059201,4481.546615059201,4481.796615059201,1463,1376,1420
4480.178857630434,4480.053857630434,4480.303857630434,2051,1564,1808
4480.560095095729,4480.310095095729,4480.810095095729,487,1392,940
4478.908153333751,4478.783153333751,4479.033153333751,1364,1123,1244
4475.745478680499,4475.620478680499,4475.870478680499,1889,782,1336
4475.56242641078,4475.18742641078,4475.93742641078,2038,805,1422
4475.7975043716615,4475.6725043716615,4475.9225043716615,450,1291,871
4474.5628252579045,4474.4378252579045,4474.6878252579045,2295,822,1559
4474.8162932139785,4474.6912932139785,4474.9412932139785,1395,1142,1269
4476.177445920456,4476.052445920456,4476.302445920456,571,1522,1047
4479.030095769909,4478.780095769909,4479.280095769909,2337,1126,1732
4477.360045067906,4477.235045067906,4477.485045067906,1329,744,1037
4481.319328460671,4481.069328460671,4481.569328460671,1543,708,1126
4483.018337414675,4482.893337414675,4483.143337414675,1366,1721,1544
4483.1181886557715,4482.8681886557715,4483.3681886557715,863,2348,1606
4482.135658350776,4482.010658350776,4482.260658350776,1105,2202,1654
4478.650599060845,4478.400599060845,4478.900599060845,1175,702,939
4479.365663031656,4479.115663031656,4479.615663031656,1436,1245,1341
4479.0602215310555,4478.8102215310555,4479.3102215310555,1173,434,804
4479.192790735324,4479.067790735324,4479.317790735324,811,1372,1092
4479.300852139203,4479.175852139203,4479.425852139203,749,1312,1031
4478.258093271263,4478.008093271263,4478.508093271263,1474,559,1017
4479.335705965882,4479.085705965882,4479.585705965882,917,1460,1189
4480.495848965921,4480.370848965921,4480.620848965921,1707,1800,1754
4479.628839732437,4479.503839732437,4479.753839732437,1407,480,944
4479.143806211769,4478.893806211769,4479.393806211769,704,1007,856
4479.03212596802,4478.90712596802,4479.15712596802,2460,1223,1842
4479.285599853686,4479.035599853686,4479.535599853686,850,1757,1304
4479.445656352994,4479.320656352994,4479.570656352994,1684,1623,1654
4478.466958434805,4478.216958434805,4478.716958434805,1199,912,1056
4478.598140773887,4478.348140773887,4478.848140773887,2021,1184,1603
4478.54811952123,4478.29811952123,4478.79811952123,1187,2332,1760
4480.503903787247,4480.128903787247,4480.878903787247,1556,943,1250
4480.4057049087805,4480.2807049087805,4480.5307049087805,729,1404,1067
4479.894007227462,4479.519007227462,4480.269007227462,1254,1579,1417
4477.599779413517,4477.474779413517,4477.724779413517,2018,819,1419
4478.3445536408635,4478.0945536408635,4478.5945536408635,1186,493,840
4476.280491685552,4476.155491685552,4476.405491685552,993,1792,1393
4477.119369740468,4476.994369740468,4477.244369740468,828,1913,1371
4476.50640622432,4476.38140622432,4476.63140622432,1530,855,1193
4476.191201920719,4476.066201920719,4476.316201920719,1417,1826,1622
4476.941234945183,4476.816234945183,4477.066234945183,1249,2368,1809
4478.204120627564,4477.829120627564,4478.579120627564,992,941,967
4480.596452637681,4480.221452637681,4480.971452637681,1902,817,1360
4479.370837320907,4479.245837320907,4479.495837320907,2177,1622,1900
4479.476562242229,4479.226562242229,4479.726562242229,1593,1600,1597
4477.588893637588,4477.338893637588,4477.838893637588,1943,1946,1945
4477.372836302358,4477.247836302358,4477.497836302358,861,1576,1219
4478.54769634174,4478.42269634174,4478.67269634174,2593,916,1755
4477.808718256612,4477.558718256612,4478.058718256612,1886,1355,1621
4477.678979601437,4477.428979601437,4477.928979601437,1062,2125,1594
4478.347112813527,4478.222112813527,4478.472112813527,1254,925,1090
4477.899452332832,4477.524452332832,4478.274452332832,2019,1882,1951
4476.145803776691,4475.895803776691,4476.395803776691,668,1585,1127
4477.8754268406055,4477.7504268406055,4478.0004268406055,2047,1090,1569
4477.10449952561,4476.97949952561,4477.22949952561,902,1539,1221
4477.728406337597,4477.603406337597,4477.853406337597,1009,1274,1142
4475.501809012705,4475.251809012705,4475.751809012705,1387,1978,1683
4473.356644546331,4473.231644546331,4473.481644546331,2595,1392,1994
4473.297369784329,4473.172369784329,4473.422369784329,495,1218,857
4472.207695882599,4472.082695882599,4472.332695882599,1079,1472,1276
4472.02901399848,4471.77901399848,4472.27901399848,1468,2121,1795
4471.465890767435,4471.215890767435,4471.715890767435,2349,1280,1815
4470.687705962086,4470.437705962086,4470.937705962086,1141,2752,1947
4467.382180693208,4467.257180693208,4467.507180693208,510,1201,856
4467.383698915337,4467.258698915337,4467.508698915337,1456,1991,1724
4469.292177172495,4468.917177172495,4469.667177172495,489,1134,812
4468.53984847048,4468.28984847048,4468.78984847048,944,2711,1828
4466.6800239913555,4466.5550239913555,4466.8050239913555,1243,2154,1699
4466.87713586867,4466.62713586867,4467.12713586867,1845,1952,1899
4468.772235671736,4468.522235671736,4469.022235671736,2076,1897,1987
4468.766159717291,4468.641159717291,4468.891159717291,1142,2565,1854
4468.357936526162,4468.107936526162,4468.607936526162,2283,1584,1934
4470.244716193229,4469.869716193229,4470.619716193229,982,1847,1415
4471.6522255243735,4471.5272255243735,4471.7772255243735,1862,925,1394
4472.252047561673,4472.127047561673,4472.377047561673,2366,1383,1875
4471.672310073422,4471.547310073422,4471.797310073422,1012,2463,1738
4475.595436611252,4475.345436611252,4475.845436611252,962,1615,1289
4474.830062066679,4474.705062066679,4474.955062066679,861,1010,936
4473.099990943718,4472.849990943718,4473.349990943718,511,1290,901
4472.50450545789,4472.12950545789,4472.87950545789,933,1348,1141
4471.663565315295,4471.538565315295,4471.788565315295,1070,1083,1077
4474.104264448137,4473.979264448137,4474.229264448137,686,1225,956
4473.663381844615,4473.538381844615,4473.788381844615,1762,873,1318
4472.812077770875,4472.562077770875,4473.062077770875,1015,638,827
4472.00546136111,4471.75546136111,4472.25546136111,1004,1013,1009
4471.111451867482,4470.986451867482,4471.236451867482,2437,936,1687
4469.7788504183845,4469.6538504183845,4469.9038504183845,1169,1280,1225
4469.652832428717,4469.527832428717,4469.777832428717,1498,835,1167
4470.757558540392,4470.632558540392,4470.882558540392,1967,1260,1614
4471.617629999542,4471.492629999542,4471.742629999542,1806,839,1323
4472.243864353074,4472.118864353074,4472.368864353074,1682,1837,1760
4473.085380356529,4472.835380356529,4473.335380356529,1369,1310,1340
4474.717107033059,4474.467107033059,4474.967107033059,1163,1176,1170
4475.294877308082,4475.169877308082,4475.419877308082,1727,1472,1600
4472.001933110383,4471.626933110383,4472.376933110383,924,1847,1386
4472.222526076563,4472.097526076563,4472.347526076563,1797,938,1368
4471.846375240267,4471.596375240267,4472.096375240267,1539,1550,1545
4470.369026415828,4470.119026415828,4470.619026415828,988,907,948
4468.462657006051,4468.087657006051,4468.837657006051,1048,1719,1384
4468.981488338095,4468.856488338095,4469.106488338095,2187,1746,1967
4469.582372071237,4469.457372071237,4469.707372071237,1837,2106,1972
4464.476942815074,4464.351942815074,4464.601942815074,1718,1851,1785
4473.319940811069,4473.194940811069,4473.444940811069,1001,890,946
4478.589859844992,4478.339859844992,4478.839859844992,1500,1047,1274
4477.803407173142,4477.553407173142,4478.053407173142,1199,1584,1392
4478.091685928372,4477.966685928372,4478.216685928372,749,914,832
4480.589167799256,4480.214167799256,4480.964167799256,1443,696,1070
4485.071555888042,4484.696555888042,4485.446555888042,1156,851,1004
4489.295674050015,4489.170674050015,4489.420674050015,1225,1700,1463
4492.792806895584,4492.667806895584,4492.917806895584,1413,1508,1461
4493.681208656328,4493.556208656328,4493.806208656328,1242,1633,1438
4494.40020006943,4494.02520006943,4494.77520006943,1890,1083,1487
4491.07662434388,4490.82662434388,4491.32662434388,999,2616,1808
4481.6086345706435,4481.3586345706435,4481.8586345706435,924,1395,1160
4475.897269777079,4475.647269777079,4476.147269777079,2143,1458,1801
4481.274849018695,4481.149849018695,4481.399849018695,1157,2492,1825
4480.395742237977,4480.270742237977,4480.520742237977,1582,1483,1533
4473.747233802352,4473.622233802352,4473.872233802352,2340,829,1585
4473.161444555307,4473.036444555307,4473.286444555307,937,2586,1762
4472.886874340936,4472.761874340936,4473.011874340936,1506,605,1056
4468.967689374359,4468.717689374359,4469.217689374359,1357,1802,1580
4475.141550858413,4475.016550858413,4475.266550858413,1168,1497,1333
4473.2925207590315,4473.1675207590315,4473.4175207590315,1066,947,1007
4476.679113323097,4476.554113323097,4476.804113323097,1037,802,920
4475.103615029494,4474.978615029494,4475.228615029494,816,855,836
4469.676197829398,4469.551197829398,4469.801197829398,978,837,908
4475.622996706346,4475.497996706346,4475.747996706346,1853,1854,1854
4479.908707899569,4479.658707899569,4480.158707899569,2051,732,1392
4486.926104646971,4486.801104646971,4487.051104646971,1564,1769,1667
4491.158084537118,4490.908084537118,4491.408084537118,1464,1801,1633
4494.756245559792,4494.631245559792,4494.881245559792,1462,1605,1534
4502.037844643572,4501.787844643572,4502.287844643572,970,2541,1756
4500.639997530974,4500.389997530974,4500.889997530974,1207,2220,1714
4504.204947157501,4503.954947157501,4504.454947157501,2155,1778,1967
4506.646135455654,4506.396135455654,4506.896135455654,1848,1723,1786
4510.922532093048,4510.797532093048,4511.047532093048,1736,683,1210
4509.222391983087,4508.972391983087,4509.472391983087,2788,1179,1984
4510.469088296037,4510.094088296037,4510.844088296037,2027,1742,1885
4515.4685488390905,4515.3435488390905,4515.5935488390905,1639,842,1241
4513.287571137308,4513.162571137308,4513.412571137308,2176,801,1489
4518.581884567638,4518.456884567638,4518.706884567638,1472,1569,1521
4513.2749194237,4513.0249194237,4513.5249194237,689,1632,1161
4510.9319733617685,4510.8069733617685,4511.0569733617685,1806,875,1341
4508.3346179111,4508.2096179111,4508.4596179111,1068,1475,1272
4504.173337855646,4503.923337855646,4504.423337855646,1781,1246,1514
4503.134669308406,4503.009669308406,4503.259669308406,1208,1281,1245
4502.640160627663,4502.515160627663,4502.765160627663,1378,2277,1828
4504.316342950461,4504.066342950461,4504.566342950461,1570,2029,1800
4507.633963130309,4507.508963130309,4507.758963130309,712,1317,1015
4509.308442086974,4509.183442086974,4509.433442086974,2018,1263,1641
4513.933952477487,4513.808952477487,4514.058952477487,1060,1535,1298
4508.439951367774,4508.314951367774,4508.564951367774,1165,698,932
4506.810860613649,4506.685860613649,4506.935860613649,2182,1753,1968
4505.406199832993,4505.281199832993,4505.531199832993,993,1024,1009
4505.398895526816,4505.148895526816,4505.648895526816,617,1846,1232
4505.014311947978,4504.889311947978,4505.139311947978,1436,697,1067
4509.979785805616,4509.854785805616,4510.104785805616,863,1330,1097
4514.836287541514,4514.586287541514,4515.086287541514,2212,1271,1742
4514.8327489413605,4514.5827489413605,4515.0827489413605,1406,2345,1876
4509.001784422438,4508.751784422438,4509.251784422438,479,1438,959
4510.922420728721,4510.797420728721,4511.047420728721,2569,1032,1801
4514.058975283491,4513.933975283491,4514.183975283491,804,1087,946
4512.9799616699165,4512.8549616699165,4513.1049616699165,621,1340,981
4511.27818338379,4511.15318338379,4511.40318338379,2255,1356,1806
4511.54312144837,4511.41812144837,4511.66812144837,2435,1270,1853
4509.6915064404175,4509.4415064404175,4509.9415064404175,1086,875,981
4507.099903686675,4506.849903686675,4507.349903686675,1584,1943,1764
4508.929139982967,4508.804139982967,4509.054139982967,2161,1546,1854
4514.080900207165,4513.955900207165,4514.205900207165,780,897,839
4518.278335539486,4518.153335539486,4518.403335539486,1019,628,824
4513.112118949278,4512.987118949278,4513.237118949278,1559,914,1237
4514.840063986333,4514.590063986333,4515.090063986333,2767,1150,1959
4512.093537952193,4511.968537952193,4512.218537952193,824,827,826
4513.623228557027,4513.498228557027,4513.748228557027,1528,611,1070
4509.249174811658,4509.124174811658,4509.374174811658,1839,1782,1811
4504.1209937947215,4503.9959937947215,4504.2459937947215,751,1224,988
4501.318418097818,4501.193418097818,4501.443418097818,2233,1168,1701
4502.670028715188,4502.420028715188,4502.920028715188,1489,1554,1522
4501.902383202757,4501.777383202757,4502.027383202757,1377,538,958
4507.138783279065,4507.013783279065,4507.263783279065,1954,1653,1804
4501.070194922502,4500.945194922502,4501.195194922502,743,1804,1274
4493.852422866874,4493.602422866874,4494.102422866874,941,768,855
4496.757891933366,4496.507891933366,4497.007891933366,1043,1106,1075
4499.437225120668,4499.312225120668,4499.562225120668,1364,2521,1943
4494.004774855356,4493.754774855356,4494.254774855356,954,1081,1018
4492.777629222949,4492.652629222949,4492.902629222949,2101,1092,1597
4487.951994485001,4487.701994485001,4488.201994485001,1447,1434,1441
4487.61333179375,4487.48833179375,4487.73833179375,2190,1801,1996
4483.698912050906,4483.573912050906,4483.823912050906,702,1259,981
4485.481984443523,4485.356984443523,4485.606984443523,929,2538,1734
4481.768036229333,4481.643036229333,4481.893036229333,1217,616,917
4485.041253449574,4484.791253449574,4485.291253449574,1280,791,1036
4487.689050890953,4487.439050890953,4487.939050890953,1232,1155,1194
4486.153304249976,4486.028304249976,4486.278304249976,2205,1738,1972
4485.557244905785,4485.307244905785,4485.807244905785,1230,2099,1665
4485.729406993936,4485.479406993936,4485.979406993936,1396,1315,1356
4486.370722688747,4486.245722688747,4486.495722688747,1735,1560,1648
4474.835196025309,4474.710196025309,4474.960196025309,2165,932,1549
4467.7751217395,4467.6501217395,4467.9001217395,2108,721,1415
4469.040451744674,4468.790451744674,4469.290451744674,1728,1823,1776
4466.619242719447,4466.369242719447,4466.869242719447,593,1230,912
4466.6107222254,4466.4857222254,4466.7357222254,1506,1867,1687
4471.842110949812,4471.717110949812,4471.967110949812,1424,587,1006
4469.224189168798,4469.099189168798,4469.349189168798,2197,810,1504
4466.729818003983,4466.479818003983,4466.979818003983,1675,598,1137
4471.131131064169,4471.006131064169,4471.256131064169,915,1554,1235
4469.7243035758875,4469.4743035758875,4469.9743035758875,842,2051,1447
4460.9033130954,4460.7783130954,4461.0283130954,1476,1795,1636
4456.6112492391585,4456.4862492391585,4456.7362492391585,788,1529,1159
4459.605447332776,4459.480447332776,4459.730447332776,1085,2398,1742
4460.113613779125,4459.988613779125,4460.238613779125,2201,1572,1887
4465.658941542641,4465.408941542641,4465.908941542641,1946,801,1374
4463.297854626983,4463.172854626983,4463.422854626983,1386,1579,1483
4459.616935052366,4459.491935052366,4459.741935052366,1334,1285,1310
4456.092670740419,4455.967670740419,4456.217670740419,748,1759,1254
4451.640950445433,4451.390950445433,4451.890950445433,897,1274,1086
4449.777003495122,4449.652003495122,4449.902003495122,1359,1832,1596
4444.498138843235,4444.373138843235,4444.623138843235,1980,1715,1848
4441.825188610671,4441.575188610671,4442.075188610671,472,1161,817
4440.153693751525,4440.028693751525,4440.278693751525,1611,1162,1387
4439.078600830786,4438.953600830786,4439.203600830786,520,1513,1017
4435.993607595447,4435.743607595447,4436.243607595447,918,735,827
4443.795863672125,4443.670863672125,4443.920863672125,2418,1305,1862
4444.193375087519,4443.818375087519,4444.568375087519,1339,670,1005
4452.661308587118,4452.411308587118,4452.911308587118,1501,1312,1407
4446.939759258524,4446.814759258524,4447.064759258524,1597,1360,1479
4446.327123507307,4446.202123507307,4446.452123507307,1063,1670,1367
4449.39962597197,4449.27462597197,4449.52462597197,1126,1639,1383
4447.444404491046,4447.194404491046,4447.694404491046,1260,2067,1664
4455.444906554406,4455.319906554406,4455.569906554406,1843,1064,1454
4452.86950966162,4452.61950966162,4453.11950966162,1683,2270,1977
4455.471964800874,4455.346964800874,4455.596964800874,1052,845,949
4449.587460965642,4449.337460965642,4449.837460965642,1113,1950,1532
4447.926060139304,4447.801060139304,4448.051060139304,781,1686,1234
4447.6072062055155,4447.3572062055155,4447.8572062055155,2179,770,1475
4444.462450692769,4444.337450692769,4444.587450692769,662,1579,1121
4448.839979661366,4448.589979661366,4449.089979661366,1770,2069,1920
4444.751749080033,4444.501749080033,4445.001749080033,862,1567,1215
4448.847332778867,4448.597332778867,4449.097332778867,2549,1122,1836
4448.736789651667,4448.361789651667,4449.111789651667,1626,1875,1751
4451.12892521361,4450.75392521361,4451.50392521361,1129,834,982
4453.509671597324,4453.259671597324,4453.759671597324,1746,2015,1881
4456.63671292178,4456.51171292178,4456.76171292178,1963,760,1362
4455.9018676474525,4455.7768676474525,4456.0268676474525,1802,1397,1600
4454.2387541717635,4454.1137541717635,4454.3637541717635,941,2026,1484
4452.27136004401,4452.14636004401,4452.39636004401,1244,1171,1208
4451.9478365526575,4451.8228365526575,4452.0728365526575,1214,1433,1324
4448.175667471603,4448.050667471603,4448.300667471603,1275,610,943
4449.817458651678,4449.692458651678,4449.942458651678,1900,1717,1809
4454.575510565039,4454.200510565039,4454.950510565039,1790,625,1208
4458.060921008182,4457.810921008182,4458.310921008182,1256,2741,1999
4461.203130515895,4461.078130515895,4461.328130515895,1492,905,1199
4462.475233928551,4462.350233928551,4462.600233928551,2089,716,1403
4460.197822030342,4460.072822030342,4460.322822030342,1173,1228,1201
4466.83266170307,4466.70766170307,4466.95766170307,1459,948,1204
4472.99855623193,4472.74855623193,4473.24855623193,1662,1511,1587
4479.356375663986,4479.106375663986,4479.606375663986,2346,1561,1954
4476.1633043635475,4476.0383043635475,4476.2883043635475,1410,2281,1846
4476.524612633483,4476.274612633483,4476.774612633483,1394,621,1008
4476.052018491519,4475.927018491519,4476.177018491519,2569,1286,1928
4476.744291431452,4476.619291431452,4476.869291431452,648,1529,1089
4479.626325511881,4479.501325511881,4479.751325511881,2128,1449,1789
4486.214746979928,4485.839746979928,4486.589746979928,1457,910,1184
4489.146452311311,4488.896452311311,4489.396452311311,1449,514,982
4491.075629044072,4490.950629044072,4491.200629044072,1372,1115,1244
4488.33755001429,4488.21255001429,4488.46255001429,588,1613,1101
4490.272461244586,4490.022461244586,4490.522461244586,1571,1904,1738
4493.0083939277665,4492.8833939277665,4493.1333939277665,1304,1319,1312
4501.015310754455,4500.890310754455,4501.140310754455,1203,2448,1826
4510.486198926296,4510.111198926296,4510.861198926296,1171,2400,1786
4510.525810588245,4510.400810588245,4510.650810588245,1114,1027,1071
4510.660330792105,4510.535330792105,4510.785330792105,1337,1648,1493
4509.019126332597,4508.894126332597,4509.144126332597,1915,986,1451
4506.002232253769,4505.877232253769,4506.127232253769,1002,643,823
4500.835895636568,4500.710895636568,4500.960895636568,1511,2220,1866
4497.997026578757,4497.872026578757,4498.122026578757,2355,1388,1872
4500.147325235771,4500.022325235771,4500.272325235771,1018,2339,1679
4496.981370942539,4496.856370942539,4497.106370942539,964,779,872
4497.103600232077,4496.978600232077,4497.228600232077,1342,1959,1651
4493.010770069212,4492.885770069212,4493.135770069212,1949,1362,1656
4501.487917233128,4501.362917233128,4501.612917233128,1589,1512,1551
4500.258012480749,4500.008012480749,4500.508012480749,1345,2472,1909
4503.27852006437,4503.15352006437,4503.40352006437,1905,1398,1652
4492.854654835279,4492.729654835279,4492.979654835279,1039,1694,1367
4492.994102598636,4492.744102598636,4493.244102598636,1493,2392,1943
4499.446907878204,4499.321907878204,4499.571907878204,2328,1511,1920
4493.9572986529065,4493.8322986529065,4494.0822986529065,1231,2634,1933
4497.209440462215,4497.084440462215,4497.334440462215,1130,709,920
4494.76609243302,4494.39109243302,4495.14109243302,1403,692,1048
4493.960645948846,4493.835645948846,4494.085645948846,1397,1238,1318
4486.1512284247165,4486.0262284247165,4486.2762284247165,1014,2473,1744
4484.363260120631,4483.988260120631,4484.738260120631,1482,2201,1842
4479.260605101413,4479.135605101413,4479.385605101413,1679,1024,1352
4483.477120597742,4483.352120597742,4483.602120597742,1119,954,1037
4480.612422007607,4480.487422007607,4480.737422007607,2708,933,1821
4486.621760244756,4486.246760244756,4486.996760244756,1507,526,1017
4491.229724035691,4491.104724035691,4491.354724035691,1680,1595,1638
4501.274568523024,4501.149568523024,4501.399568523024,1078,1063,1071
4505.384045805077,4505.259045805077,4505.509045805077,1899,1936,1918
4508.826654845905,4508.576654845905,4509.076654845905,907,692,800
4510.425629256935,4510.175629256935,4510.675629256935,2490,1245,1868
4505.118761924958,4504.868761924958,4505.368761924958,1041,1698,1370
4503.0445807206115,4502.7945807206115,4503.2945807206115,2229,846,1538
4509.6394720724065,4509.5144720724065,4509.7644720724065,1212,1537,1375
4515.597298239292,4515.472298239292,4515.722298239292,1688,725,1207
4518.414670103965,4518.164670103965,4518.664670103965,1191,694,943
4514.985482354515,4514.860482354515,4515.110482354515,1693,2052,1873
4515.744954815223,4515.619954815223,4515.869954815223,759,1704,1232
4515.915587094307,4515.665587094307,4516.165587094307,2003,764,1384
4520.503312080565,4520.253312080565,4520.753312080565,1477,1888,1683
4518.899692578318,4518.774692578318,4519.024692578318,802,1239,1021
4523.303461331167,4523.178461331167,4523.428461331167,1852,1101,1477
4526.936143332958,4526.811143332958,4527.061143332958,1129,2768,1949
4534.225923724374,4534.100923724374,4534.350923724374,915,1154,1035
4533.219422329499,4532.969422329499,4533.469422329499,798,2127,1463
4531.7560932336355,4531.6310932336355,4531.8810932336355,1617,864,1241
4531.798963593239,4531.673963593239,4531.923963593239,945,700,823
4536.6918901160025,4536.5668901160025,4536.8168901160025,2076,729,1403
4535.4140323878255,4535.2890323878255,4535.5390323878255,1647,1024,1336
4531.654199781384,4531.529199781384,4531.779199781384,1190,2799,1995
4532.000780824474,4531.875780824474,4532.125780824474,2255,1188,1722
4535.744025022463,4535.619025022463,4535.869025022463,1278,511,895
4538.426913829613,4538.301913829613,4538.551913829613,2302,1133,1718
4537.268061925524,4537.143061925524,4537.393061925524,564,1037,801
4537.461629707014,4537.211629707014,4537.711629707014,945,2798,1872
4537.355452487455,4537.230452487455,4537.480452487455,2248,1199,1724
4537.653310983024,4537.528310983024,4537.778310983024,1215,1434,1325
4538.141315534226,4538.016315534226,4538.266315534226,1846,751,1299
4534.463284877231,4534.088284877231,4534.838284877231,1672,1511,1592
4531.879196420696,4531.629196420696,4532.129196420696,1341,2092,1717
4534.902092383468,4534.652092383468,4535.152092383468,1182,1475,1329
4533.322466943384,4533.072466943384,4533.572466943384,760,1339,1050
4539.791661752641,4539.666661752641,4539.916661752641,857,2366,1612
4540.950373066481,4540.825373066481,4541.075373066481,955,1304,1130
4536.704490410225,4536.579490410225,4536.829490410225,1160,1863,1512
4536.968023437158,4536.843023437158,4537.093023437158,785,1798,1292
4544.318036763013,4543.943036763013,4544.693036763013,1021,1124,1073
4546.2125131325865,4545.9625131325865,4546.4625131325865,1278,493,886
4541.851553318925,4541.726553318925,4541.976553318925,1195,2338,1767
4542.30965326178,4541.93465326178,4542.68465326178,1669,824,1247
4538.058690543274,4537.808690543274,4538.308690543274,1997,1720,1859
4538.716704535891,4538.591704535891,4538.841704535891,1124,1083,1104
4540.775094588708,4540.525094588708,4541.025094588708,1334,569,952
4540.50367472082,4540.25367472082,4540.75367472082,1614,1375,1495
4538.323258405459,4538.198258405459,4538.448258405459,2528,915,1722
4542.45962011358,4542.08462011358,4542.83462011358,1188,969,1079
4541.990817259086,4541.865817259086,4542.115817259086,958,673,816
4547.555524122967,4547.305524122967,4547.805524122967,1237,1534,1386
4542.536439914781,4542.286439914781,4542.786439914781,1740,763,1252
4544.7506984435995,4544.6256984435995,4544.8756984435995,1833,1612,1723
4546.404302261486,4546.029302261486,4546.779302261486,1179,1954,1567
4539.607232627194,4539.357232627194,4539.857232627194,1089,622,856
4539.312278967361,4539.187278967361,4539.437278967361,1265,550,908
4538.219645873618,4538.094645873618,4538.344645873618,1406,1177,1292
4536.628672074858,4536.378672074858,4536.878672074858,2200,1091,1646
4533.125450336205,4533.000450336205,4533.250450336205,2040,1525,1783
4531.098198898213,4530.848198898213,4531.348198898213,859,2488,1674
4529.300122462703,4529.175122462703,4529.425122462703,1304,1075,1190
4531.798178001426,4531.673178001426,4531.923178001426,893,1244,1069
4532.336882397267,4532.211882397267,4532.461882397267,1844,1235,1540
4536.279946745484,4536.154946745484,4536.404946745484,1276,1401,1339
4535.025858418943,4534.900858418943,4535.150858418943,2755,1120,1938
4538.433201587315,4538.308201587315,4538.558201587315,1082,1355,1219
4534.386262699041,4534.261262699041,4534.511262699041,1702,1655,1679
4533.045379885814,4532.670379885814,4533.420379885814,2450,971,1711
4526.64974690888,4526.52474690888,4526.77474690888,828,1571,1200
4527.97902977972,4527.60402977972,4528.35402977972,1463,972,1218
4526.169621040866,4526.044621040866,4526.294621040866,863,1508,1186
4520.488120495196,4520.363120495196,4520.613120495196,617,1106,862
4522.656480121277,4522.531480121277,4522.781480121277,699,1616,1158
4519.687718401483,4519.437718401483,4519.937718401483,1004,793,899
4513.853598554513,4513.478598554513,4514.228598554513,1069,738,904
4511.5135818054205,4511.3885818054205,4511.6385818054205,1259,1500,1380
4511.338144064709,4511.213144064709,4511.463144064709,1899,1642,1771
4513.814659207149,4513.689659207149,4513.939659207149,1302,903,1103
4510.917386938527,4510.792386938527,4511.042386938527,1650,727,1189
4512.40000675144,4512.27500675144,4512.52500675144,926,991,959
4511.219803354099,4510.969803354099,4511.469803354099,1997,1890,1944
4507.916932943955,4507.791932943955,4508.041932943955,1251,1114,1183
4511.159899289458,4511.034899289458,4511.284899289458,981,1220,1101
4513.58095778149,4513.45595778149,4513.70595778149,898,2425,1662
4515.614724463021,4515.364724463021,4515.864724463021,1056,661,859
4514.185343723316,4513.935343723316,4514.435343723316,2352,1041,1697
4517.73137063979,4517.48137063979,4517.98137063979,1274,983,1129
4518.728087572065,4518.478087572065,4518.978087572065,2029,1926,1978
4521.825063285032,4521.700063285032,4521.950063285032,698,1917,1308
4522.691609434724,4522.441609434724,4522.941609434724,1799,1568,1684
4519.846604304082,4519.596604304082,4520.096604304082,459,1168,814
4518.111476437111,4517.986476437111,4518.236476437111,1656,2061,1859
4523.6937920250675,4523.5687920250675,4523.8187920250675,2192,1263,1728
4527.1955608850185,4526.9455608850185,4527.4455608850185,713,2016,1365
4532.1052742301,4531.9802742301,4532.2302742301,1596,1643,1620
4530.988945885614,4530.738945885614,4531.238945885614,2562,1249,1906
4531.366968595075,4531.241968595075,4531.491968595075,1087,1214,1151
4529.604011552634,4529.479011552634,4529.729011552634,785,1212,999
4525.708400460824,4525.458400460824,4525.958400460824,1900,1859,1880
4533.824150736693,4533.574150736693,4534.074150736693,2409,910,1660
4532.723527700625,4532.348527700625,4533.098527700625,1762,985,1374
4529.245129147186,4528.995129147186,4529.495129147186,1287,2486,1887
4526.507043275368,4526.382043275368,4526.632043275368,928,2129,1529
4522.889534510135,4522.764534510135,4523.014534510135,1561,1434,1498
4519.534097440953,4519.409097440953,4519.659097440953,626,1531,1079
4517.043014424043,4516.793014424043,4517.293014424043,1234,1189,1212
4521.77014032869,4521.39514032869,4522.14514032869,1452,1455,1454
4516.773673957509,4516.523673957509,4517.023673957509,2495,1198,1847
4516.504334426222,4516.129334426222,4516.879334426222,564,1329,947
4522.313421755769,4522.188421755769,4522.438421755769,1937,860,1399
4522.019681134628,4521.894681134628,4522.144681134628,1149,1370,1260
4520.50013522181,4520.37513522181,4520.62513522181,1016,691,854
4516.214095969522,4516.089095969522,4516.339095969522,1183,1308,1246
4516.429789474606,4516.304789474606,4516.554789474606,2312,1413,1863
4514.714319879754,4514.464319879754,4514.964319879754,1245,1176,1211
4516.79880395959,4516.67380395959,4516.92380395959,929,1468,1199
4516.93808009544,4516.68808009544,4517.18808009544,1384,2139,1762
4520.934760114464,4520.684760114464,4521.184760114464,666,1783,1225
4524.435135957798,4524.310135957798,4524.560135957798,1194,629,912
4523.754470004369,4523.629470004369,4523.879470004369,1624,933,1279
4524.175165459216,4524.050165459216,4524.300165459216,2048,739,1394
4526.61187327487,4526.48687327487,4526.73687327487,990,1773,1382
4522.463196859545,4522.338196859545,4522.588196859545,2107,1396,1752
4525.43031077933,4525.30531077933,4525.55531077933,2279,1322,1801
4524.988495776297,4524.863495776297,4525.113495776297,2320,1469,1895
4523.996494021576,4523.871494021576,4524.121494021576,2175,1666,1921
4528.751221908144,4528.626221908144,4528.876221908144,2545,1166,1856
4529.032310225795,4528.907310225795,4529.157310225795,1635,1364,1500
4528.3284001338625,4528.0784001338625,4528.5784001338625,1100,1419,1260
4530.863794597191,4530.488794597191,4531.238794597191,1867,1376,1622
4529.448870229976,4529.323870229976,4529.573870229976,1303,482,893
4532.298551421827,4532.173551421827,4532.423551421827,2189,1060,1625
4529.331128023366,4529.206128023366,4529.456128023366,2569,1102,1836
4532.510440444446,4532.385440444446,4532.635440444446,2741,972,1857
4526.226468500786,4526.101468500786,4526.351468500786,1238,625,932
4519.75963066069,4519.38463066069,4520.13463066069,1004,2661,1833
4526.67551934749,4526.30051934749,4527.05051934749,1487,960,1224
4527.478270365597,4527.353270365597,4527.603270365597,1639,1734,1687
4529.313325920228,4529.188325920228,4529.438325920228,536,1295,916
4529.996342601758,4529.746342601758,4530.246342601758,1762,1375,1569
4535.872425731554,4535.747425731554,4535.997425731554,1644,1115,1380
4533.457047258273,4533.332047258273,4533.582047258273,2697,1026,1862
4536.566194253611,4536.441194253611,4536.691194253611,2368,1409,1889
4533.910532152931,4533.785532152931,4534.035532152931,1010,1983,1497
4537.028757010895,4536.903757010895,4537.153757010895,1819,1804,1812
4542.873686725839,4542.498686725839,4543.248686725839,2059,1290,1675
4544.206434770488,4544.081434770488,4544.331434770488,1057,1430,1244
4546.093836396255,4545.718836396255,4546.468836396255,2939,1006,1973
4546.204908504492,4546.079908504492,4546.329908504492,554,1237,896
4545.089441896525,4544.714441896525,4545.464441896525,781,1914,1348
4543.5073363128695,4543.3823363128695,4543.6323363128695,864,909,887
4543.149344365394,4543.024344365394,4543.274344365394,1419,2216,1818
4539.0686010952195,4538.6936010952195,4539.4436010952195,1877,812,1345
4539.4548910807935,4539.2048910807935,4539.7048910807935,599,1478,1039
4533.770598359848,4533.395598359848,4534.145598359848,1147,874,1011
4531.727108396939,4531.477108396939,4531.977108396939,1480,569,1025
4536.024716690825,4535.899716690825,4536.149716690825,1397,1406,1402
4536.331747163718,4536.081747163718,4536.581747163718,1213,962,1088
4534.353978044819,4534.103978044819,4534.603978044819,1417,2514,1966
4531.7991593189445,4531.5491593189445,4532.0491593189445,866,2429,1648
4534.777254038798,4534.402254038798,4535.152254038798,1195,1540,1368
4532.913990988412,4532.788990988412,4533.038990988412,2030,1667,1849
4529.9300593463895,4529.6800593463895,4530.1800593463895,1285,1278,1282
4527.969053048616,4527.844053048616,4528.094053048616,998,1273,1136
4528.245783586413,4527.870783586413,4528.620783586413,548,1171,860
4527.217155239801,4527.092155239801,4527.342155239801,676,1453,1065
4529.147123046012,4529.022123046012,4529.272123046012,1103,778,941
4528.385103198611,4528.260103198611,4528.510103198611,1278,1359,1319
4528.226339307626,4528.101339307626,4528.351339307626,1299,1356,1328
4534.055970868819,4533.805970868819,4534.305970868819,1276,995,1136
4536.66425904971,4536.53925904971,4536.78925904971,1679,1652,1666
4536.0624500223785,4535.8124500223785,4536.3124500223785,796,1169,983
4540.163426721514,4540.038426721514,4540.288426721514,1303,2006,1655
4537.638090958945,4537.388090958945,4537.888090958945,1076,2061,1569
4536.4288141377965,4536.3038141377965,4536.5538141377965,695,1554,1125
4536.417615336814,4536.292615336814,4536.542615336814,1694,1843,1769
4535.072854214129,4534.947854214129,4535.197854214129,2280,1219,1750
4534.571338054699,4534.446338054699,4534.696338054699,1160,1005,1083
4532.4049040828095,4532.2799040828095,4532.5299040828095,2054,1517,1786
4538.686637108837,4538.561637108837,4538.811637108837,2131,1160,1646
4543.924352682086,4543.799352682086,4544.049352682086,1899,1158,1529
4544.933461306687,4544.683461306687,4545.183461306687,1099,1070,1085
4537.639056108186,4537.264056108186,4538.014056108186,829,954,892
4535.284003208528,4535.034003208528,4535.534003208528,716,1137,927
4537.431292044522,4537.306292044522,4537.556292044522,1223,596,910
4532.762505078559,4532.637505078559,4532.887505078559,1540,1099,1320
4533.130308068556,4533.005308068556,4533.255308068556,879,1680,1280
4537.070820347714,4536.820820347714,4537.320820347714,886,1739,1313
4539.858706738198,4539.733706738198,4539.983706738198,1385,1990,1688
4543.063179919473,4542.938179919473,4543.188179919473,1140,1025,1083
4541.485377123106,4541.235377123106,4541.735377123106,1598,609,1104
4543.454914087721,4543.204914087721,4543.704914087721,1039,860,950
4546.3329917131905,4545.9579917131905,4546.7079917131905,2417,978,1698
4546.636799810535,4546.511799810535,4546.761799810535,1637,1420,1529
4545.767763325233,4545.642763325233,4545.892763325233,1097,2084,1591
4548.863923451306,4548.613923451306,4549.113923451306,1484,505,995
4550.47104363931,4550.09604363931,4550.84604363931,1562,1907,1735
4552.832494855842,4552.707494855842,4552.957494855842,1739,1670,1705
4551.647824622332,4551.397824622332,4551.897824622332,1880,971,1426
4552.956058423909,4552.706058423909,4553.206058423909,1195,1610,1403
4554.789523369585,4554.414523369585,4555.164523369585,585,1202,894
4554.528915130016,4554.153915130016,4554.903915130016,1137,2622,1880
4559.523575882527,4559.148575882527,4559.898575882527,1211,2258,1735
4557.700278842276,4557.325278842276,4558.075278842276,2076,1419,1748
4558.6728509247905,4558.5478509247905,4558.7978509247905,1377,2450,1914
4558.942616811087,4558.817616811087,4559.067616811087,640,1147,894
4557.6644917437325,4557.5394917437325,4557.7894917437325,1199,922,1061
4557.609462776969,4557.484462776969,4557.734462776969,1258,1543,1401
4559.9340344186585,4559.8090344186585,4560.0590344186585,1042,2071,1557
4559.175127952401,4559.050127952401,4559.300127952401,923,1752,1338
4561.018152394653,4560.768152394653,4561.268152394653,2666,1049,1858
4563.256662946974,4563.006662946974,4563.506662946974,476,1257,867
4561.90436482286,4561.65436482286,4562.15436482286,688,1991,1340
4558.8117474926285,4558.5617474926285,4559.0617474926285,682,1821,1252
4560.243322292792,4560.118322292792,4560.368322292792,1260,2113,1687
4560.5297812249955,4560.4047812249955,4560.6547812249955,879,1550,1215
4559.2348586501585,4558.9848586501585,4559.4848586501585,793,890,842
4559.965965345533,4559.715965345533,4560.215965345533,1903,2042,1973
4557.985787705039,4557.860787705039,4558.110787705039,727,1902,1315
4560.1050089699265,4559.9800089699265,4560.2300089699265,1468,547,1008
4556.886491107161,4556.511491107161,4557.261491107161,1496,743,1120
4556.039715031382,4555.914715031382,4556.164715031382,1448,1799,1624
4558.1218849985535,4557.9968849985535,4558.2468849985535,1226,2347,1787
4559.806965211676,4559.431965211676,4560.181965211676,1459,1262,1361
4560.121273108856,4559.996273108856,4560.246273108856,2362,1401,1882
4559.027570318989,4558.902570318989,4559.152570318989,2095,990,1543
4559.935546572113,4559.560546572113,4560.310546572113,1342,2503,1923
4557.159950968496,4557.034950968496,4557.284950968496,1338,1997,1668
4557.5348190587565,4557.2848190587565,4557.7848190587565,2262,925,1594
4559.274534097126,4559.024534097126,4559.524534097126,679,1380,1030
4561.105003352435,4560.855003352435,4561.355003352435,2002,1563,1783
4561.950980163325,4561.825980163325,4562.075980163325,981,1296,1139
4561.876961335319,4561.626961335319,4562.126961335319,879,1982,1431
4557.924086853998,4557.799086853998,4558.049086853998,1955,1288,1622
4557.320397566148,4557.070397566148,4557.570397566148,1127,658,893
4556.701414736729,4556.576414736729,4556.826414736729,1146,2409,1778
4558.734424430113,4558.484424430113,4558.984424430113,1095,928,1012
4555.311495499219,4555.061495499219,4555.561495499219,1320,2371,1846
4557.335495744431,4556.960495744431,4557.710495744431,1347,1340,1344
4560.929485730531,4560.679485730531,4561.179485730531,1865,946,1406
4562.519778158916,4562.269778158916,4562.769778158916,1294,1863,1579
4562.86452805025,4562.73952805025,4562.98952805025,1652,661,1157
4562.306093349349,4562.056093349349,4562.556093349349,1081,874,978
4563.444480961484,4563.194480961484,4563.694480961484,916,2455,1686
4565.402997184011,4565.277997184011,4565.527997184011,1607,2320,1964
4567.356376839423,4567.106376839423,4567.606376839423,1739,1302,1521
4567.695015022542,4567.570015022542,4567.820015022542,1797,728,1263
4565.39918192267,4565.02418192267,4565.77418192267,2378,793,1586
4567.556699052545,4567.431699052545,4567.681699052545,2162,1713,1938
4566.749938665303,4566.624938665303,4566.874938665303,666,1503,1085
4568.163125865373,4567.913125865373,4568.413125865373,1559,1880,1720
4567.101658291293,4566.726658291293,4567.476658291293,1200,2225,1713
4565.365513004792,4565.240513004792,4565.490513004792,1155,598,877
4567.774482097935,4567.649482097935,4567.899482097935,544,1393,969
4566.790808078492,4566.665808078492,4566.915808078492,967,2498,1733
4566.808744168197,4566.558744168197,4567.058744168197,2645,1004,1825
4564.977014560951,4564.727014560951,4565.227014560951,989,1334,1162
4566.6740794725465,4566.4240794725465,4566.9240794725465,641,1632,1137
4567.886049756725,4567.761049756725,4568.011049756725,1630,715,1173
4568.239639260926,4568.114639260926,4568.364639260926,1228,1051,1140
4568.003944318188,4567.878944318188,4568.128944318188,1338,2473,1906
4568.785909147719,4568.660909147719,4568.910909147719,612,1567,1090
4569.037136784106,4568.787136784106,4569.287136784106,1542,1591,1567
4570.927244468467,4570.802244468467,4571.052244468467,1524,1373,1449
4569.235056919636,4569.110056919636,4569.360056919636,516,1429,973
4564.530930302525,4564.405930302525,4564.655930302525,2385,922,1654
4565.462185089929,4565.337185089929,4565.587185089929,1002,2213,1608
4564.170785132987,4563.920785132987,4564.420785132987,827,1322,1075
4563.198197903999,4563.073197903999,4563.323197903999,1381,484,933
4562.935594152099,4562.685594152099,4563.185594152099,1899,1300,1600
4563.088822581964,4562.713822581964,4563.463822581964,2398,1355,1877
4563.780400078922,4563.530400078922,4564.030400078922,1478,515,997
4560.228057033864,4560.103057033864,4560.353057033864,1266,1685,1476
4563.044569112249,4562.919569112249,4563.169569112249,1631,1128,1380
4564.609166180884,4564.359166180884,4564.859166180884,913,1684,1299
4564.41138782075,4564.03638782075,4564.78638782075,1419,1550,1485
4567.0197640816405,4566.7697640816405,4567.2697640816405,1355,524,940
4564.780510982161,4564.530510982161,4565.030510982161,640,1239,940
4563.2763986792725,4563.1513986792725,4563.4013986792725,1176,1663,1420
4562.331576774738,4562.081576774738,4562.581576774738,1415,2534,1975
4564.418062857336,4564.293062857336,4564.543062857336,954,2189,1572
4566.231594429268,4566.106594429268,4566.356594429268,548,1353,951
4565.860737352994,4565.610737352994,4566.110737352994,1142,1399,1271
4565.144445522611,4565.019445522611,4565.269445522611,1188,2541,1865
4567.583892594829,4567.458892594829,4567.708892594829,954,2349,1652
4567.025746810915,4566.900746810915,4567.150746810915,1285,1396,1341
4566.839596336665,4566.714596336665,4566.964596336665,1634,1581,1608
4567.727659486629,4567.602659486629,4567.852659486629,2210,1095,1653
4567.997189768003,4567.872189768003,4568.122189768003,1167,432,800
4569.125846602282,4569.000846602282,4569.250846602282,1572,2319,1946
4572.281258757761,4571.906258757761,4572.656258757761,1392,2307,1850
4575.894912235089,4575.644912235089,4576.144912235089,460,1333,897
4573.28041443579,4573.15541443579,4573.40541443579,1232,2277,1755
4575.125914277226,4574.750914277226,4575.500914277226,2669,1088,1879
4576.1991718501,4576.0741718501,4576.3241718501,852,991,922
4576.2044816998105,4576.0794816998105,4576.3294816998105,2059,1764,1912
4577.600375029835,4577.350375029835,4577.850375029835,1615,696,1156
4578.703084582171,4578.578084582171,4578.828084582171,1352,2419,1886
4576.625536280611,4576.500536280611,4576.750536280611,2355,1010,1683
4576.9399836676575,4576.8149836676575,4577.0649836676575,2040,1339,1690
4577.660288009425,4577.285288009425,4578.035288009425,1740,1831,1786
4578.5101749967735,4578.3851749967735,4578.6351749967735,1071,2748,1910
4579.613349846048,4579.488349846048,4579.738349846048,1284,1353,1319
4581.361731053003,4581.236731053003,4581.486731053003,1097,1082,1090
4580.616359242977,4580.491359242977,4580.741359242977,968,1865,1417
4580.704108981208,4580.454108981208,4580.954108981208,2256,1353,1805
4582.349504015626,4582.099504015626,4582.599504015626,1087,2482,1785
4579.80233714541,4579.55233714541,4580.05233714541,1453,926,1190
4580.5018481346,4580.3768481346,4580.6268481346,1350,629,990
4579.4828308436,4579.3578308436,4579.6078308436,999,1216,1108
4580.754295348166,4580.504295348166,4581.004295348166,2285,1608,1947
4580.849843610571,4580.599843610571,4581.099843610571,1706,1123,1415
4579.138821719838,4579.013821719838,4579.263821719838,1831,776,1304
4582.04211893981,4581.79211893981,4582.29211893981,1062,2073,1568
4582.1573349142245,4581.9073349142245,4582.4073349142245,2296,1229,1763
4582.4999562429975,4582.1249562429975,4582.8749562429975,1663,864,1264
4580.170099662767,4580.045099662767,4580.295099662767,1355,1646,1501
4579.211487440497,4579.086487440497,4579.336487440497,1875,1408,1642
4577.628964493243,4577.503964493243,4577.753964493243,1804,2011,1908
4577.182609998476,4576.932609998476,4577.432609998476,1206,2409,1808
4575.8390347013155,4575.7140347013155,4575.9640347013155,992,737,865
4572.934140055888,4572.809140055888,4573.059140055888,2420,977,1699
4572.785252988975,4572.660252988975,4572.910252988975,1357,2160,1759
4573.379676945,4573.254676945,4573.504676945,1767,2034,1901
4575.291223601539,4575.041223601539,4575.541223601539,1586,1913,1750
4576.18094353599,4576.05594353599,4576.30594353599,2041,774,1408
4577.128616469298,4576.878616469298,4577.378616469298,477,1424,951
4577.189692731386,4576.939692731386,4577.439692731386,2024,1075,1550
4575.167762371912,4575.042762371912,4575.292762371912,1441,2046,1744
4571.003821437882,4570.753821437882,4571.253821437882,1867,1496,1682
4570.30304530591,4570.17804530591,4570.42804530591,730,1589,1160
4568.685887595027,4568.560887595027,4568.810887595027,1912,1291,1602
4570.517151125544,4570.392151125544,4570.642151125544,1418,695,1057
4570.721570231518,4570.346570231518,4571.096570231518,827,772,800
4572.558449848211,4572.433449848211,4572.683449848211,2150,1747,1949
4568.96748398471,4568.84248398471,4569.09248398471,1307,2040,1674
4568.531212809933,4568.156212809933,4568.906212809933,1537,1798,1668
4567.573660675867,4567.448660675867,4567.698660675867,1206,1263,1235
4566.590476652498,4566.340476652498,4566.840476652498,2118,1123,1621
4568.311553053294,4568.061553053294,4568.561553053294,1043,578,811
4569.182933994365,4569.057933994365,4569.307933994365,976,1515,1246
4571.091392828516,4570.716392828516,4571.466392828516,984,1087,1036
4575.200146263813,4574.950146263813,4575.450146263813,646,1219,933
4573.049213538658,4572.799213538658,4573.299213538658,1461,2358,1910
4574.876407847019,4574.751407847019,4575.001407847019,1827,742,1285
4575.642671480503,4575.517671480503,4575.767671480503,1505,684,1095
4577.513495674143,4577.263495674143,4577.763495674143,1090,1477,1284
4577.757699616308,4577.632699616308,4577.882699616308,2643,1258,1951
4573.484662926786,4573.234662926786,4573.734662926786,1096,1809,1453
4573.177699232438,4573.052699232438,4573.302699232438,1913,1112,1513
4569.391625500877,4569.141625500877,4569.641625500877,1288,2391,1840
4569.653216159346,4569.528216159346,4569.778216159346,1126,1161,1144
4567.538516780607,4567.288516780607,4567.788516780607,660,1671,1166
4568.133273050637,4568.008273050637,4568.258273050637,1757,1180,1469
4567.512357369993,4567.387357369993,4567.637357369993,2118,1153,1636
4568.876036361243,4568.751036361243,4569.001036361243,1399,788,1094
4570.176241770529,4569.926241770529,4570.426241770529,574,1671,1123
4570.459553910926,4570.334553910926,4570.584553910926,1541,1994,1768
4572.607294996109,4572.482294996109,4572.732294996109,1682,1125,1404
4570.560363558883,4570.435363558883,4570.685363558883,2407,1464,1936
4571.3920116291,4571.2670116291,4571.5170116291,2431,1404,1918
4571.8064976575115,4571.6814976575115,4571.9314976575115,550,1321,936
4575.408578599164,4575.283578599164,4575.533578599164,500,1481,991
4575.760909831377,4575.510909831377,4576.010909831377,1616,1903,1760
4576.177541347667,4576.052541347667,4576.302541347667,1143,760,952
4576.9799288201375,4576.7299288201375,4577.2299288201375,2134,731,1433
4575.526837403306,4575.401837403306,4575.651837403306,1153,1270,1212
4573.848906053938,4573.723906053938,4573.973906053938,2017,1574,1796
4570.479380827934,4570.354380827934,4570.604380827934,659,1150,905
4571.680009192275,4571.555009192275,4571.805009192275,1374,1005,1190
4575.6772832104,4575.5522832104,4575.8022832104,1675,1704,1690
4575.552978499765,4575.427978499765,4575.677978499765,623,1304,964
4572.756017906899,4572.381017906899,4573.131017906899,2513,1332,1923
4574.496097243018,4574.246097243018,4574.746097243018,1401,1740,1571
4574.17228020859,4574.04728020859,4574.29728020859,919,1886,1403
4573.292994024675,4573.167994024675,4573.417994024675,683,1330,1007
4575.767187005177,4575.642187005177,4575.892187005177,1057,918,988
4575.237502280869,4575.112502280869,4575.362502280869,1701,1792,1747
4576.252701440403,4576.002701440403,4576.502701440403,2113,1430,1772
4572.891870334068,4572.641870334068,4573.141870334068,1927,734,1331
4572.928890890578,4572.803890890578,4573.053890890578,962,783,873
4575.43624505596,4575.31124505596,4575.56124505596,740,2063,1402
4577.663359400988,4577.538359400988,4577.788359400988,1903,1598,1751
4577.481882654509,4577.231882654509,4577.731882654509,1874,1189,1532
4577.084642605483,4576.959642605483,4577.209642605483,2175,1380,1778
4576.569725413502,4576.444725413502,4576.694725413502,933,2750,1842
4576.116967497666,4575.991967497666,4576.241967497666,783,834,809
4578.628554135986,4578.378554135986,4578.878554135986,1549,1766,1658
4576.033010872061,4575.783010872061,4576.283010872061,918,1429,1174
4577.617433739741,4577.367433739741,4577.867433739741,2278,767,1523
4574.479587687456,4574.354587687456,4574.604587687456,767,1904,1336
4576.714774561821,4576.589774561821,4576.839774561821,1433,1172,1303
4577.0928318279275,4576.9678318279275,4577.2178318279275,1433,1342,1388
4576.85508687142,4576.73008687142,4576.98008687142,1421,968,1195
4576.698889541511,4576.573889541511,4576.823889541511,809,1640,1225
4574.248409635849,4573.998409635849,4574.498409635849,1492,1187,1340
4575.1540322211695,4575.0290322211695,4575.2790322211695,1838,1001,1420
4573.278105644175,4573.153105644175,4573.403105644175,1124,1443,1284
4572.173788269564,4571.923788269564,4572.423788269564,1408,671,1040
4570.212311463406,4570.087311463406,4570.337311463406,1448,1173,1311
4568.051123460797,4567.926123460797,4568.176123460797,980,785,883
4565.429261186036,4565.304261186036,4565.554261186036,876,1953,1415
4565.986695508155,4565.861695508155,4566.111695508155,1513,2420,1967
4566.467861181859,4566.092861181859,4566.842861181859,2184,729,1457
4567.271036726769,4567.021036726769,4567.521036726769,1558,1499,1529
4575.902204908384,4575.652204908384,4576.152204908384,663,1934,1299
4574.280336292132,4574.155336292132,4574.405336292132,1020,895,958
4576.082410328178,4575.957410328178,4576.207410328178,2077,888,1483
4579.45429152122,4579.20429152122,4579.70429152122,1128,1127,1128
4576.644313757088,4576.394313757088,4576.894313757088,798,1931,1365
4577.04686088505,4576.92186088505,4577.17186088505,900,2557,1729
4572.014512473571,4571.764512473571,4572.264512473571,872,1719,1296
4568.727507814963,4568.602507814963,4568.852507814963,2448,1191,1820
4565.628312482257,4565.378312482257,4565.878312482257,1574,773,1174
4569.6866257854745,4569.5616257854745,4569.8116257854745,1886,757,1322
4569.796822943252,4569.546822943252,4570.046822943252,1515,632,1074
4568.432028651464,4568.307028651464,4568.557028651464,1280,1841,1561
4563.511818322767,4563.261818322767,4563.761818322767,1019,1424,1222
4559.638057419204,4559.388057419204,4559.888057419204,1007,2014,1511
4556.545292262463,4556.295292262463,4556.795292262463,1360,1433,1397
4554.169336660283,4553.919336660283,4554.419336660283,1028,1577,1303
4551.860804779994,4551.485804779994,4552.235804779994,1946,687,1317
4552.234707958946,4552.109707958946,4552.359707958946,1736,1909,1823
4553.677851235889,4553.427851235889,4553.927851235889,922,687,805
4551.190665860933,4551.065665860933,4551.315665860933,1255,1734,1495
4556.685419349713,4556.560419349713,4556.810419349713,1500,1471,1486
4554.830813433297,4554.705813433297,4554.955813433297,2506,1055,1781
4552.399760282637,4552.274760282637,4552.524760282637,1331,478,905
4555.764091779394,4555.389091779394,4556.139091779394,1974,1331,1653
4556.227340084812,4555.977340084812,4556.477340084812,1515,2178,1847
4563.251841014617,4563.126841014617,4563.376841014617,2755,998,1877
4560.718595786603,4560.343595786603,4561.093595786603,1017,2392,1705
4574.253881136404,4574.003881136404,4574.503881136404,1613,1406,1510
4576.282406687311,4576.157406687311,4576.407406687311,1892,1047,1470
4577.102697094072,4576.977697094072,4577.227697094072,1438,787,1113
4580.6987459247375,4580.5737459247375,4580.8237459247375,1918,1845,1882
4573.290358393177,4573.165358393177,4573.415358393177,953,2272,1613
4568.645840688702,4568.520840688702,4568.770840688702,1325,1568,1447
4565.29000366254,4565.04000366254,4565.54000366254,855,2116,1486
4562.815399517598,4562.690399517598,4562.940399517598,1309,1306,1308
4557.037826622349,4556.912826622349,4557.162826622349,823,1862,1343
4558.318253420853,4558.193253420853,4558.443253420853,1287,696,992
4560.3633643414005,4560.2383643414005,4560.4883643414005,1508,857,1183
4561.642101590109,4561.392101590109,4561.892101590109,1386,635,1011
4559.860475316531,4559.485475316531,4560.235475316531,1289,876,1083
4555.740636857103,4555.615636857103,4555.865636857103,1456,659,1058
4561.319685323842,4561.069685323842,4561.569685323842,976,907,942
4557.21731493536,4556.96731493536,4557.46731493536,1481,1714,1598
4560.1460135768875,4560.0210135768875,4560.2710135768875,789,1718,1254
4562.7878492310465,4562.6628492310465,4562.9128492310465,1043,1148,1096
4562.322523288738,4562.072523288738,4562.572523288738,1256,2609,1933
4565.99360189684,4565.61860189684,4566.36860189684,1176,1737,1457
4562.709810455125,4562.334810455125,4563.084810455125,1651,1588,1620
4566.884408948974,4566.759408948974,4567.009408948974,833,1186,1010
4566.0423695397585,4565.9173695397585,4566.1673695397585,1095,1528,1312
4566.400762736531,4566.275762736531,4566.525762736531,649,976,813
4567.012864395052,4566.637864395052,4567.387864395052,1630,1595,1613
4561.733142063539,4561.608142063539,4561.858142063539,951,1656,1304
4560.593045069324,4560.343045069324,4560.843045069324,1202,2103,1653
4554.608855915291,4554.358855915291,4554.858855915291,769,1282,1026
4552.346121252999,4552.221121252999,4552.471121252999,1516,653,1085
4552.215459579411,4551.840459579411,4552.590459579411,1524,1661,1593
4552.498905475535,4552.373905475535,4552.623905475535,1186,2179,1683
4552.2416973774325,4551.9916973774325,4552.4916973774325,1664,851,1258
4555.0907023880545,4554.9657023880545,4555.2157023880545,1644,1239,1442
4550.667990410554,4550.542990410554,4550.792990410554,1325,700,1013
4550.786937915816,4550.536937915816,4551.036937915816,1689,1294,1492
4553.5781719668175,4553.3281719668175,4553.8281719668175,1313,1032,1173
4555.399052914111,4555.149052914111,4555.649052914111,1191,2196,1694
4555.855380998002,4555.480380998002,4556.230380998002,1917,1046,1482
4557.536270766383,4557.411270766383,4557.661270766383,733,1100,917
4559.794664632948,4559.669664632948,4559.919664632948,1860,2077,1969
4555.300764394924,4554.925764394924,4555.675764394924,1012,1911,1462
4552.506140221712,4552.256140221712,4552.756140221712,880,1135,1008
4556.543920540126,4556.418920540126,4556.668920540126,1053,1772,1413
4556.249368414777,4556.124368414777,4556.374368414777,1200,749,975
4565.982583641873,4565.857583641873,4566.107583641873,761,1280,1021
4570.401095207684,4570.026095207684,4570.776095207684,1898,1435,1667
4572.900597521243,4572.775597521243,4573.025597521243,1426,1375,1401
4580.0497319187525,4579.9247319187525,4580.1747319187525,2220,1131,1676
4580.557258172656,4580.432258172656,4580.682258172656,1178,803,991
4581.3997434804,4581.1497434804,4581.6497434804,1024,1541,1283
4590.255715306922,4590.130715306922,4590.380715306922,2587,1380,1984
4592.5630715547595,4592.4380715547595,4592.6880715547595,1662,1935,1799
4581.964227172954,4581.839227172954,4582.089227172954,1550,2173,1862
4579.960734862998,4579.710734862998,4580.210734862998,1989,1778,1884
4589.706825192756,4589.581825192756,4589.831825192756,1804,977,1391
4588.091275859248,4587.966275859248,4588.216275859248,1967,752,1360
4588.726345643336,4588.601345643336,4588.851345643336,1727,1018,1373
4592.783694650507,4592.658694650507,4592.908694650507,1033,2224,1629
4595.91893997328,4595.66893997328,4596.16893997328,686,917,802
4595.044447105466,4594.919447105466,4595.169447105466,802,1109,956
4587.830139071713,4587.705139071713,4587.955139071713,1948,1253,1601
4595.31604806467,4595.06604806467,4595.56604806467,1049,722,886
4592.536262874986,4592.411262874986,4592.661262874986,1193,2618,1906
4597.994672484944,4597.744672484944,4598.244672484944,887,1790,1339
4600.005505480874,4599.755505480874,4600.255505480874,1658,569,1114
4602.119029497986,4601.994029497986,4602.244029497986,1273,2682,1978
4606.788750341777,4606.538750341777,4607.038750341777,2648,967,1808
4600.927102747907,4600.802102747907,4601.052102747907,2362,981,1672
4601.750573608214,4601.500573608214,4602.000573608214,2614,1079,1847
4606.433358618353,4606.183358618353,4606.683358618353,847,2494,1671
4604.035906132308,4603.785906132308,4604.285906132308,990,995,993
4610.934165091368,4610.809165091368,4611.059165091368,1062,1953,1508
4617.9475194829265,4617.6975194829265,4618.1975194829265,1424,1453,1439
4619.567803535407,4619.317803535407,4619.817803535407,2700,1213,1957
4626.375895861973,4626.250895861973,4626.500895861973,1416,1047,1232
4629.129065603968,4629.004065603968,4629.254065603968,1727,1796,1762
4625.7786181009715,4625.6536181009715,4625.9036181009715,1336,1957,1647
4622.107099176597,4621.982099176597,4622.232099176597,1059,1452,1256
4624.115277468263,4623.990277468263,4624.240277468263,1602,537,1070
4622.057949072245,4621.682949072245,4622.432949072245,1859,1304,1582
4618.939791083152,4618.814791083152,4619.064791083152,1306,1763,1535
4620.506446268763,4620.381446268763,4620.631446268763,913,886,900
4620.858025250611,4620.483025250611,4621.233025250611,1937,650,1294
4621.325101201486,4621.200101201486,4621.450101201486,1738,1653,1696
4618.8264039376145,4618.5764039376145,4619.0764039376145,1108,2387,1748
4620.037302247679,4619.912302247679,4620.162302247679,667,1096,882
4621.362494231905,4621.237494231905,4621.487494231905,589,1444,1017
4620.107574894674,4619.982574894674,4620.232574894674,1102,1109,1106
4623.210501632706,4623.085501632706,4623.335501632706,989,2916,1953
4619.629789866437,4619.504789866437,4619.754789866437,1112,605,859
4616.427842867576,4616.177842867576,4616.677842867576,930,1791,1361
4619.883461229349,4619.758461229349,4620.008461229349,560,1233,897
4618.374820848273,4618.249820848273,4618.499820848273,1398,1369,1384
4619.615491752732,4619.240491752732,4619.990491752732,1844,1573,1709
4619.820108551444,4619.695108551444,4619.945108551444,2187,1076,1632
4620.584134563251,4620.334134563251,4620.834134563251,759,1152,956
4625.0542832635865,4624.8042832635865,4625.3042832635865,644,1485,1065
4626.109870034649,4625.984870034649,4626.234870034649,583,1138,861
4621.48097681934,4621.35597681934,4621.60597681934,813,2034,1424
4620.728558938669,4620.603558938669,4620.853558938669,869,1652,1261
4622.311533791668,4622.061533791668,4622.561533791668,1979,800,1390
4618.813997521485,4618.688997521485,4618.938997521485,2440,931,1686
4620.054955064649,4619.929955064649,4620.179955064649,2067,1134,1601
4619.570099775201,4619.445099775201,4619.695099775201,1023,1650,1337
4621.534966226617,4621.409966226617,4621.659966226617,957,678,818
4617.564759055086,4617.439759055086,4617.689759055086,1273,2690,1982
4619.295376866717,4619.045376866717,4619.545376866717,636,1007,822
4623.362695654305,4623.112695654305,4623.612695654305,1231,1140,1186
4625.455626408982,4625.330626408982,4625.580626408982,1739,856,1298
4626.370662698875,4626.245662698875,4626.495662698875,2166,859,1513
4623.155236949475,4622.905236949475,4623.405236949475,935,1998,1467
4622.561205459308,4622.436205459308,4622.686205459308,2168,1093,1631
4619.661878245121,4619.536878245121,4619.786878245121,940,969,955
4627.943520592441,4627.818520592441,4628.068520592441,758,1117,938
4632.166874679439,4631.916874679439,4632.416874679439,695,1020,858
4630.559633594808,4630.434633594808,4630.684633594808,1527,756,1142
4629.302872673679,4629.177872673679,4629.427872673679,902,815,859
4633.816752394843,4633.441752394843,4634.191752394843,745,1118,932
4636.763662491682,4636.638662491682,4636.888662491682,796,1149,973
4632.217275782917,4632.092275782917,4632.342275782917,823,822,823
4636.665406203937,4636.290406203937,4637.040406203937,2524,1341,1933
4636.745160359842,4636.620160359842,4636.870160359842,2164,737,1451
4634.26217887302,4634.13717887302,4634.38717887302,1393,888,1141
4638.508447475956,4638.383447475956,4638.633447475956,1476,493,985
4633.556276321325,4633.431276321325,4633.681276321325,1090,1091,1091
4627.84444961621,4627.71944961621,4627.96944961621,550,1555,1053
4630.486426739666,4630.361426739666,4630.611426739666,2299,1048,1674
4635.975111533117,4635.725111533117,4636.225111533117,2013,1184,1599
4637.192983432494,4637.067983432494,4637.317983432494,2275,1502,1889
4631.238793839514,4631.113793839514,4631.363793839514,1444,633,1039
4637.577571375442,4637.327571375442,4637.827571375442,1674,1537,1606
4635.212243487548,4635.087243487548,4635.337243487548,1318,989,1154
4637.917144269792,4637.792144269792,4638.042144269792,1522,1359,1441
4634.555623360755,4634.430623360755,4634.680623360755,2030,1497,1764
4638.09274755381,4637.96774755381,4638.21774755381,1494,1725,1610
4640.590423509026,4640.340423509026,4640.840423509026,1252,983,1118
4642.069260350072,4641.944260350072,4642.194260350072,1228,813,1021
4646.163910289202,4646.038910289202,4646.288910289202,642,1439,1041
4643.931585020391,4643.806585020391,4644.056585020391,1216,481,849
4641.821181239921,4641.696181239921,4641.946181239921,1102,825,964
4642.809602308739,4642.434602308739,4643.184602308739,2887,1072,1980
4643.028669356338,4642.778669356338,4643.278669356338,1259,1270,1265
4645.331380796053,4645.206380796053,4645.456380796053,1239,430,835
4643.609392277576,4643.359392277576,4643.859392277576,1648,599,1124
4645.612445273538,4645.487445273538,4645.737445273538,2026,1371,1699
4644.324199984983,4644.199199984983,4644.449199984983,1599,878,1239
4647.175555764289,4646.925555764289,4647.425555764289,1064,1833,1449
4640.9922080783845,4640.7422080783845,4641.2422080783845,1044,731,888
4646.300749592163,4646.050749592163,4646.550749592163,1172,1911,1542
4651.1868141271125,4651.0618141271125,4651.3118141271125,1419,860,1140
4651.165388915364,4650.915388915364,4651.415388915364,1411,1994,1703
4647.557130356206,4647.432130356206,4647.682130356206,591,1460,1026
4654.360208686195,4654.235208686195,4654.485208686195,868,1173,1021
4659.8503473140445,4659.6003473140445,4660.1003473140445,1240,1517,1379
4664.682845025291,4664.557845025291,4664.807845025291,1360,2397,1879
4662.353474411911,4661.978474411911,4662.728474411911,1234,1435,1335
4659.47336638533,4659.34836638533,4659.59836638533,1304,2003,1654
4658.216182621202,4658.091182621202,4658.341182621202,781,1182,982
4659.119071281543,4658.994071281543,4659.244071281543,1770,853,1312
4660.437035301005,4660.187035301005,4660.687035301005,1433,494,964
4662.45225087714,4662.32725087714,4662.57725087714,624,1171,898
4659.0548897626995,4658.9298897626995,4659.1798897626995,1221,2494,1858
4653.07289207481,4652.94789207481,4653.19789207481,1436,773,1105
4651.878739537381,4651.503739537381,4652.253739537381,1099,552,826
4648.157371423346,4648.032371423346,4648.282371423346,2223,1240,1732
4644.906427615977,4644.781427615977,4645.031427615977,1004,645,825
4640.062257518261,4639.937257518261,4640.187257518261,1315,1960,1638
4642.83445609433,4642.45945609433,4643.20945609433,1365,2560,1963
4637.3270827390925,4637.2020827390925,4637.4520827390925,1596,617,1107
4638.034499984123,4637.784499984123,4638.284499984123,1520,775,1148
4636.00203442379,4635.87703442379,4636.12703442379,1144,1361,1253
4636.0870610783795,4635.8370610783795,4636.3370610783795,945,2182,1564
4638.279272435768,4638.154272435768,4638.404272435768,1206,1577,1392
4638.707667602542,4638.582667602542,4638.832667602542,2306,1419,1863
4637.79074680395,4637.66574680395,4637.91574680395,1575,1376,1476
4637.139316450297,4637.014316450297,4637.264316450297,1821,684,1253
4637.989989910459,4637.864989910459,4638.114989910459,508,1193,851
4627.271213608091,4627.146213608091,4627.396213608091,2212,1513,1863
4629.460980584543,4629.210980584543,4629.710980584543,1492,1721,1607
4626.3017775590615,4626.1767775590615,4626.4267775590615,2290,1309,1800
4618.617847744813,4618.367847744813,4618.867847744813,934,2689,1812
4615.900501110078,4615.650501110078,4616.150501110078,1251,1150,1201
4618.964295690653,4618.714295690653,4619.214295690653,1312,2337,1825
4621.999344823641,4621.749344823641,4622.249344823641,557,1470,1014
4625.970023521265,4625.720023521265,4626.220023521265,1099,2848,1974
4628.487906788982,4628.362906788982,4628.612906788982,2048,789,1419
4623.715361734261,4623.465361734261,4623.965361734261,1510,1919,1715
4619.098579092928,4618.973579092928,4619.223579092928,2220,1319,1770
4614.730811536647,4614.605811536647,4614.855811536647,589,1168,879
4608.300448102579,4607.925448102579,4608.675448102579,1074,803,939
4606.845196780691,4606.595196780691,4607.095196780691,1510,1779,1645
4604.384945764256,4604.134945764256,4604.634945764256,2722,979,1851
4603.7856725395895,4603.6606725395895,4603.9106725395895,1951,1462,1707
4599.747036369195,4599.372036369195,4600.122036369195,2182,891,1537
4603.718603169439,4603.593603169439,4603.843603169439,2254,1033,1644
4603.17942167631,4602.92942167631,4603.42942167631,2025,1262,1644
4601.704551476217,4601.329551476217,4602.079551476217,1382,1755,1569
4603.009585203372,4602.884585203372,4603.134585203372,840,1303,1072
4602.610718191815,4602.485718191815,4602.735718191815,2020,1331,1676
4600.782266710814,4600.657266710814,4600.907266710814,1479,1192,1336
4609.96150259086,4609.83650259086,4610.08650259086,2227,840,1534
4612.699370037354,4612.324370037354,4613.074370037354,954,2191,1573
4615.749530790943,4615.374530790943,4616.124530790943,1634,675,1155
4617.626050076817,4617.251050076817,4618.001050076817,544,1223,884
4620.821363939228,4620.696363939228,4620.946363939228,1345,1840,1593
4620.345634858593,4620.220634858593,4620.470634858593,931,1640,1286
4623.8202491461725,4623.5702491461725,4624.0702491461725,2317,1054,1686
4626.29366831158,4626.04366831158,4626.54366831158,1053,1028,1041
4627.261963392206,4626.886963392206,4627.636963392206,773,1708,1241
4626.309944796509,4626.184944796509,4626.434944796509,767,2030,1399
4623.721034831178,4623.596034831178,4623.846034831178,736,1831,1284
4629.9175016134,4629.7925016134,4630.0425016134,1695,688,1192
4636.240366961144,4636.115366961144,4636.365366961144,1894,1207,1551
4642.635093715898,4642.510093715898,4642.760093715898,1272,917,1095
4643.534046067711,4643.284046067711,4643.784046067711,842,953,898
4641.713112899571,4641.588112899571,4641.838112899571,1261,2650,1956
4647.131581011794,4647.006581011794,4647.256581011794,1339,1182,1261
4642.707935474773,4642.457935474773,4642.957935474773,1108,2889,1999
4646.203032513882,4646.078032513882,4646.328032513882,1117,2098,1608
4641.825533608007,4641.700533608007,4641.950533608007,841,2444,1643
4644.898499408715,4644.648499408715,4645.148499408715,824,1027,926
4646.544510834619,4646.294510834619,4646.794510834619,1131,2446,1789
4646.289798032181,4646.039798032181,4646.539798032181,2593,1196,1895
4640.492108586119,4640.242108586119,4640.742108586119,844,763,804
4638.9287281769,4638.5537281769,4639.3037281769,2390,1009,1700
4638.822954665207,4638.697954665207,4638.947954665207,2411,1316,1864
4641.010974626713,4640.885974626713,4641.135974626713,1064,2349,1707
4636.285182030622,4636.160182030622,4636.410182030622,1417,482,950
4632.773777808227,4632.523777808227,4633.023777808227,819,2146,1483
4638.949028984029,4638.824028984029,4639.074028984029,867,1194,1031
4645.145323172351,4645.020323172351,4645.270323172351,844,771,808
4641.16244732056,4641.03744732056,4641.28744732056,2080,1891,1986
4646.469876733036,4646.344876733036,4646.594876733036,2526,1109,1818
4647.132536336964,4647.007536336964,4647.257536336964,2821,1082,1952
4637.857760072214,4637.607760072214,4638.107760072214,519,1204,862
4644.611305143219,4644.486305143219,4644.736305143219,1676,1709,1693
4639.648753915997,4639.523753915997,4639.773753915997,1277,482,880
4642.243162167928,4642.118162167928,4642.368162167928,1133,1110,1122
4639.735744139828,4639.485744139828,4639.985744139828,1195,1504,1350
4629.572676147165,4629.322676147165,4629.822676147165,1027,1474,1251
4623.989362203179,4623.864362203179,4624.114362203179,2068,1387,1728
4615.548874030368,4615.423874030368,4615.673874030368,1538,1291,1415
4611.694854193661,4611.569854193661,4611.819854193661,819,1092,956
4617.827851367723,4617.702851367723,4617.952851367723,1187,2800,1994
4622.690625163408,4622.565625163408,4622.815625163408,1879,894,1387
4622.51529614146,4622.39029614146,4622.64029614146,1196,2699,1948
4624.243278273869,4623.993278273869,4624.493278273869,2052,1693,1873
4624.8878233566365,4624.6378233566365,4625.1378233566365,1150,761,956
4626.593876246793,4626.468876246793,4626.718876246793,1462,835,1149
4622.982312458743,4622.857312458743,4623.107312458743,1190,2639,1915
4629.258927218487,4629.133927218487,4629.383927218487,1796,1397,1597
4622.652257511575,4622.527257511575,4622.777257511575,1495,538,1017
4623.986115833012,4623.861115833012,4624.111115833012,1372,1209,1291
4619.353320651739,4619.228320651739,4619.478320651739,942,2355,1649
4631.100986533246,4630.975986533246,4631.225986533246,1168,887,1028
4627.858343611724,4627.608343611724,4628.108343611724,2678,1015,1847
4625.980752786353,4625.855752786353,4626.105752786353,1735,1832,1784
4623.004693267525,4622.754693267525,4623.254693267525,2541,1428,1985
4617.562312875462,4617.312312875462,4617.812312875462,1436,2223,1830
4616.430073641492,4616.305073641492,4616.555073641492,1013,2580,1797
4606.814759174635,4606.689759174635,4606.939759174635,715,1658,1187
4600.506657397445,4600.381657397445,4600.631657397445,2617,1148,1883
4596.228782388295,4596.103782388295,4596.353782388295,2177,834,1506
4600.122349700574,4599.747349700574,4600.497349700574,1170,767,969
4603.374820878374,4603.249820878374,4603.499820878374,1081,2804,1943
4604.372193990309,4603.997193990309,4604.747193990309,1270,875,1073
4608.667541332136,4608.417541332136,4608.917541332136,2133,1388,1761
4606.8825222342375,4606.6325222342375,4607.1325222342375,1422,2429,1926
4605.1471875088155,4604.7721875088155,4605.5221875088155,722,1439,1081
4602.823741890323,4602.573741890323,4603.073741890323,1675,986,1331
4602.7232423646155,4602.5982423646155,4602.8482423646155,1146,2527,1837
4604.043805849951,4603.793805849951,4604.293805849951,2058,1143,1601
4605.763635487118,4605.638635487118,4605.888635487118,2901,1044,1973
4601.903832582974,4601.778832582974,4602.028832582974,1917,758,1338
4596.092093037869,4595.967093037869,4596.217093037869,1687,2294,1991
4594.3177646704235,4594.1927646704235,4594.4427646704235,1381,2340,1861
4597.157538575178,4596.907538575178,4597.407538575178,1713,1078,1396
4602.432258626108,4602.307258626108,4602.557258626108,1957,706,1332
4603.954958907306,4603.829958907306,4604.079958907306,2168,881,1525
4602.671594602846,4602.546594602846,4602.796594602846,562,1469,1016
4601.887201299322,4601.512201299322,4602.262201299322,571,1326,949
4597.287209834712,4597.162209834712,4597.412209834712,476,1283,880
4596.674104137097,4596.549104137097,4596.799104137097,2395,1222,1809
4599.291322335997,4599.041322335997,4599.541322335997,650,1631,1141
4600.648434546949,4600.523434546949,4600.773434546949,1764,953,1359
4599.758140177398,4599.633140177398,4599.883140177398,908,1049,979
4601.195363460404,4601.070363460404,4601.320363460404,1766,843,1305
4609.145147552451,4609.020147552451,4609.270147552451,1839,1678,1759
4614.09677270495,4613.97177270495,4614.22177270495,1188,441,815
4621.447217394921,4621.322217394921,4621.572217394921,1389,656,1023
4628.896994499745,4628.771994499745,4629.021994499745,1167,884,1026
4623.929110822207,4623.804110822207,4624.054110822207,2057,1136,1597
4630.900407948544,4630.650407948544,4631.150407948544,1519,980,1250
4632.359425183297,4632.234425183297,4632.484425183297,1833,1650,1742
4624.6812201049115,4624.5562201049115,4624.8062201049115,1074,1827,1451
4624.840102970616,4624.715102970616,4624.965102970616,1328,2171,1750
4622.41345489777,4622.28845489777,4622.53845489777,1851,1622,1737
4621.396568206001,4621.271568206001,4621.521568206001,1575,1456,1516
4621.930000464295,4621.680000464295,4622.180000464295,1511,1482,1497
4616.406722645442,4616.281722645442,4616.531722645442,804,1973,1389
4613.993354071987,4613.868354071987,4614.118354071987,2015,1362,1689
4619.971225642957,4619.846225642957,4620.096225642957,2017,884,1451
4624.927753677793,4624.677753677793,4625.177753677793,893,2550,1722
4636.324858603302,4636.074858603302,4636.574858603302,1464,1655,1560
4628.372669279528,4628.247669279528,4628.497669279528,1597,1762,1680
4627.022197118804,4626.897197118804,4627.147197118804,1722,715,1219
4624.990051591101,4624.865051591101,4625.115051591101,2481,1156,1819
4623.7768216729655,4623.4018216729655,4624.1518216729655,914,2333,1624
4628.220774223319,4628.095774223319,4628.345774223319,1391,492,942
4626.47493503363,4626.34993503363,4626.59993503363,1379,1990,1685
4631.553561198745,4631.178561198745,4631.928561198745,1877,1660,1769
4637.285585856933,4636.910585856933,4637.660585856933,2089,730,1410
4634.604769651811,4634.354769651811,4634.854769651811,754,1801,1278
4643.607484462297,4643.357484462297,4643.857484462297,1570,1559,1565
4648.276109745148,4648.026109745148,4648.526109745148,653,1714,1184
4638.642943502003,4638.517943502003,4638.767943502003,997,1270,1134
4635.094885285385,4634.969885285385,4635.219885285385,2412,1191,1802
4641.34888227442,4641.22388227442,4641.47388227442,2192,1319,1756
4640.2227592883855,4640.0977592883855,4640.3477592883855,1564,1273,1419
4639.918116433438,4639.793116433438,4640.043116433438,938,2751,1845
4639.622824994221,4639.247824994221,4639.997824994221,1743,1418,1581
4639.206278912826,4639.081278912826,4639.331278912826,507,1424,966
4632.806914298125,4632.681914298125,4632.931914298125,1808,1971,1890
4635.1093055098,4634.7343055098,4635.4843055098,928,1517,1223
4637.234022148861,4636.984022148861,4637.484022148861,1230,1747,1489
4632.605987182397,4632.480987182397,4632.730987182397,868,1613,1241
4629.624624429305,4629.499624429305,4629.749624429305,1768,1585,1677
4624.320694251522,4624.195694251522,4624.445694251522,818,1403,1111
4621.162800015823,4620.912800015823,4621.412800015823,1829,618,1224
4624.350822136716,4624.225822136716,4624.475822136716,2001,752,1377
4632.078452500824,4631.953452500824,4632.203452500824,1608,1657,1633
4628.857987536582,4628.607987536582,4629.107987536582,1856,2049,1953
4634.217760696191,4634.092760696191,4634.342760696191,1021,634,828
4639.9510761664515,4639.5760761664515,4640.3260761664515,975,1624,1300
4648.025444656678,4647.900444656678,4648.150444656678,1212,1239,1226
4644.971315788277,4644.846315788277,4645.096315788277,1053,2148,1601
4647.693330990154,4647.568330990154,4647.818330990154,2085,1784,1935
4652.213506126642,4652.088506126642,4652.338506126642,524,1293,909
4644.035482701502,4643.785482701502,4644.285482701502,934,1445,1190
4638.452734437241,4638.327734437241,4638.577734437241,1399,734,1067
4639.16938622293,4639.04438622293,4639.29438622293,1867,1102,1485
4651.027910793632,4650.902910793632,4651.152910793632,965,704,835
4654.897254911742,4654.772254911742,4655.022254911742,1110,489,800
4653.884392027598,4653.759392027598,4654.009392027598,2743,1224,1984
4651.522826074703,4651.397826074703,4651.647826074703,1105,1064,1085
4655.668372220221,4655.543372220221,4655.793372220221,1694,2283,1989
4653.352435825221,4653.102435825221,4653.602435825221,688,1373,1031
4658.298636894181,4658.173636894181,4658.423636894181,767,866,817
4653.690472597615,4653.565472597615,4653.815472597615,756,1099,928
4651.335635749666,4651.210635749666,4651.460635749666,1617,2082,1850
4645.599826309961,4645.474826309961,4645.724826309961,533,1474,1004
4649.247964583156,4649.122964583156,4649.372964583156,2042,1233,1638
4654.890153003566,4654.765153003566,4655.015153003566,1249,1680,1465
4656.393793736444,4656.018793736444,4656.768793736444,2034,957,1496
4654.684412787494,4654.559412787494,4654.809412787494,2031,866,1449
4652.287508134373,4652.037508134373,4652.537508134373,473,1242,858
4659.044448994176,4658.669448994176,4659.419448994176,1060,2267,1664
4665.649425677249,4665.524425677249,4665.774425677249,1491,1814,1653
4671.490739874801,4671.365739874801,4671.615739874801,1362,719,1041
4674.678231308833,4674.303231308833,4675.053231308833,1469,2204,1837
4671.566065078481,4671.316065078481,4671.816065078481,2839,986,1913
4674.074408623653,4673.949408623653,4674.199408623653,2342,1581,1962
4672.71418714687,4672.46418714687,4672.96418714687,1769,628,1199
4678.264376544413,4678.139376544413,4678.389376544413,1038,1187,1113
4687.589356598033,4687.464356598033,4687.714356598033,1118,637,878
4691.257985295353,4691.132985295353,4691.382985295353,1384,1797,1591
4680.327379482247,4680.202379482247,4680.452379482247,1777,1534,1656
4683.468946300462,4683.218946300462,4683.718946300462,1509,1294,1402
4688.808933769276,4688.433933769276,4689.183933769276,2072,1425,1749
4686.0151799041005,4685.8901799041005,4686.1401799041005,1310,769,1040
4679.12278417341,4678.87278417341,4679.37278417341,2915,974,1945
4679.680453846298,4679.555453846298,4679.805453846298,1054,1403,1229
4678.323556760336,4678.198556760336,4678.448556760336,1744,1951,1848
4676.676701512522,4676.426701512522,4676.926701512522,1921,1378,1650
4675.487426333769,4675.112426333769,4675.862426333769,2882,1051,1967
4673.619774110483,4673.244774110483,4673.994774110483,1712,833,1273
4670.594706837447,4670.469706837447,4670.719706837447,942,813,878
4667.486144045963,4667.361144045963,4667.611144045963,1536,889,1213
4666.915406187159,4666.790406187159,4667.040406187159,1420,2543,1982
4665.5784757685315,4665.3284757685315,4665.8284757685315,733,1578,1156
4667.8752608510495,4667.7502608510495,4668.0002608510495,1993,1514,1754
4667.284708406418,4667.034708406418,4667.534708406418,2122,1201,1662
4666.844322661492,4666.719322661492,4666.969322661492,888,1737,1313
4667.642020442242,4667.392020442242,4667.892020442242,2476,1107,1792
4667.009183054981,4666.634183054981,4667.384183054981,912,1585,1249
4663.953609071772,4663.828609071772,4664.078609071772,894,1529,1212
4666.879794345112,4666.754794345112,4667.004794345112,1329,1966,1648
4663.080457617607,4662.955457617607,4663.205457617607,1683,858,1271
4660.0992963788985,4659.9742963788985,4660.2242963788985,2139,1746,1943
4657.888113443807,4657.513113443807,4658.263113443807,1285,2024,1655
4659.267970132694,4659.017970132694,4659.517970132694,1331,2478,1905
4659.407618768379,4659.282618768379,4659.532618768379,1728,1555,1642
4661.943610609199,4661.693610609199,4662.193610609199,2442,815,1629
4662.766374283307,4662.391374283307,4663.141374283307,1435,2030,1733
4662.8992276935505,4662.7742276935505,4663.0242276935505,1234,1523,1379
4662.795787813819,4662.670787813819,4662.920787813819,1407,1466,1437
4660.385731559319,4660.260731559319,4660.510731559319,1143,1106,1125
4657.0833746019025,4656.9583746019025,4657.2083746019025,1032,1731,1382
4657.8483147191855,4657.4733147191855,4658.2233147191855,1947,938,1443
4654.66116633133,4654.53616633133,4654.78616633133,1144,1183,1164
4653.996461951754,4653.746461951754,4654.246461951754,1460,747,1104
4658.635542304787,4658.510542304787,4658.760542304787,1992,753,1373
4658.782510133668,4658.532510133668,4659.032510133668,866,813,840
4656.510063731756,4656.260063731756,4656.760063731756,1924,1647,1786
4657.3235047916605,4657.1985047916605,4657.4485047916605,1494,1255,1375
4656.092127683312,4655.967127683312,4656.217127683312,869,1714,1292
4654.997088706425,4654.872088706425,4655.122088706425,902,1991,1447
4654.149357322921,4654.024357322921,4654.274357322921,1138,1067,1103
4651.331013915993,4651.206013915993,4651.456013915993,1039,1912,1476
4646.84418050552,4646.59418050552,4647.09418050552,1249,1864,1557
4646.22123004455,4646.09623004455,4646.34623004455,1628,2319,1974
4645.6301139126645,4645.5051139126645,4645.7551139126645,1777,1924,1851
4644.719126352078,4644.594126352078,4644.844126352078,1229,530,880
4647.335311697216,4647.210311697216,4647.460311697216,1301,1930,1616
4647.259410913442,4647.134410913442,4647.384410913442,1734,589,1162
4645.258344958188,4645.008344958188,4645.508344958188,1469,1342,1406
4640.778320593556,4640.653320593556,4640.903320593556,1659,1030,1345
4637.363871088258,4636.988871088258,4637.738871088258,1347,456,902
4635.3798797919,4635.2548797919,4635.5048797919,1391,2424,1908
4637.049369752135,4636.674369752135,4637.424369752135,986,1347,1167
4639.964259643047,4639.839259643047,4640.089259643047,2045,1210,1628
4642.335827805652,4642.085827805652,4642.585827805652,2153,1402,1778
4646.813220701158,4646.688220701158,4646.938220701158,1081,568,825
4646.419155047173,4646.294155047173,4646.544155047173,759,1532,1146
4646.854496563325,4646.604496563325,4647.104496563325,1085,2690,1888
4648.987059902007,4648.737059902007,4649.237059902007,2133,1390,1762
4650.61437905764,4650.48937905764,4650.73937905764,720,1223,972
4649.615368231517,4649.490368231517,4649.740368231517,1306,893,1100
4650.113233835883,4649.863233835883,4650.363233835883,1704,2175,1940
4652.056231240905,4651.931231240905,4652.181231240905,1924,1953,1939
4652.0816859205515,4651.8316859205515,4652.3316859205515,1326,617,972
4652.928575902278,4652.803575902278,4653.053575902278,1725,1264,1495
4656.53369248793,4656.40869248793,4656.65869248793,599,1542,1071
4657.871823086148,4657.621823086148,4658.121823086148,1737,768,1253
4657.924609710679,4657.799609710679,4658.049609710679,798,1259,1029
4659.027352340567,4658.902352340567,4659.152352340567,2465,1096,1781
4656.908626886824,4656.783626886824,4657.033626886824,2862,975,1919
4659.233761559618,4659.108761559618,4659.358761559618,1683,566,1125
4657.056857393016,4656.931857393016,4657.181857393016,2098,1787,1943
4656.730058943661,4656.480058943661,4656.980058943661,1449,578,1014
4653.468002141669,4653.343002141669,4653.593002141669,1653,920,1287
4656.132252532708,4656.007252532708,4656.257252532708,1092,1315,1204
4658.10022037409,4657.97522037409,4658.22522037409,1243,1632,1438
4654.991319574352,4654.741319574352,4655.241319574352,2047,1910,1979
4655.44779422373,4655.32279422373,4655.57279422373,586,1423,1005
4657.197129437546,4656.947129437546,4657.447129437546,2137,1354,1746
4657.685180028513,4657.560180028513,4657.810180028513,880,1379,1130
4658.860671612792,4658.610671612792,4659.110671612792,1024,853,939
4659.154192737581,4659.029192737581,4659.279192737581,1069,1030,1050
4657.537200767932,4657.412200767932,4657.662200767932,1039,1252,1146
4655.9771700603505,4655.8521700603505,4656.1021700603505,560,1275,918
4655.978391866203,4655.853391866203,4656.103391866203,1172,2723,1948
4654.320460121133,4654.195460121133,4654.445460121133,992,1799,1396
4654.406483414383,4654.281483414383,4654.531483414383,920,1367,1144
4656.440137506434,4656.315137506434,4656.565137506434,1648,1209,1429
4657.0687461719135,4656.9437461719135,4657.1937461719135,603,1236,920
4656.917015322578,4656.792015322578,4657.042015322578,2354,1523,1939
4656.195981022787,4655.945981022787,4656.445981022787,1424,1329,1377
4656.66688338918,4656.41688338918,4656.91688338918,1718,777,1248
4656.666263836823,4656.291263836823,4657.041263836823,731,1832,1282
4658.398980262968,4658.273980262968,4658.523980262968,842,1491,1167
4658.537235657403,4658.162235657403,4658.912235657403,2317,1238,1778
4659.555197642358,4659.430197642358,4659.680197642358,1616,1725,1671
4659.902123992281,4659.777123992281,4660.027123992281,979,644,812
4658.590923818266,4658.465923818266,4658.715923818266,1142,551,847
4655.347071527567,4655.222071527567,4655.472071527567,2091,1468,1780
4654.488659194124,4654.363659194124,4654.613659194124,1592,715,1154
4653.633041363094,4653.508041363094,4653.758041363094,1426,1273,1350
4652.598853564419,4652.473853564419,4652.723853564419,1525,1412,1469
4654.708083060721,4654.458083060721,4654.958083060721,1410,2239,1825
4654.579088997769,4654.204088997769,4654.954088997769,969,1782,1376
4653.235964198084,4652.985964198084,4653.485964198084,2401,1324,1863
4652.661480016076,4652.286480016076,4653.036480016076,2523,1150,1837
4653.911711499905,4653.786711499905,4654.036711499905,652,1205,929
4655.112100715597,4654.862100715597,4655.362100715597,1239,752,996
4654.412037304677,4654.287037304677,4654.537037304677,1257,2368,1813
4654.081811511621,4653.831811511621,4654.331811511621,2482,1061,1772
4654.57669502894,4654.32669502894,4654.82669502894,1065,1016,1041
4656.572126904289,4656.322126904289,4656.822126904289,1017,1054,1036
4658.9429597028075,4658.5679597028075,4659.3179597028075,2653,1250,1952
4658.2775158073155,4658.0275158073155,4658.5275158073155,424,1183,804
4659.367935428558,4658.992935428558,4659.742935428558,852,1165,1009
4660.600321462188,4660.475321462188,4660.725321462188,1766,707,1237
4660.549024985816,4660.424024985816,4660.674024985816,1057,1614,1336
4660.501377343106,4660.376377343106,4660.626377343106,1309,1604,1457
4661.470789182805,4661.220789182805,4661.720789182805,1604,1103,1354
4658.143294184157,4657.893294184157,4658.393294184157,1451,1890,1671
4656.677695545234,4656.552695545234,4656.802695545234,687,1632,1160
4655.164228642971,4654.789228642971,4655.539228642971,859,2280,1570
4652.71254513076,4652.58754513076,4652.83754513076,1589,2214,1902
4653.292164569259,4653.042164569259,4653.542164569259,1270,1909,1590
4655.482077060395,4655.107077060395,4655.857077060395,2154,1293,1724
4653.977154129816,4653.602154129816,4654.352154129816,1773,1668,1721
4652.246308566767,4651.996308566767,4652.496308566767,1706,1921,1814
4652.197158902454,4652.072158902454,4652.322158902454,2687,922,1805
4649.0848890057405,4648.8348890057405,4649.3348890057405,1404,935,1170
4648.052060020674,4647.927060020674,4648.177060020674,1454,1591,1523
4646.2684056356475,4645.8934056356475,4646.6434056356475,1158,1869,1514
4646.239571272543,4646.114571272543,4646.364571272543,1069,876,973
4648.933013987097,4648.808013987097,4649.058013987097,1719,1674,1697
4647.412778230157,4647.162778230157,4647.662778230157,2197,1328,1763
4645.876363926616,4645.751363926616,4646.001363926616,609,1550,1080
4643.297569441484,4643.172569441484,4643.422569441484,1622,965,1294
4641.194864163067,4640.944864163067,4641.444864163067,1648,2293,1971
4639.153293970663,4639.028293970663,4639.278293970663,1831,1108,1470
4637.7891600410885,4637.6641600410885,4637.9141600410885,2307,954,1631
4634.5944550385475,4634.3444550385475,4634.8444550385475,741,1658,1200
4637.838064153811,4637.463064153811,4638.213064153811,1161,1834,1498
4632.808198271862,4632.558198271862,4633.058198271862,1892,1283,1588
4635.256254472127,4635.131254472127,4635.381254472127,1333,962,1148
4632.249956014141,4631.999956014141,4632.499956014141,765,1216,991
4628.8914273478895,4628.7664273478895,4629.0164273478895,2430,1051,1741
4630.07763290964,4629.95263290964,4630.20263290964,819,2122,1471
4624.19780322982,4623.94780322982,4624.44780322982,1536,2319,1928
4622.890749613391,4622.765749613391,4623.015749613391,1848,1521,1685
4617.947428986888,4617.697428986888,4618.197428986888,1269,2460,1865
4616.989197587799,4616.614197587799,4617.364197587799,1942,657,1300
4617.353567266366,4617.228567266366,4617.478567266366,1805,1382,1594
4612.83088141934,4612.70588141934,4612.95588141934,1572,2085,1829
4615.789719177421,4615.664719177421,4615.914719177421,844,1131,988
4613.69230875442,4613.44230875442,4613.94230875442,972,2395,1684
4613.048969066382,4612.923969066382,4613.173969066382,763,2164,1464
4612.292648476424,4611.917648476424,4612.667648476424,1082,1075,1079
4611.6094176149045,4611.4844176149045,4611.7344176149045,1941,730,1336
4611.552749455028,4611.427749455028,4611.677749455028,1450,1379,1415
4610.45896262254,4610.33396262254,4610.58396262254,1437,1008,1223
4610.242573420188,4609.992573420188,4610.492573420188,815,2158,1487
4609.778645479403,4609.653645479403,4609.903645479403,478,1127,803
4607.651942817297,4607.401942817297,4607.901942817297,2083,970,1527
4606.89330874914,4606.64330874914,4607.14330874914,1134,1213,1174
4608.160148381755,4608.035148381755,4608.285148381755,705,914,810
4606.477493135976,4606.227493135976,4606.727493135976,1353,1486,1420
4602.263958000994,4602.138958000994,4602.388958000994,2448,887,1668
4602.7588971309115,4602.6338971309115,4602.8838971309115,1265,608,937
4603.462700804856,4603.337700804856,4603.587700804856,847,1634,1241
4599.358498757334,4599.233498757334,4599.483498757334,660,1063,862
4599.297996004051,4599.047996004051,4599.547996004051,1423,678,1051
4602.101255765322,4601.851255765322,4602.351255765322,1847,914,1381
4606.115599174796,4605.865599174796,4606.365599174796,2380,1519,1950
4604.1294934050065,4604.0044934050065,4604.2544934050065,1273,1374,1324
4604.626387608367,4604.501387608367,4604.751387608367,1428,1055,1242
4598.917180304202,4598.667180304202,4599.167180304202,1267,962,1115
4600.309876675402,4600.184876675402,4600.434876675402,1895,1590,1743
4598.637153241551,4598.512153241551,4598.762153241551,2322,1517,1920
4593.616652460714,4593.491652460714,4593.741652460714,1470,1055,1263
4594.695202895407,4594.570202895407,4594.820202895407,1630,879,1255
4591.692045254712,4591.567045254712,4591.817045254712,1475,1574,1525
4593.176436711192,4592.801436711192,4593.551436711192,1474,1365,1420
4593.178997011861,4593.053997011861,4593.303997011861,2228,875,1552
4591.965102154316,4591.840102154316,4592.090102154316,843,932,888
4593.783707521177,4593.658707521177,4593.908707521177,1673,1652,1663
4594.256981886497,4594.131981886497,4594.381981886497,2116,1223,1670
4593.120065317135,4592.995065317135,4593.245065317135,1034,1559,1297
4593.096726599505,4592.846726599505,4593.346726599505,1976,1901,1939
4594.434678818735,4594.059678818735,4594.809678818735,1855,1532,1694
4594.2803289096,4594.1553289096,4594.4053289096,1843,1402,1623
4591.020283474016,4590.895283474016,4591.145283474016,1387,1572,1480
4589.386230124202,4589.261230124202,4589.511230124202,1255,1476,1366
4593.639138002515,4593.514138002515,4593.764138002515,1459,620,1040
4592.473518136917,4592.348518136917,4592.598518136917,1518,767,1143
4590.834684864426,4590.584684864426,4591.084684864426,939,982,961
4589.277486514365,4589.152486514365,4589.402486514365,579,1568,1074
4587.664348728504,4587.414348728504,4587.914348728504,1257,1034,1146
4584.911948950864,4584.786948950864,4585.036948950864,1347,700,1024
4583.567949999002,4583.317949999002,4583.817949999002,1194,2329,1762
4585.932994880542,4585.807994880542,4586.057994880542,902,1367,1135
4586.88402066536,4586.75902066536,4587.00902066536,1687,1000,1344
4586.180437641094,4586.055437641094,4586.305437641094,2257,934,1596
4588.87800978411,4588.75300978411,4589.00300978411,1942,1843,1893
4589.848412309462,4589.598412309462,4590.098412309462,760,2205,1483
4592.369901162295,4592.119901162295,4592.619901162295,1462,791,1127
4590.784125267517,4590.534125267517,4591.034125267517,769,1414,1092
4591.337066136627,4591.212066136627,4591.462066136627,717,916,817
4594.2035556493765,4594.0785556493765,4594.3285556493765,1468,1665,1567
4594.712752720501,4594.587752720501,4594.837752720501,2324,951,1638
4597.855999096196,4597.480999096196,4598.230999096196,1818,865,1342
4599.447459467009,4599.322459467009,4599.572459467009,1056,2453,1755
4600.1992511851495,4599.8242511851495,4600.5742511851495,784,1711,1248
4596.173369563828,4595.923369563828,4596.423369563828,1098,1695,1397
4596.274630680458,4596.024630680458,4596.524630680458,2883,964,1924
4599.430150727944,4599.305150727944,4599.555150727944,1113,1832,1473
4597.060236649482,4596.935236649482,4597.185236649482,2029,1382,1706
4595.049946932437,4594.924946932437,4595.174946932437,950,1253,1102
4595.208903348793,4595.083903348793,4595.333903348793,1724,1291,1508
4595.817279204833,4595.567279204833,4596.067279204833,1144,1551,1348
4592.15557256066,4592.03057256066,4592.28057256066,1490,1465,1478
4593.729951550648,4593.604951550648,4593.854951550648,1447,2096,1772
4591.393815968703,4591.268815968703,4591.518815968703,607,1684,1146
4590.3186649305335,4590.0686649305335,4590.5686649305335,2075,1288,1682
4589.6178825983925,4589.3678825983925,4589.8678825983925,2740,1129,1935
4589.988639455774,4589.863639455774,4590.113639455774,1222,641,932
4590.6133136591025,4590.4883136591025,4590.7383136591025,2522,1019,1771
4591.985392651237,4591.860392651237,4592.110392651237,1164,697,931
4590.433381334593,4590.308381334593,4590.558381334593,867,896,882
4590.482421546,4590.357421546,4590.607421546,1597,1146,1372
4591.580852105475,4591.455852105475,4591.705852105475,775,848,812
4592.256485457787,4592.131485457787,4592.381485457787,936,1265,1101
4591.875008896297,4591.750008896297,4592.000008896297,746,1289,1018
4592.590359409221,4592.340359409221,4592.840359409221,643,1328,986
4592.265732081093,4592.015732081093,4592.515732081093,2159,1234,1697
4593.171677978847,4592.921677978847,4593.421677978847,1420,703,1062
4594.0524078346225,4593.8024078346225,4594.3024078346225,2369,1364,1867
4590.209208589039,4590.084208589039,4590.334208589039,2583,1078,1831
4588.492284896801,4588.242284896801,4588.742284896801,966,713,840
4590.9415100961305,4590.6915100961305,4591.1915100961305,877,1542,1210
4592.552582221342,4592.302582221342,4592.802582221342,900,1139,1020
4589.454757625794,4589.204757625794,4589.704757625794,1681,1774,1728
4590.439163754774,4590.314163754774,4590.564163754774,2452,1311,1882
4592.552718022596,4592.427718022596,4592.677718022596,1488,717,1103
4593.190420465687,4592.940420465687,4593.440420465687,1850,2019,1935
4593.553214891358,4593.428214891358,4593.678214891358,698,1713,1206
4593.707044476085,4593.457044476085,4593.957044476085,1305,520,913
4593.689128924003,4593.314128924003,4594.064128924003,862,2453,1658
4590.421398383664,4590.171398383664,4590.671398383664,2522,1333,1928
4593.116299409724,4592.991299409724,4593.241299409724,1568,2329,1949
4592.508003923355,4592.133003923355,4592.883003923355,697,2024,1361
4593.183460780365,4592.933460780365,4593.433460780365,1522,1871,1697
4595.784612970846,4595.534612970846,4596.034612970846,1008,1301,1155
4596.953162808545,4596.828162808545,4597.078162808545,2151,824,1488
4594.86582938664,4594.74082938664,4594.99082938664,1874,1217,1546
4596.625676220445,4596.250676220445,4597.000676220445,638,1663,1151
4592.711951537942,4592.586951537942,4592.836951537942,839,854,847
4593.253112415324,4593.128112415324,4593.378112415324,1314,595,955
4592.048103919018,4591.923103919018,4592.173103919018,976,1939,1458
4588.549706071607,4588.424706071607,4588.674706071607,1538,647,1093
4591.337524945376,4591.087524945376,4591.587524945376,906,1175,1041
4592.436760502386,4592.311760502386,4592.561760502386,1108,1049,1079
4591.418736306859,4591.168736306859,4591.668736306859,653,1622,1138
4591.5432787219,4591.2932787219,4591.7932787219,2148,905,1527
4594.011291573573,4593.886291573573,4594.136291573573,1262,1059,1161
4593.844440139719,4593.594440139719,4594.094440139719,2012,1239,1626
4585.934724846919,4585.809724846919,4586.059724846919,1806,1021,1414
4588.229749080818,4588.104749080818,4588.354749080818,997,906,952
4588.17719557435,4588.05219557435,4588.30219557435,991,1654,1323
4588.7418286596685,4588.4918286596685,4588.9918286596685,2083,912,1498
4589.195748546797,4589.070748546797,4589.320748546797,986,755,871
4591.363675211338,4591.113675211338,4591.613675211338,1009,1424,1217
4589.477770694545,4589.352770694545,4589.602770694545,1628,711,1170
4587.609154487379,4587.359154487379,4587.859154487379,1713,1430,1572
4585.274789091348,4585.149789091348,4585.399789091348,877,2392,1635
4588.231357295096,4588.106357295096,4588.356357295096,2114,1793,1954
4590.170640419521,4589.920640419521,4590.420640419521,602,1423,1013
4594.946025609279,4594.821025609279,4595.071025609279,861,1076,969
4590.19965450704,4590.07465450704,4590.32465450704,1240,481,861
4589.6962463323325,4589.4462463323325,4589.9462463323325,2362,1585,1974
4589.207318995913,4589.082318995913,4589.332318995913,898,759,829
4591.362752176481,4590.987752176481,4591.737752176481,979,1474,1227
4587.66806359461,4587.29306359461,4588.04306359461,939,1018,979
4589.57554839679,4589.45054839679,4589.70054839679,1645,1544,1595
4590.926510821159,4590.676510821159,4591.176510821159,1536,653,1095
4590.818444392483,4590.568444392483,4591.068444392483,1879,1972,1926
4589.964060791248,4589.839060791248,4590.089060791248,1511,718,1115
4590.365854838088,4590.115854838088,4590.615854838088,644,1517,1081
4588.140439168245,4588.015439168245,4588.265439168245,1617,878,1248
4586.496933529797,4586.246933529797,4586.746933529797,1813,1698,1756
4587.924370745882,4587.799370745882,4588.049370745882,2576,923,1750
4586.399551448017,4586.274551448017,4586.524551448017,939,2610,1775
4589.719612235771,4589.469612235771,4589.969612235771,675,1796,1236
4590.063966183594,4589.938966183594,4590.188966183594,947,2352,1650
4594.005742594232,4593.755742594232,4594.255742594232,778,1785,1282
4595.595231998662,4595.470231998662,4595.720231998662,1249,2684,1967
4599.800744536151,4599.425744536151,4600.175744536151,1339,504,922
4600.488547369605,4600.238547369605,4600.738547369605,1270,891,1081
4599.800503086958,4599.550503086958,4600.050503086958,906,1045,976
4597.51480647911,4597.26480647911,4597.76480647911,2381,1248,1815
4596.494714016068,4596.369714016068,4596.619714016068,950,2099,1525
4600.968536221493,4600.843536221493,4601.093536221493,1100,2295,1698
4600.794972194016,4600.419972194016,4601.169972194016,940,1449,1195
4602.909042658683,4602.659042658683,4603.159042658683,1524,659,1092
4602.037056354464,4601.662056354464,4602.412056354464,2554,1395,1975
4602.862274761819,4602.737274761819,4602.987274761819,2280,1459,1870
4611.476817991975,4611.226817991975,4611.726817991975,802,1383,1093
4607.5009331712,4607.3759331712,4607.6259331712,2350,813,1582
4612.544033962704,4612.419033962704,4612.669033962704,1505,2334,1920
4610.624387714054,4610.499387714054,4610.749387714054,1199,2078,1639
4611.71514054414,4611.59014054414,4611.84014054414,1273,486,880
4611.050863267427,4610.925863267427,4611.175863267427,1731,620,1176
4612.66900351647,4612.41900351647,4612.91900351647,1738,1675,1707
4615.953751828796,4615.703751828796,4616.203751828796,2138,915,1527
4617.857204503595,4617.732204503595,4617.982204503595,1200,495,848
4623.5913653852485,4623.2163653852485,4623.9663653852485,1654,1113,1384
4627.047301176051,4626.922301176051,4627.172301176051,917,860,889
4627.158963777882,4626.908963777882,4627.408963777882,1870,1383,1627
4627.183846502976,4626.808846502976,4627.558846502976,1329,1144,1237
4629.088917925214,4628.838917925214,4629.338917925214,2142,1701,1922
4628.490291255005,4628.365291255005,4628.615291255005,1146,1741,1444
4625.813129099756,4625.438129099756,4626.188129099756,1395,2018,1707
4628.222191402568,4628.097191402568,4628.347191402568,1367,834,1101
4627.281595931303,4627.156595931303,4627.406595931303,1490,2489,1990
4628.244387901445,4628.119387901445,4628.369387901445,844,1589,1217
4627.046339205812,4626.921339205812,4627.171339205812,1775,1376,1576
4632.168514298152,4632.043514298152,4632.293514298152,1360,2621,1991
4632.166608459083,4632.041608459083,4632.291608459083,1150,2033,1592
4628.653336553966,4628.528336553966,4628.778336553966,1579,1200,1390
4629.327559318361,4628.952559318361,4629.702559318361,824,1159,992
4629.762928555623,4629.637928555623,4629.887928555623,733,1328,1031
4633.721356836637,4633.471356836637,4633.971356836637,1542,1999,1771
4635.820919531247,4635.695919531247,4635.945919531247,1630,1309,1470
4637.138700662883,4637.013700662883,4637.263700662883,793,1088,941
4637.029179609074,4636.904179609074,4637.154179609074,1029,640,835
4638.660544557849,4638.535544557849,4638.785544557849,2090,793,1442
4636.549076655774,4636.424076655774,4636.674076655774,761,1906,1334
4636.106587743911,4635.856587743911,4636.356587743911,2243,766,1505
4636.502073403361,4636.252073403361,4636.752073403361,1106,2407,1757
4637.627239778321,4637.502239778321,4637.752239778321,1894,1389,1642
4635.324932351911,4635.199932351911,4635.449932351911,1780,1927,1854
4638.4801081398,4638.1051081398,4638.8551081398,1085,600,843
4639.313641510653,4639.188641510653,4639.438641510653,1443,606,1025
4642.762849286817,4642.512849286817,4643.012849286817,1665,1266,1466
4640.266189947056,4640.141189947056,4640.391189947056,982,791,887
4641.7909940085065,4641.4159940085065,4642.1659940085065,1608,1671,1640
4642.841143530786,4642.716143530786,4642.966143530786,1147,2084,1616
4642.688412833807,4642.563412833807,4642.813412833807,1942,1731,1837
4646.568504572261,4646.443504572261,4646.693504572261,1309,784,1047
4645.8705812695525,4645.7455812695525,4645.9955812695525,1152,631,892
4643.453545605998,4643.328545605998,4643.578545605998,2232,1285,1759
4643.539620741238,4643.289620741238,4643.789620741238,592,1073,833
4647.835397028763,4647.460397028763,4648.210397028763,2706,989,1848
4650.036381346849,4649.911381346849,4650.161381346849,1193,1994,1594
4648.117293813014,4647.992293813014,4648.242293813014,1524,1899,1712
4646.374834892953,4646.124834892953,4646.624834892953,1478,2247,1863
4644.5616466007305,4644.3116466007305,4644.8116466007305,1485,1216,1351
4644.127595503117,4644.002595503117,4644.252595503117,851,2264,1558
4645.368788692754,4645.243788692754,4645.493788692754,651,1792,1222
4645.755442618654,4645.630442618654,4645.880442618654,632,1563,1098
4647.191719055258,4647.066719055258,4647.316719055258,1207,2290,1749
4649.3545865029255,4648.9795865029255,4649.7295865029255,1725,1308,1517
4649.531829530029,4649.406829530029,4649.656829530029,1103,868,986
4650.930558549944,4650.805558549944,4651.055558549944,888,1495,1192
4650.3782650159055,4650.2532650159055,4650.5032650159055,720,2081,1401
4652.0190552189515,4651.7690552189515,4652.2690552189515,1188,1299,1244
4653.662604963473,4653.412604963473,4653.912604963473,1064,655,860
4656.022019974315,4655.897019974315,4656.147019974315,1482,2099,1791
4658.480107090524,4658.355107090524,4658.605107090524,626,1235,931
4665.156101262527,4664.906101262527,4665.406101262527,1253,828,1041
4667.632905347795,4667.507905347795,4667.757905347795,1204,2057,1631
4668.203352369675,4668.078352369675,4668.328352369675,567,1654,1111
4666.016523765158,4665.891523765158,4666.141523765158,1268,603,936
4666.1879489798985,4665.9379489798985,4666.4379489798985,950,2055,1503
4667.341137843686,4667.091137843686,4667.591137843686,779,2294,1537
4667.348123571422,4667.098123571422,4667.598123571422,757,2150,1454
4666.465856236744,4666.215856236744,4666.715856236744,1842,925,1384
4664.680069394397,4664.555069394397,4664.805069394397,976,2751,1864
4667.145047526897,4667.020047526897,4667.270047526897,2531,1170,1851
4668.430960530784,4668.305960530784,4668.555960530784,2073,904,1489
4671.423122931711,4671.173122931711,4671.673122931711,800,1523,1162
4672.279077239896,4672.029077239896,4672.529077239896,767,1610,1189
4675.253090995284,4675.128090995284,4675.378090995284,1625,868,1247
4671.976337665507,4671.851337665507,4672.101337665507,805,1644,1225
4674.223740567248,4673.848740567248,4674.598740567248,1585,1038,1312
4674.58464797807,4674.33464797807,4674.83464797807,1037,682,860
4673.775196130398,4673.650196130398,4673.900196130398,1752,1057,1405
4671.058931644028,4670.808931644028,4671.308931644028,1934,1065,1500
4671.508420138433,4671.383420138433,4671.633420138433,1694,2137,1916
4671.103495412129,4670.978495412129,4671.228495412129,1041,2298,1670
4668.0330527214965,4667.9080527214965,4668.1580527214965,745,1138,942
4666.459181214056,4666.334181214056,4666.584181214056,1459,1170,1315
4665.989596439954,4665.864596439954,4666.114596439954,1036,1175,1106
4670.967484048157,4670.717484048157,4671.217484048157,1071,558,815
4672.243518120629,4671.993518120629,4672.493518120629,2244,1115,1680
4674.117629932754,4673.867629932754,4674.367629932754,844,2335,1590
4673.873883388044,4673.748883388044,4673.998883388044,2165,976,1571
4673.04532369694,4672.92032369694,4673.17032369694,742,1805,1274
4672.952713645561,4672.827713645561,4673.077713645561,1066,1389,1228
4668.289148135088,4668.039148135088,4668.539148135088,1176,2649,1913
4669.100296960743,4668.975296960743,4669.225296960743,1942,1711,1827
4666.33880994508,4666.21380994508,4666.46380994508,2230,941,1586
4664.2873145323865,4663.9123145323865,4664.6623145323865,870,2371,1621
4667.437030276654,4667.312030276654,4667.562030276654,2644,913,1779
4665.426279126117,4665.176279126117,4665.676279126117,747,1744,1246
4665.757053521177,4665.507053521177,4666.007053521177,1112,1597,1355
4663.726890121842,4663.601890121842,4663.851890121842,865,950,908
4670.637833163017,4670.512833163017,4670.762833163017,1605,1614,1610
4677.486250780922,4677.361250780922,4677.611250780922,1419,1332,1376
4672.128089722909,4671.878089722909,4672.378089722909,892,963,928
4671.358181812393,4671.233181812393,4671.483181812393,2414,1363,1889
4668.861506730164,4668.736506730164,4668.986506730164,1130,1827,1479
4667.571709774816,4667.446709774816,4667.696709774816,1541,668,1105
4669.466203633471,4669.341203633471,4669.591203633471,853,1236,1045
4668.68839752225,4668.43839752225,4668.93839752225,1447,920,1184
4676.891855835273,4676.766855835273,4677.016855835273,1883,966,1425
4679.738780279728,4679.488780279728,4679.988780279728,906,1537,1222
4674.83512735923,4674.58512735923,4675.08512735923,1847,1252,1550
4669.705449943379,4669.580449943379,4669.830449943379,1598,925,1262
4672.487092792569,4672.362092792569,4672.612092792569,2130,1479,1805
4676.222233575624,4676.097233575624,4676.347233575624,810,1333,1072
4679.3928748313365,4679.1428748313365,4679.6428748313365,1013,1076,1045
4673.499103393609,4673.249103393609,4673.749103393609,1129,2866,1998
4670.049645836153,4669.924645836153,4670.174645836153,1443,730,1087
4665.86930532824,4665.61930532824,4666.11930532824,1181,1604,1393
4667.916103394406,4667.791103394406,4668.041103394406,1306,2643,1975
4670.174038286845,4670.049038286845,4670.299038286845,1481,2514,1998
4670.130006295362,4669.755006295362,4670.505006295362,1772,957,1365
4669.152277090903,4669.027277090903,4669.277277090903,2821,1038,1930
4679.893816242012,4679.768816242012,4680.018816242012,1398,751,1075
4685.558972977704,4685.433972977704,4685.683972977704,1551,2026,1789
4689.1953564997975,4688.9453564997975,4689.4453564997975,1472,821,1147
4687.588301621707,4687.463301621707,4687.713301621707,682,1893,1288
4689.510563880834,4689.385563880834,4689.635563880834,2059,1824,1942
4678.5882590732435,4678.3382590732435,4678.8382590732435,918,701,810
4687.739377268615,4687.614377268615,4687.864377268615,1010,2439,1725
4694.240360312721,4693.865360312721,4694.615360312721,2413,1462,1938
4699.530982734228,4699.280982734228,4699.780982734228,1207,1728,1468
4703.602803020766,4703.477803020766,4703.727803020766,2149,912,1531
4698.153459430783,4697.778459430783,4698.528459430783,1153,2166,1660
4701.318035771197,4701.193035771197,4701.443035771197,624,1213,919
4698.0492306875585,4697.9242306875585,4698.1742306875585,722,909,816
4699.2345426559,4699.1095426559,4699.3595426559,986,909,948
4692.229013595561,4692.104013595561,4692.354013595561,1249,1996,1623
4692.485146031022,4692.360146031022,4692.610146031022,1976,851,1414
4691.504204917589,4691.379204917589,4691.629204917589,600,1239,920
4686.347971868653,4686.097971868653,4686.597971868653,1109,2404,1757
4681.795390763635,4681.670390763635,4681.920390763635,2066,975,1521
4684.7745110491815,4684.6495110491815,4684.8995110491815,2136,713,1425
4684.535047480671,4684.410047480671,4684.660047480671,1248,975,1112
4677.085370640864,4676.960370640864,4677.210370640864,1114,1829,1472
4682.998866013221,4682.873866013221,4683.123866013221,904,1261,1083
4681.450523606794,4681.075523606794,4681.825523606794,1730,1413,1572
4688.916666974729,4688.666666974729,4689.166666974729,1266,767,1017
4691.718704826389,4691.593704826389,4691.843704826389,2301,1078,1690
4689.655792782249,4689.530792782249,4689.780792782249,976,1187,1082
4683.681118810522,4683.431118810522,4683.931118810522,1077,936,1007
4681.181493465951,4681.056493465951,4681.306493465951,912,2047,1480
4676.709974505978,4676.584974505978,4676.834974505978,620,1697,1159
4680.128639359183,4679.753639359183,4680.503639359183,1074,1905,1490
4675.850759629029,4675.725759629029,4675.975759629029,967,2576,1772
4677.0192798296775,4676.8942798296775,4677.1442798296775,1776,1883,1830
4682.826243229102,4682.701243229102,4682.951243229102,528,1183,856
4683.6329741989975,4683.3829741989975,4683.8829741989975,800,2115,1458
4688.470181043316,4688.345181043316,4688.595181043316,1273,1116,1195
4692.261564416023,4691.886564416023,4692.636564416023,2520,995,1758
4695.460757549225,4695.210757549225,4695.710757549225,2348,1039,1694
4699.018370419413,4698.643370419413,4699.393370419413,1199,2272,1736
4697.350336904811,4697.225336904811,4697.475336904811,1232,1265,1249
4705.197802250858,4705.072802250858,4705.322802250858,779,1604,1192
4703.224367067123,4703.099367067123,4703.349367067123,735,1864,1300
4703.739122698484,4703.614122698484,4703.864122698484,2647,998,1823
4693.752837682997,4693.627837682997,4693.877837682997,1055,2286,1671
4691.141652644467,4690.891652644467,4691.391652644467,1733,1524,1629
4680.101810457541,4679.976810457541,4680.226810457541,1602,989,1296
4685.481160393542,4685.231160393542,4685.731160393542,1602,705,1154
4687.541845785058,4687.416845785058,4687.666845785058,1006,927,967
4688.583094560547,4688.333094560547,4688.833094560547,1532,1543,1538
4682.6967799992635,4682.5717799992635,4682.8217799992635,1784,2017,1901
4684.024724146328,4683.899724146328,4684.149724146328,759,1832,1296
4683.727388798157,4683.477388798157,4683.977388798157,1084,2331,1708
4681.800025478123,4681.675025478123,4681.925025478123,1304,2663,1984
4678.921899952309,4678.796899952309,4679.046899952309,1667,1390,1529
4677.353724729055,4677.228724729055,4677.478724729055,682,1213,948
4681.857793204783,4681.607793204783,4682.107793204783,1404,1597,1501
4677.1825938330785,4677.0575938330785,4677.3075938330785,1001,1668,1335
4670.537803649171,4670.287803649171,4670.787803649171,482,1363,923
4664.464717433747,4664.339717433747,4664.589717433747,1662,1997,1830
4668.332952547418,4667.957952547418,4668.707952547418,1501,1718,1610
4663.01234393134,4662.76234393134,4663.26234393134,1506,869,1188
4668.820978582873,4668.695978582873,4668.945978582873,2092,1587,1840
4664.799490497311,4664.674490497311,4664.924490497311,1718,1727,1723
4668.368176356605,4668.118176356605,4668.618176356605,930,1129,1030
4661.066976562955,4660.816976562955,4661.316976562955,1588,1317,1453
4664.472874462712,4664.347874462712,4664.597874462712,1162,2589,1876
4661.630782785081,4661.505782785081,4661.755782785081,1435,1312,1374
4661.084732539879,4660.834732539879,4661.334732539879,1447,774,1111
4657.356147171212,4657.106147171212,4657.606147171212,1089,2874,1982
4649.867514460149,4649.742514460149,4649.992514460149,878,2541,1710
4651.838458520084,4651.713458520084,4651.963458520084,2358,1373,1866
4659.927298526472,4659.802298526472,4660.052298526472,1265,1696,1481
4665.742452570955,4665.492452570955,4665.992452570955,1683,2104,1894
4669.873041040423,4669.748041040423,4669.998041040423,1537,2006,1772
4669.810270684338,4669.685270684338,4669.935270684338,937,2336,1637
4663.691599886837,4663.566599886837,4663.816599886837,1219,556,888
4662.068182163185,4661.943182163185,4662.193182163185,1224,1319,1272
4658.886171790034,4658.761171790034,4659.011171790034,1174,689,932
4658.083095125071,4657.958095125071,4658.208095125071,2124,1079,1602
4656.231968723222,4655.981968723222,4656.481968723222,1658,1029,1344
4651.490177245465,4651.365177245465,4651.615177245465,1521,2078,1800
4653.955883890787,4653.830883890787,4654.080883890787,809,1860,1335
4661.460362500166,4661.335362500166,4661.585362500166,548,1123,836
4662.67592705932,4662.42592705932,4662.92592705932,1432,2009,1721
4657.161711562483,4657.036711562483,4657.286711562483,906,1493,1200
4656.250119518969,4656.125119518969,4656.375119518969,668,1583,1126
4655.979711216365,4655.729711216365,4656.229711216365,1091,1956,1524
4653.601753161473,4653.351753161473,4653.851753161473,1135,948,1042
4655.011919022328,4654.886919022328,4655.136919022328,1373,1056,1215
4648.801420006715,4648.551420006715,4649.051420006715,1716,1521,1619
4655.686316290235,4655.561316290235,4655.811316290235,1217,1536,1377
4661.441580940188,4661.316580940188,4661.566580940188,621,1624,1123
4659.524532570694,4659.149532570694,4659.899532570694,1516,641,1079
4655.496285802158,4655.371285802158,4655.621285802158,1044,1541,1293
4652.353231659438,4652.103231659438,4652.603231659438,857,2008,1433
4659.73936986977,4659.36436986977,4660.11436986977,1702,939,1321
4657.685850342354,4657.560850342354,4657.810850342354,2005,1714,1860
4653.785657358821,4653.660657358821,4653.910657358821,2514,1213,1864
4659.179090304777,4658.804090304777,4659.554090304777,986,1671,1329
4658.0966375081225,4657.9716375081225,4658.2216375081225,2133,1826,1980
4660.611854592044,4660.486854592044,4660.736854592044,1777,1784,1781
4654.371657554138,4654.246657554138,4654.496657554138,1321,618,970
4654.88208416642,4654.50708416642,4655.25708416642,2200,793,1497
4650.3879727647445,4650.2629727647445,4650.5129727647445,1813,934,1374
4655.150695747538,4655.025695747538,4655.275695747538,587,1330,959
4654.761386417269,4654.511386417269,4655.011386417269,1360,1217,1289
4648.559794327907,4648.309794327907,4648.809794327907,1228,1729,1479
4646.6572495952805,4646.5322495952805,4646.7822495952805,1305,2176,1741
4642.757528786813,4642.632528786813,4642.882528786813,1469,1118,1294
4647.492176621818,4647.242176621818,4647.742176621818,1401,648,1025
4644.719623427625,4644.594623427625,4644.844623427625,2139,986,1563
4643.957972601303,4643.832972601303,4644.082972601303,1099,2418,1759
4647.3254652662345,4647.2004652662345,4647.4504652662345,1138,2507,1823
4652.0720827882915,4651.6970827882915,4652.4470827882915,1611,1656,1634
4655.7537986005345,4655.6287986005345,4655.8787986005345,1265,1304,1285
4654.513108585418,4654.388108585418,4654.638108585418,741,1836,1289
4651.5998811461395,4651.4748811461395,4651.7248811461395,1196,1531,1364
4640.26225749762,4640.01225749762,4640.51225749762,1490,2169,1830
4648.124933196169,4647.999933196169,4648.249933196169,1622,609,1116
4645.943732475078,4645.818732475078,4646.068732475078,1776,725,1251
4645.882200278599,4645.757200278599,4646.007200278599,2213,1150,1682
4643.696132719133,4643.571132719133,4643.821132719133,1319,976,1148
4640.493193089673,4640.118193089673,4640.868193089673,656,1141,899
4637.887126318316,4637.762126318316,4638.012126318316,850,875,863
4632.664470886324,4632.414470886324,4632.914470886324,1474,2169,1822
4635.435354054139,4635.310354054139,4635.560354054139,857,1026,942
4634.227688036714,4634.102688036714,4634.352688036714,955,1326,1141
4635.406792172682,4635.281792172682,4635.531792172682,1868,1379,1624
4634.694541410118,4634.569541410118,4634.819541410118,641,1256,949
4639.650960851712,4639.525960851712,4639.775960851712,765,1650,1208
4639.329892426706,4639.204892426706,4639.454892426706,1833,728,1281
4642.803538748323,4642.678538748323,4642.928538748323,1365,2286,1826
4645.740142886637,4645.615142886637,4645.865142886637,924,845,885
4650.304712071867,4649.929712071867,4650.679712071867,1222,1247,1235
4653.442375049688,4653.317375049688,4653.567375049688,1196,557,877
4651.979471315428,4651.729471315428,4652.229471315428,1930,1479,1705
4654.067992543287,4653.942992543287,4654.192992543287,825,1844,1335
4658.262325768536,4658.137325768536,4658.387325768536,2378,887,1633
4664.1810641017555,4663.8060641017555,4664.5560641017555,671,1072,872
4658.404887984714,4658.279887984714,4658.529887984714,1213,1540,1377
4654.179663388391,4654.054663388391,4654.304663388391,1577,950,1264
4653.884915182704,4653.759915182704,4654.009915182704,915,976,946
4664.476254968129,4664.226254968129,4664.726254968129,1114,791,953
4662.729128071961,4662.604128071961,4662.854128071961,1932,1641,1787
4669.807409167057,4669.682409167057,4669.932409167057,1218,1745,1482
4673.503484905552,4673.253484905552,4673.753484905552,954,903,929
4679.237577307533,4679.112577307533,4679.362577307533,1936,1061,1499
4679.563779813418,4679.438779813418,4679.688779813418,480,1373,927
4680.236151222786,4680.111151222786,4680.361151222786,1028,2651,1840
4684.594065556125,4684.469065556125,4684.719065556125,2326,1217,1772
4680.788151336457,4680.538151336457,4681.038151336457,1319,1764,1542
4679.804294301609,4679.679294301609,4679.929294301609,1363,1878,1621
4682.424195167955,4682.174195167955,4682.674195167955,885,2380,1633
4683.454337126314,4683.204337126314,4683.704337126314,1253,1116,1185
4680.279948748595,4680.154948748595,4680.404948748595,2152,1261,1707
4681.075830128032,4680.950830128032,4681.200830128032,2433,910,1672
4682.016209634868,4681.891209634868,4682.141209634868,888,2559,1724
4685.97628254862,4685.72628254862,4686.22628254862,2462,1411,1937
4682.4357477612075,4682.1857477612075,4682.6857477612075,984,1767,1376
4688.677522769875,4688.552522769875,4688.802522769875,783,1790,1287
4683.861428926244,4683.736428926244,4683.986428926244,1406,1751,1579
4686.711459055738,4686.461459055738,4686.961459055738,2233,1408,1821
4686.064187652858,4685.814187652858,4686.314187652858,1216,1409,1313
4695.083063519188,4694.958063519188,4695.208063519188,2115,1656,1886
4697.7099526003285,4697.5849526003285,4697.8349526003285,1422,1101,1262
4709.791087716213,4709.541087716213,4710.041087716213,1149,592,871
4717.413947125749,4717.163947125749,4717.663947125749,1170,1007,1089
4721.026385265309,4720.901385265309,4721.151385265309,1524,665,1095
4720.679081439222,4720.554081439222,4720.804081439222,1658,1957,1808
4719.203063330165,4718.953063330165,4719.453063330165,1016,1879,1448
4719.302968451917,4719.052968451917,4719.552968451917,1118,2655,1887
4724.171205320972,4724.046205320972,4724.296205320972,2252,1617,1935
4725.553052694336,4725.428052694336,4725.678052694336,1485,2054,1770
4723.254175512444,4723.129175512444,4723.379175512444,1119,834,977
4725.192977733206,4725.067977733206,4725.317977733206,2325,1620,1973
4733.995128505584,4733.870128505584,4734.120128505584,987,674,831
4731.974286425803,4731.724286425803,4732.224286425803,1702,1675,1689
4727.508506810986,4727.383506810986,4727.633506810986,1591,1174,1383
4726.818851247267,4726.693851247267,4726.943851247267,961,1620,1291
4725.8412660319655,4725.7162660319655,4725.9662660319655,1582,1005,1294
4723.737821227685,4723.487821227685,4723.987821227685,1724,1261,1493
4725.659206994413,4725.534206994413,4725.784206994413,1937,660,1299
4729.446762581887,4729.196762581887,4729.696762581887,1516,1941,1729
4729.232898354143,4728.982898354143,4729.482898354143,2008,965,1487
4725.454475013911,4725.204475013911,4725.704475013911,604,1049,827
4727.557631562175,4727.182631562175,4727.932631562175,1671,1644,1658
4731.98682739815,4731.86182739815,4732.11182739815,1051,1638,1345
4736.006076410486,4735.756076410486,4736.256076410486,1115,2342,1729
4741.547481253068,4741.297481253068,4741.797481253068,1380,1711,1546
4739.054235948958,4738.804235948958,4739.304235948958,1183,720,952
4736.434825973886,4736.309825973886,4736.559825973886,2226,1403,1815
4744.8754741245675,4744.7504741245675,4745.0004741245675,1201,2388,1795
4747.065788109485,4746.940788109485,4747.190788109485,2393,1214,1804
4745.790954340159,4745.665954340159,4745.915954340159,877,740,809
4751.570958821653,4751.445958821653,4751.695958821653,1408,2557,1983
4753.171718806388,4752.921718806388,4753.421718806388,1706,2261,1984
4750.103674764407,4749.978674764407,4750.228674764407,1306,765,1036
4756.216194956715,4756.091194956715,4756.341194956715,1012,2089,1551
4757.376242719661,4757.251242719661,4757.501242719661,1255,1982,1619
4759.079891981433,4758.829891981433,4759.329891981433,1710,2123,1917
4756.976377033267,4756.851377033267,4757.101377033267,2036,705,1371
4759.188763568181,4759.063763568181,4759.313763568181,766,1537,1152
4760.643849875528,4760.518849875528,4760.768849875528,1257,2050,1654
4762.447349468763,4762.072349468763,4762.822349468763,1173,1326,1250
4765.285166611584,4764.910166611584,4765.660166611584,1631,1642,1637
4772.709468240906,4772.584468240906,4772.834468240906,1544,875,1210
4772.60784934416,4772.48284934416,4772.73284934416,858,1203,1031
4768.54179631667,4768.41679631667,4768.66679631667,1716,1303,1510
4767.563860313976,4767.438860313976,4767.688860313976,1744,2237,1991
4773.725476920173,4773.350476920173,4774.100476920173,819,2234,1527
4771.849338590453,4771.724338590453,4771.974338590453,1048,761,905
4774.335090831715,4773.960090831715,4774.710090831715,2192,831,1512
4772.275539445515,4772.150539445515,4772.400539445515,2450,845,1648
4774.169875989388,4774.044875989388,4774.294875989388,1076,2227,1652
4769.860717333717,4769.610717333717,4770.110717333717,1964,1689,1827
4764.5668937302935,4764.1918937302935,4764.9418937302935,1946,1109,1528
4766.433828417998,4766.308828417998,4766.558828417998,796,1817,1307
4765.724552469572,4765.599552469572,4765.849552469572,858,1533,1196
4765.219095170088,4764.844095170088,4765.594095170088,1873,1776,1825
4768.558848605237,4768.308848605237,4768.808848605237,929,1870,1400
4767.359455510794,4767.109455510794,4767.609455510794,1999,1104,1552
4765.283296583136,4765.033296583136,4765.533296583136,2100,1801,1951
4769.380981934259,4769.130981934259,4769.630981934259,1421,1012,1217
4774.319588697621,4774.194588697621,4774.444588697621,2233,946,1590
4778.83976387798,4778.58976387798,4779.08976387798,2465,1410,1938
4781.425849427619,4781.175849427619,4781.675849427619,788,1243,1016
4781.8244656984125,4781.6994656984125,4781.9494656984125,1199,2046,1623
4779.6423874037955,4779.2673874037955,4780.0173874037955,1769,2100,1935
4783.025531885319,4782.900531885319,4783.150531885319,734,1707,1221
4777.0865467204585,4776.8365467204585,4777.3365467204585,531,1278,905
4772.457030861475,4772.207030861475,4772.707030861475,919,2562,1741
4770.265363470676,4769.890363470676,4770.640363470676,2686,1181,1934
4762.070958676198,4761.695958676198,4762.445958676198,1909,1170,1540
4758.658907761581,4758.533907761581,4758.783907761581,2100,1155,1628
4755.145349301219,4754.895349301219,4755.395349301219,1851,694,1273
4752.990826848594,4752.865826848594,4753.115826848594,1112,845,979
4756.903097676133,4756.778097676133,4757.028097676133,1534,2429,1982
4756.313472658314,4756.188472658314,4756.438472658314,1517,1114,1316
4762.995929920633,4762.870929920633,4763.120929920633,1400,597,999
4761.372205391461,4761.247205391461,4761.497205391461,2332,1523,1928
4755.524158117089,4755.399158117089,4755.649158117089,1367,656,1012
4748.781159745287,4748.656159745287,4748.906159745287,2098,971,1535
4749.726829592064,4749.601829592064,4749.851829592064,2018,1497,1758
4748.3422845015875,4748.0922845015875,4748.5922845015875,1057,786,922
4752.885753438521,4752.760753438521,4753.010753438521,856,1085,971
4749.115610762366,4748.740610762366,4749.490610762366,1482,1425,1454
4751.281366917542,4751.031366917542,4751.531366917542,1276,2651,1964
4753.3584581806535,4753.2334581806535,4753.4834581806535,1320,563,942
4754.938655070508,4754.563655070508,4755.313655070508,2671,1000,1836
4755.882927951957,4755.757927951957,4756.007927951957,1313,2578,1946
4764.64336990571,4764.51836990571,4764.76836990571,1944,781,1363
4763.796308025711,4763.671308025711,4763.921308025711,939,970,955
4765.644599578623,4765.269599578623,4766.019599578623,1556,1533,1545
4761.406881626462,4761.031881626462,4761.781881626462,1352,857,1105
4767.691100970206,4767.566100970206,4767.816100970206,2004,1959,1982
4763.0749093548075,4762.9499093548075,4763.1999093548075,1159,2520,1840
4767.4697174803005,4767.3447174803005,4767.5947174803005,1638,1525,1582
4771.676330270645,4771.301330270645,4772.051330270645,1954,855,1405
4772.3400007424,4772.2150007424,4772.4650007424,1962,1123,1543
4771.897739328525,4771.647739328525,4772.147739328525,1392,1425,1409
4769.748236695887,4769.498236695887,4769.998236695887,1778,1777,1778
4768.605465220257,4768.355465220257,4768.855465220257,2102,743,1423
4765.138568956407,4765.013568956407,4765.263568956407,2132,1487,1810
4760.723399180081,4760.598399180081,4760.848399180081,2439,968,1704
4763.24137523115,4762.86637523115,4763.61637523115,1612,647,1130
4762.260680386005,4762.135680386005,4762.385680386005,2301,1590,1946
4760.4398543116395,4760.3148543116395,4760.5648543116395,1970,1343,1657
4758.152503205475,4758.027503205475,4758.277503205475,2513,1294,1904
4762.82085092445,4762.69585092445,4762.94585092445,1480,881,1181
4761.418967754834,4761.168967754834,4761.668967754834,1262,2017,1640
4762.540998254539,4762.290998254539,4762.790998254539,1954,1131,1543
4763.221602257578,4763.096602257578,4763.346602257578,910,1677,1294
4764.12373905784,4763.87373905784,4764.37373905784,1397,1820,1609
4764.905540947675,4764.780540947675,4765.030540947675,1048,1749,1399
4763.204680870958,4763.079680870958,4763.329680870958,1150,2729,1940
4759.347913763367,4759.222913763367,4759.472913763367,1415,2170,1793
4751.623116756104,4751.248116756104,4751.998116756104,988,983,986
4750.441314343373,4750.316314343373,4750.566314343373,1533,1844,1689
4752.109149352954,4751.984149352954,4752.234149352954,1594,2099,1847
4750.1624825218405,4750.0374825218405,4750.2874825218405,604,1131,868
4747.642230765983,4747.517230765983,4747.767230765983,1850,651,1251
4744.797877146195,4744.672877146195,4744.922877146195,1136,839,988
4740.843416944528,4740.718416944528,4740.968416944528,2246,1669,1958
4742.890027145711,4742.640027145711,4743.140027145711,1358,2095,1727
4743.03553787157,4742.66053787157,4743.41053787157,2016,1241,1629
4739.087939249157,4738.962939249157,4739.212939249157,1697,1984,1841
4738.6634412416715,4738.4134412416715,4738.9134412416715,696,1229,963
4736.770699031242,4736.645699031242,4736.895699031242,1328,1669,1499
4736.371358150313,4736.246358150313,4736.496358150313,1548,1233,1391
4742.799407286077,4742.674407286077,4742.924407286077,2296,1131,1714
4746.656215405862,4746.531215405862,4746.781215405862,777,1386,1082
4750.2047404774685,4749.8297404774685,4750.5797404774685,1441,1940,1691
4755.5298266727805,4755.2798266727805,4755.7798266727805,922,1431,1177
4749.020000093866,4748.895000093866,4749.145000093866,1192,681,937
4747.687813931031,4747.312813931031,4748.062813931031,2177,1190,1684
4748.047343785495,4747.922343785495,4748.172343785495,1527,2114,1821
4742.275212469116,4741.900212469116,4742.650212469116,1165,2620,1893
4744.100635940815,4743.725635940815,4744.475635940815,1259,1876,1568
4739.261126285254,4738.886126285254,4739.636126285254,1411,1220,1316
4740.730756783626,4740.605756783626,4740.855756783626,1418,1247,1333
4744.11233248084,4743.98733248084,4744.23733248084,616,1045,831
4742.627119143383,4742.252119143383,4743.002119143383,1120,633,877
4739.489501495299,4739.364501495299,4739.614501495299,1802,2001,1902
4740.615250807126,4740.240250807126,4740.990250807126,1956,1673,1815
4747.5633349667705,4747.3133349667705,4747.8133349667705,874,1763,1319
4749.114490172533,4748.864490172533,4749.364490172533,1019,2736,1878
4745.235918103546,4744.985918103546,4745.485918103546,1839,650,1245
4751.588185535753,4751.463185535753,4751.713185535753,1608,1905,1757
4752.116942024403,4751.991942024403,4752.241942024403,826,1215,1021
4750.45077282314,4750.32577282314,4750.57577282314,943,1502,1223
4751.671449262126,4751.546449262126,4751.796449262126,1916,955,1436
4751.178162924289,4751.053162924289,4751.303162924289,660,1371,1016
4748.8043058346175,4748.5543058346175,4749.0543058346175,851,946,899
4748.598690690448,4748.473690690448,4748.723690690448,2648,1099,1874
4750.588616553237,4750.338616553237,4750.838616553237,2045,1280,1663
4749.21252629476,4749.08752629476,4749.33752629476,1861,1192,1527
4750.628476145214,4750.503476145214,4750.753476145214,2723,1110,1917
4747.399906043226,4747.274906043226,4747.524906043226,1961,1522,1742
4749.40102600897,4749.27602600897,4749.52602600897,671,1552,1112
4752.83450701656,4752.58450701656,4753.08450701656,697,930,814
4753.6757163131315,4753.3007163131315,4754.0507163131315,1275,1080,1178
4750.87870820443,4750.62870820443,4751.12870820443,1371,2020,1696
4747.514316810895,4747.389316810895,4747.639316810895,978,2603,1791
4746.499250479891,4746.249250479891,4746.749250479891,967,2466,1717
4740.606122258289,4740.481122258289,4740.731122258289,853,1958,1406
4742.8141061442275,4742.6891061442275,4742.9391061442275,495,1310,903
4743.109202061321,4742.984202061321,4743.234202061321,848,1749,1299
4740.874202328646,4740.499202328646,4741.249202328646,2538,1141,1840
4739.6408162513135,4739.5158162513135,4739.7658162513135,1883,1720,1802
4739.333671829627,4739.083671829627,4739.583671829627,2137,892,1515
4741.2907332720515,4741.1657332720515,4741.4157332720515,1296,1199,1248
4744.078228612349,4743.953228612349,4744.203228612349,530,1159,845
4741.358663647774,4741.233663647774,4741.483663647774,748,1589,1169
4736.842619020106,4736.717619020106,4736.967619020106,1582,1871,1727
4736.343680648498,4736.093680648498,4736.593680648498,1580,1145,1363
4736.617452364581,4736.492452364581,4736.742452364581,1737,1322,1530
4741.96574374632,4741.71574374632,4742.21574374632,1147,1790,1469
4742.5296438537125,4742.2796438537125,4742.7796438537125,2492,1223,1858
4733.658159885352,4733.533159885352,4733.783159885352,2302,1205,1754
4732.187674593243,4732.062674593243,4732.312674593243,1975,1824,1900
4732.689757215413,4732.564757215413,4732.814757215413,2568,875,1722
4729.550284375847,4729.425284375847,4729.675284375847,1165,1684,1425
4739.759652291019,4739.509652291019,4740.009652291019,1259,2116,1688
4742.709140283109,4742.584140283109,4742.834140283109,1192,1675,1434
4745.446738538398,4745.321738538398,4745.571738538398,2636,1251,1944
4743.136211335474,4743.011211335474,4743.261211335474,869,2472,1671
4736.176836351315,4735.926836351315,4736.426836351315,1089,2648,1869
4742.62578716121,4742.50078716121,4742.75078716121,1824,1693,1759
4747.757759769148,4747.632759769148,4747.882759769148,736,1341,1039
4753.026779309368,4752.901779309368,4753.151779309368,1087,942,1015
4754.884283363732,4754.759283363732,4755.009283363732,979,1470,1225
4751.225995001063,4751.100995001063,4751.350995001063,1589,1076,1333
4744.775179333857,4744.650179333857,4744.900179333857,1187,1756,1472
4741.789710851506,4741.539710851506,4742.039710851506,775,1360,1068
4746.26534638738,4746.01534638738,4746.51534638738,1848,1281,1565
4744.086811147654,4743.961811147654,4744.211811147654,1708,1771,1740
4750.012012056562,4749.887012056562,4750.137012056562,1917,904,1411
4749.205069987768,4749.080069987768,4749.330069987768,1263,456,860
4749.050113443714,4748.925113443714,4749.175113443714,888,2017,1453
4758.806473682369,4758.681473682369,4758.931473682369,1624,687,1156
4764.414374366919,4764.289374366919,4764.539374366919,996,669,833
4764.056783642976,4763.931783642976,4764.181783642976,863,1056,960
4764.8850315914415,4764.6350315914415,4765.1350315914415,1100,1361,1231
4764.299106710099,4764.174106710099,4764.424106710099,1045,958,1002
4765.531311373872,4765.281311373872,4765.781311373872,1987,732,1360
4764.572395812104,4764.197395812104,4764.947395812104,1623,1442,1533
4764.76474342546,4764.63974342546,4764.88974342546,1611,1042,1327
4769.361118310408,4769.236118310408,4769.486118310408,541,1212,877
4775.851347226482,4775.726347226482,4775.976347226482,1420,2363,1892
4772.391884846573,4772.141884846573,4772.641884846573,951,1168,1060
4772.953297915327,4772.703297915327,4773.203297915327,643,1610,1127
4771.638522493686,4771.513522493686,4771.763522493686,866,2151,1509
4774.5738110974025,4774.4488110974025,4774.6988110974025,905,1102,1004
4775.626121094627,4775.501121094627,4775.751121094627,1515,1478,1497
4768.5535215354275,4768.3035215354275,4768.8035215354275,874,755,815
4767.264098033254,4767.014098033254,4767.514098033254,1590,783,1187
4773.406972699699,4773.156972699699,4773.656972699699,975,1008,992
4770.91490701442,4770.53990701442,4771.28990701442,896,2623,1760
4771.693983217951,4771.443983217951,4771.943983217951,926,2483,1705
4770.746663962476,4770.621663962476,4770.871663962476,2059,992,1526
4772.190753398535,4771.940753398535,4772.440753398535,2382,1327,1855
4766.905462060064,4766.655462060064,4767.155462060064,1519,666,1093
4762.527204431142,4762.277204431142,4762.777204431142,1694,843,1269
4759.846606589876,4759.721606589876,4759.971606589876,584,1443,1014
4759.233542123823,4758.983542123823,4759.483542123823,2123,1684,1904
4758.898199005254,4758.773199005254,4759.023199005254,1313,2466,1890
4762.625784311578,4762.500784311578,4762.750784311578,2305,1380,1843
4759.567943266367,4759.442943266367,4759.692943266367,2724,1265,1995
4760.916783978453,4760.791783978453,4761.041783978453,1172,2159,1666
4758.919784367191,4758.794784367191,4759.044784367191,1958,1989,1974
4760.4106221017855,4760.2856221017855,4760.5356221017855,1314,1039,1177
4760.328169140364,4760.203169140364,4760.453169140364,798,1047,923
4761.817289243445,4761.692289243445,4761.942289243445,1850,2141,1996
4761.567071424957,4761.317071424957,4761.817071424957,950,793,872
4759.741951538235,4759.616951538235,4759.866951538235,2730,1023,1877
4760.505623408012,4760.380623408012,4760.630623408012,1433,1436,1435
4756.9134480539815,4756.6634480539815,4757.1634480539815,683,1794,1239
4755.325617256877,4755.200617256877,4755.450617256877,1006,793,900
4753.551041583445,4753.301041583445,4753.801041583445,1433,2490,1962
4754.784878957713,4754.659878957713,4754.909878957713,854,1185,1020
4754.956271320622,4754.706271320622,4755.206271320622,1121,868,995
4754.462443988469,4754.337443988469,4754.587443988469,1150,477,814
4752.794752902948,4752.669752902948,4752.919752902948,1437,1334,1386
4754.652241527621,4754.527241527621,4754.777241527621,753,1058,906
4755.319693109439,4755.069693109439,4755.569693109439,1215,1178,1197
4753.333899861359,4753.083899861359,4753.583899861359,2044,1863,1954
4756.659691918955,4756.534691918955,4756.784691918955,909,2160,1535
4755.549561213326,4755.424561213326,4755.674561213326,1218,1497,1358
4756.643026772951,4756.518026772951,4756.768026772951,2648,1085,1867
4756.362326040064,4756.112326040064,4756.612326040064,1048,769,909
4753.52494660758,4753.27494660758,4753.77494660758,1923,656,1290
4757.377271208564,4757.252271208564,4757.502271208564,1553,1248,1401
4758.327412906725,4758.202412906725,4758.452412906725,763,1160,962
4761.5716381894135,4761.4466381894135,4761.6966381894135,725,906,816
4761.1326783170925,4761.0076783170925,4761.2576783170925,1552,697,1125
4764.307227121325,4764.182227121325,4764.432227121325,1777,1420,1599
4764.5724656948805,4764.4474656948805,4764.6974656948805,1682,1145,1414
4763.732243335713,4763.607243335713,4763.857243335713,1993,920,1457
4764.767393308571,4764.517393308571,4765.017393308571,1943,788,1366
4762.527851737879,4762.277851737879,4762.777851737879,732,2105,1419
4762.8169092706,4762.6919092706,4762.9419092706,756,1591,1174
4764.462448821332,4764.212448821332,4764.712448821332,758,1347,1053
4764.726499149475,4764.351499149475,4765.101499149475,567,1364,966
4763.0306354629565,4762.7806354629565,4763.2806354629565,1191,938,1065
4760.957774371977,4760.832774371977,4761.082774371977,1843,628,1236
4763.66530587443,4763.41530587443,4763.91530587443,2325,1618,1972
4764.020000296489,4763.895000296489,4764.145000296489,1184,549,867
4766.474733637167,4766.224733637167,4766.724733637167,646,1037,842
4773.010942791125,4772.760942791125,4773.260942791125,1857,1416,1637
4772.787399747405,4772.662399747405,4772.912399747405,1059,1340,1200
4772.039381449757,4771.914381449757,4772.164381449757,1142,945,1044
4772.950721455375,4772.700721455375,4773.200721455375,1936,1691,1814
4772.159172334675,4771.784172334675,4772.534172334675,1226,2509,1868
4770.455322303592,4770.205322303592,4770.705322303592,831,1996,1414
4772.881408050913,4772.756408050913,4773.006408050913,999,1940,1470
4772.880378336831,4772.755378336831,4773.005378336831,1552,1257,1405
4774.780396262608,4774.530396262608,4775.030396262608,1217,1308,1263
4778.54678403152,4778.42178403152,4778.67178403152,1697,1992,1845
4778.933079714623,4778.808079714623,4779.058079714623,2147,1536,1842
4779.893398844361,4779.768398844361,4780.018398844361,2238,1163,1701
4781.853466397485,4781.603466397485,4782.103466397485,1559,2436,1998
4780.389495227991,4780.264495227991,4780.514495227991,585,1072,829
4778.8185929027495,4778.6935929027495,4778.9435929027495,955,2792,1874
4778.8035980328,4778.6785980328,4778.9285980328,1286,863,1075
4779.613143785782,4779.488143785782,4779.738143785782,1074,853,964
4781.7634449000925,4781.3884449000925,4782.1384449000925,1381,1632,1507
4785.697659348451,4785.572659348451,4785.822659348451,969,866,918
4786.315608585518,4786.190608585518,4786.440608585518,1175,704,940
4787.539036352083,4787.289036352083,4787.789036352083,2219,1778,1999
4785.907150009844,4785.532150009844,4786.282150009844,577,1650,1114
4786.918262300627,4786.793262300627,4787.043262300627,1084,1057,1071
4786.311591365497,4786.186591365497,4786.436591365497,663,1486,1075
4782.387337963453,4782.137337963453,4782.637337963453,919,2574,1747
4777.860268088166,4777.610268088166,4778.110268088166,1662,2335,1999
4778.0249846935485,4777.8999846935485,4778.1499846935485,625,1294,960
4779.143969158916,4779.018969158916,4779.268969158916,1712,923,1318
4778.783683137406,4778.658683137406,4778.908683137406,1237,1476,1357
4780.314067897761,4780.189067897761,4780.439067897761,1025,2192,1609
4780.953693325235,4780.828693325235,4781.078693325235,1168,945,1057
4783.901310194957,4783.526310194957,4784.276310194957,1701,1506,1604
4780.970424964253,4780.845424964253,4781.095424964253,997,748,873
4779.727998290749,4779.602998290749,4779.852998290749,954,773,864
4777.736502946746,4777.361502946746,4778.111502946746,1150,929,1040
4776.415169303574,4776.290169303574,4776.540169303574,1268,623,946
4777.733637951174,4777.608637951174,4777.858637951174,1006,2245,1626
4776.9171071525725,4776.7921071525725,4777.0421071525725,804,1013,909
4774.3095998002555,4774.1845998002555,4774.4345998002555,1217,1938,1578
4774.974938396811,4774.724938396811,4775.224938396811,1540,2139,1840
4774.977307946898,4774.852307946898,4775.102307946898,2456,1231,1844
4777.754528961233,4777.629528961233,4777.879528961233,1342,1361,1352
4779.391319280363,4779.141319280363,4779.641319280363,709,1004,857
4778.457147843463,4778.207147843463,4778.707147843463,1926,1903,1915
4779.347606134019,4779.097606134019,4779.597606134019,1057,1272,1165
4782.221768033099,4782.096768033099,4782.346768033099,1096,739,918
4780.025523691537,4779.900523691537,4780.150523691537,943,1252,1098
4782.42307989,4782.29807989,4782.54807989,1398,1349,1374
4779.966109226773,4779.841109226773,4780.091109226773,1435,1746,1591
4773.869989567489,4773.744989567489,4773.994989567489,1030,745,888
4772.7215040482615,4772.5965040482615,4772.8465040482615,886,1885,1386
4775.65399353943,4775.52899353943,4775.77899353943,2012,1107,1560
4773.931944930509,4773.556944930509,4774.306944930509,605,1264,935
4769.425312127346,4769.300312127346,4769.550312127346,1075,2704,1890
4772.138918365626,4771.888918365626,4772.388918365626,558,1213,886
4772.372214927368,4772.247214927368,4772.497214927368,2426,975,1701
4771.639330651727,4771.514330651727,4771.764330651727,2055,1028,1542
4772.171136209966,4772.046136209966,4772.296136209966,2260,1057,1659
4772.533700803145,4772.408700803145,4772.658700803145,928,855,892
4771.079755262185,4770.954755262185,4771.204755262185,2459,1390,1925
4773.1600537126815,4773.0350537126815,4773.2850537126815,1240,815,1028
4773.412494317845,4773.287494317845,4773.537494317845,694,1273,984
4775.0235361362365,4774.7735361362365,4775.2735361362365,2232,791,1512
4773.180511195168,4772.930511195168,4773.430511195168,1346,1931,1639
4774.818708242966,4774.693708242966,4774.943708242966,577,1074,826
4773.606125039547,4773.481125039547,4773.731125039547,1130,511,821
4779.138562194694,4779.013562194694,4779.263562194694,1549,714,1132
4775.715404724418,4775.465404724418,4775.965404724418,885,1048,967
4773.373133807784,4773.248133807784,4773.498133807784,2094,1649,1872
4776.04728076224,4775.92228076224,4776.17228076224,827,1210,1019
4777.079763889472,4776.954763889472,4777.204763889472,1264,465,865
4775.536270688358,4775.411270688358,4775.661270688358,1611,1056,1334
4773.4975265433095,4773.3725265433095,4773.6225265433095,723,2142,1433
4773.245808951993,4773.120808951993,4773.370808951993,2627,952,1790
4773.555638797848,4773.430638797848,4773.680638797848,587,1252,920
4774.8470394327815,4774.7220394327815,4774.9720394327815,2671,1066,1869
4777.8133687040145,4777.6883687040145,4777.9383687040145,2232,1579,1906
4777.093561030302,4776.968561030302,4777.218561030302,790,1317,1054
4775.99484311098,4775.86984311098,4776.11984311098,711,984,848
4776.537502436221,4776.412502436221,4776.662502436221,2130,947,1539
4777.523400031346,4777.398400031346,4777.648400031346,925,2604,1765
4778.522147246006,4778.147147246006,4778.897147246006,700,1305,1003
4777.889553776442,4777.764553776442,4778.014553776442,1548,763,1156
4777.208828359983,4777.083828359983,4777.333828359983,2128,1667,1898
4776.456592039807,4776.331592039807,4776.581592039807,1047,1704,1376
4773.214564835792,4773.089564835792,4773.339564835792,1576,1479,1528
4774.389112382287,4774.264112382287,4774.514112382287,1572,1165,1369
4774.596701293693,4774.346701293693,4774.846701293693,2647,1288,1968
4777.0648648083725,4776.8148648083725,4777.3148648083725,796,2163,1480
4773.029131347057,4772.779131347057,4773.279131347057,1363,1530,1447
4774.528771652448,4774.278771652448,4774.778771652448,1269,2140,1705
4776.718805593257,4776.343805593257,4777.093805593257,869,1386,1128
4778.873121377811,4778.748121377811,4778.998121377811,1341,1306,1324
4780.449255082303,4780.199255082303,4780.699255082303,1369,1616,1493
4781.196047672297,4781.071047672297,4781.321047672297,1800,665,1233
4784.376799307833,4784.001799307833,4784.751799307833,2081,1340,1711
4786.355394273561,4786.230394273561,4786.480394273561,725,1568,1147
4785.351187250975,4785.101187250975,4785.601187250975,761,1002,882
4785.94010934892,4785.81510934892,4786.06510934892,1897,1952,1925
4786.373609846965,4786.248609846965,4786.498609846965,848,1227,1038
4784.483060063187,4784.233060063187,4784.733060063187,1496,1727,1612
4784.136397377235,4783.886397377235,4784.386397377235,1345,668,1007
4786.628671278852,4786.503671278852,4786.753671278852,1543,520,1032
4784.399575750885,4784.149575750885,4784.649575750885,720,1593,1157
4780.904465425931,4780.654465425931,4781.154465425931,1287,514,901
4778.176809075517,4778.051809075517,4778.301809075517,2056,863,1460
4777.736938126513,4777.611938126513,4777.861938126513,813,914,864
4777.099391678772,4776.849391678772,4777.349391678772,2352,1531,1942
4775.480598572971,4775.355598572971,4775.605598572971,2742,1213,1978
4773.832697725961,4773.582697725961,4774.082697725961,1153,2278,1716
4773.153877943191,4772.903877943191,4773.403877943191,1134,1495,1315
4772.945431179799,4772.695431179799,4773.195431179799,731,1114,923
4772.34461935555,4771.96961935555,4772.71961935555,913,1314,1114
4771.610946043307,4771.485946043307,4771.735946043307,1553,1064,1309
4770.348433456932,4770.098433456932,4770.598433456932,994,771,883
4773.671273346355,4773.421273346355,4773.921273346355,524,1561,1043
4775.14539776583,4774.89539776583,4775.39539776583,468,1351,910
4776.626029950752,4776.501029950752,4776.751029950752,2199,928,1564
4773.874184045073,4773.499184045073,4774.249184045073,1239,1536,1388
4772.327731685605,4772.202731685605,4772.452731685605,1201,816,1009
4770.363229673785,4770.238229673785,4770.488229673785,2534,1309,1922
4769.556144934254,4769.431144934254,4769.681144934254,1013,1406,1210
4773.0759201373285,4772.9509201373285,4773.2009201373285,1314,2027,1671
4771.343045204123,4771.218045204123,4771.468045204123,545,1324,935
4773.0112222646685,4772.6362222646685,4773.3862222646685,599,1320,960
4774.483509752108,4774.108509752108,4774.858509752108,1905,1074,1490
4769.445100304866,4769.320100304866,4769.570100304866,1562,1221,1392
4768.853854408357,4768.728854408357,4768.978854408357,2289,1560,1925
4768.230051577015,4767.855051577015,4768.605051577015,1344,1507,1426
4769.636066877044,4769.511066877044,4769.761066877044,1706,1453,1580
4768.714407084039,4768.464407084039,4768.964407084039,2066,1751,1909
4770.186377687623,4770.061377687623,4770.311377687623,2115,1218,1667
4771.420438654134,4771.170438654134,4771.670438654134,1192,1155,1174
4773.659144737846,4773.409144737846,4773.909144737846,1181,662,922
4770.408515043065,4770.158515043065,4770.658515043065,1245,2092,1669
4769.057204507619,4768.932204507619,4769.182204507619,2064,859,1462
4769.82132119696,4769.44632119696,4770.19632119696,1478,847,1163
4770.671958430691,4770.421958430691,4770.921958430691,1539,1448,1494
4769.821849465896,4769.446849465896,4770.196849465896,1272,1345,1309
4769.735141496571,4769.485141496571,4769.985141496571,2068,1783,1926
4772.577360041676,4772.327360041676,4772.827360041676,980,1365,1173
4774.135627341262,4774.010627341262,4774.260627341262,465,1264,865
4775.962316066366,4775.587316066366,4776.337316066366,1561,1612,1587
4776.58070108744,4776.20570108744,4776.95570108744,945,1752,1349
4777.186192195954,4776.936192195954,4777.436192195954,821,2052,1437
4777.322546543739,4777.197546543739,4777.447546543739,1874,1265,1570
4775.586856469323,4775.336856469323,4775.836856469323,1606,777,1192
4778.546860482374,4778.421860482374,4778.671860482374,1344,1227,1286
4778.442696810314,4778.192696810314,4778.692696810314,912,1509,1211
4778.238242818448,4777.863242818448,4778.613242818448,1215,1326,1271
4773.076889489672,4772.701889489672,4773.451889489672,2139,988,1564
4772.578970534271,4772.453970534271,4772.703970534271,2139,998,1569
4769.515624310199,4769.265624310199,4769.765624310199,2528,927,1728
4770.507813003933,4770.382813003933,4770.632813003933,1953,1458,1706
4774.718188191808,4774.593188191808,4774.843188191808,2034,1081,1558
4776.201730700088,4776.076730700088,4776.326730700088,1331,1532,1432
4775.0593576203655,4774.9343576203655,4775.1843576203655,1074,1301,1188
4772.688232252794,4772.438232252794,4772.938232252794,1511,1180,1346
4775.955227497829,4775.830227497829,4776.080227497829,720,1781,1251
4778.602782096439,4778.477782096439,4778.727782096439,1111,534,823
4777.258038666017,4777.008038666017,4777.508038666017,786,1289,1038
4775.539258325853,4775.414258325853,4775.664258325853,1834,1229,1532
4775.02868973057,4774.77868973057,4775.27868973057,738,1661,1200
4775.218186469086,4775.093186469086,4775.343186469086,989,1768,1379
4777.148135295856,4776.898135295856,4777.398135295856,1384,2465,1925
4777.8094880734525,4777.6844880734525,4777.9344880734525,774,2165,1470
4772.03248391299,4771.65748391299,4772.40748391299,1148,925,1037
4773.915400207851,4773.665400207851,4774.165400207851,1041,1778,1410
4766.573758499576,4766.323758499576,4766.823758499576,2179,1356,1768
4771.026164576842,4770.901164576842,4771.151164576842,1616,1549,1583
4768.862391530096,4768.612391530096,4769.112391530096,752,2085,1419
4769.621107668865,4769.371107668865,4769.871107668865,1425,1422,1424
4769.483603720985,4769.108603720985,4769.858603720985,1324,593,959
4772.889110711419,4772.764110711419,4773.014110711419,1685,1720,1703
4774.614562314407,4774.489562314407,4774.739562314407,1975,1064,1520
4771.763662871328,4771.513662871328,4772.013662871328,1015,1604,1310
4772.6915477842385,4772.5665477842385,4772.8165477842385,2007,1940,1974
4767.028237153185,4766.653237153185,4767.403237153185,1472,1925,1699
4765.555988047728,4765.430988047728,4765.680988047728,663,936,800
4763.737466408783,4763.612466408783,4763.862466408783,1815,1150,1483
4763.894100602982,4763.769100602982,4764.019100602982,799,2164,1482
4766.982969685414,4766.857969685414,4767.107969685414,1825,1560,1693
4760.931544594384,4760.806544594384,4761.056544594384,1061,1874,1468
4764.189176221671,4764.064176221671,4764.314176221671,1768,1059,1414
4760.057374800773,4759.807374800773,4760.307374800773,1784,847,1316
4751.409376128965,4751.284376128965,4751.534376128965,1913,1386,1650
4749.273605681097,4749.023605681097,4749.523605681097,827,1498,1163
4756.410223094018,4756.285223094018,4756.535223094018,1055,2744,1900
4753.701254693748,4753.576254693748,4753.826254693748,2153,1804,1979
4744.320694844392,4744.195694844392,4744.445694844392,690,1327,1009
4747.682523989454,4747.557523989454,4747.807523989454,1211,432,822
4744.915483707684,4744.665483707684,4745.165483707684,2565,1132,1849
4745.6764640179035,4745.4264640179035,4745.9264640179035,1943,2044,1994
4749.081995148587,4748.831995148587,4749.331995148587,453,1158,806
4752.449694903032,4752.074694903032,4752.824694903032,929,1784,1357
4757.75497668025,4757.62997668025,4757.87997668025,1511,1562,1537
4753.651642456552,4753.401642456552,4753.901642456552,1160,2263,1712
4753.459667239892,4753.084667239892,4753.834667239892,1359,1136,1248
4751.216815102367,4751.091815102367,4751.341815102367,1375,1264,1320
4749.146174519861,4749.021174519861,4749.271174519861,771,1308,1040
4753.104742806571,4752.854742806571,4753.354742806571,898,1817,1358
4745.823061748508,4745.573061748508,4746.073061748508,688,1897,1293
4746.500707730066,4746.250707730066,4746.750707730066,863,1332,1098
4739.56874973301,4739.31874973301,4739.81874973301,1259,1198,1229
4737.033160656573,4736.908160656573,4737.158160656573,1444,689,1067
4737.2945431061635,4737.0445431061635,4737.5445431061635,1365,902,1134
4734.910092659312,4734.785092659312,4735.035092659312,1811,756,1284
4733.9572792423105,4733.5822792423105,4734.3322792423105,2597,1204,1901
4741.817781914437,4741.692781914437,4741.942781914437,1391,652,1022
4740.125769069573,4740.000769069573,4740.250769069573,1596,901,1249
4744.51548333872,4744.26548333872,4744.76548333872,563,1414,989
4740.681543282673,4740.431543282673,4740.931543282673,1039,634,837
4742.745791339728,4742.620791339728,4742.870791339728,1355,952,1154
4742.113203594454,4741.988203594454,4742.238203594454,2050,927,1489
4738.027398914519,4737.902398914519,4738.152398914519,2051,1850,1951
4737.5247902571045,4737.1497902571045,4737.8997902571045,726,973,850
4738.786999635775,4738.411999635775,4739.161999635775,1276,1303,1290
4747.027736853826,4746.902736853826,4747.152736853826,863,1536,1200
4743.752085589857,4743.502085589857,4744.002085589857,828,1445,1137
4742.857845828034,4742.732845828034,4742.982845828034,530,1349,940
4739.503542190262,4739.253542190262,4739.753542190262,963,1184,1074
4740.914558281032,4740.539558281032,4741.289558281032,1518,937,1228
4739.92066376316,4739.79566376316,4740.04566376316,1419,1212,1316
4741.843894985072,4741.718894985072,4741.968894985072,1563,2192,1878
4739.119825699159,4738.994825699159,4739.244825699159,1614,2333,1974
4740.230794972872,4740.105794972872,4740.355794972872,815,792,804
4735.659278947893,4735.534278947893,4735.784278947893,1215,2762,1989
4736.309927511923,4736.059927511923,4736.559927511923,970,921,946
4730.744387502417,4730.494387502417,4730.994387502417,1202,2535,1869
4730.046284590407,4729.671284590407,4730.421284590407,1745,684,1215
4730.242683804843,4729.992683804843,4730.492683804843,1420,1213,1317
4734.566907624761,4734.316907624761,4734.816907624761,948,849,899
4739.949177600485,4739.699177600485,4740.199177600485,1936,1147,1542
4744.465210349648,4744.340210349648,4744.590210349648,1331,1476,1404
4739.244921925496,4738.869921925496,4739.619921925496,881,832,857
4740.307630221411,4740.182630221411,4740.432630221411,1515,810,1163
4741.590591126831,4741.465591126831,4741.715591126831,1818,2009,1914
4739.939709902113,4739.689709902113,4740.189709902113,2075,898,1487
4738.072903415371,4737.947903415371,4738.197903415371,759,1842,1301
4740.04572251931,4739.79572251931,4740.29572251931,1510,1625,1568
4737.292057867985,4737.167057867985,4737.417057867985,963,1316,1140
4735.713461544317,4735.588461544317,4735.838461544317,810,1613,1212
4731.878375429487,4731.753375429487,4732.003375429487,934,1515,1225
4730.5406580727595,4730.4156580727595,4730.6656580727595,1638,1577,1608
4731.763263831238,4731.638263831238,4731.888263831238,720,1559,1140
4734.63981315257,4734.51481315257,4734.76481315257,1006,1075,1041
4734.765444884205,4734.515444884205,4735.015444884205,791,2108,1450
4737.792206844181,4737.667206844181,4737.917206844181,984,1201,1093
4735.9648890535145,4735.7148890535145,4736.2148890535145,770,1375,1073
4730.091557814509,4729.966557814509,4730.216557814509,1564,1683,1624
4723.420278907393,4723.295278907393,4723.545278907393,735,1194,965
4720.110779291033,4719.985779291033,4720.235779291033,1895,1526,1711
4715.309416391666,4715.059416391666,4715.559416391666,2378,1519,1949
4709.666725425316,4709.541725425316,4709.791725425316,1097,2790,1944
4708.952826143143,4708.827826143143,4709.077826143143,1653,2106,1880
4710.40198253298,4710.27698253298,4710.52698253298,1264,1677,1471
4709.160933766323,4709.035933766323,4709.285933766323,861,1424,1143
4709.758123582517,4709.633123582517,4709.883123582517,1939,1232,1586
4710.3819070089285,4710.1319070089285,4710.6319070089285,831,1658,1245
4709.3075737494755,4709.1825737494755,4709.4325737494755,1225,1738,1482
4708.527583736737,4708.402583736737,4708.652583736737,1201,2634,1918
4705.874589988771,4705.624589988771,4706.124589988771,862,1681,1272
4704.602048332672,4704.227048332672,4704.977048332672,2398,1583,1991
4703.576478684949,4703.451478684949,4703.701478684949,1867,1660,1764
4706.851912576787,4706.726912576787,4706.976912576787,881,2068,1475
4705.824411695645,4705.699411695645,4705.949411695645,1485,564,1025
4707.803145392844,4707.553145392844,4708.053145392844,1248,551,900
4711.222207439438,4711.097207439438,4711.347207439438,2318,793,1556
4711.13390404316,4711.00890404316,4711.25890404316,1352,551,952
4713.28433755009,4713.15933755009,4713.40933755009,1561,1144,1353
4715.381074181051,4715.256074181051,4715.506074181051,1196,1897,1547
4716.439569238459,4716.314569238459,4716.564569238459,1554,535,1045
4717.000019649904,4716.625019649904,4717.375019649904,1058,929,994
4714.608759818613,4714.483759818613,4714.733759818613,1374,489,932
4712.247298858243,4711.997298858243,4712.497298858243,1385,1234,1310
4712.883939387185,4712.758939387185,4713.008939387185,1072,629,851
4709.118794512907,4708.993794512907,4709.243794512907,1153,496,825
4705.889629993202,4705.514629993202,4706.264629993202,1527,2440,1984
4703.160966235313,4703.035966235313,4703.285966235313,1950,917,1434
4698.815640935245,4698.690640935245,4698.940640935245,855,1456,1156
4707.775470151545,4707.525470151545,4708.025470151545,1178,1253,1216
4702.093218175214,4701.843218175214,4702.343218175214,1302,763,1033
4699.353861392872,4699.103861392872,4699.603861392872,1873,808,1341
4696.160319400444,4695.910319400444,4696.410319400444,1203,2376,1790
4700.175132386836,4700.050132386836,4700.300132386836,2537,1248,1893
4697.008902195497,4696.758902195497,4697.258902195497,958,2075,1517
4699.507945286063,4699.382945286063,4699.632945286063,1461,2278,1870
4694.923581796079,4694.548581796079,4695.298581796079,1580,2013,1797
4691.272837630176,4691.147837630176,4691.397837630176,1546,673,1110
4693.651437669055,4693.526437669055,4693.776437669055,1238,949,1094
4688.636253774739,4688.261253774739,4689.011253774739,1427,856,1142
4691.228585203561,4691.103585203561,4691.353585203561,1918,1501,1710
4689.289718544789,4689.164718544789,4689.414718544789,1358,1099,1229
4688.347366752246,4688.222366752246,4688.472366752246,2011,1194,1603
4688.255659587244,4688.130659587244,4688.380659587244,1884,1355,1620
4683.90592743616,4683.78092743616,4684.03092743616,1269,810,1040
4677.849040470281,4677.724040470281,4677.974040470281,743,1458,1101
4675.207662004244,4675.082662004244,4675.332662004244,1341,1224,1283
4671.671566778619,4671.546566778619,4671.796566778619,1303,1454,1379
4675.036483482905,4674.911483482905,4675.161483482905,1728,687,1208
4676.077822651335,4675.702822651335,4676.452822651335,1123,1910,1517
4670.017867646877,4669.892867646877,4670.142867646877,1923,1942,1933
4665.549520392901,4665.299520392901,4665.799520392901,915,1216,1066
4666.332396076568,4666.207396076568,4666.457396076568,1413,880,1147
4664.96274348462,4664.83774348462,4665.08774348462,1088,861,975
4667.241821491479,4667.116821491479,4667.366821491479,1134,1165,1150
4669.871885714759,4669.621885714759,4670.121885714759,1416,1139,1278
4671.776102773334,4671.526102773334,4672.026102773334,1606,2007,1807
4672.025855382405,4671.900855382405,4672.150855382405,1106,1731,1419
4675.918581669246,4675.793581669246,4676.043581669246,2625,1006,1816
4677.708405336206,4677.583405336206,4677.833405336206,881,774,828
4683.452439265979,4683.327439265979,4683.577439265979,1818,1531,1675
4686.284160320878,4686.159160320878,4686.409160320878,2513,1292,1903
4681.78087751161,4681.53087751161,4682.03087751161,1000,995,998
4686.41107036766,4686.28607036766,4686.53607036766,941,1092,1017
4680.39187449004,4680.26687449004,4680.51687449004,1625,1560,1593
4680.316309587837,4680.066309587837,4680.566309587837,2447,1054,1751
4680.764168545907,4680.639168545907,4680.889168545907,475,1360,918
4683.284593111765,4683.159593111765,4683.409593111765,1270,2313,1792
4683.056896494679,4682.806896494679,4683.306896494679,872,2147,1510
4684.429245744189,4684.179245744189,4684.679245744189,1374,587,981
4683.3205935880005,4683.0705935880005,4683.5705935880005,2524,1385,1955
4686.51573299895,4686.14073299895,4686.89073299895,1433,1540,1487
4691.2551437506545,4691.1301437506545,4691.3801437506545,1156,2089,1623
4691.791853611077,4691.541853611077,4692.041853611077,1822,1787,1805
4695.207141853807,4695.082141853807,4695.332141853807,1098,705,902
4696.25799747847,4696.13299747847,4696.38299747847,667,1078,873
4697.225611057929,4697.100611057929,4697.350611057929,1275,936,1106
4696.917497316044,4696.792497316044,4697.042497316044,683,1050,867
4699.00075275782,4698.87575275782,4699.12575275782,1468,2211,1840
4699.622326951969,4699.497326951969,4699.747326951969,1649,1692,1671
4704.716545196591,4704.591545196591,4704.841545196591,2273,1544,1909
4700.184018509258,4699.934018509258,4700.434018509258,1246,2403,1825
4697.710543265797,4697.585543265797,4697.835543265797,1385,788,1087
4693.438410354283,4693.188410354283,4693.688410354283,757,1096,927
4686.723534753145,4686.598534753145,4686.848534753145,842,1717,1280
4687.42257663524,4687.29757663524,4687.54757663524,1417,1732,1575
4688.017729455659,4687.892729455659,4688.142729455659,798,1373,1086
4689.827525559236,4689.577525559236,4690.077525559236,1465,710,1088
4688.029304998664,4687.904304998664,4688.154304998664,2735,914,1825
4681.053140987642,4680.928140987642,4681.178140987642,1292,2517,1905
4680.484065632585,4680.359065632585,4680.609065632585,1896,1331,1614
4682.115506001542,4681.990506001542,4682.240506001542,1237,2412,1825
4685.552979180456,4685.427979180456,4685.677979180456,1086,1489,1288
4685.126669234607,4685.001669234607,4685.251669234607,2386,1411,1899
4681.810043956772,4681.560043956772,4682.060043956772,1340,2621,1981
4679.437615938561,4679.312615938561,4679.562615938561,1020,1463,1242
4686.694291348955,4686.569291348955,4686.819291348955,1439,552,996
4690.895553283309,4690.770553283309,4691.020553283309,1634,2185,1910
4694.206511909211,4694.081511909211,4694.331511909211,1413,2436,1925
4695.9404877132265,4695.8154877132265,4696.0654877132265,950,1691,1321
4696.215685260468,4696.090685260468,4696.340685260468,665,1544,1105
4698.950165577232,4698.825165577232,4699.075165577232,950,1363,1157
4698.706457727164,4698.456457727164,4698.956457727164,1239,920,1080
4700.12979943263,4700.00479943263,4700.25479943263,1296,1583,1440
4701.5570482706935,4701.1820482706935,4701.9320482706935,936,2035,1486
4702.265629632425,4702.140629632425,4702.390629632425,764,1713,1239
4703.15253877553,4702.90253877553,4703.40253877553,1375,1144,1260
4705.221503342397,4704.971503342397,4705.471503342397,1847,1286,1567
4704.541454369265,4704.416454369265,4704.666454369265,979,2656,1818
4704.485738550688,4704.110738550688,4704.860738550688,1508,1003,1256
4704.278581080613,4704.028581080613,4704.528581080613,662,1023,843
4704.404171834816,4704.279171834816,4704.529171834816,1378,1141,1260
4702.378674142323,4702.128674142323,4702.628674142323,1427,2186,1807
4701.678426004177,4701.553426004177,4701.803426004177,1531,1418,1475
4700.551152859512,4700.426152859512,4700.676152859512,1404,2425,1915
4701.851382140348,4701.726382140348,4701.976382140348,1431,924,1178
4701.344162717293,4701.094162717293,4701.594162717293,775,1054,915
4698.762542948784,4698.637542948784,4698.887542948784,1261,2590,1926
4696.53691865644,4696.41191865644,4696.66191865644,459,1248,854
4697.280666930255,4697.155666930255,4697.405666930255,690,1815,1253
4696.339339528491,4696.089339528491,4696.589339528491,791,1370,1081
4696.814537358567,4696.564537358567,4697.064537358567,779,824,802
4697.61369556683,4697.48869556683,4697.73869556683,1209,2468,1839
4698.378381366679,4698.253381366679,4698.503381366679,1551,1758,1655
4699.649008884539,4699.274008884539,4700.024008884539,2435,1432,1934
4701.059009769221,4700.809009769221,4701.309009769221,766,1703,1235
4702.498492092587,4702.373492092587,4702.623492092587,1990,1569,1780
4702.716833411119,4702.591833411119,4702.841833411119,1212,793,1003
4704.188441485564,4703.938441485564,4704.438441485564,1450,1599,1525
4702.129000906522,4702.004000906522,4702.254000906522,1008,2961,1985
4703.292614172754,4703.167614172754,4703.417614172754,1328,807,1068
4703.028739064727,4702.903739064727,4703.153739064727,2353,1578,1966
4701.245837948291,4700.995837948291,4701.495837948291,2109,768,1439
4702.603656959324,4702.478656959324,4702.728656959324,817,2322,1570
4700.041151141642,4699.916151141642,4700.166151141642,809,2238,1524
4698.762171067846,4698.637171067846,4698.887171067846,1899,2056,1978
4697.88340759261,4697.75840759261,4698.00840759261,2102,1537,1820
4695.487554096049,4695.237554096049,4695.737554096049,963,1574,1269
4696.363659869158,4696.113659869158,4696.613659869158,1462,1865,1664
4698.398398197296,4698.273398197296,4698.523398197296,2504,1427,1966
4697.2075002730635,4697.0825002730635,4697.3325002730635,1384,1813,1599
4696.136292686078,4696.011292686078,4696.261292686078,1588,2175,1882
4696.468088950125,4696.343088950125,4696.593088950125,625,1022,824
4696.177814712327,4695.927814712327,4696.427814712327,923,1506,1215
4695.216838496369,4695.091838496369,4695.341838496369,1329,2654,1992
4697.180060374842,4697.055060374842,4697.305060374842,1983,1630,1807
4695.761188738482,4695.636188738482,4695.886188738482,1187,1514,1351
4696.332433160286,4696.082433160286,4696.582433160286,952,2367,1660
4694.275409120744,4694.025409120744,4694.525409120744,1223,1416,1320
4693.75676940794,4693.63176940794,4693.88176940794,2019,1614,1817
4694.083679634692,4693.708679634692,4694.458679634692,2052,1321,1687
4694.73036213444,4694.48036213444,4694.98036213444,810,2213,1512
4695.431919996486,4695.181919996486,4695.681919996486,2528,1161,1845
4694.466101086878,4694.216101086878,4694.716101086878,1198,1085,1142
4694.699855824324,4694.574855824324,4694.824855824324,928,1151,1040
4694.911660747579,4694.786660747579,4695.036660747579,1769,878,1324
4695.12234866619,4694.99734866619,4695.24734866619,992,1727,1360
4695.100640804893,4694.975640804893,4695.225640804893,2048,939,1494
4695.284281514999,4695.034281514999,4695.534281514999,1417,1042,1230
4695.213463100466,4695.088463100466,4695.338463100466,969,1388,1179
4694.4253608772815,4694.3003608772815,4694.5503608772815,1314,559,937
4695.226524466011,4694.851524466011,4695.601524466011,2088,1135,1612
4694.739479999374,4694.614479999374,4694.864479999374,853,936,895
4691.676911184134,4691.426911184134,4691.926911184134,1104,2569,1837
4693.272284119944,4693.147284119944,4693.397284119944,1015,936,976
4695.689731248453,4695.564731248453,4695.814731248453,991,656,824
4695.214754756806,4695.089754756806,4695.339754756806,805,2410,1608
4698.817319688041,4698.692319688041,4698.942319688041,1242,671,957
4698.080374429845,4697.705374429845,4698.455374429845,1224,697,961
4697.108197824233,4696.983197824233,4697.233197824233,674,1029,852
4698.302363852102,4698.177363852102,4698.427363852102,1420,2503,1962
4697.401379226576,4697.276379226576,4697.526379226576,1281,778,1030
4698.689235223057,4698.314235223057,4699.064235223057,647,1398,1023
4699.047896115797,4698.672896115797,4699.422896115797,1893,784,1339
4697.731179475031,4697.356179475031,4698.106179475031,624,1507,1066
4695.572854600282,4695.447854600282,4695.697854600282,1289,2288,1789
4696.552177794813,4696.427177794813,4696.677177794813,1451,2416,1934
4697.896551845888,4697.771551845888,4698.021551845888,2492,1095,1794
4699.34155894915,4699.21655894915,4699.46655894915,868,1479,1174
4701.083973673369,4700.958973673369,4701.208973673369,2402,1567,1985
4702.372522034275,4702.247522034275,4702.497522034275,1148,1463,1306
4701.06447075177,4700.93947075177,4701.18947075177,2182,955,1569
4700.99532696381,4700.74532696381,4701.24532696381,2274,1429,1852
4700.037898230079,4699.912898230079,4700.162898230079,585,1532,1059
4699.5646305347855,4699.4396305347855,4699.6896305347855,834,1205,1020
4700.821877344573,4700.696877344573,4700.946877344573,1342,1737,1540
4700.949282638567,4700.824282638567,4701.074282638567,1259,562,911
4704.005151397287,4703.880151397287,4704.130151397287,1647,1186,1417
4706.173408406615,4706.048408406615,4706.298408406615,781,1610,1196
4707.265541718052,4707.140541718052,4707.390541718052,1571,1238,1405
4708.3808511995,4708.0058511995,4708.7558511995,1624,545,1085
4707.49267150491,4707.36767150491,4707.61767150491,1695,1042,1369
4708.063276473068,4707.813276473068,4708.313276473068,791,1192,992
4707.548967420119,4707.173967420119,4707.923967420119,2647,1294,1971
4707.033139890563,4706.908139890563,4707.158139890563,1424,1607,1516
4707.209680633315,4706.834680633315,4707.584680633315,1075,634,855
4706.115666387205,4705.865666387205,4706.365666387205,1207,2528,1868
4704.753641496234,4704.628641496234,4704.878641496234,1177,2060,1619
4706.416277141493,4706.291277141493,4706.541277141493,1099,1052,1076
4706.281134417534,4706.031134417534,4706.531134417534,991,934,963
4704.616862708969,4704.491862708969,4704.741862708969,1498,613,1056
4707.482067213081,4707.232067213081,4707.732067213081,905,1506,1206
4707.806465669536,4707.681465669536,4707.931465669536,504,1325,915
4708.377785175793,4708.252785175793,4708.502785175793,1943,1862,1903
4708.714251561854,4708.589251561854,4708.839251561854,1305,1036,1171
4710.555481260986,4710.430481260986,4710.680481260986,1604,1831,1718
4709.221577593708,4709.096577593708,4709.346577593708,1266,1573,1420
4709.489887523501,4709.114887523501,4709.864887523501,699,2088,1394
4709.413635348153,4709.038635348153,4709.788635348153,2050,1225,1638
4709.0323864545635,4708.9073864545635,4709.1573864545635,924,2685,1805
4709.817859729549,4709.567859729549,4710.067859729549,2478,1309,1894
4709.8811385302015,4709.7561385302015,4710.0061385302015,1313,2308,1811
4707.8030961076975,4707.6780961076975,4707.9280961076975,2258,1029,1644
4707.272323537719,4707.022323537719,4707.522323537719,1378,1931,1655
4708.332958092872,4708.207958092872,4708.457958092872,656,1233,945
4711.1000551415045,4710.9750551415045,4711.2250551415045,2308,931,1620
4710.333009276978,4710.083009276978,4710.583009276978,541,1112,827
4711.112525688656,4710.987525688656,4711.237525688656,2224,763,1494
4711.740898037855,4711.615898037855,4711.865898037855,1314,499,907
4711.927817744002,4711.802817744002,4712.052817744002,1568,1053,1311
4712.381590675784,4712.006590675784,4712.756590675784,1067,650,859
4712.024101541672,4711.899101541672,4712.149101541672,554,1101,828
4711.265415142548,4711.140415142548,4711.390415142548,1280,1009,1145
4711.8342575024935,4711.5842575024935,4712.0842575024935,1285,2496,1891
4712.521219352547,4712.271219352547,4712.771219352547,1970,1157,1564
4711.074505958511,4710.949505958511,4711.199505958511,1159,1818,1489
4712.396666076725,4712.271666076725,4712.521666076725,1028,1317,1173
4710.755745534856,4710.630745534856,4710.880745534856,1490,1677,1584
4710.34486713815,4710.09486713815,4710.59486713815,1352,571,962
4710.438087796498,4710.313087796498,4710.563087796498,1530,2073,1802
4709.431185198756,4709.306185198756,4709.556185198756,1604,1153,1379
4709.058432833028,4708.933432833028,4709.183432833028,1342,647,995
4708.127711948713,4707.877711948713,4708.377711948713,1022,2129,1576
4706.603401642364,4706.478401642364,4706.728401642364,997,1094,1046
4707.421822639242,4707.171822639242,4707.671822639242,1138,1923,1531
4707.612347393304,4707.487347393304,4707.737347393304,1728,1473,1601
4709.534485513074,4709.409485513074,4709.659485513074,1026,1827,1427
4709.519769839725,4709.394769839725,4709.644769839725,1012,1143,1078
4711.1529616420585,4711.0279616420585,4711.2779616420585,1404,491,948
4711.858855860252,4711.608855860252,4712.108855860252,1106,1279,1193
4713.098181111296,4712.848181111296,4713.348181111296,1088,1645,1367
4712.505688812493,4712.380688812493,4712.630688812493,963,2394,1679
4710.559372139551,4710.434372139551,4710.684372139551,2091,1280,1686
4712.878296637421,4712.628296637421,4713.128296637421,1225,478,852
4713.468425500279,4713.343425500279,4713.593425500279,953,1540,1247
4713.252983833099,4713.127983833099,4713.377983833099,1323,2602,1963
4712.462445227531,4712.337445227531,4712.587445227531,735,1686,1211
4710.8473997188785,4710.7223997188785,4710.9723997188785,1461,1888,1675
4712.47612644436,4712.35112644436,4712.60112644436,488,1349,919
4712.543691413048,4712.418691413048,4712.668691413048,1754,1221,1488
4709.4031202166725,4709.1531202166725,4709.6531202166725,1508,689,1099
4711.203936179199,4711.078936179199,4711.328936179199,1163,1208,1186
4709.708911999679,4709.583911999679,4709.833911999679,2296,879,1588
4708.556453387902,4708.181453387902,4708.931453387902,2314,1297,1806
4707.8119714316435,4707.4369714316435,4708.1869714316435,1259,1170,1215
4709.34980363969,4709.22480363969,4709.47480363969,2502,1005,1754
4710.447501675902,4710.197501675902,4710.697501675902,1737,994,1366
4710.242315437764,4709.992315437764,4710.492315437764,1084,2467,1776
4711.9108702235435,4711.7858702235435,4712.0358702235435,2006,1287,1647
4713.835437834842,4713.710437834842,4713.960437834842,834,2233,1534
4713.430333003983,4713.305333003983,4713.555333003983,1225,2246,1736
4713.477227586978,4713.227227586978,4713.727227586978,1282,465,874
4714.917457449897,4714.792457449897,4715.042457449897,1078,1589,1334
4716.72986523619,4716.47986523619,4716.97986523619,1752,1597,1675
4716.926276969348,4716.676276969348,4717.176276969348,2916,1045,1981
4715.315461063954,4715.065461063954,4715.565461063954,1566,1373,1470
4719.240973731951,4719.115973731951,4719.365973731951,2168,1749,1959
4720.3814266270265,4720.2564266270265,4720.5064266270265,581,1272,927
4719.542072907726,4719.417072907726,4719.667072907726,1214,1883,1549
4718.84064288913,4718.46564288913,4719.21564288913,971,1352,1162
4718.497585125423,4718.247585125423,4718.747585125423,778,1901,1340
4719.164893732351,4719.039893732351,4719.289893732351,540,1473,1007
4717.9126292143155,4717.7876292143155,4718.0376292143155,882,1731,1307
4717.289581723647,4717.164581723647,4717.414581723647,713,998,856
4715.833361154861,4715.708361154861,4715.958361154861,1415,1028,1222
4713.832056398526,4713.582056398526,4714.082056398526,2316,819,1568
4713.266936630313,4712.891936630313,4713.641936630313,2446,1451,1949
4716.233234531437,4716.108234531437,4716.358234531437,732,1065,899
4716.958322645029,4716.708322645029,4717.208322645029,1891,1496,1694
4718.0285291134405,4717.9035291134405,4718.1535291134405,2437,846,1642
4718.683924451606,4718.558924451606,4718.808924451606,1265,1802,1534
4719.8793264314945,4719.7543264314945,4720.0043264314945,2738,967,1853
4720.502963593854,4720.377963593854,4720.627963593854,773,842,808
4721.3063056214805,4721.1813056214805,4721.4313056214805,738,1057,898
4721.039574639944,4720.914574639944,4721.164574639944,2046,1371,1709
4722.69597911626,4722.44597911626,4722.94597911626,1501,2332,1917
4718.922160610002,4718.797160610002,4719.047160610002,1209,2018,1614
4717.158351170777,4717.033351170777,4717.283351170777,652,1159,906
4717.2991896730855,4717.1741896730855,4717.4241896730855,1053,558,806
4717.320627999412,4717.195627999412,4717.445627999412,2328,1503,1916
4717.335940634209,4717.210940634209,4717.460940634209,2191,1400,1796
4716.189188498323,4715.814188498323,4716.564188498323,1324,2315,1820
4715.19655824865,4715.07155824865,4715.32155824865,1625,1876,1751
4713.862009711319,4713.612009711319,4714.112009711319,1174,2707,1941
4714.369472603812,4714.244472603812,4714.494472603812,2225,1346,1786
4716.9450058442035,4716.6950058442035,4717.1950058442035,971,982,977
4718.531006806252,4718.406006806252,4718.656006806252,2211,1286,1749
4718.294864742944,4718.169864742944,4718.419864742944,1673,584,1129
4716.964764399839,4716.839764399839,4717.089764399839,1892,707,1300
4720.48306514423,4720.35806514423,4720.60806514423,894,2489,1692
4721.975677726972,4721.850677726972,4722.100677726972,1040,1051,1046
4724.337429504895,4723.962429504895,4724.712429504895,1992,789,1391
4714.894951365237,4714.769951365237,4715.019951365237,2149,1058,1604
4716.434299163674,4716.309299163674,4716.559299163674,1745,824,1285
4722.454812929339,4722.204812929339,4722.704812929339,1577,1006,1292
4720.16028215888,4720.03528215888,4720.28528215888,2015,698,1357
4724.357826515099,4724.232826515099,4724.482826515099,1716,1853,1785
4721.533451941737,4721.283451941737,4721.783451941737,1079,608,844
4723.265348740209,4723.140348740209,4723.390348740209,1813,1370,1592
4723.462795538123,4723.337795538123,4723.587795538123,1225,712,969
4719.986236886999,4719.861236886999,4720.111236886999,2022,1011,1517
4724.369688529396,4724.244688529396,4724.494688529396,2250,1015,1633
4721.463135970778,4721.213135970778,4721.713135970778,1989,1822,1906
4712.795127065841,4712.545127065841,4713.045127065841,864,1051,958
4710.835298124232,4710.710298124232,4710.960298124232,1197,814,1006
4711.3563980528625,4710.9813980528625,4711.7313980528625,2342,855,1599
4719.947339427563,4719.822339427563,4720.072339427563,683,1528,1106
4714.194010867725,4713.944010867725,4714.444010867725,849,1074,962
4709.380824763298,4709.255824763298,4709.505824763298,697,1366,1032
4711.077247694639,4710.952247694639,4711.202247694639,576,1181,879
4702.8983651752,4702.7733651752,4703.0233651752,608,1619,1114
4705.136616923855,4704.886616923855,4705.386616923855,1413,694,1054
4705.978620010193,4705.728620010193,4706.228620010193,2661,982,1822
4703.348312506499,4703.098312506499,4703.598312506499,1411,1234,1323
4707.21426405347,4707.08926405347,4707.33926405347,667,1766,1217
4709.338146736144,4708.963146736144,4709.713146736144,1527,1446,1487
4714.206791150185,4714.081791150185,4714.331791150185,816,1345,1081
4718.071043130884,4717.946043130884,4718.196043130884,1106,1557,1332
4719.326343221968,4718.951343221968,4719.701343221968,1962,1005,1484
4725.784878426541,4725.659878426541,4725.909878426541,1916,1015,1466
4721.527141523746,4721.277141523746,4721.777141523746,694,991,843
4721.013985237386,4720.763985237386,4721.263985237386,1347,664,1006
4722.2777811733085,4722.1527811733085,4722.4027811733085,865,2548,1707
4716.331741760538,4716.206741760538,4716.456741760538,1477,1168,1323
4712.471312105073,4712.346312105073,4712.596312105073,991,2746,1869
4713.339586282526,4713.214586282526,4713.464586282526,1630,2203,1917
4720.179274248391,4719.929274248391,4720.429274248391,1779,1326,1553
4725.810125903157,4725.685125903157,4725.935125903157,1304,453,879
4724.3181342416765,4724.1931342416765,4724.4431342416765,1149,1982,1566
4723.1948081062355,4722.9448081062355,4723.4448081062355,2511,866,1689
4711.31229735021,4711.18729735021,4711.43729735021,660,985,823
4711.64409434105,4711.39409434105,4711.89409434105,484,1293,889
4712.219603514233,4712.094603514233,4712.344603514233,2276,1107,1692
4704.903695937982,4704.653695937982,4705.153695937982,864,2483,1674
4703.541236930783,4703.291236930783,4703.791236930783,895,1582,1239
4692.891815671303,4692.641815671303,4693.141815671303,1922,1917,1920
4695.449316260826,4695.324316260826,4695.574316260826,1181,636,909
4702.483595971846,4702.358595971846,4702.608595971846,1417,1702,1560
4708.233378625474,4708.108378625474,4708.358378625474,1440,1791,1616
4705.7272381760595,4705.4772381760595,4705.9772381760595,1931,1798,1865
4700.940304458467,4700.565304458467,4701.315304458467,943,1932,1438
4696.161310000464,4696.036310000464,4696.286310000464,1119,1296,1208
4691.810924367512,4691.685924367512,4691.935924367512,1994,1413,1704
4691.213415034481,4691.088415034481,4691.338415034481,1664,901,1283
4689.212221647795,4689.087221647795,4689.337221647795,757,1144,951
4690.62246812125,4690.37246812125,4690.87246812125,2008,947,1478
4690.619596477461,4690.494596477461,4690.744596477461,1101,2468,1785
4688.669422620947,4688.544422620947,4688.794422620947,1278,1449,1364
4679.438957640944,4679.313957640944,4679.563957640944,2261,1496,1879
4683.343459576288,4683.218459576288,4683.468459576288,940,2179,1560
4676.963541964246,4676.838541964246,4677.088541964246,1184,2161,1673
4678.69996895523,4678.44996895523,4678.94996895523,652,1689,1171
4681.824906334603,4681.574906334603,4682.074906334603,1077,808,943
4682.976414148502,4682.726414148502,4683.226414148502,1365,1600,1483
4677.314647642301,4677.189647642301,4677.439647642301,1064,1757,1411
4675.324379754846,4675.199379754846,4675.449379754846,1272,521,897
4673.694533369487,4673.319533369487,4674.069533369487,1196,667,932
4675.091163718016,4674.966163718016,4675.216163718016,1399,1668,1534
4669.179243578708,4668.929243578708,4669.429243578708,1172,1359,1266
4674.195608052621,4674.070608052621,4674.320608052621,1731,826,1279
4673.094981045295,4672.844981045295,4673.344981045295,1101,1204,1153
4671.795982340065,4671.670982340065,4671.920982340065,1408,961,1185
4673.411220724828,4673.286220724828,4673.536220724828,1758,707,1233
4679.372090999857,4679.247090999857,4679.497090999857,2757,1020,1889
4684.978221563306,4684.853221563306,4685.103221563306,1409,1132,1271
4685.767848786812,4685.517848786812,4686.017848786812,1972,1741,1857
4685.379069641004,4685.129069641004,4685.629069641004,820,2099,1460
4693.791211457837,4693.666211457837,4693.916211457837,2157,1464,1811
4701.237541945068,4701.112541945068,4701.362541945068,809,1708,1259
4697.28574868169,4697.03574868169,4697.53574868169,2615,1256,1936
4694.686689734206,4694.436689734206,4694.936689734206,1166,815,991
4704.181642081895,4704.056642081895,4704.306642081895,1937,1360,1649
4696.944221124821,4696.569221124821,4697.319221124821,1581,620,1101
4698.6737030933555,4698.2987030933555,4699.0487030933555,542,1501,1022
4695.090902795491,4694.840902795491,4695.340902795491,2034,989,1512
4700.056976862937,4699.931976862937,4700.181976862937,2841,1146,1994
4707.249159753689,4706.999159753689,4707.499159753689,856,2047,1452
4712.360147003043,4712.110147003043,4712.610147003043,835,1072,954
4705.828618350917,4705.703618350917,4705.953618350917,2888,985,1937
4707.543806162821,4707.168806162821,4707.918806162821,1887,1380,1634
4714.62583435338,4714.37583435338,4714.87583435338,946,1641,1294
4720.083137457049,4719.833137457049,4720.333137457049,578,1093,836
4721.610581753488,4721.360581753488,4721.860581753488,2081,1680,1881
4726.2543109813305,4726.1293109813305,4726.3793109813305,1724,1051,1388
4718.138609231474,4717.763609231474,4718.513609231474,667,1754,1211
4712.8427000894935,4712.7177000894935,4712.9677000894935,650,1685,1168
4713.838021561137,4713.713021561137,4713.963021561137,2090,1825,1958
4708.676636878423,4708.426636878423,4708.926636878423,552,1651,1102
4707.054224556807,4706.679224556807,4707.429224556807,2304,913,1609
4706.764958621872,4706.514958621872,4707.014958621872,1369,1618,1494
4703.160599697654,4703.035599697654,4703.285599697654,890,779,835
4701.789728334475,4701.664728334475,4701.914728334475,793,1378,1086
4706.243180019299,4706.118180019299,4706.368180019299,751,2042,1397
4707.930076490864,4707.805076490864,4708.055076490864,2241,758,1500
4712.971595552024,4712.846595552024,4713.096595552024,2160,975,1568
4719.922832139295,4719.547832139295,4720.297832139295,2026,1173,1600
4716.1501468404085,4716.0251468404085,4716.2751468404085,1754,1081,1418
4712.878907942128,4712.628907942128,4713.128907942128,1174,2163,1669
4712.2315024274085,4712.1065024274085,4712.3565024274085,1669,1856,1763
4717.053078997379,4716.928078997379,4717.178078997379,1463,1844,1654
4719.042149326284,4718.792149326284,4719.292149326284,1778,1707,1743
4719.080649581583,4718.955649581583,4719.205649581583,1300,1931,1616
4724.410704240842,4724.160704240842,4724.660704240842,1907,1984,1946
4717.063394987508,4716.938394987508,4717.188394987508,1089,2318,1704
4719.07522293152,4718.95022293152,4719.20022293152,1029,1884,1457
4718.641899574525,4718.516899574525,4718.766899574525,862,1375,1119
4728.738059713376,4728.363059713376,4729.113059713376,2285,1664,1975
4731.6558685029595,4731.4058685029595,4731.9058685029595,1464,1833,1649
4732.867373073412,4732.742373073412,4732.992373073412,1602,1903,1753
4728.7650931083235,4728.5150931083235,4729.0150931083235,1845,1624,1735
4725.03166642483,4724.90666642483,4725.15666642483,731,1678,1205
4725.421376889591,4725.171376889591,4725.671376889591,1069,2230,1650
4725.823769431851,4725.698769431851,4725.948769431851,531,1086,809
4728.058002732392,4727.683002732392,4728.433002732392,2123,924,1524
4727.970914916614,4727.595914916614,4728.345914916614,1040,2323,1682
4727.365730175771,4727.115730175771,4727.615730175771,698,1567,1133
4725.978189345987,4725.728189345987,4726.228189345987,820,1953,1387
4724.787024109386,4724.662024109386,4724.912024109386,2244,1109,1677
4720.073099344759,4719.823099344759,4720.323099344759,1694,607,1151
4723.039802742436,4722.914802742436,4723.164802742436,2070,831,1451
4720.264412108299,4720.139412108299,4720.389412108299,972,2525,1749
4718.020860491018,4717.895860491018,4718.145860491018,1237,528,883
4706.732236049093,4706.607236049093,4706.857236049093,1809,1590,1700
4707.478309061867,4707.228309061867,4707.728309061867,1036,1675,1356
4699.498556218641,4699.248556218641,4699.748556218641,1187,1990,1589
4689.434606641112,4689.309606641112,4689.559606641112,522,1393,958
4687.143277623618,4686.768277623618,4687.518277623618,1861,1122,1492
4687.8049444105345,4687.4299444105345,4688.1799444105345,1210,549,880
4683.824187699617,4683.574187699617,4684.074187699617,2072,1803,1938
4684.872645323417,4684.747645323417,4684.997645323417,1310,1853,1582
4684.670811791162,4684.420811791162,4684.920811791162,929,1434,1182
4682.6979026811305,4682.5729026811305,4682.8229026811305,1273,880,1077
4677.448433286693,4677.323433286693,4677.573433286693,2349,1628,1989
4675.020297854342,4674.770297854342,4675.270297854342,439,1168,804
4670.3521186356165,4670.2271186356165,4670.4771186356165,1482,2065,1774
4668.620927951707,4668.495927951707,4668.745927951707,1655,1726,1691
4671.464801590268,4671.339801590268,4671.589801590268,1685,1360,1523
4675.869830469214,4675.744830469214,4675.994830469214,439,1162,801
4669.556785669022,4669.306785669022,4669.806785669022,2506,1237,1872
4673.484297331552,4673.359297331552,4673.609297331552,2010,957,1484
4673.992529662159,4673.617529662159,4674.367529662159,1174,951,1063
4679.490929937357,4679.365929937357,4679.615929937357,967,2632,1800
4682.046219330641,4681.796219330641,4682.296219330641,1142,1733,1438
4679.6452027433525,4679.3952027433525,4679.8952027433525,691,1242,967
4676.81438232548,4676.68938232548,4676.93938232548,1772,1421,1597
4672.814653071051,4672.689653071051,4672.939653071051,2074,855,1465
4672.823860524881,4672.698860524881,4672.948860524881,563,1354,959
4671.620787207987,4671.245787207987,4671.995787207987,577,1326,952
4672.425545438686,4672.300545438686,4672.550545438686,1740,1245,1493
4673.721612567781,4673.596612567781,4673.846612567781,1843,2094,1969
4667.856933430144,4667.606933430144,4668.106933430144,1099,2126,1613
4668.457221711618,4668.207221711618,4668.707221711618,868,1637,1253
4667.466422146393,4667.341422146393,4667.591422146393,1193,960,1077
4663.938541828088,4663.813541828088,4664.063541828088,1543,1958,1751
4655.359426311088,4655.234426311088,4655.484426311088,1129,1176,1153
4664.09002867689,4663.96502867689,4664.21502867689,872,799,836
4667.3181072737225,4666.9431072737225,4667.6931072737225,1226,2713,1970
4666.922579700165,4666.797579700165,4667.047579700165,1027,2012,1520
4663.354181545486,4663.229181545486,4663.479181545486,1981,912,1447
4666.09301687399,4665.84301687399,4666.34301687399,1112,2555,1834
4662.743897556599,4662.368897556599,4663.118897556599,1619,2190,1905
4662.7261690810965,4662.4761690810965,4662.9761690810965,974,1447,1211
4663.477900694365,4663.352900694365,4663.602900694365,1283,1074,1179
4669.550605211168,4669.425605211168,4669.675605211168,2282,1677,1980
4678.020346459748,4677.770346459748,4678.270346459748,1196,2073,1635
4685.08160896319,4684.95660896319,4685.20660896319,1416,1293,1355
4685.104058763119,4684.979058763119,4685.229058763119,1452,2021,1737
4691.031683076027,4690.656683076027,4691.406683076027,1068,1135,1102
4687.332372069495,4687.082372069495,4687.582372069495,959,1492,1226
4688.14694266412,4688.02194266412,4688.27194266412,788,1517,1153
4689.751010224376,4689.501010224376,4690.001010224376,1553,1590,1572
4685.828115901277,4685.703115901277,4685.953115901277,1427,836,1132
4679.043438300175,4678.918438300175,4679.168438300175,1345,1120,1233
4671.5644181632615,4671.4394181632615,4671.6894181632615,1556,1201,1379
4676.346463760313,4676.096463760313,4676.596463760313,774,1531,1153
4671.981322548937,4671.856322548937,4672.106322548937,1121,1882,1502
4674.628417332722,4674.253417332722,4675.003417332722,1423,482,953
4669.739621285799,4669.614621285799,4669.864621285799,1950,655,1303
4669.363013882608,4669.238013882608,4669.488013882608,643,1474,1059
4666.155417774607,4666.030417774607,4666.280417774607,785,2240,1513
4665.508564687623,4665.258564687623,4665.758564687623,1481,714,1098
4660.076896436685,4659.951896436685,4660.201896436685,2461,1260,1861
4660.809575420839,4660.684575420839,4660.934575420839,968,1879,1424
4658.912476851642,4658.787476851642,4659.037476851642,917,1196,1057
4646.196910380151,4645.821910380151,4646.571910380151,2235,1602,1919
4653.17431474521,4653.04931474521,4653.29931474521,2312,1163,1738
4657.342839111493,4657.217839111493,4657.467839111493,1198,2149,1674
4657.285539325983,4657.160539325983,4657.410539325983,1382,883,1133
4660.029364149785,4659.904364149785,4660.154364149785,1101,838,970
