close,bid,ask,bid_volume,ask_volume,volume
4500.739343478201,4500.614343478201,4500.864343478201,1667,794,1231
4498.9476024117575,4498.8226024117575,4499.0726024117575,1449,652,1051
4499.792550527137,4499.667550527137,4499.917550527137,1530,2341,1936
4497.436096569164,4497.311096569164,4497.561096569164,813,1638,1226
4496.881069583373,4496.756069583373,4497.006069583373,1148,1381,1265
4496.680641975449,4496.555641975449,4496.805641975449,1570,807,1189
4494.089172021326,4493.714172021326,4494.464172021326,1127,958,1043
4491.814560811376,4491.564560811376,4492.064560811376,1349,2544,1947
4492.838973422386,4492.713973422386,4492.963973422386,1304,1807,1556
4493.7559839755895,4493.5059839755895,4494.0059839755895,1402,2341,1872
4497.272890875812,4497.022890875812,4497.522890875812,979,1738,1359
4495.612450180218,4495.487450180218,4495.737450180218,998,1927,1463
4494.637483065738,4494.387483065738,4494.887483065738,1290,1313,1302
4496.304899386866,4495.929899386866,4496.679899386866,1470,1061,1266
4498.851844634677,4498.726844634677,4498.976844634677,1187,646,917
4498.104919512152,4497.979919512152,4498.229919512152,2343,1054,1699
4497.949063605706,4497.824063605706,4498.074063605706,1141,2452,1797
4497.847407452453,4497.722407452453,4497.972407452453,841,2212,1527
4498.959915329654,4498.834915329654,4499.084915329654,1455,494,975
4499.516478010486,4499.266478010486,4499.766478010486,1491,1564,1528
4496.4495265002,4496.3245265002,4496.5745265002,1431,2098,1765
4493.093678956947,4492.718678956947,4493.468678956947,1274,2677,1976
4494.292289445335,4494.167289445335,4494.417289445335,743,1236,990
4495.694642555569,4495.319642555569,4496.069642555569,950,1179,1065
4494.347458684447,4494.222458684447,4494.472458684447,1063,886,975
4495.809936059541,4495.559936059541,4496.059936059541,1206,1303,1255
4493.991539112508,4493.741539112508,4494.241539112508,2301,1666,1984
4495.642639257038,4495.392639257038,4495.892639257038,1100,745,923
4494.6776998692485,4494.5526998692485,4494.8026998692485,1148,2045,1597
4497.814152231702,4497.564152231702,4498.064152231702,1015,1748,1382
4498.686221851724,4498.561221851724,4498.811221851724,838,1339,1089
4499.148089819886,4498.898089819886,4499.398089819886,690,1043,867
4498.676210558022,4498.551210558022,4498.801210558022,506,1457,982
4495.67657463724,4495.55157463724,4495.80157463724,2698,933,1816
4496.999922049169,4496.749922049169,4497.249922049169,1244,1817,1531
4500.177494943911,4500.052494943911,4500.302494943911,1045,1058,1052
4500.729542244748,4500.604542244748,4500.854542244748,841,1794,1318
4502.22308667087,4502.09808667087,4502.34808667087,1551,546,1049
4501.050225180143,4500.800225180143,4501.300225180143,1927,794,1361
4505.4025486062865,4505.0275486062865,4505.7775486062865,947,952,950
4503.857706192947,4503.607706192947,4504.107706192947,1418,1665,1542
4506.034638598626,4505.909638598626,4506.159638598626,1901,1290,1596
4507.506277645291,4507.381277645291,4507.631277645291,1597,2350,1974
4509.718465705387,4509.468465705387,4509.968465705387,1505,1670,1588
4509.563629278752,4509.313629278752,4509.813629278752,719,1188,954
4508.275693915466,4508.150693915466,4508.400693915466,2709,908,1809
4511.41835083873,4511.29335083873,4511.54335083873,708,2025,1367
4510.656590342707,4510.406590342707,4510.906590342707,564,1485,1025
4508.1519870143175,4508.0269870143175,4508.2769870143175,2019,1928,1974
4509.328774505734,4509.078774505734,4509.578774505734,1024,783,904
4511.284433741611,4511.034433741611,4511.534433741611,1818,1629,1724
4509.104002741364,4508.979002741364,4509.229002741364,1094,1413,1254
4510.4407858920995,4510.3157858920995,4510.5657858920995,2864,995,1930
4506.747033414835,4506.497033414835,4506.997033414835,1845,1660,1753
4508.6790248184125,4508.4290248184125,4508.9290248184125,1509,1712,1611
4507.150127690599,4506.900127690599,4507.400127690599,1112,2555,1834
4505.663814919546,4505.413814919546,4505.913814919546,1209,1556,1383
4504.404959254241,4504.279959254241,4504.529959254241,828,1693,1261
4503.899832474033,4503.774832474033,4504.024832474033,1531,1690,1611
4505.9953312382895,4505.7453312382895,4506.2453312382895,1899,1548,1724
4505.0854033238475,4504.8354033238475,4505.3354033238475,1300,2271,1786
4504.433071213398,4504.308071213398,4504.558071213398,1201,602,902
4503.413141771888,4503.288141771888,4503.538141771888,1095,882,989
4507.042526977186,4506.667526977186,4507.417526977186,1094,911,1003
4509.439025103289,4509.314025103289,4509.564025103289,1221,2262,1742
4508.485332435519,4508.235332435519,4508.735332435519,1602,1273,1438
4509.657585337798,4509.532585337798,4509.782585337798,994,2147,1571
4507.069731649862,4506.944731649862,4507.194731649862,1770,713,1242
4507.904525447999,4507.779525447999,4508.029525447999,1337,2226,1782
4506.564116376608,4506.439116376608,4506.689116376608,1236,783,1010
4506.419360800535,4506.169360800535,4506.669360800535,1813,1102,1458
4504.203730064644,4503.828730064644,4504.578730064644,958,979,969
4500.994339206542,4500.744339206542,4501.244339206542,1292,703,998
4500.169972295155,4500.044972295155,4500.294972295155,1920,859,1390
4499.002550937815,4498.752550937815,4499.252550937815,1654,1227,1441
4497.538148593182,4497.288148593182,4497.788148593182,1411,876,1144
4498.1254871584215,4498.0004871584215,4498.2504871584215,1410,987,1199
4495.090195444291,4494.965195444291,4495.215195444291,811,1476,1144
4496.876115463017,4496.751115463017,4497.001115463017,1245,766,1006
4495.990672954342,4495.865672954342,4496.115672954342,1313,590,952
4492.475897619762,4492.225897619762,4492.725897619762,1302,479,891
4494.961532201734,4494.711532201734,4495.211532201734,1518,2187,1853
4494.366372471639,4494.241372471639,4494.491372471639,1344,983,1164
4494.725727603278,4494.600727603278,4494.850727603278,1595,766,1181
4493.019306837672,4492.894306837672,4493.144306837672,1401,1296,1349
4496.135234802513,4495.760234802513,4496.510234802513,1239,1470,1355
4496.393645465482,4496.018645465482,4496.768645465482,2387,872,1630
4494.245367379973,4494.120367379973,4494.370367379973,1287,1766,1527
4491.067919685727,4490.817919685727,4491.317919685727,1182,2013,1598
4487.525772663446,4487.400772663446,4487.650772663446,837,1858,1348
4491.556923858572,4491.431923858572,4491.681923858572,1267,2038,1653
4486.340815677522,4486.090815677522,4486.590815677522,1235,1848,1542
4484.712405548299,4484.587405548299,4484.837405548299,653,1478,1066
4483.772285395317,4483.647285395317,4483.897285395317,806,1897,1352
4485.893465153973,4485.768465153973,4486.018465153973,2329,1134,1732
4485.544798935981,4485.294798935981,4485.794798935981,1965,824,1395
4483.292768001647,4483.167768001647,4483.417768001647,1069,1258,1164
4488.446577944836,4488.321577944836,4488.571577944836,555,1258,907
4486.208382957098,4485.958382957098,4486.458382957098,576,1369,973
4485.80112842266,4485.67612842266,4485.92612842266,1240,1035,1138
4484.925570493321,4484.675570493321,4485.175570493321,1440,2241,1841
4482.27973793202,4482.02973793202,4482.52973793202,2503,1006,1755
4482.440174876332,4482.190174876332,4482.690174876332,679,1498,1089
4484.815420023692,4484.690420023692,4484.940420023692,775,1986,1381
4489.374777978949,4489.249777978949,4489.499777978949,2061,854,1458
4490.383735579326,4490.258735579326,4490.508735579326,2193,1684,1939
4494.460187577255,4494.335187577255,4494.585187577255,685,1384,1035
4494.246780812154,4494.121780812154,4494.371780812154,1444,2471,1958
4496.451517069882,4496.326517069882,4496.576517069882,1381,572,977
4493.965559486179,4493.590559486179,4494.340559486179,2304,1153,1729
4496.0467160890885,4495.7967160890885,4496.2967160890885,2253,1120,1687
4495.139152774966,4495.014152774966,4495.264152774966,821,914,868
4494.830857083576,4494.705857083576,4494.955857083576,1883,1792,1838
4492.484615504391,4492.359615504391,4492.609615504391,1515,526,1021
4491.38839765688,4491.13839765688,4491.63839765688,2169,900,1535
4493.543962081929,4493.418962081929,4493.668962081929,746,1537,1142
4493.004163996049,4492.629163996049,4493.379163996049,811,2352,1582
4489.278101717155,4489.153101717155,4489.403101717155,803,1150,977
4489.444099953821,4489.319099953821,4489.569099953821,1606,2351,1979
4489.026966782425,4488.901966782425,4489.151966782425,1263,1586,1425
4494.406618383814,4494.281618383814,4494.531618383814,1717,890,1304
4497.635238506161,4497.385238506161,4497.885238506161,1167,1310,1239
4502.2437035424355,4502.1187035424355,4502.3687035424355,1322,1729,1526
4500.6426529465,4500.5176529465,4500.7676529465,1218,805,1012
4499.493689562642,4499.118689562642,4499.868689562642,1157,662,910
4501.045962188523,4500.920962188523,4501.170962188523,1594,541,1068
4500.737052049218,4500.487052049218,4500.987052049218,1433,1722,1578
4500.230905396457,4500.105905396457,4500.355905396457,975,1092,1034
4501.90938033089,4501.65938033089,4502.15938033089,2820,1169,1995
4502.692511237196,4502.567511237196,4502.817511237196,1079,1924,1502
4503.761816537125,4503.636816537125,4503.886816537125,1811,1224,1518
4505.539879593256,4505.414879593256,4505.664879593256,1327,1810,1569
4505.997143125644,4505.872143125644,4506.122143125644,999,1950,1475
4505.144251313218,4504.894251313218,4505.394251313218,1866,953,1410
4503.304841061241,4502.929841061241,4503.679841061241,750,1083,917
4502.598947290238,4502.473947290238,4502.723947290238,2430,1033,1732
4500.4734329655475,4500.2234329655475,4500.7234329655475,1018,1663,1341
4502.559133689786,4502.309133689786,4502.809133689786,1094,1653,1374
4501.5658576409105,4501.4408576409105,4501.6908576409105,1666,653,1160
4501.380592697483,4501.255592697483,4501.505592697483,735,1746,1241
4504.638482149323,4504.513482149323,4504.763482149323,1174,1007,1091
4500.420414318534,4500.170414318534,4500.670414318534,1327,1158,1243
4500.785410673288,4500.660410673288,4500.910410673288,739,898,819
4503.887653911717,4503.762653911717,4504.012653911717,2596,1135,1866
4502.096161023612,4501.846161023612,4502.346161023612,611,1656,1134
4498.466962923694,4498.341962923694,4498.591962923694,1368,2535,1952
4499.014538888728,4498.889538888728,4499.139538888728,1281,1096,1189
4499.381119281529,4499.131119281529,4499.631119281529,1516,649,1083
4500.176984633991,4500.051984633991,4500.301984633991,999,1612,1306
4502.179983784733,4502.054983784733,4502.304983784733,667,1444,1056
4502.167655267082,4501.917655267082,4502.417655267082,981,630,806
4504.3296537735005,4504.2046537735005,4504.4546537735005,613,1462,1038
4507.550238273652,4507.300238273652,4507.800238273652,2046,1733,1890
4506.655223343681,4506.405223343681,4506.905223343681,1092,911,1002
4503.384852190728,4503.134852190728,4503.634852190728,702,1265,984
4501.895682676993,4501.770682676993,4502.020682676993,1215,1706,1461
4500.04121831625,4499.91621831625,4500.16621831625,1003,2878,1941
4497.752270149409,4497.627270149409,4497.877270149409,631,1064,848
4498.987267605473,4498.737267605473,4499.237267605473,2619,1216,1918
4499.508358287504,4499.258358287504,4499.758358287504,992,1061,1027
4501.953464420629,4501.828464420629,4502.078464420629,2168,745,1457
4503.360180033915,4502.985180033915,4503.735180033915,699,1960,1330
4501.6564822743685,4501.5314822743685,4501.7814822743685,490,1147,819
4498.896782896588,4498.646782896588,4499.146782896588,1950,845,1398
4498.76553961322,4498.51553961322,4499.01553961322,1339,2144,1742
4499.758282881908,4499.633282881908,4499.883282881908,1747,1266,1507
4493.67135270323,4493.42135270323,4493.92135270323,740,1191,966
4497.2238553072675,4497.0988553072675,4497.3488553072675,2182,1491,1837
4493.862788858955,4493.737788858955,4493.987788858955,942,1989,1466
4493.780281439368,4493.655281439368,4493.905281439368,1653,954,1304
4498.722181666939,4498.597181666939,4498.847181666939,1005,966,986
4498.046142346776,4497.796142346776,4498.296142346776,1155,1232,1194
4499.71253780811,4499.58753780811,4499.83753780811,2803,954,1879
4496.512083436732,4496.137083436732,4496.887083436732,1899,1552,1726
4501.1535179952125,4500.9035179952125,4501.4035179952125,1016,1785,1401
4500.219940954129,4499.969940954129,4500.469940954129,1854,773,1314
4503.273742913904,4503.148742913904,4503.398742913904,751,1430,1091
4503.130890500305,4502.755890500305,4503.505890500305,1261,772,1017
4503.991127778981,4503.866127778981,4504.116127778981,926,1651,1289
4499.942987375567,4499.817987375567,4500.067987375567,925,1608,1267
4500.628159528648,4500.503159528648,4500.753159528648,1744,1585,1665
4498.206631946063,4498.081631946063,4498.331631946063,1058,2375,1717
4497.800602995686,4497.550602995686,4498.050602995686,1892,1007,1450
4497.135832614405,4497.010832614405,4497.260832614405,1928,683,1306
4495.881377479918,4495.631377479918,4496.131377479918,1543,638,1091
4493.892900244419,4493.642900244419,4494.142900244419,1344,765,1055
4494.231361047106,4494.106361047106,4494.356361047106,438,1239,839
4495.902542997296,4495.777542997296,4496.027542997296,954,2335,1645
4494.538994948608,4494.288994948608,4494.788994948608,1192,569,881
4494.085606539498,4493.960606539498,4494.210606539498,642,1887,1265
4492.3722649031015,4492.1222649031015,4492.6222649031015,1379,542,961
4494.057273468278,4493.932273468278,4494.182273468278,1781,1656,1719
4491.977047069473,4491.727047069473,4492.227047069473,1425,586,1006
4492.073387705051,4491.823387705051,4492.323387705051,850,2117,1484
4489.956220373314,4489.831220373314,4490.081220373314,1477,502,990
4488.660044868164,4488.535044868164,4488.785044868164,896,2207,1552
4491.949842287706,4491.824842287706,4492.074842287706,544,1279,912
4492.0683465072425,4491.9433465072425,4492.1933465072425,2189,1338,1764
4491.735764564392,4491.360764564392,4492.110764564392,1096,817,957
4492.439974504348,4492.314974504348,4492.564974504348,1043,2938,1991
4491.149572097292,4490.774572097292,4491.524572097292,1797,1910,1854
4490.298739552749,4490.173739552749,4490.423739552749,470,1247,859
4489.09663451339,4488.97163451339,4489.22163451339,2706,985,1846
4487.659911858736,4487.284911858736,4488.034911858736,619,1082,851
4496.978345940378,4496.853345940378,4497.103345940378,761,1160,961
4492.403622089713,4492.278622089713,4492.528622089713,584,1191,888
4488.562518210086,4488.437518210086,4488.687518210086,789,1068,929
4483.993507911101,4483.868507911101,4484.118507911101,1450,1135,1293
4487.898281349656,4487.773281349656,4488.023281349656,1097,1956,1527
4487.782504912172,4487.532504912172,4488.032504912172,885,1464,1175
4488.3527525708705,4488.2277525708705,4488.4777525708705,1302,1195,1249
4486.846859861444,4486.596859861444,4487.096859861444,939,1226,1083
4492.303223304725,4492.178223304725,4492.428223304725,1252,1511,1382
4501.425352378774,4501.175352378774,4501.675352378774,1070,1457,1264
4503.41426409176,4503.16426409176,4503.66426409176,979,2512,1746
4505.3021582404335,4505.0521582404335,4505.5521582404335,1977,950,1464
4511.111124287146,4510.986124287146,4511.236124287146,743,920,832
4519.483849722783,4519.358849722783,4519.608849722783,551,1530,1041
4512.308366658326,4512.183366658326,4512.433366658326,999,716,858
4520.606989628078,4520.481989628078,4520.731989628078,873,2442,1658
4518.21300831278,4517.96300831278,4518.46300831278,1050,2373,1712
4520.3106016930315,4520.1856016930315,4520.4356016930315,1852,1033,1443
4523.01476745186,4522.88976745186,4523.13976745186,731,1834,1283
4515.337990386,4515.087990386,4515.587990386,1648,1685,1667
4511.883606338711,4511.758606338711,4512.008606338711,1901,1706,1804
4511.290884766929,4511.165884766929,4511.415884766929,1164,757,961
4503.327741965619,4503.077741965619,4503.577741965619,671,1416,1044
4498.255402568442,4497.880402568442,4498.630402568442,854,951,903
4502.5051910143,4502.2551910143,4502.7551910143,1356,2519,1938
4500.246238230119,4500.121238230119,4500.371238230119,1255,534,895
4496.57358260743,4496.32358260743,4496.82358260743,845,1356,1101
4496.472486104474,4496.347486104474,4496.597486104474,2577,1332,1955
4498.326687637479,4498.076687637479,4498.576687637479,2061,752,1407
4503.831533312228,4503.706533312228,4503.956533312228,1688,1455,1572
4503.296340997687,4503.046340997687,4503.546340997687,917,2212,1565
4499.776184133835,4499.526184133835,4500.026184133835,1652,1389,1521
4501.164759385889,4500.914759385889,4501.414759385889,1294,1553,1424
4502.417453912257,4502.292453912257,4502.542453912257,782,1261,1022
4505.87661034575,4505.75161034575,4506.00161034575,2165,950,1558
4504.088006955276,4503.963006955276,4504.213006955276,1394,1131,1263
4518.854766237903,4518.604766237903,4519.104766237903,1970,783,1377
4523.578488622061,4523.328488622061,4523.828488622061,2052,1245,1649
4520.073674783669,4519.948674783669,4520.198674783669,889,2220,1555
4516.751232381122,4516.626232381122,4516.876232381122,1862,2073,1968
4516.20492185399,4515.95492185399,4516.45492185399,735,994,865
4516.083004072942,4515.833004072942,4516.333004072942,680,1239,960
4512.79476181219,4512.41976181219,4513.16976181219,1897,1020,1459
4519.076833569722,4518.826833569722,4519.326833569722,1295,628,962
4516.487997745252,4516.237997745252,4516.737997745252,2696,927,1812
4520.178361315819,4520.053361315819,4520.303361315819,1987,904,1446
4516.856877054764,4516.731877054764,4516.981877054764,658,1039,849
4521.6719232378455,4521.5469232378455,4521.7969232378455,1564,697,1131
4523.091915299114,4522.841915299114,4523.341915299114,1269,1078,1174
4525.967174761716,4525.717174761716,4526.217174761716,1644,1489,1567
4532.224300921308,4531.974300921308,4532.474300921308,2115,894,1505
4530.544826641394,4530.419826641394,4530.669826641394,2278,1029,1654
4523.994347563894,4523.619347563894,4524.369347563894,875,1200,1038
4521.588164163756,4521.213164163756,4521.963164163756,1556,2285,1921
4524.055681816342,4523.930681816342,4524.180681816342,1484,769,1127
4531.394421337441,4531.269421337441,4531.519421337441,956,1195,1076
4532.782066184534,4532.532066184534,4533.032066184534,1755,2128,1942
4536.267454585505,4536.017454585505,4536.517454585505,1171,2784,1978
4528.416927874497,4528.166927874497,4528.666927874497,959,886,923
4524.403999622666,4524.278999622666,4524.528999622666,1512,1465,1489
4521.080362475631,4520.955362475631,4521.205362475631,2141,1150,1646
4517.411385763216,4517.161385763216,4517.661385763216,1538,953,1246
4520.976669226155,4520.851669226155,4521.101669226155,504,1437,971
4512.270214494132,4512.020214494132,4512.520214494132,701,1022,862
4509.039523480823,4508.664523480823,4509.414523480823,805,2174,1490
4500.3171912790185,4499.9421912790185,4500.6921912790185,1595,1080,1338
4504.331772132299,4504.206772132299,4504.456772132299,1714,1053,1384
4502.851536928515,4502.476536928515,4503.226536928515,1480,2497,1989
4501.027103375718,4500.777103375718,4501.277103375718,2731,1254,1993
4501.029226047293,4500.904226047293,4501.154226047293,1460,907,1184
4487.3320932528395,4487.2070932528395,4487.4570932528395,979,1394,1187
4493.643602819596,4493.518602819596,4493.768602819596,1428,845,1137
4495.593024352581,4495.343024352581,4495.843024352581,2453,1068,1761
4493.358641936151,4493.108641936151,4493.608641936151,1659,1718,1689
4489.9606808790995,4489.8356808790995,4490.0856808790995,967,682,825
4483.76761509346,4483.64261509346,4483.89261509346,2131,740,1436
4476.130142473767,4476.005142473767,4476.255142473767,1550,1097,1324
4484.9405455306905,4484.5655455306905,4485.3155455306905,1143,974,1059
4482.303943223982,4482.178943223982,4482.428943223982,664,1497,1081
4479.063224142416,4478.813224142416,4479.313224142416,1296,1201,1249
4473.496551866121,4473.371551866121,4473.621551866121,937,1928,1433
4469.921605973886,4469.796605973886,4470.046605973886,674,1213,944
4467.366224930859,4467.241224930859,4467.491224930859,937,1302,1120
4472.117828981141,4471.992828981141,4472.242828981141,1157,2264,1711
4476.54016421161,4476.41516421161,4476.66516421161,1176,655,916
4482.399614553699,4482.274614553699,4482.524614553699,1000,1701,1351
4483.636583304884,4483.511583304884,4483.761583304884,1345,1030,1188
4483.707877411192,4483.332877411192,4484.082877411192,847,1864,1356
4483.319813365799,4483.194813365799,4483.444813365799,1151,906,1029
4487.085542375936,4486.960542375936,4487.210542375936,1657,804,1231
4491.655992398372,4491.405992398372,4491.905992398372,1311,536,924
4494.134321994297,4494.009321994297,4494.259321994297,877,1424,1151
4491.910495064996,4491.785495064996,4492.035495064996,1823,1832,1828
4489.887686447549,4489.762686447549,4490.012686447549,555,1442,999
4488.387633956641,4488.262633956641,4488.512633956641,1278,849,1064
4496.77671647019,4496.52671647019,4497.02671647019,1286,687,987
4501.532166125058,4501.407166125058,4501.657166125058,1477,2004,1741
4503.240614370619,4502.990614370619,4503.490614370619,1255,2036,1646
4507.1185096158315,4506.8685096158315,4507.3685096158315,2194,1427,1811
4510.224328156578,4510.099328156578,4510.349328156578,889,1228,1059
4501.387579348373,4501.262579348373,4501.512579348373,1268,1049,1159
4493.771067771346,4493.521067771346,4494.021067771346,1903,840,1372
4493.07007997593,4492.82007997593,4493.32007997593,1908,1707,1808
4494.602393159424,4494.227393159424,4494.977393159424,1445,1170,1308
4485.174424526212,4484.924424526212,4485.424424526212,1238,2049,1644
4480.719194163374,4480.344194163374,4481.094194163374,1595,2132,1864
4481.527447844498,4481.402447844498,4481.652447844498,1537,1058,1298
4485.507996965497,4485.382996965497,4485.632996965497,1088,969,1029
4485.686432166152,4485.436432166152,4485.936432166152,1161,2302,1732
4488.181295863077,4487.931295863077,4488.431295863077,1317,1020,1169
4494.997915729121,4494.872915729121,4495.122915729121,1325,2242,1784
4498.118201053019,4497.868201053019,4498.368201053019,1487,2458,1973
4497.381502396728,4497.256502396728,4497.506502396728,1357,848,1103
4493.083229356756,4492.958229356756,4493.208229356756,1581,1656,1619
4494.840652412454,4494.715652412454,4494.965652412454,1305,2000,1653
4497.053523273837,4496.803523273837,4497.303523273837,2417,882,1650
4493.073823565844,4492.948823565844,4493.198823565844,922,2069,1496
4489.164569400813,4488.789569400813,4489.539569400813,688,1457,1073
4489.19622993971,4489.07122993971,4489.32122993971,1399,732,1066
4482.660432592113,4482.535432592113,4482.785432592113,1611,612,1112
4481.0522994053945,4480.9272994053945,4481.1772994053945,1115,2498,1807
4479.348105662495,4479.223105662495,4479.473105662495,587,1752,1170
4484.782541181613,4484.532541181613,4485.032541181613,1845,636,1241
4488.728155445022,4488.478155445022,4488.978155445022,865,1812,1339
4487.656158158254,4487.531158158254,4487.781158158254,1535,778,1157
4492.688918285088,4492.563918285088,4492.813918285088,1447,728,1088
4492.233033894097,4492.108033894097,4492.358033894097,1271,1794,1533
4489.928157451639,4489.678157451639,4490.178157451639,1099,1652,1376
4490.329982242485,4490.204982242485,4490.454982242485,1504,1311,1408
4491.555288307483,4491.305288307483,4491.805288307483,1468,2481,1975
4495.151805036165,4495.026805036165,4495.276805036165,1280,1949,1615
4500.697212682466,4500.447212682466,4500.947212682466,858,2155,1507
4499.277993710562,4499.027993710562,4499.527993710562,703,1866,1285
4498.323759375943,4498.073759375943,4498.573759375943,898,1987,1443
4496.475603895707,4496.350603895707,4496.600603895707,1934,783,1359
4506.096396832541,4505.971396832541,4506.221396832541,1599,1030,1315
4506.424742823716,4506.174742823716,4506.674742823716,1279,1400,1340
4506.200991994668,4506.075991994668,4506.325991994668,1161,2284,1723
4511.257756949554,4511.007756949554,4511.507756949554,1630,2073,1852
4511.683967816277,4511.558967816277,4511.808967816277,822,1289,1056
4514.942791373568,4514.817791373568,4515.067791373568,1102,1199,1151
4511.454328496608,4511.329328496608,4511.579328496608,2177,1742,1960
4518.2337714682135,4518.1087714682135,4518.3587714682135,912,1487,1200
4518.542965058092,4518.292965058092,4518.792965058092,752,997,875
4515.631854664453,4515.506854664453,4515.756854664453,2325,1532,1929
4509.263884728308,4509.013884728308,4509.513884728308,1884,1153,1519
4511.103907369266,4510.853907369266,4511.353907369266,987,2174,1581
4506.44573245883,4506.07073245883,4506.82073245883,1821,2134,1978
4505.177617038698,4505.052617038698,4505.302617038698,1198,955,1077
4499.988357370649,4499.738357370649,4500.238357370649,831,2308,1570
4499.438522014943,4499.188522014943,4499.688522014943,1088,1849,1469
4502.650317356302,4502.525317356302,4502.775317356302,2524,1423,1974
4496.211616902702,4496.086616902702,4496.336616902702,1188,625,907
4495.182149230296,4494.932149230296,4495.432149230296,661,1280,971
4495.290328832536,4495.040328832536,4495.540328832536,1855,672,1264
4492.633873974197,4492.383873974197,4492.883873974197,1403,1844,1624
4495.948014457663,4495.823014457663,4496.073014457663,1185,674,930
4500.604497406829,4500.479497406829,4500.729497406829,470,1403,937
4508.088909260623,4507.838909260623,4508.338909260623,1372,2543,1958
4503.910360225241,4503.785360225241,4504.035360225241,2268,997,1633
4501.6262072686895,4501.5012072686895,4501.7512072686895,1233,1692,1463
4496.740194110778,4496.490194110778,4496.990194110778,1175,692,934
4491.983288353361,4491.858288353361,4492.108288353361,2001,1838,1920
4491.601738636734,4491.226738636734,4491.976738636734,1247,1660,1454
4490.432199155062,4490.307199155062,4490.557199155062,1216,1097,1157
4488.237158111459,4487.987158111459,4488.487158111459,1375,596,986
4487.564495462146,4487.189495462146,4487.939495462146,2174,1791,1983
4480.779451395429,4480.529451395429,4481.029451395429,1552,1061,1307
4479.038841958684,4478.913841958684,4479.163841958684,704,1383,1044
4476.213696399873,4475.963696399873,4476.463696399873,2119,806,1463
4477.980497512043,4477.730497512043,4478.230497512043,1845,1756,1801
4476.3349099633215,4476.2099099633215,4476.4599099633215,2311,1346,1829
4475.511775297391,4475.386775297391,4475.636775297391,1052,1457,1255
4480.029477942401,4479.904477942401,4480.154477942401,853,782,818
4479.809353113004,4479.684353113004,4479.934353113004,1127,764,946
4494.904786391143,4494.779786391143,4495.029786391143,1055,1082,1069
4493.818728565284,4493.693728565284,4493.943728565284,1519,820,1170
4499.229191980076,4498.979191980076,4499.479191980076,873,1046,960
4503.122830285396,4502.997830285396,4503.247830285396,2057,1432,1745
4509.613889154683,4509.363889154683,4509.863889154683,1107,1410,1259
4508.2197893576395,4507.9697893576395,4508.4697893576395,991,1648,1320
4506.910236758774,4506.785236758774,4507.035236758774,2429,1522,1976
4510.526274499832,4510.401274499832,4510.651274499832,1238,465,852
4517.249830224535,4516.874830224535,4517.624830224535,1874,853,1364
4515.151718919931,4515.026718919931,4515.276718919931,559,1126,843
4516.506456768071,4516.256456768071,4516.756456768071,1971,826,1399
4506.846177339932,4506.596177339932,4507.096177339932,1547,1870,1709
4512.958957048701,4512.708957048701,4513.208957048701,2471,1224,1848
4529.70385636189,4529.57885636189,4529.82885636189,2191,736,1464
4527.683351179671,4527.558351179671,4527.808351179671,1119,1604,1362
4535.701399137956,4535.451399137956,4535.951399137956,1066,933,1000
4537.922224620179,4537.797224620179,4538.047224620179,1298,1977,1638
4529.63845798,4529.38845798,4529.88845798,869,1056,963
4526.901392049691,4526.776392049691,4527.026392049691,1155,2114,1635
4527.3993522737155,4527.1493522737155,4527.6493522737155,1166,1737,1452
4526.810933415426,4526.560933415426,4527.060933415426,1684,849,1267
4524.287909945307,4524.162909945307,4524.412909945307,1943,1210,1577
4525.389375923765,4525.264375923765,4525.514375923765,499,1422,961
4527.150526151057,4527.025526151057,4527.275526151057,634,1765,1200
4528.6387067858695,4528.5137067858695,4528.7637067858695,2899,1030,1965
4527.381415659659,4527.256415659659,4527.506415659659,2586,963,1775
4525.284255872015,4525.159255872015,4525.409255872015,1710,1323,1517
4523.970169940893,4523.845169940893,4524.095169940893,2276,801,1539
4524.358973640005,4524.233973640005,4524.483973640005,1857,918,1388
4525.085062552993,4524.960062552993,4525.210062552993,1368,481,925
4525.248719285529,4524.873719285529,4525.623719285529,1015,800,908
4525.445670803682,4525.195670803682,4525.695670803682,1979,1494,1737
4525.644954563039,4525.269954563039,4526.019954563039,977,1756,1367
4526.342961434055,4526.092961434055,4526.592961434055,1461,1690,1576
4525.064793303424,4524.814793303424,4525.314793303424,674,1465,1070
4525.338704573489,4524.963704573489,4525.713704573489,1788,1807,1798
4527.0393333430975,4526.9143333430975,4527.1643333430975,822,1267,1045
4526.4530195135885,4526.3280195135885,4526.5780195135885,926,1503,1215
4525.997461578725,4525.872461578725,4526.122461578725,2532,991,1762
4526.030561659961,4525.655561659961,4526.405561659961,2434,987,1711
4527.81174814572,4527.68674814572,4527.93674814572,1432,1375,1404
4530.882537481834,4530.632537481834,4531.132537481834,1330,1913,1622
4527.648346808055,4527.398346808055,4527.898346808055,2647,1348,1998
4527.861038515109,4527.486038515109,4528.236038515109,1577,1662,1620
4527.557634111964,4527.432634111964,4527.682634111964,1265,1150,1208
4527.661199509875,4527.411199509875,4527.911199509875,1225,768,997
4528.740260211796,4528.615260211796,4528.865260211796,1265,1146,1206
4528.112163582054,4527.862163582054,4528.362163582054,2112,1059,1586
4527.773065845258,4527.398065845258,4528.148065845258,1416,1981,1699
4529.389740233048,4529.139740233048,4529.639740233048,2416,1051,1734
4531.771992091729,4531.646992091729,4531.896992091729,702,1669,1186
4531.047791289197,4530.797791289197,4531.297791289197,1048,2597,1823
4531.516765663166,4531.266765663166,4531.766765663166,2187,838,1513
4530.00822846147,4529.88322846147,4530.13322846147,855,792,824
4532.7720497440305,4532.6470497440305,4532.8970497440305,1682,1223,1453
4535.021787071402,4534.771787071402,4535.271787071402,1632,1219,1426
4536.095742592291,4535.845742592291,4536.345742592291,526,1507,1017
4535.145717449195,4535.020717449195,4535.270717449195,1772,691,1232
4537.093967554689,4536.718967554689,4537.468967554689,1776,1869,1823
4535.6598821535235,4535.5348821535235,4535.7848821535235,1559,1734,1647
4535.799991438055,4535.674991438055,4535.924991438055,1239,694,967
4536.555962108735,4536.305962108735,4536.805962108735,1489,2170,1830
4539.463607730144,4539.213607730144,4539.713607730144,1112,2659,1886
4539.949472366934,4539.574472366934,4540.324472366934,2205,1394,1800
4540.579664486997,4540.329664486997,4540.829664486997,1064,837,951
4542.460523575759,4542.335523575759,4542.585523575759,1825,1524,1675
4542.624651507326,4542.374651507326,4542.874651507326,1698,1509,1604
4542.740080579516,4542.365080579516,4543.115080579516,2250,1043,1647
4546.042058877919,4545.917058877919,4546.167058877919,1715,960,1338
4544.828670182218,4544.703670182218,4544.953670182218,1769,748,1259
4545.253124414152,4545.003124414152,4545.503124414152,2337,1358,1848
4544.051124383266,4543.801124383266,4544.301124383266,2406,1497,1952
4544.555932343527,4544.430932343527,4544.680932343527,544,1467,1006
4546.823435577713,4546.573435577713,4547.073435577713,1069,1044,1057
4549.4359078249745,4549.1859078249745,4549.6859078249745,1352,729,1041
4548.442442499074,4548.192442499074,4548.692442499074,1609,1490,1550
4550.048905596723,4549.798905596723,4550.298905596723,720,1219,970
4551.915173423536,4551.790173423536,4552.040173423536,925,864,895
4554.150827783752,4553.775827783752,4554.525827783752,1208,1433,1321
4553.12034802617,4552.74534802617,4553.49534802617,920,1005,963
4550.7352549215475,4550.6102549215475,4550.8602549215475,868,1233,1051
4548.6423084512935,4548.5173084512935,4548.7673084512935,2066,1455,1761
4546.84399974644,4546.71899974644,4546.96899974644,2000,863,1432
4547.545277129467,4547.420277129467,4547.670277129467,1951,1044,1498
4547.691065236406,4547.566065236406,4547.816065236406,895,1264,1080
4547.748176407831,4547.623176407831,4547.873176407831,938,1371,1155
4547.338392518112,4547.213392518112,4547.463392518112,1634,1247,1441
4549.47349078797,4549.34849078797,4549.59849078797,1752,1519,1636
4549.165434459874,4549.040434459874,4549.290434459874,2111,900,1506
4548.511536139438,4548.136536139438,4548.886536139438,1819,1148,1484
4549.571248339345,4549.446248339345,4549.696248339345,2788,1083,1936
4544.4528802656705,4544.3278802656705,4544.5778802656705,1466,1745,1606
4544.662333188609,4544.537333188609,4544.787333188609,1565,1466,1516
4543.97148489953,4543.84648489953,4544.09648489953,1051,1642,1347
4543.608562266369,4543.358562266369,4543.858562266369,1563,730,1147
4543.233132279961,4542.983132279961,4543.483132279961,2164,1579,1872
4541.699231822781,4541.449231822781,4541.949231822781,1701,1102,1402
4541.940599768378,4541.815599768378,4542.065599768378,1021,1578,1300
4544.284279695786,4544.159279695786,4544.409279695786,1512,1935,1724
4545.690055469218,4545.315055469218,4546.065055469218,1670,1197,1434
4546.834880030919,4546.584880030919,4547.084880030919,528,1395,962
4542.820135025969,4542.695135025969,4542.945135025969,1360,581,971
4542.879731484756,4542.629731484756,4543.129731484756,605,1770,1188
4545.927432349698,4545.677432349698,4546.177432349698,700,1121,911
4544.615549488303,4544.490549488303,4544.740549488303,2533,1100,1817
4542.568136323391,4542.318136323391,4542.818136323391,1195,646,921
4543.82232787165,4543.69732787165,4543.94732787165,2145,1510,1828
4541.273095508706,4541.148095508706,4541.398095508706,2153,1292,1723
4539.510658833301,4539.260658833301,4539.760658833301,2349,1136,1743
4543.074667887706,4542.824667887706,4543.324667887706,1730,1405,1568
4543.540126694229,4543.165126694229,4543.915126694229,1450,1351,1401
4544.937455934131,4544.687455934131,4545.187455934131,1146,599,873
4544.059020223662,4543.934020223662,4544.184020223662,650,1581,1116
4541.405773095661,4541.280773095661,4541.530773095661,916,2493,1705
4539.657725316315,4539.532725316315,4539.782725316315,1814,2013,1914
4537.8139115914955,4537.6889115914955,4537.9389115914955,1327,2504,1916
4539.88189604676,4539.75689604676,4540.00689604676,1141,1952,1547
4539.11677226724,4538.99177226724,4539.24177226724,1183,914,1049
4535.630286562976,4535.505286562976,4535.755286562976,1076,2769,1923
4535.630487795129,4535.380487795129,4535.880487795129,968,643,806
4537.516092440188,4537.391092440188,4537.641092440188,1259,2378,1819
4536.455283906315,4536.205283906315,4536.705283906315,997,782,890
4534.751643176305,4534.626643176305,4534.876643176305,1568,1731,1650
4532.696374172409,4532.446374172409,4532.946374172409,1162,1101,1132
4532.590151468521,4532.340151468521,4532.840151468521,1689,2136,1913
4529.943020337847,4529.568020337847,4530.318020337847,1264,2263,1764
4531.431493842626,4531.306493842626,4531.556493842626,686,1713,1200
4530.984299876816,4530.859299876816,4531.109299876816,1158,1743,1451
4530.356850192387,4530.231850192387,4530.481850192387,2213,1598,1906
4528.167638170671,4528.042638170671,4528.292638170671,2960,1015,1988
4531.478946558479,4531.353946558479,4531.603946558479,2166,815,1491
4533.522803369664,4533.272803369664,4533.772803369664,904,1271,1088
4530.310140624655,4530.060140624655,4530.560140624655,770,2083,1427
4530.780809196782,4530.530809196782,4531.030809196782,1491,846,1169
4528.420382395749,4528.295382395749,4528.545382395749,1111,974,1043
4529.863572182582,4529.738572182582,4529.988572182582,850,887,869
4530.04458356603,4529.91958356603,4530.16958356603,737,1870,1304
4531.152332451512,4531.027332451512,4531.277332451512,1770,1569,1670
4530.974586798637,4530.724586798637,4531.224586798637,1986,1971,1979
4530.847559272062,4530.722559272062,4530.972559272062,1285,910,1098
4528.974011214846,4528.849011214846,4529.099011214846,740,933,837
4528.383977320021,4528.258977320021,4528.508977320021,1417,1920,1669
4527.090821767912,4526.965821767912,4527.215821767912,1923,994,1459
4524.976041790046,4524.601041790046,4525.351041790046,1904,1207,1556
4527.039365296638,4526.914365296638,4527.164365296638,2622,1069,1846
4525.098971128188,4524.973971128188,4525.223971128188,1398,759,1079
4525.826208929156,4525.576208929156,4526.076208929156,1284,693,989
4525.530836276444,4525.405836276444,4525.655836276444,1555,1142,1349
4523.235766330874,4522.860766330874,4523.610766330874,830,1077,954
4522.807723105421,4522.682723105421,4522.932723105421,2048,701,1375
4521.387039233135,4521.262039233135,4521.512039233135,1100,747,924
4521.86059702532,4521.73559702532,4521.98559702532,2537,1000,1769
4519.934238571174,4519.809238571174,4520.059238571174,846,847,847
4516.116933427625,4515.991933427625,4516.241933427625,1231,1572,1402
4517.215999088987,4517.090999088987,4517.340999088987,1010,2201,1606
4514.611074496668,4514.486074496668,4514.736074496668,848,837,843
4516.744103727502,4516.619103727502,4516.869103727502,753,954,854
4516.9226261847825,4516.7976261847825,4517.0476261847825,1303,1592,1448
4517.281722172975,4517.156722172975,4517.406722172975,1185,2536,1861
4519.588977670244,4519.463977670244,4519.713977670244,1757,926,1342
4518.6746825919845,4518.5496825919845,4518.7996825919845,1653,1004,1329
4519.278302771046,4519.153302771046,4519.403302771046,1645,560,1103
4519.474882184558,4519.224882184558,4519.724882184558,890,815,853
4521.356939977276,4521.231939977276,4521.481939977276,447,1284,866
4518.777346501848,4518.652346501848,4518.902346501848,994,1671,1333
4517.41324883891,4517.16324883891,4517.66324883891,1103,1154,1129
4516.252353902919,4516.127353902919,4516.377353902919,679,1222,951
4518.641051889108,4518.391051889108,4518.891051889108,819,1322,1071
4521.052508261564,4520.927508261564,4521.177508261564,1210,1669,1440
4519.063150743595,4518.688150743595,4519.438150743595,1821,1230,1526
4515.225651761491,4514.975651761491,4515.475651761491,644,1615,1130
4516.623500248112,4516.373500248112,4516.873500248112,794,839,817
4515.499070475871,4515.374070475871,4515.624070475871,2436,1293,1865
4515.893139644122,4515.768139644122,4516.018139644122,936,1499,1218
4511.994423339889,4511.869423339889,4512.119423339889,1517,1280,1399
4512.088655859329,4511.963655859329,4512.213655859329,1236,1999,1618
4514.963927237681,4514.838927237681,4515.088927237681,1000,999,1000
4516.311217523211,4516.186217523211,4516.436217523211,2612,1055,1834
4518.24005785561,4518.11505785561,4518.36505785561,993,2672,1833
4519.563099828387,4519.438099828387,4519.688099828387,1717,954,1336
4521.360930141074,4521.110930141074,4521.610930141074,2010,1357,1684
4521.652379170614,4521.402379170614,4521.902379170614,2785,1038,1912
4519.6827376282,4519.5577376282,4519.8077376282,686,1445,1066
4521.18713689138,4521.06213689138,4521.31213689138,1729,2152,1941
4523.736748092626,4523.611748092626,4523.861748092626,2385,1102,1744
4525.001986110665,4524.876986110665,4525.126986110665,1454,1549,1502
4528.337205865446,4528.087205865446,4528.587205865446,1643,916,1280
4526.551280755952,4526.301280755952,4526.801280755952,2177,1086,1632
4524.228631133291,4523.853631133291,4524.603631133291,754,1337,1046
4523.914430449448,4523.664430449448,4524.164430449448,1122,873,998
4524.874806182439,4524.749806182439,4524.999806182439,1277,676,977
4526.836422948102,4526.586422948102,4527.086422948102,1062,739,901
4526.397659847034,4526.272659847034,4526.522659847034,678,1869,1274
4527.418346462477,4527.043346462477,4527.793346462477,2747,1164,1956
4528.4198809554655,4528.2948809554655,4528.5448809554655,1512,2041,1777
4528.087046825995,4527.962046825995,4528.212046825995,658,1121,890
4525.91308732125,4525.66308732125,4526.16308732125,755,1888,1322
4522.530155496504,4522.405155496504,4522.655155496504,1414,2141,1778
4521.7707859596085,4521.5207859596085,4522.0207859596085,1722,935,1329
4523.106151893222,4522.981151893222,4523.231151893222,1601,952,1277
4521.673910926924,4521.548910926924,4521.798910926924,1054,2549,1802
4518.668400322689,4518.543400322689,4518.793400322689,2036,1633,1835
4521.133061662491,4520.883061662491,4521.383061662491,656,1885,1271
4520.863577232504,4520.738577232504,4520.988577232504,1822,1443,1633
4519.663742993469,4519.413742993469,4519.913742993469,2301,796,1549
4519.286007069119,4519.161007069119,4519.411007069119,2243,1410,1827
4518.910010896389,4518.785010896389,4519.035010896389,2499,1040,1770
4519.358888696185,4519.233888696185,4519.483888696185,954,2255,1605
4519.51570772834,4519.26570772834,4519.76570772834,910,861,886
4521.27388977678,4521.14888977678,4521.39888977678,1443,1706,1575
4523.218193167669,4522.843193167669,4523.593193167669,1556,859,1208
4526.6051069670475,4526.3551069670475,4526.8551069670475,1313,1364,1339
4523.8182964188145,4523.6932964188145,4523.9432964188145,2273,1246,1760
4524.794897008817,4524.669897008817,4524.919897008817,1804,2045,1925
4526.475221370896,4526.350221370896,4526.600221370896,903,1636,1270
4528.9321918048345,4528.6821918048345,4529.1821918048345,1288,2111,1700
4528.275452831905,4528.025452831905,4528.525452831905,1074,1609,1342
4524.090770096357,4523.840770096357,4524.340770096357,1277,2130,1704
4525.007905460795,4524.632905460795,4525.382905460795,969,730,850
4527.136787946701,4526.886787946701,4527.386787946701,1304,1113,1209
4527.424531755711,4527.299531755711,4527.549531755711,1718,799,1259
4529.049092797274,4528.924092797274,4529.174092797274,690,1871,1281
4530.137483744669,4530.012483744669,4530.262483744669,1170,1361,1266
4529.806079573733,4529.556079573733,4530.056079573733,840,2229,1535
4533.20382301686,4532.95382301686,4533.45382301686,2503,1424,1964
4529.669839004093,4529.544839004093,4529.794839004093,1167,536,852
4525.779246983126,4525.529246983126,4526.029246983126,845,1608,1227
4522.389450750813,4522.264450750813,4522.514450750813,1129,618,874
4523.751351054023,4523.626351054023,4523.876351054023,1017,2458,1738
4524.9315462362265,4524.8065462362265,4525.0565462362265,2021,954,1488
4519.043694673726,4518.918694673726,4519.168694673726,2597,1000,1799
4525.3733857428515,4525.2483857428515,4525.4983857428515,1452,1659,1556
4514.556866918098,4514.306866918098,4514.806866918098,1796,1383,1590
4511.486248610077,4511.236248610077,4511.736248610077,697,1884,1291
4508.727518181781,4508.477518181781,4508.977518181781,543,1584,1064
4502.132640334386,4501.757640334386,4502.507640334386,1105,1048,1077
4495.648044437596,4495.273044437596,4496.023044437596,1161,724,943
4497.909198312016,4497.784198312016,4498.034198312016,2515,1346,1931
4493.64840232666,4493.52340232666,4493.77340232666,1547,1390,1469
4487.950158257538,4487.575158257538,4488.325158257538,1367,2536,1952
4487.823442325738,4487.698442325738,4487.948442325738,1525,1432,1479
4487.125615593941,4487.000615593941,4487.250615593941,1211,866,1039
4482.577661125588,4482.327661125588,4482.827661125588,978,741,860
4482.754900415464,4482.504900415464,4483.004900415464,956,1075,1016
4480.5464304801,4480.4214304801,4480.6714304801,1235,1246,1241
4473.085629973461,4472.835629973461,4473.335629973461,1298,2519,1909
4470.419766948153,4470.294766948153,4470.544766948153,2201,750,1476
4465.449068200477,4465.324068200477,4465.574068200477,1287,2466,1877
4462.771131409888,4462.646131409888,4462.896131409888,1172,1025,1099
4460.826045834808,4460.701045834808,4460.951045834808,1438,1585,1512
4464.825797073559,4464.575797073559,4465.075797073559,1052,687,870
4467.270976311405,4467.145976311405,4467.395976311405,949,1214,1082
4466.701405685169,4466.451405685169,4466.951405685169,1762,769,1266
4464.913512021666,4464.788512021666,4465.038512021666,979,1262,1121
4462.377129698585,4462.252129698585,4462.502129698585,686,1389,1038
4461.523782945916,4461.273782945916,4461.773782945916,2149,1472,1811
4457.350799555083,4456.975799555083,4457.725799555083,1442,641,1042
4460.365860304079,4460.240860304079,4460.490860304079,2003,1286,1645
4446.783840379345,4446.533840379345,4447.033840379345,1670,707,1189
4445.8903362468145,4445.7653362468145,4446.0153362468145,1526,1359,1443
4447.32061036193,4447.19561036193,4447.44561036193,1237,1704,1471
4447.606976508346,4447.481976508346,4447.731976508346,864,2071,1468
4450.515508611659,4450.390508611659,4450.640508611659,1128,1529,1329
4451.938223156746,4451.813223156746,4452.063223156746,1016,715,866
4445.245810556151,4444.870810556151,4445.620810556151,1403,2288,1846
4445.256594326853,4445.006594326853,4445.506594326853,708,905,807
4447.806413245008,4447.431413245008,4448.181413245008,2077,1760,1919
4449.094740417343,4448.969740417343,4449.219740417343,793,1078,936
4451.772746451999,4451.647746451999,4451.897746451999,1805,1206,1506
4451.141413250821,4450.891413250821,4451.391413250821,1620,2075,1848
4454.746972884033,4454.496972884033,4454.996972884033,1518,2227,1873
4444.410303169535,4444.285303169535,4444.535303169535,682,1917,1300
4442.943121144871,4442.818121144871,4443.068121144871,2911,1072,1992
4448.828268240656,4448.703268240656,4448.953268240656,1832,1693,1763
4441.8641631159935,4441.4891631159935,4442.2391631159935,1932,1275,1604
4448.141282298244,4447.891282298244,4448.391282298244,2315,1294,1805
4446.828414128078,4446.703414128078,4446.953414128078,908,2209,1559
4443.114268373703,4442.864268373703,4443.364268373703,1281,876,1079
4448.026855070861,4447.901855070861,4448.151855070861,1014,1429,1222
4449.22073451795,4449.09573451795,4449.34573451795,936,2641,1789
4452.327756156099,4452.202756156099,4452.452756156099,1397,1072,1235
4445.9480464692515,4445.8230464692515,4446.0730464692515,478,1367,923
4443.9260821468115,4443.5510821468115,4444.3010821468115,696,1633,1165
4449.7725130476865,4449.6475130476865,4449.8975130476865,1660,2265,1963
4446.057748427002,4445.932748427002,4446.182748427002,1038,1561,1300
4445.837597815662,4445.587597815662,4446.087597815662,1981,890,1436
4445.758015176282,4445.508015176282,4446.008015176282,1016,1351,1184
4446.4231801328115,4446.2981801328115,4446.5481801328115,1019,1886,1453
4449.408773095471,4449.158773095471,4449.658773095471,1047,1074,1061
4452.6127881418,4452.3627881418,4452.8627881418,1062,915,989
4459.810269988859,4459.685269988859,4459.935269988859,1794,713,1254
4470.148086012626,4470.023086012626,4470.273086012626,1689,1096,1393
4474.872386008689,4474.622386008689,4475.122386008689,1665,754,1210
4474.978767110789,4474.853767110789,4475.103767110789,915,2026,1471
4476.320386648939,4476.195386648939,4476.445386648939,1058,701,880
4482.414117919339,4482.164117919339,4482.664117919339,997,1700,1349
4484.695091202916,4484.445091202916,4484.945091202916,1184,993,1089
4489.1792804439565,4488.9292804439565,4489.4292804439565,1108,1979,1544
4488.829980774093,4488.704980774093,4488.954980774093,1911,1760,1836
4485.228806437468,4484.978806437468,4485.478806437468,1368,887,1128
4485.148623345488,4484.898623345488,4485.398623345488,497,1270,884
4487.1700306104085,4487.0450306104085,4487.2950306104085,2351,992,1672
4483.420596557597,4483.295596557597,4483.545596557597,1732,1687,1710
4483.276872885628,4483.151872885628,4483.401872885628,1747,868,1308
4489.25409897202,4489.12909897202,4489.37909897202,1176,1265,1221
4493.170931105166,4493.045931105166,4493.295931105166,996,795,896
4489.3463405895245,4489.2213405895245,4489.4713405895245,662,1001,832
4486.642378724286,4486.392378724286,4486.892378724286,489,1270,880
4495.117215985605,4494.867215985605,4495.367215985605,2820,1107,1964
4492.786479418623,4492.661479418623,4492.911479418623,1201,682,942
4493.78043133227,4493.65543133227,4493.90543133227,2544,1231,1888
4491.660715707431,4491.410715707431,4491.910715707431,1738,999,1369
4495.75459615082,4495.50459615082,4496.00459615082,788,1063,926
4491.352257943156,4490.977257943156,4491.727257943156,2018,1025,1522
4493.372074825631,4493.247074825631,4493.497074825631,1882,743,1313
4495.492559185146,4495.242559185146,4495.742559185146,690,1741,1216
4493.759907602447,4493.634907602447,4493.884907602447,1943,1560,1752
4492.14181305709,4492.01681305709,4492.26681305709,1487,992,1240
4491.193923893583,4491.068923893583,4491.318923893583,2668,1255,1962
4493.273009488882,4493.023009488882,4493.523009488882,1476,2225,1851
4495.233463602497,4494.983463602497,4495.483463602497,1814,1485,1650
4495.345817220815,4495.220817220815,4495.470817220815,2270,1679,1975
4494.612630010706,4494.362630010706,4494.862630010706,979,762,871
4495.771041025203,4495.521041025203,4496.021041025203,1345,2342,1844
4494.205076156027,4493.955076156027,4494.455076156027,1907,1154,1531
4491.7290285376275,4491.6040285376275,4491.8540285376275,1404,1225,1315
4485.24512889874,4485.12012889874,4485.37012889874,888,731,810
4486.281094101782,4486.031094101782,4486.531094101782,1855,2128,1992
4483.228551115431,4483.103551115431,4483.353551115431,2470,1259,1865
4482.581662378706,4482.456662378706,4482.706662378706,974,1943,1459
4475.795585671133,4475.670585671133,4475.920585671133,968,907,938
4469.710108303923,4469.585108303923,4469.835108303923,2564,1317,1941
4475.299814504537,4475.174814504537,4475.424814504537,661,1066,864
4473.589993326363,4473.464993326363,4473.714993326363,1169,1424,1297
4471.169677301428,4471.044677301428,4471.294677301428,853,1556,1205
4472.073630253751,4471.948630253751,4472.198630253751,2026,919,1473
4476.387606630768,4476.137606630768,4476.637606630768,1443,1446,1445
4471.566530525493,4471.316530525493,4471.816530525493,1260,2503,1882
4471.851544919411,4471.726544919411,4471.976544919411,1248,1611,1430
4467.077259162484,4466.952259162484,4467.202259162484,1341,1080,1211
4457.817874352936,4457.567874352936,4458.067874352936,655,1484,1070
4460.089112450497,4459.964112450497,4460.214112450497,2859,972,1916
4457.531140284328,4457.406140284328,4457.656140284328,1312,737,1025
4464.346135719383,4464.096135719383,4464.596135719383,2333,1160,1747
4465.913654362118,4465.663654362118,4466.163654362118,1599,1596,1598
4463.95967334748,4463.70967334748,4464.20967334748,1387,2578,1983
4464.60394514115,4464.47894514115,4464.72894514115,2058,1403,1731
4460.292152241296,4460.042152241296,4460.542152241296,832,2269,1551
4470.493766154749,4470.368766154749,4470.618766154749,2054,841,1448
4469.166659011454,4469.041659011454,4469.291659011454,1015,1124,1070
4472.3538126859785,4472.1038126859785,4472.6038126859785,1079,1740,1410
4477.517909611419,4477.392909611419,4477.642909611419,1713,1506,1610
4470.628017091471,4470.503017091471,4470.753017091471,1856,721,1289
4469.413301761822,4469.288301761822,4469.538301761822,983,870,927
4470.229715957004,4470.104715957004,4470.354715957004,1013,2480,1747
4469.121735914422,4468.996735914422,4469.246735914422,862,1227,1045
4465.4366882456225,4465.3116882456225,4465.5616882456225,1643,1478,1561
4472.095579199387,4471.845579199387,4472.345579199387,1353,1438,1396
4476.652321710449,4476.527321710449,4476.777321710449,864,1255,1060
4473.739366039665,4473.614366039665,4473.864366039665,1054,1355,1205
4479.79761736133,4479.67261736133,4479.92261736133,1777,780,1279
4479.918220131625,4479.793220131625,4480.043220131625,1128,1115,1122
4483.461883718675,4483.336883718675,4483.586883718675,1101,2416,1759
4481.5979413837495,4481.4729413837495,4481.7229413837495,2020,1107,1564
4485.946389407531,4485.821389407531,4486.071389407531,591,1092,842
4483.413134046291,4483.288134046291,4483.538134046291,566,1659,1113
4482.842804208573,4482.717804208573,4482.967804208573,869,2372,1621
4474.205309811398,4473.955309811398,4474.455309811398,1060,811,936
4476.064529876272,4475.939529876272,4476.189529876272,1216,1187,1202
4487.154587537469,4486.904587537469,4487.404587537469,721,1748,1235
4490.123475064291,4489.748475064291,4490.498475064291,1219,2344,1782
4486.4565963592495,4486.3315963592495,4486.5815963592495,1864,1137,1501
4489.600991949869,4489.225991949869,4489.975991949869,1152,699,926
4494.620668096042,4494.495668096042,4494.745668096042,720,1269,995
4494.119258905619,4493.994258905619,4494.244258905619,1878,917,1398
4494.75946718776,4494.63446718776,4494.88446718776,482,1259,871
4498.267077277323,4498.017077277323,4498.517077277323,1323,822,1073
4500.933235412162,4500.808235412162,4501.058235412162,983,1182,1083
4500.152087929215,4500.027087929215,4500.277087929215,715,2116,1416
4497.13874841081,4497.01374841081,4497.26374841081,1150,1567,1359
4490.69922952861,4490.32422952861,4491.07422952861,1703,636,1170
4489.987643595521,4489.862643595521,4490.112643595521,991,2232,1612
4488.667837639184,4488.542837639184,4488.792837639184,1112,1637,1375
4481.290035158588,4481.040035158588,4481.540035158588,2235,1132,1684
4483.0544158075845,4482.9294158075845,4483.1794158075845,578,1673,1126
4482.106585996949,4481.981585996949,4482.231585996949,2452,895,1674
4487.8085184121965,4487.6835184121965,4487.9335184121965,1234,1021,1128
4480.822181010203,4480.697181010203,4480.947181010203,729,2056,1393
4480.979467421029,4480.729467421029,4481.229467421029,1460,919,1190
4488.847933227299,4488.597933227299,4489.097933227299,2061,1808,1935
4486.134339059498,4486.009339059498,4486.259339059498,1099,1428,1264
4484.559809852589,4484.434809852589,4484.684809852589,1089,926,1008
4483.454586931908,4483.329586931908,4483.579586931908,2160,1823,1992
4484.017299744685,4483.767299744685,4484.267299744685,684,1083,884
4480.331976752899,4480.206976752899,4480.456976752899,742,969,856
4483.601057914563,4483.476057914563,4483.726057914563,2072,1833,1953
4488.547218243505,4488.422218243505,4488.672218243505,1794,1133,1464
4485.445367467758,4485.320367467758,4485.570367467758,1105,1744,1425
4487.734343451406,4487.484343451406,4487.984343451406,747,1170,959
4484.011816077229,4483.886816077229,4484.136816077229,706,1177,942
4482.716998211275,4482.591998211275,4482.841998211275,1024,1505,1265
4479.450596760422,4479.200596760422,4479.700596760422,1455,1880,1668
4485.43977205403,4485.31477205403,4485.56477205403,1798,1155,1477
4484.713239544198,4484.588239544198,4484.838239544198,809,2178,1494
4485.600978588739,4485.475978588739,4485.725978588739,2878,1039,1959
4479.665881015887,4479.540881015887,4479.790881015887,482,1277,880
4482.9345059751895,4482.6845059751895,4483.1845059751895,911,2446,1679
4477.363816036303,4477.238816036303,4477.488816036303,2618,1059,1839
4474.644247785148,4474.394247785148,4474.894247785148,1858,1689,1774
4472.757213261564,4472.632213261564,4472.882213261564,1213,1406,1310
4468.181468923118,4468.056468923118,4468.306468923118,1070,1647,1359
4468.541732069344,4468.291732069344,4468.791732069344,1044,737,891
4471.8131049859185,4471.6881049859185,4471.9381049859185,1431,1848,1640
4474.032430043546,4473.907430043546,4474.157430043546,1862,749,1306
4473.426462926152,4473.051462926152,4473.801462926152,842,947,895
4470.584566065238,4470.209566065238,4470.959566065238,1549,1304,1427
4469.1629594625365,4468.9129594625365,4469.4129594625365,2193,1370,1782
4461.561164403524,4461.311164403524,4461.811164403524,1166,891,1029
4455.867146268925,4455.492146268925,4456.242146268925,681,1424,1053
4457.6928938174615,4457.5678938174615,4457.8178938174615,1951,842,1397
4454.964963844366,4454.714963844366,4455.214963844366,2541,870,1706
4463.047801607993,4462.672801607993,4463.422801607993,2637,1304,1971
4457.4059730576755,4457.1559730576755,4457.6559730576755,1144,2395,1770
4458.415944532298,4458.290944532298,4458.540944532298,1732,699,1216
4461.3754279256345,4461.2504279256345,4461.5004279256345,1290,475,883
4468.097205584958,4467.972205584958,4468.222205584958,1185,518,852
4464.156491142774,4464.031491142774,4464.281491142774,647,1156,902
4459.697824698133,4459.572824698133,4459.822824698133,2142,1063,1603
4462.587934135885,4462.462934135885,4462.712934135885,1033,734,884
4465.892777678757,4465.767777678757,4466.017777678757,1600,929,1265
4467.021112858494,4466.646112858494,4467.396112858494,1619,1064,1342
4474.836430955312,4474.711430955312,4474.961430955312,1488,1495,1492
4481.010286023849,4480.760286023849,4481.260286023849,1117,2672,1895
4476.794873198272,4476.419873198272,4477.169873198272,1514,1629,1572
4478.631772787669,4478.256772787669,4479.006772787669,586,1523,1055
4484.309701006831,4484.184701006831,4484.434701006831,1502,2405,1954
4482.2943656733605,4482.0443656733605,4482.5443656733605,1464,1863,1664
4482.747183471005,4482.372183471005,4483.122183471005,1266,1361,1314
4493.8397831220655,4493.4647831220655,4494.2147831220655,2003,672,1338
4488.103188213033,4487.853188213033,4488.353188213033,861,1632,1247
4485.683157452714,4485.433157452714,4485.933157452714,1054,843,949
4483.920446694219,4483.795446694219,4484.045446694219,1595,1164,1380
4492.470638467821,4492.345638467821,4492.595638467821,2006,691,1349
4492.905823383993,4492.655823383993,4493.155823383993,821,2070,1446
4497.452238364235,4497.327238364235,4497.577238364235,998,867,933
4497.752937362682,4497.627937362682,4497.877937362682,2238,1687,1963
4502.217085572977,4502.092085572977,4502.342085572977,1131,720,926
4506.282633417385,4506.032633417385,4506.532633417385,1042,2427,1735
4510.075459384391,4509.825459384391,4510.325459384391,1368,2451,1910
4505.331669781778,4505.081669781778,4505.581669781778,2652,1333,1993
4502.955731034197,4502.580731034197,4503.330731034197,1078,2607,1843
4495.375827405042,4495.125827405042,4495.625827405042,1137,2596,1867
4500.464041777074,4500.339041777074,4500.589041777074,1620,1273,1447
4503.565107985908,4503.440107985908,4503.690107985908,478,1221,850
4503.16650916039,4503.04150916039,4503.29150916039,1043,1130,1087
4500.104654593532,4499.979654593532,4500.229654593532,752,1611,1182
4501.531980648505,4501.281980648505,4501.781980648505,1563,1830,1697
4503.674085451374,4503.424085451374,4503.924085451374,781,1288,1035
4505.027580688793,4504.902580688793,4505.152580688793,2688,957,1823
4504.8521473431965,4504.6021473431965,4505.1021473431965,1658,1971,1815
4501.435410044402,4501.310410044402,4501.560410044402,2046,1769,1908
4498.787561378081,4498.662561378081,4498.912561378081,2193,1002,1598
4500.5776335601095,4500.3276335601095,4500.8276335601095,2537,962,1750
4505.16961847551,4505.04461847551,4505.29461847551,2514,1027,1771
4509.902905169401,4509.777905169401,4510.027905169401,1048,927,988
4510.984361105474,4510.859361105474,4511.109361105474,1308,1301,1305
4512.578004973785,4512.328004973785,4512.828004973785,673,1006,840
4514.792627775163,4514.667627775163,4514.917627775163,1811,1706,1759
4522.976683344599,4522.726683344599,4523.226683344599,1307,1306,1307
4526.768653522676,4526.518653522676,4527.018653522676,837,1104,971
4523.373346827507,4523.123346827507,4523.623346827507,1757,1262,1510
4525.849591704504,4525.724591704504,4525.974591704504,411,1190,801
4535.992492848492,4535.867492848492,4536.117492848492,1101,1464,1283
4539.003560506378,4538.878560506378,4539.128560506378,1331,1246,1289
4531.262328294387,4531.012328294387,4531.512328294387,1572,565,1069
4526.745924073025,4526.620924073025,4526.870924073025,765,868,817
4522.033894062277,4521.783894062277,4522.283894062277,749,1332,1041
4516.112359031063,4515.737359031063,4516.487359031063,1537,910,1224
4505.672478797517,4505.547478797517,4505.797478797517,2055,876,1466
4509.392687871098,4509.267687871098,4509.517687871098,620,1779,1200
4515.30126977612,4514.92626977612,4515.67626977612,2115,864,1490
4508.4461351135615,4508.3211351135615,4508.5711351135615,806,1715,1261
4515.410471769983,4515.160471769983,4515.660471769983,2021,1482,1752
4509.3001526780145,4509.0501526780145,4509.5501526780145,1398,1955,1677
4502.873046026407,4502.623046026407,4503.123046026407,1840,2011,1926
4504.101544456741,4503.976544456741,4504.226544456741,559,1084,822
4504.870414345882,4504.745414345882,4504.995414345882,1152,1313,1233
4506.37195466291,4505.99695466291,4506.74695466291,986,2225,1606
4503.524571704623,4503.399571704623,4503.649571704623,1066,1261,1164
4497.246159713948,4497.121159713948,4497.371159713948,1377,2204,1791
4499.013025389258,4498.763025389258,4499.263025389258,1325,1786,1556
4502.984654052102,4502.734654052102,4503.234654052102,1352,1877,1615
4493.110058472944,4492.985058472944,4493.235058472944,1196,593,895
4496.194958376034,4496.069958376034,4496.319958376034,2099,870,1485
4494.481839988461,4494.231839988461,4494.731839988461,866,1573,1220
4496.5679606308995,4496.4429606308995,4496.6929606308995,1453,2232,1843
4507.438125900352,4507.313125900352,4507.563125900352,2466,1443,1955
4512.8452760104565,4512.5952760104565,4513.0952760104565,943,2808,1876
4511.005861068572,4510.880861068572,4511.130861068572,1108,1287,1198
4523.219824761311,4523.094824761311,4523.344824761311,1262,525,894
4520.611631426575,4520.361631426575,4520.861631426575,1908,2061,1985
4513.396487282264,4513.146487282264,4513.646487282264,2153,1070,1612
4510.575028358971,4510.325028358971,4510.825028358971,654,1563,1109
4513.802317489899,4513.552317489899,4514.052317489899,850,1917,1384
4513.701930218312,4513.576930218312,4513.826930218312,957,678,818
4513.669440853353,4513.544440853353,4513.794440853353,1459,868,1164
4513.491371311795,4513.366371311795,4513.616371311795,637,1622,1130
4518.4759691213885,4518.3509691213885,4518.6009691213885,1033,1124,1079
4508.119354729169,4507.994354729169,4508.244354729169,992,941,967
4514.3293700347085,4514.0793700347085,4514.5793700347085,1117,2608,1863
4513.340767634891,4513.090767634891,4513.590767634891,2246,1195,1721
4520.002472926729,4519.877472926729,4520.127472926729,1804,1621,1713
4516.673312541656,4516.548312541656,4516.798312541656,1251,1484,1368
4512.347431495817,4512.097431495817,4512.597431495817,1003,644,824
4516.840542129241,4516.715542129241,4516.965542129241,892,873,883
4514.802587827811,4514.677587827811,4514.927587827811,2331,1546,1939
4513.356917647736,4513.106917647736,4513.606917647736,1172,667,920
4516.099201680096,4515.974201680096,4516.224201680096,997,898,948
4518.82692565217,4518.57692565217,4519.07692565217,1666,1357,1512
4517.849698710167,4517.724698710167,4517.974698710167,773,1042,908
4523.923545210827,4523.798545210827,4524.048545210827,2210,871,1541
4520.0238920066895,4519.6488920066895,4520.3988920066895,1837,766,1302
4517.694733335124,4517.569733335124,4517.819733335124,924,1699,1312
4513.0771837634065,4512.9521837634065,4513.2021837634065,2121,1612,1867
4510.289799299147,4510.164799299147,4510.414799299147,910,955,933
4508.483479067007,4508.358479067007,4508.608479067007,1657,1296,1477
4508.767016521076,4508.517016521076,4509.017016521076,731,1554,1143
4509.787192865894,4509.662192865894,4509.912192865894,1580,771,1176
4504.085619674435,4503.960619674435,4504.210619674435,1463,854,1159
4494.223381457528,4494.098381457528,4494.348381457528,1749,1036,1393
4488.46961356775,4488.34461356775,4488.59461356775,849,2202,1526
4495.3295675569725,4495.2045675569725,4495.4545675569725,1737,1706,1722
4492.861564797902,4492.736564797902,4492.986564797902,2395,1324,1860
4492.609717622851,4492.484717622851,4492.734717622851,2414,833,1624
4491.852445145359,4491.727445145359,4491.977445145359,1032,773,903
4490.069111035321,4489.819111035321,4490.319111035321,667,1284,976
4483.4567744413935,4483.3317744413935,4483.5817744413935,1432,1875,1654
4478.687261462936,4478.312261462936,4479.062261462936,1611,634,1123
4484.354679926654,4484.229679926654,4484.479679926654,1213,1814,1514
4480.072758386633,4479.947758386633,4480.197758386633,1631,1628,1630
4483.123060292707,4482.998060292707,4483.248060292707,1291,1818,1555
4484.309884857991,4484.184884857991,4484.434884857991,1332,1059,1196
4480.99638929866,4480.74638929866,4481.24638929866,1343,1086,1215
4477.359015755171,4477.234015755171,4477.484015755171,998,1705,1352
4478.703762303007,4478.578762303007,4478.828762303007,1434,561,998
4484.544502938789,4484.169502938789,4484.919502938789,1160,1197,1179
4482.937050584563,4482.812050584563,4483.062050584563,718,959,839
4485.4729910479755,4485.3479910479755,4485.5979910479755,1781,2040,1911
4486.52925179639,4486.40425179639,4486.65425179639,2345,1056,1701
4492.746454868425,4492.621454868425,4492.871454868425,1026,1677,1352
4499.667332104155,4499.542332104155,4499.792332104155,1951,1000,1476
4506.915484378755,4506.790484378755,4507.040484378755,875,774,825
4500.826578007857,4500.701578007857,4500.951578007857,1333,884,1109
4497.679933472739,4497.304933472739,4498.054933472739,1342,2131,1737
4505.228645422512,4505.103645422512,4505.353645422512,2281,806,1544
4501.427285396918,4501.177285396918,4501.677285396918,1771,614,1193
4502.667660663012,4502.542660663012,4502.792660663012,954,2425,1690
4502.215978055126,4502.090978055126,4502.340978055126,933,1916,1425
4506.405555508831,4506.030555508831,4506.780555508831,801,1432,1117
4507.907433864804,4507.657433864804,4508.157433864804,653,1136,895
4513.023216774588,4512.648216774588,4513.398216774588,1436,1503,1470
4509.5844745523755,4509.2094745523755,4509.9594745523755,1228,2477,1853
4503.317730371188,4503.192730371188,4503.442730371188,1054,757,906
4499.370056361669,4499.120056361669,4499.620056361669,950,1373,1162
4504.892854310315,4504.517854310315,4505.267854310315,786,1581,1184
4506.281159892148,4506.156159892148,4506.406159892148,689,946,818
4507.846615430638,4507.721615430638,4507.971615430638,1434,1773,1604
4505.094468833913,4504.969468833913,4505.219468833913,1248,971,1110
4496.044456230719,4495.919456230719,4496.169456230719,877,1016,947
4496.608232961155,4496.358232961155,4496.858232961155,1908,1115,1512
4492.177323846783,4491.927323846783,4492.427323846783,906,881,894
4500.659416332463,4500.534416332463,4500.784416332463,1280,875,1078
4499.783057784361,4499.408057784361,4500.158057784361,2106,719,1413
4496.4637690789405,4496.3387690789405,4496.5887690789405,1294,877,1086
4491.9957601680935,4491.8707601680935,4492.1207601680935,797,1352,1075
4494.050541440111,4493.675541440111,4494.425541440111,1404,1867,1636
4494.184012620865,4494.059012620865,4494.309012620865,913,2282,1598
4489.233285232795,4489.108285232795,4489.358285232795,1318,1075,1197
4491.119195018142,4490.994195018142,4491.244195018142,1953,870,1412
4497.207805211354,4497.082805211354,4497.332805211354,2727,1022,1875
4493.033815594984,4492.783815594984,4493.283815594984,2144,1093,1619
4498.268160994329,4498.143160994329,4498.393160994329,2434,1415,1925
4495.944633732023,4495.819633732023,4496.069633732023,1324,933,1129
4497.204135697459,4497.079135697459,4497.329135697459,1612,713,1163
4493.535901030429,4493.410901030429,4493.660901030429,1134,1137,1136
4502.401854313573,4502.276854313573,4502.526854313573,2050,1117,1584
4499.175218095008,4499.050218095008,4499.300218095008,827,1970,1399
4494.229055308959,4494.104055308959,4494.354055308959,1899,1032,1466
4486.0882440584655,4485.9632440584655,4486.2132440584655,961,1424,1193
4493.878322594847,4493.503322594847,4494.253322594847,1229,2304,1767
4495.387255855907,4495.262255855907,4495.512255855907,1719,922,1321
4495.310648447141,4495.185648447141,4495.435648447141,590,1093,842
4488.665314351523,4488.540314351523,4488.790314351523,2206,949,1578
4483.83939193979,4483.58939193979,4484.08939193979,1712,947,1330
4487.018796494178,4486.643796494178,4487.393796494178,1440,2111,1776
4486.387430926386,4486.262430926386,4486.512430926386,791,1506,1149
4485.718081056448,4485.593081056448,4485.843081056448,1839,2132,1986
4478.064094492662,4477.939094492662,4478.189094492662,1279,1572,1426
4479.250658729844,4479.125658729844,4479.375658729844,564,1233,899
4467.014432449193,4466.889432449193,4467.139432449193,533,1160,847
4473.229797252263,4473.104797252263,4473.354797252263,1292,2125,1709
4465.935983215833,4465.685983215833,4466.185983215833,956,2185,1571
4467.406934281228,4467.281934281228,4467.531934281228,1297,2698,1998
4471.950682844951,4471.825682844951,4472.075682844951,1138,863,1001
4473.635776144081,4473.510776144081,4473.760776144081,1397,1460,1429
4472.5330332987005,4472.1580332987005,4472.9080332987005,1646,2059,1853
4471.992906222912,4471.867906222912,4472.117906222912,1220,963,1092
4466.878407639139,4466.753407639139,4467.003407639139,2555,1186,1871
4471.659208072282,4471.284208072282,4472.034208072282,2592,1033,1813
4465.090533824405,4464.840533824405,4465.340533824405,1350,981,1166
4462.840535628393,4462.465535628393,4463.215535628393,632,1239,936
4463.567672593891,4463.317672593891,4463.817672593891,1145,1010,1078
4470.978231013957,4470.853231013957,4471.103231013957,1725,1000,1363
4477.092504179923,4476.967504179923,4477.217504179923,1089,1126,1108
4476.908081567892,4476.783081567892,4477.033081567892,1408,487,948
4477.826935736872,4477.576935736872,4478.076935736872,1011,2610,1811
4478.650227385857,4478.525227385857,4478.775227385857,1189,644,917
4477.528819215502,4477.403819215502,4477.653819215502,584,1501,1043
4478.692882517835,4478.317882517835,4479.067882517835,1335,2074,1705
4483.127286462433,4482.752286462433,4483.502286462433,1137,1428,1283
4484.644190206653,4484.519190206653,4484.769190206653,1650,1061,1356
4484.2072407559,4483.9572407559,4484.4572407559,720,1137,929
4487.037261552354,4486.787261552354,4487.287261552354,1733,1666,1700
4494.41294622269,4494.28794622269,4494.53794622269,2390,897,1644
4494.389782122115,4494.139782122115,4494.639782122115,1568,2151,1860
4491.684029249171,4491.559029249171,4491.809029249171,564,1475,1020
4489.884229175592,4489.509229175592,4490.259229175592,889,2526,1708
4492.871034531429,4492.746034531429,4492.996034531429,712,1903,1308
4479.777795888635,4479.652795888635,4479.902795888635,2346,1465,1906
4473.271615985236,4473.021615985236,4473.521615985236,2695,974,1835
4471.461253495314,4471.336253495314,4471.586253495314,1975,1672,1824
4474.6493572449335,4474.5243572449335,4474.7743572449335,940,1641,1291
4466.838135536535,4466.588135536535,4467.088135536535,882,811,847
4461.544922626672,4461.294922626672,4461.794922626672,1158,1549,1354
4458.471528793052,4458.346528793052,4458.596528793052,1813,1122,1468
4459.7004541542565,4459.3254541542565,4460.0754541542565,866,2481,1674
4462.972344995073,4462.722344995073,4463.222344995073,717,1742,1230
4462.264050773877,4462.014050773877,4462.514050773877,1286,439,863
4462.3685989963815,4462.1185989963815,4462.6185989963815,2045,948,1497
4467.6711279687925,4467.4211279687925,4467.9211279687925,2196,861,1529
4470.876526837175,4470.626526837175,4471.126526837175,2198,779,1489
4474.135928961528,4473.760928961528,4474.510928961528,2055,1226,1641
4475.327146778755,4475.202146778755,4475.452146778755,1738,1759,1749
4476.258767395473,4476.008767395473,4476.508767395473,843,2454,1649
4474.701551791226,4474.576551791226,4474.826551791226,1276,705,991
4485.843118357689,4485.718118357689,4485.968118357689,929,1976,1453
4489.972354356453,4489.597354356453,4490.347354356453,2391,1054,1723
4488.072952700587,4487.947952700587,4488.197952700587,1163,2132,1648
4486.512405658925,4486.387405658925,4486.637405658925,1176,1883,1530
4489.437802018529,4489.312802018529,4489.562802018529,888,1125,1007
4480.774945936627,4480.649945936627,4480.899945936627,984,1319,1152
4483.385036734457,4483.135036734457,4483.635036734457,944,1711,1328
4489.193605434121,4488.943605434121,4489.443605434121,1159,1336,1248
4491.397555931526,4491.272555931526,4491.522555931526,1677,572,1125
4491.301391837102,4491.176391837102,4491.426391837102,787,1120,954
4492.887011226836,4492.762011226836,4493.012011226836,1046,617,832
4492.898973629218,4492.773973629218,4493.023973629218,646,1757,1202
4486.4244210178285,4486.2994210178285,4486.5494210178285,1812,1617,1715
4486.858306115301,4486.608306115301,4487.108306115301,1374,2459,1917
4489.954313768103,4489.829313768103,4490.079313768103,1507,2476,1992
4477.807506057587,4477.557506057587,4478.057506057587,770,1039,905
4482.301488146046,4482.176488146046,4482.426488146046,1960,1235,1598
4479.933511559285,4479.808511559285,4480.058511559285,2398,1063,1731
4479.440232409935,4479.315232409935,4479.565232409935,2702,1205,1954
4475.989484511757,4475.864484511757,4476.114484511757,1366,773,1070
4472.185961995663,4472.060961995663,4472.310961995663,1592,879,1236
4459.345246914176,4459.220246914176,4459.470246914176,2082,1137,1610
4449.85784910369,4449.73284910369,4449.98284910369,900,1333,1117
4455.931476822108,4455.806476822108,4456.056476822108,1724,635,1180
4456.625078660729,4456.375078660729,4456.875078660729,1246,689,968
4462.304204169713,4461.929204169713,4462.679204169713,1033,2850,1942
4456.481454092149,4456.231454092149,4456.731454092149,2790,1023,1907
4459.176981144897,4458.926981144897,4459.426981144897,967,2186,1577
4462.563053384283,4462.313053384283,4462.813053384283,2462,1061,1762
4463.719197334056,4463.469197334056,4463.969197334056,1675,1664,1670
4460.624291579904,4460.499291579904,4460.749291579904,1889,1748,1819
4458.477079731149,4458.352079731149,4458.602079731149,1741,856,1299
4453.895101964558,4453.770101964558,4454.020101964558,1415,2422,1919
4454.878456657867,4454.753456657867,4455.003456657867,1206,2285,1746
4454.276646400323,4454.151646400323,4454.401646400323,1398,1743,1571
4461.540087964356,4461.415087964356,4461.665087964356,1907,1564,1736
4462.475702568802,4462.350702568802,4462.600702568802,699,948,824
4463.888727539542,4463.638727539542,4464.138727539542,1647,1560,1604
4471.228108135455,4470.978108135455,4471.478108135455,1511,1894,1703
4470.598796807064,4470.473796807064,4470.723796807064,1929,648,1289
4478.665249068536,4478.290249068536,4479.040249068536,1083,1826,1455
4477.513733501879,4477.138733501879,4477.888733501879,1216,543,880
4484.622551518521,4484.497551518521,4484.747551518521,1094,2621,1858
4484.127698264306,4484.002698264306,4484.252698264306,1552,1487,1520
4477.682944476024,4477.557944476024,4477.807944476024,595,1374,985
4477.127606108839,4477.002606108839,4477.252606108839,1388,1191,1290
4478.5467103129495,4478.2967103129495,4478.7967103129495,1594,1367,1481
4482.068098702377,4481.818098702377,4482.318098702377,1166,1685,1426
4478.658065844381,4478.408065844381,4478.908065844381,1061,1514,1288
4470.416002616154,4470.166002616154,4470.666002616154,2068,987,1528
4471.550330275498,4471.425330275498,4471.675330275498,1616,895,1256
4472.200972654255,4472.075972654255,4472.325972654255,996,643,820
4478.251003928032,4478.001003928032,4478.501003928032,1518,1753,1636
4471.74366381192,4471.49366381192,4471.99366381192,462,1299,881
4471.106289381581,4470.981289381581,4471.231289381581,881,1748,1315
4466.886002830985,4466.636002830985,4467.136002830985,1773,1198,1486
4460.640697208774,4460.390697208774,4460.890697208774,1241,2518,1880
4456.078335668721,4455.953335668721,4456.203335668721,1931,1278,1605
4468.508418734472,4468.133418734472,4468.883418734472,1724,859,1292
4463.809775878577,4463.559775878577,4464.059775878577,1889,1002,1446
4465.727687993118,4465.602687993118,4465.852687993118,1065,624,845
4467.559874167825,4467.434874167825,4467.684874167825,1201,1550,1376
4470.086758468433,4469.836758468433,4470.336758468433,1267,1346,1307
4471.678635825326,4471.553635825326,4471.803635825326,1163,1320,1242
4472.532505235056,4472.282505235056,4472.782505235056,890,1057,974
4469.179007086886,4469.054007086886,4469.304007086886,1565,1492,1529
4474.272565861618,4474.022565861618,4474.522565861618,786,1843,1315
4477.547706868011,4477.422706868011,4477.672706868011,2343,1128,1736
4473.188343472242,4472.813343472242,4473.563343472242,1767,1652,1710
4474.929438363174,4474.679438363174,4475.179438363174,833,2292,1563
4476.696005822017,4476.571005822017,4476.821005822017,1686,1147,1417
4479.407395548709,4479.157395548709,4479.657395548709,636,1375,1006
4478.794426599713,4478.669426599713,4478.919426599713,901,1148,1025
4479.0574724321,4478.9324724321,4479.1824724321,941,2292,1617
4483.962871644251,4483.837871644251,4484.087871644251,1359,812,1086
4489.681917196747,4489.431917196747,4489.931917196747,1238,551,895
4494.644529248823,4494.269529248823,4495.019529248823,1317,1416,1367
4487.159786245188,4486.909786245188,4487.409786245188,1263,1216,1240
4492.882711454038,4492.757711454038,4493.007711454038,900,763,832
4493.733377176955,4493.483377176955,4493.983377176955,862,875,869
4494.073352748983,4493.823352748983,4494.323352748983,1293,2258,1776
4506.789933092193,4506.414933092193,4507.164933092193,1520,2277,1899
4497.622793500601,4497.497793500601,4497.747793500601,1894,1373,1634
4496.4436654381025,4496.3186654381025,4496.5686654381025,1941,818,1380
4498.991249129735,4498.741249129735,4499.241249129735,943,742,843
4506.26567242607,4505.89067242607,4506.64067242607,1447,1506,1477
4498.499411941569,4498.249411941569,4498.749411941569,851,1186,1019
4502.076478376517,4501.951478376517,4502.201478376517,1714,1451,1583
4493.330979743629,4493.080979743629,4493.580979743629,1426,2203,1815
4493.583862595785,4493.458862595785,4493.708862595785,1947,1242,1595
4492.40470294044,4492.27970294044,4492.52970294044,1242,727,985
4493.694049955513,4493.569049955513,4493.819049955513,797,2378,1588
4488.798171384181,4488.673171384181,4488.923171384181,936,1531,1234
4479.394971956812,4479.144971956812,4479.644971956812,2130,1211,1671
4477.448504872103,4477.198504872103,4477.698504872103,1082,2369,1726
4476.642831861077,4476.267831861077,4477.017831861077,2399,1114,1757
4480.737235437182,4480.362235437182,4481.112235437182,1039,622,831
4480.58716963969,4480.21216963969,4480.96216963969,1383,2060,1722
4487.132440411907,4487.007440411907,4487.257440411907,2035,1636,1836
4497.414313203713,4497.164313203713,4497.664313203713,904,935,920
4493.763059516996,4493.638059516996,4493.888059516996,846,1563,1205
4493.540948334313,4493.415948334313,4493.665948334313,2208,1411,1810
4489.288799986784,4489.163799986784,4489.413799986784,1777,610,1194
4484.170111372198,4483.920111372198,4484.420111372198,637,1070,854
4486.652119237059,4486.527119237059,4486.777119237059,754,1327,1041
4481.4658543241,4481.3408543241,4481.5908543241,1289,1306,1298
4483.178191419058,4483.053191419058,4483.303191419058,1334,1495,1415
4481.869499808288,4481.744499808288,4481.994499808288,968,2129,1549
4492.0154599995885,4491.8904599995885,4492.1404599995885,533,1334,934
4491.187604853253,4491.062604853253,4491.312604853253,1027,908,968
4485.220907739226,4484.970907739226,4485.470907739226,2599,1208,1904
4492.580274227999,4492.330274227999,4492.830274227999,1342,1777,1560
4493.625900801026,4493.500900801026,4493.750900801026,1555,2374,1965
4489.309668261683,4489.184668261683,4489.434668261683,1392,1381,1387
4488.474306691374,4488.349306691374,4488.599306691374,2136,927,1532
4493.510146566796,4493.260146566796,4493.760146566796,1938,675,1307
4500.319684842506,4500.194684842506,4500.444684842506,1517,2304,1911
4497.7292596143525,4497.6042596143525,4497.8542596143525,1029,2864,1947
4504.840661471627,4504.590661471627,4505.090661471627,996,2173,1585
4500.131012025223,4500.006012025223,4500.256012025223,871,2428,1650
4509.271041061138,4509.021041061138,4509.521041061138,1315,494,905
4506.613701578893,4506.363701578893,4506.863701578893,1181,1044,1113
4501.428939933372,4501.303939933372,4501.553939933372,1028,577,803
4502.249455858932,4502.124455858932,4502.374455858932,1250,2663,1957
4499.856124721193,4499.731124721193,4499.981124721193,1322,1133,1228
4510.350931492805,4510.225931492805,4510.475931492805,1067,934,1001
4511.812454787713,4511.687454787713,4511.937454787713,942,1469,1206
4520.574411924794,4520.449411924794,4520.699411924794,2009,1006,1508
4517.024266915452,4516.899266915452,4517.149266915452,884,2153,1519
4513.282492961881,4513.157492961881,4513.407492961881,1493,674,1084
4514.076674908458,4513.951674908458,4514.201674908458,2246,1621,1934
4519.386848060085,4519.011848060085,4519.761848060085,1129,590,860
4521.853061721206,4521.603061721206,4522.103061721206,1527,768,1148
4518.526677922496,4518.276677922496,4518.776677922496,993,1118,1056
4519.351325536967,4519.101325536967,4519.601325536967,810,1791,1301
4520.8517427374845,4520.7267427374845,4520.9767427374845,1381,670,1026
4517.00025794486,4516.87525794486,4517.12525794486,2497,1158,1828
4508.738344877601,4508.613344877601,4508.863344877601,1702,1759,1731
4517.085547664874,4516.960547664874,4517.210547664874,2294,1501,1898
4520.42218868988,4520.04718868988,4520.79718868988,438,1163,801
4516.827075462531,4516.577075462531,4517.077075462531,1062,817,940
4516.115260756516,4515.990260756516,4516.240260756516,847,1172,1010
4519.146055490412,4519.021055490412,4519.271055490412,1736,809,1273
4516.49901632564,4516.37401632564,4516.62401632564,635,1416,1026
4515.809545744556,4515.684545744556,4515.934545744556,990,2265,1628
4522.254773565142,4522.129773565142,4522.379773565142,894,2341,1618
4520.094768798279,4519.969768798279,4520.219768798279,658,1023,841
4510.616749302445,4510.491749302445,4510.741749302445,1364,1199,1282
4510.79848790146,4510.67348790146,4510.92348790146,1595,1770,1683
4496.712985149038,4496.587985149038,4496.837985149038,1398,1531,1465
4497.927746485491,4497.677746485491,4498.177746485491,1223,1478,1351
4495.949022114926,4495.824022114926,4496.074022114926,667,1950,1309
4498.133484430713,4497.883484430713,4498.383484430713,2326,897,1612
4497.953861118556,4497.703861118556,4498.203861118556,1664,999,1332
4496.169821657988,4495.794821657988,4496.544821657988,1417,1596,1507
4488.037392593313,4487.912392593313,4488.162392593313,1750,2167,1959
4483.158132414339,4483.033132414339,4483.283132414339,1863,802,1333
4492.270218791334,4492.145218791334,4492.395218791334,692,1791,1242
4492.002251350177,4491.752251350177,4492.252251350177,2268,887,1578
4487.420202843691,4487.295202843691,4487.545202843691,2461,1178,1820
4487.966368370814,4487.841368370814,4488.091368370814,971,1206,1089
4482.22602779183,4482.10102779183,4482.35102779183,2465,936,1701
4486.1806524086605,4485.9306524086605,4486.4306524086605,1199,2424,1812
4490.292329247717,4490.167329247717,4490.417329247717,2029,942,1486
4496.2735659501195,4496.1485659501195,4496.3985659501195,657,1090,874
4506.115457361458,4505.740457361458,4506.490457361458,1530,957,1244
4502.710861916474,4502.585861916474,4502.835861916474,745,2022,1384
4503.375767156536,4503.250767156536,4503.500767156536,1273,632,953
4499.129219148942,4498.754219148942,4499.504219148942,1563,1882,1723
4494.411186518973,4494.161186518973,4494.661186518973,1124,689,907
4488.536263122687,4488.161263122687,4488.911263122687,737,864,801
4483.074929390223,4482.699929390223,4483.449929390223,1600,1991,1796
4484.291144427817,4484.166144427817,4484.416144427817,1544,1475,1510
4484.770094194899,4484.520094194899,4485.020094194899,1398,2087,1743
4477.720981863681,4477.470981863681,4477.970981863681,1649,1942,1796
4479.239303248393,4479.114303248393,4479.364303248393,1297,1198,1248
4480.731201744019,4480.606201744019,4480.856201744019,1797,954,1376
4483.418740229449,4483.168740229449,4483.668740229449,1123,2706,1915
4485.385098163887,4485.135098163887,4485.635098163887,1087,578,833
4484.821577711781,4484.446577711781,4485.196577711781,1482,859,1171
4489.274635651663,4489.024635651663,4489.524635651663,1061,1038,1050
4491.2649655454925,4491.1399655454925,4491.3899655454925,1858,879,1369
4489.152075468663,4489.027075468663,4489.277075468663,420,1205,813
4490.45818581991,4490.33318581991,4490.58318581991,1312,1267,1290
4492.228999554184,4492.103999554184,4492.353999554184,895,860,878
4495.692791184502,4495.567791184502,4495.817791184502,937,2766,1852
4494.408701842975,4494.158701842975,4494.658701842975,1048,2789,1919
4497.618266192963,4497.493266192963,4497.743266192963,998,1599,1299
4497.16989909036,4497.04489909036,4497.29489909036,2624,947,1786
4497.281635730002,4496.906635730002,4497.656635730002,1731,2048,1890
4498.018671744014,4497.768671744014,4498.268671744014,582,1297,940
4496.732762898656,4496.482762898656,4496.982762898656,1855,1906,1881
4494.864681109368,4494.614681109368,4495.114681109368,627,976,802
4495.599852753296,4495.474852753296,4495.724852753296,1465,1866,1666
4494.863360704722,4494.738360704722,4494.988360704722,1609,2334,1972
4489.396071518709,4489.271071518709,4489.521071518709,1259,756,1008
4489.35012987003,4489.10012987003,4489.60012987003,1394,987,1191
4490.730367513009,4490.355367513009,4491.105367513009,846,1605,1226
4497.1055610405165,4496.8555610405165,4497.3555610405165,1234,863,1049
4497.673077294588,4497.548077294588,4497.798077294588,846,1821,1334
4503.761152881786,4503.636152881786,4503.886152881786,1780,1775,1778
4503.346362638998,4503.221362638998,4503.471362638998,1464,2001,1733
4506.861295656531,4506.736295656531,4506.986295656531,1245,876,1061
4508.621627676489,4508.496627676489,4508.746627676489,2002,727,1365
4502.748403014909,4502.498403014909,4502.998403014909,966,1671,1319
4499.889443776639,4499.639443776639,4500.139443776639,1358,519,939
4503.344334939987,4503.219334939987,4503.469334939987,1632,2281,1957
4506.124037888573,4505.749037888573,4506.499037888573,966,1323,1145
4508.280621050662,4508.155621050662,4508.405621050662,1661,1036,1349
4509.840557915425,4509.715557915425,4509.965557915425,705,1158,932
4513.884801538669,4513.509801538669,4514.259801538669,804,1907,1356
4514.308268043299,4514.183268043299,4514.433268043299,773,2162,1468
4512.079234948018,4511.829234948018,4512.329234948018,959,2866,1913
4518.765346404723,4518.640346404723,4518.890346404723,1618,1071,1345
4516.560047893957,4516.310047893957,4516.810047893957,1208,2283,1746
4511.57897208628,4511.45397208628,4511.70397208628,2430,1023,1727
4511.595070443962,4511.470070443962,4511.720070443962,828,861,845
4508.9354529648635,4508.8104529648635,4509.0604529648635,996,1631,1314
4505.764490364185,4505.639490364185,4505.889490364185,1193,732,963
4507.533242653363,4507.158242653363,4507.908242653363,1101,1800,1451
4504.061638106095,4503.811638106095,4504.311638106095,2413,1114,1764
4507.3370074096765,4507.2120074096765,4507.4620074096765,1538,605,1072
4506.4707036087175,4506.0957036087175,4506.8457036087175,2100,725,1413
4503.5435694017815,4503.4185694017815,4503.6685694017815,1514,1409,1462
4507.385176325246,4507.260176325246,4507.510176325246,825,848,837
4509.960236271975,4509.710236271975,4510.210236271975,2625,1034,1830
4508.991597874745,4508.741597874745,4509.241597874745,2372,873,1623
4508.530808644848,4508.280808644848,4508.780808644848,1989,944,1467
4512.904295561762,4512.779295561762,4513.029295561762,2443,860,1652
4516.694581734274,4516.444581734274,4516.944581734274,1629,2000,1815
4517.987293617777,4517.612293617777,4518.362293617777,712,2065,1389
4524.081402598708,4523.956402598708,4524.206402598708,1345,862,1104
4530.749690752196,4530.624690752196,4530.874690752196,1205,1404,1305
4538.811670630031,4538.436670630031,4539.186670630031,1300,2563,1932
4539.900129208517,4539.775129208517,4540.025129208517,1049,992,1021
4543.179483370128,4543.054483370128,4543.304483370128,1363,1212,1288
4540.187711713441,4539.937711713441,4540.437711713441,1652,1691,1672
4537.70282726047,4537.45282726047,4537.95282726047,1532,697,1115
4536.738562947432,4536.488562947432,4536.988562947432,994,2307,1651
4538.386467425781,4538.136467425781,4538.636467425781,2874,989,1932
4537.386123535207,4537.261123535207,4537.511123535207,1712,1003,1358
4535.891551155521,4535.766551155521,4536.016551155521,856,1597,1227
4527.6840647457575,4527.5590647457575,4527.8090647457575,1885,1796,1841
4525.704981761355,4525.579981761355,4525.829981761355,1686,993,1340
4522.826328112506,4522.701328112506,4522.951328112506,736,1241,989
4526.554776161176,4526.304776161176,4526.804776161176,1215,604,910
4531.515346441275,4531.390346441275,4531.640346441275,2718,1025,1872
4532.968366338634,4532.593366338634,4533.343366338634,1999,1436,1718
4531.51682389469,4531.26682389469,4531.76682389469,1484,1855,1670
4534.771570770208,4534.521570770208,4535.021570770208,1218,1237,1228
4541.294555424417,4541.169555424417,4541.419555424417,723,1410,1067
4541.202804983808,4541.077804983808,4541.327804983808,1118,863,991
4545.926417623281,4545.676417623281,4546.176417623281,2336,1285,1811
4553.168608990884,4552.918608990884,4553.418608990884,1610,1995,1803
4551.317469632154,4551.192469632154,4551.442469632154,1208,541,875
4545.793381010963,4545.668381010963,4545.918381010963,1568,875,1222
4542.809243067937,4542.684243067937,4542.934243067937,1181,2524,1853
4544.0936951810545,4543.9686951810545,4544.2186951810545,1277,1704,1491
4537.95480461173,4537.82980461173,4538.07980461173,1060,1227,1144
4539.923861387537,4539.798861387537,4540.048861387537,818,1065,942
4543.544849249929,4543.419849249929,4543.669849249929,1079,2556,1818
4545.206292814519,4545.081292814519,4545.331292814519,1057,708,883
4544.907164733224,4544.657164733224,4545.157164733224,749,2196,1473
4547.493827148907,4547.368827148907,4547.618827148907,1847,1252,1550
4552.899122864574,4552.774122864574,4553.024122864574,2017,1306,1662
4553.562495406032,4553.312495406032,4553.812495406032,1022,2195,1609
4554.073298534598,4553.948298534598,4554.198298534598,562,1501,1032
4554.132703028282,4553.882703028282,4554.382703028282,2242,1723,1983
4561.02810437458,4560.90310437458,4561.15310437458,1630,2363,1997
4558.913476643465,4558.788476643465,4559.038476643465,467,1344,906
4560.352660219549,4560.102660219549,4560.602660219549,999,1738,1369
4558.384369750683,4558.134369750683,4558.634369750683,690,1717,1204
4558.712293649165,4558.587293649165,4558.837293649165,1571,904,1238
4559.766114166623,4559.641114166623,4559.891114166623,927,2114,1521
4557.538864808952,4557.413864808952,4557.663864808952,989,1160,1075
4552.640682203467,4552.515682203467,4552.765682203467,844,1949,1397
4555.767247181949,4555.517247181949,4556.017247181949,764,1133,949
4555.202027224961,4554.952027224961,4555.452027224961,1369,660,1015
4558.436202392424,4558.311202392424,4558.561202392424,1689,1108,1399
4561.621612622692,4561.371612622692,4561.871612622692,1386,1923,1655
4561.386879229745,4561.136879229745,4561.636879229745,2136,1371,1754
4563.414948427982,4563.289948427982,4563.539948427982,1518,1345,1432
4570.196023887444,4569.821023887444,4570.571023887444,1283,434,859
4572.8358449205525,4572.4608449205525,4573.2108449205525,1886,1079,1483
4569.4025864927735,4569.0275864927735,4569.7775864927735,1657,624,1141
4572.244893556253,4571.994893556253,4572.494893556253,1720,1465,1593
4573.136988376041,4572.761988376041,4573.511988376041,2518,1267,1893
4583.770915151554,4583.645915151554,4583.895915151554,995,684,840
4579.265127646714,4579.140127646714,4579.390127646714,2615,1220,1918
4578.020771309219,4577.895771309219,4578.145771309219,786,1029,908
4576.051893249967,4575.801893249967,4576.301893249967,822,2053,1438
4579.809434468759,4579.559434468759,4580.059434468759,1443,1296,1370
4586.182178598455,4585.807178598455,4586.557178598455,1316,1813,1565
4589.496428735233,4589.371428735233,4589.621428735233,833,1758,1296
4601.5615563027795,4601.1865563027795,4601.9365563027795,1825,1166,1496
4606.319317968864,4605.944317968864,4606.694317968864,933,2128,1531
4607.696226817109,4607.446226817109,4607.946226817109,1670,1039,1355
4603.519530764927,4603.394530764927,4603.644530764927,622,997,810
4602.443567561336,4602.193567561336,4602.693567561336,747,1408,1078
4603.575845167378,4603.450845167378,4603.700845167378,1020,2597,1809
4608.514937722863,4608.139937722863,4608.889937722863,1714,1261,1488
4612.366007921623,4612.116007921623,4612.616007921623,1070,1133,1102
4612.229795415672,4612.104795415672,4612.354795415672,1161,544,853
4613.566828025478,4613.191828025478,4613.941828025478,2056,1649,1853
4616.416904182206,4616.291904182206,4616.541904182206,2568,1327,1948
4612.197766135679,4611.822766135679,4612.572766135679,926,2687,1807
4613.212391651081,4613.087391651081,4613.337391651081,1149,666,908
4618.374549387904,4618.249549387904,4618.499549387904,1636,2237,1937
4621.3327817405525,4621.2077817405525,4621.4577817405525,2189,1364,1777
4618.498966819648,4618.123966819648,4618.873966819648,905,1244,1075
4618.927452291247,4618.677452291247,4619.177452291247,1869,1880,1875
4618.864796042433,4618.739796042433,4618.989796042433,984,769,877
4623.401966111777,4623.276966111777,4623.526966111777,1003,1636,1320
4614.585712264535,4614.335712264535,4614.835712264535,1879,786,1333
4611.060471452199,4610.935471452199,4611.185471452199,633,1170,902
4612.759082759388,4612.634082759388,4612.884082759388,1018,1341,1180
4614.296933991059,4614.046933991059,4614.546933991059,1212,1701,1457
4615.269262315358,4615.019262315358,4615.519262315358,999,2546,1773
4618.73916522193,4618.61416522193,4618.86416522193,715,1848,1282
4616.593074619089,4616.468074619089,4616.718074619089,1954,1923,1939
4621.505829009805,4621.380829009805,4621.630829009805,1533,1080,1307
4621.913316038207,4621.788316038207,4622.038316038207,727,886,807
4628.051906601119,4627.801906601119,4628.301906601119,1571,1792,1682
4627.561343208224,4627.436343208224,4627.686343208224,1832,997,1415
4622.440840564584,4622.315840564584,4622.565840564584,1769,950,1360
4626.995537592052,4626.620537592052,4627.370537592052,1669,1120,1395
4625.263224361046,4625.138224361046,4625.388224361046,952,1657,1305
4626.125218168731,4625.875218168731,4626.375218168731,1890,1141,1516
4634.886360732271,4634.761360732271,4635.011360732271,1122,2333,1728
4636.109408458009,4635.984408458009,4636.234408458009,1706,2101,1904
4636.8068170944425,4636.6818170944425,4636.9318170944425,1687,916,1302
4639.909360642115,4639.784360642115,4640.034360642115,1744,1137,1441
4646.014727282938,4645.889727282938,4646.139727282938,709,1152,931
4651.344648649337,4651.219648649337,4651.469648649337,1745,1576,1661
4654.521317373322,4654.146317373322,4654.896317373322,2020,1427,1724
4654.049317817489,4653.924317817489,4654.174317817489,653,1830,1242
4656.265948992608,4656.140948992608,4656.390948992608,1369,1580,1475
4666.49589552189,4666.24589552189,4666.74589552189,841,1986,1414
4670.870008391342,4670.495008391342,4671.245008391342,1410,515,963
4671.165441037104,4671.040441037104,4671.290441037104,2827,954,1891
4667.707325785203,4667.582325785203,4667.832325785203,983,866,925
4664.280133714956,4663.905133714956,4664.655133714956,1023,1772,1398
4661.511235521809,4661.261235521809,4661.761235521809,1462,495,979
4660.341698548482,4660.216698548482,4660.466698548482,1738,661,1200
4663.88206591756,4663.50706591756,4664.25706591756,1194,1513,1354
4667.297592446571,4666.922592446571,4667.672592446571,2004,1543,1774
4665.392700379072,4665.142700379072,4665.642700379072,1334,995,1165
4670.095986111144,4669.970986111144,4670.220986111144,1111,754,933
4671.860224812124,4671.735224812124,4671.985224812124,799,2178,1489
4675.829950960984,4675.579950960984,4676.079950960984,2372,1455,1914
4672.276675153379,4672.151675153379,4672.401675153379,1930,801,1366
4675.28081245971,4675.15581245971,4675.40581245971,609,1254,932
4670.140762376718,4669.890762376718,4670.390762376718,2041,1300,1671
4669.664794260538,4669.539794260538,4669.789794260538,2347,1128,1738
4675.191258712725,4674.816258712725,4675.566258712725,1493,966,1230
4681.446721535753,4681.071721535753,4681.821721535753,1513,730,1122
4689.371122371129,4688.996122371129,4689.746122371129,2085,1912,1999
4694.038922348563,4693.913922348563,4694.163922348563,940,1349,1145
4695.973138116223,4695.848138116223,4696.098138116223,1970,1383,1677
4698.442554688226,4698.192554688226,4698.692554688226,1979,942,1461
4689.398467962768,4689.273467962768,4689.523467962768,2368,1433,1901
4686.003850176405,4685.628850176405,4686.378850176405,1494,643,1069
4685.313936187924,4685.188936187924,4685.438936187924,806,881,844
4683.032161201932,4682.657161201932,4683.407161201932,470,1361,916
4686.651999161313,4686.526999161313,4686.776999161313,891,1814,1353
4687.347107657898,4687.222107657898,4687.472107657898,2129,904,1517
4682.281677825958,4682.031677825958,4682.531677825958,1287,2202,1745
4685.347359618201,4685.097359618201,4685.597359618201,907,2266,1587
4680.211818620717,4680.086818620717,4680.336818620717,1588,1191,1390
4679.523175576513,4679.148175576513,4679.898175576513,2187,1576,1882
4682.661101978382,4682.286101978382,4683.036101978382,1179,478,829
4675.39350807667,4675.26850807667,4675.51850807667,1391,810,1101
4675.2121848156,4675.0871848156,4675.3371848156,1795,1856,1826
4674.183606108422,4674.058606108422,4674.308606108422,2067,690,1379
4671.923787153645,4671.673787153645,4672.173787153645,1199,492,846
4677.061978263146,4676.936978263146,4677.186978263146,1537,1980,1759
4673.7215362310235,4673.5965362310235,4673.8465362310235,833,2116,1475
4669.952920171695,4669.827920171695,4670.077920171695,468,1329,899
4666.419119002288,4666.044119002288,4666.794119002288,1805,1330,1568
4667.015902729716,4666.765902729716,4667.265902729716,1267,1224,1246
4665.532261861282,4665.407261861282,4665.657261861282,927,1830,1379
4660.3334213965745,4660.0834213965745,4660.5834213965745,1310,1527,1419
4659.45495880541,4659.20495880541,4659.70495880541,1989,830,1410
4659.451875035696,4659.326875035696,4659.576875035696,2137,728,1433
4659.925181723825,4659.550181723825,4660.300181723825,1918,1095,1507
4658.505416816675,4658.255416816675,4658.755416816675,1106,1685,1396
4663.542624000705,4663.417624000705,4663.667624000705,1340,491,916
4671.6916568062625,4671.5666568062625,4671.8166568062625,1211,420,816
4672.226246897918,4671.976246897918,4672.476246897918,2245,1056,1651
4674.712267094478,4674.587267094478,4674.837267094478,1200,1249,1225
4676.311680414972,4676.061680414972,4676.561680414972,1668,833,1251
4672.996506300942,4672.871506300942,4673.121506300942,1555,1594,1575
4675.945275729909,4675.695275729909,4676.195275729909,1882,685,1284
4679.798140858144,4679.673140858144,4679.923140858144,2100,1809,1955
4673.437960020412,4673.312960020412,4673.562960020412,1069,1570,1320
4673.242168163204,4672.992168163204,4673.492168163204,938,1451,1195
4668.091715460974,4667.841715460974,4668.341715460974,1239,1566,1403
4666.534920352856,4666.159920352856,4666.909920352856,929,2290,1610
4660.605875450969,4660.230875450969,4660.980875450969,1634,983,1309
4656.860439123963,4656.735439123963,4656.985439123963,571,1686,1129
4658.159748114772,4657.909748114772,4658.409748114772,1452,2433,1943
4659.961078767635,4659.586078767635,4660.336078767635,1810,1671,1741
4658.357703133343,4657.982703133343,4658.732703133343,1835,1638,1737
4667.348213289903,4667.098213289903,4667.598213289903,772,2081,1427
4666.560218364131,4666.310218364131,4666.810218364131,2288,985,1637
4667.476428658274,4667.351428658274,4667.601428658274,895,2192,1544
4664.125888303006,4663.875888303006,4664.375888303006,799,1068,934
4664.636650839344,4664.511650839344,4664.761650839344,974,1461,1218
4670.479815395761,4670.354815395761,4670.604815395761,957,1334,1146
4667.228041458866,4666.978041458866,4667.478041458866,1527,2238,1883
4670.863468606662,4670.613468606662,4671.113468606662,1800,909,1355
4678.397407017526,4678.272407017526,4678.522407017526,1497,1082,1290
4678.744405956153,4678.619405956153,4678.869405956153,1249,2326,1788
4680.4693688394445,4680.0943688394445,4680.8443688394445,1909,1434,1672
4671.099561693985,4670.849561693985,4671.349561693985,750,1105,928
4673.482312848461,4673.357312848461,4673.607312848461,2849,1088,1969
4669.6119250602405,4669.4869250602405,4669.7369250602405,1327,500,914
4675.363563488575,4675.238563488575,4675.488563488575,2448,879,1664
4680.722463952234,4680.472463952234,4680.972463952234,1608,1065,1337
4684.257134496739,4684.007134496739,4684.507134496739,450,1229,840
4680.362239691436,4680.237239691436,4680.487239691436,1832,999,1416
4689.42585366464,4689.30085366464,4689.55085366464,2594,1259,1927
4694.221216534101,4693.971216534101,4694.471216534101,1038,639,839
4701.459061426149,4701.334061426149,4701.584061426149,812,791,802
4704.625360716359,4704.250360716359,4705.000360716359,1077,852,965
4705.860190291261,4705.610190291261,4706.110190291261,2477,860,1669
4710.997881922161,4710.747881922161,4711.247881922161,944,769,857
4713.628474463564,4713.503474463564,4713.753474463564,2888,1017,1953
4717.57862294143,4717.20362294143,4717.95362294143,1422,1123,1273
4706.71129566341,4706.58629566341,4706.83629566341,1693,1498,1596
4708.46699909818,4708.21699909818,4708.71699909818,2134,771,1453
4715.907711106052,4715.782711106052,4716.032711106052,1709,2060,1885
4719.094864335409,4718.969864335409,4719.219864335409,1647,754,1201
4714.148799432196,4713.898799432196,4714.398799432196,658,1877,1268
4696.376430043122,4696.251430043122,4696.501430043122,2726,1249,1988
4695.141778706174,4695.016778706174,4695.266778706174,2097,1840,1969
4687.1784012674,4687.0534012674,4687.3034012674,654,1313,984
4692.902791957205,4692.652791957205,4693.152791957205,1721,1972,1847
4699.607593439054,4699.482593439054,4699.732593439054,726,1379,1053
4696.806324304223,4696.681324304223,4696.931324304223,2092,1171,1632
4697.732779997705,4697.607779997705,4697.857779997705,612,1367,990
4706.982889685015,4706.732889685015,4707.232889685015,2521,1290,1906
4704.540611028584,4704.415611028584,4704.665611028584,2049,686,1368
4716.305774264337,4716.180774264337,4716.430774264337,1363,1914,1639
4716.149441021921,4715.774441021921,4716.524441021921,604,1523,1064
4706.800211206752,4706.550211206752,4707.050211206752,1064,735,900
4706.307231338044,4706.182231338044,4706.432231338044,1972,1081,1527
4708.07320178437,4707.82320178437,4708.32320178437,1715,1556,1636
4712.487445470515,4712.237445470515,4712.737445470515,621,1468,1045
4716.05590442898,4715.80590442898,4716.30590442898,1255,534,895
4716.670806919476,4716.545806919476,4716.795806919476,2129,974,1552
4718.655535966177,4718.280535966177,4719.030535966177,1141,896,1019
4718.907613061616,4718.782613061616,4719.032613061616,1564,2015,1790
4716.736125876585,4716.486125876585,4716.986125876585,958,739,849
4709.353475942242,4709.103475942242,4709.603475942242,1061,980,1021
4705.816227363621,4705.566227363621,4706.066227363621,1448,879,1164
4708.190330686245,4707.940330686245,4708.440330686245,1097,678,888
4707.380478261822,4707.255478261822,4707.505478261822,821,868,845
4705.217794836234,4704.967794836234,4705.467794836234,1500,1719,1610
4703.375692423206,4703.250692423206,4703.500692423206,1144,1103,1124
4702.215282102341,4702.090282102341,4702.340282102341,730,1223,977
4701.012605311211,4700.887605311211,4701.137605311211,2724,949,1837
4704.110037998861,4703.985037998861,4704.235037998861,649,1524,1087
4702.409269264545,4702.159269264545,4702.659269264545,1425,1442,1434
4699.300934726245,4699.050934726245,4699.550934726245,989,1284,1137
4699.86818016109,4699.74318016109,4699.99318016109,836,1133,985
4696.973400162477,4696.598400162477,4697.348400162477,2065,1204,1635
4698.861390509367,4698.736390509367,4698.986390509367,1320,1221,1271
4705.744071050884,4705.619071050884,4705.869071050884,1140,1563,1352
4704.696172022177,4704.571172022177,4704.821172022177,796,1789,1293
4713.006767902494,4712.756767902494,4713.256767902494,1273,1176,1225
4714.303779949574,4713.928779949574,4714.678779949574,974,1207,1091
4705.963499347292,4705.838499347292,4706.088499347292,2836,961,1899
4708.170804159669,4707.920804159669,4708.420804159669,762,1153,958
4711.624265750231,4711.374265750231,4711.874265750231,1281,1850,1566
4709.295660724606,4708.920660724606,4709.670660724606,1368,755,1062
4707.26761795819,4707.01761795819,4707.51761795819,1976,1787,1882
4702.481350586295,4702.231350586295,4702.731350586295,2014,903,1459
4707.655137185487,4707.530137185487,4707.780137185487,975,724,850
4707.273429585357,4707.148429585357,4707.398429585357,767,1370,1069
4708.532884012465,4708.407884012465,4708.657884012465,1007,1542,1275
4710.541548688459,4710.166548688459,4710.916548688459,2168,1633,1901
4711.564144813982,4711.314144813982,4711.814144813982,2395,1104,1750
4713.007791502417,4712.882791502417,4713.132791502417,1549,1082,1316
4707.688430410417,4707.563430410417,4707.813430410417,707,2088,1398
4699.064364421807,4698.814364421807,4699.314364421807,1203,2578,1891
4703.692461631516,4703.567461631516,4703.817461631516,1253,920,1087
4709.7669673887,4709.6419673887,4709.8919673887,1469,1310,1390
4708.244593488572,4708.119593488572,4708.369593488572,1513,1746,1630
4709.809722119385,4709.559722119385,4710.059722119385,1847,1158,1503
4705.862170519507,4705.737170519507,4705.987170519507,2290,1249,1770
4713.056796773078,4712.931796773078,4713.181796773078,1546,749,1148
4708.586922936662,4708.461922936662,4708.711922936662,1127,582,855
4716.4060684839205,4716.1560684839205,4716.6560684839205,1749,668,1209
4717.322195441998,4717.072195441998,4717.572195441998,2509,1330,1920
4716.925013448811,4716.800013448811,4717.050013448811,1124,1335,1230
4715.496742463716,4715.371742463716,4715.621742463716,1305,1032,1169
4715.325031534612,4715.075031534612,4715.575031534612,1083,2296,1690
4716.307193356164,4716.182193356164,4716.432193356164,1263,2702,1983
4716.316413963618,4716.191413963618,4716.441413963618,1118,759,939
4712.5703386176565,4712.1953386176565,4712.9453386176565,984,623,804
4715.358510117369,4715.233510117369,4715.483510117369,1317,992,1155
4710.614161520606,4710.364161520606,4710.864161520606,1502,913,1208
4708.082863650514,4707.957863650514,4708.207863650514,1176,1063,1120
4703.884670246496,4703.759670246496,4704.009670246496,1144,643,894
4700.387324130042,4700.137324130042,4700.637324130042,1306,2395,1851
4699.501771183497,4699.251771183497,4699.751771183497,938,741,840
4696.132966283371,4695.882966283371,4696.382966283371,1360,1405,1383
4700.888936658717,4700.638936658717,4701.138936658717,1283,700,992
4698.256989973025,4698.131989973025,4698.381989973025,1844,853,1349
4694.802964155483,4694.677964155483,4694.927964155483,1047,1880,1464
4705.960703629464,4705.585703629464,4706.335703629464,2769,932,1851
4706.031976301691,4705.906976301691,4706.156976301691,2575,936,1756
4708.540272593368,4708.290272593368,4708.790272593368,1857,924,1391
4705.526954505244,4705.401954505244,4705.651954505244,2036,1763,1900
4713.589628378801,4713.339628378801,4713.839628378801,1192,1525,1359
4712.093592201548,4711.968592201548,4712.218592201548,2135,1004,1570
4712.303085648071,4712.178085648071,4712.428085648071,1894,1567,1731
4710.7400130553815,4710.3650130553815,4711.1150130553815,713,1948,1331
4713.880445474007,4713.505445474007,4714.255445474007,1754,1445,1600
4711.997402550118,4711.872402550118,4712.122402550118,2111,1482,1797
4713.757974370353,4713.632974370353,4713.882974370353,1750,1107,1429
4718.953885253169,4718.703885253169,4719.203885253169,1133,1940,1537
4713.368414335611,4713.243414335611,4713.493414335611,1927,1196,1562
4713.630942721365,4713.505942721365,4713.755942721365,992,925,959
4707.509580898407,4707.384580898407,4707.634580898407,1107,592,850
4712.717462535842,4712.592462535842,4712.842462535842,1146,1179,1163
4709.841746732944,4709.591746732944,4710.091746732944,1102,1417,1260
4709.176065916063,4709.051065916063,4709.301065916063,940,2013,1477
4706.575290257858,4706.325290257858,4706.825290257858,979,2728,1854
4711.590364955182,4711.465364955182,4711.715364955182,1606,681,1144
4709.7999681016345,4709.6749681016345,4709.9249681016345,1275,822,1049
4713.731915168858,4713.606915168858,4713.856915168858,2318,1379,1849
4712.777016255959,4712.652016255959,4712.902016255959,1470,1633,1552
4713.991857891492,4713.741857891492,4714.241857891492,2681,1270,1976
4710.760341279038,4710.510341279038,4711.010341279038,933,1534,1234
4712.519895225858,4712.144895225858,4712.894895225858,2419,974,1697
4709.464318332776,4709.339318332776,4709.589318332776,1229,1362,1296
4701.546949721622,4701.421949721622,4701.671949721622,2574,1213,1894
4692.540199545862,4692.290199545862,4692.790199545862,686,963,825
4688.774434973291,4688.649434973291,4688.899434973291,461,1164,813
4692.3889598602345,4692.1389598602345,4692.6389598602345,2421,1512,1967
4696.612505680046,4696.487505680046,4696.737505680046,811,1744,1278
4703.298099529094,4702.923099529094,4703.673099529094,1764,1973,1869
4699.957960141598,4699.582960141598,4700.332960141598,1836,1803,1820
4701.247494790252,4701.122494790252,4701.372494790252,1071,558,815
4704.643307410372,4704.393307410372,4704.893307410372,1471,2274,1873
4701.66389169511,4701.41389169511,4701.91389169511,1552,2063,1808
4710.57482424623,4710.44982424623,4710.69982424623,1945,968,1457
4710.445216792434,4710.320216792434,4710.570216792434,1278,1095,1187
4711.514030961817,4711.389030961817,4711.639030961817,1167,2168,1668
4710.149288476745,4709.774288476745,4710.524288476745,1707,1274,1491
4714.413294566004,4714.288294566004,4714.538294566004,2056,1197,1627
4714.082926680972,4713.832926680972,4714.332926680972,2311,1044,1678
4720.053859917283,4719.928859917283,4720.178859917283,2270,969,1620
4723.7859322085205,4723.6609322085205,4723.9109322085205,1115,1866,1491
4723.16391240955,4723.03891240955,4723.28891240955,1241,1928,1585
4723.240302305878,4723.115302305878,4723.365302305878,2102,831,1467
4717.677175286503,4717.427175286503,4717.927175286503,831,2134,1483
4718.282850122419,4718.157850122419,4718.407850122419,1341,678,1010
4713.131716799739,4713.006716799739,4713.256716799739,1686,881,1284
4711.127472686179,4710.877472686179,4711.377472686179,1497,1408,1453
4707.934819076021,4707.809819076021,4708.059819076021,1644,773,1209
4701.11613532651,4700.86613532651,4701.36613532651,2144,1123,1634
4704.248943367977,4704.123943367977,4704.373943367977,713,1238,976
4703.790065946664,4703.665065946664,4703.915065946664,1903,996,1450
4704.7943149172615,4704.6693149172615,4704.9193149172615,967,778,873
4701.291542701432,4701.166542701432,4701.416542701432,1391,976,1184
4703.3731334542235,4703.2481334542235,4703.4981334542235,2585,1090,1838
4711.559416338642,4711.309416338642,4711.809416338642,874,1753,1314
4702.575767486429,4702.450767486429,4702.700767486429,1784,1889,1837
4709.061900943243,4708.811900943243,4709.311900943243,2198,1327,1763
4710.47089224912,4710.34589224912,4710.59589224912,886,2007,1447
4713.670631536826,4713.545631536826,4713.795631536826,952,1519,1236
4712.537620571578,4712.287620571578,4712.787620571578,2310,879,1595
4702.846393462067,4702.721393462067,4702.971393462067,1568,1769,1669
4706.089467868646,4705.964467868646,4706.214467868646,1006,1131,1069
4704.585353236698,4704.460353236698,4704.710353236698,1163,1124,1144
4712.000405023197,4711.875405023197,4712.125405023197,996,2193,1595
4708.89702746796,4708.64702746796,4709.14702746796,1732,881,1307
4710.315320347902,4709.940320347902,4710.690320347902,1692,807,1250
4707.0750170146375,4706.9500170146375,4707.2000170146375,1409,2568,1989
4700.163676051207,4699.913676051207,4700.413676051207,1772,785,1279
4696.548158117853,4696.423158117853,4696.673158117853,1469,2116,1793
4705.087468702926,4704.837468702926,4705.337468702926,799,1092,946
4709.91043208916,4709.53543208916,4710.28543208916,1732,727,1230
4705.15184632103,4705.02684632103,4705.27684632103,2612,1259,1936
4694.230920577417,4694.105920577417,4694.355920577417,1159,880,1020
4700.87706406211,4700.50206406211,4701.25206406211,1303,1656,1480
4704.286490822296,4704.036490822296,4704.536490822296,1178,789,984
4699.88814605337,4699.63814605337,4700.13814605337,1317,1630,1474
4692.201501500045,4691.826501500045,4692.576501500045,662,1745,1204
4699.455379939657,4699.330379939657,4699.580379939657,884,1507,1196
4697.106558983202,4696.856558983202,4697.356558983202,1366,1433,1400
4704.574276002759,4704.324276002759,4704.824276002759,2028,1043,1536
4705.480995937859,4705.355995937859,4705.605995937859,1587,1764,1676
4711.377062501237,4711.252062501237,4711.502062501237,750,1143,947
4705.126450657234,4705.001450657234,4705.251450657234,2347,1012,1680
4703.8325224535,4703.7075224535,4703.9575224535,922,2213,1568
4705.322614218409,4705.072614218409,4705.572614218409,509,1190,850
4698.926066114368,4698.676066114368,4699.176066114368,1156,1099,1128
4694.560892505859,4694.435892505859,4694.685892505859,1209,1942,1576
4699.418952696516,4699.168952696516,4699.668952696516,910,1303,1107
4701.562430600453,4701.187430600453,4701.937430600453,1410,2079,1745
4711.592000709231,4711.467000709231,4711.717000709231,1598,1649,1624
4704.777660542517,4704.652660542517,4704.902660542517,1447,2492,1970
4705.028747972825,4704.903747972825,4705.153747972825,1214,411,813
4704.133508148176,4703.883508148176,4704.383508148176,1364,813,1089
4700.396789898494,4700.271789898494,4700.521789898494,1172,1807,1490
4710.572434140714,4710.447434140714,4710.697434140714,1436,1007,1222
4717.192141842346,4717.067141842346,4717.317141842346,1162,2597,1880
4715.779845078501,4715.529845078501,4716.029845078501,1868,1475,1672
4717.95927035132,4717.83427035132,4718.08427035132,1713,1074,1394
4731.443172038051,4731.318172038051,4731.568172038051,1740,1789,1765
4729.825159967259,4729.700159967259,4729.950159967259,1548,1453,1501
4736.832330694643,4736.707330694643,4736.957330694643,1767,1510,1639
4736.0226965256925,4735.8976965256925,4736.1476965256925,1414,1027,1221
4736.782383786515,4736.532383786515,4737.032383786515,1590,697,1144
4741.299429741285,4741.174429741285,4741.424429741285,1643,690,1167
4731.884732901661,4731.759732901661,4732.009732901661,503,1276,890
4740.20689368538,4740.08189368538,4740.33189368538,1330,1247,1289
4743.244603784673,4743.119603784673,4743.369603784673,1638,1223,1431
4742.807249395061,4742.432249395061,4743.182249395061,2185,898,1542
4754.684925590338,4754.559925590338,4754.809925590338,465,1356,911
4753.929428840938,4753.554428840938,4754.304428840938,1642,1017,1330
4750.139735175215,4750.014735175215,4750.264735175215,773,1072,923
4742.758273958446,4742.633273958446,4742.883273958446,1824,1303,1564
4745.19223810602,4745.06723810602,4745.31723810602,1422,2209,1816
4737.249020405343,4737.124020405343,4737.374020405343,1603,822,1213
4741.983802312729,4741.733802312729,4742.233802312729,708,1631,1170
4742.346049147301,4742.096049147301,4742.596049147301,1776,755,1266
4737.560533388813,4737.435533388813,4737.685533388813,1465,1652,1559
4727.790995732665,4727.415995732665,4728.165995732665,1029,1918,1474
4729.316606824155,4729.191606824155,4729.441606824155,1661,594,1128
4730.541129839724,4730.416129839724,4730.666129839724,636,965,801
4735.442069127228,4735.067069127228,4735.817069127228,2161,1744,1953
4732.188392914983,4731.938392914983,4732.438392914983,1167,1002,1085
4727.2166809351875,4727.0916809351875,4727.3416809351875,1218,577,898
4728.031167655229,4727.906167655229,4728.156167655229,1431,926,1179
4724.366849096952,4724.241849096952,4724.491849096952,723,1230,977
4718.881253758248,4718.756253758248,4719.006253758248,1123,1798,1461
4720.006547646951,4719.756547646951,4720.256547646951,1108,1887,1498
4724.03351723196,4723.90851723196,4724.15851723196,944,2385,1665
4721.910653905725,4721.660653905725,4722.160653905725,765,2078,1422
4715.782494498698,4715.532494498698,4716.032494498698,2054,887,1471
4712.911402598102,4712.661402598102,4713.161402598102,747,1970,1359
4710.0182964851065,4709.8932964851065,4710.1432964851065,896,1595,1246
4705.352364320617,4705.227364320617,4705.477364320617,2665,1206,1936
4704.971495574878,4704.596495574878,4705.346495574878,2911,1056,1984
4711.415980339674,4711.165980339674,4711.665980339674,1152,2395,1774
4711.291691348299,4711.041691348299,4711.541691348299,633,1884,1259
4717.860800738996,4717.610800738996,4718.110800738996,1309,868,1089
4722.71359822314,4722.33859822314,4723.08859822314,792,849,821
4719.814427072383,4719.689427072383,4719.939427072383,807,1546,1177
4728.040923137653,4727.790923137653,4728.290923137653,944,1561,1253
4732.28649819545,4732.16149819545,4732.41149819545,805,2178,1492
4731.9685791838065,4731.7185791838065,4732.2185791838065,1932,1111,1522
4733.911301178163,4733.786301178163,4734.036301178163,1201,2362,1782
4731.771799785035,4731.646799785035,4731.896799785035,1753,664,1209
4729.221778684257,4729.096778684257,4729.346778684257,2435,1102,1769
4732.020087547119,4731.895087547119,4732.145087547119,1464,709,1087
4732.408496475494,4732.283496475494,4732.533496475494,2442,1461,1952
4724.882313945959,4724.632313945959,4725.132313945959,1467,1052,1260
4731.234751600649,4730.859751600649,4731.609751600649,779,998,889
4725.88284647221,4725.63284647221,4726.13284647221,1561,1232,1397
4728.343768799521,4728.218768799521,4728.468768799521,1213,544,879
4717.776181574687,4717.526181574687,4718.026181574687,1630,1183,1407
4714.048695857039,4713.923695857039,4714.173695857039,1413,792,1103
4714.989062144689,4714.864062144689,4715.114062144689,1200,761,981
4717.457851005677,4717.332851005677,4717.582851005677,1545,1370,1458
4711.067049704981,4710.942049704981,4711.192049704981,2556,1065,1811
4714.036689666882,4713.911689666882,4714.161689666882,663,1234,949
4713.123354654329,4712.873354654329,4713.373354654329,841,2262,1552
4715.805102881744,4715.680102881744,4715.930102881744,1769,1550,1660
4715.096107948869,4714.971107948869,4715.221107948869,1312,1243,1278
4711.39549257155,4711.27049257155,4711.52049257155,2058,1039,1549
4714.506803064204,4714.131803064204,4714.881803064204,1300,505,903
4715.544203124032,4715.419203124032,4715.669203124032,1566,1833,1700
4716.753413398717,4716.378413398717,4717.128413398717,1839,1692,1766
4721.743853126375,4721.618853126375,4721.868853126375,1504,765,1135
4723.01923339406,4722.89423339406,4723.14423339406,1540,1765,1653
4716.720611420962,4716.595611420962,4716.845611420962,1083,876,980
4724.814582916596,4724.564582916596,4725.064582916596,1402,1609,1506
4723.771819898857,4723.646819898857,4723.896819898857,2162,1469,1816
4718.140383309585,4717.765383309585,4718.515383309585,1558,651,1105
4727.491903335685,4727.241903335685,4727.741903335685,1745,2250,1998
4727.537189009283,4727.287189009283,4727.787189009283,921,708,815
4722.927859610504,4722.677859610504,4723.177859610504,702,1127,915
4726.644196693639,4726.394196693639,4726.894196693639,585,1424,1005
4726.756053660563,4726.631053660563,4726.881053660563,1505,688,1097
4724.4019222157585,4724.1519222157585,4724.6519222157585,2473,1190,1832
4717.382614613841,4717.257614613841,4717.507614613841,1674,2097,1886
4710.590643754006,4710.465643754006,4710.715643754006,1083,558,821
4715.7022535882825,4715.5772535882825,4715.8272535882825,1560,2357,1959
4724.532607849226,4724.407607849226,4724.657607849226,2117,1020,1569
4733.915499685481,4733.790499685481,4734.040499685481,854,845,850
4738.399409057105,4738.149409057105,4738.649409057105,1661,1096,1379
4737.09725621344,4736.72225621344,4737.47225621344,1038,2563,1801
4738.478308417546,4738.228308417546,4738.728308417546,1026,2705,1866
4743.280874441401,4743.155874441401,4743.405874441401,555,1400,978
4744.151992095338,4744.026992095338,4744.276992095338,2051,778,1415
4744.689238334855,4744.564238334855,4744.814238334855,739,1752,1246
4749.398434541558,4749.273434541558,4749.523434541558,1905,736,1321
4747.658326457505,4747.533326457505,4747.783326457505,1578,579,1079
4751.475778954356,4751.225778954356,4751.725778954356,1646,1585,1616
4744.515247303918,4744.140247303918,4744.890247303918,2813,1080,1947
4738.650350209357,4738.525350209357,4738.775350209357,1257,1472,1365
4738.007593320829,4737.882593320829,4738.132593320829,967,1840,1404
4740.6603933055285,4740.4103933055285,4740.9103933055285,1837,650,1244
4735.355954478586,4735.230954478586,4735.480954478586,1627,1614,1621
4735.318788739541,4735.068788739541,4735.568788739541,1026,981,1004
4741.253337563578,4741.003337563578,4741.503337563578,2023,1418,1721
4743.2006960928375,4743.0756960928375,4743.3256960928375,913,724,819
4744.682464075252,4744.557464075252,4744.807464075252,1522,987,1255
4740.06221631391,4739.93721631391,4740.18721631391,1411,2432,1922
4732.851481615533,4732.601481615533,4733.101481615533,422,1221,822
4730.081097861054,4729.956097861054,4730.206097861054,1568,1019,1294
4729.842402196121,4729.592402196121,4730.092402196121,1269,1862,1566
4731.131293519196,4730.881293519196,4731.381293519196,1150,1421,1286
4736.647115720428,4736.397115720428,4736.897115720428,1779,2216,1998
4738.5120499614995,4738.3870499614995,4738.6370499614995,1013,898,956
4735.347673263566,4735.222673263566,4735.472673263566,1025,2416,1721
4737.606048800259,4737.481048800259,4737.731048800259,2064,947,1506
4734.466635582268,4734.341635582268,4734.591635582268,2100,807,1454
4732.4840504551985,4732.3590504551985,4732.6090504551985,1227,782,1005
4726.965872504269,4726.840872504269,4727.090872504269,1742,2089,1916
4734.863062729004,4734.613062729004,4735.113062729004,1851,832,1342
4732.490914389857,4732.240914389857,4732.740914389857,1426,493,960
4734.079989229709,4733.704989229709,4734.454989229709,2024,1389,1707
4729.2582013114725,4729.1332013114725,4729.3832013114725,1344,643,994
4727.13251782972,4726.75751782972,4727.50751782972,1123,626,875
4731.202487590676,4730.952487590676,4731.452487590676,1280,1667,1474
4732.531363553205,4732.281363553205,4732.781363553205,2007,1278,1643
4731.537709023972,4731.287709023972,4731.787709023972,1135,1586,1361
4733.70877150057,4733.58377150057,4733.83377150057,1945,662,1304
4737.072311480041,4736.947311480041,4737.197311480041,1808,945,1377
4742.1102651700385,4741.8602651700385,4742.3602651700385,1789,862,1326
4741.963455395803,4741.838455395803,4742.088455395803,1222,2629,1926
4747.414023237187,4747.164023237187,4747.664023237187,1980,1017,1499
4755.141115766938,4754.891115766938,4755.391115766938,2590,869,1730
4754.617550519951,4754.242550519951,4754.992550519951,1069,920,995
4759.291292580537,4759.166292580537,4759.416292580537,1168,1193,1181
4756.380182021035,4756.255182021035,4756.505182021035,1394,2599,1997
4755.010861153746,4754.635861153746,4755.385861153746,1849,1648,1749
4762.737348290847,4762.487348290847,4762.987348290847,2056,1419,1738
4766.174731958654,4765.924731958654,4766.424731958654,2626,1293,1960
4764.029931289761,4763.904931289761,4764.154931289761,1487,2290,1889
4767.947209261607,4767.822209261607,4768.072209261607,713,1892,1303
4770.862582244823,4770.487582244823,4771.237582244823,1004,1225,1115
4771.731774436559,4771.481774436559,4771.981774436559,1680,2271,1976
4769.086967639443,4768.711967639443,4769.461967639443,1214,1713,1464
4769.606144982503,4769.356144982503,4769.856144982503,2050,889,1470
4770.201714356609,4770.076714356609,4770.326714356609,863,830,847
4774.810099527188,4774.685099527188,4774.935099527188,556,1473,1015
4771.013652075685,4770.763652075685,4771.263652075685,1158,1485,1322
4779.216024857876,4778.841024857876,4779.591024857876,1096,935,1016
4772.555331618521,4772.430331618521,4772.680331618521,2191,1536,1864
4778.342211769647,4778.217211769647,4778.467211769647,1218,993,1106
4781.878657260982,4781.753657260982,4782.003657260982,1023,722,873
4772.991436635857,4772.866436635857,4773.116436635857,1493,1098,1296
4769.711495227892,4769.461495227892,4769.961495227892,1947,1296,1622
4771.550601032134,4771.425601032134,4771.675601032134,869,2068,1469
4781.820176805199,4781.570176805199,4782.070176805199,909,1916,1413
4790.4861312997555,4790.3611312997555,4790.6111312997555,2406,931,1669
4787.598112510044,4787.473112510044,4787.723112510044,585,1352,969
4784.424385038289,4784.299385038289,4784.549385038289,1090,2491,1791
4789.016213351826,4788.891213351826,4789.141213351826,2166,1597,1882
4801.772309191507,4801.647309191507,4801.897309191507,1200,2351,1776
4804.065809911148,4803.940809911148,4804.190809911148,1025,934,980
4799.639659669996,4799.389659669996,4799.889659669996,847,1944,1396
4786.690203967912,4786.565203967912,4786.815203967912,2481,910,1696
4778.685657628661,4778.435657628661,4778.935657628661,453,1348,901
4785.21770187077,4785.09270187077,4785.34270187077,1000,743,872
4780.685511342921,4780.560511342921,4780.810511342921,1438,949,1194
4782.157799156666,4782.032799156666,4782.282799156666,969,2546,1758
4779.929458378292,4779.804458378292,4780.054458378292,2005,782,1394
4763.058803633622,4762.933803633622,4763.183803633622,2349,916,1633
4756.777093451509,4756.652093451509,4756.902093451509,2528,1127,1828
4757.205954021613,4757.080954021613,4757.330954021613,1492,1157,1325
4752.485656397169,4752.110656397169,4752.860656397169,1139,860,1000
4745.4077681417675,4745.1577681417675,4745.6577681417675,1972,2025,1999
4750.280809380655,4749.905809380655,4750.655809380655,1488,789,1139
4747.931437220359,4747.806437220359,4748.056437220359,1561,606,1084
4739.217867387355,4739.092867387355,4739.342867387355,1252,1093,1173
4744.1767406639065,4744.0517406639065,4744.3017406639065,2051,1100,1576
4755.177354071605,4754.927354071605,4755.427354071605,1085,2224,1655
4759.591141135444,4759.466141135444,4759.716141135444,1561,948,1255
4756.498193269015,4756.373193269015,4756.623193269015,1659,694,1177
4753.433199583576,4753.308199583576,4753.558199583576,1216,661,939
4758.827892490462,4758.702892490462,4758.952892490462,925,1928,1427
4760.752669881234,4760.502669881234,4761.002669881234,1702,1525,1614
4763.109152059626,4762.859152059626,4763.359152059626,2534,959,1747
4770.19968321766,4769.94968321766,4770.44968321766,929,2182,1556
4769.809150022343,4769.684150022343,4769.934150022343,2280,1239,1760
4772.4616328935435,4772.3366328935435,4772.5866328935435,1407,736,1072
4778.547498811136,4778.297498811136,4778.797498811136,1064,1649,1357
4760.1161987088835,4759.9911987088835,4760.2411987088835,938,1695,1317
4767.849721868504,4767.724721868504,4767.974721868504,2401,1398,1900
4771.206377404419,4771.081377404419,4771.331377404419,1337,2318,1828
4772.872711961932,4772.622711961932,4773.122711961932,729,2020,1375
4777.290482532904,4777.165482532904,4777.415482532904,1242,545,894
4775.097196769651,4774.972196769651,4775.222196769651,1778,1851,1815
4769.023377502386,4768.773377502386,4769.273377502386,1053,970,1012
4782.8547214526025,4782.7297214526025,4782.9797214526025,1605,1480,1543
4785.471303282594,4785.346303282594,4785.596303282594,784,1393,1089
4784.290738897799,4784.165738897799,4784.415738897799,1926,749,1338
4786.3202183827725,4786.1952183827725,4786.4452183827725,1222,651,937
4780.852065343179,4780.727065343179,4780.977065343179,1408,645,1027
4786.692937999587,4786.567937999587,4786.817937999587,850,1199,1025
4774.634914279267,4774.509914279267,4774.759914279267,662,1777,1220
4773.697914940888,4773.572914940888,4773.822914940888,2523,1184,1854
4770.0875831168305,4769.9625831168305,4770.2125831168305,1199,1332,1266
4769.341476340245,4769.216476340245,4769.466476340245,972,2841,1907
4771.021565091634,4770.646565091634,4771.396565091634,960,2629,1795
4769.842967445261,4769.592967445261,4770.092967445261,2367,912,1640
4776.300883688093,4775.925883688093,4776.675883688093,1936,1725,1831
4774.099959229027,4773.974959229027,4774.224959229027,1752,1003,1378
4771.840959105134,4771.715959105134,4771.965959105134,617,1362,990
4770.154480456076,4770.029480456076,4770.279480456076,960,2467,1714
4763.766187461641,4763.391187461641,4764.141187461641,2228,1575,1902
4757.0879620925925,4756.9629620925925,4757.2129620925925,1165,1940,1553
4751.307364341498,4750.932364341498,4751.682364341498,1734,1077,1406
4766.382049588001,4766.257049588001,4766.507049588001,1017,1538,1278
4765.750328519343,4765.625328519343,4765.875328519343,705,2028,1367
4770.592311693232,4770.467311693232,4770.717311693232,1042,1379,1211
4761.899333501825,4761.774333501825,4762.024333501825,2585,1038,1812
4757.314250408762,4757.189250408762,4757.439250408762,2070,837,1454
4755.0348014628025,4754.9098014628025,4755.1598014628025,692,1155,924
4751.618260046769,4751.368260046769,4751.868260046769,1875,1276,1576
4764.026782618921,4763.776782618921,4764.276782618921,1419,1198,1309
4764.969401042376,4764.844401042376,4765.094401042376,832,1681,1257
4764.7303259692635,4764.6053259692635,4764.8553259692635,1886,875,1381
4760.03027991186,4759.78027991186,4760.28027991186,1509,2108,1809
4767.014628206891,4766.889628206891,4767.139628206891,1325,512,919
4771.857282749411,4771.732282749411,4771.982282749411,1602,1391,1497
4779.369162158606,4779.244162158606,4779.494162158606,1835,734,1285
4775.274983691317,4775.149983691317,4775.399983691317,1019,1752,1386
4772.320871920148,4772.195871920148,4772.445871920148,1520,1873,1697
4762.740186847452,4762.615186847452,4762.865186847452,888,2349,1619
4767.243221555169,4767.118221555169,4767.368221555169,1059,1600,1330
4760.979161557383,4760.729161557383,4761.229161557383,2183,1484,1834
4765.27851792109,4765.15351792109,4765.40351792109,1148,1727,1438
4771.0683103155325,4770.9433103155325,4771.1933103155325,2727,1106,1917
4774.81301667645,4774.56301667645,4775.06301667645,1084,1021,1053
4775.548977936206,4775.423977936206,4775.673977936206,921,1696,1309
4778.011909911484,4777.636909911484,4778.386909911484,1093,1670,1382
4767.694688991487,4767.569688991487,4767.819688991487,1648,1181,1415
4755.428206273518,4755.303206273518,4755.553206273518,636,1503,1070
4753.524129463733,4753.274129463733,4753.774129463733,486,1263,875
4759.886744255614,4759.761744255614,4760.011744255614,1837,1870,1854
4755.6318203738865,4755.5068203738865,4755.7568203738865,1736,705,1221
4754.332463072281,4754.207463072281,4754.457463072281,850,2155,1503
4759.58976607247,4759.33976607247,4759.83976607247,1372,647,1010
4751.762350092094,4751.637350092094,4751.887350092094,877,2232,1555
4758.893895573166,4758.518895573166,4759.268895573166,980,2601,1791
4765.590469719252,4765.340469719252,4765.840469719252,2300,903,1602
4771.567428662568,4771.317428662568,4771.817428662568,1035,1892,1464
4777.585324961366,4777.210324961366,4777.960324961366,593,1160,877
4774.46347846232,4774.33847846232,4774.58847846232,1110,875,993
4772.181024322193,4771.931024322193,4772.431024322193,1391,2104,1748
4769.048205733786,4768.923205733786,4769.173205733786,512,1141,827
4763.652849822816,4763.527849822816,4763.777849822816,1067,2608,1838
4758.463074025145,4758.338074025145,4758.588074025145,1463,2394,1929
4765.684950185385,4765.559950185385,4765.809950185385,1252,1557,1405
4767.875914955987,4767.750914955987,4768.000914955987,707,1254,981
4757.546911965669,4757.421911965669,4757.671911965669,1299,2348,1824
4757.332275645665,4757.207275645665,4757.457275645665,1561,2374,1968
4761.156348919489,4761.031348919489,4761.281348919489,1277,1130,1204
4763.533771624497,4763.283771624497,4763.783771624497,2609,1248,1929
4769.120476431177,4768.870476431177,4769.370476431177,2731,1116,1924
4762.940580375586,4762.815580375586,4763.065580375586,1681,618,1150
4766.2158495169615,4766.0908495169615,4766.3408495169615,841,2272,1557
4769.336096052947,4769.211096052947,4769.461096052947,841,2208,1525
4768.591582751929,4768.466582751929,4768.716582751929,2048,1651,1850
4772.989785094835,4772.739785094835,4773.239785094835,877,1002,940
4765.610435392072,4765.360435392072,4765.860435392072,707,1346,1027
4768.11045319669,4767.98545319669,4768.23545319669,1607,980,1294
4772.320054785063,4772.195054785063,4772.445054785063,1801,1342,1572
4770.4234947848945,4770.1734947848945,4770.6734947848945,1507,2414,1961
4777.464425798725,4777.214425798725,4777.714425798725,1061,1238,1150
4763.704464591667,4763.579464591667,4763.829464591667,441,1176,809
4767.40535005595,4767.28035005595,4767.53035005595,2096,1557,1827
4759.560379949557,4759.435379949557,4759.685379949557,1390,1657,1524
4757.715340824081,4757.465340824081,4757.965340824081,1368,1683,1526
4755.277491212933,4755.152491212933,4755.402491212933,1363,480,922
4757.987477527631,4757.862477527631,4758.112477527631,1350,1215,1283
4752.622624989617,4752.497624989617,4752.747624989617,1293,1712,1503
4752.348108737724,4752.223108737724,4752.473108737724,2362,941,1652
4750.501582168993,4750.376582168993,4750.626582168993,1522,1021,1272
4746.060108009844,4745.810108009844,4746.310108009844,1038,2003,1521
4745.736337258331,4745.611337258331,4745.861337258331,2204,1171,1688
4743.284646765114,4743.159646765114,4743.409646765114,1868,1935,1902
4741.047346207456,4740.797346207456,4741.297346207456,2489,1260,1875
4739.74114784598,4739.49114784598,4739.99114784598,1741,1528,1635
4741.459743598075,4741.334743598075,4741.584743598075,2036,1447,1742
4741.0542107273695,4740.9292107273695,4741.1792107273695,1333,1134,1234
4742.900529248177,4742.775529248177,4743.025529248177,569,1598,1084
4737.8431415626255,4737.5931415626255,4738.0931415626255,1149,874,1012
4740.851250158066,4740.726250158066,4740.976250158066,1768,757,1263
4742.485635167288,4742.360635167288,4742.610635167288,1598,645,1122
4742.285050552045,4742.035050552045,4742.535050552045,712,1713,1213
4738.530516161865,4738.405516161865,4738.655516161865,670,1163,917
4734.884440941353,4734.634440941353,4735.134440941353,1512,541,1027
4733.595834008073,4733.345834008073,4733.845834008073,1645,1938,1792
4731.764629168952,4731.639629168952,4731.889629168952,1180,1617,1399
4726.818559796223,4726.693559796223,4726.943559796223,1446,545,996
4721.680731141579,4721.555731141579,4721.805731141579,647,1502,1075
4725.108143318014,4724.983143318014,4725.233143318014,1817,1806,1812
4733.473571599648,4733.348571599648,4733.598571599648,797,1018,908
4731.620178135016,4731.245178135016,4731.995178135016,2051,1386,1719
4729.197874040703,4729.072874040703,4729.322874040703,2082,1729,1906
4725.604472971866,4725.354472971866,4725.854472971866,1821,1474,1648
4725.239352163415,4724.989352163415,4725.489352163415,1208,1567,1388
4724.05460089944,4723.92960089944,4724.17960089944,1860,1255,1558
4733.77102449428,4733.52102449428,4734.02102449428,1588,2331,1960
4742.6847922653715,4742.4347922653715,4742.9347922653715,1814,1689,1752
4732.864707485115,4732.739707485115,4732.989707485115,1066,1063,1065
4733.764511891677,4733.639511891677,4733.889511891677,1861,998,1430
4729.69919917825,4729.57419917825,4729.82419917825,2636,1067,1852
4730.388329995977,4730.263329995977,4730.513329995977,1104,709,907
4732.528031499994,4732.403031499994,4732.653031499994,1371,2424,1898
4734.9869557359925,4734.7369557359925,4735.2369557359925,1516,791,1154
4730.634467453906,4730.509467453906,4730.759467453906,798,1755,1277
4723.970459910523,4723.845459910523,4724.095459910523,1231,2716,1974
4721.408343223311,4721.283343223311,4721.533343223311,1127,1306,1217
4716.194261423405,4716.069261423405,4716.319261423405,1185,1840,1513
4722.515630409217,4722.390630409217,4722.640630409217,2247,906,1577
4726.485930424257,4726.235930424257,4726.735930424257,1233,1022,1128
4724.915744695717,4724.790744695717,4725.040744695717,1527,808,1168
4729.92127805739,4729.79627805739,4730.04627805739,1062,2165,1614
4735.601349669183,4735.351349669183,4735.851349669183,1795,2060,1928
4733.361179972553,4733.111179972553,4733.611179972553,2096,1209,1653
4727.545047961179,4727.420047961179,4727.670047961179,1398,2469,1934
4727.68654375399,4727.56154375399,4727.81154375399,1118,1105,1112
4735.64422127916,4735.51922127916,4735.76922127916,1354,897,1126
4736.339548832763,4736.214548832763,4736.464548832763,1301,2138,1720
4727.340083673235,4727.215083673235,4727.465083673235,1428,1897,1663
4730.612788338301,4730.487788338301,4730.737788338301,1962,1677,1820
4736.29710455979,4736.04710455979,4736.54710455979,1324,1475,1400
4733.0772348093515,4732.8272348093515,4733.3272348093515,1021,2358,1690
4728.0098638552545,4727.7598638552545,4728.2598638552545,1448,1175,1312
4730.295090446061,4730.170090446061,4730.420090446061,503,1462,983
4723.590189905871,4723.465189905871,4723.715189905871,1674,2041,1858
4733.696201630346,4733.571201630346,4733.821201630346,2043,1444,1744
4737.956072498017,4737.581072498017,4738.331072498017,1327,2586,1957
4741.483997605489,4741.358997605489,4741.608997605489,1224,2315,1770
4724.870860228928,4724.745860228928,4724.995860228928,1188,1455,1322
4718.766353587221,4718.641353587221,4718.891353587221,817,2252,1535
4729.108503702186,4728.983503702186,4729.233503702186,458,1281,870
4725.374957289265,4725.249957289265,4725.499957289265,695,1568,1132
4719.978374181029,4719.853374181029,4720.103374181029,1928,1821,1875
4721.255291907349,4720.880291907349,4721.630291907349,2120,1267,1694
4724.1061714087355,4723.7311714087355,4724.4811714087355,939,918,929
4724.234920933785,4724.109920933785,4724.359920933785,1435,528,982
4734.879595589856,4734.754595589856,4735.004595589856,1544,783,1164
4729.849946964039,4729.474946964039,4730.224946964039,1252,2199,1726
4719.468659011847,4719.218659011847,4719.718659011847,1196,1301,1249
4725.125994521468,4725.000994521468,4725.250994521468,993,666,830
4732.40130232098,4732.02630232098,4732.77630232098,1577,2096,1837
4732.22140022434,4731.84640022434,4732.59640022434,970,2047,1509
4724.6346594601555,4724.5096594601555,4724.7596594601555,800,1837,1319
4717.45949585749,4717.33449585749,4717.58449585749,1294,833,1064
4713.11611609717,4712.74111609717,4713.49111609717,1607,1400,1504
4721.786332994228,4721.661332994228,4721.911332994228,794,1185,990
4716.215509856535,4716.090509856535,4716.340509856535,1075,1458,1267
4710.564623764886,4710.439623764886,4710.689623764886,2399,1410,1905
4719.8905096677145,4719.6405096677145,4720.1405096677145,1040,865,953
4715.660772051218,4715.535772051218,4715.785772051218,956,1371,1164
4721.089418093997,4720.964418093997,4721.214418093997,1618,1423,1521
4720.407038555044,4720.157038555044,4720.657038555044,1710,2027,1869
4723.739804165692,4723.614804165692,4723.864804165692,1727,724,1226
4728.163781012949,4728.038781012949,4728.288781012949,877,2150,1514
4728.65278629567,4728.52778629567,4728.77778629567,1246,1371,1309
4735.839863495247,4735.714863495247,4735.964863495247,1037,1930,1484
4733.316166207709,4733.066166207709,4733.566166207709,2279,1570,1925
4736.499850169496,4736.124850169496,4736.874850169496,681,1766,1224
4736.504306202646,4736.379306202646,4736.629306202646,911,2002,1457
4740.258013864931,4740.008013864931,4740.508013864931,1323,1540,1432
4737.185623625846,4736.935623625846,4737.435623625846,1537,852,1195
4731.21821639423,4730.96821639423,4731.46821639423,2198,1649,1924
4731.42247926294,4731.17247926294,4731.67247926294,692,1539,1116
4735.075761912117,4734.950761912117,4735.200761912117,660,1009,835
4732.139329208846,4732.014329208846,4732.264329208846,1349,2480,1915
4725.163413911119,4725.038413911119,4725.288413911119,1808,1503,1656
4729.298062516158,4729.173062516158,4729.423062516158,858,1761,1310
4741.028002530863,4740.778002530863,4741.278002530863,538,1393,966
4738.374497065759,4738.249497065759,4738.499497065759,1246,1379,1313
4735.635974976163,4735.510974976163,4735.760974976163,1125,730,928
4735.080203804948,4734.830203804948,4735.330203804948,1107,1028,1068
4738.892877634119,4738.767877634119,4739.017877634119,1052,2483,1768
4732.935922870405,4732.560922870405,4733.310922870405,1436,1625,1531
4727.786595901058,4727.661595901058,4727.911595901058,1053,722,888
4724.945392337945,4724.820392337945,4725.070392337945,759,2010,1385
4733.8612392658715,4733.6112392658715,4734.1112392658715,1100,761,931
4737.789658100686,4737.539658100686,4738.039658100686,902,1363,1133
4740.020756617243,4739.895756617243,4740.145756617243,1261,594,928
4736.032177871284,4735.907177871284,4736.157177871284,1300,1001,1151
4726.017869624901,4725.892869624901,4726.142869624901,878,2135,1507
4731.193123891317,4730.818123891317,4731.568123891317,1247,2636,1942
4732.351702117043,4731.976702117043,4732.726702117043,1388,2557,1973
4730.659895610321,4730.409895610321,4730.909895610321,1153,560,857
4726.493856992826,4726.368856992826,4726.618856992826,2632,929,1781
4725.748636358046,4725.373636358046,4726.123636358046,1277,1190,1234
4723.461876900896,4723.336876900896,4723.586876900896,1045,1836,1441
4719.887488980006,4719.637488980006,4720.137488980006,1341,1940,1641
4719.598961778119,4719.473961778119,4719.723961778119,1695,2298,1997
4702.906220898029,4702.531220898029,4703.281220898029,1230,1997,1614
4699.0267967256805,4698.9017967256805,4699.1517967256805,939,1550,1245
4698.262798472468,4698.012798472468,4698.512798472468,1088,1909,1499
4700.3243242161625,4700.1993242161625,4700.4493242161625,1401,1000,1201
4690.2722479724835,4690.1472479724835,4690.3972479724835,1249,1116,1183
4688.910854758781,4688.785854758781,4689.035854758781,1277,712,995
4691.984188859205,4691.859188859205,4692.109188859205,2188,1145,1667
4686.624342738361,4686.499342738361,4686.749342738361,1180,1615,1398
4691.152556713395,4690.902556713395,4691.402556713395,1188,1093,1141
4693.07304968974,4692.94804968974,4693.19804968974,1339,1846,1593
4692.698452180087,4692.323452180087,4693.073452180087,1160,1635,1398
4697.884111378742,4697.634111378742,4698.134111378742,1257,980,1119
4698.440274823617,4698.315274823617,4698.565274823617,971,2228,1600
4692.3193621840965,4692.1943621840965,4692.4443621840965,1617,2076,1847
4692.209651917462,4692.084651917462,4692.334651917462,728,927,828
4691.098126816568,4690.848126816568,4691.348126816568,2447,1458,1953
4691.9290362333895,4691.6790362333895,4692.1790362333895,1980,951,1466
4695.841591204592,4695.591591204592,4696.091591204592,1518,1829,1674
4700.603741986938,4700.353741986938,4700.853741986938,1611,884,1248
4701.038047203864,4700.913047203864,4701.163047203864,1280,2435,1858
4701.422108281436,4701.172108281436,4701.672108281436,1681,592,1137
4705.449776610461,4705.324776610461,4705.574776610461,1148,2219,1684
4702.549399553846,4702.424399553846,4702.674399553846,1755,1136,1446
4695.509481781578,4695.384481781578,4695.634481781578,1426,1849,1638
4694.383422040304,4694.258422040304,4694.508422040304,1288,1623,1456
4699.323146981792,4699.198146981792,4699.448146981792,1647,1566,1607
4692.429993023993,4692.179993023993,4692.679993023993,1355,1528,1442
4688.92162789948,4688.79662789948,4689.04662789948,1965,724,1345
4686.464205462811,4686.339205462811,4686.589205462811,991,2460,1726
4687.2236817315825,4686.9736817315825,4687.4736817315825,1428,1715,1572
4675.658346668838,4675.408346668838,4675.908346668838,2457,876,1667
4678.158333392999,4677.908333392999,4678.408333392999,1916,2009,1963
4675.2388828916755,4674.8638828916755,4675.6138828916755,1249,2198,1724
4677.5019529789815,4677.2519529789815,4677.7519529789815,1149,1326,1238
4676.422108966969,4676.297108966969,4676.547108966969,941,1292,1117
4668.304305382028,4668.054305382028,4668.554305382028,1859,862,1361
4663.47185930119,4663.34685930119,4663.59685930119,1237,1304,1271
4667.678112339496,4667.553112339496,4667.803112339496,1002,1995,1499
4671.020438048791,4670.895438048791,4671.145438048791,1146,1721,1434
4673.377432157944,4673.127432157944,4673.627432157944,1554,2091,1823
4676.902777787448,4676.527777787448,4677.277777787448,512,1451,982
4672.022643030596,4671.772643030596,4672.272643030596,1449,696,1073
4674.272821598784,4674.147821598784,4674.397821598784,1690,1007,1349
4681.346779088906,4680.971779088906,4681.721779088906,824,1093,959
4676.648621856504,4676.523621856504,4676.773621856504,620,1387,1004
4673.432182448651,4673.307182448651,4673.557182448651,1730,1053,1392
4678.0186834913275,4677.6436834913275,4678.3936834913275,1636,593,1115
4678.208399723449,4677.833399723449,4678.583399723449,1034,773,904
4679.713236020859,4679.588236020859,4679.838236020859,1895,1120,1508
4685.093318048105,4684.968318048105,4685.218318048105,2587,1170,1879
4675.756935543387,4675.631935543387,4675.881935543387,1497,584,1041
4668.981019145269,4668.856019145269,4669.106019145269,1237,676,957
4672.395772800051,4672.270772800051,4672.520772800051,2332,1579,1956
4675.629689248154,4675.504689248154,4675.754689248154,1524,875,1200
4681.230635066818,4680.980635066818,4681.480635066818,879,834,857
4686.465050294631,4686.090050294631,4686.840050294631,1071,1264,1168
4689.238881811498,4689.113881811498,4689.363881811498,1557,1752,1655
4690.596487851856,4690.471487851856,4690.721487851856,1103,2094,1599
4678.88477050459,4678.63477050459,4679.13477050459,966,2139,1553
4670.419916705456,4670.044916705456,4670.794916705456,1269,1336,1303
4665.689428866917,4665.439428866917,4665.939428866917,800,875,838
4668.30630822147,4668.05630822147,4668.55630822147,948,2325,1637
4669.530594480946,4669.405594480946,4669.655594480946,1110,1677,1394
4674.488840520156,4674.363840520156,4674.613840520156,1727,1634,1681
4670.125588875135,4670.000588875135,4670.250588875135,669,1622,1146
4674.095647650246,4673.720647650246,4674.470647650246,1178,1507,1343
4667.366612074635,4667.116612074635,4667.616612074635,1433,1194,1314
4673.912572874565,4673.537572874565,4674.287572874565,2286,791,1539
4672.826284003123,4672.576284003123,4673.076284003123,627,1722,1175
4674.876694710611,4674.626694710611,4675.126694710611,2602,999,1801
4677.523391035945,4677.273391035945,4677.773391035945,1551,1154,1353
4674.905293420678,4674.655293420678,4675.155293420678,1818,1215,1517
4675.3342679310945,4675.2092679310945,4675.4592679310945,941,772,857
4672.9355680279305,4672.6855680279305,4673.1855680279305,1218,779,999
4677.049178517873,4676.924178517873,4677.174178517873,1312,2583,1948
4676.67127739968,4676.42127739968,4676.92127739968,2343,918,1631
4675.3584158255535,4675.2334158255535,4675.4834158255535,1688,1991,1840
4676.654389909609,4676.529389909609,4676.779389909609,2097,1358,1728
4674.702913627082,4674.452913627082,4674.952913627082,1079,1452,1266
4678.185958331563,4677.935958331563,4678.435958331563,1506,1553,1530
4683.4164500062225,4683.2914500062225,4683.5414500062225,1324,1963,1644
4689.000727169034,4688.625727169034,4689.375727169034,1306,2627,1967
4694.559197840545,4694.434197840545,4694.684197840545,1718,1813,1766
4692.999051920246,4692.749051920246,4693.249051920246,680,1307,994
4696.986422972344,4696.736422972344,4697.236422972344,1547,1118,1333
4692.685860370263,4692.435860370263,4692.935860370263,1524,2199,1862
4694.483040263439,4694.358040263439,4694.608040263439,2369,1170,1770
4685.951369926035,4685.701369926035,4686.201369926035,1275,2332,1804
4682.278908991266,4682.153908991266,4682.403908991266,2091,1154,1623
4687.182678483373,4687.057678483373,4687.307678483373,844,819,832
4686.761157642339,4686.636157642339,4686.886157642339,1535,1200,1368
4687.024428660134,4686.899428660134,4687.149428660134,1681,1182,1432
4685.659163911571,4685.534163911571,4685.784163911571,608,1337,973
4677.156603245766,4677.031603245766,4677.281603245766,930,1043,987
4680.056157295179,4679.931157295179,4680.181157295179,1834,805,1320
4679.302848820073,4679.052848820073,4679.552848820073,1376,1055,1216
4677.034058938607,4676.659058938607,4677.409058938607,1990,1437,1714
4682.221778059416,4682.096778059416,4682.346778059416,1911,866,1389
4676.930204968009,4676.680204968009,4677.180204968009,860,819,840
4677.801302973429,4677.676302973429,4677.926302973429,719,1618,1169
4669.888644739865,4669.763644739865,4670.013644739865,1232,2537,1885
4677.2404830754,4676.9904830754,4677.4904830754,517,1110,814
4672.086842438426,4671.961842438426,4672.211842438426,2047,794,1421
4669.667384303901,4669.542384303901,4669.792384303901,661,1244,953
4668.789673673975,4668.539673673975,4669.039673673975,1693,972,1333
4665.695938680183,4665.570938680183,4665.820938680183,2136,927,1532
4664.7616962756365,4664.5116962756365,4665.0116962756365,1047,1628,1338
4672.345874618802,4672.220874618802,4672.470874618802,1439,2550,1995
4665.622195385202,4665.497195385202,4665.747195385202,1781,1060,1421
4676.3085597500885,4676.1835597500885,4676.4335597500885,1000,1051,1026
4677.1285687307845,4677.0035687307845,4677.2535687307845,1114,919,1017
4675.3358599033845,4675.2108599033845,4675.4608599033845,612,1293,953
4677.092137861296,4676.967137861296,4677.217137861296,1103,2282,1693
4678.130968241305,4678.005968241305,4678.255968241305,896,963,930
4679.484883497627,4679.109883497627,4679.859883497627,2233,1240,1737
4674.220947996107,4673.845947996107,4674.595947996107,1427,914,1171
4676.533028931329,4676.408028931329,4676.658028931329,2334,801,1568
4681.408267842559,4681.283267842559,4681.533267842559,2574,1379,1977
4681.23351735852,4681.10851735852,4681.35851735852,1533,1902,1718
4676.477682045239,4676.227682045239,4676.727682045239,1431,1896,1664
4679.752178275725,4679.627178275725,4679.877178275725,2148,1231,1690
4676.65761400182,4676.40761400182,4676.90761400182,744,1033,889
4683.248950632983,4682.998950632983,4683.498950632983,1994,1381,1688
4682.372793904162,4682.247793904162,4682.497793904162,920,2515,1718
4674.1744419679935,4674.0494419679935,4674.2994419679935,1760,1789,1775
4670.476213129509,4670.226213129509,4670.726213129509,708,2085,1397
4663.63568647375,4663.38568647375,4663.88568647375,2208,1683,1946
4664.405556174146,4664.280556174146,4664.530556174146,1118,1965,1542
4661.400292903744,4661.150292903744,4661.650292903744,844,1733,1289
4658.605756738034,4658.480756738034,4658.730756738034,2338,977,1658
4651.367437889452,4651.242437889452,4651.492437889452,804,1181,993
4648.537372513422,4648.287372513422,4648.787372513422,1675,970,1323
4646.218333829941,4645.968333829941,4646.468333829941,2399,1272,1836
4643.264286767991,4643.014286767991,4643.514286767991,1730,1903,1817
4649.363110400423,4649.113110400423,4649.613110400423,1498,1711,1605
4651.562335126847,4651.437335126847,4651.687335126847,639,1892,1266
4657.0791189425645,4656.8291189425645,4657.3291189425645,1635,1274,1455
4657.316604696138,4657.066604696138,4657.566604696138,934,879,907
4660.892239640804,4660.767239640804,4661.017239640804,980,1135,1058
4667.966093519331,4667.591093519331,4668.341093519331,1488,1561,1525
4666.03660414747,4665.78660414747,4666.28660414747,820,2317,1569
4655.8612712900895,4655.6112712900895,4656.1112712900895,686,1259,973
4654.0792277984965,4653.9542277984965,4654.2042277984965,1294,1389,1342
4643.139435541437,4642.889435541437,4643.389435541437,1138,661,900
4632.4708435398115,4632.3458435398115,4632.5958435398115,990,1081,1036
4630.933153806017,4630.558153806017,4631.308153806017,1119,2342,1731
4624.5591765522695,4624.3091765522695,4624.8091765522695,1580,1425,1503
4617.502471638387,4617.377471638387,4617.627471638387,2552,1075,1814
4617.040355721304,4616.915355721304,4617.165355721304,629,1302,966
4608.840142883648,4608.715142883648,4608.965142883648,1077,1010,1044
4609.3502372772045,4609.2252372772045,4609.4752372772045,1303,1790,1547
4607.377119182695,4607.127119182695,4607.627119182695,960,979,970
4616.228447785355,4616.103447785355,4616.353447785355,1182,2725,1954
4616.517382063835,4616.267382063835,4616.767382063835,1613,1160,1387
4618.0669622398655,4617.9419622398655,4618.1919622398655,2073,1164,1619
4614.371923162451,4614.246923162451,4614.496923162451,1588,1561,1575
4608.172748090535,4608.047748090535,4608.297748090535,1191,674,933
4603.243109287696,4602.993109287696,4603.493109287696,1179,684,932
4605.321607232353,4605.196607232353,4605.446607232353,824,1833,1329
4606.818806225704,4606.693806225704,4606.943806225704,743,1458,1101
4607.310577791488,4607.185577791488,4607.435577791488,1525,1104,1315
4610.035048271162,4609.910048271162,4610.160048271162,888,2475,1682
4608.204836921286,4607.954836921286,4608.454836921286,971,640,806
4608.391641299221,4608.016641299221,4608.766641299221,1654,885,1270
4611.438018311311,4611.063018311311,4611.813018311311,667,1534,1101
4602.783985932586,4602.533985932586,4603.033985932586,1322,1727,1525
4603.071373190565,4602.946373190565,4603.196373190565,1443,554,999
4600.234997944263,4599.984997944263,4600.484997944263,1063,2526,1795
4592.002716407224,4591.877716407224,4592.127716407224,984,2269,1627
4587.577810349263,4587.452810349263,4587.702810349263,683,1524,1104
4589.692578201557,4589.567578201557,4589.817578201557,2059,1722,1891
4589.287434794092,4589.162434794092,4589.412434794092,1824,1859,1842
4584.164535173273,4584.039535173273,4584.289535173273,483,1432,958
4579.957809372807,4579.832809372807,4580.082809372807,1752,1181,1467
4583.120475786178,4582.995475786178,4583.245475786178,1346,1391,1369
4585.658238258438,4585.533238258438,4585.783238258438,992,1171,1082
4586.18840690234,4585.93840690234,4586.43840690234,1108,545,827
4590.346650062829,4590.096650062829,4590.596650062829,1564,1627,1596
4589.669717745095,4589.294717745095,4590.044717745095,777,916,847
4592.931065927531,4592.806065927531,4593.056065927531,913,854,884
4594.450613757016,4594.325613757016,4594.575613757016,1145,820,983
4592.999486871788,4592.874486871788,4593.124486871788,1152,593,873
4595.906174460392,4595.781174460392,4596.031174460392,618,1099,859
4597.099871535162,4596.974871535162,4597.224871535162,1979,1002,1491
4598.394163345702,4598.269163345702,4598.519163345702,1173,1002,1088
4596.870601791238,4596.745601791238,4596.995601791238,1175,2782,1979
4593.713081881467,4593.588081881467,4593.838081881467,1343,464,904
4594.948696262832,4594.823696262832,4595.073696262832,1031,1840,1436
4591.805010450053,4591.555010450053,4592.055010450053,2908,991,1950
4594.191550413635,4594.066550413635,4594.316550413635,1265,2202,1734
4589.640425644672,4589.515425644672,4589.765425644672,1175,838,1007
4587.195542197272,4586.820542197272,4587.570542197272,1120,483,802
4590.744864895254,4590.619864895254,4590.869864895254,2361,886,1624
4591.813401870101,4591.688401870101,4591.938401870101,1491,1696,1594
4589.369301018671,4589.244301018671,4589.494301018671,958,2739,1849
4591.1232957420925,4590.9982957420925,4591.2482957420925,560,1677,1119
4597.525744605805,4597.400744605805,4597.650744605805,921,698,810
4597.772350904292,4597.647350904292,4597.897350904292,1006,681,844
4600.271927259641,4600.146927259641,4600.396927259641,987,852,920
4595.240609483302,4594.990609483302,4595.490609483302,700,961,831
4593.417725618234,4593.292725618234,4593.542725618234,1011,598,805
4592.915093177315,4592.790093177315,4593.040093177315,669,1742,1206
4595.528693173906,4595.403693173906,4595.653693173906,918,1335,1127
4593.7364601797835,4593.6114601797835,4593.8614601797835,1228,713,971
4597.960541097474,4597.835541097474,4598.085541097474,1190,2429,1810
4595.044743745166,4594.669743745166,4595.419743745166,1179,1164,1172
4597.937689545892,4597.562689545892,4598.312689545892,793,2062,1428
4597.221553648567,4597.096553648567,4597.346553648567,1979,1238,1609
4595.952230663417,4595.702230663417,4596.202230663417,1569,1674,1622
4594.8895708457285,4594.7645708457285,4595.0145708457285,1476,2379,1928
4595.055406271292,4594.930406271292,4595.180406271292,603,1206,905
4594.801737778314,4594.676737778314,4594.926737778314,1007,2792,1900
4599.349426893812,4599.099426893812,4599.599426893812,506,1141,824
4601.817913497485,4601.692913497485,4601.942913497485,1126,1063,1095
4605.374429098338,4605.249429098338,4605.499429098338,1040,875,958
4605.307667773242,4605.182667773242,4605.432667773242,1118,1575,1347
4609.022492341715,4608.897492341715,4609.147492341715,2808,957,1883
4614.669914557006,4614.544914557006,4614.794914557006,2321,1110,1716
4609.973252939716,4609.848252939716,4610.098252939716,2017,1182,1600
4612.240451502079,4611.990451502079,4612.490451502079,1642,1865,1754
4617.9226965728985,4617.7976965728985,4618.0476965728985,1021,1922,1472
4614.543876239538,4614.418876239538,4614.668876239538,1572,2259,1916
4612.726288974791,4612.601288974791,4612.851288974791,2216,1323,1770
4615.32815738675,4615.07815738675,4615.57815738675,1229,418,824
4615.451846301663,4615.326846301663,4615.576846301663,953,2196,1575
4613.233790044226,4612.858790044226,4613.608790044226,725,1262,994
4612.503160863594,4612.378160863594,4612.628160863594,1134,2343,1739
4614.709803076795,4614.334803076795,4615.084803076795,2026,1147,1587
4617.473451573277,4617.348451573277,4617.598451573277,1623,1184,1404
4609.908085925377,4609.783085925377,4610.033085925377,2095,1274,1685
4612.0512760855945,4611.9262760855945,4612.1762760855945,2105,1698,1902
4609.20942938413,4608.83442938413,4609.58442938413,1953,1926,1940
4606.726300992193,4606.601300992193,4606.851300992193,733,2036,1385
4612.212090768882,4612.087090768882,4612.337090768882,1320,881,1101
4605.275070056873,4605.150070056873,4605.400070056873,1139,484,812
4607.128341859428,4606.878341859428,4607.378341859428,2687,1006,1847
4604.945075380867,4604.820075380867,4605.070075380867,1313,634,974
4607.350139492826,4607.225139492826,4607.475139492826,1535,1066,1301
4607.2205040527,4607.0955040527,4607.3455040527,633,1438,1036
4609.32486883548,4609.07486883548,4609.57486883548,2511,942,1727
4605.6966935614055,4605.4466935614055,4605.9466935614055,511,1420,966
4607.851851867003,4607.726851867003,4607.976851867003,2111,1000,1556
4609.99306165422,4609.74306165422,4610.24306165422,1003,1286,1145
4609.1219888466785,4608.8719888466785,4609.3719888466785,1355,994,1175
4608.430835044046,4608.180835044046,4608.680835044046,1015,1294,1155
4613.215536039578,4612.840536039578,4613.590536039578,1210,1141,1176
4616.711319800001,4616.586319800001,4616.836319800001,1032,929,981
4612.796179346645,4612.671179346645,4612.921179346645,1547,770,1159
4611.211272540046,4611.086272540046,4611.336272540046,855,942,899
4608.862720248094,4608.612720248094,4609.112720248094,822,1829,1326
4608.871702319825,4608.746702319825,4608.996702319825,802,1903,1353
4607.555618421001,4607.305618421001,4607.805618421001,1182,1083,1133
4609.013815157207,4608.888815157207,4609.138815157207,903,936,920
4613.872035342913,4613.747035342913,4613.997035342913,1104,1703,1404
4617.344999232996,4617.219999232996,4617.469999232996,1336,531,934
4619.920966161452,4619.795966161452,4620.045966161452,1130,547,839
4618.509463425849,4618.384463425849,4618.634463425849,766,2263,1515
4618.271079668385,4618.146079668385,4618.396079668385,1719,2156,1938
4616.223815431853,4615.973815431853,4616.473815431853,910,2557,1734
4614.830169645601,4614.705169645601,4614.955169645601,1415,2572,1994
4618.769914109653,4618.394914109653,4619.144914109653,2502,1165,1834
4616.324026036431,4616.199026036431,4616.449026036431,1733,1846,1790
4613.552028475688,4613.427028475688,4613.677028475688,1425,1228,1327
4613.484194630132,4613.109194630132,4613.859194630132,1164,663,914
4613.9413422307325,4613.8163422307325,4614.0663422307325,1113,598,856
4610.942811469252,4610.692811469252,4611.192811469252,1754,2155,1955
4621.907313873132,4621.532313873132,4622.282313873132,738,1969,1354
4617.23142582508,4617.10642582508,4617.35642582508,924,875,900
4613.02113635467,4612.89613635467,4613.14613635467,1398,523,961
4616.652778943678,4616.402778943678,4616.902778943678,1834,637,1236
4614.382050379474,4614.257050379474,4614.507050379474,2476,1149,1813
4613.9218595573975,4613.5468595573975,4614.2968595573975,1786,879,1333
4610.128365074635,4609.878365074635,4610.378365074635,1349,2452,1901
4616.1546117508315,4616.0296117508315,4616.2796117508315,887,1578,1233
4619.460080354159,4619.335080354159,4619.585080354159,908,1331,1120
4621.894236019963,4621.769236019963,4622.019236019963,1734,1195,1465
4626.041779792379,4625.916779792379,4626.166779792379,1302,2579,1941
4628.79802210785,4628.67302210785,4628.92302210785,2095,922,1509
4631.509576344904,4631.384576344904,4631.634576344904,1043,884,964
4637.612290806171,4637.362290806171,4637.862290806171,1178,1585,1382
4639.152783175323,4638.902783175323,4639.402783175323,2354,869,1612
4635.68535187085,4635.56035187085,4635.81035187085,1787,1486,1637
4639.618434199314,4639.493434199314,4639.743434199314,839,2236,1538
4639.310072203609,4639.060072203609,4639.560072203609,1511,2362,1937
4636.362155060628,4636.112155060628,4636.612155060628,1963,1590,1777
4634.535335965006,4634.410335965006,4634.660335965006,2105,1010,1558
4632.03598861968,4631.78598861968,4632.28598861968,1176,769,973
4623.474390473018,4623.349390473018,4623.599390473018,2246,1409,1828
4628.026437320307,4627.776437320307,4628.276437320307,854,855,855
4631.547074776852,4631.297074776852,4631.797074776852,1453,2304,1879
4630.674528491979,4630.424528491979,4630.924528491979,2553,1238,1896
4631.360704363,4631.235704363,4631.485704363,904,1831,1368
4631.579791281923,4631.454791281923,4631.704791281923,2247,1232,1740
4624.90062342504,4624.65062342504,4625.15062342504,867,2268,1568
4631.746242001396,4631.621242001396,4631.871242001396,702,941,822
4629.358576396878,4629.108576396878,4629.608576396878,536,1425,981
4627.945264338596,4627.820264338596,4628.070264338596,686,1133,910
4625.37789502233,4625.25289502233,4625.50289502233,1473,764,1119
4624.877700253969,4624.752700253969,4625.002700253969,1279,2026,1653
4625.4684426265385,4625.3434426265385,4625.5934426265385,871,1766,1319
4624.524861601547,4624.399861601547,4624.649861601547,1795,1196,1496
4621.880953995307,4621.630953995307,4622.130953995307,1486,1783,1635
4618.6809046092485,4618.5559046092485,4618.8059046092485,911,2372,1642
4612.995462711794,4612.745462711794,4613.245462711794,898,1031,965
4613.6885942632225,4613.4385942632225,4613.9385942632225,1011,1454,1233
4612.080727975996,4611.955727975996,4612.205727975996,1020,2615,1818
4609.406264181546,4609.156264181546,4609.656264181546,1161,1208,1185
4611.506680761836,4611.381680761836,4611.631680761836,1204,2471,1838
4615.631894887421,4615.381894887421,4615.881894887421,1529,804,1167
4620.1522841134265,4619.9022841134265,4620.4022841134265,851,2520,1686
4625.797826511566,4625.672826511566,4625.922826511566,2212,1009,1611
4622.947528665949,4622.697528665949,4623.197528665949,1614,2317,1966
4622.854492205271,4622.729492205271,4622.979492205271,1258,1011,1135
4624.070910894398,4623.695910894398,4624.445910894398,2342,1305,1824
4627.350300254041,4627.100300254041,4627.600300254041,989,2036,1513
4626.52269268135,4626.39769268135,4626.64769268135,653,1822,1238
4626.272664707128,4626.147664707128,4626.397664707128,1184,1213,1199
4629.905004191985,4629.780004191985,4630.030004191985,1211,2714,1963
4629.600006748236,4629.350006748236,4629.850006748236,650,1275,963
4631.444319078225,4631.069319078225,4631.819319078225,896,2219,1558
4632.043640570714,4631.918640570714,4632.168640570714,907,2330,1619
4637.2558613111905,4637.0058613111905,4637.5058613111905,970,2535,1753
4637.539833253613,4637.289833253613,4637.789833253613,786,2101,1444
4638.04719452121,4637.67219452121,4638.42219452121,1834,1875,1855
4635.915776954684,4635.790776954684,4636.040776954684,1572,1445,1509
4642.4169088827375,4642.2919088827375,4642.5419088827375,537,1426,982
4645.026951473407,4644.901951473407,4645.151951473407,2306,1535,1921
4645.584124946976,4645.459124946976,4645.709124946976,1148,1955,1552
4647.454301988434,4647.079301988434,4647.829301988434,1251,1952,1602
4645.640250767797,4645.390250767797,4645.890250767797,1175,2544,1860
4646.155859626003,4645.905859626003,4646.405859626003,1126,543,835
4651.703717025677,4651.578717025677,4651.828717025677,833,2404,1619
4648.389222427366,4648.264222427366,4648.514222427366,971,1586,1279
4649.021500386603,4648.771500386603,4649.271500386603,1042,819,931
4652.019046721802,4651.894046721802,4652.144046721802,1949,1528,1739
4650.310739343544,4650.185739343544,4650.435739343544,1366,2187,1777
4654.839688677981,4654.714688677981,4654.964688677981,1742,1305,1524
4659.178069865992,4659.053069865992,4659.303069865992,1353,666,1010
4650.891356874041,4650.766356874041,4651.016356874041,717,1460,1089
4651.994806882362,4651.869806882362,4652.119806882362,2227,1270,1749
4647.431942806227,4647.306942806227,4647.556942806227,1500,535,1018
4647.795149981015,4647.670149981015,4647.920149981015,1542,1379,1461
4648.249607372811,4648.124607372811,4648.374607372811,1307,790,1049
4645.505136559364,4645.255136559364,4645.755136559364,1726,917,1322
4644.677982643277,4644.552982643277,4644.802982643277,1481,752,1117
4644.4532265122225,4644.3282265122225,4644.5782265122225,850,883,867
4643.031684423099,4642.781684423099,4643.281684423099,699,1266,983
4642.9741361417,4642.8491361417,4643.0991361417,1269,1800,1535
4640.778779323044,4640.653779323044,4640.903779323044,1200,2183,1692
4640.209619838885,4639.959619838885,4640.459619838885,1253,1932,1593
4639.827888396981,4639.702888396981,4639.952888396981,624,1111,868
4638.362622529835,4638.237622529835,4638.487622529835,1147,658,903
4639.254388122394,4639.129388122394,4639.379388122394,1220,597,909
4638.564805750411,4638.439805750411,4638.689805750411,747,2048,1398
4639.187018939187,4639.062018939187,4639.312018939187,2782,985,1884
4634.004219533554,4633.879219533554,4634.129219533554,1804,707,1256
4634.118040509099,4633.868040509099,4634.368040509099,1003,1276,1140
4635.25856351096,4635.13356351096,4635.38356351096,1375,2228,1802
4641.732211625147,4641.607211625147,4641.857211625147,768,1399,1084
4645.8001162945275,4645.4251162945275,4646.1751162945275,2267,1488,1878
4642.019978684541,4641.894978684541,4642.144978684541,741,1352,1047
4634.96921705684,4634.84421705684,4635.09421705684,1660,1355,1508
4634.824645026269,4634.699645026269,4634.949645026269,1141,846,994
4635.221815900242,4634.846815900242,4635.596815900242,966,2481,1724
4632.312840610096,4632.062840610096,4632.562840610096,2500,1451,1976
4634.996275317942,4634.871275317942,4635.121275317942,1514,1497,1506
4632.772620187619,4632.522620187619,4633.022620187619,933,1508,1221
4636.524682766467,4636.399682766467,4636.649682766467,943,2726,1835
4637.891801478953,4637.516801478953,4638.266801478953,1820,841,1331
4645.557034270518,4645.307034270518,4645.807034270518,1122,1497,1310
4640.411916827209,4640.161916827209,4640.661916827209,797,898,848
4642.313664382958,4642.188664382958,4642.438664382958,2147,1274,1711
4645.102342268428,4644.852342268428,4645.352342268428,1703,1328,1516
4649.162428910994,4648.912428910994,4649.412428910994,805,1624,1215
4645.516076559253,4645.391076559253,4645.641076559253,870,1533,1202
4647.089312383884,4646.964312383884,4647.214312383884,974,1141,1058
4644.4010298974445,4644.2760298974445,4644.5260298974445,1617,2022,1820
4644.401794334065,4644.151794334065,4644.651794334065,917,1162,1040
4647.870796454603,4647.745796454603,4647.995796454603,1349,2364,1857
4648.209694787738,4648.084694787738,4648.334694787738,941,2026,1484
4643.937015089775,4643.812015089775,4644.062015089775,1611,728,1170
4636.726203130265,4636.601203130265,4636.851203130265,1630,2279,1955
4635.021648459138,4634.896648459138,4635.146648459138,1276,489,883
4638.894664780585,4638.644664780585,4639.144664780585,1270,903,1087
4639.1038689028255,4638.9788689028255,4639.2288689028255,2588,1151,1870
4639.0474460928235,4638.7974460928235,4639.2974460928235,786,1215,1001
4642.034228861031,4641.909228861031,4642.159228861031,1301,1748,1525
4642.046373001803,4641.921373001803,4642.171373001803,1295,836,1066
4634.58049282946,4634.45549282946,4634.70549282946,658,1599,1129
4636.412964375642,4636.162964375642,4636.662964375642,1266,1239,1253
4629.965398854082,4629.840398854082,4630.090398854082,906,2425,1666
4624.047964420791,4623.922964420791,4624.172964420791,787,1040,914
4619.192704781774,4618.942704781774,4619.442704781774,1742,1663,1703
4613.035575302111,4612.910575302111,4613.160575302111,1171,1724,1448
4617.089525526711,4616.714525526711,4617.464525526711,1611,824,1218
4616.941342814647,4616.816342814647,4617.066342814647,2658,997,1828
4622.316816828563,4622.066816828563,4622.566816828563,608,1821,1215
4619.178695342321,4618.928695342321,4619.428695342321,904,925,915
4612.679343791335,4612.554343791335,4612.804343791335,2373,1118,1746
4619.7299210290375,4619.6049210290375,4619.8549210290375,1175,832,1004
4616.072247986636,4615.822247986636,4616.322247986636,1513,1190,1352
4622.495931394784,4622.245931394784,4622.745931394784,1897,1332,1615
4615.706905489313,4615.581905489313,4615.831905489313,1240,615,928
4612.747387451259,4612.622387451259,4612.872387451259,2440,1417,1929
4615.558671981991,4615.183671981991,4615.933671981991,1608,657,1133
4613.599740190812,4613.224740190812,4613.974740190812,1952,1673,1813
4607.110925524346,4606.985925524346,4607.235925524346,845,1770,1308
4605.938970731881,4605.563970731881,4606.313970731881,2100,701,1401
4603.209426077665,4603.084426077665,4603.334426077665,666,1737,1202
4607.650835249679,4607.275835249679,4608.025835249679,1108,715,912
4607.95687406782,4607.83187406782,4608.08187406782,1351,1474,1413
4605.915833393144,4605.790833393144,4606.040833393144,960,1463,1212
4616.237963464297,4615.862963464297,4616.612963464297,1581,586,1084
4614.577963005403,4614.452963005403,4614.702963005403,1932,951,1442
4605.578752048868,4605.328752048868,4605.828752048868,576,1485,1031
4602.114168631554,4601.989168631554,4602.239168631554,1228,797,1013
4598.753853394413,4598.628853394413,4598.878853394413,1148,1007,1078
4598.254388090982,4598.129388090982,4598.379388090982,2282,1041,1662
4599.006306138142,4598.881306138142,4599.131306138142,2384,1267,1826
4594.168584636208,4594.043584636208,4594.293584636208,777,2090,1434
4593.025290024395,4592.900290024395,4593.150290024395,876,1205,1041
4593.242970530226,4593.117970530226,4593.367970530226,2830,1077,1954
4595.81867928406,4595.69367928406,4595.94367928406,1144,621,883
4592.845783704736,4592.595783704736,4593.095783704736,1388,1443,1416
4580.028661488751,4579.903661488751,4580.153661488751,726,1061,894
4578.295955373296,4578.045955373296,4578.545955373296,2797,1080,1939
4582.5751202462925,4582.3251202462925,4582.8251202462925,1867,1342,1605
4578.9988012066715,4578.7488012066715,4579.2488012066715,681,1028,855
4580.095577876492,4579.845577876492,4580.345577876492,1354,2377,1866
4580.499062038263,4580.249062038263,4580.749062038263,661,1094,878
4580.605936654321,4580.355936654321,4580.855936654321,1793,678,1236
4580.56553582332,4580.44053582332,4580.69053582332,2134,857,1496
4578.202146214798,4578.077146214798,4578.327146214798,1981,1348,1665
4582.985049936941,4582.860049936941,4583.110049936941,1148,887,1018
4588.692252799834,4588.567252799834,4588.817252799834,1152,797,975
4592.992339854615,4592.742339854615,4593.242339854615,905,2200,1553
4593.372704713752,4593.122704713752,4593.622704713752,1511,2234,1873
4585.856527102607,4585.606527102607,4586.106527102607,720,969,845
4586.197942515406,4586.072942515406,4586.322942515406,727,952,840
4596.352313752355,4596.102313752355,4596.602313752355,858,1259,1059
4596.426014731643,4596.176014731643,4596.676014731643,2015,1316,1666
4602.391703593859,4602.266703593859,4602.516703593859,1439,2336,1888
4606.009954489836,4605.884954489836,4606.134954489836,1401,846,1124
4613.259630129752,4613.134630129752,4613.384630129752,437,1180,809
4624.723180416923,4624.473180416923,4624.973180416923,2120,1755,1938
4625.021768975342,4624.896768975342,4625.146768975342,755,1784,1270
4628.267381789203,4628.142381789203,4628.392381789203,1511,2216,1864
4634.1405539257075,4634.0155539257075,4634.2655539257075,1480,2381,1931
4633.162158969455,4632.787158969455,4633.537158969455,1242,1325,1284
4623.293746708133,4623.168746708133,4623.418746708133,850,2499,1675
4627.542604503263,4627.292604503263,4627.792604503263,1003,866,935
4629.281556797035,4629.156556797035,4629.406556797035,2531,1242,1887
4629.585740930024,4629.335740930024,4629.835740930024,482,1247,865
4623.553393387914,4623.428393387914,4623.678393387914,2139,1858,1999
4621.761443834222,4621.636443834222,4621.886443834222,1835,688,1262
4627.56003483342,4627.43503483342,4627.68503483342,1022,1553,1288
4625.879480781437,4625.504480781437,4626.254480781437,741,1158,950
4627.090920953634,4626.965920953634,4627.215920953634,1563,866,1215
4626.851810682278,4626.601810682278,4627.101810682278,2820,1091,1956
4630.507129223088,4630.132129223088,4630.882129223088,2159,1160,1660
4635.223864936315,4634.973864936315,4635.473864936315,1373,2444,1909
4640.396690025249,4640.271690025249,4640.521690025249,1167,2182,1675
4638.688675724975,4638.313675724975,4639.063675724975,1037,2874,1956
4638.120102402388,4637.995102402388,4638.245102402388,1005,798,902
4628.780451113396,4628.655451113396,4628.905451113396,1527,1436,1482
4627.580153834128,4627.455153834128,4627.705153834128,2191,742,1467
4627.363762555848,4627.238762555848,4627.488762555848,510,1451,981
4616.97594201223,4616.85094201223,4617.10094201223,1887,1404,1646
4617.1170507811285,4616.8670507811285,4617.3670507811285,1325,600,963
4619.606314466531,4619.231314466531,4619.981314466531,1103,2776,1940
4618.853875428044,4618.728875428044,4618.978875428044,1599,534,1067
4625.933733409418,4625.808733409418,4626.058733409418,1073,1208,1141
4628.926820799455,4628.801820799455,4629.051820799455,2316,1639,1978
4632.634074892732,4632.259074892732,4633.009074892732,1443,572,1008
4633.0502725232145,4632.9252725232145,4633.1752725232145,813,1254,1034
4631.229779822312,4630.854779822312,4631.604779822312,2606,1203,1905
4627.843803752519,4627.468803752519,4628.218803752519,2090,1841,1966
4631.202287129778,4631.077287129778,4631.327287129778,2529,946,1738
4618.902450230103,4618.652450230103,4619.152450230103,1255,1874,1565
4624.723788624547,4624.473788624547,4624.973788624547,878,2619,1749
4626.290131501606,4626.165131501606,4626.415131501606,1712,1079,1396
4627.905494504097,4627.655494504097,4628.155494504097,977,924,951
4626.758392399241,4626.508392399241,4627.008392399241,1844,1265,1555
4627.108887047414,4626.983887047414,4627.233887047414,1651,1086,1369
4618.229447018359,4618.104447018359,4618.354447018359,1827,900,1364
4615.055098829034,4614.680098829034,4615.430098829034,513,1322,918
4618.955057508394,4618.705057508394,4619.205057508394,1237,506,872
4616.033097791615,4615.783097791615,4616.283097791615,1726,647,1187
4614.753840667244,4614.628840667244,4614.878840667244,1654,661,1158
4614.652113380316,4614.527113380316,4614.777113380316,1538,839,1189
4624.280942598459,4624.155942598459,4624.405942598459,1332,2293,1813
4623.5858833707425,4623.4608833707425,4623.7108833707425,827,1988,1408
4622.936443847387,4622.811443847387,4623.061443847387,1053,1980,1517
4622.024088635949,4621.774088635949,4622.274088635949,1624,1899,1762
4629.915406108991,4629.790406108991,4630.040406108991,500,1181,841
4623.6589274820935,4623.5339274820935,4623.7839274820935,2624,1053,1839
4626.2037461056925,4626.0787461056925,4626.3287461056925,469,1138,804
4626.087862814185,4625.962862814185,4626.212862814185,1308,683,996
4630.531096909723,4630.406096909723,4630.656096909723,1194,1979,1587
4625.854658997333,4625.729658997333,4625.979658997333,1141,708,925
4631.434848623339,4631.309848623339,4631.559848623339,1381,2186,1784
4628.94835490547,4628.82335490547,4629.07335490547,1650,1503,1577
4629.361815349884,4628.986815349884,4629.736815349884,1044,963,1004
4630.644325123773,4630.394325123773,4630.894325123773,1667,2016,1842
4625.69397344492,4625.56897344492,4625.81897344492,797,1808,1303
4624.739352896458,4624.614352896458,4624.864352896458,1234,1177,1206
4625.025451124161,4624.775451124161,4625.275451124161,532,1367,950
4626.8353868685,4626.7103868685,4626.9603868685,860,1391,1126
4624.291498657683,4624.166498657683,4624.416498657683,1781,1728,1755
4624.215907594129,4624.090907594129,4624.340907594129,1243,2036,1640
4633.329605303954,4633.204605303954,4633.454605303954,1476,2141,1809
4628.509142811313,4628.134142811313,4628.884142811313,1761,1506,1634
4625.57557109223,4625.32557109223,4625.82557109223,1167,578,873
4625.856174038724,4625.606174038724,4626.106174038724,1729,2088,1909
4621.621537132365,4621.371537132365,4621.871537132365,863,836,850
4624.941119963432,4624.816119963432,4625.066119963432,1888,1239,1564
4629.045697046671,4628.795697046671,4629.295697046671,745,2082,1414
4621.074580963641,4620.699580963641,4621.449580963641,1113,1120,1117
4621.806168004144,4621.681168004144,4621.931168004144,1563,2324,1944
4617.353709327542,4617.103709327542,4617.603709327542,1115,604,860
4621.347708438007,4621.222708438007,4621.472708438007,873,1830,1352
4614.986213684636,4614.736213684636,4615.236213684636,1929,1330,1630
4619.423068149542,4619.298068149542,4619.548068149542,967,1924,1446
4625.190204537697,4625.065204537697,4625.315204537697,1221,2710,1966
4629.922389749116,4629.672389749116,4630.172389749116,2141,1308,1725
4625.937518821102,4625.812518821102,4626.062518821102,2381,1612,1997
4630.50356473828,4630.37856473828,4630.62856473828,1720,2179,1950
4645.7619131786805,4645.6369131786805,4645.8869131786805,1700,1745,1723
4648.910487330175,4648.785487330175,4649.035487330175,1015,1346,1181
4633.688670866627,4633.438670866627,4633.938670866627,901,1886,1394
4630.478172744405,4630.353172744405,4630.603172744405,1908,1805,1857
4631.217036240874,4631.092036240874,4631.342036240874,1674,777,1226
4634.771734281113,4634.521734281113,4635.021734281113,1788,1517,1653
4627.542682246225,4627.417682246225,4627.667682246225,1359,2474,1917
4619.48746625945,4619.36246625945,4619.61246625945,1733,1108,1421
4620.407655076942,4620.282655076942,4620.532655076942,1151,2280,1716
4621.0193012926475,4620.7693012926475,4621.2693012926475,1449,486,968
4629.559941924471,4629.309941924471,4629.809941924471,1511,1844,1678
4629.6709416598205,4629.4209416598205,4629.9209416598205,666,1663,1165
4628.15243616105,4628.02743616105,4628.27743616105,1465,2290,1878
4632.5789073583255,4632.2039073583255,4632.9539073583255,873,1010,942
4635.391693608617,4635.266693608617,4635.516693608617,1391,564,978
4637.70530995108,4637.45530995108,4637.95530995108,1817,830,1324
4626.914791773205,4626.789791773205,4627.039791773205,1491,574,1033
4618.822528064305,4618.447528064305,4619.197528064305,1816,1099,1458
4621.777026374954,4621.402026374954,4622.152026374954,2141,1060,1601
4619.598112942969,4619.223112942969,4619.973112942969,2118,743,1431
4622.025822477206,4621.650822477206,4622.400822477206,1058,1285,1172
4617.769579354776,4617.644579354776,4617.894579354776,1012,707,860
4618.197719179889,4618.072719179889,4618.322719179889,2513,1104,1809
4617.461186140219,4617.336186140219,4617.586186140219,1656,1849,1753
4619.5357196359455,4619.2857196359455,4619.7857196359455,1457,830,1144
4617.327538368588,4617.077538368588,4617.577538368588,1647,1296,1472
4614.016821903823,4613.766821903823,4614.266821903823,883,1328,1106
4620.080962697437,4619.955962697437,4620.205962697437,1540,1533,1537
4615.2807695981255,4615.0307695981255,4615.5307695981255,1219,2434,1827
4625.959901157178,4625.834901157178,4626.084901157178,1644,1509,1577
4630.913107440758,4630.663107440758,4631.163107440758,1140,773,957
4629.07913094135,4628.82913094135,4629.32913094135,545,1376,961
4625.329076827003,4625.079076827003,4625.579076827003,728,1337,1033
4626.442891406082,4626.317891406082,4626.567891406082,1331,2552,1942
4622.166699603407,4622.041699603407,4622.291699603407,2606,1361,1984
4620.603467144472,4620.353467144472,4620.853467144472,1761,2212,1987
4625.5381202577455,4625.2881202577455,4625.7881202577455,652,1335,994
4623.322527528533,4623.197527528533,4623.447527528533,1186,1721,1454
4616.189416185198,4615.939416185198,4616.439416185198,1725,1182,1454
4621.65416996994,4621.52916996994,4621.77916996994,1242,2257,1750
4629.952623376306,4629.702623376306,4630.202623376306,1038,1391,1215
4634.728306039151,4634.478306039151,4634.978306039151,2276,953,1615
4630.489667300053,4630.114667300053,4630.864667300053,1047,1158,1103
4626.874812733443,4626.749812733443,4626.999812733443,857,1032,945
4630.787440567247,4630.662440567247,4630.912440567247,2326,1453,1890
4627.379692430709,4627.004692430709,4627.754692430709,1655,2222,1939
4631.783264564797,4631.533264564797,4632.033264564797,1364,949,1157
4628.856343585878,4628.481343585878,4629.231343585878,958,1001,980
4632.626992970896,4632.376992970896,4632.876992970896,1394,1025,1210
4631.892758206962,4631.642758206962,4632.142758206962,1813,1784,1799
4637.144137402916,4636.894137402916,4637.394137402916,947,1102,1025
4638.603767803376,4638.353767803376,4638.853767803376,646,1101,874
4635.630575195455,4635.505575195455,4635.755575195455,1387,982,1185
4636.668743476828,4636.293743476828,4637.043743476828,1653,988,1321
4640.554856713413,4640.429856713413,4640.679856713413,1459,1212,1336
4631.124867451792,4630.999867451792,4631.249867451792,1951,1672,1812
4625.661821909378,4625.411821909378,4625.911821909378,1186,1575,1381
4630.743501525858,4630.618501525858,4630.868501525858,1062,1783,1423
4632.774264662151,4632.524264662151,4633.024264662151,2393,1530,1962
4633.165212464569,4632.915212464569,4633.415212464569,1905,862,1384
4625.559747061981,4625.434747061981,4625.684747061981,936,2281,1609
4625.010985816759,4624.885985816759,4625.135985816759,1843,1006,1425
4615.036734595535,4614.911734595535,4615.161734595535,900,1611,1256
4606.822607684521,4606.697607684521,4606.947607684521,2404,951,1678
4609.742687086778,4609.492687086778,4609.992687086778,1234,1395,1315
4609.574830468769,4609.324830468769,4609.824830468769,1904,1607,1756
4615.7299090714605,4615.3549090714605,4616.1049090714605,2570,1187,1879
4619.368293116292,4619.118293116292,4619.618293116292,1976,1543,1760
4617.414176223683,4617.164176223683,4617.664176223683,942,2635,1789
4604.507426169482,4604.382426169482,4604.632426169482,1562,691,1127
4587.624689350115,4587.374689350115,4587.874689350115,2517,1088,1803
4587.6404201319,4587.5154201319,4587.7654201319,2341,834,1588
4586.442391946043,4586.317391946043,4586.567391946043,923,2502,1713
4582.9860687739065,4582.8610687739065,4583.1110687739065,670,1039,855
4585.638576748188,4585.513576748188,4585.763576748188,2779,1040,1910
4586.379511862085,4586.129511862085,4586.629511862085,954,1885,1420
4594.0969824049525,4593.9719824049525,4594.2219824049525,2058,1109,1584
4591.752636560937,4591.627636560937,4591.877636560937,727,2104,1416
4589.7149290172765,4589.5899290172765,4589.8399290172765,700,1991,1346
4584.681643671333,4584.306643671333,4585.056643671333,1776,1939,1858
4584.008025536366,4583.883025536366,4584.133025536366,671,948,810
4581.968064388554,4581.593064388554,4582.343064388554,1909,2048,1979
4590.074674978624,4589.824674978624,4590.324674978624,1228,1385,1307
4584.682279636724,4584.307279636724,4585.057279636724,1024,2841,1933
4589.285183071478,4589.160183071478,4589.410183071478,1177,2598,1888
4591.3923423341175,4591.2673423341175,4591.5173423341175,2481,1022,1752
4595.346080651803,4595.221080651803,4595.471080651803,1407,1204,1306
4589.616407361185,4589.491407361185,4589.741407361185,1219,610,915
4581.593440133306,4581.343440133306,4581.843440133306,716,2135,1426
4582.45103197258,4582.20103197258,4582.70103197258,1565,986,1276
4576.580427721138,4576.205427721138,4576.955427721138,1864,961,1413
4573.467908519936,4573.342908519936,4573.592908519936,1428,569,999
4573.023259864935,4572.898259864935,4573.148259864935,2494,1185,1840
4564.078334393156,4563.953334393156,4564.203334393156,1117,2390,1754
4562.729892988626,4562.604892988626,4562.854892988626,645,1224,935
4564.370640252878,4564.245640252878,4564.495640252878,1098,1997,1548
4561.498009289757,4561.123009289757,4561.873009289757,1639,862,1251
4563.581861409448,4563.331861409448,4563.831861409448,1431,714,1073
4569.637934909554,4569.387934909554,4569.887934909554,2578,1273,1926
4566.0282788599725,4565.9032788599725,4566.1532788599725,909,2272,1591
4564.58145407811,4564.45645407811,4564.70645407811,695,1970,1333
4558.553480929491,4558.428480929491,4558.678480929491,1475,882,1179
4552.502252032119,4552.252252032119,4552.752252032119,2577,1328,1953
4555.965690024765,4555.840690024765,4556.090690024765,1775,2210,1993
4556.255728112025,4556.130728112025,4556.380728112025,1862,1077,1470
4555.200944988461,4554.950944988461,4555.450944988461,1242,591,917
4564.343221815791,4564.218221815791,4564.468221815791,1705,2270,1988
4564.222140516313,4564.097140516313,4564.347140516313,1579,620,1100
4557.460045079841,4557.335045079841,4557.585045079841,532,1133,833
4561.95133165721,4561.82633165721,4562.07633165721,1151,2774,1963
4557.469592007529,4557.344592007529,4557.594592007529,1241,576,909
4555.4108377927505,4555.2858377927505,4555.5358377927505,873,994,934
4564.382359072429,4564.007359072429,4564.757359072429,998,611,805
4566.460889093008,4566.335889093008,4566.585889093008,1098,645,872
4563.900993233362,4563.775993233362,4564.025993233362,620,1075,848
4566.61263858302,4566.48763858302,4566.73763858302,618,1565,1092
4573.473959420022,4573.348959420022,4573.598959420022,2087,1524,1806
4568.451997411498,4568.326997411498,4568.576997411498,2860,957,1909
4560.686700432308,4560.436700432308,4560.936700432308,933,1786,1360
4556.034344959326,4555.909344959326,4556.159344959326,1754,1475,1615
4557.198062029207,4556.948062029207,4557.448062029207,1579,572,1076
4570.322600948386,4570.197600948386,4570.447600948386,2015,980,1498
4573.697486189927,4573.447486189927,4573.947486189927,1585,2334,1960
4583.647638620708,4583.522638620708,4583.772638620708,2133,1140,1637
4579.261068239364,4579.136068239364,4579.386068239364,925,1398,1162
4583.438041479919,4583.313041479919,4583.563041479919,1730,1337,1534
4576.422251905017,4576.297251905017,4576.547251905017,565,1126,846
4563.383260228119,4563.133260228119,4563.633260228119,840,1913,1377
4560.820880206152,4560.570880206152,4561.070880206152,2341,1378,1860
4567.253716220676,4567.128716220676,4567.378716220676,584,1029,807
4554.78861511954,4554.53861511954,4555.03861511954,807,1770,1289
4549.913385865322,4549.788385865322,4550.038385865322,953,838,896
4555.950839546977,4555.825839546977,4556.075839546977,1934,1863,1899
4562.048273477868,4561.923273477868,4562.173273477868,1372,567,970
4568.035288778323,4567.785288778323,4568.285288778323,1045,566,806
4582.593634817683,4582.468634817683,4582.718634817683,1073,824,949
4578.238270296998,4578.113270296998,4578.363270296998,1892,1727,1810
4572.095499386528,4571.845499386528,4572.345499386528,609,1626,1118
4568.462159151421,4568.212159151421,4568.712159151421,743,1358,1051
4560.522058466734,4560.272058466734,4560.772058466734,1029,2536,1783
4558.610501391477,4558.360501391477,4558.860501391477,2140,1317,1729
4560.849796434322,4560.599796434322,4561.099796434322,1969,852,1411
4559.836514619734,4559.711514619734,4559.961514619734,716,1431,1074
4553.676058516729,4553.551058516729,4553.801058516729,1086,2603,1845
4555.812622200035,4555.687622200035,4555.937622200035,671,1506,1089
4560.889904866487,4560.764904866487,4561.014904866487,2210,835,1523
4560.577842129734,4560.327842129734,4560.827842129734,944,2647,1796
4559.377678420903,4559.252678420903,4559.502678420903,1118,507,813
4554.134267664716,4553.759267664716,4554.509267664716,1124,821,973
4547.049784962861,4546.924784962861,4547.174784962861,1614,671,1143
4547.493732765202,4547.118732765202,4547.868732765202,1510,643,1077
4548.304165591681,4548.179165591681,4548.429165591681,1986,1917,1952
4550.153367715727,4550.028367715727,4550.278367715727,511,1474,993
4541.165161076123,4541.040161076123,4541.290161076123,1537,1938,1738
4536.812419289046,4536.437419289046,4537.187419289046,1704,813,1259
4533.4268420886665,4533.1768420886665,4533.6768420886665,2289,1064,1677
4533.981036825082,4533.856036825082,4534.106036825082,1685,596,1141
4528.933199826384,4528.808199826384,4529.058199826384,826,1047,937
4526.953552704253,4526.828552704253,4527.078552704253,984,2693,1839
4523.0936594006125,4522.9686594006125,4523.2186594006125,861,2370,1616
4525.249719113325,4525.124719113325,4525.374719113325,1163,1648,1406
4522.698076665124,4522.573076665124,4522.823076665124,1955,1488,1722
4533.867048451127,4533.742048451127,4533.992048451127,1231,2332,1782
4526.680493203701,4526.430493203701,4526.930493203701,766,2029,1398
4529.209849655888,4529.084849655888,4529.334849655888,1550,997,1274
4529.582215588842,4529.457215588842,4529.707215588842,1673,924,1299
4526.067507018125,4525.942507018125,4526.192507018125,808,1353,1081
4528.969171584574,4528.719171584574,4529.219171584574,1438,2051,1745
4543.156564555773,4543.031564555773,4543.281564555773,1851,2032,1942
4545.775440600218,4545.650440600218,4545.900440600218,1484,1731,1608
4545.345623694307,4545.095623694307,4545.595623694307,1163,718,941
4543.057568428657,4542.807568428657,4543.307568428657,1434,2123,1779
4537.483856448663,4537.358856448663,4537.608856448663,1240,863,1052
4533.749937734056,4533.624937734056,4533.874937734056,1651,666,1159
4531.900026004575,4531.775026004575,4532.025026004575,1586,1767,1677
4539.392022028792,4539.267022028792,4539.517022028792,2186,1047,1617
4537.395387510658,4537.270387510658,4537.520387510658,1210,921,1066
4522.263039627154,4522.013039627154,4522.513039627154,1909,1504,1707
4523.254702314086,4523.129702314086,4523.379702314086,552,1189,871
4525.268433814572,4525.018433814572,4525.518433814572,2088,1529,1809
4514.536039929125,4514.286039929125,4514.786039929125,856,957,907
4515.419197846155,4515.294197846155,4515.544197846155,1002,2431,1717
4519.730185786121,4519.355185786121,4520.105185786121,995,1252,1124
4519.165723219344,4518.915723219344,4519.415723219344,1655,2140,1898
4514.793825657402,4514.543825657402,4515.043825657402,2187,1546,1867
4514.629872667451,4514.254872667451,4515.004872667451,916,2015,1466
4511.2282855194,4511.1032855194,4511.3532855194,2048,775,1412
4506.439340578946,4506.314340578946,4506.564340578946,2015,1888,1952
4504.725539142632,4504.475539142632,4504.975539142632,1250,1297,1274
4502.302249323756,4502.177249323756,4502.427249323756,2008,1185,1597
4505.646452335334,4505.521452335334,4505.771452335334,1894,1437,1666
4500.898500069062,4500.773500069062,4501.023500069062,1077,1130,1104
4497.863408130525,4497.738408130525,4497.988408130525,2063,1900,1982
4503.10267002811,4502.97767002811,4503.22767002811,2154,753,1454
4505.27051188734,4505.02051188734,4505.52051188734,982,927,955
4500.313406194432,4500.188406194432,4500.438406194432,1577,1890,1734
4498.2454997116765,4498.1204997116765,4498.3704997116765,2228,789,1509
4499.7001097208795,4499.3251097208795,4500.0751097208795,1586,1009,1298
4498.686527111519,4498.436527111519,4498.936527111519,1540,2005,1773
4492.803383733599,4492.678383733599,4492.928383733599,799,1578,1189
4494.399132486676,4494.024132486676,4494.774132486676,1843,806,1325
4489.83025622923,4489.70525622923,4489.95525622923,1446,2519,1983
4482.3189456803775,4482.1939456803775,4482.4439456803775,1756,1063,1410
4479.312718166324,4479.062718166324,4479.562718166324,1175,860,1018
4490.814639933747,4490.689639933747,4490.939639933747,1345,468,907
4491.260283203138,4491.135283203138,4491.385283203138,2582,1319,1951
4485.815356105717,4485.565356105717,4486.065356105717,2194,1589,1892
4490.667991200433,4490.417991200433,4490.917991200433,2702,1219,1961
4503.910397029582,4503.785397029582,4504.035397029582,1149,1636,1393
4502.729627349417,4502.604627349417,4502.854627349417,931,1020,976
4502.053027979981,4501.928027979981,4502.178027979981,2501,884,1693
4504.481303281208,4504.231303281208,4504.731303281208,976,869,923
4495.996742776273,4495.871742776273,4496.121742776273,950,2497,1724
4503.898866505549,4503.773866505549,4504.023866505549,1169,680,925
4499.339082111338,4499.214082111338,4499.464082111338,1440,2125,1783
4501.580481834486,4501.455481834486,4501.705481834486,1858,2023,1941
4500.691617726552,4500.566617726552,4500.816617726552,1149,2610,1880
4504.654931226557,4504.529931226557,4504.779931226557,1224,641,933
4502.394311384095,4502.269311384095,4502.519311384095,1780,1035,1408
4497.890387287738,4497.765387287738,4498.015387287738,951,1832,1392
4493.737682083342,4493.487682083342,4493.987682083342,1304,951,1128
4501.975214513099,4501.850214513099,4502.100214513099,2777,1202,1990
4507.203839942321,4507.078839942321,4507.328839942321,1206,691,949
4514.590070428949,4514.340070428949,4514.840070428949,2367,1552,1960
4519.139951553227,4519.014951553227,4519.264951553227,1095,576,836
4521.967606085912,4521.717606085912,4522.217606085912,1418,1349,1384
4521.647949641085,4521.397949641085,4521.897949641085,987,1550,1269
4531.076047066769,4530.951047066769,4531.201047066769,1347,800,1074
4526.248272414038,4525.873272414038,4526.623272414038,1063,1074,1069
4519.658676154905,4519.533676154905,4519.783676154905,1643,814,1229
4518.723857012279,4518.598857012279,4518.848857012279,1192,1293,1243
4517.151221332143,4517.026221332143,4517.276221332143,2423,1440,1932
4510.661021055981,4510.536021055981,4510.786021055981,577,1236,907
4517.396378146537,4517.271378146537,4517.521378146537,720,1667,1194
4519.133831428036,4519.008831428036,4519.258831428036,1692,1089,1391
4522.480254366503,4522.105254366503,4522.855254366503,942,2453,1698
4508.024976762319,4507.774976762319,4508.274976762319,1603,858,1231
4501.298387141417,4501.173387141417,4501.423387141417,1378,1971,1675
4503.791166724547,4503.541166724547,4504.041166724547,645,1220,933
4500.776351871812,4500.401351871812,4501.151351871812,1479,1780,1630
4509.769784274052,4509.644784274052,4509.894784274052,683,950,817
4510.054581814666,4509.929581814666,4510.179581814666,1071,808,940
4502.633678157266,4502.383678157266,4502.883678157266,1906,931,1419
4501.173197296159,4501.048197296159,4501.298197296159,1359,912,1136
4501.765297226702,4501.640297226702,4501.890297226702,1618,1603,1611
4500.790335729939,4500.540335729939,4501.040335729939,932,1711,1322
4500.424356134348,4500.174356134348,4500.674356134348,2007,804,1406
4499.449051645681,4499.324051645681,4499.574051645681,1836,1233,1535
4499.3261025257825,4499.2011025257825,4499.4511025257825,1631,1078,1355
4499.637650686552,4499.512650686552,4499.762650686552,730,2025,1378
4498.800193556679,4498.425193556679,4499.175193556679,841,2122,1482
4500.802348486382,4500.677348486382,4500.927348486382,2227,1476,1852
4500.119932738091,4499.869932738091,4500.369932738091,1248,1387,1318
4496.531961730316,4496.281961730316,4496.781961730316,806,847,827
4497.442697267833,4497.317697267833,4497.567697267833,1024,2179,1602
4496.339638215911,4496.214638215911,4496.464638215911,1401,474,938
4496.513050697988,4496.263050697988,4496.763050697988,1239,834,1037
4496.428332646556,4496.178332646556,4496.678332646556,2280,911,1596
4498.208703674048,4498.083703674048,4498.333703674048,2674,1097,1886
4495.957838208849,4495.707838208849,4496.207838208849,1244,1333,1289
4496.72491136389,4496.59991136389,4496.84991136389,1466,1651,1559
4497.815627720383,4497.440627720383,4498.190627720383,486,1291,889
4492.1208646168025,4491.9958646168025,4492.2458646168025,1240,915,1078
4491.8987916989845,4491.7737916989845,4492.0237916989845,1051,1222,1137
4490.874674914327,4490.749674914327,4490.999674914327,1198,1991,1595
4489.547119003321,4489.297119003321,4489.797119003321,1122,1733,1428
4488.8788873152425,4488.7538873152425,4489.0038873152425,1150,2311,1731
4492.192203078307,4491.942203078307,4492.442203078307,967,1356,1162
4494.328454920488,4494.078454920488,4494.578454920488,1012,619,816
4497.1862208476205,4496.9362208476205,4497.4362208476205,1686,1717,1702
4499.27089280624,4499.14589280624,4499.39589280624,2038,1765,1902
4499.425677249039,4499.300677249039,4499.550677249039,1055,1378,1217
4500.4853737460335,4500.2353737460335,4500.7353737460335,1876,1185,1531
4502.648007067502,4502.273007067502,4503.023007067502,965,2848,1907
4502.49285528209,4502.24285528209,4502.74285528209,1234,2253,1744
4503.292564301813,4503.167564301813,4503.417564301813,1201,806,1004
4504.465905141101,4504.340905141101,4504.590905141101,2097,1784,1941
4501.7326013492175,4501.4826013492175,4501.9826013492175,1223,1270,1247
4498.9155809941185,4498.7905809941185,4499.0405809941185,1323,838,1081
4496.6212421888895,4496.4962421888895,4496.7462421888895,2152,1321,1737
4497.262137503069,4497.137137503069,4497.387137503069,1533,1058,1296
4494.907773225745,4494.782773225745,4495.032773225745,1549,2264,1907
4498.62381327496,4498.37381327496,4498.87381327496,1009,1330,1170
4502.13301627655,4502.00801627655,4502.25801627655,1195,1454,1325
4500.392024373227,4500.267024373227,4500.517024373227,2500,909,1705
4500.516084064279,4500.391084064279,4500.641084064279,1358,1767,1563
4501.0175955213,4500.8925955213,4501.1425955213,1425,1444,1435
4500.008476451613,4499.758476451613,4500.258476451613,2034,1207,1621
4500.152885143794,4499.902885143794,4500.402885143794,2225,1562,1894
4500.327119061033,4500.077119061033,4500.577119061033,515,1404,960
4503.176993633905,4502.926993633905,4503.426993633905,961,2640,1801
4504.30383030534,4503.92883030534,4504.67883030534,1221,1328,1275
4505.663966825561,4505.413966825561,4505.913966825561,1849,878,1364
4502.94750364473,4502.82250364473,4503.07250364473,967,2740,1854
4501.081340185217,4500.831340185217,4501.331340185217,948,801,875
4504.123085976071,4503.873085976071,4504.373085976071,1960,1269,1615
4503.940480985678,4503.690480985678,4504.190480985678,1116,1265,1191
4506.392933917056,4506.267933917056,4506.517933917056,1125,1422,1274
4503.335318656691,4503.210318656691,4503.460318656691,1267,1286,1277
4504.25019289421,4504.00019289421,4504.50019289421,1056,873,965
4502.78355281016,4502.53355281016,4503.03355281016,2402,1399,1901
4505.124174673641,4504.999174673641,4505.249174673641,1690,1245,1468
4506.91215100617,4506.78715100617,4507.03715100617,956,945,951
4507.287903452141,4507.037903452141,4507.537903452141,1923,1794,1859
4504.326883163125,4504.076883163125,4504.576883163125,1184,749,967
4503.223388320774,4502.973388320774,4503.473388320774,670,1147,909
4503.123296442213,4502.873296442213,4503.373296442213,1081,2264,1673
4504.377974813401,4504.002974813401,4504.752974813401,924,1149,1037
4503.864928457104,4503.739928457104,4503.989928457104,742,2023,1383
4503.849372468387,4503.599372468387,4504.099372468387,1392,815,1104
4504.026512956461,4503.901512956461,4504.151512956461,2045,1438,1742
4503.181004145309,4502.931004145309,4503.431004145309,1228,2181,1705
4505.833146046881,4505.583146046881,4506.083146046881,1125,2286,1706
4502.802701548189,4502.677701548189,4502.927701548189,1283,2670,1977
4501.82847120234,4501.70347120234,4501.95347120234,701,1020,861
4504.426431359704,4504.301431359704,4504.551431359704,916,1677,1297
4504.214750193709,4504.089750193709,4504.339750193709,1790,1239,1515
4500.01365971725,4499.88865971725,4500.13865971725,1384,483,934
4499.573161487952,4499.448161487952,4499.698161487952,945,1862,1404
4498.7643121904075,4498.6393121904075,4498.8893121904075,1750,1621,1686
4501.8103240635955,4501.6853240635955,4501.9353240635955,1668,1331,1500
4505.48353612986,4505.10853612986,4505.85853612986,1026,749,888
4506.5822273498225,4506.4572273498225,4506.7072273498225,976,729,853
4508.642024512338,4508.392024512338,4508.892024512338,2150,1555,1853
4508.80806976312,4508.55806976312,4509.05806976312,1756,1229,1493
4507.809067308237,4507.684067308237,4507.934067308237,2104,1591,1848
4508.484777352899,4508.359777352899,4508.609777352899,1311,2544,1928
4511.2371008063055,4510.9871008063055,4511.4871008063055,1790,2163,1977
4511.700308747841,4511.450308747841,4511.950308747841,1026,1069,1048
4507.100315188002,4506.975315188002,4507.225315188002,691,1984,1338
4505.830814585636,4505.705814585636,4505.955814585636,1985,694,1340
4506.802639246637,4506.677639246637,4506.927639246637,1048,1131,1090
4508.482938909983,4508.357938909983,4508.607938909983,893,2642,1768
4506.28148271947,4506.15648271947,4506.40648271947,1385,1074,1230
4502.734130206741,4502.609130206741,4502.859130206741,1331,1972,1652
4498.463828918109,4498.338828918109,4498.588828918109,1313,624,969
4501.401548221608,4501.276548221608,4501.526548221608,1910,843,1377
4503.246350769338,4503.121350769338,4503.371350769338,868,1719,1294
4504.13672250967,4503.88672250967,4504.38672250967,916,761,839
4503.273919118861,4503.148919118861,4503.398919118861,621,1742,1182
4501.204020019319,4501.079020019319,4501.329020019319,1086,1883,1485
4498.3068174799255,4498.1818174799255,4498.4318174799255,1544,1465,1505
4494.078580783249,4493.703580783249,4494.453580783249,1932,1771,1852
4494.144026167381,4494.019026167381,4494.269026167381,1182,1531,1357
4496.487509478332,4496.362509478332,4496.612509478332,2021,964,1493
4493.521931547488,4493.396931547488,4493.646931547488,1677,2176,1927
4496.1822688166685,4495.9322688166685,4496.4322688166685,963,1398,1181
4499.331129216301,4499.081129216301,4499.581129216301,2369,974,1672
4496.849302425552,4496.724302425552,4496.974302425552,1375,1218,1297
4495.495999097101,4495.370999097101,4495.620999097101,2145,1326,1736
4496.11365503992,4495.98865503992,4496.23865503992,1447,598,1023
4495.787698676745,4495.537698676745,4496.037698676745,647,1604,1126
4496.172302671047,4496.047302671047,4496.297302671047,1027,2298,1663
4496.03536568873,4495.91036568873,4496.16036568873,568,1685,1127
4495.611327981961,4495.486327981961,4495.736327981961,1340,605,973
4498.473265148614,4498.348265148614,4498.598265148614,634,1437,1036
4499.275096078493,4499.150096078493,4499.400096078493,1047,1068,1058
4500.395226318277,4500.270226318277,4500.520226318277,1629,1482,1556
4504.914065803893,4504.664065803893,4505.164065803893,548,1433,991
4505.070345918801,4504.945345918801,4505.195345918801,1157,1138,1148
4505.33544033113,4504.96044033113,4505.71044033113,1532,2163,1848
4502.089108478639,4501.714108478639,4502.464108478639,2339,1434,1887
4501.67541390858,4501.55041390858,4501.80041390858,1178,1861,1520
4495.366667673275,4495.241667673275,4495.491667673275,839,1502,1171
4498.14362760417,4498.01862760417,4498.26862760417,754,1551,1153
4500.096277345304,4499.971277345304,4500.221277345304,1468,1141,1305
4498.989889369278,4498.864889369278,4499.114889369278,1546,661,1104
4501.84125888483,4501.59125888483,4502.09125888483,577,1712,1145
4501.155559553081,4500.905559553081,4501.405559553081,1250,1329,1290
4502.085778097368,4501.960778097368,4502.210778097368,968,2291,1630
4504.045373046334,4503.795373046334,4504.295373046334,978,1891,1435
4504.820902496609,4504.695902496609,4504.945902496609,487,1234,861
4504.701095811837,4504.576095811837,4504.826095811837,1112,1181,1147
4505.23267248008,4505.10767248008,4505.35767248008,1692,1479,1586
4507.867623657199,4507.617623657199,4508.117623657199,773,1620,1197
4506.95111471519,4506.82611471519,4507.07611471519,1640,827,1234
4506.420458729084,4506.170458729084,4506.670458729084,2274,849,1562
4505.312862084326,4505.187862084326,4505.437862084326,1586,1703,1645
4505.162179314219,4504.912179314219,4505.412179314219,1050,1485,1268
4506.910350039575,4506.785350039575,4507.035350039575,1479,1138,1309
4508.996836772095,4508.871836772095,4509.121836772095,909,2160,1535
4506.0259790180135,4505.7759790180135,4506.2759790180135,988,1555,1272
4504.847635228052,4504.722635228052,4504.972635228052,1495,1090,1293
4507.126056713088,4506.876056713088,4507.376056713088,881,2140,1511
4511.720533993024,4511.470533993024,4511.970533993024,2157,744,1451
4512.944526785878,4512.819526785878,4513.069526785878,1673,1232,1453
4510.178328485077,4509.928328485077,4510.428328485077,2214,905,1560
4510.757710543003,4510.632710543003,4510.882710543003,1493,1566,1530
4510.4626457730055,4510.2126457730055,4510.7126457730055,819,1190,1005
4509.308728585945,4509.058728585945,4509.558728585945,1117,2680,1899
4510.091116113552,4509.966116113552,4510.216116113552,592,1745,1169
4510.809984219357,4510.684984219357,4510.934984219357,1712,1447,1580
4508.879101511353,4508.629101511353,4509.129101511353,854,1525,1190
4511.506839064215,4511.381839064215,4511.631839064215,1064,633,849
4509.740367939658,4509.615367939658,4509.865367939658,1397,574,986
4508.276330762153,4508.151330762153,4508.401330762153,1705,1738,1722
4509.428676753066,4509.053676753066,4509.803676753066,913,722,818
4510.1072931794015,4509.8572931794015,4510.3572931794015,854,2039,1447
4511.088416230905,4510.963416230905,4511.213416230905,728,1535,1132
4507.485069993812,4507.360069993812,4507.610069993812,2269,862,1566
4510.80933692435,4510.55933692435,4511.05933692435,1112,863,988
4513.65670535285,4513.40670535285,4513.90670535285,583,1470,1027
4514.434633355963,4514.309633355963,4514.559633355963,1702,1099,1401
4511.948368668179,4511.823368668179,4512.073368668179,1353,858,1106
4514.414409875756,4514.039409875756,4514.789409875756,1324,1863,1594
4517.177640854312,4517.052640854312,4517.302640854312,1469,1550,1510
4516.964064684343,4516.839064684343,4517.089064684343,1119,1324,1222
4514.774716882473,4514.649716882473,4514.899716882473,1684,1021,1353
4516.707457944117,4516.332457944117,4517.082457944117,2299,1068,1684
4512.337563623219,4512.087563623219,4512.587563623219,910,1401,1156
4510.334817997519,4510.084817997519,4510.584817997519,1580,2189,1885
4508.716545473888,4508.591545473888,4508.841545473888,1367,1076,1222
4506.82555784572,4506.57555784572,4507.07555784572,1213,452,833
4505.997872158067,4505.747872158067,4506.247872158067,1896,2031,1964
4509.680265710038,4509.555265710038,4509.805265710038,2615,1002,1809
4510.632685222253,4510.507685222253,4510.757685222253,627,1352,990
4512.874469339237,4512.749469339237,4512.999469339237,1725,1368,1547
4511.548499802579,4511.423499802579,4511.673499802579,863,818,841
4511.414981161656,4511.039981161656,4511.789981161656,1052,893,973
4512.322869023553,4512.197869023553,4512.447869023553,1073,2776,1925
4511.602942688493,4511.477942688493,4511.727942688493,1946,1703,1825
4511.732149966828,4511.607149966828,4511.857149966828,1200,1097,1149
4513.900095148874,4513.775095148874,4514.025095148874,1157,1214,1186
4514.523967260533,4514.273967260533,4514.773967260533,1778,1403,1591
4515.002454037117,4514.752454037117,4515.252454037117,2125,1708,1917
4511.910785422036,4511.660785422036,4512.160785422036,1181,2224,1703
4511.287081463751,4511.162081463751,4511.412081463751,1595,914,1255
4510.300401456258,4510.175401456258,4510.425401456258,1029,1346,1188
4510.123792884585,4509.998792884585,4510.248792884585,1153,1466,1310
4510.337912246297,4510.212912246297,4510.462912246297,899,946,923
4511.078387148815,4510.828387148815,4511.328387148815,1094,1867,1481
4509.693906481784,4509.568906481784,4509.818906481784,1990,1723,1857
4509.901971626926,4509.526971626926,4510.276971626926,2138,917,1528
4506.505621845524,4506.130621845524,4506.880621845524,1770,1217,1494
4503.2296926765885,4503.1046926765885,4503.3546926765885,1157,992,1075
4500.603100843566,4500.478100843566,4500.728100843566,1792,1431,1612
4496.991512373865,4496.866512373865,4497.116512373865,1468,1333,1401
4500.560130650803,4500.310130650803,4500.810130650803,829,1248,1039
4500.631462508112,4500.381462508112,4500.881462508112,1108,1053,1081
4504.812987469772,4504.687987469772,4504.937987469772,942,1205,1074
4507.165638208241,4506.790638208241,4507.540638208241,2540,1095,1818
4505.548652670069,4505.423652670069,4505.673652670069,1770,1185,1478
4503.602553071943,4503.477553071943,4503.727553071943,597,1264,931
